<?xml version="1.0"?>
<gpx version="1.1" creator="Generated by Swisstopo App. See https://www.swisstopo.ch/app for more information." xmlns="http://www.topografix.com/GPX/1/1" xmlns:xsi="http://www.w3.org/2001/XMLSchema-instance" xmlns:swisstopo="https://prod-static.swisstopo-app.ch/xmlschemas/SwisstopoExtensions" xsi:schemaLocation="http://www.topografix.com/GPX/1/1 http://www.topografix.com/GPX/1/1/gpx.xsd https://swisstopo-app.ch/xmlschemas/SwisstopoExtensions https://prod-static.swisstopo-app.ch/xmlschemas/SwisstopoExtensions.xsd">
	<metadata>
		<name>Via Alpina - Stg 2 - Sargans to Weisstannen</name>
		<desc>SM: Weisstannen (13km) + 3.6km on route to B&amp;B</desc>
		<time>2026-07-07T09:30:47Z</time>
		<extensions>
			<swisstopo:tour_type>0</swisstopo:tour_type>
		</extensions>
	</metadata>
	<wpt lat="47.0453169118" lon="9.4448352031">
		<ele>481.6</ele>
		<name>Starting point</name>
		<extensions>
			<swisstopo:waypoint_id>297818473</swisstopo:waypoint_id>
			<swisstopo:waypoint_routepoint_id>414826075</swisstopo:waypoint_routepoint_id>
			<swisstopo:waypoint_meters_into_tour>0.000000</swisstopo:waypoint_meters_into_tour>
			<swisstopo:waypoint_is_controlpoint>1</swisstopo:waypoint_is_controlpoint>
		</extensions>
	</wpt>
	<wpt lat="47.0491015211" lon="9.4323364659">
		<ele>486.0</ele>
		<name>Waypoint</name>
		<extensions>
			<swisstopo:waypoint_id>15554205</swisstopo:waypoint_id>
			<swisstopo:waypoint_routepoint_id>769481147</swisstopo:waypoint_routepoint_id>
			<swisstopo:waypoint_meters_into_tour>1046.647159</swisstopo:waypoint_meters_into_tour>
			<swisstopo:waypoint_is_controlpoint>1</swisstopo:waypoint_is_controlpoint>
		</extensions>
	</wpt>
	<wpt lat="47.0476873464" lon="9.4269969671">
		<ele>490.5</ele>
		<name>Waypoint</name>
		<extensions>
			<swisstopo:waypoint_id>1168437797</swisstopo:waypoint_id>
			<swisstopo:waypoint_routepoint_id>1878877761</swisstopo:waypoint_routepoint_id>
			<swisstopo:waypoint_meters_into_tour>1743.760085</swisstopo:waypoint_meters_into_tour>
			<swisstopo:waypoint_is_controlpoint>1</swisstopo:waypoint_is_controlpoint>
		</extensions>
	</wpt>
	<wpt lat="47.0476987516" lon="9.4231866657">
		<ele>492.8</ele>
		<name>Waypoint</name>
		<extensions>
			<swisstopo:waypoint_id>1623906698</swisstopo:waypoint_id>
			<swisstopo:waypoint_routepoint_id>1480431768</swisstopo:waypoint_routepoint_id>
			<swisstopo:waypoint_meters_into_tour>2054.719535</swisstopo:waypoint_meters_into_tour>
			<swisstopo:waypoint_is_controlpoint>1</swisstopo:waypoint_is_controlpoint>
		</extensions>
	</wpt>
	<wpt lat="47.0464411821" lon="9.4196480091">
		<ele>496.1</ele>
		<name>Waypoint</name>
		<extensions>
			<swisstopo:waypoint_id>1794038742</swisstopo:waypoint_id>
			<swisstopo:waypoint_routepoint_id>1371343451</swisstopo:waypoint_routepoint_id>
			<swisstopo:waypoint_meters_into_tour>2419.586822</swisstopo:waypoint_meters_into_tour>
			<swisstopo:waypoint_is_controlpoint>1</swisstopo:waypoint_is_controlpoint>
		</extensions>
	</wpt>
	<wpt lat="47.0435403352" lon="9.4088437503">
		<ele>643.0</ele>
		<name>Waypoint</name>
		<extensions>
			<swisstopo:waypoint_id>1549646666</swisstopo:waypoint_id>
			<swisstopo:waypoint_routepoint_id>1683887835</swisstopo:waypoint_routepoint_id>
			<swisstopo:waypoint_meters_into_tour>3652.608934</swisstopo:waypoint_meters_into_tour>
			<swisstopo:waypoint_is_controlpoint>1</swisstopo:waypoint_is_controlpoint>
		</extensions>
	</wpt>
	<wpt lat="47.0439430359" lon="9.4049350041">
		<ele>779.4</ele>
		<name>Waypoint</name>
		<extensions>
			<swisstopo:waypoint_id>751575885</swisstopo:waypoint_id>
			<swisstopo:waypoint_routepoint_id>1700983157</swisstopo:waypoint_routepoint_id>
			<swisstopo:waypoint_meters_into_tour>4442.721831</swisstopo:waypoint_meters_into_tour>
			<swisstopo:waypoint_is_controlpoint>1</swisstopo:waypoint_is_controlpoint>
		</extensions>
	</wpt>
	<wpt lat="47.0196190166" lon="9.3716068724">
		<ele>998.2</ele>
		<name>Waypoint</name>
		<extensions>
			<swisstopo:waypoint_id>2013837254</swisstopo:waypoint_id>
			<swisstopo:waypoint_routepoint_id>182750377</swisstopo:waypoint_routepoint_id>
			<swisstopo:waypoint_meters_into_tour>9445.040878</swisstopo:waypoint_meters_into_tour>
			<swisstopo:waypoint_is_controlpoint>1</swisstopo:waypoint_is_controlpoint>
		</extensions>
	</wpt>
	<wpt lat="47.0039609370" lon="9.3598159301">
		<ele>914.3</ele>
		<name>Waypoint</name>
		<extensions>
			<swisstopo:waypoint_id>522222305</swisstopo:waypoint_id>
			<swisstopo:waypoint_routepoint_id>301850479</swisstopo:waypoint_routepoint_id>
			<swisstopo:waypoint_meters_into_tour>11628.208836</swisstopo:waypoint_meters_into_tour>
			<swisstopo:waypoint_is_controlpoint>1</swisstopo:waypoint_is_controlpoint>
		</extensions>
	</wpt>
	<wpt lat="47.0008605302" lon="9.3562506063">
		<ele>930.0</ele>
		<name>Waypoint</name>
		<extensions>
			<swisstopo:waypoint_id>1471306806</swisstopo:waypoint_id>
			<swisstopo:waypoint_routepoint_id>1792699893</swisstopo:waypoint_routepoint_id>
			<swisstopo:waypoint_meters_into_tour>12131.271836</swisstopo:waypoint_meters_into_tour>
			<swisstopo:waypoint_is_controlpoint>1</swisstopo:waypoint_is_controlpoint>
		</extensions>
	</wpt>
	<wpt lat="46.9960422483" lon="9.3517228748">
		<ele>955.4</ele>
		<name>Waypoint</name>
		<extensions>
			<swisstopo:waypoint_id>780252933</swisstopo:waypoint_id>
			<swisstopo:waypoint_routepoint_id>23380839</swisstopo:waypoint_routepoint_id>
			<swisstopo:waypoint_meters_into_tour>12810.922611</swisstopo:waypoint_meters_into_tour>
			<swisstopo:waypoint_is_controlpoint>1</swisstopo:waypoint_is_controlpoint>
		</extensions>
	</wpt>
	<wpt lat="46.9955372116" lon="9.3509211140">
		<ele>968.8</ele>
		<name>Waypoint</name>
		<extensions>
			<swisstopo:waypoint_id>1401752386</swisstopo:waypoint_id>
			<swisstopo:waypoint_routepoint_id>265805927</swisstopo:waypoint_routepoint_id>
			<swisstopo:waypoint_meters_into_tour>12902.726477</swisstopo:waypoint_meters_into_tour>
			<swisstopo:waypoint_is_controlpoint>1</swisstopo:waypoint_is_controlpoint>
		</extensions>
	</wpt>
	<wpt lat="46.9869872633" lon="9.3259346183">
		<ele>1040.6</ele>
		<name>Waypoint</name>
		<extensions>
			<swisstopo:waypoint_id>210787005</swisstopo:waypoint_id>
			<swisstopo:waypoint_routepoint_id>408301981</swisstopo:waypoint_routepoint_id>
			<swisstopo:waypoint_meters_into_tour>15356.528533</swisstopo:waypoint_meters_into_tour>
			<swisstopo:waypoint_is_controlpoint>1</swisstopo:waypoint_is_controlpoint>
		</extensions>
	</wpt>
	<wpt lat="46.9868480129" lon="9.3238703048">
		<ele>1043.6</ele>
		<name>Waypoint</name>
		<extensions>
			<swisstopo:waypoint_id>10364504</swisstopo:waypoint_id>
			<swisstopo:waypoint_routepoint_id>89414701</swisstopo:waypoint_routepoint_id>
			<swisstopo:waypoint_meters_into_tour>15524.205453</swisstopo:waypoint_meters_into_tour>
			<swisstopo:waypoint_is_controlpoint>1</swisstopo:waypoint_is_controlpoint>
		</extensions>
	</wpt>
	<wpt lat="46.9809323951" lon="9.3113706738">
		<ele>1153.0</ele>
		<name>Waypoint</name>
		<extensions>
			<swisstopo:waypoint_id>733253314</swisstopo:waypoint_id>
			<swisstopo:waypoint_routepoint_id>1158561913</swisstopo:waypoint_routepoint_id>
			<swisstopo:waypoint_meters_into_tour>16746.131018</swisstopo:waypoint_meters_into_tour>
			<swisstopo:waypoint_is_controlpoint>1</swisstopo:waypoint_is_controlpoint>
		</extensions>
	</wpt>
	<wpt lat="46.9764993126" lon="9.3048503219">
		<ele>1182.1</ele>
		<name>Waypoint</name>
		<extensions>
			<swisstopo:waypoint_id>1063298670</swisstopo:waypoint_id>
			<swisstopo:waypoint_routepoint_id>1952274459</swisstopo:waypoint_routepoint_id>
			<swisstopo:waypoint_meters_into_tour>17548.990393</swisstopo:waypoint_meters_into_tour>
			<swisstopo:waypoint_is_controlpoint>1</swisstopo:waypoint_is_controlpoint>
		</extensions>
	</wpt>
	<wpt lat="46.9771400301" lon="9.3026211590">
		<ele>1173.2</ele>
		<name>Destination</name>
		<extensions>
			<swisstopo:waypoint_id>1640396827</swisstopo:waypoint_id>
			<swisstopo:waypoint_routepoint_id>2084386384</swisstopo:waypoint_routepoint_id>
			<swisstopo:waypoint_meters_into_tour>17873.750942</swisstopo:waypoint_meters_into_tour>
			<swisstopo:waypoint_is_controlpoint>1</swisstopo:waypoint_is_controlpoint>
			<swisstopo:waypoint_stage_before distance="17873.750942" duration="19961.365070" ascent="1041.450000" descent="349.850000" />
		</extensions>
	</wpt>
	<trk>
		<name>Swisstopo Route</name>
		<trkseg>
			<trkpt lat="47.0453169118" lon="9.4448352031">
				<ele>481.6</ele>
				<extensions>
					<swisstopo:routepoint_id>414826075</swisstopo:routepoint_id>
				</extensions>
			</trkpt>
			<trkpt lat="47.0453091667" lon="9.4448132719">
				<ele>481.6</ele>
				<extensions>
					<swisstopo:routepoint_id>5518928</swisstopo:routepoint_id>
				</extensions>
			</trkpt>
			<trkpt lat="47.0453039646" lon="9.4447618437">
				<ele>481.6</ele>
				<extensions>
					<swisstopo:routepoint_id>172366333</swisstopo:routepoint_id>
				</extensions>
			</trkpt>
			<trkpt lat="47.0453079858" lon="9.4447062727">
				<ele>481.6</ele>
				<extensions>
					<swisstopo:routepoint_id>475070897</swisstopo:routepoint_id>
				</extensions>
			</trkpt>
			<trkpt lat="47.0453244155" lon="9.4446378176">
				<ele>481.6</ele>
				<extensions>
					<swisstopo:routepoint_id>97519194</swisstopo:routepoint_id>
				</extensions>
			</trkpt>
			<trkpt lat="47.0453872447" lon="9.4444418185">
				<ele>481.6</ele>
				<extensions>
					<swisstopo:routepoint_id>844841994</swisstopo:routepoint_id>
				</extensions>
			</trkpt>
			<trkpt lat="47.0454467228" lon="9.4442635568">
				<ele>481.6</ele>
				<extensions>
					<swisstopo:routepoint_id>301978265</swisstopo:routepoint_id>
				</extensions>
			</trkpt>
			<trkpt lat="47.0454982640" lon="9.4441028213">
				<ele>481.4</ele>
				<extensions>
					<swisstopo:routepoint_id>714525527</swisstopo:routepoint_id>
				</extensions>
			</trkpt>
			<trkpt lat="47.0456062516" lon="9.4437636828">
				<ele>481.4</ele>
				<extensions>
					<swisstopo:routepoint_id>1835120763</swisstopo:routepoint_id>
				</extensions>
			</trkpt>
			<trkpt lat="47.0456627581" lon="9.4435808194">
				<ele>481.4</ele>
				<extensions>
					<swisstopo:routepoint_id>1733479995</swisstopo:routepoint_id>
				</extensions>
			</trkpt>
			<trkpt lat="47.0456886256" lon="9.4434948800">
				<ele>481.4</ele>
				<extensions>
					<swisstopo:routepoint_id>1796721666</swisstopo:routepoint_id>
				</extensions>
			</trkpt>
			<trkpt lat="47.0457807259" lon="9.4431632140">
				<ele>481.5</ele>
				<extensions>
					<swisstopo:routepoint_id>965433193</swisstopo:routepoint_id>
				</extensions>
			</trkpt>
			<trkpt lat="47.0458294599" lon="9.4429657501">
				<ele>481.7</ele>
				<extensions>
					<swisstopo:routepoint_id>1284816654</swisstopo:routepoint_id>
				</extensions>
			</trkpt>
			<trkpt lat="47.0458550197" lon="9.4428721369">
				<ele>481.8</ele>
				<extensions>
					<swisstopo:routepoint_id>1757340835</swisstopo:routepoint_id>
				</extensions>
			</trkpt>
			<trkpt lat="47.0458676103" lon="9.4428261262">
				<ele>481.8</ele>
				<extensions>
					<swisstopo:routepoint_id>1681855007</swisstopo:routepoint_id>
				</extensions>
			</trkpt>
			<trkpt lat="47.0459169264" lon="9.4426607895">
				<ele>482.0</ele>
				<extensions>
					<swisstopo:routepoint_id>1887309771</swisstopo:routepoint_id>
				</extensions>
			</trkpt>
			<trkpt lat="47.0459291697" lon="9.4426217694">
				<ele>482.0</ele>
				<extensions>
					<swisstopo:routepoint_id>560397638</swisstopo:routepoint_id>
				</extensions>
			</trkpt>
			<trkpt lat="47.0459523522" lon="9.4425478658">
				<ele>482.1</ele>
				<extensions>
					<swisstopo:routepoint_id>332371355</swisstopo:routepoint_id>
				</extensions>
			</trkpt>
			<trkpt lat="47.0460261471" lon="9.4423126352">
				<ele>482.0</ele>
				<extensions>
					<swisstopo:routepoint_id>1339721450</swisstopo:routepoint_id>
				</extensions>
			</trkpt>
			<trkpt lat="47.0460814666" lon="9.4421440471">
				<ele>481.9</ele>
				<extensions>
					<swisstopo:routepoint_id>352861431</swisstopo:routepoint_id>
				</extensions>
			</trkpt>
			<trkpt lat="47.0461002875" lon="9.4420890282">
				<ele>481.8</ele>
				<extensions>
					<swisstopo:routepoint_id>992051877</swisstopo:routepoint_id>
				</extensions>
			</trkpt>
			<trkpt lat="47.0461249528" lon="9.4420394400">
				<ele>481.8</ele>
				<extensions>
					<swisstopo:routepoint_id>373284452</swisstopo:routepoint_id>
				</extensions>
			</trkpt>
			<trkpt lat="47.0460745612" lon="9.4419260981">
				<ele>482.2</ele>
				<extensions>
					<swisstopo:routepoint_id>1506851189</swisstopo:routepoint_id>
				</extensions>
			</trkpt>
			<trkpt lat="47.0460713768" lon="9.4419033505">
				<ele>482.2</ele>
				<extensions>
					<swisstopo:routepoint_id>935133705</swisstopo:routepoint_id>
				</extensions>
			</trkpt>
			<trkpt lat="47.0460753505" lon="9.4418808569">
				<ele>482.2</ele>
				<extensions>
					<swisstopo:routepoint_id>1035529399</swisstopo:routepoint_id>
				</extensions>
			</trkpt>
			<trkpt lat="47.0462029942" lon="9.4414554848">
				<ele>482.4</ele>
				<extensions>
					<swisstopo:routepoint_id>1275237837</swisstopo:routepoint_id>
				</extensions>
			</trkpt>
			<trkpt lat="47.0464058704" lon="9.4408117403">
				<ele>482.7</ele>
				<extensions>
					<swisstopo:routepoint_id>1547536722</swisstopo:routepoint_id>
				</extensions>
			</trkpt>
			<trkpt lat="47.0465384273" lon="9.4403778452">
				<ele>482.9</ele>
				<extensions>
					<swisstopo:routepoint_id>334091140</swisstopo:routepoint_id>
				</extensions>
			</trkpt>
			<trkpt lat="47.0466972978" lon="9.4398682897">
				<ele>483.1</ele>
				<extensions>
					<swisstopo:routepoint_id>1864230410</swisstopo:routepoint_id>
				</extensions>
			</trkpt>
			<trkpt lat="47.0467277843" lon="9.4397680648">
				<ele>489.5</ele>
				<extensions>
					<swisstopo:routepoint_id>716535077</swisstopo:routepoint_id>
				</extensions>
			</trkpt>
			<trkpt lat="47.0468172481" lon="9.4394739639">
				<ele>483.2</ele>
				<extensions>
					<swisstopo:routepoint_id>546656249</swisstopo:routepoint_id>
				</extensions>
			</trkpt>
			<trkpt lat="47.0470049028" lon="9.4388836360">
				<ele>483.7</ele>
				<extensions>
					<swisstopo:routepoint_id>564534385</swisstopo:routepoint_id>
				</extensions>
			</trkpt>
			<trkpt lat="47.0471319288" lon="9.4384930588">
				<ele>483.9</ele>
				<extensions>
					<swisstopo:routepoint_id>1382539275</swisstopo:routepoint_id>
				</extensions>
			</trkpt>
			<trkpt lat="47.0472451124" lon="9.4381454971">
				<ele>484.1</ele>
				<extensions>
					<swisstopo:routepoint_id>1609385320</swisstopo:routepoint_id>
				</extensions>
			</trkpt>
			<trkpt lat="47.0472597862" lon="9.4381234021">
				<ele>484.2</ele>
				<extensions>
					<swisstopo:routepoint_id>995959834</swisstopo:routepoint_id>
				</extensions>
			</trkpt>
			<trkpt lat="47.0472778174" lon="9.4381136358">
				<ele>484.2</ele>
				<extensions>
					<swisstopo:routepoint_id>1420130256</swisstopo:routepoint_id>
				</extensions>
			</trkpt>
			<trkpt lat="47.0472810006" lon="9.4380667323">
				<ele>484.2</ele>
				<extensions>
					<swisstopo:routepoint_id>1108388962</swisstopo:routepoint_id>
				</extensions>
			</trkpt>
			<trkpt lat="47.0474386522" lon="9.4375588684">
				<ele>484.7</ele>
				<extensions>
					<swisstopo:routepoint_id>2133877866</swisstopo:routepoint_id>
				</extensions>
			</trkpt>
			<trkpt lat="47.0476286318" lon="9.4369703516">
				<ele>484.9</ele>
				<extensions>
					<swisstopo:routepoint_id>525913553</swisstopo:routepoint_id>
				</extensions>
			</trkpt>
			<trkpt lat="47.0479184989" lon="9.4360459555">
				<ele>485.1</ele>
				<extensions>
					<swisstopo:routepoint_id>1808021629</swisstopo:routepoint_id>
				</extensions>
			</trkpt>
			<trkpt lat="47.0480441313" lon="9.4356500869">
				<ele>485.2</ele>
				<extensions>
					<swisstopo:routepoint_id>1992730142</swisstopo:routepoint_id>
				</extensions>
			</trkpt>
			<trkpt lat="47.0481943151" lon="9.4351767637">
				<ele>485.2</ele>
				<extensions>
					<swisstopo:routepoint_id>1254467763</swisstopo:routepoint_id>
				</extensions>
			</trkpt>
			<trkpt lat="47.0484347732" lon="9.4344229230">
				<ele>485.3</ele>
				<extensions>
					<swisstopo:routepoint_id>4163381</swisstopo:routepoint_id>
				</extensions>
			</trkpt>
			<trkpt lat="47.0487444422" lon="9.4334539640">
				<ele>485.6</ele>
				<extensions>
					<swisstopo:routepoint_id>202392947</swisstopo:routepoint_id>
				</extensions>
			</trkpt>
			<trkpt lat="47.0490150167" lon="9.4326106576">
				<ele>485.9</ele>
				<extensions>
					<swisstopo:routepoint_id>523115395</swisstopo:routepoint_id>
				</extensions>
			</trkpt>
			<trkpt lat="47.0491015211" lon="9.4323364659">
				<ele>486.0</ele>
				<extensions>
					<swisstopo:routepoint_id>769481147</swisstopo:routepoint_id>
				</extensions>
			</trkpt>
			<trkpt lat="47.0492316900" lon="9.4319238366">
				<ele>486.2</ele>
				<extensions>
					<swisstopo:routepoint_id>1628005597</swisstopo:routepoint_id>
				</extensions>
			</trkpt>
			<trkpt lat="47.0493485721" lon="9.4315676737">
				<ele>486.4</ele>
				<extensions>
					<swisstopo:routepoint_id>1670731046</swisstopo:routepoint_id>
				</extensions>
			</trkpt>
			<trkpt lat="47.0494796940" lon="9.4311458684">
				<ele>486.6</ele>
				<extensions>
					<swisstopo:routepoint_id>1786496079</swisstopo:routepoint_id>
				</extensions>
			</trkpt>
			<trkpt lat="47.0496206568" lon="9.4307052582">
				<ele>486.8</ele>
				<extensions>
					<swisstopo:routepoint_id>374353906</swisstopo:routepoint_id>
				</extensions>
			</trkpt>
			<trkpt lat="47.0496987747" lon="9.4304565155">
				<ele>487.0</ele>
				<extensions>
					<swisstopo:routepoint_id>1139120073</swisstopo:routepoint_id>
				</extensions>
			</trkpt>
			<trkpt lat="47.0497767479" lon="9.4302155833">
				<ele>487.1</ele>
				<extensions>
					<swisstopo:routepoint_id>604690411</swisstopo:routepoint_id>
				</extensions>
			</trkpt>
			<trkpt lat="47.0497954157" lon="9.4301692491">
				<ele>487.1</ele>
				<extensions>
					<swisstopo:routepoint_id>350262234</swisstopo:routepoint_id>
				</extensions>
			</trkpt>
			<trkpt lat="47.0498173985" lon="9.4301369742">
				<ele>487.0</ele>
				<extensions>
					<swisstopo:routepoint_id>107350302</swisstopo:routepoint_id>
				</extensions>
			</trkpt>
			<trkpt lat="47.0498390189" lon="9.4301256027">
				<ele>487.0</ele>
				<extensions>
					<swisstopo:routepoint_id>889563188</swisstopo:routepoint_id>
				</extensions>
			</trkpt>
			<trkpt lat="47.0498506637" lon="9.4300425796">
				<ele>487.0</ele>
				<extensions>
					<swisstopo:routepoint_id>875299134</swisstopo:routepoint_id>
				</extensions>
			</trkpt>
			<trkpt lat="47.0498590802" lon="9.4300351256">
				<ele>487.0</ele>
				<extensions>
					<swisstopo:routepoint_id>538104893</swisstopo:routepoint_id>
				</extensions>
			</trkpt>
			<trkpt lat="47.0498847100" lon="9.4300261111">
				<ele>485.2</ele>
				<extensions>
					<swisstopo:routepoint_id>1189089125</swisstopo:routepoint_id>
				</extensions>
			</trkpt>
			<trkpt lat="47.0498922340" lon="9.4300415963">
				<ele>484.3</ele>
				<extensions>
					<swisstopo:routepoint_id>125288455</swisstopo:routepoint_id>
				</extensions>
			</trkpt>
			<trkpt lat="47.0498997579" lon="9.4300570688">
				<ele>483.4</ele>
				<extensions>
					<swisstopo:routepoint_id>2103920451</swisstopo:routepoint_id>
				</extensions>
			</trkpt>
			<trkpt lat="47.0499109935" lon="9.4300696900">
				<ele>483.0</ele>
				<extensions>
					<swisstopo:routepoint_id>460364135</swisstopo:routepoint_id>
				</extensions>
			</trkpt>
			<trkpt lat="47.0499555468" lon="9.4300353240">
				<ele>482.8</ele>
				<extensions>
					<swisstopo:routepoint_id>1055433765</swisstopo:routepoint_id>
				</extensions>
			</trkpt>
			<trkpt lat="47.0498964388" lon="9.4299059155">
				<ele>482.4</ele>
				<extensions>
					<swisstopo:routepoint_id>270941915</swisstopo:routepoint_id>
				</extensions>
			</trkpt>
			<trkpt lat="47.0497522191" lon="9.4295757589">
				<ele>482.4</ele>
				<extensions>
					<swisstopo:routepoint_id>1441936330</swisstopo:routepoint_id>
				</extensions>
			</trkpt>
			<trkpt lat="47.0497265136" lon="9.4295140972">
				<ele>482.6</ele>
				<extensions>
					<swisstopo:routepoint_id>2026568250</swisstopo:routepoint_id>
				</extensions>
			</trkpt>
			<trkpt lat="47.0496908244" lon="9.4294363031">
				<ele>483.0</ele>
				<extensions>
					<swisstopo:routepoint_id>1141390522</swisstopo:routepoint_id>
				</extensions>
			</trkpt>
			<trkpt lat="47.0496246626" lon="9.4292879669">
				<ele>483.9</ele>
				<extensions>
					<swisstopo:routepoint_id>332022604</swisstopo:routepoint_id>
				</extensions>
			</trkpt>
			<trkpt lat="47.0495747227" lon="9.4291791232">
				<ele>484.6</ele>
				<extensions>
					<swisstopo:routepoint_id>224900532</swisstopo:routepoint_id>
				</extensions>
			</trkpt>
			<trkpt lat="47.0495278391" lon="9.4290708690">
				<ele>485.3</ele>
				<extensions>
					<swisstopo:routepoint_id>1313521556</swisstopo:routepoint_id>
				</extensions>
			</trkpt>
			<trkpt lat="47.0494982901" lon="9.4290002716">
				<ele>485.7</ele>
				<extensions>
					<swisstopo:routepoint_id>1546900134</swisstopo:routepoint_id>
				</extensions>
			</trkpt>
			<trkpt lat="47.0494717801" lon="9.4289398917">
				<ele>486.1</ele>
				<extensions>
					<swisstopo:routepoint_id>614169888</swisstopo:routepoint_id>
				</extensions>
			</trkpt>
			<trkpt lat="47.0494447396" lon="9.4288548473">
				<ele>486.6</ele>
				<extensions>
					<swisstopo:routepoint_id>1767011693</swisstopo:routepoint_id>
				</extensions>
			</trkpt>
			<trkpt lat="47.0494280810" lon="9.4288653878">
				<ele>486.7</ele>
				<extensions>
					<swisstopo:routepoint_id>1759541669</swisstopo:routepoint_id>
				</extensions>
			</trkpt>
			<trkpt lat="47.0494048889" lon="9.4288680876">
				<ele>486.8</ele>
				<extensions>
					<swisstopo:routepoint_id>2096095751</swisstopo:routepoint_id>
				</extensions>
			</trkpt>
			<trkpt lat="47.0493868350" lon="9.4288567209">
				<ele>486.9</ele>
				<extensions>
					<swisstopo:routepoint_id>22357247</swisstopo:routepoint_id>
				</extensions>
			</trkpt>
			<trkpt lat="47.0493713191" lon="9.4288383391">
				<ele>487.0</ele>
				<extensions>
					<swisstopo:routepoint_id>1516541070</swisstopo:routepoint_id>
				</extensions>
			</trkpt>
			<trkpt lat="47.0493611961" lon="9.4288165451">
				<ele>487.2</ele>
				<extensions>
					<swisstopo:routepoint_id>131313277</swisstopo:routepoint_id>
				</extensions>
			</trkpt>
			<trkpt lat="47.0490192618" lon="9.4291039960">
				<ele>488.3</ele>
				<extensions>
					<swisstopo:routepoint_id>1982408526</swisstopo:routepoint_id>
				</extensions>
			</trkpt>
			<trkpt lat="47.0488773990" lon="9.4292537186">
				<ele>488.3</ele>
				<extensions>
					<swisstopo:routepoint_id>501883185</swisstopo:routepoint_id>
				</extensions>
			</trkpt>
			<trkpt lat="47.0488318490" lon="9.4293052633">
				<ele>488.3</ele>
				<extensions>
					<swisstopo:routepoint_id>376705163</swisstopo:routepoint_id>
				</extensions>
			</trkpt>
			<trkpt lat="47.0487643401" lon="9.4293816397">
				<ele>488.4</ele>
				<extensions>
					<swisstopo:routepoint_id>220686676</swisstopo:routepoint_id>
				</extensions>
			</trkpt>
			<trkpt lat="47.0486962451" lon="9.4294644606">
				<ele>488.4</ele>
				<extensions>
					<swisstopo:routepoint_id>258498251</swisstopo:routepoint_id>
				</extensions>
			</trkpt>
			<trkpt lat="47.0486414759" lon="9.4295338279">
				<ele>488.4</ele>
				<extensions>
					<swisstopo:routepoint_id>869767340</swisstopo:routepoint_id>
				</extensions>
			</trkpt>
			<trkpt lat="47.0485791754" lon="9.4296255415">
				<ele>488.3</ele>
				<extensions>
					<swisstopo:routepoint_id>1070535358</swisstopo:routepoint_id>
				</extensions>
			</trkpt>
			<trkpt lat="47.0485005737" lon="9.4297654501">
				<ele>488.3</ele>
				<extensions>
					<swisstopo:routepoint_id>1440450627</swisstopo:routepoint_id>
				</extensions>
			</trkpt>
			<trkpt lat="47.0484261543" lon="9.4296621139">
				<ele>488.5</ele>
				<extensions>
					<swisstopo:routepoint_id>1311293963</swisstopo:routepoint_id>
				</extensions>
			</trkpt>
			<trkpt lat="47.0483957689" lon="9.4296296426">
				<ele>488.5</ele>
				<extensions>
					<swisstopo:routepoint_id>2114468417</swisstopo:routepoint_id>
				</extensions>
			</trkpt>
			<trkpt lat="47.0483630945" lon="9.4295918539">
				<ele>488.5</ele>
				<extensions>
					<swisstopo:routepoint_id>310742382</swisstopo:routepoint_id>
				</extensions>
			</trkpt>
			<trkpt lat="47.0483255004" lon="9.4295625989">
				<ele>488.4</ele>
				<extensions>
					<swisstopo:routepoint_id>49338932</swisstopo:routepoint_id>
				</extensions>
			</trkpt>
			<trkpt lat="47.0483007763" lon="9.4295477317">
				<ele>488.4</ele>
				<extensions>
					<swisstopo:routepoint_id>1472333159</swisstopo:routepoint_id>
				</extensions>
			</trkpt>
			<trkpt lat="47.0482759045" lon="9.4295398657">
				<ele>488.4</ele>
				<extensions>
					<swisstopo:routepoint_id>326164729</swisstopo:routepoint_id>
				</extensions>
			</trkpt>
			<trkpt lat="47.0482521458" lon="9.4295372219">
				<ele>488.4</ele>
				<extensions>
					<swisstopo:routepoint_id>73105659</swisstopo:routepoint_id>
				</extensions>
			</trkpt>
			<trkpt lat="47.0482665074" lon="9.4294118328">
				<ele>488.5</ele>
				<extensions>
					<swisstopo:routepoint_id>1065632577</swisstopo:routepoint_id>
				</extensions>
			</trkpt>
			<trkpt lat="47.0482750950" lon="9.4293285632">
				<ele>488.5</ele>
				<extensions>
					<swisstopo:routepoint_id>795834699</swisstopo:routepoint_id>
				</extensions>
			</trkpt>
			<trkpt lat="47.0482726975" lon="9.4292605570">
				<ele>488.6</ele>
				<extensions>
					<swisstopo:routepoint_id>1579323717</swisstopo:routepoint_id>
				</extensions>
			</trkpt>
			<trkpt lat="47.0482502960" lon="9.4291796204">
				<ele>488.6</ele>
				<extensions>
					<swisstopo:routepoint_id>274806281</swisstopo:routepoint_id>
				</extensions>
			</trkpt>
			<trkpt lat="47.0482004235" lon="9.4290349403">
				<ele>488.7</ele>
				<extensions>
					<swisstopo:routepoint_id>490920865</swisstopo:routepoint_id>
				</extensions>
			</trkpt>
			<trkpt lat="47.0480677002" lon="9.4286573357">
				<ele>488.9</ele>
				<extensions>
					<swisstopo:routepoint_id>1964030586</swisstopo:routepoint_id>
				</extensions>
			</trkpt>
			<trkpt lat="47.0479668365" lon="9.4283645038">
				<ele>489.2</ele>
				<extensions>
					<swisstopo:routepoint_id>2123451376</swisstopo:routepoint_id>
				</extensions>
			</trkpt>
			<trkpt lat="47.0479111044" lon="9.4282034480">
				<ele>489.3</ele>
				<extensions>
					<swisstopo:routepoint_id>1966427637</swisstopo:routepoint_id>
				</extensions>
			</trkpt>
			<trkpt lat="47.0478636739" lon="9.4280663552">
				<ele>489.4</ele>
				<extensions>
					<swisstopo:routepoint_id>1201440333</swisstopo:routepoint_id>
				</extensions>
			</trkpt>
			<trkpt lat="47.0477993304" lon="9.4278636881">
				<ele>489.7</ele>
				<extensions>
					<swisstopo:routepoint_id>759171880</swisstopo:routepoint_id>
				</extensions>
			</trkpt>
			<trkpt lat="47.0477432298" lon="9.4276665467">
				<ele>490.0</ele>
				<extensions>
					<swisstopo:routepoint_id>1706839158</swisstopo:routepoint_id>
				</extensions>
			</trkpt>
			<trkpt lat="47.0477030764" lon="9.4275100687">
				<ele>490.2</ele>
				<extensions>
					<swisstopo:routepoint_id>2049710955</swisstopo:routepoint_id>
				</extensions>
			</trkpt>
			<trkpt lat="47.0476564038" lon="9.4273185103">
				<ele>490.4</ele>
				<extensions>
					<swisstopo:routepoint_id>1061150349</swisstopo:routepoint_id>
				</extensions>
			</trkpt>
			<trkpt lat="47.0476184757" lon="9.4271466499">
				<ele>490.6</ele>
				<extensions>
					<swisstopo:routepoint_id>1824663987</swisstopo:routepoint_id>
				</extensions>
			</trkpt>
			<trkpt lat="47.0475956676" lon="9.4270332911">
				<ele>490.7</ele>
				<extensions>
					<swisstopo:routepoint_id>2113732323</swisstopo:routepoint_id>
				</extensions>
			</trkpt>
			<trkpt lat="47.0476474174" lon="9.4270143053">
				<ele>490.6</ele>
				<extensions>
					<swisstopo:routepoint_id>51618352</swisstopo:routepoint_id>
				</extensions>
			</trkpt>
			<trkpt lat="47.0476873464" lon="9.4269969671">
				<ele>490.5</ele>
				<extensions>
					<swisstopo:routepoint_id>1878877761</swisstopo:routepoint_id>
				</extensions>
			</trkpt>
			<trkpt lat="47.0476474174" lon="9.4270143053">
				<ele>490.6</ele>
				<extensions>
					<swisstopo:routepoint_id>2011005921</swisstopo:routepoint_id>
				</extensions>
			</trkpt>
			<trkpt lat="47.0475956676" lon="9.4270332911">
				<ele>490.7</ele>
				<extensions>
					<swisstopo:routepoint_id>480291221</swisstopo:routepoint_id>
				</extensions>
			</trkpt>
			<trkpt lat="47.0475765697" lon="9.4269451900">
				<ele>490.7</ele>
				<extensions>
					<swisstopo:routepoint_id>2146106719</swisstopo:routepoint_id>
				</extensions>
			</trkpt>
			<trkpt lat="47.0475491469" lon="9.4268100756">
				<ele>490.9</ele>
				<extensions>
					<swisstopo:routepoint_id>1618885966</swisstopo:routepoint_id>
				</extensions>
			</trkpt>
			<trkpt lat="47.0475213414" lon="9.4266975731">
				<ele>491.0</ele>
				<extensions>
					<swisstopo:routepoint_id>896552874</swisstopo:routepoint_id>
				</extensions>
			</trkpt>
			<trkpt lat="47.0474888042" lon="9.4265822599">
				<ele>491.1</ele>
				<extensions>
					<swisstopo:routepoint_id>779980766</swisstopo:routepoint_id>
				</extensions>
			</trkpt>
			<trkpt lat="47.0474631701" lon="9.4265113102">
				<ele>491.1</ele>
				<extensions>
					<swisstopo:routepoint_id>1730989525</swisstopo:routepoint_id>
				</extensions>
			</trkpt>
			<trkpt lat="47.0474861387" lon="9.4264839570">
				<ele>491.2</ele>
				<extensions>
					<swisstopo:routepoint_id>102193754</swisstopo:routepoint_id>
				</extensions>
			</trkpt>
			<trkpt lat="47.0475114218" lon="9.4264472664">
				<ele>491.2</ele>
				<extensions>
					<swisstopo:routepoint_id>1442948475</swisstopo:routepoint_id>
				</extensions>
			</trkpt>
			<trkpt lat="47.0475167828" lon="9.4263847813">
				<ele>491.3</ele>
				<extensions>
					<swisstopo:routepoint_id>1468327336</swisstopo:routepoint_id>
				</extensions>
			</trkpt>
			<trkpt lat="47.0475125423" lon="9.4263114627">
				<ele>491.3</ele>
				<extensions>
					<swisstopo:routepoint_id>932959269</swisstopo:routepoint_id>
				</extensions>
			</trkpt>
			<trkpt lat="47.0474992684" lon="9.4261838413">
				<ele>491.5</ele>
				<extensions>
					<swisstopo:routepoint_id>421706967</swisstopo:routepoint_id>
				</extensions>
			</trkpt>
			<trkpt lat="47.0474825584" lon="9.4260491121">
				<ele>491.5</ele>
				<extensions>
					<swisstopo:routepoint_id>894948365</swisstopo:routepoint_id>
				</extensions>
			</trkpt>
			<trkpt lat="47.0474706891" lon="9.4259093557">
				<ele>491.7</ele>
				<extensions>
					<swisstopo:routepoint_id>1322505545</swisstopo:routepoint_id>
				</extensions>
			</trkpt>
			<trkpt lat="47.0474612082" lon="9.4257696881">
				<ele>491.7</ele>
				<extensions>
					<swisstopo:routepoint_id>1410950017</swisstopo:routepoint_id>
				</extensions>
			</trkpt>
			<trkpt lat="47.0474582116" lon="9.4256925206">
				<ele>491.8</ele>
				<extensions>
					<swisstopo:routepoint_id>1224406453</swisstopo:routepoint_id>
				</extensions>
			</trkpt>
			<trkpt lat="47.0474562758" lon="9.4256423891">
				<ele>491.8</ele>
				<extensions>
					<swisstopo:routepoint_id>1562994251</swisstopo:routepoint_id>
				</extensions>
			</trkpt>
			<trkpt lat="47.0474642992" lon="9.4255224996">
				<ele>491.9</ele>
				<extensions>
					<swisstopo:routepoint_id>2129688400</swisstopo:routepoint_id>
				</extensions>
			</trkpt>
			<trkpt lat="47.0474707060" lon="9.4254269629">
				<ele>492.0</ele>
				<extensions>
					<swisstopo:routepoint_id>891855659</swisstopo:routepoint_id>
				</extensions>
			</trkpt>
			<trkpt lat="47.0474835875" lon="9.4253020469">
				<ele>491.9</ele>
				<extensions>
					<swisstopo:routepoint_id>1539080882</swisstopo:routepoint_id>
				</extensions>
			</trkpt>
			<trkpt lat="47.0475016022" lon="9.4251546823">
				<ele>492.0</ele>
				<extensions>
					<swisstopo:routepoint_id>536355563</swisstopo:routepoint_id>
				</extensions>
			</trkpt>
			<trkpt lat="47.0475096249" lon="9.4250972839">
				<ele>492.0</ele>
				<extensions>
					<swisstopo:routepoint_id>1163406614</swisstopo:routepoint_id>
				</extensions>
			</trkpt>
			<trkpt lat="47.0475351537" lon="9.4249589910">
				<ele>492.0</ele>
				<extensions>
					<swisstopo:routepoint_id>1127156343</swisstopo:routepoint_id>
				</extensions>
			</trkpt>
			<trkpt lat="47.0475583525" lon="9.4248288906">
				<ele>492.1</ele>
				<extensions>
					<swisstopo:routepoint_id>172944162</swisstopo:routepoint_id>
				</extensions>
			</trkpt>
			<trkpt lat="47.0475924152" lon="9.4246259670">
				<ele>492.2</ele>
				<extensions>
					<swisstopo:routepoint_id>1129780648</swisstopo:routepoint_id>
				</extensions>
			</trkpt>
			<trkpt lat="47.0476093768" lon="9.4245186083">
				<ele>492.2</ele>
				<extensions>
					<swisstopo:routepoint_id>1725899411</swisstopo:routepoint_id>
				</extensions>
			</trkpt>
			<trkpt lat="47.0476251213" lon="9.4244338688">
				<ele>492.2</ele>
				<extensions>
					<swisstopo:routepoint_id>1799021132</swisstopo:routepoint_id>
				</extensions>
			</trkpt>
			<trkpt lat="47.0476385642" lon="9.4243455346">
				<ele>492.2</ele>
				<extensions>
					<swisstopo:routepoint_id>2117308446</swisstopo:routepoint_id>
				</extensions>
			</trkpt>
			<trkpt lat="47.0476417279" lon="9.4242880971">
				<ele>492.2</ele>
				<extensions>
					<swisstopo:routepoint_id>209290655</swisstopo:routepoint_id>
				</extensions>
			</trkpt>
			<trkpt lat="47.0476437546" lon="9.4242516880">
				<ele>492.3</ele>
				<extensions>
					<swisstopo:routepoint_id>1196735951</swisstopo:routepoint_id>
				</extensions>
			</trkpt>
			<trkpt lat="47.0476496458" lon="9.4241178090">
				<ele>492.3</ele>
				<extensions>
					<swisstopo:routepoint_id>1575386602</swisstopo:routepoint_id>
				</extensions>
			</trkpt>
			<trkpt lat="47.0476628483" lon="9.4239040975">
				<ele>492.4</ele>
				<extensions>
					<swisstopo:routepoint_id>1184423235</swisstopo:routepoint_id>
				</extensions>
			</trkpt>
			<trkpt lat="47.0476723734" lon="9.4236972303">
				<ele>492.5</ele>
				<extensions>
					<swisstopo:routepoint_id>2084689720</swisstopo:routepoint_id>
				</extensions>
			</trkpt>
			<trkpt lat="47.0476835141" lon="9.4234660100">
				<ele>492.6</ele>
				<extensions>
					<swisstopo:routepoint_id>1901516561</swisstopo:routepoint_id>
				</extensions>
			</trkpt>
			<trkpt lat="47.0476987516" lon="9.4231866657">
				<ele>492.8</ele>
				<extensions>
					<swisstopo:routepoint_id>1480431768</swisstopo:routepoint_id>
				</extensions>
			</trkpt>
			<trkpt lat="47.0477009566" lon="9.4231462034">
				<ele>492.9</ele>
				<extensions>
					<swisstopo:routepoint_id>1917196708</swisstopo:routepoint_id>
				</extensions>
			</trkpt>
			<trkpt lat="47.0477137926" lon="9.4229551295">
				<ele>493.0</ele>
				<extensions>
					<swisstopo:routepoint_id>1963348809</swisstopo:routepoint_id>
				</extensions>
			</trkpt>
			<trkpt lat="47.0477188830" lon="9.4228664855">
				<ele>493.1</ele>
				<extensions>
					<swisstopo:routepoint_id>1500684911</swisstopo:routepoint_id>
				</extensions>
			</trkpt>
			<trkpt lat="47.0477202663" lon="9.4227864332">
				<ele>493.2</ele>
				<extensions>
					<swisstopo:routepoint_id>2120101705</swisstopo:routepoint_id>
				</extensions>
			</trkpt>
			<trkpt lat="47.0477211681" lon="9.4227342342">
				<ele>493.3</ele>
				<extensions>
					<swisstopo:routepoint_id>608198654</swisstopo:routepoint_id>
				</extensions>
			</trkpt>
			<trkpt lat="47.0477157946" lon="9.4227009319">
				<ele>493.3</ele>
				<extensions>
					<swisstopo:routepoint_id>1825531449</swisstopo:routepoint_id>
				</extensions>
			</trkpt>
			<trkpt lat="47.0477068768" lon="9.4226657759">
				<ele>493.3</ele>
				<extensions>
					<swisstopo:routepoint_id>1973181889</swisstopo:routepoint_id>
				</extensions>
			</trkpt>
			<trkpt lat="47.0476900850" lon="9.4226042057">
				<ele>493.4</ele>
				<extensions>
					<swisstopo:routepoint_id>788094534</swisstopo:routepoint_id>
				</extensions>
			</trkpt>
			<trkpt lat="47.0477371999" lon="9.4225107279">
				<ele>493.4</ele>
				<extensions>
					<swisstopo:routepoint_id>605180618</swisstopo:routepoint_id>
				</extensions>
			</trkpt>
			<trkpt lat="47.0477786608" lon="9.4224530624">
				<ele>493.5</ele>
				<extensions>
					<swisstopo:routepoint_id>401627077</swisstopo:routepoint_id>
				</extensions>
			</trkpt>
			<trkpt lat="47.0478247401" lon="9.4224042581">
				<ele>493.6</ele>
				<extensions>
					<swisstopo:routepoint_id>1679985519</swisstopo:routepoint_id>
				</extensions>
			</trkpt>
			<trkpt lat="47.0476886714" lon="9.4220562976">
				<ele>494.0</ele>
				<extensions>
					<swisstopo:routepoint_id>463149921</swisstopo:routepoint_id>
				</extensions>
			</trkpt>
			<trkpt lat="47.0475856216" lon="9.4217512000">
				<ele>494.3</ele>
				<extensions>
					<swisstopo:routepoint_id>259023770</swisstopo:routepoint_id>
				</extensions>
			</trkpt>
			<trkpt lat="47.0475322941" lon="9.4215994720">
				<ele>494.4</ele>
				<extensions>
					<swisstopo:routepoint_id>1007379074</swisstopo:routepoint_id>
				</extensions>
			</trkpt>
			<trkpt lat="47.0475074973" lon="9.4215419386">
				<ele>494.4</ele>
				<extensions>
					<swisstopo:routepoint_id>633048216</swisstopo:routepoint_id>
				</extensions>
			</trkpt>
			<trkpt lat="47.0474704919" lon="9.4214560953">
				<ele>494.5</ele>
				<extensions>
					<swisstopo:routepoint_id>1597968914</swisstopo:routepoint_id>
				</extensions>
			</trkpt>
			<trkpt lat="47.0474176972" lon="9.4213426972">
				<ele>494.5</ele>
				<extensions>
					<swisstopo:routepoint_id>1115043748</swisstopo:routepoint_id>
				</extensions>
			</trkpt>
			<trkpt lat="47.0473218424" lon="9.4211719650">
				<ele>494.7</ele>
				<extensions>
					<swisstopo:routepoint_id>1653834467</swisstopo:routepoint_id>
				</extensions>
			</trkpt>
			<trkpt lat="47.0472686181" lon="9.4210829257">
				<ele>494.7</ele>
				<extensions>
					<swisstopo:routepoint_id>1580780272</swisstopo:routepoint_id>
				</extensions>
			</trkpt>
			<trkpt lat="47.0472224819" lon="9.4209976197">
				<ele>494.8</ele>
				<extensions>
					<swisstopo:routepoint_id>1990927797</swisstopo:routepoint_id>
				</extensions>
			</trkpt>
			<trkpt lat="47.0472019438" lon="9.4209463635">
				<ele>494.8</ele>
				<extensions>
					<swisstopo:routepoint_id>436847149</swisstopo:routepoint_id>
				</extensions>
			</trkpt>
			<trkpt lat="47.0471966810" lon="9.4209061112">
				<ele>494.8</ele>
				<extensions>
					<swisstopo:routepoint_id>165875565</swisstopo:routepoint_id>
				</extensions>
			</trkpt>
			<trkpt lat="47.0471990718" lon="9.4208734824">
				<ele>494.8</ele>
				<extensions>
					<swisstopo:routepoint_id>764476738</swisstopo:routepoint_id>
				</extensions>
			</trkpt>
			<trkpt lat="47.0471540683" lon="9.4208554271">
				<ele>494.9</ele>
				<extensions>
					<swisstopo:routepoint_id>1811613472</swisstopo:routepoint_id>
				</extensions>
			</trkpt>
			<trkpt lat="47.0470879420" lon="9.4207965588">
				<ele>495.0</ele>
				<extensions>
					<swisstopo:routepoint_id>1013860110</swisstopo:routepoint_id>
				</extensions>
			</trkpt>
			<trkpt lat="47.0469768277" lon="9.4206963162">
				<ele>495.4</ele>
				<extensions>
					<swisstopo:routepoint_id>1776746235</swisstopo:routepoint_id>
				</extensions>
			</trkpt>
			<trkpt lat="47.0468673970" lon="9.4205815198">
				<ele>495.7</ele>
				<extensions>
					<swisstopo:routepoint_id>1634452316</swisstopo:routepoint_id>
				</extensions>
			</trkpt>
			<trkpt lat="47.0468009826" lon="9.4205393406">
				<ele>495.9</ele>
				<extensions>
					<swisstopo:routepoint_id>1059975683</swisstopo:routepoint_id>
				</extensions>
			</trkpt>
			<trkpt lat="47.0466506050" lon="9.4204794530">
				<ele>495.0</ele>
				<extensions>
					<swisstopo:routepoint_id>1037070105</swisstopo:routepoint_id>
				</extensions>
			</trkpt>
			<trkpt lat="47.0466262680" lon="9.4204660192">
				<ele>495.1</ele>
				<extensions>
					<swisstopo:routepoint_id>925650539</swisstopo:routepoint_id>
				</extensions>
			</trkpt>
			<trkpt lat="47.0465897626" lon="9.4204458620">
				<ele>495.2</ele>
				<extensions>
					<swisstopo:routepoint_id>1461269033</swisstopo:routepoint_id>
				</extensions>
			</trkpt>
			<trkpt lat="47.0465154292" lon="9.4203925789">
				<ele>495.4</ele>
				<extensions>
					<swisstopo:routepoint_id>2122527050</swisstopo:routepoint_id>
				</extensions>
			</trkpt>
			<trkpt lat="47.0465036943" lon="9.4203841620">
				<ele>495.4</ele>
				<extensions>
					<swisstopo:routepoint_id>1267508349</swisstopo:routepoint_id>
				</extensions>
			</trkpt>
			<trkpt lat="47.0464276825" lon="9.4203186560">
				<ele>495.6</ele>
				<extensions>
					<swisstopo:routepoint_id>102677270</swisstopo:routepoint_id>
				</extensions>
			</trkpt>
			<trkpt lat="47.0463582818" lon="9.4202468512">
				<ele>495.8</ele>
				<extensions>
					<swisstopo:routepoint_id>1590782060</swisstopo:routepoint_id>
				</extensions>
			</trkpt>
			<trkpt lat="47.0463473354" lon="9.4202355068">
				<ele>495.8</ele>
				<extensions>
					<swisstopo:routepoint_id>1728098984</swisstopo:routepoint_id>
				</extensions>
			</trkpt>
			<trkpt lat="47.0463290679" lon="9.4202166153">
				<ele>495.9</ele>
				<extensions>
					<swisstopo:routepoint_id>954057298</swisstopo:routepoint_id>
				</extensions>
			</trkpt>
			<trkpt lat="47.0462633280" lon="9.4201485714">
				<ele>496.1</ele>
				<extensions>
					<swisstopo:routepoint_id>1378601483</swisstopo:routepoint_id>
				</extensions>
			</trkpt>
			<trkpt lat="47.0462847116" lon="9.4200861783">
				<ele>496.1</ele>
				<extensions>
					<swisstopo:routepoint_id>856928895</swisstopo:routepoint_id>
				</extensions>
			</trkpt>
			<trkpt lat="47.0463153724" lon="9.4200065933">
				<ele>496.2</ele>
				<extensions>
					<swisstopo:routepoint_id>35316381</swisstopo:routepoint_id>
				</extensions>
			</trkpt>
			<trkpt lat="47.0463378346" lon="9.4199524802">
				<ele>496.2</ele>
				<extensions>
					<swisstopo:routepoint_id>1954931583</swisstopo:routepoint_id>
				</extensions>
			</trkpt>
			<trkpt lat="47.0463671054" lon="9.4198755306">
				<ele>496.2</ele>
				<extensions>
					<swisstopo:routepoint_id>636554470</swisstopo:routepoint_id>
				</extensions>
			</trkpt>
			<trkpt lat="47.0464045984" lon="9.4197635840">
				<ele>496.2</ele>
				<extensions>
					<swisstopo:routepoint_id>1374877170</swisstopo:routepoint_id>
				</extensions>
			</trkpt>
			<trkpt lat="47.0464381845" lon="9.4196570337">
				<ele>496.1</ele>
				<extensions>
					<swisstopo:routepoint_id>1458612525</swisstopo:routepoint_id>
				</extensions>
			</trkpt>
			<trkpt lat="47.0464411821" lon="9.4196480091">
				<ele>496.1</ele>
				<extensions>
					<swisstopo:routepoint_id>1371343451</swisstopo:routepoint_id>
				</extensions>
			</trkpt>
			<trkpt lat="47.0464783844" lon="9.4195358668">
				<ele>496.2</ele>
				<extensions>
					<swisstopo:routepoint_id>980996210</swisstopo:routepoint_id>
				</extensions>
			</trkpt>
			<trkpt lat="47.0465355333" lon="9.4193893198">
				<ele>496.3</ele>
				<extensions>
					<swisstopo:routepoint_id>1912567158</swisstopo:routepoint_id>
				</extensions>
			</trkpt>
			<trkpt lat="47.0465806805" lon="9.4192757787">
				<ele>496.4</ele>
				<extensions>
					<swisstopo:routepoint_id>1549491240</swisstopo:routepoint_id>
				</extensions>
			</trkpt>
			<trkpt lat="47.0466112155" lon="9.4191988621">
				<ele>496.4</ele>
				<extensions>
					<swisstopo:routepoint_id>90044504</swisstopo:routepoint_id>
				</extensions>
			</trkpt>
			<trkpt lat="47.0466586207" lon="9.4191021418">
				<ele>496.6</ele>
				<extensions>
					<swisstopo:routepoint_id>2112990249</swisstopo:routepoint_id>
				</extensions>
			</trkpt>
			<trkpt lat="47.0467177274" lon="9.4189694085">
				<ele>496.6</ele>
				<extensions>
					<swisstopo:routepoint_id>19930562</swisstopo:routepoint_id>
				</extensions>
			</trkpt>
			<trkpt lat="47.0468985948" lon="9.4184969053">
				<ele>497.0</ele>
				<extensions>
					<swisstopo:routepoint_id>60693441</swisstopo:routepoint_id>
				</extensions>
			</trkpt>
			<trkpt lat="47.0469259390" lon="9.4184358236">
				<ele>497.1</ele>
				<extensions>
					<swisstopo:routepoint_id>223989976</swisstopo:routepoint_id>
				</extensions>
			</trkpt>
			<trkpt lat="47.0469892343" lon="9.4182191049">
				<ele>497.1</ele>
				<extensions>
					<swisstopo:routepoint_id>1139494446</swisstopo:routepoint_id>
				</extensions>
			</trkpt>
			<trkpt lat="47.0470030171" lon="9.4181719460">
				<ele>497.1</ele>
				<extensions>
					<swisstopo:routepoint_id>84270317</swisstopo:routepoint_id>
				</extensions>
			</trkpt>
			<trkpt lat="47.0470403955" lon="9.4180981479">
				<ele>497.6</ele>
				<extensions>
					<swisstopo:routepoint_id>976064250</swisstopo:routepoint_id>
				</extensions>
			</trkpt>
			<trkpt lat="47.0470815210" lon="9.4180327925">
				<ele>498.2</ele>
				<extensions>
					<swisstopo:routepoint_id>1580484399</swisstopo:routepoint_id>
				</extensions>
			</trkpt>
			<trkpt lat="47.0471261609" lon="9.4179842920">
				<ele>498.9</ele>
				<extensions>
					<swisstopo:routepoint_id>2089824212</swisstopo:routepoint_id>
				</extensions>
			</trkpt>
			<trkpt lat="47.0471804163" lon="9.4179305542">
				<ele>499.7</ele>
				<extensions>
					<swisstopo:routepoint_id>1942787600</swisstopo:routepoint_id>
				</extensions>
			</trkpt>
			<trkpt lat="47.0472248731" lon="9.4178931795">
				<ele>500.3</ele>
				<extensions>
					<swisstopo:routepoint_id>280322153</swisstopo:routepoint_id>
				</extensions>
			</trkpt>
			<trkpt lat="47.0472692073" lon="9.4178613796">
				<ele>500.8</ele>
				<extensions>
					<swisstopo:routepoint_id>212120139</swisstopo:routepoint_id>
				</extensions>
			</trkpt>
			<trkpt lat="47.0473077159" lon="9.4178377333">
				<ele>501.3</ele>
				<extensions>
					<swisstopo:routepoint_id>548287288</swisstopo:routepoint_id>
				</extensions>
			</trkpt>
			<trkpt lat="47.0473445412" lon="9.4178001023">
				<ele>501.9</ele>
				<extensions>
					<swisstopo:routepoint_id>952198276</swisstopo:routepoint_id>
				</extensions>
			</trkpt>
			<trkpt lat="47.0474145035" lon="9.4177190863">
				<ele>502.9</ele>
				<extensions>
					<swisstopo:routepoint_id>964105213</swisstopo:routepoint_id>
				</extensions>
			</trkpt>
			<trkpt lat="47.0474709130" lon="9.4176514922">
				<ele>503.6</ele>
				<extensions>
					<swisstopo:routepoint_id>1717200978</swisstopo:routepoint_id>
				</extensions>
			</trkpt>
			<trkpt lat="47.0475193551" lon="9.4176031313">
				<ele>504.2</ele>
				<extensions>
					<swisstopo:routepoint_id>116886848</swisstopo:routepoint_id>
				</extensions>
			</trkpt>
			<trkpt lat="47.0475715125" lon="9.4175604739">
				<ele>504.7</ele>
				<extensions>
					<swisstopo:routepoint_id>1809275024</swisstopo:routepoint_id>
				</extensions>
			</trkpt>
			<trkpt lat="47.0476408984" lon="9.4175128862">
				<ele>505.5</ele>
				<extensions>
					<swisstopo:routepoint_id>446802648</swisstopo:routepoint_id>
				</extensions>
			</trkpt>
			<trkpt lat="47.0477338829" lon="9.4174537898">
				<ele>506.4</ele>
				<extensions>
					<swisstopo:routepoint_id>1038694673</swisstopo:routepoint_id>
				</extensions>
			</trkpt>
			<trkpt lat="47.0480511781" lon="9.4172298597">
				<ele>509.6</ele>
				<extensions>
					<swisstopo:routepoint_id>1861078004</swisstopo:routepoint_id>
				</extensions>
			</trkpt>
			<trkpt lat="47.0480487866" lon="9.4172090353">
				<ele>509.6</ele>
				<extensions>
					<swisstopo:routepoint_id>93768465</swisstopo:routepoint_id>
				</extensions>
			</trkpt>
			<trkpt lat="47.0480030333" lon="9.4172115114">
				<ele>509.4</ele>
				<extensions>
					<swisstopo:routepoint_id>2077725076</swisstopo:routepoint_id>
				</extensions>
			</trkpt>
			<trkpt lat="47.0479642030" lon="9.4172268031">
				<ele>510.1</ele>
				<extensions>
					<swisstopo:routepoint_id>2100203424</swisstopo:routepoint_id>
				</extensions>
			</trkpt>
			<trkpt lat="47.0479009928" lon="9.4172474684">
				<ele>511.7</ele>
				<extensions>
					<swisstopo:routepoint_id>1014771693</swisstopo:routepoint_id>
				</extensions>
			</trkpt>
			<trkpt lat="47.0478665920" lon="9.4172545545">
				<ele>512.6</ele>
				<extensions>
					<swisstopo:routepoint_id>231074267</swisstopo:routepoint_id>
				</extensions>
			</trkpt>
			<trkpt lat="47.0478410325" lon="9.4172452547">
				<ele>513.2</ele>
				<extensions>
					<swisstopo:routepoint_id>275876020</swisstopo:routepoint_id>
				</extensions>
			</trkpt>
			<trkpt lat="47.0478170842" lon="9.4172255501">
				<ele>513.7</ele>
				<extensions>
					<swisstopo:routepoint_id>1879176407</swisstopo:routepoint_id>
				</extensions>
			</trkpt>
			<trkpt lat="47.0478006800" lon="9.4171831508">
				<ele>514.6</ele>
				<extensions>
					<swisstopo:routepoint_id>1275160260</swisstopo:routepoint_id>
				</extensions>
			</trkpt>
			<trkpt lat="47.0477903346" lon="9.4171200719">
				<ele>515.7</ele>
				<extensions>
					<swisstopo:routepoint_id>2027324966</swisstopo:routepoint_id>
				</extensions>
			</trkpt>
			<trkpt lat="47.0477841755" lon="9.4170634212">
				<ele>516.9</ele>
				<extensions>
					<swisstopo:routepoint_id>831668406</swisstopo:routepoint_id>
				</extensions>
			</trkpt>
			<trkpt lat="47.0477707604" lon="9.4170127634">
				<ele>517.9</ele>
				<extensions>
					<swisstopo:routepoint_id>413906777</swisstopo:routepoint_id>
				</extensions>
			</trkpt>
			<trkpt lat="47.0477429674" lon="9.4169678482">
				<ele>519.0</ele>
				<extensions>
					<swisstopo:routepoint_id>1147938775</swisstopo:routepoint_id>
				</extensions>
			</trkpt>
			<trkpt lat="47.0476894792" lon="9.4169219977">
				<ele>521.0</ele>
				<extensions>
					<swisstopo:routepoint_id>1023659156</swisstopo:routepoint_id>
				</extensions>
			</trkpt>
			<trkpt lat="47.0476147168" lon="9.4168669930">
				<ele>523.5</ele>
				<extensions>
					<swisstopo:routepoint_id>397818781</swisstopo:routepoint_id>
				</extensions>
			</trkpt>
			<trkpt lat="47.0475480215" lon="9.4168415455">
				<ele>525.4</ele>
				<extensions>
					<swisstopo:routepoint_id>318945499</swisstopo:routepoint_id>
				</extensions>
			</trkpt>
			<trkpt lat="47.0473436416" lon="9.4167650448">
				<ele>530.8</ele>
				<extensions>
					<swisstopo:routepoint_id>1781049176</swisstopo:routepoint_id>
				</extensions>
			</trkpt>
			<trkpt lat="47.0472898659" lon="9.4167358835">
				<ele>532.2</ele>
				<extensions>
					<swisstopo:routepoint_id>1139970409</swisstopo:routepoint_id>
				</extensions>
			</trkpt>
			<trkpt lat="47.0472363056" lon="9.4166942090">
				<ele>533.5</ele>
				<extensions>
					<swisstopo:routepoint_id>239259199</swisstopo:routepoint_id>
				</extensions>
			</trkpt>
			<trkpt lat="47.0471889485" lon="9.4166234915">
				<ele>535.0</ele>
				<extensions>
					<swisstopo:routepoint_id>1406413504</swisstopo:routepoint_id>
				</extensions>
			</trkpt>
			<trkpt lat="47.0471267223" lon="9.4164416297">
				<ele>538.4</ele>
				<extensions>
					<swisstopo:routepoint_id>417901942</swisstopo:routepoint_id>
				</extensions>
			</trkpt>
			<trkpt lat="47.0471128952" lon="9.4163949812">
				<ele>539.3</ele>
				<extensions>
					<swisstopo:routepoint_id>1987919824</swisstopo:routepoint_id>
				</extensions>
			</trkpt>
			<trkpt lat="47.0470539290" lon="9.4161692104">
				<ele>543.7</ele>
				<extensions>
					<swisstopo:routepoint_id>1811941812</swisstopo:routepoint_id>
				</extensions>
			</trkpt>
			<trkpt lat="47.0470242974" lon="9.4160657105">
				<ele>545.9</ele>
				<extensions>
					<swisstopo:routepoint_id>1217147241</swisstopo:routepoint_id>
				</extensions>
			</trkpt>
			<trkpt lat="47.0469969984" lon="9.4159915688">
				<ele>547.4</ele>
				<extensions>
					<swisstopo:routepoint_id>633060697</swisstopo:routepoint_id>
				</extensions>
			</trkpt>
			<trkpt lat="47.0469735621" lon="9.4159426376">
				<ele>548.3</ele>
				<extensions>
					<swisstopo:routepoint_id>103406160</swisstopo:routepoint_id>
				</extensions>
			</trkpt>
			<trkpt lat="47.0469469261" lon="9.4157473067">
				<ele>551.2</ele>
				<extensions>
					<swisstopo:routepoint_id>1362579224</swisstopo:routepoint_id>
				</extensions>
			</trkpt>
			<trkpt lat="47.0469364072" lon="9.4156110754">
				<ele>553.4</ele>
				<extensions>
					<swisstopo:routepoint_id>1420535389</swisstopo:routepoint_id>
				</extensions>
			</trkpt>
			<trkpt lat="47.0469353955" lon="9.4155044666">
				<ele>555.1</ele>
				<extensions>
					<swisstopo:routepoint_id>1019714407</swisstopo:routepoint_id>
				</extensions>
			</trkpt>
			<trkpt lat="47.0469420451" lon="9.4153667731">
				<ele>557.2</ele>
				<extensions>
					<swisstopo:routepoint_id>1109387323</swisstopo:routepoint_id>
				</extensions>
			</trkpt>
			<trkpt lat="47.0469723500" lon="9.4151004079">
				<ele>560.8</ele>
				<extensions>
					<swisstopo:routepoint_id>670619597</swisstopo:routepoint_id>
				</extensions>
			</trkpt>
			<trkpt lat="47.0469920469" lon="9.4150342604">
				<ele>561.2</ele>
				<extensions>
					<swisstopo:routepoint_id>1497669212</swisstopo:routepoint_id>
				</extensions>
			</trkpt>
			<trkpt lat="47.0469914484" lon="9.4149664129">
				<ele>561.7</ele>
				<extensions>
					<swisstopo:routepoint_id>492399129</swisstopo:routepoint_id>
				</extensions>
			</trkpt>
			<trkpt lat="47.0470010046" lon="9.4148267568">
				<ele>562.8</ele>
				<extensions>
					<swisstopo:routepoint_id>2100364645</swisstopo:routepoint_id>
				</extensions>
			</trkpt>
			<trkpt lat="47.0470151663" lon="9.4147140867">
				<ele>563.7</ele>
				<extensions>
					<swisstopo:routepoint_id>2036573733</swisstopo:routepoint_id>
				</extensions>
			</trkpt>
			<trkpt lat="47.0470371751" lon="9.4143659758">
				<ele>566.5</ele>
				<extensions>
					<swisstopo:routepoint_id>1039683675</swisstopo:routepoint_id>
				</extensions>
			</trkpt>
			<trkpt lat="47.0470412393" lon="9.4143141254">
				<ele>567.0</ele>
				<extensions>
					<swisstopo:routepoint_id>760951080</swisstopo:routepoint_id>
				</extensions>
			</trkpt>
			<trkpt lat="47.0470652734" lon="9.4139973660">
				<ele>569.5</ele>
				<extensions>
					<swisstopo:routepoint_id>1314703409</swisstopo:routepoint_id>
				</extensions>
			</trkpt>
			<trkpt lat="47.0470630717" lon="9.4138760709">
				<ele>570.4</ele>
				<extensions>
					<swisstopo:routepoint_id>366148352</swisstopo:routepoint_id>
				</extensions>
			</trkpt>
			<trkpt lat="47.0470532363" lon="9.4137837664">
				<ele>571.3</ele>
				<extensions>
					<swisstopo:routepoint_id>577428735</swisstopo:routepoint_id>
				</extensions>
			</trkpt>
			<trkpt lat="47.0470387113" lon="9.4137142745">
				<ele>571.9</ele>
				<extensions>
					<swisstopo:routepoint_id>1914715290</swisstopo:routepoint_id>
				</extensions>
			</trkpt>
			<trkpt lat="47.0470268683" lon="9.4136794112">
				<ele>572.2</ele>
				<extensions>
					<swisstopo:routepoint_id>1540547246</swisstopo:routepoint_id>
				</extensions>
			</trkpt>
			<trkpt lat="47.0470046963" lon="9.4136141370">
				<ele>572.9</ele>
				<extensions>
					<swisstopo:routepoint_id>1836319869</swisstopo:routepoint_id>
				</extensions>
			</trkpt>
			<trkpt lat="47.0469441419" lon="9.4135350816">
				<ele>573.8</ele>
				<extensions>
					<swisstopo:routepoint_id>1311445290</swisstopo:routepoint_id>
				</extensions>
			</trkpt>
			<trkpt lat="47.0468250611" lon="9.4133990418">
				<ele>575.6</ele>
				<extensions>
					<swisstopo:routepoint_id>2011483252</swisstopo:routepoint_id>
				</extensions>
			</trkpt>
			<trkpt lat="47.0467651508" lon="9.4133111406">
				<ele>576.5</ele>
				<extensions>
					<swisstopo:routepoint_id>44584744</swisstopo:routepoint_id>
				</extensions>
			</trkpt>
			<trkpt lat="47.0467136941" lon="9.4132298500">
				<ele>577.3</ele>
				<extensions>
					<swisstopo:routepoint_id>426509490</swisstopo:routepoint_id>
				</extensions>
			</trkpt>
			<trkpt lat="47.0466195589" lon="9.4130550075">
				<ele>578.7</ele>
				<extensions>
					<swisstopo:routepoint_id>1136695486</swisstopo:routepoint_id>
				</extensions>
			</trkpt>
			<trkpt lat="47.0465274737" lon="9.4128447346">
				<ele>580.1</ele>
				<extensions>
					<swisstopo:routepoint_id>1812657804</swisstopo:routepoint_id>
				</extensions>
			</trkpt>
			<trkpt lat="47.0464630396" lon="9.4126877121">
				<ele>581.2</ele>
				<extensions>
					<swisstopo:routepoint_id>1745233790</swisstopo:routepoint_id>
				</extensions>
			</trkpt>
			<trkpt lat="47.0464259245" lon="9.4126027599">
				<ele>581.9</ele>
				<extensions>
					<swisstopo:routepoint_id>1077103879</swisstopo:routepoint_id>
				</extensions>
			</trkpt>
			<trkpt lat="47.0464046363" lon="9.4125243686">
				<ele>582.3</ele>
				<extensions>
					<swisstopo:routepoint_id>1461789137</swisstopo:routepoint_id>
				</extensions>
			</trkpt>
			<trkpt lat="47.0463679141" lon="9.4122969305">
				<ele>583.3</ele>
				<extensions>
					<swisstopo:routepoint_id>1108646987</swisstopo:routepoint_id>
				</extensions>
			</trkpt>
			<trkpt lat="47.0463335312" lon="9.4121368376">
				<ele>584.1</ele>
				<extensions>
					<swisstopo:routepoint_id>1197683874</swisstopo:routepoint_id>
				</extensions>
			</trkpt>
			<trkpt lat="47.0462764644" lon="9.4119652270">
				<ele>585.2</ele>
				<extensions>
					<swisstopo:routepoint_id>1951423094</swisstopo:routepoint_id>
				</extensions>
			</trkpt>
			<trkpt lat="47.0462007251" lon="9.4118017739">
				<ele>586.2</ele>
				<extensions>
					<swisstopo:routepoint_id>765094069</swisstopo:routepoint_id>
				</extensions>
			</trkpt>
			<trkpt lat="47.0461229755" lon="9.4116714393">
				<ele>587.0</ele>
				<extensions>
					<swisstopo:routepoint_id>1581621805</swisstopo:routepoint_id>
				</extensions>
			</trkpt>
			<trkpt lat="47.0460459490" lon="9.4115808414">
				<ele>587.6</ele>
				<extensions>
					<swisstopo:routepoint_id>825508775</swisstopo:routepoint_id>
				</extensions>
			</trkpt>
			<trkpt lat="47.0459754784" lon="9.4115260038">
				<ele>588.2</ele>
				<extensions>
					<swisstopo:routepoint_id>1841643798</swisstopo:routepoint_id>
				</extensions>
			</trkpt>
			<trkpt lat="47.0458297315" lon="9.4114454108">
				<ele>589.5</ele>
				<extensions>
					<swisstopo:routepoint_id>1531215457</swisstopo:routepoint_id>
				</extensions>
			</trkpt>
			<trkpt lat="47.0456953651" lon="9.4113673196">
				<ele>590.7</ele>
				<extensions>
					<swisstopo:routepoint_id>1675963987</swisstopo:routepoint_id>
				</extensions>
			</trkpt>
			<trkpt lat="47.0455541549" lon="9.4112722523">
				<ele>591.9</ele>
				<extensions>
					<swisstopo:routepoint_id>511064620</swisstopo:routepoint_id>
				</extensions>
			</trkpt>
			<trkpt lat="47.0455318245" lon="9.4112498854">
				<ele>592.1</ele>
				<extensions>
					<swisstopo:routepoint_id>215200424</swisstopo:routepoint_id>
				</extensions>
			</trkpt>
			<trkpt lat="47.0455022036" lon="9.4112201928">
				<ele>592.4</ele>
				<extensions>
					<swisstopo:routepoint_id>387548825</swisstopo:routepoint_id>
				</extensions>
			</trkpt>
			<trkpt lat="47.0454546723" lon="9.4111599273">
				<ele>592.8</ele>
				<extensions>
					<swisstopo:routepoint_id>2068926207</swisstopo:routepoint_id>
				</extensions>
			</trkpt>
			<trkpt lat="47.0453978293" lon="9.4110596228">
				<ele>593.5</ele>
				<extensions>
					<swisstopo:routepoint_id>704281032</swisstopo:routepoint_id>
				</extensions>
			</trkpt>
			<trkpt lat="47.0453173324" lon="9.4109229170">
				<ele>594.6</ele>
				<extensions>
					<swisstopo:routepoint_id>799646394</swisstopo:routepoint_id>
				</extensions>
			</trkpt>
			<trkpt lat="47.0452613378" lon="9.4108560802">
				<ele>595.2</ele>
				<extensions>
					<swisstopo:routepoint_id>893437574</swisstopo:routepoint_id>
				</extensions>
			</trkpt>
			<trkpt lat="47.0451854011" lon="9.4107864143">
				<ele>596.0</ele>
				<extensions>
					<swisstopo:routepoint_id>175230173</swisstopo:routepoint_id>
				</extensions>
			</trkpt>
			<trkpt lat="47.0449781392" lon="9.4106283340">
				<ele>598.4</ele>
				<extensions>
					<swisstopo:routepoint_id>645903794</swisstopo:routepoint_id>
				</extensions>
			</trkpt>
			<trkpt lat="47.0447905682" lon="9.4104876909">
				<ele>600.5</ele>
				<extensions>
					<swisstopo:routepoint_id>1974389434</swisstopo:routepoint_id>
				</extensions>
			</trkpt>
			<trkpt lat="47.0446793374" lon="9.4103937434">
				<ele>602.0</ele>
				<extensions>
					<swisstopo:routepoint_id>2020211272</swisstopo:routepoint_id>
				</extensions>
			</trkpt>
			<trkpt lat="47.0446402243" lon="9.4103421576">
				<ele>602.6</ele>
				<extensions>
					<swisstopo:routepoint_id>220784463</swisstopo:routepoint_id>
				</extensions>
			</trkpt>
			<trkpt lat="47.0446239519" lon="9.4102914123">
				<ele>603.0</ele>
				<extensions>
					<swisstopo:routepoint_id>1215008198</swisstopo:routepoint_id>
				</extensions>
			</trkpt>
			<trkpt lat="47.0446154377" lon="9.4102054088">
				<ele>603.6</ele>
				<extensions>
					<swisstopo:routepoint_id>310688865</swisstopo:routepoint_id>
				</extensions>
			</trkpt>
			<trkpt lat="47.0446229743" lon="9.4100991194">
				<ele>604.5</ele>
				<extensions>
					<swisstopo:routepoint_id>1273150339</swisstopo:routepoint_id>
				</extensions>
			</trkpt>
			<trkpt lat="47.0446419715" lon="9.4099911561">
				<ele>605.5</ele>
				<extensions>
					<swisstopo:routepoint_id>758665054</swisstopo:routepoint_id>
				</extensions>
			</trkpt>
			<trkpt lat="47.0446867980" lon="9.4098757869">
				<ele>606.5</ele>
				<extensions>
					<swisstopo:routepoint_id>10778086</swisstopo:routepoint_id>
				</extensions>
			</trkpt>
			<trkpt lat="47.0447472991" lon="9.4097630639">
				<ele>607.6</ele>
				<extensions>
					<swisstopo:routepoint_id>1605853826</swisstopo:routepoint_id>
				</extensions>
			</trkpt>
			<trkpt lat="47.0448078356" lon="9.4096482720">
				<ele>608.6</ele>
				<extensions>
					<swisstopo:routepoint_id>1568511193</swisstopo:routepoint_id>
				</extensions>
			</trkpt>
			<trkpt lat="47.0448326098" lon="9.4096199254">
				<ele>608.9</ele>
				<extensions>
					<swisstopo:routepoint_id>531757480</swisstopo:routepoint_id>
				</extensions>
			</trkpt>
			<trkpt lat="47.0448003011" lon="9.4095742722">
				<ele>609.5</ele>
				<extensions>
					<swisstopo:routepoint_id>2124005023</swisstopo:routepoint_id>
				</extensions>
			</trkpt>
			<trkpt lat="47.0447590996" lon="9.4095337555">
				<ele>611.5</ele>
				<extensions>
					<swisstopo:routepoint_id>1939211985</swisstopo:routepoint_id>
				</extensions>
			</trkpt>
			<trkpt lat="47.0446748803" lon="9.4094786737">
				<ele>613.0</ele>
				<extensions>
					<swisstopo:routepoint_id>110511399</swisstopo:routepoint_id>
				</extensions>
			</trkpt>
			<trkpt lat="47.0446549018" lon="9.4094651612">
				<ele>613.6</ele>
				<extensions>
					<swisstopo:routepoint_id>1418799841</swisstopo:routepoint_id>
				</extensions>
			</trkpt>
			<trkpt lat="47.0445856590" lon="9.4094298612">
				<ele>615.1</ele>
				<extensions>
					<swisstopo:routepoint_id>1231178898</swisstopo:routepoint_id>
				</extensions>
			</trkpt>
			<trkpt lat="47.0445308580" lon="9.4094055559">
				<ele>616.4</ele>
				<extensions>
					<swisstopo:routepoint_id>127335330</swisstopo:routepoint_id>
				</extensions>
			</trkpt>
			<trkpt lat="47.0444852239" lon="9.4094011014">
				<ele>619.0</ele>
				<extensions>
					<swisstopo:routepoint_id>2024573435</swisstopo:routepoint_id>
				</extensions>
			</trkpt>
			<trkpt lat="47.0443989774" lon="9.4094313655">
				<ele>619.2</ele>
				<extensions>
					<swisstopo:routepoint_id>2005903663</swisstopo:routepoint_id>
				</extensions>
			</trkpt>
			<trkpt lat="47.0442937758" lon="9.4094581302">
				<ele>620.9</ele>
				<extensions>
					<swisstopo:routepoint_id>1317460719</swisstopo:routepoint_id>
				</extensions>
			</trkpt>
			<trkpt lat="47.0441887083" lon="9.4094765571">
				<ele>623.3</ele>
				<extensions>
					<swisstopo:routepoint_id>1636724906</swisstopo:routepoint_id>
				</extensions>
			</trkpt>
			<trkpt lat="47.0440854031" lon="9.4095034171">
				<ele>624.8</ele>
				<extensions>
					<swisstopo:routepoint_id>1704208135</swisstopo:routepoint_id>
				</extensions>
			</trkpt>
			<trkpt lat="47.0440186340" lon="9.4095093175">
				<ele>625.9</ele>
				<extensions>
					<swisstopo:routepoint_id>1240651094</swisstopo:routepoint_id>
				</extensions>
			</trkpt>
			<trkpt lat="47.0439469534" lon="9.4094880553">
				<ele>627.2</ele>
				<extensions>
					<swisstopo:routepoint_id>39811273</swisstopo:routepoint_id>
				</extensions>
			</trkpt>
			<trkpt lat="47.0438676127" lon="9.4094400439">
				<ele>628.9</ele>
				<extensions>
					<swisstopo:routepoint_id>1485876548</swisstopo:routepoint_id>
				</extensions>
			</trkpt>
			<trkpt lat="47.0437965202" lon="9.4093778614">
				<ele>630.7</ele>
				<extensions>
					<swisstopo:routepoint_id>1950545829</swisstopo:routepoint_id>
				</extensions>
			</trkpt>
			<trkpt lat="47.0437484944" lon="9.4093094958">
				<ele>632.2</ele>
				<extensions>
					<swisstopo:routepoint_id>1177929125</swisstopo:routepoint_id>
				</extensions>
			</trkpt>
			<trkpt lat="47.0437134191" lon="9.4092448202">
				<ele>634.2</ele>
				<extensions>
					<swisstopo:routepoint_id>906748491</swisstopo:routepoint_id>
				</extensions>
			</trkpt>
			<trkpt lat="47.0436752559" lon="9.4091465575">
				<ele>635.8</ele>
				<extensions>
					<swisstopo:routepoint_id>607615368</swisstopo:routepoint_id>
				</extensions>
			</trkpt>
			<trkpt lat="47.0436067813" lon="9.4089978705">
				<ele>639.1</ele>
				<extensions>
					<swisstopo:routepoint_id>1026438017</swisstopo:routepoint_id>
				</extensions>
			</trkpt>
			<trkpt lat="47.0435403352" lon="9.4088437503">
				<ele>643.0</ele>
				<extensions>
					<swisstopo:routepoint_id>1683887835</swisstopo:routepoint_id>
				</extensions>
			</trkpt>
			<trkpt lat="47.0434958560" lon="9.4087405966">
				<ele>645.6</ele>
				<extensions>
					<swisstopo:routepoint_id>51081684</swisstopo:routepoint_id>
				</extensions>
			</trkpt>
			<trkpt lat="47.0434372910" lon="9.4085751011">
				<ele>649.7</ele>
				<extensions>
					<swisstopo:routepoint_id>1748195534</swisstopo:routepoint_id>
				</extensions>
			</trkpt>
			<trkpt lat="47.0434197332" lon="9.4084676089">
				<ele>652.1</ele>
				<extensions>
					<swisstopo:routepoint_id>1546414904</swisstopo:routepoint_id>
				</extensions>
			</trkpt>
			<trkpt lat="47.0434000310" lon="9.4083944495">
				<ele>653.9</ele>
				<extensions>
					<swisstopo:routepoint_id>1479577531</swisstopo:routepoint_id>
				</extensions>
			</trkpt>
			<trkpt lat="47.0433939774" lon="9.4083780175">
				<ele>654.4</ele>
				<extensions>
					<swisstopo:routepoint_id>2050336299</swisstopo:routepoint_id>
				</extensions>
			</trkpt>
			<trkpt lat="47.0433619052" lon="9.4083211145">
				<ele>655.9</ele>
				<extensions>
					<swisstopo:routepoint_id>1962845638</swisstopo:routepoint_id>
				</extensions>
			</trkpt>
			<trkpt lat="47.0433459173" lon="9.4082788397">
				<ele>656.9</ele>
				<extensions>
					<swisstopo:routepoint_id>1640724274</swisstopo:routepoint_id>
				</extensions>
			</trkpt>
			<trkpt lat="47.0433394825" lon="9.4082262211">
				<ele>657.7</ele>
				<extensions>
					<swisstopo:routepoint_id>545689052</swisstopo:routepoint_id>
				</extensions>
			</trkpt>
			<trkpt lat="47.0433459591" lon="9.4082051975">
				<ele>658.0</ele>
				<extensions>
					<swisstopo:routepoint_id>2077879738</swisstopo:routepoint_id>
				</extensions>
			</trkpt>
			<trkpt lat="47.0433625411" lon="9.4081728737">
				<ele>658.4</ele>
				<extensions>
					<swisstopo:routepoint_id>53277270</swisstopo:routepoint_id>
				</extensions>
			</trkpt>
			<trkpt lat="47.0433764222" lon="9.4081371596">
				<ele>658.8</ele>
				<extensions>
					<swisstopo:routepoint_id>2017285958</swisstopo:routepoint_id>
				</extensions>
			</trkpt>
			<trkpt lat="47.0433767680" lon="9.4081067584">
				<ele>659.3</ele>
				<extensions>
					<swisstopo:routepoint_id>1662576725</swisstopo:routepoint_id>
				</extensions>
			</trkpt>
			<trkpt lat="47.0433684533" lon="9.4080295185">
				<ele>660.7</ele>
				<extensions>
					<swisstopo:routepoint_id>1797228540</swisstopo:routepoint_id>
				</extensions>
			</trkpt>
			<trkpt lat="47.0433639959" lon="9.4078800494">
				<ele>663.2</ele>
				<extensions>
					<swisstopo:routepoint_id>1510513561</swisstopo:routepoint_id>
				</extensions>
			</trkpt>
			<trkpt lat="47.0433558013" lon="9.4077409709">
				<ele>665.5</ele>
				<extensions>
					<swisstopo:routepoint_id>1690912216</swisstopo:routepoint_id>
				</extensions>
			</trkpt>
			<trkpt lat="47.0433549419" lon="9.4077265166">
				<ele>665.7</ele>
				<extensions>
					<swisstopo:routepoint_id>1236178242</swisstopo:routepoint_id>
				</extensions>
			</trkpt>
			<trkpt lat="47.0433427041" lon="9.4075844230">
				<ele>668.1</ele>
				<extensions>
					<swisstopo:routepoint_id>1013698099</swisstopo:routepoint_id>
				</extensions>
			</trkpt>
			<trkpt lat="47.0433256367" lon="9.4074585160">
				<ele>670.5</ele>
				<extensions>
					<swisstopo:routepoint_id>1086643341</swisstopo:routepoint_id>
				</extensions>
			</trkpt>
			<trkpt lat="47.0432976531" lon="9.4073035552">
				<ele>673.4</ele>
				<extensions>
					<swisstopo:routepoint_id>1178899909</swisstopo:routepoint_id>
				</extensions>
			</trkpt>
			<trkpt lat="47.0432768049" lon="9.4071900812">
				<ele>675.3</ele>
				<extensions>
					<swisstopo:routepoint_id>2144231688</swisstopo:routepoint_id>
				</extensions>
			</trkpt>
			<trkpt lat="47.0432808924" lon="9.4071592262">
				<ele>675.9</ele>
				<extensions>
					<swisstopo:routepoint_id>1396688314</swisstopo:routepoint_id>
				</extensions>
			</trkpt>
			<trkpt lat="47.0432878474" lon="9.4071446219">
				<ele>676.3</ele>
				<extensions>
					<swisstopo:routepoint_id>1063539185</swisstopo:routepoint_id>
				</extensions>
			</trkpt>
			<trkpt lat="47.0433152794" lon="9.4071180435">
				<ele>677.2</ele>
				<extensions>
					<swisstopo:routepoint_id>1035537039</swisstopo:routepoint_id>
				</extensions>
			</trkpt>
			<trkpt lat="47.0433630013" lon="9.4071114407">
				<ele>678.3</ele>
				<extensions>
					<swisstopo:routepoint_id>1329413661</swisstopo:routepoint_id>
				</extensions>
			</trkpt>
			<trkpt lat="47.0434084832" lon="9.4071242559">
				<ele>679.7</ele>
				<extensions>
					<swisstopo:routepoint_id>905863092</swisstopo:routepoint_id>
				</extensions>
			</trkpt>
			<trkpt lat="47.0434510810" lon="9.4071397547">
				<ele>680.8</ele>
				<extensions>
					<swisstopo:routepoint_id>1358538228</swisstopo:routepoint_id>
				</extensions>
			</trkpt>
			<trkpt lat="47.0434766239" lon="9.4071490482">
				<ele>682.2</ele>
				<extensions>
					<swisstopo:routepoint_id>39690514</swisstopo:routepoint_id>
				</extensions>
			</trkpt>
			<trkpt lat="47.0434937729" lon="9.4071543828">
				<ele>683.1</ele>
				<extensions>
					<swisstopo:routepoint_id>182079127</swisstopo:routepoint_id>
				</extensions>
			</trkpt>
			<trkpt lat="47.0435237881" lon="9.4071636992">
				<ele>682.4</ele>
				<extensions>
					<swisstopo:routepoint_id>717457176</swisstopo:routepoint_id>
				</extensions>
			</trkpt>
			<trkpt lat="47.0435580862" lon="9.4071743427">
				<ele>683.3</ele>
				<extensions>
					<swisstopo:routepoint_id>1675021157</swisstopo:routepoint_id>
				</extensions>
			</trkpt>
			<trkpt lat="47.0436227198" lon="9.4071822824">
				<ele>684.7</ele>
				<extensions>
					<swisstopo:routepoint_id>1133575442</swisstopo:routepoint_id>
				</extensions>
			</trkpt>
			<trkpt lat="47.0437006963" lon="9.4071879357">
				<ele>686.4</ele>
				<extensions>
					<swisstopo:routepoint_id>1862361381</swisstopo:routepoint_id>
				</extensions>
			</trkpt>
			<trkpt lat="47.0437770801" lon="9.4071768067">
				<ele>688.0</ele>
				<extensions>
					<swisstopo:routepoint_id>1171024127</swisstopo:routepoint_id>
				</extensions>
			</trkpt>
			<trkpt lat="47.0438151871" lon="9.4071754167">
				<ele>688.8</ele>
				<extensions>
					<swisstopo:routepoint_id>1092146948</swisstopo:routepoint_id>
				</extensions>
			</trkpt>
			<trkpt lat="47.0438740560" lon="9.4071859471">
				<ele>690.2</ele>
				<extensions>
					<swisstopo:routepoint_id>1510216063</swisstopo:routepoint_id>
				</extensions>
			</trkpt>
			<trkpt lat="47.0439290962" lon="9.4071963242">
				<ele>691.5</ele>
				<extensions>
					<swisstopo:routepoint_id>1384767686</swisstopo:routepoint_id>
				</extensions>
			</trkpt>
			<trkpt lat="47.0439652287" lon="9.4072004277">
				<ele>692.2</ele>
				<extensions>
					<swisstopo:routepoint_id>1470368245</swisstopo:routepoint_id>
				</extensions>
			</trkpt>
			<trkpt lat="47.0440033356" lon="9.4071990508">
				<ele>693.2</ele>
				<extensions>
					<swisstopo:routepoint_id>1461173670</swisstopo:routepoint_id>
				</extensions>
			</trkpt>
			<trkpt lat="47.0440397457" lon="9.4071864535">
				<ele>694.0</ele>
				<extensions>
					<swisstopo:routepoint_id>1023550020</swisstopo:routepoint_id>
				</extensions>
			</trkpt>
			<trkpt lat="47.0440840859" lon="9.4071546469">
				<ele>695.2</ele>
				<extensions>
					<swisstopo:routepoint_id>993369514</swisstopo:routepoint_id>
				</extensions>
			</trkpt>
			<trkpt lat="47.0441382016" lon="9.4071092647">
				<ele>696.8</ele>
				<extensions>
					<swisstopo:routepoint_id>276815788</swisstopo:routepoint_id>
				</extensions>
			</trkpt>
			<trkpt lat="47.0442096714" lon="9.4070505853">
				<ele>698.3</ele>
				<extensions>
					<swisstopo:routepoint_id>949371114</swisstopo:routepoint_id>
				</extensions>
			</trkpt>
			<trkpt lat="47.0442945274" lon="9.4069896335">
				<ele>701.0</ele>
				<extensions>
					<swisstopo:routepoint_id>1768437142</swisstopo:routepoint_id>
				</extensions>
			</trkpt>
			<trkpt lat="47.0443710777" lon="9.4069436736">
				<ele>703.2</ele>
				<extensions>
					<swisstopo:routepoint_id>1318979868</swisstopo:routepoint_id>
				</extensions>
			</trkpt>
			<trkpt lat="47.0444330438" lon="9.4069083362">
				<ele>703.8</ele>
				<extensions>
					<swisstopo:routepoint_id>2085464365</swisstopo:routepoint_id>
				</extensions>
			</trkpt>
			<trkpt lat="47.0444888086" lon="9.4068769486">
				<ele>705.1</ele>
				<extensions>
					<swisstopo:routepoint_id>457424254</swisstopo:routepoint_id>
				</extensions>
			</trkpt>
			<trkpt lat="47.0445313561" lon="9.4068395096">
				<ele>706.2</ele>
				<extensions>
					<swisstopo:routepoint_id>1040228583</swisstopo:routepoint_id>
				</extensions>
			</trkpt>
			<trkpt lat="47.0445760302" lon="9.4067882140">
				<ele>707.7</ele>
				<extensions>
					<swisstopo:routepoint_id>1978246091</swisstopo:routepoint_id>
				</extensions>
			</trkpt>
			<trkpt lat="47.0446346162" lon="9.4067039936">
				<ele>710.0</ele>
				<extensions>
					<swisstopo:routepoint_id>522071098</swisstopo:routepoint_id>
				</extensions>
			</trkpt>
			<trkpt lat="47.0446698279" lon="9.4066495478">
				<ele>710.7</ele>
				<extensions>
					<swisstopo:routepoint_id>2062162233</swisstopo:routepoint_id>
				</extensions>
			</trkpt>
			<trkpt lat="47.0447190462" lon="9.4065566405">
				<ele>712.6</ele>
				<extensions>
					<swisstopo:routepoint_id>1595115162</swisstopo:routepoint_id>
				</extensions>
			</trkpt>
			<trkpt lat="47.0447566882" lon="9.4064716379">
				<ele>714.4</ele>
				<extensions>
					<swisstopo:routepoint_id>280429240</swisstopo:routepoint_id>
				</extensions>
			</trkpt>
			<trkpt lat="47.0447824279" lon="9.4064140804">
				<ele>715.4</ele>
				<extensions>
					<swisstopo:routepoint_id>1504417974</swisstopo:routepoint_id>
				</extensions>
			</trkpt>
			<trkpt lat="47.0447963309" lon="9.4063811554">
				<ele>715.9</ele>
				<extensions>
					<swisstopo:routepoint_id>725968883</swisstopo:routepoint_id>
				</extensions>
			</trkpt>
			<trkpt lat="47.0448187367" lon="9.4062955932">
				<ele>717.2</ele>
				<extensions>
					<swisstopo:routepoint_id>1165078947</swisstopo:routepoint_id>
				</extensions>
			</trkpt>
			<trkpt lat="47.0448348791" lon="9.4062432623">
				<ele>717.9</ele>
				<extensions>
					<swisstopo:routepoint_id>2041501238</swisstopo:routepoint_id>
				</extensions>
			</trkpt>
			<trkpt lat="47.0448569682" lon="9.4061772020">
				<ele>718.8</ele>
				<extensions>
					<swisstopo:routepoint_id>822980674</swisstopo:routepoint_id>
				</extensions>
			</trkpt>
			<trkpt lat="47.0448845182" lon="9.4061252642">
				<ele>719.7</ele>
				<extensions>
					<swisstopo:routepoint_id>1980533082</swisstopo:routepoint_id>
				</extensions>
			</trkpt>
			<trkpt lat="47.0449217780" lon="9.4060625502">
				<ele>721.0</ele>
				<extensions>
					<swisstopo:routepoint_id>877152870</swisstopo:routepoint_id>
				</extensions>
			</trkpt>
			<trkpt lat="47.0449702629" lon="9.4060113934">
				<ele>722.3</ele>
				<extensions>
					<swisstopo:routepoint_id>1002816018</swisstopo:routepoint_id>
				</extensions>
			</trkpt>
			<trkpt lat="47.0450264747" lon="9.4059549410">
				<ele>723.9</ele>
				<extensions>
					<swisstopo:routepoint_id>2071390505</swisstopo:routepoint_id>
				</extensions>
			</trkpt>
			<trkpt lat="47.0450921792" lon="9.4058988369">
				<ele>725.5</ele>
				<extensions>
					<swisstopo:routepoint_id>758329229</swisstopo:routepoint_id>
				</extensions>
			</trkpt>
			<trkpt lat="47.0451186652" lon="9.4058761690">
				<ele>726.2</ele>
				<extensions>
					<swisstopo:routepoint_id>1047401784</swisstopo:routepoint_id>
				</extensions>
			</trkpt>
			<trkpt lat="47.0451774641" lon="9.4058128182">
				<ele>727.5</ele>
				<extensions>
					<swisstopo:routepoint_id>182266858</swisstopo:routepoint_id>
				</extensions>
			</trkpt>
			<trkpt lat="47.0452144288" lon="9.4057668042">
				<ele>728.5</ele>
				<extensions>
					<swisstopo:routepoint_id>285711650</swisstopo:routepoint_id>
				</extensions>
			</trkpt>
			<trkpt lat="47.0452360886" lon="9.4057257949">
				<ele>729.3</ele>
				<extensions>
					<swisstopo:routepoint_id>150278246</swisstopo:routepoint_id>
				</extensions>
			</trkpt>
			<trkpt lat="47.0452424253" lon="9.4056898150">
				<ele>729.8</ele>
				<extensions>
					<swisstopo:routepoint_id>170075029</swisstopo:routepoint_id>
				</extensions>
			</trkpt>
			<trkpt lat="47.0452411788" lon="9.4056507544">
				<ele>730.3</ele>
				<extensions>
					<swisstopo:routepoint_id>1892841841</swisstopo:routepoint_id>
				</extensions>
			</trkpt>
			<trkpt lat="47.0452265328" lon="9.4056167811">
				<ele>731.0</ele>
				<extensions>
					<swisstopo:routepoint_id>1999762713</swisstopo:routepoint_id>
				</extensions>
			</trkpt>
			<trkpt lat="47.0452040256" lon="9.4055964669">
				<ele>731.7</ele>
				<extensions>
					<swisstopo:routepoint_id>1474493578</swisstopo:routepoint_id>
				</extensions>
			</trkpt>
			<trkpt lat="47.0451738099" lon="9.4055814106">
				<ele>732.3</ele>
				<extensions>
					<swisstopo:routepoint_id>611226797</swisstopo:routepoint_id>
				</extensions>
			</trkpt>
			<trkpt lat="47.0451319780" lon="9.4055770987">
				<ele>733.2</ele>
				<extensions>
					<swisstopo:routepoint_id>1414229799</swisstopo:routepoint_id>
				</extensions>
			</trkpt>
			<trkpt lat="47.0450672666" lon="9.4055747241">
				<ele>734.4</ele>
				<extensions>
					<swisstopo:routepoint_id>1965618800</swisstopo:routepoint_id>
				</extensions>
			</trkpt>
			<trkpt lat="47.0449855654" lon="9.4055633700">
				<ele>736.3</ele>
				<extensions>
					<swisstopo:routepoint_id>757045204</swisstopo:routepoint_id>
				</extensions>
			</trkpt>
			<trkpt lat="47.0449077144" lon="9.4055493551">
				<ele>738.1</ele>
				<extensions>
					<swisstopo:routepoint_id>476000097</swisstopo:routepoint_id>
				</extensions>
			</trkpt>
			<trkpt lat="47.0448450518" lon="9.4055386872">
				<ele>739.4</ele>
				<extensions>
					<swisstopo:routepoint_id>603884317</swisstopo:routepoint_id>
				</extensions>
			</trkpt>
			<trkpt lat="47.0447842292" lon="9.4055309018">
				<ele>740.7</ele>
				<extensions>
					<swisstopo:routepoint_id>2135764446</swisstopo:routepoint_id>
				</extensions>
			</trkpt>
			<trkpt lat="47.0447405397" lon="9.4055237195">
				<ele>741.7</ele>
				<extensions>
					<swisstopo:routepoint_id>1558576415</swisstopo:routepoint_id>
				</extensions>
			</trkpt>
			<trkpt lat="47.0447007652" lon="9.4055111277">
				<ele>742.7</ele>
				<extensions>
					<swisstopo:routepoint_id>1011161818</swisstopo:routepoint_id>
				</extensions>
			</trkpt>
			<trkpt lat="47.0446535210" lon="9.4054898675">
				<ele>743.8</ele>
				<extensions>
					<swisstopo:routepoint_id>1234987839</swisstopo:routepoint_id>
				</extensions>
			</trkpt>
			<trkpt lat="47.0445807719" lon="9.4054529656">
				<ele>745.5</ele>
				<extensions>
					<swisstopo:routepoint_id>1054457669</swisstopo:routepoint_id>
				</extensions>
			</trkpt>
			<trkpt lat="47.0444948270" lon="9.4054143970">
				<ele>747.6</ele>
				<extensions>
					<swisstopo:routepoint_id>1138777219</swisstopo:routepoint_id>
				</extensions>
			</trkpt>
			<trkpt lat="47.0444532425" lon="9.4053961599">
				<ele>748.5</ele>
				<extensions>
					<swisstopo:routepoint_id>536842838</swisstopo:routepoint_id>
				</extensions>
			</trkpt>
			<trkpt lat="47.0443887043" lon="9.4053826466">
				<ele>750.2</ele>
				<extensions>
					<swisstopo:routepoint_id>1369376991</swisstopo:routepoint_id>
				</extensions>
			</trkpt>
			<trkpt lat="47.0443049718" lon="9.4053795742">
				<ele>752.6</ele>
				<extensions>
					<swisstopo:routepoint_id>1248297562</swisstopo:routepoint_id>
				</extensions>
			</trkpt>
			<trkpt lat="47.0442022878" lon="9.4053702275">
				<ele>755.2</ele>
				<extensions>
					<swisstopo:routepoint_id>52716818</swisstopo:routepoint_id>
				</extensions>
			</trkpt>
			<trkpt lat="47.0441357575" lon="9.4053622073">
				<ele>757.1</ele>
				<extensions>
					<swisstopo:routepoint_id>579582230</swisstopo:routepoint_id>
				</extensions>
			</trkpt>
			<trkpt lat="47.0440845582" lon="9.4053491965">
				<ele>758.5</ele>
				<extensions>
					<swisstopo:routepoint_id>725019444</swisstopo:routepoint_id>
				</extensions>
			</trkpt>
			<trkpt lat="47.0440182662" lon="9.4053272636">
				<ele>760.1</ele>
				<extensions>
					<swisstopo:routepoint_id>1349455573</swisstopo:routepoint_id>
				</extensions>
			</trkpt>
			<trkpt lat="47.0439539362" lon="9.4053026132">
				<ele>761.5</ele>
				<extensions>
					<swisstopo:routepoint_id>969112003</swisstopo:routepoint_id>
				</extensions>
			</trkpt>
			<trkpt lat="47.0438991645" lon="9.4052755241">
				<ele>763.0</ele>
				<extensions>
					<swisstopo:routepoint_id>151341093</swisstopo:routepoint_id>
				</extensions>
			</trkpt>
			<trkpt lat="47.0438216537" lon="9.4052206188">
				<ele>765.5</ele>
				<extensions>
					<swisstopo:routepoint_id>32080070</swisstopo:routepoint_id>
				</extensions>
			</trkpt>
			<trkpt lat="47.0437858367" lon="9.4051939812">
				<ele>766.5</ele>
				<extensions>
					<swisstopo:routepoint_id>1794064971</swisstopo:routepoint_id>
				</extensions>
			</trkpt>
			<trkpt lat="47.0437540024" lon="9.4051703047">
				<ele>768.2</ele>
				<extensions>
					<swisstopo:routepoint_id>127241048</swisstopo:routepoint_id>
				</extensions>
			</trkpt>
			<trkpt lat="47.0437261419" lon="9.4051495764">
				<ele>768.4</ele>
				<extensions>
					<swisstopo:routepoint_id>58527682</swisstopo:routepoint_id>
				</extensions>
			</trkpt>
			<trkpt lat="47.0436704298" lon="9.4051081332">
				<ele>770.7</ele>
				<extensions>
					<swisstopo:routepoint_id>1283996055</swisstopo:routepoint_id>
				</extensions>
			</trkpt>
			<trkpt lat="47.0435391010" lon="9.4050104537">
				<ele>773.6</ele>
				<extensions>
					<swisstopo:routepoint_id>1314990076</swisstopo:routepoint_id>
				</extensions>
			</trkpt>
			<trkpt lat="47.0434404058" lon="9.4048913221">
				<ele>777.2</ele>
				<extensions>
					<swisstopo:routepoint_id>1256599582</swisstopo:routepoint_id>
				</extensions>
			</trkpt>
			<trkpt lat="47.0433926877" lon="9.4048222911">
				<ele>778.7</ele>
				<extensions>
					<swisstopo:routepoint_id>1750439405</swisstopo:routepoint_id>
				</extensions>
			</trkpt>
			<trkpt lat="47.0433649493" lon="9.4047739047">
				<ele>779.7</ele>
				<extensions>
					<swisstopo:routepoint_id>1494539131</swisstopo:routepoint_id>
				</extensions>
			</trkpt>
			<trkpt lat="47.0433394112" lon="9.4047089010">
				<ele>780.8</ele>
				<extensions>
					<swisstopo:routepoint_id>2130450966</swisstopo:routepoint_id>
				</extensions>
			</trkpt>
			<trkpt lat="47.0433213173" lon="9.4046525130">
				<ele>781.6</ele>
				<extensions>
					<swisstopo:routepoint_id>2040280945</swisstopo:routepoint_id>
				</extensions>
			</trkpt>
			<trkpt lat="47.0432906435" lon="9.4045538609">
				<ele>783.1</ele>
				<extensions>
					<swisstopo:routepoint_id>1045305915</swisstopo:routepoint_id>
				</extensions>
			</trkpt>
			<trkpt lat="47.0432727404" lon="9.4044863352">
				<ele>784.3</ele>
				<extensions>
					<swisstopo:routepoint_id>1119482926</swisstopo:routepoint_id>
				</extensions>
			</trkpt>
			<trkpt lat="47.0432625546" lon="9.4044135393">
				<ele>785.4</ele>
				<extensions>
					<swisstopo:routepoint_id>2118673519</swisstopo:routepoint_id>
				</extensions>
			</trkpt>
			<trkpt lat="47.0432598100" lon="9.4043521228">
				<ele>786.6</ele>
				<extensions>
					<swisstopo:routepoint_id>822474173</swisstopo:routepoint_id>
				</extensions>
			</trkpt>
			<trkpt lat="47.0432609540" lon="9.4042852957">
				<ele>788.3</ele>
				<extensions>
					<swisstopo:routepoint_id>365480199</swisstopo:routepoint_id>
				</extensions>
			</trkpt>
			<trkpt lat="47.0432719419" lon="9.4041993422">
				<ele>790.7</ele>
				<extensions>
					<swisstopo:routepoint_id>1117142560</swisstopo:routepoint_id>
				</extensions>
			</trkpt>
			<trkpt lat="47.0432823812" lon="9.4041433709">
				<ele>792.0</ele>
				<extensions>
					<swisstopo:routepoint_id>1014074336</swisstopo:routepoint_id>
				</extensions>
			</trkpt>
			<trkpt lat="47.0432904988" lon="9.4040998348">
				<ele>792.3</ele>
				<extensions>
					<swisstopo:routepoint_id>251134613</swisstopo:routepoint_id>
				</extensions>
			</trkpt>
			<trkpt lat="47.0432992143" lon="9.4041408534">
				<ele>791.9</ele>
				<extensions>
					<swisstopo:routepoint_id>1412036230</swisstopo:routepoint_id>
				</extensions>
			</trkpt>
			<trkpt lat="47.0433226917" lon="9.4042279976">
				<ele>791.0</ele>
				<extensions>
					<swisstopo:routepoint_id>2007656042</swisstopo:routepoint_id>
				</extensions>
			</trkpt>
			<trkpt lat="47.0433517535" lon="9.4043269305">
				<ele>790.0</ele>
				<extensions>
					<swisstopo:routepoint_id>530505877</swisstopo:routepoint_id>
				</extensions>
			</trkpt>
			<trkpt lat="47.0433824370" lon="9.4044230666">
				<ele>789.0</ele>
				<extensions>
					<swisstopo:routepoint_id>786347645</swisstopo:routepoint_id>
				</extensions>
			</trkpt>
			<trkpt lat="47.0434143729" lon="9.4045038874">
				<ele>788.0</ele>
				<extensions>
					<swisstopo:routepoint_id>745219907</swisstopo:routepoint_id>
				</extensions>
			</trkpt>
			<trkpt lat="47.0434575632" lon="9.4045890568">
				<ele>787.0</ele>
				<extensions>
					<swisstopo:routepoint_id>2033298774</swisstopo:routepoint_id>
				</extensions>
			</trkpt>
			<trkpt lat="47.0435024058" lon="9.4046570302">
				<ele>786.1</ele>
				<extensions>
					<swisstopo:routepoint_id>1328834161</swisstopo:routepoint_id>
				</extensions>
			</trkpt>
			<trkpt lat="47.0435408703" lon="9.4047049725">
				<ele>785.4</ele>
				<extensions>
					<swisstopo:routepoint_id>1664963453</swisstopo:routepoint_id>
				</extensions>
			</trkpt>
			<trkpt lat="47.0435873629" lon="9.4047617127">
				<ele>784.6</ele>
				<extensions>
					<swisstopo:routepoint_id>1447385746</swisstopo:routepoint_id>
				</extensions>
			</trkpt>
			<trkpt lat="47.0436282596" lon="9.4048042422">
				<ele>784.0</ele>
				<extensions>
					<swisstopo:routepoint_id>1847686138</swisstopo:routepoint_id>
				</extensions>
			</trkpt>
			<trkpt lat="47.0436797082" lon="9.4048495283">
				<ele>783.1</ele>
				<extensions>
					<swisstopo:routepoint_id>1540671031</swisstopo:routepoint_id>
				</extensions>
			</trkpt>
			<trkpt lat="47.0437197150" lon="9.4048856935">
				<ele>782.6</ele>
				<extensions>
					<swisstopo:routepoint_id>15679995</swisstopo:routepoint_id>
				</extensions>
			</trkpt>
			<trkpt lat="47.0437582574" lon="9.4049096164">
				<ele>782.0</ele>
				<extensions>
					<swisstopo:routepoint_id>969288191</swisstopo:routepoint_id>
				</extensions>
			</trkpt>
			<trkpt lat="47.0437912127" lon="9.4049193418">
				<ele>781.5</ele>
				<extensions>
					<swisstopo:routepoint_id>912741416</swisstopo:routepoint_id>
				</extensions>
			</trkpt>
			<trkpt lat="47.0438490864" lon="9.4049336013">
				<ele>780.7</ele>
				<extensions>
					<swisstopo:routepoint_id>1548409566</swisstopo:routepoint_id>
				</extensions>
			</trkpt>
			<trkpt lat="47.0439045795" lon="9.4049376512">
				<ele>779.9</ele>
				<extensions>
					<swisstopo:routepoint_id>2136331737</swisstopo:routepoint_id>
				</extensions>
			</trkpt>
			<trkpt lat="47.0439430359" lon="9.4049350041">
				<ele>779.4</ele>
				<extensions>
					<swisstopo:routepoint_id>1700983157</swisstopo:routepoint_id>
				</extensions>
			</trkpt>
			<trkpt lat="47.0439045795" lon="9.4049376512">
				<ele>779.9</ele>
				<extensions>
					<swisstopo:routepoint_id>627211919</swisstopo:routepoint_id>
				</extensions>
			</trkpt>
			<trkpt lat="47.0438490864" lon="9.4049336013">
				<ele>780.7</ele>
				<extensions>
					<swisstopo:routepoint_id>144293226</swisstopo:routepoint_id>
				</extensions>
			</trkpt>
			<trkpt lat="47.0437912127" lon="9.4049193418">
				<ele>781.5</ele>
				<extensions>
					<swisstopo:routepoint_id>803190724</swisstopo:routepoint_id>
				</extensions>
			</trkpt>
			<trkpt lat="47.0437582574" lon="9.4049096164">
				<ele>782.0</ele>
				<extensions>
					<swisstopo:routepoint_id>335452357</swisstopo:routepoint_id>
				</extensions>
			</trkpt>
			<trkpt lat="47.0437197150" lon="9.4048856935">
				<ele>782.6</ele>
				<extensions>
					<swisstopo:routepoint_id>1166077897</swisstopo:routepoint_id>
				</extensions>
			</trkpt>
			<trkpt lat="47.0436797082" lon="9.4048495283">
				<ele>783.1</ele>
				<extensions>
					<swisstopo:routepoint_id>771308227</swisstopo:routepoint_id>
				</extensions>
			</trkpt>
			<trkpt lat="47.0436282596" lon="9.4048042422">
				<ele>784.0</ele>
				<extensions>
					<swisstopo:routepoint_id>1197152710</swisstopo:routepoint_id>
				</extensions>
			</trkpt>
			<trkpt lat="47.0435873629" lon="9.4047617127">
				<ele>784.6</ele>
				<extensions>
					<swisstopo:routepoint_id>1166640260</swisstopo:routepoint_id>
				</extensions>
			</trkpt>
			<trkpt lat="47.0435408703" lon="9.4047049725">
				<ele>785.4</ele>
				<extensions>
					<swisstopo:routepoint_id>1482749264</swisstopo:routepoint_id>
				</extensions>
			</trkpt>
			<trkpt lat="47.0435024058" lon="9.4046570302">
				<ele>786.1</ele>
				<extensions>
					<swisstopo:routepoint_id>228674421</swisstopo:routepoint_id>
				</extensions>
			</trkpt>
			<trkpt lat="47.0434575632" lon="9.4045890568">
				<ele>787.0</ele>
				<extensions>
					<swisstopo:routepoint_id>930713367</swisstopo:routepoint_id>
				</extensions>
			</trkpt>
			<trkpt lat="47.0434143729" lon="9.4045038874">
				<ele>788.0</ele>
				<extensions>
					<swisstopo:routepoint_id>1929813544</swisstopo:routepoint_id>
				</extensions>
			</trkpt>
			<trkpt lat="47.0433824370" lon="9.4044230666">
				<ele>789.0</ele>
				<extensions>
					<swisstopo:routepoint_id>1170772594</swisstopo:routepoint_id>
				</extensions>
			</trkpt>
			<trkpt lat="47.0433517535" lon="9.4043269305">
				<ele>790.0</ele>
				<extensions>
					<swisstopo:routepoint_id>977023308</swisstopo:routepoint_id>
				</extensions>
			</trkpt>
			<trkpt lat="47.0433226917" lon="9.4042279976">
				<ele>791.0</ele>
				<extensions>
					<swisstopo:routepoint_id>1956776438</swisstopo:routepoint_id>
				</extensions>
			</trkpt>
			<trkpt lat="47.0432992143" lon="9.4041408534">
				<ele>791.9</ele>
				<extensions>
					<swisstopo:routepoint_id>24137782</swisstopo:routepoint_id>
				</extensions>
			</trkpt>
			<trkpt lat="47.0432904988" lon="9.4040998348">
				<ele>792.3</ele>
				<extensions>
					<swisstopo:routepoint_id>1325009196</swisstopo:routepoint_id>
				</extensions>
			</trkpt>
			<trkpt lat="47.0432764302" lon="9.4040490450">
				<ele>792.9</ele>
				<extensions>
					<swisstopo:routepoint_id>1289821202</swisstopo:routepoint_id>
				</extensions>
			</trkpt>
			<trkpt lat="47.0432739057" lon="9.4039737279">
				<ele>793.5</ele>
				<extensions>
					<swisstopo:routepoint_id>980608040</swisstopo:routepoint_id>
				</extensions>
			</trkpt>
			<trkpt lat="47.0432760503" lon="9.4039177352">
				<ele>793.9</ele>
				<extensions>
					<swisstopo:routepoint_id>408038073</swisstopo:routepoint_id>
				</extensions>
			</trkpt>
			<trkpt lat="47.0432854211" lon="9.4038379311">
				<ele>794.6</ele>
				<extensions>
					<swisstopo:routepoint_id>100837308</swisstopo:routepoint_id>
				</extensions>
			</trkpt>
			<trkpt lat="47.0433017869" lon="9.4037257586">
				<ele>795.6</ele>
				<extensions>
					<swisstopo:routepoint_id>839220172</swisstopo:routepoint_id>
				</extensions>
			</trkpt>
			<trkpt lat="47.0433163321" lon="9.4036403725">
				<ele>796.5</ele>
				<extensions>
					<swisstopo:routepoint_id>2089396788</swisstopo:routepoint_id>
				</extensions>
			</trkpt>
			<trkpt lat="47.0433199351" lon="9.4035813095">
				<ele>797.0</ele>
				<extensions>
					<swisstopo:routepoint_id>387021472</swisstopo:routepoint_id>
				</extensions>
			</trkpt>
			<trkpt lat="47.0433210767" lon="9.4035027846">
				<ele>797.8</ele>
				<extensions>
					<swisstopo:routepoint_id>1527040167</swisstopo:routepoint_id>
				</extensions>
			</trkpt>
			<trkpt lat="47.0433142867" lon="9.4034107161">
				<ele>798.7</ele>
				<extensions>
					<swisstopo:routepoint_id>705526522</swisstopo:routepoint_id>
				</extensions>
			</trkpt>
			<trkpt lat="47.0433081176" lon="9.4033357795">
				<ele>799.4</ele>
				<extensions>
					<swisstopo:routepoint_id>1974776301</swisstopo:routepoint_id>
				</extensions>
			</trkpt>
			<trkpt lat="47.0433062270" lon="9.4032752556">
				<ele>799.9</ele>
				<extensions>
					<swisstopo:routepoint_id>1125160248</swisstopo:routepoint_id>
				</extensions>
			</trkpt>
			<trkpt lat="47.0433134732" lon="9.4031989213">
				<ele>800.6</ele>
				<extensions>
					<swisstopo:routepoint_id>949677136</swisstopo:routepoint_id>
				</extensions>
			</trkpt>
			<trkpt lat="47.0433303689" lon="9.4030274830">
				<ele>801.9</ele>
				<extensions>
					<swisstopo:routepoint_id>974710236</swisstopo:routepoint_id>
				</extensions>
			</trkpt>
			<trkpt lat="47.0433507283" lon="9.4028610692">
				<ele>803.2</ele>
				<extensions>
					<swisstopo:routepoint_id>1358286778</swisstopo:routepoint_id>
				</extensions>
			</trkpt>
			<trkpt lat="47.0433602685" lon="9.4027908475">
				<ele>803.9</ele>
				<extensions>
					<swisstopo:routepoint_id>797640936</swisstopo:routepoint_id>
				</extensions>
			</trkpt>
			<trkpt lat="47.0433877701" lon="9.4025007007">
				<ele>806.3</ele>
				<extensions>
					<swisstopo:routepoint_id>697561187</swisstopo:routepoint_id>
				</extensions>
			</trkpt>
			<trkpt lat="47.0433905498" lon="9.4024214001">
				<ele>807.0</ele>
				<extensions>
					<swisstopo:routepoint_id>809356755</swisstopo:routepoint_id>
				</extensions>
			</trkpt>
			<trkpt lat="47.0433817710" lon="9.4023500188">
				<ele>807.7</ele>
				<extensions>
					<swisstopo:routepoint_id>1494099818</swisstopo:routepoint_id>
				</extensions>
			</trkpt>
			<trkpt lat="47.0433619569" lon="9.4022857403">
				<ele>808.4</ele>
				<extensions>
					<swisstopo:routepoint_id>42892909</swisstopo:routepoint_id>
				</extensions>
			</trkpt>
			<trkpt lat="47.0433307985" lon="9.4022122279">
				<ele>809.2</ele>
				<extensions>
					<swisstopo:routepoint_id>426253843</swisstopo:routepoint_id>
				</extensions>
			</trkpt>
			<trkpt lat="47.0432874091" lon="9.4021289096">
				<ele>810.2</ele>
				<extensions>
					<swisstopo:routepoint_id>1601789805</swisstopo:routepoint_id>
				</extensions>
			</trkpt>
			<trkpt lat="47.0432715515" lon="9.4020953184">
				<ele>810.6</ele>
				<extensions>
					<swisstopo:routepoint_id>395425489</swisstopo:routepoint_id>
				</extensions>
			</trkpt>
			<trkpt lat="47.0432538108" lon="9.4020577890">
				<ele>811.0</ele>
				<extensions>
					<swisstopo:routepoint_id>1299093334</swisstopo:routepoint_id>
				</extensions>
			</trkpt>
			<trkpt lat="47.0432226488" lon="9.4019988538">
				<ele>811.7</ele>
				<extensions>
					<swisstopo:routepoint_id>702190857</swisstopo:routepoint_id>
				</extensions>
			</trkpt>
			<trkpt lat="47.0432006861" lon="9.4019523132">
				<ele>812.2</ele>
				<extensions>
					<swisstopo:routepoint_id>493246211</swisstopo:routepoint_id>
				</extensions>
			</trkpt>
			<trkpt lat="47.0431904482" lon="9.4019271806">
				<ele>812.5</ele>
				<extensions>
					<swisstopo:routepoint_id>1736594484</swisstopo:routepoint_id>
				</extensions>
			</trkpt>
			<trkpt lat="47.0431770174" lon="9.4018765434">
				<ele>813.0</ele>
				<extensions>
					<swisstopo:routepoint_id>1089241816</swisstopo:routepoint_id>
				</extensions>
			</trkpt>
			<trkpt lat="47.0431705565" lon="9.4018365993">
				<ele>813.4</ele>
				<extensions>
					<swisstopo:routepoint_id>1480572515</swisstopo:routepoint_id>
				</extensions>
			</trkpt>
			<trkpt lat="47.0431683539" lon="9.4017989065">
				<ele>813.7</ele>
				<extensions>
					<swisstopo:routepoint_id>1390643488</swisstopo:routepoint_id>
				</extensions>
			</trkpt>
			<trkpt lat="47.0431278372" lon="9.4017058474">
				<ele>814.2</ele>
				<extensions>
					<swisstopo:routepoint_id>1967406221</swisstopo:routepoint_id>
				</extensions>
			</trkpt>
			<trkpt lat="47.0430935548" lon="9.4015775772">
				<ele>815.2</ele>
				<extensions>
					<swisstopo:routepoint_id>88152772</swisstopo:routepoint_id>
				</extensions>
			</trkpt>
			<trkpt lat="47.0430574631" lon="9.4014615940">
				<ele>816.3</ele>
				<extensions>
					<swisstopo:routepoint_id>780699306</swisstopo:routepoint_id>
				</extensions>
			</trkpt>
			<trkpt lat="47.0430262649" lon="9.4013626165">
				<ele>817.5</ele>
				<extensions>
					<swisstopo:routepoint_id>574897937</swisstopo:routepoint_id>
				</extensions>
			</trkpt>
			<trkpt lat="47.0429938533" lon="9.4012657415">
				<ele>819.0</ele>
				<extensions>
					<swisstopo:routepoint_id>152339823</swisstopo:routepoint_id>
				</extensions>
			</trkpt>
			<trkpt lat="47.0429547220" lon="9.4011604836">
				<ele>821.0</ele>
				<extensions>
					<swisstopo:routepoint_id>458075874</swisstopo:routepoint_id>
				</extensions>
			</trkpt>
			<trkpt lat="47.0429194346" lon="9.4010909863">
				<ele>822.2</ele>
				<extensions>
					<swisstopo:routepoint_id>1804439944</swisstopo:routepoint_id>
				</extensions>
			</trkpt>
			<trkpt lat="47.0428734738" lon="9.4009945796">
				<ele>823.8</ele>
				<extensions>
					<swisstopo:routepoint_id>2060960801</swisstopo:routepoint_id>
				</extensions>
			</trkpt>
			<trkpt lat="47.0428331086" lon="9.4009039311">
				<ele>824.9</ele>
				<extensions>
					<swisstopo:routepoint_id>525525895</swisstopo:routepoint_id>
				</extensions>
			</trkpt>
			<trkpt lat="47.0427853936" lon="9.4007991051">
				<ele>826.5</ele>
				<extensions>
					<swisstopo:routepoint_id>1627094799</swisstopo:routepoint_id>
				</extensions>
			</trkpt>
			<trkpt lat="47.0427577483" lon="9.4007451719">
				<ele>827.4</ele>
				<extensions>
					<swisstopo:routepoint_id>141286162</swisstopo:routepoint_id>
				</extensions>
			</trkpt>
			<trkpt lat="47.0427133989" lon="9.4006655224">
				<ele>828.7</ele>
				<extensions>
					<swisstopo:routepoint_id>1856424775</swisstopo:routepoint_id>
				</extensions>
			</trkpt>
			<trkpt lat="47.0426953029" lon="9.4006091494">
				<ele>829.4</ele>
				<extensions>
					<swisstopo:routepoint_id>537396630</swisstopo:routepoint_id>
				</extensions>
			</trkpt>
			<trkpt lat="47.0426828375" lon="9.4005585484">
				<ele>829.9</ele>
				<extensions>
					<swisstopo:routepoint_id>1444379874</swisstopo:routepoint_id>
				</extensions>
			</trkpt>
			<trkpt lat="47.0426726668" lon="9.4004795848">
				<ele>830.7</ele>
				<extensions>
					<swisstopo:routepoint_id>1519692235</swisstopo:routepoint_id>
				</extensions>
			</trkpt>
			<trkpt lat="47.0426607167" lon="9.4004044766">
				<ele>831.3</ele>
				<extensions>
					<swisstopo:routepoint_id>1878611547</swisstopo:routepoint_id>
				</extensions>
			</trkpt>
			<trkpt lat="47.0426413423" lon="9.4003118333">
				<ele>832.0</ele>
				<extensions>
					<swisstopo:routepoint_id>1024980362</swisstopo:routepoint_id>
				</extensions>
			</trkpt>
			<trkpt lat="47.0426162124" lon="9.4002217561">
				<ele>833.1</ele>
				<extensions>
					<swisstopo:routepoint_id>1336312784</swisstopo:routepoint_id>
				</extensions>
			</trkpt>
			<trkpt lat="47.0425888050" lon="9.4001538850">
				<ele>834.0</ele>
				<extensions>
					<swisstopo:routepoint_id>577614232</swisstopo:routepoint_id>
				</extensions>
			</trkpt>
			<trkpt lat="47.0425742912" lon="9.4001280181">
				<ele>834.4</ele>
				<extensions>
					<swisstopo:routepoint_id>648610972</swisstopo:routepoint_id>
				</extensions>
			</trkpt>
			<trkpt lat="47.0425444610" lon="9.4000841859">
				<ele>835.1</ele>
				<extensions>
					<swisstopo:routepoint_id>2041726055</swisstopo:routepoint_id>
				</extensions>
			</trkpt>
			<trkpt lat="47.0425010960" lon="9.4000281612">
				<ele>836.0</ele>
				<extensions>
					<swisstopo:routepoint_id>172998578</swisstopo:routepoint_id>
				</extensions>
			</trkpt>
			<trkpt lat="47.0424632625" lon="9.3999862729">
				<ele>837.0</ele>
				<extensions>
					<swisstopo:routepoint_id>539724158</swisstopo:routepoint_id>
				</extensions>
			</trkpt>
			<trkpt lat="47.0424260014" lon="9.3999396882">
				<ele>837.9</ele>
				<extensions>
					<swisstopo:routepoint_id>1866542562</swisstopo:routepoint_id>
				</extensions>
			</trkpt>
			<trkpt lat="47.0423997540" lon="9.3998995865">
				<ele>838.8</ele>
				<extensions>
					<swisstopo:routepoint_id>1184823878</swisstopo:routepoint_id>
				</extensions>
			</trkpt>
			<trkpt lat="47.0423746993" lon="9.3998518932">
				<ele>839.9</ele>
				<extensions>
					<swisstopo:routepoint_id>1570658286</swisstopo:routepoint_id>
				</extensions>
			</trkpt>
			<trkpt lat="47.0423471709" lon="9.3997988134">
				<ele>841.0</ele>
				<extensions>
					<swisstopo:routepoint_id>382774093</swisstopo:routepoint_id>
				</extensions>
			</trkpt>
			<trkpt lat="47.0423270889" lon="9.3997542586">
				<ele>842.0</ele>
				<extensions>
					<swisstopo:routepoint_id>1869088687</swisstopo:routepoint_id>
				</extensions>
			</trkpt>
			<trkpt lat="47.0423120146" lon="9.3997277672">
				<ele>842.7</ele>
				<extensions>
					<swisstopo:routepoint_id>496893289</swisstopo:routepoint_id>
				</extensions>
			</trkpt>
			<trkpt lat="47.0422701913" lon="9.3996267325">
				<ele>844.5</ele>
				<extensions>
					<swisstopo:routepoint_id>2003896170</swisstopo:routepoint_id>
				</extensions>
			</trkpt>
			<trkpt lat="47.0422414531" lon="9.3995544557">
				<ele>845.9</ele>
				<extensions>
					<swisstopo:routepoint_id>1242074430</swisstopo:routepoint_id>
				</extensions>
			</trkpt>
			<trkpt lat="47.0421975690" lon="9.3994207475">
				<ele>847.9</ele>
				<extensions>
					<swisstopo:routepoint_id>1590083214</swisstopo:routepoint_id>
				</extensions>
			</trkpt>
			<trkpt lat="47.0421559710" lon="9.3992910696">
				<ele>850.1</ele>
				<extensions>
					<swisstopo:routepoint_id>1661145802</swisstopo:routepoint_id>
				</extensions>
			</trkpt>
			<trkpt lat="47.0421253698" lon="9.3991868724">
				<ele>851.8</ele>
				<extensions>
					<swisstopo:routepoint_id>1785217777</swisstopo:routepoint_id>
				</extensions>
			</trkpt>
			<trkpt lat="47.0420931485" lon="9.3990658800">
				<ele>854.0</ele>
				<extensions>
					<swisstopo:routepoint_id>727263322</swisstopo:routepoint_id>
				</extensions>
			</trkpt>
			<trkpt lat="47.0420715909" lon="9.3989898690">
				<ele>855.5</ele>
				<extensions>
					<swisstopo:routepoint_id>413900565</swisstopo:routepoint_id>
				</extensions>
			</trkpt>
			<trkpt lat="47.0420463824" lon="9.3989053691">
				<ele>857.6</ele>
				<extensions>
					<swisstopo:routepoint_id>1211825359</swisstopo:routepoint_id>
				</extensions>
			</trkpt>
			<trkpt lat="47.0420245873" lon="9.3988432706">
				<ele>858.5</ele>
				<extensions>
					<swisstopo:routepoint_id>5055256</swisstopo:routepoint_id>
				</extensions>
			</trkpt>
			<trkpt lat="47.0420066420" lon="9.3987785364">
				<ele>859.7</ele>
				<extensions>
					<swisstopo:routepoint_id>1647124219</swisstopo:routepoint_id>
				</extensions>
			</trkpt>
			<trkpt lat="47.0419965954" lon="9.3986973806">
				<ele>861.3</ele>
				<extensions>
					<swisstopo:routepoint_id>1247036356</swisstopo:routepoint_id>
				</extensions>
			</trkpt>
			<trkpt lat="47.0419926936" lon="9.3985913582">
				<ele>863.2</ele>
				<extensions>
					<swisstopo:routepoint_id>1349869952</swisstopo:routepoint_id>
				</extensions>
			</trkpt>
			<trkpt lat="47.0419944518" lon="9.3984883450">
				<ele>865.4</ele>
				<extensions>
					<swisstopo:routepoint_id>363594981</swisstopo:routepoint_id>
				</extensions>
			</trkpt>
			<trkpt lat="47.0419961154" lon="9.3983908813">
				<ele>866.2</ele>
				<extensions>
					<swisstopo:routepoint_id>1785140574</swisstopo:routepoint_id>
				</extensions>
			</trkpt>
			<trkpt lat="47.0419934147" lon="9.3983267047">
				<ele>867.2</ele>
				<extensions>
					<swisstopo:routepoint_id>1544756051</swisstopo:routepoint_id>
				</extensions>
			</trkpt>
			<trkpt lat="47.0419832729" lon="9.3982511113">
				<ele>868.2</ele>
				<extensions>
					<swisstopo:routepoint_id>885687744</swisstopo:routepoint_id>
				</extensions>
			</trkpt>
			<trkpt lat="47.0419652235" lon="9.3981919393">
				<ele>869.2</ele>
				<extensions>
					<swisstopo:routepoint_id>459269466</swisstopo:routepoint_id>
				</extensions>
			</trkpt>
			<trkpt lat="47.0419442537" lon="9.3981102945">
				<ele>870.5</ele>
				<extensions>
					<swisstopo:routepoint_id>457327497</swisstopo:routepoint_id>
				</extensions>
			</trkpt>
			<trkpt lat="47.0419364936" lon="9.3980058279">
				<ele>872.3</ele>
				<extensions>
					<swisstopo:routepoint_id>439566911</swisstopo:routepoint_id>
				</extensions>
			</trkpt>
			<trkpt lat="47.0419190461" lon="9.3977707950">
				<ele>875.0</ele>
				<extensions>
					<swisstopo:routepoint_id>1995459730</swisstopo:routepoint_id>
				</extensions>
			</trkpt>
			<trkpt lat="47.0418990405" lon="9.3976573331">
				<ele>875.9</ele>
				<extensions>
					<swisstopo:routepoint_id>828599954</swisstopo:routepoint_id>
				</extensions>
			</trkpt>
			<trkpt lat="47.0418756931" lon="9.3975249693">
				<ele>877.7</ele>
				<extensions>
					<swisstopo:routepoint_id>1733420108</swisstopo:routepoint_id>
				</extensions>
			</trkpt>
			<trkpt lat="47.0418407539" lon="9.3974102163">
				<ele>879.3</ele>
				<extensions>
					<swisstopo:routepoint_id>1862269298</swisstopo:routepoint_id>
				</extensions>
			</trkpt>
			<trkpt lat="47.0417210816" lon="9.3972243304">
				<ele>882.6</ele>
				<extensions>
					<swisstopo:routepoint_id>162766047</swisstopo:routepoint_id>
				</extensions>
			</trkpt>
			<trkpt lat="47.0416799444" lon="9.3971643413">
				<ele>884.5</ele>
				<extensions>
					<swisstopo:routepoint_id>385118015</swisstopo:routepoint_id>
				</extensions>
			</trkpt>
			<trkpt lat="47.0416546348" lon="9.3971274123">
				<ele>884.2</ele>
				<extensions>
					<swisstopo:routepoint_id>741235066</swisstopo:routepoint_id>
				</extensions>
			</trkpt>
			<trkpt lat="47.0415786793" lon="9.3970166503">
				<ele>886.1</ele>
				<extensions>
					<swisstopo:routepoint_id>2028826476</swisstopo:routepoint_id>
				</extensions>
			</trkpt>
			<trkpt lat="47.0415269825" lon="9.3969173536">
				<ele>888.0</ele>
				<extensions>
					<swisstopo:routepoint_id>471731479</swisstopo:routepoint_id>
				</extensions>
			</trkpt>
			<trkpt lat="47.0415352976" lon="9.3968764988">
				<ele>889.0</ele>
				<extensions>
					<swisstopo:routepoint_id>561463371</swisstopo:routepoint_id>
				</extensions>
			</trkpt>
			<trkpt lat="47.0415626628" lon="9.3968428825">
				<ele>890.6</ele>
				<extensions>
					<swisstopo:routepoint_id>1858621919</swisstopo:routepoint_id>
				</extensions>
			</trkpt>
			<trkpt lat="47.0416167344" lon="9.3968261166">
				<ele>892.1</ele>
				<extensions>
					<swisstopo:routepoint_id>1386449467</swisstopo:routepoint_id>
				</extensions>
			</trkpt>
			<trkpt lat="47.0417117327" lon="9.3968657200">
				<ele>894.8</ele>
				<extensions>
					<swisstopo:routepoint_id>603299622</swisstopo:routepoint_id>
				</extensions>
			</trkpt>
			<trkpt lat="47.0418153598" lon="9.3969089293">
				<ele>896.7</ele>
				<extensions>
					<swisstopo:routepoint_id>47184195</swisstopo:routepoint_id>
				</extensions>
			</trkpt>
			<trkpt lat="47.0419120741" lon="9.3969272577">
				<ele>898.4</ele>
				<extensions>
					<swisstopo:routepoint_id>231400016</swisstopo:routepoint_id>
				</extensions>
			</trkpt>
			<trkpt lat="47.0419850049" lon="9.3969144971">
				<ele>900.2</ele>
				<extensions>
					<swisstopo:routepoint_id>1762772404</swisstopo:routepoint_id>
				</extensions>
			</trkpt>
			<trkpt lat="47.0420107489" lon="9.3969099875">
				<ele>900.2</ele>
				<extensions>
					<swisstopo:routepoint_id>2102740148</swisstopo:routepoint_id>
				</extensions>
			</trkpt>
			<trkpt lat="47.0422215791" lon="9.3968294971">
				<ele>904.0</ele>
				<extensions>
					<swisstopo:routepoint_id>1697080565</swisstopo:routepoint_id>
				</extensions>
			</trkpt>
			<trkpt lat="47.0423848758" lon="9.3967915011">
				<ele>907.1</ele>
				<extensions>
					<swisstopo:routepoint_id>1214968263</swisstopo:routepoint_id>
				</extensions>
			</trkpt>
			<trkpt lat="47.0424333316" lon="9.3967794272">
				<ele>908.1</ele>
				<extensions>
					<swisstopo:routepoint_id>1556605031</swisstopo:routepoint_id>
				</extensions>
			</trkpt>
			<trkpt lat="47.0425094925" lon="9.3967529531">
				<ele>910.9</ele>
				<extensions>
					<swisstopo:routepoint_id>1954127686</swisstopo:routepoint_id>
				</extensions>
			</trkpt>
			<trkpt lat="47.0425756954" lon="9.3967240329">
				<ele>913.5</ele>
				<extensions>
					<swisstopo:routepoint_id>564490355</swisstopo:routepoint_id>
				</extensions>
			</trkpt>
			<trkpt lat="47.0426333277" lon="9.3966947866">
				<ele>913.9</ele>
				<extensions>
					<swisstopo:routepoint_id>2037248989</swisstopo:routepoint_id>
				</extensions>
			</trkpt>
			<trkpt lat="47.0425444546" lon="9.3966288626">
				<ele>915.0</ele>
				<extensions>
					<swisstopo:routepoint_id>545840418</swisstopo:routepoint_id>
				</extensions>
			</trkpt>
			<trkpt lat="47.0424526029" lon="9.3965711723">
				<ele>916.0</ele>
				<extensions>
					<swisstopo:routepoint_id>1039722751</swisstopo:routepoint_id>
				</extensions>
			</trkpt>
			<trkpt lat="47.0423806048" lon="9.3965204804">
				<ele>917.0</ele>
				<extensions>
					<swisstopo:routepoint_id>1501268822</swisstopo:routepoint_id>
				</extensions>
			</trkpt>
			<trkpt lat="47.0423369240" lon="9.3964854511">
				<ele>917.7</ele>
				<extensions>
					<swisstopo:routepoint_id>101541220</swisstopo:routepoint_id>
				</extensions>
			</trkpt>
			<trkpt lat="47.0423145814" lon="9.3964553917">
				<ele>918.2</ele>
				<extensions>
					<swisstopo:routepoint_id>404663667</swisstopo:routepoint_id>
				</extensions>
			</trkpt>
			<trkpt lat="47.0423009168" lon="9.3964193635">
				<ele>918.6</ele>
				<extensions>
					<swisstopo:routepoint_id>1299349430</swisstopo:routepoint_id>
				</extensions>
			</trkpt>
			<trkpt lat="47.0422679581" lon="9.3964347287">
				<ele>918.7</ele>
				<extensions>
					<swisstopo:routepoint_id>923877320</swisstopo:routepoint_id>
				</extensions>
			</trkpt>
			<trkpt lat="47.0422393617" lon="9.3964364608">
				<ele>918.9</ele>
				<extensions>
					<swisstopo:routepoint_id>886161895</swisstopo:routepoint_id>
				</extensions>
			</trkpt>
			<trkpt lat="47.0420646748" lon="9.3964050148">
				<ele>923.5</ele>
				<extensions>
					<swisstopo:routepoint_id>1114106984</swisstopo:routepoint_id>
				</extensions>
			</trkpt>
			<trkpt lat="47.0419299620" lon="9.3963750162">
				<ele>927.1</ele>
				<extensions>
					<swisstopo:routepoint_id>702563170</swisstopo:routepoint_id>
				</extensions>
			</trkpt>
			<trkpt lat="47.0418712774" lon="9.3963412645">
				<ele>928.6</ele>
				<extensions>
					<swisstopo:routepoint_id>1408613214</swisstopo:routepoint_id>
				</extensions>
			</trkpt>
			<trkpt lat="47.0418252771" lon="9.3963051870">
				<ele>930.2</ele>
				<extensions>
					<swisstopo:routepoint_id>1298642525</swisstopo:routepoint_id>
				</extensions>
			</trkpt>
			<trkpt lat="47.0417810930" lon="9.3962280425">
				<ele>931.9</ele>
				<extensions>
					<swisstopo:routepoint_id>1544088239</swisstopo:routepoint_id>
				</extensions>
			</trkpt>
			<trkpt lat="47.0417255499" lon="9.3960790791">
				<ele>934.3</ele>
				<extensions>
					<swisstopo:routepoint_id>406921641</swisstopo:routepoint_id>
				</extensions>
			</trkpt>
			<trkpt lat="47.0416570233" lon="9.3958551396">
				<ele>937.5</ele>
				<extensions>
					<swisstopo:routepoint_id>229888142</swisstopo:routepoint_id>
				</extensions>
			</trkpt>
			<trkpt lat="47.0416206400" lon="9.3957100513">
				<ele>939.2</ele>
				<extensions>
					<swisstopo:routepoint_id>814695402</swisstopo:routepoint_id>
				</extensions>
			</trkpt>
			<trkpt lat="47.0415646006" lon="9.3955215960">
				<ele>941.8</ele>
				<extensions>
					<swisstopo:routepoint_id>981729729</swisstopo:routepoint_id>
				</extensions>
			</trkpt>
			<trkpt lat="47.0415400206" lon="9.3954449242">
				<ele>943.0</ele>
				<extensions>
					<swisstopo:routepoint_id>208328677</swisstopo:routepoint_id>
				</extensions>
			</trkpt>
			<trkpt lat="47.0415211143" lon="9.3953859408">
				<ele>943.3</ele>
				<extensions>
					<swisstopo:routepoint_id>687304270</swisstopo:routepoint_id>
				</extensions>
			</trkpt>
			<trkpt lat="47.0415116610" lon="9.3953564557">
				<ele>944.2</ele>
				<extensions>
					<swisstopo:routepoint_id>569525907</swisstopo:routepoint_id>
				</extensions>
			</trkpt>
			<trkpt lat="47.0414473654" lon="9.3951558997">
				<ele>947.3</ele>
				<extensions>
					<swisstopo:routepoint_id>1568066213</swisstopo:routepoint_id>
				</extensions>
			</trkpt>
			<trkpt lat="47.0414191490" lon="9.3950342608">
				<ele>949.2</ele>
				<extensions>
					<swisstopo:routepoint_id>1187872675</swisstopo:routepoint_id>
				</extensions>
			</trkpt>
			<trkpt lat="47.0414008130" lon="9.3949551950">
				<ele>950.7</ele>
				<extensions>
					<swisstopo:routepoint_id>539017903</swisstopo:routepoint_id>
				</extensions>
			</trkpt>
			<trkpt lat="47.0413937655" lon="9.3949247823">
				<ele>950.6</ele>
				<extensions>
					<swisstopo:routepoint_id>501286212</swisstopo:routepoint_id>
				</extensions>
			</trkpt>
			<trkpt lat="47.0413562204" lon="9.3947941782">
				<ele>952.3</ele>
				<extensions>
					<swisstopo:routepoint_id>2073277262</swisstopo:routepoint_id>
				</extensions>
			</trkpt>
			<trkpt lat="47.0413375781" lon="9.3946577726">
				<ele>954.1</ele>
				<extensions>
					<swisstopo:routepoint_id>1841718039</swisstopo:routepoint_id>
				</extensions>
			</trkpt>
			<trkpt lat="47.0413300898" lon="9.3945330470">
				<ele>955.8</ele>
				<extensions>
					<swisstopo:routepoint_id>1587691202</swisstopo:routepoint_id>
				</extensions>
			</trkpt>
			<trkpt lat="47.0413291786" lon="9.3943188022">
				<ele>958.4</ele>
				<extensions>
					<swisstopo:routepoint_id>581590157</swisstopo:routepoint_id>
				</extensions>
			</trkpt>
			<trkpt lat="47.0413344702" lon="9.3940689854">
				<ele>961.4</ele>
				<extensions>
					<swisstopo:routepoint_id>1846867985</swisstopo:routepoint_id>
				</extensions>
			</trkpt>
			<trkpt lat="47.0413363232" lon="9.3939436624">
				<ele>963.2</ele>
				<extensions>
					<swisstopo:routepoint_id>1859976131</swisstopo:routepoint_id>
				</extensions>
			</trkpt>
			<trkpt lat="47.0413188515" lon="9.3938076084">
				<ele>965.1</ele>
				<extensions>
					<swisstopo:routepoint_id>1155818978</swisstopo:routepoint_id>
				</extensions>
			</trkpt>
			<trkpt lat="47.0412740655" lon="9.3935654772">
				<ele>968.6</ele>
				<extensions>
					<swisstopo:routepoint_id>2008151890</swisstopo:routepoint_id>
				</extensions>
			</trkpt>
			<trkpt lat="47.0412421741" lon="9.3933721088">
				<ele>971.3</ele>
				<extensions>
					<swisstopo:routepoint_id>2040784761</swisstopo:routepoint_id>
				</extensions>
			</trkpt>
			<trkpt lat="47.0412272112" lon="9.3933007894">
				<ele>972.5</ele>
				<extensions>
					<swisstopo:routepoint_id>471348871</swisstopo:routepoint_id>
				</extensions>
			</trkpt>
			<trkpt lat="47.0411974875" lon="9.3931917067">
				<ele>974.2</ele>
				<extensions>
					<swisstopo:routepoint_id>978514971</swisstopo:routepoint_id>
				</extensions>
			</trkpt>
			<trkpt lat="47.0411529851" lon="9.3930644753">
				<ele>976.7</ele>
				<extensions>
					<swisstopo:routepoint_id>60878249</swisstopo:routepoint_id>
				</extensions>
			</trkpt>
			<trkpt lat="47.0410793689" lon="9.3929141383">
				<ele>979.5</ele>
				<extensions>
					<swisstopo:routepoint_id>1878524749</swisstopo:routepoint_id>
				</extensions>
			</trkpt>
			<trkpt lat="47.0410208675" lon="9.3927699184">
				<ele>982.0</ele>
				<extensions>
					<swisstopo:routepoint_id>706314074</swisstopo:routepoint_id>
				</extensions>
			</trkpt>
			<trkpt lat="47.0409638627" lon="9.3926508315">
				<ele>984.2</ele>
				<extensions>
					<swisstopo:routepoint_id>1706069374</swisstopo:routepoint_id>
				</extensions>
			</trkpt>
			<trkpt lat="47.0409195858" lon="9.3925196118">
				<ele>986.9</ele>
				<extensions>
					<swisstopo:routepoint_id>33833626</swisstopo:routepoint_id>
				</extensions>
			</trkpt>
			<trkpt lat="47.0408438863" lon="9.3922649555">
				<ele>991.7</ele>
				<extensions>
					<swisstopo:routepoint_id>2133047292</swisstopo:routepoint_id>
				</extensions>
			</trkpt>
			<trkpt lat="47.0408092957" lon="9.3921717513">
				<ele>993.3</ele>
				<extensions>
					<swisstopo:routepoint_id>901055527</swisstopo:routepoint_id>
				</extensions>
			</trkpt>
			<trkpt lat="47.0406697045" lon="9.3918685584">
				<ele>998.7</ele>
				<extensions>
					<swisstopo:routepoint_id>1042810442</swisstopo:routepoint_id>
				</extensions>
			</trkpt>
			<trkpt lat="47.0405855532" lon="9.3916648958">
				<ele>1001.6</ele>
				<extensions>
					<swisstopo:routepoint_id>563286174</swisstopo:routepoint_id>
				</extensions>
			</trkpt>
			<trkpt lat="47.0405158683" lon="9.3913948956">
				<ele>1005.4</ele>
				<extensions>
					<swisstopo:routepoint_id>1029118616</swisstopo:routepoint_id>
				</extensions>
			</trkpt>
			<trkpt lat="47.0404595044" lon="9.3911253943">
				<ele>1009.2</ele>
				<extensions>
					<swisstopo:routepoint_id>2041876468</swisstopo:routepoint_id>
				</extensions>
			</trkpt>
			<trkpt lat="47.0403576442" lon="9.3907316376">
				<ele>1014.7</ele>
				<extensions>
					<swisstopo:routepoint_id>1943423613</swisstopo:routepoint_id>
				</extensions>
			</trkpt>
			<trkpt lat="47.0403149915" lon="9.3905517775">
				<ele>1017.0</ele>
				<extensions>
					<swisstopo:routepoint_id>187303324</swisstopo:routepoint_id>
				</extensions>
			</trkpt>
			<trkpt lat="47.0402968012" lon="9.3903895311">
				<ele>1019.4</ele>
				<extensions>
					<swisstopo:routepoint_id>90602321</swisstopo:routepoint_id>
				</extensions>
			</trkpt>
			<trkpt lat="47.0402718528" lon="9.3902883252">
				<ele>1020.9</ele>
				<extensions>
					<swisstopo:routepoint_id>878573699</swisstopo:routepoint_id>
				</extensions>
			</trkpt>
			<trkpt lat="47.0402450244" lon="9.3902036322">
				<ele>1022.0</ele>
				<extensions>
					<swisstopo:routepoint_id>1822480980</swisstopo:routepoint_id>
				</extensions>
			</trkpt>
			<trkpt lat="47.0402244424" lon="9.3901417508">
				<ele>1022.9</ele>
				<extensions>
					<swisstopo:routepoint_id>863471737</swisstopo:routepoint_id>
				</extensions>
			</trkpt>
			<trkpt lat="47.0401991091" lon="9.3899969957">
				<ele>1024.6</ele>
				<extensions>
					<swisstopo:routepoint_id>911201842</swisstopo:routepoint_id>
				</extensions>
			</trkpt>
			<trkpt lat="47.0401812637" lon="9.3898738762">
				<ele>1026.5</ele>
				<extensions>
					<swisstopo:routepoint_id>1955494790</swisstopo:routepoint_id>
				</extensions>
			</trkpt>
			<trkpt lat="47.0401775884" lon="9.3897855919">
				<ele>1028.3</ele>
				<extensions>
					<swisstopo:routepoint_id>1868926716</swisstopo:routepoint_id>
				</extensions>
			</trkpt>
			<trkpt lat="47.0401719434" lon="9.3896498057">
				<ele>1029.3</ele>
				<extensions>
					<swisstopo:routepoint_id>279295573</swisstopo:routepoint_id>
				</extensions>
			</trkpt>
			<trkpt lat="47.0401317892" lon="9.3895896672">
				<ele>1029.5</ele>
				<extensions>
					<swisstopo:routepoint_id>443133967</swisstopo:routepoint_id>
				</extensions>
			</trkpt>
			<trkpt lat="47.0400126289" lon="9.3894318708">
				<ele>1030.1</ele>
				<extensions>
					<swisstopo:routepoint_id>1241087154</swisstopo:routepoint_id>
				</extensions>
			</trkpt>
			<trkpt lat="47.0399690343" lon="9.3893885485">
				<ele>1030.5</ele>
				<extensions>
					<swisstopo:routepoint_id>1389223734</swisstopo:routepoint_id>
				</extensions>
			</trkpt>
			<trkpt lat="47.0399436032" lon="9.3893632782">
				<ele>1029.8</ele>
				<extensions>
					<swisstopo:routepoint_id>424545124</swisstopo:routepoint_id>
				</extensions>
			</trkpt>
			<trkpt lat="47.0398424263" lon="9.3892656880">
				<ele>1029.9</ele>
				<extensions>
					<swisstopo:routepoint_id>584587507</swisstopo:routepoint_id>
				</extensions>
			</trkpt>
			<trkpt lat="47.0398274352" lon="9.3892512220">
				<ele>1031.1</ele>
				<extensions>
					<swisstopo:routepoint_id>1795120030</swisstopo:routepoint_id>
				</extensions>
			</trkpt>
			<trkpt lat="47.0397262309" lon="9.3891490295">
				<ele>1031.9</ele>
				<extensions>
					<swisstopo:routepoint_id>2052271671</swisstopo:routepoint_id>
				</extensions>
			</trkpt>
			<trkpt lat="47.0396734444" lon="9.3891036766">
				<ele>1031.8</ele>
				<extensions>
					<swisstopo:routepoint_id>1254726852</swisstopo:routepoint_id>
				</extensions>
			</trkpt>
			<trkpt lat="47.0396244248" lon="9.3890615715">
				<ele>1029.3</ele>
				<extensions>
					<swisstopo:routepoint_id>40195430</swisstopo:routepoint_id>
				</extensions>
			</trkpt>
			<trkpt lat="47.0396131227" lon="9.3890518542">
				<ele>1029.2</ele>
				<extensions>
					<swisstopo:routepoint_id>1864596243</swisstopo:routepoint_id>
				</extensions>
			</trkpt>
			<trkpt lat="47.0395632261" lon="9.3890086247">
				<ele>1028.8</ele>
				<extensions>
					<swisstopo:routepoint_id>247990889</swisstopo:routepoint_id>
				</extensions>
			</trkpt>
			<trkpt lat="47.0395094931" lon="9.3889620807">
				<ele>1029.0</ele>
				<extensions>
					<swisstopo:routepoint_id>911548541</swisstopo:routepoint_id>
				</extensions>
			</trkpt>
			<trkpt lat="47.0394503403" lon="9.3889071393">
				<ele>1029.1</ele>
				<extensions>
					<swisstopo:routepoint_id>735133276</swisstopo:routepoint_id>
				</extensions>
			</trkpt>
			<trkpt lat="47.0394096740" lon="9.3888693614">
				<ele>1027.5</ele>
				<extensions>
					<swisstopo:routepoint_id>911960845</swisstopo:routepoint_id>
				</extensions>
			</trkpt>
			<trkpt lat="47.0393532272" lon="9.3888253156">
				<ele>1026.5</ele>
				<extensions>
					<swisstopo:routepoint_id>1925084821</swisstopo:routepoint_id>
				</extensions>
			</trkpt>
			<trkpt lat="47.0392675633" lon="9.3887414407">
				<ele>1025.8</ele>
				<extensions>
					<swisstopo:routepoint_id>822718201</swisstopo:routepoint_id>
				</extensions>
			</trkpt>
			<trkpt lat="47.0392063730" lon="9.3886626339">
				<ele>1025.0</ele>
				<extensions>
					<swisstopo:routepoint_id>1484262079</swisstopo:routepoint_id>
				</extensions>
			</trkpt>
			<trkpt lat="47.0391508923" lon="9.3885911877">
				<ele>1024.3</ele>
				<extensions>
					<swisstopo:routepoint_id>803398224</swisstopo:routepoint_id>
				</extensions>
			</trkpt>
			<trkpt lat="47.0390968841" lon="9.3885080668">
				<ele>1023.7</ele>
				<extensions>
					<swisstopo:routepoint_id>1177222005</swisstopo:routepoint_id>
				</extensions>
			</trkpt>
			<trkpt lat="47.0390668872" lon="9.3884618858">
				<ele>1023.1</ele>
				<extensions>
					<swisstopo:routepoint_id>1671598637</swisstopo:routepoint_id>
				</extensions>
			</trkpt>
			<trkpt lat="47.0389864468" lon="9.3883301560">
				<ele>1021.9</ele>
				<extensions>
					<swisstopo:routepoint_id>700168650</swisstopo:routepoint_id>
				</extensions>
			</trkpt>
			<trkpt lat="47.0389222036" lon="9.3882401723">
				<ele>1021.1</ele>
				<extensions>
					<swisstopo:routepoint_id>338257237</swisstopo:routepoint_id>
				</extensions>
			</trkpt>
			<trkpt lat="47.0388280276" lon="9.3881224809">
				<ele>1019.8</ele>
				<extensions>
					<swisstopo:routepoint_id>648980050</swisstopo:routepoint_id>
				</extensions>
			</trkpt>
			<trkpt lat="47.0387607167" lon="9.3880470390">
				<ele>1018.8</ele>
				<extensions>
					<swisstopo:routepoint_id>1787329698</swisstopo:routepoint_id>
				</extensions>
			</trkpt>
			<trkpt lat="47.0387041952" lon="9.3879877156">
				<ele>1018.1</ele>
				<extensions>
					<swisstopo:routepoint_id>2145801167</swisstopo:routepoint_id>
				</extensions>
			</trkpt>
			<trkpt lat="47.0385511607" lon="9.3878085862">
				<ele>1016.4</ele>
				<extensions>
					<swisstopo:routepoint_id>448355949</swisstopo:routepoint_id>
				</extensions>
			</trkpt>
			<trkpt lat="47.0384317470" lon="9.3876671256">
				<ele>1015.2</ele>
				<extensions>
					<swisstopo:routepoint_id>755932743</swisstopo:routepoint_id>
				</extensions>
			</trkpt>
			<trkpt lat="47.0383813468" lon="9.3875934821">
				<ele>1014.9</ele>
				<extensions>
					<swisstopo:routepoint_id>590484790</swisstopo:routepoint_id>
				</extensions>
			</trkpt>
			<trkpt lat="47.0383040850" lon="9.3874737410">
				<ele>1014.4</ele>
				<extensions>
					<swisstopo:routepoint_id>1884561599</swisstopo:routepoint_id>
				</extensions>
			</trkpt>
			<trkpt lat="47.0382436536" lon="9.3873879725">
				<ele>1014.1</ele>
				<extensions>
					<swisstopo:routepoint_id>1362685201</swisstopo:routepoint_id>
				</extensions>
			</trkpt>
			<trkpt lat="47.0382030154" lon="9.3873272805">
				<ele>1013.9</ele>
				<extensions>
					<swisstopo:routepoint_id>1411974593</swisstopo:routepoint_id>
				</extensions>
			</trkpt>
			<trkpt lat="47.0381640940" lon="9.3872353342">
				<ele>1013.4</ele>
				<extensions>
					<swisstopo:routepoint_id>1802196783</swisstopo:routepoint_id>
				</extensions>
			</trkpt>
			<trkpt lat="47.0381282084" lon="9.3871472709">
				<ele>1012.8</ele>
				<extensions>
					<swisstopo:routepoint_id>836127072</swisstopo:routepoint_id>
				</extensions>
			</trkpt>
			<trkpt lat="47.0381079411" lon="9.3870589847">
				<ele>1012.4</ele>
				<extensions>
					<swisstopo:routepoint_id>1732015051</swisstopo:routepoint_id>
				</extensions>
			</trkpt>
			<trkpt lat="47.0380826088" lon="9.3869367365">
				<ele>1012.2</ele>
				<extensions>
					<swisstopo:routepoint_id>90822003</swisstopo:routepoint_id>
				</extensions>
			</trkpt>
			<trkpt lat="47.0380372306" lon="9.3868192931">
				<ele>1012.1</ele>
				<extensions>
					<swisstopo:routepoint_id>237152405</swisstopo:routepoint_id>
				</extensions>
			</trkpt>
			<trkpt lat="47.0380049035" lon="9.3867457294">
				<ele>1012.3</ele>
				<extensions>
					<swisstopo:routepoint_id>1602800739</swisstopo:routepoint_id>
				</extensions>
			</trkpt>
			<trkpt lat="47.0379489135" lon="9.3866581442">
				<ele>1012.5</ele>
				<extensions>
					<swisstopo:routepoint_id>242353293</swisstopo:routepoint_id>
				</extensions>
			</trkpt>
			<trkpt lat="47.0378999879" lon="9.3865954296">
				<ele>1012.5</ele>
				<extensions>
					<swisstopo:routepoint_id>835395397</swisstopo:routepoint_id>
				</extensions>
			</trkpt>
			<trkpt lat="47.0378114408" lon="9.3864825237">
				<ele>1012.5</ele>
				<extensions>
					<swisstopo:routepoint_id>737428662</swisstopo:routepoint_id>
				</extensions>
			</trkpt>
			<trkpt lat="47.0377475737" lon="9.3863878986">
				<ele>1012.6</ele>
				<extensions>
					<swisstopo:routepoint_id>1112948176</swisstopo:routepoint_id>
				</extensions>
			</trkpt>
			<trkpt lat="47.0376873303" lon="9.3862899608">
				<ele>1012.6</ele>
				<extensions>
					<swisstopo:routepoint_id>1911808370</swisstopo:routepoint_id>
				</extensions>
			</trkpt>
			<trkpt lat="47.0376248931" lon="9.3861814811">
				<ele>1012.5</ele>
				<extensions>
					<swisstopo:routepoint_id>1435261982</swisstopo:routepoint_id>
				</extensions>
			</trkpt>
			<trkpt lat="47.0375388324" lon="9.3860219523">
				<ele>1012.2</ele>
				<extensions>
					<swisstopo:routepoint_id>564459483</swisstopo:routepoint_id>
				</extensions>
			</trkpt>
			<trkpt lat="47.0374556588" lon="9.3858574392">
				<ele>1011.5</ele>
				<extensions>
					<swisstopo:routepoint_id>711985681</swisstopo:routepoint_id>
				</extensions>
			</trkpt>
			<trkpt lat="47.0373711612" lon="9.3856818765">
				<ele>1010.6</ele>
				<extensions>
					<swisstopo:routepoint_id>136759653</swisstopo:routepoint_id>
				</extensions>
			</trkpt>
			<trkpt lat="47.0373299640" lon="9.3856100486">
				<ele>1010.3</ele>
				<extensions>
					<swisstopo:routepoint_id>252871238</swisstopo:routepoint_id>
				</extensions>
			</trkpt>
			<trkpt lat="47.0372816661" lon="9.3855387984">
				<ele>1010.0</ele>
				<extensions>
					<swisstopo:routepoint_id>1145245957</swisstopo:routepoint_id>
				</extensions>
			</trkpt>
			<trkpt lat="47.0372308179" lon="9.3854883869">
				<ele>1009.8</ele>
				<extensions>
					<swisstopo:routepoint_id>934473324</swisstopo:routepoint_id>
				</extensions>
			</trkpt>
			<trkpt lat="47.0371906875" lon="9.3854640256">
				<ele>1009.7</ele>
				<extensions>
					<swisstopo:routepoint_id>611705759</swisstopo:routepoint_id>
				</extensions>
			</trkpt>
			<trkpt lat="47.0371291749" lon="9.3854408928">
				<ele>1009.5</ele>
				<extensions>
					<swisstopo:routepoint_id>1239691679</swisstopo:routepoint_id>
				</extensions>
			</trkpt>
			<trkpt lat="47.0370750286" lon="9.3854093132">
				<ele>1009.3</ele>
				<extensions>
					<swisstopo:routepoint_id>1781487279</swisstopo:routepoint_id>
				</extensions>
			</trkpt>
			<trkpt lat="47.0370460300" lon="9.3853860696">
				<ele>1008.9</ele>
				<extensions>
					<swisstopo:routepoint_id>745406890</swisstopo:routepoint_id>
				</extensions>
			</trkpt>
			<trkpt lat="47.0369688059" lon="9.3853215007">
				<ele>1008.5</ele>
				<extensions>
					<swisstopo:routepoint_id>926144278</swisstopo:routepoint_id>
				</extensions>
			</trkpt>
			<trkpt lat="47.0368380353" lon="9.3852153558">
				<ele>1007.9</ele>
				<extensions>
					<swisstopo:routepoint_id>2003155071</swisstopo:routepoint_id>
				</extensions>
			</trkpt>
			<trkpt lat="47.0367464270" lon="9.3851398798">
				<ele>1007.4</ele>
				<extensions>
					<swisstopo:routepoint_id>1453411207</swisstopo:routepoint_id>
				</extensions>
			</trkpt>
			<trkpt lat="47.0366775027" lon="9.3850796809">
				<ele>1006.7</ele>
				<extensions>
					<swisstopo:routepoint_id>1436129120</swisstopo:routepoint_id>
				</extensions>
			</trkpt>
			<trkpt lat="47.0365857677" lon="9.3849842085">
				<ele>1005.9</ele>
				<extensions>
					<swisstopo:routepoint_id>1750577860</swisstopo:routepoint_id>
				</extensions>
			</trkpt>
			<trkpt lat="47.0364232221" lon="9.3848081171">
				<ele>1004.6</ele>
				<extensions>
					<swisstopo:routepoint_id>92739705</swisstopo:routepoint_id>
				</extensions>
			</trkpt>
			<trkpt lat="47.0363282613" lon="9.3847137236">
				<ele>1004.1</ele>
				<extensions>
					<swisstopo:routepoint_id>179526820</swisstopo:routepoint_id>
				</extensions>
			</trkpt>
			<trkpt lat="47.0362693503" lon="9.3846495964">
				<ele>1003.9</ele>
				<extensions>
					<swisstopo:routepoint_id>749911409</swisstopo:routepoint_id>
				</extensions>
			</trkpt>
			<trkpt lat="47.0362434121" lon="9.3846225704">
				<ele>1003.8</ele>
				<extensions>
					<swisstopo:routepoint_id>1541755673</swisstopo:routepoint_id>
				</extensions>
			</trkpt>
			<trkpt lat="47.0362249927" lon="9.3845853422">
				<ele>1003.8</ele>
				<extensions>
					<swisstopo:routepoint_id>1246518994</swisstopo:routepoint_id>
				</extensions>
			</trkpt>
			<trkpt lat="47.0362023831" lon="9.3845148726">
				<ele>1003.6</ele>
				<extensions>
					<swisstopo:routepoint_id>1038486709</swisstopo:routepoint_id>
				</extensions>
			</trkpt>
			<trkpt lat="47.0361719320" lon="9.3844057018">
				<ele>1003.3</ele>
				<extensions>
					<swisstopo:routepoint_id>692209044</swisstopo:routepoint_id>
				</extensions>
			</trkpt>
			<trkpt lat="47.0361597131" lon="9.3843728117">
				<ele>1003.3</ele>
				<extensions>
					<swisstopo:routepoint_id>2100759853</swisstopo:routepoint_id>
				</extensions>
			</trkpt>
			<trkpt lat="47.0361411956" lon="9.3843092193">
				<ele>1003.2</ele>
				<extensions>
					<swisstopo:routepoint_id>134797913</swisstopo:routepoint_id>
				</extensions>
			</trkpt>
			<trkpt lat="47.0361356359" lon="9.3842665586">
				<ele>1003.2</ele>
				<extensions>
					<swisstopo:routepoint_id>441208772</swisstopo:routepoint_id>
				</extensions>
			</trkpt>
			<trkpt lat="47.0361292821" lon="9.3842080090">
				<ele>1003.1</ele>
				<extensions>
					<swisstopo:routepoint_id>2014625803</swisstopo:routepoint_id>
				</extensions>
			</trkpt>
			<trkpt lat="47.0361335866" lon="9.3841391077">
				<ele>1002.9</ele>
				<extensions>
					<swisstopo:routepoint_id>754875976</swisstopo:routepoint_id>
				</extensions>
			</trkpt>
			<trkpt lat="47.0361326576" lon="9.3840705178">
				<ele>1002.8</ele>
				<extensions>
					<swisstopo:routepoint_id>1682306454</swisstopo:routepoint_id>
				</extensions>
			</trkpt>
			<trkpt lat="47.0361281105" lon="9.3840282409">
				<ele>1002.3</ele>
				<extensions>
					<swisstopo:routepoint_id>1495173943</swisstopo:routepoint_id>
				</extensions>
			</trkpt>
			<trkpt lat="47.0361023167" lon="9.3839138543">
				<ele>1002.6</ele>
				<extensions>
					<swisstopo:routepoint_id>1486985326</swisstopo:routepoint_id>
				</extensions>
			</trkpt>
			<trkpt lat="47.0360756310" lon="9.3837530437">
				<ele>1002.9</ele>
				<extensions>
					<swisstopo:routepoint_id>1387193994</swisstopo:routepoint_id>
				</extensions>
			</trkpt>
			<trkpt lat="47.0360584467" lon="9.3836932080">
				<ele>1002.9</ele>
				<extensions>
					<swisstopo:routepoint_id>512964036</swisstopo:routepoint_id>
				</extensions>
			</trkpt>
			<trkpt lat="47.0360406180" lon="9.3836543051">
				<ele>1002.6</ele>
				<extensions>
					<swisstopo:routepoint_id>1262429428</swisstopo:routepoint_id>
				</extensions>
			</trkpt>
			<trkpt lat="47.0360193869" lon="9.3836237873">
				<ele>1002.4</ele>
				<extensions>
					<swisstopo:routepoint_id>1840647609</swisstopo:routepoint_id>
				</extensions>
			</trkpt>
			<trkpt lat="47.0359906765" lon="9.3836032290">
				<ele>1002.3</ele>
				<extensions>
					<swisstopo:routepoint_id>304720751</swisstopo:routepoint_id>
				</extensions>
			</trkpt>
			<trkpt lat="47.0359641358" lon="9.3835946317">
				<ele>1002.1</ele>
				<extensions>
					<swisstopo:routepoint_id>1679851980</swisstopo:routepoint_id>
				</extensions>
			</trkpt>
			<trkpt lat="47.0359204778" lon="9.3836000523">
				<ele>1002.3</ele>
				<extensions>
					<swisstopo:routepoint_id>665287066</swisstopo:routepoint_id>
				</extensions>
			</trkpt>
			<trkpt lat="47.0358867902" lon="9.3836113550">
				<ele>1001.9</ele>
				<extensions>
					<swisstopo:routepoint_id>2100630478</swisstopo:routepoint_id>
				</extensions>
			</trkpt>
			<trkpt lat="47.0358680041" lon="9.3836222023">
				<ele>1001.9</ele>
				<extensions>
					<swisstopo:routepoint_id>1421090395</swisstopo:routepoint_id>
				</extensions>
			</trkpt>
			<trkpt lat="47.0357948944" lon="9.3836762361">
				<ele>1001.8</ele>
				<extensions>
					<swisstopo:routepoint_id>617612278</swisstopo:routepoint_id>
				</extensions>
			</trkpt>
			<trkpt lat="47.0357607489" lon="9.3837249296">
				<ele>1001.3</ele>
				<extensions>
					<swisstopo:routepoint_id>1767906310</swisstopo:routepoint_id>
				</extensions>
			</trkpt>
			<trkpt lat="47.0357263339" lon="9.3837864209">
				<ele>1001.3</ele>
				<extensions>
					<swisstopo:routepoint_id>1879009635</swisstopo:routepoint_id>
				</extensions>
			</trkpt>
			<trkpt lat="47.0357007436" lon="9.3838301357">
				<ele>1001.1</ele>
				<extensions>
					<swisstopo:routepoint_id>931322653</swisstopo:routepoint_id>
				</extensions>
			</trkpt>
			<trkpt lat="47.0356691654" lon="9.3838491750">
				<ele>1001.4</ele>
				<extensions>
					<swisstopo:routepoint_id>619627508</swisstopo:routepoint_id>
				</extensions>
			</trkpt>
			<trkpt lat="47.0356377169" lon="9.3838605650">
				<ele>1001.5</ele>
				<extensions>
					<swisstopo:routepoint_id>1003184015</swisstopo:routepoint_id>
				</extensions>
			</trkpt>
			<trkpt lat="47.0356077921" lon="9.3838603339">
				<ele>1001.6</ele>
				<extensions>
					<swisstopo:routepoint_id>536579224</swisstopo:routepoint_id>
				</extensions>
			</trkpt>
			<trkpt lat="47.0355579223" lon="9.3838569049">
				<ele>1001.9</ele>
				<extensions>
					<swisstopo:routepoint_id>1031416944</swisstopo:routepoint_id>
				</extensions>
			</trkpt>
			<trkpt lat="47.0355004078" lon="9.3838467146">
				<ele>1002.2</ele>
				<extensions>
					<swisstopo:routepoint_id>1132642736</swisstopo:routepoint_id>
				</extensions>
			</trkpt>
			<trkpt lat="47.0354241584" lon="9.3838293346">
				<ele>1002.6</ele>
				<extensions>
					<swisstopo:routepoint_id>957855064</swisstopo:routepoint_id>
				</extensions>
			</trkpt>
			<trkpt lat="47.0353711566" lon="9.3838110822">
				<ele>1002.7</ele>
				<extensions>
					<swisstopo:routepoint_id>1832963097</swisstopo:routepoint_id>
				</extensions>
			</trkpt>
			<trkpt lat="47.0353215734" lon="9.3837886485">
				<ele>1002.8</ele>
				<extensions>
					<swisstopo:routepoint_id>575216092</swisstopo:routepoint_id>
				</extensions>
			</trkpt>
			<trkpt lat="47.0352630481" lon="9.3837468557">
				<ele>1003.4</ele>
				<extensions>
					<swisstopo:routepoint_id>1913692973</swisstopo:routepoint_id>
				</extensions>
			</trkpt>
			<trkpt lat="47.0351150102" lon="9.3836214812">
				<ele>1003.8</ele>
				<extensions>
					<swisstopo:routepoint_id>481818709</swisstopo:routepoint_id>
				</extensions>
			</trkpt>
			<trkpt lat="47.0349422434" lon="9.3834780782">
				<ele>1002.8</ele>
				<extensions>
					<swisstopo:routepoint_id>920251029</swisstopo:routepoint_id>
				</extensions>
			</trkpt>
			<trkpt lat="47.0347948209" lon="9.3833594171">
				<ele>1002.4</ele>
				<extensions>
					<swisstopo:routepoint_id>388485187</swisstopo:routepoint_id>
				</extensions>
			</trkpt>
			<trkpt lat="47.0346815937" lon="9.3832648422">
				<ele>1001.8</ele>
				<extensions>
					<swisstopo:routepoint_id>1922242665</swisstopo:routepoint_id>
				</extensions>
			</trkpt>
			<trkpt lat="47.0345823958" lon="9.3831678784">
				<ele>1001.1</ele>
				<extensions>
					<swisstopo:routepoint_id>387394846</swisstopo:routepoint_id>
				</extensions>
			</trkpt>
			<trkpt lat="47.0343465305" lon="9.3829221541">
				<ele>999.9</ele>
				<extensions>
					<swisstopo:routepoint_id>1339085858</swisstopo:routepoint_id>
				</extensions>
			</trkpt>
			<trkpt lat="47.0342940238" lon="9.3828440489">
				<ele>999.8</ele>
				<extensions>
					<swisstopo:routepoint_id>372410688</swisstopo:routepoint_id>
				</extensions>
			</trkpt>
			<trkpt lat="47.0342695264" lon="9.3828164857">
				<ele>999.7</ele>
				<extensions>
					<swisstopo:routepoint_id>1721893380</swisstopo:routepoint_id>
				</extensions>
			</trkpt>
			<trkpt lat="47.0342497375" lon="9.3827942021">
				<ele>999.6</ele>
				<extensions>
					<swisstopo:routepoint_id>1666775664</swisstopo:routepoint_id>
				</extensions>
			</trkpt>
			<trkpt lat="47.0342272686" lon="9.3827781443">
				<ele>999.5</ele>
				<extensions>
					<swisstopo:routepoint_id>482059564</swisstopo:routepoint_id>
				</extensions>
			</trkpt>
			<trkpt lat="47.0342085503" lon="9.3827647676">
				<ele>999.5</ele>
				<extensions>
					<swisstopo:routepoint_id>98414022</swisstopo:routepoint_id>
				</extensions>
			</trkpt>
			<trkpt lat="47.0341910197" lon="9.3827606425">
				<ele>999.4</ele>
				<extensions>
					<swisstopo:routepoint_id>1631413674</swisstopo:routepoint_id>
				</extensions>
			</trkpt>
			<trkpt lat="47.0341691041" lon="9.3827554910">
				<ele>999.3</ele>
				<extensions>
					<swisstopo:routepoint_id>1252912987</swisstopo:routepoint_id>
				</extensions>
			</trkpt>
			<trkpt lat="47.0340835515" lon="9.3827473053">
				<ele>999.1</ele>
				<extensions>
					<swisstopo:routepoint_id>580036960</swisstopo:routepoint_id>
				</extensions>
			</trkpt>
			<trkpt lat="47.0340420346" lon="9.3827373302">
				<ele>998.9</ele>
				<extensions>
					<swisstopo:routepoint_id>351666272</swisstopo:routepoint_id>
				</extensions>
			</trkpt>
			<trkpt lat="47.0339711866" lon="9.3827112672">
				<ele>998.6</ele>
				<extensions>
					<swisstopo:routepoint_id>1975010793</swisstopo:routepoint_id>
				</extensions>
			</trkpt>
			<trkpt lat="47.0338651813" lon="9.3826447497">
				<ele>998.3</ele>
				<extensions>
					<swisstopo:routepoint_id>408863878</swisstopo:routepoint_id>
				</extensions>
			</trkpt>
			<trkpt lat="47.0336984639" lon="9.3825363310">
				<ele>997.7</ele>
				<extensions>
					<swisstopo:routepoint_id>1695446503</swisstopo:routepoint_id>
				</extensions>
			</trkpt>
			<trkpt lat="47.0335545522" lon="9.3824308283">
				<ele>997.2</ele>
				<extensions>
					<swisstopo:routepoint_id>1732321726</swisstopo:routepoint_id>
				</extensions>
			</trkpt>
			<trkpt lat="47.0334968002" lon="9.3823827689">
				<ele>997.3</ele>
				<extensions>
					<swisstopo:routepoint_id>1534658828</swisstopo:routepoint_id>
				</extensions>
			</trkpt>
			<trkpt lat="47.0334631351" lon="9.3823429216">
				<ele>997.2</ele>
				<extensions>
					<swisstopo:routepoint_id>1776010583</swisstopo:routepoint_id>
				</extensions>
			</trkpt>
			<trkpt lat="47.0334395432" lon="9.3823054765">
				<ele>997.3</ele>
				<extensions>
					<swisstopo:routepoint_id>798304656</swisstopo:routepoint_id>
				</extensions>
			</trkpt>
			<trkpt lat="47.0334054186" lon="9.3822123152">
				<ele>997.2</ele>
				<extensions>
					<swisstopo:routepoint_id>513184544</swisstopo:routepoint_id>
				</extensions>
			</trkpt>
			<trkpt lat="47.0333544349" lon="9.3821018289">
				<ele>997.3</ele>
				<extensions>
					<swisstopo:routepoint_id>1573557107</swisstopo:routepoint_id>
				</extensions>
			</trkpt>
			<trkpt lat="47.0333058458" lon="9.3820185859">
				<ele>997.5</ele>
				<extensions>
					<swisstopo:routepoint_id>702718280</swisstopo:routepoint_id>
				</extensions>
			</trkpt>
			<trkpt lat="47.0332761164" lon="9.3819767030">
				<ele>997.6</ele>
				<extensions>
					<swisstopo:routepoint_id>788274489</swisstopo:routepoint_id>
				</extensions>
			</trkpt>
			<trkpt lat="47.0332306563" lon="9.3819323351">
				<ele>997.8</ele>
				<extensions>
					<swisstopo:routepoint_id>1948715498</swisstopo:routepoint_id>
				</extensions>
			</trkpt>
			<trkpt lat="47.0331808622" lon="9.3819119720">
				<ele>998.1</ele>
				<extensions>
					<swisstopo:routepoint_id>699290726</swisstopo:routepoint_id>
				</extensions>
			</trkpt>
			<trkpt lat="47.0331113579" lon="9.3819139702">
				<ele>998.4</ele>
				<extensions>
					<swisstopo:routepoint_id>804884797</swisstopo:routepoint_id>
				</extensions>
			</trkpt>
			<trkpt lat="47.0330517398" lon="9.3819195589">
				<ele>998.6</ele>
				<extensions>
					<swisstopo:routepoint_id>358323855</swisstopo:routepoint_id>
				</extensions>
			</trkpt>
			<trkpt lat="47.0329899472" lon="9.3819113814">
				<ele>998.6</ele>
				<extensions>
					<swisstopo:routepoint_id>282527796</swisstopo:routepoint_id>
				</extensions>
			</trkpt>
			<trkpt lat="47.0328963953" lon="9.3818649559">
				<ele>998.8</ele>
				<extensions>
					<swisstopo:routepoint_id>1276598539</swisstopo:routepoint_id>
				</extensions>
			</trkpt>
			<trkpt lat="47.0328236392" lon="9.3817989783">
				<ele>1000.0</ele>
				<extensions>
					<swisstopo:routepoint_id>1745201895</swisstopo:routepoint_id>
				</extensions>
			</trkpt>
			<trkpt lat="47.0327509798" lon="9.3817086051">
				<ele>1000.7</ele>
				<extensions>
					<swisstopo:routepoint_id>659796708</swisstopo:routepoint_id>
				</extensions>
			</trkpt>
			<trkpt lat="47.0327218070" lon="9.3816686193">
				<ele>1001.0</ele>
				<extensions>
					<swisstopo:routepoint_id>1186413129</swisstopo:routepoint_id>
				</extensions>
			</trkpt>
			<trkpt lat="47.0326600167" lon="9.3816187704">
				<ele>1001.5</ele>
				<extensions>
					<swisstopo:routepoint_id>1823904801</swisstopo:routepoint_id>
				</extensions>
			</trkpt>
			<trkpt lat="47.0325489396" lon="9.3815419263">
				<ele>1002.5</ele>
				<extensions>
					<swisstopo:routepoint_id>89805285</swisstopo:routepoint_id>
				</extensions>
			</trkpt>
			<trkpt lat="47.0325375707" lon="9.3815319719">
				<ele>1002.7</ele>
				<extensions>
					<swisstopo:routepoint_id>1644446025</swisstopo:routepoint_id>
				</extensions>
			</trkpt>
			<trkpt lat="47.0324812370" lon="9.3814826357">
				<ele>1002.8</ele>
				<extensions>
					<swisstopo:routepoint_id>1248058382</swisstopo:routepoint_id>
				</extensions>
			</trkpt>
			<trkpt lat="47.0323690282" lon="9.3813854326">
				<ele>1003.8</ele>
				<extensions>
					<swisstopo:routepoint_id>796484419</swisstopo:routepoint_id>
				</extensions>
			</trkpt>
			<trkpt lat="47.0322877706" lon="9.3813150420">
				<ele>1005.2</ele>
				<extensions>
					<swisstopo:routepoint_id>1374375593</swisstopo:routepoint_id>
				</extensions>
			</trkpt>
			<trkpt lat="47.0322123467" lon="9.3812498883">
				<ele>1007.1</ele>
				<extensions>
					<swisstopo:routepoint_id>1315378773</swisstopo:routepoint_id>
				</extensions>
			</trkpt>
			<trkpt lat="47.0321557766" lon="9.3812010196">
				<ele>1007.8</ele>
				<extensions>
					<swisstopo:routepoint_id>1577565805</swisstopo:routepoint_id>
				</extensions>
			</trkpt>
			<trkpt lat="47.0320720905" lon="9.3810783573">
				<ele>1008.7</ele>
				<extensions>
					<swisstopo:routepoint_id>1308107792</swisstopo:routepoint_id>
				</extensions>
			</trkpt>
			<trkpt lat="47.0319411733" lon="9.3808866608">
				<ele>1009.5</ele>
				<extensions>
					<swisstopo:routepoint_id>1533355856</swisstopo:routepoint_id>
				</extensions>
			</trkpt>
			<trkpt lat="47.0318493655" lon="9.3807412729">
				<ele>1009.6</ele>
				<extensions>
					<swisstopo:routepoint_id>1695385636</swisstopo:routepoint_id>
				</extensions>
			</trkpt>
			<trkpt lat="47.0317633980" lon="9.3805877433">
				<ele>1009.1</ele>
				<extensions>
					<swisstopo:routepoint_id>958910732</swisstopo:routepoint_id>
				</extensions>
			</trkpt>
			<trkpt lat="47.0317217706" lon="9.3805152046">
				<ele>1009.0</ele>
				<extensions>
					<swisstopo:routepoint_id>2039827920</swisstopo:routepoint_id>
				</extensions>
			</trkpt>
			<trkpt lat="47.0316491638" lon="9.3804164706">
				<ele>1009.1</ele>
				<extensions>
					<swisstopo:routepoint_id>621226741</swisstopo:routepoint_id>
				</extensions>
			</trkpt>
			<trkpt lat="47.0315400014" lon="9.3802829988">
				<ele>1008.7</ele>
				<extensions>
					<swisstopo:routepoint_id>1702742209</swisstopo:routepoint_id>
				</extensions>
			</trkpt>
			<trkpt lat="47.0314504028" lon="9.3801752901">
				<ele>1009.0</ele>
				<extensions>
					<swisstopo:routepoint_id>175406099</swisstopo:routepoint_id>
				</extensions>
			</trkpt>
			<trkpt lat="47.0313805878" lon="9.3800808349">
				<ele>1009.4</ele>
				<extensions>
					<swisstopo:routepoint_id>1963117401</swisstopo:routepoint_id>
				</extensions>
			</trkpt>
			<trkpt lat="47.0312910593" lon="9.3799689592">
				<ele>1010.0</ele>
				<extensions>
					<swisstopo:routepoint_id>1280915047</swisstopo:routepoint_id>
				</extensions>
			</trkpt>
			<trkpt lat="47.0312268727" lon="9.3798788979">
				<ele>1010.6</ele>
				<extensions>
					<swisstopo:routepoint_id>1632506217</swisstopo:routepoint_id>
				</extensions>
			</trkpt>
			<trkpt lat="47.0311903883" lon="9.3798399669">
				<ele>1010.9</ele>
				<extensions>
					<swisstopo:routepoint_id>574437526</swisstopo:routepoint_id>
				</extensions>
			</trkpt>
			<trkpt lat="47.0311282084" lon="9.3798001186">
				<ele>1011.7</ele>
				<extensions>
					<swisstopo:routepoint_id>741757423</swisstopo:routepoint_id>
				</extensions>
			</trkpt>
			<trkpt lat="47.0310440615" lon="9.3797098170">
				<ele>1012.0</ele>
				<extensions>
					<swisstopo:routepoint_id>677880794</swisstopo:routepoint_id>
				</extensions>
			</trkpt>
			<trkpt lat="47.0308481632" lon="9.3795351873">
				<ele>1012.8</ele>
				<extensions>
					<swisstopo:routepoint_id>642739372</swisstopo:routepoint_id>
				</extensions>
			</trkpt>
			<trkpt lat="47.0307131376" lon="9.3794215895">
				<ele>1014.1</ele>
				<extensions>
					<swisstopo:routepoint_id>285994594</swisstopo:routepoint_id>
				</extensions>
			</trkpt>
			<trkpt lat="47.0303824892" lon="9.3791232744">
				<ele>1020.3</ele>
				<extensions>
					<swisstopo:routepoint_id>119357156</swisstopo:routepoint_id>
				</extensions>
			</trkpt>
			<trkpt lat="47.0302951772" lon="9.3790356558">
				<ele>1021.2</ele>
				<extensions>
					<swisstopo:routepoint_id>916524041</swisstopo:routepoint_id>
				</extensions>
			</trkpt>
			<trkpt lat="47.0302356640" lon="9.3789555077">
				<ele>1021.3</ele>
				<extensions>
					<swisstopo:routepoint_id>2140510655</swisstopo:routepoint_id>
				</extensions>
			</trkpt>
			<trkpt lat="47.0302052325" lon="9.3788781601">
				<ele>1021.1</ele>
				<extensions>
					<swisstopo:routepoint_id>2089090894</swisstopo:routepoint_id>
				</extensions>
			</trkpt>
			<trkpt lat="47.0301801991" lon="9.3786618159">
				<ele>1019.5</ele>
				<extensions>
					<swisstopo:routepoint_id>974778030</swisstopo:routepoint_id>
				</extensions>
			</trkpt>
			<trkpt lat="47.0301485713" lon="9.3785600914">
				<ele>1019.5</ele>
				<extensions>
					<swisstopo:routepoint_id>1387035745</swisstopo:routepoint_id>
				</extensions>
			</trkpt>
			<trkpt lat="47.0301095406" lon="9.3785407710">
				<ele>1019.5</ele>
				<extensions>
					<swisstopo:routepoint_id>1956545287</swisstopo:routepoint_id>
				</extensions>
			</trkpt>
			<trkpt lat="47.0300826587" lon="9.3785502722">
				<ele>1019.4</ele>
				<extensions>
					<swisstopo:routepoint_id>800104222</swisstopo:routepoint_id>
				</extensions>
			</trkpt>
			<trkpt lat="47.0300691159" lon="9.3785550703">
				<ele>1019.5</ele>
				<extensions>
					<swisstopo:routepoint_id>2111626992</swisstopo:routepoint_id>
				</extensions>
			</trkpt>
			<trkpt lat="47.0300213321" lon="9.3786060184">
				<ele>1019.8</ele>
				<extensions>
					<swisstopo:routepoint_id>242639114</swisstopo:routepoint_id>
				</extensions>
			</trkpt>
			<trkpt lat="47.0299567904" lon="9.3786882245">
				<ele>1020.7</ele>
				<extensions>
					<swisstopo:routepoint_id>537045065</swisstopo:routepoint_id>
				</extensions>
			</trkpt>
			<trkpt lat="47.0299047465" lon="9.3787297140">
				<ele>1022.0</ele>
				<extensions>
					<swisstopo:routepoint_id>1233809671</swisstopo:routepoint_id>
				</extensions>
			</trkpt>
			<trkpt lat="47.0298316683" lon="9.3787305331">
				<ele>1023.6</ele>
				<extensions>
					<swisstopo:routepoint_id>1204463299</swisstopo:routepoint_id>
				</extensions>
			</trkpt>
			<trkpt lat="47.0297670257" lon="9.3786856052">
				<ele>1025.4</ele>
				<extensions>
					<swisstopo:routepoint_id>1363539148</swisstopo:routepoint_id>
				</extensions>
			</trkpt>
			<trkpt lat="47.0297329851" lon="9.3786788218">
				<ele>1026.0</ele>
				<extensions>
					<swisstopo:routepoint_id>1074397932</swisstopo:routepoint_id>
				</extensions>
			</trkpt>
			<trkpt lat="47.0296878614" lon="9.3786524377">
				<ele>1026.3</ele>
				<extensions>
					<swisstopo:routepoint_id>1225536387</swisstopo:routepoint_id>
				</extensions>
			</trkpt>
			<trkpt lat="47.0296256344" lon="9.3785799934">
				<ele>1027.4</ele>
				<extensions>
					<swisstopo:routepoint_id>511037820</swisstopo:routepoint_id>
				</extensions>
			</trkpt>
			<trkpt lat="47.0295138529" lon="9.3784360457">
				<ele>1029.7</ele>
				<extensions>
					<swisstopo:routepoint_id>1464310920</swisstopo:routepoint_id>
				</extensions>
			</trkpt>
			<trkpt lat="47.0294148236" lon="9.3783106734">
				<ele>1031.5</ele>
				<extensions>
					<swisstopo:routepoint_id>2143737577</swisstopo:routepoint_id>
				</extensions>
			</trkpt>
			<trkpt lat="47.0293557718" lon="9.3782292011">
				<ele>1032.8</ele>
				<extensions>
					<swisstopo:routepoint_id>1184968144</swisstopo:routepoint_id>
				</extensions>
			</trkpt>
			<trkpt lat="47.0293347824" lon="9.3782233078">
				<ele>1031.9</ele>
				<extensions>
					<swisstopo:routepoint_id>414694437</swisstopo:routepoint_id>
				</extensions>
			</trkpt>
			<trkpt lat="47.0292969412" lon="9.3782126347">
				<ele>1032.1</ele>
				<extensions>
					<swisstopo:routepoint_id>437008911</swisstopo:routepoint_id>
				</extensions>
			</trkpt>
			<trkpt lat="47.0292682667" lon="9.3781820915">
				<ele>1033.6</ele>
				<extensions>
					<swisstopo:routepoint_id>384239920</swisstopo:routepoint_id>
				</extensions>
			</trkpt>
			<trkpt lat="47.0292252459" lon="9.3781362957">
				<ele>1034.8</ele>
				<extensions>
					<swisstopo:routepoint_id>1013264090</swisstopo:routepoint_id>
				</extensions>
			</trkpt>
			<trkpt lat="47.0292109085" lon="9.3781210241">
				<ele>1035.7</ele>
				<extensions>
					<swisstopo:routepoint_id>664736312</swisstopo:routepoint_id>
				</extensions>
			</trkpt>
			<trkpt lat="47.0291678966" lon="9.3780752158">
				<ele>1035.4</ele>
				<extensions>
					<swisstopo:routepoint_id>760928771</swisstopo:routepoint_id>
				</extensions>
			</trkpt>
			<trkpt lat="47.0291354611" lon="9.3780400003">
				<ele>1035.2</ele>
				<extensions>
					<swisstopo:routepoint_id>101880490</swisstopo:routepoint_id>
				</extensions>
			</trkpt>
			<trkpt lat="47.0290886069" lon="9.3779891247">
				<ele>1035.9</ele>
				<extensions>
					<swisstopo:routepoint_id>1944713690</swisstopo:routepoint_id>
				</extensions>
			</trkpt>
			<trkpt lat="47.0289795303" lon="9.3778707095">
				<ele>1038.9</ele>
				<extensions>
					<swisstopo:routepoint_id>952281362</swisstopo:routepoint_id>
				</extensions>
			</trkpt>
			<trkpt lat="47.0288369157" lon="9.3777506127">
				<ele>1041.1</ele>
				<extensions>
					<swisstopo:routepoint_id>813460652</swisstopo:routepoint_id>
				</extensions>
			</trkpt>
			<trkpt lat="47.0287834562" lon="9.3777079034">
				<ele>1041.1</ele>
				<extensions>
					<swisstopo:routepoint_id>2120188589</swisstopo:routepoint_id>
				</extensions>
			</trkpt>
			<trkpt lat="47.0285817401" lon="9.3775742522">
				<ele>1043.9</ele>
				<extensions>
					<swisstopo:routepoint_id>1728002710</swisstopo:routepoint_id>
				</extensions>
			</trkpt>
			<trkpt lat="47.0284146565" lon="9.3774836066">
				<ele>1045.6</ele>
				<extensions>
					<swisstopo:routepoint_id>1656554174</swisstopo:routepoint_id>
				</extensions>
			</trkpt>
			<trkpt lat="47.0283661594" lon="9.3774623647">
				<ele>1045.7</ele>
				<extensions>
					<swisstopo:routepoint_id>1150057082</swisstopo:routepoint_id>
				</extensions>
			</trkpt>
			<trkpt lat="47.0282531037" lon="9.3773812939">
				<ele>1046.6</ele>
				<extensions>
					<swisstopo:routepoint_id>353489012</swisstopo:routepoint_id>
				</extensions>
			</trkpt>
			<trkpt lat="47.0282358037" lon="9.3774025275">
				<ele>1046.2</ele>
				<extensions>
					<swisstopo:routepoint_id>508686017</swisstopo:routepoint_id>
				</extensions>
			</trkpt>
			<trkpt lat="47.0282033740" lon="9.3774049337">
				<ele>1045.9</ele>
				<extensions>
					<swisstopo:routepoint_id>442764296</swisstopo:routepoint_id>
				</extensions>
			</trkpt>
			<trkpt lat="47.0281580774" lon="9.3773653606">
				<ele>1045.5</ele>
				<extensions>
					<swisstopo:routepoint_id>2114161194</swisstopo:routepoint_id>
				</extensions>
			</trkpt>
			<trkpt lat="47.0281199017" lon="9.3773755200">
				<ele>1045.2</ele>
				<extensions>
					<swisstopo:routepoint_id>554022477</swisstopo:routepoint_id>
				</extensions>
			</trkpt>
			<trkpt lat="47.0280898002" lon="9.3773831573">
				<ele>1045.2</ele>
				<extensions>
					<swisstopo:routepoint_id>1625946536</swisstopo:routepoint_id>
				</extensions>
			</trkpt>
			<trkpt lat="47.0279796514" lon="9.3774369381">
				<ele>1044.7</ele>
				<extensions>
					<swisstopo:routepoint_id>1897528298</swisstopo:routepoint_id>
				</extensions>
			</trkpt>
			<trkpt lat="47.0279472908" lon="9.3774357680">
				<ele>1044.6</ele>
				<extensions>
					<swisstopo:routepoint_id>1506175241</swisstopo:routepoint_id>
				</extensions>
			</trkpt>
			<trkpt lat="47.0279189765" lon="9.3774208268">
				<ele>1044.4</ele>
				<extensions>
					<swisstopo:routepoint_id>126585053</swisstopo:routepoint_id>
				</extensions>
			</trkpt>
			<trkpt lat="47.0278932731" lon="9.3773641897">
				<ele>1044.1</ele>
				<extensions>
					<swisstopo:routepoint_id>1838024564</swisstopo:routepoint_id>
				</extensions>
			</trkpt>
			<trkpt lat="47.0278425323" lon="9.3773233532">
				<ele>1043.8</ele>
				<extensions>
					<swisstopo:routepoint_id>750776727</swisstopo:routepoint_id>
				</extensions>
			</trkpt>
			<trkpt lat="47.0277821867" lon="9.3772877467">
				<ele>1043.2</ele>
				<extensions>
					<swisstopo:routepoint_id>556241274</swisstopo:routepoint_id>
				</extensions>
			</trkpt>
			<trkpt lat="47.0276987179" lon="9.3772680164">
				<ele>1040.2</ele>
				<extensions>
					<swisstopo:routepoint_id>1522194855</swisstopo:routepoint_id>
				</extensions>
			</trkpt>
			<trkpt lat="47.0276420425" lon="9.3772409020">
				<ele>1038.3</ele>
				<extensions>
					<swisstopo:routepoint_id>2141441104</swisstopo:routepoint_id>
				</extensions>
			</trkpt>
			<trkpt lat="47.0275820258" lon="9.3771858197">
				<ele>1037.3</ele>
				<extensions>
					<swisstopo:routepoint_id>1994922124</swisstopo:routepoint_id>
				</extensions>
			</trkpt>
			<trkpt lat="47.0275347669" lon="9.3771646102">
				<ele>1035.6</ele>
				<extensions>
					<swisstopo:routepoint_id>612024401</swisstopo:routepoint_id>
				</extensions>
			</trkpt>
			<trkpt lat="47.0275046881" lon="9.3771412397">
				<ele>1034.5</ele>
				<extensions>
					<swisstopo:routepoint_id>1344976789</swisstopo:routepoint_id>
				</extensions>
			</trkpt>
			<trkpt lat="47.0274818940" lon="9.3771376270">
				<ele>1032.3</ele>
				<extensions>
					<swisstopo:routepoint_id>1019454365</swisstopo:routepoint_id>
				</extensions>
			</trkpt>
			<trkpt lat="47.0274613815" lon="9.3771118205">
				<ele>1034.2</ele>
				<extensions>
					<swisstopo:routepoint_id>1734453649</swisstopo:routepoint_id>
				</extensions>
			</trkpt>
			<trkpt lat="47.0274052702" lon="9.3770512960">
				<ele>1035.4</ele>
				<extensions>
					<swisstopo:routepoint_id>1502971209</swisstopo:routepoint_id>
				</extensions>
			</trkpt>
			<trkpt lat="47.0273278423" lon="9.3769423320">
				<ele>1036.6</ele>
				<extensions>
					<swisstopo:routepoint_id>1912598215</swisstopo:routepoint_id>
				</extensions>
			</trkpt>
			<trkpt lat="47.0272989545" lon="9.3768765210">
				<ele>1037.6</ele>
				<extensions>
					<swisstopo:routepoint_id>1301994614</swisstopo:routepoint_id>
				</extensions>
			</trkpt>
			<trkpt lat="47.0273028613" lon="9.3767997068">
				<ele>1038.1</ele>
				<extensions>
					<swisstopo:routepoint_id>756239080</swisstopo:routepoint_id>
				</extensions>
			</trkpt>
			<trkpt lat="47.0272811952" lon="9.3767292866">
				<ele>1038.5</ele>
				<extensions>
					<swisstopo:routepoint_id>833381602</swisstopo:routepoint_id>
				</extensions>
			</trkpt>
			<trkpt lat="47.0272141542" lon="9.3767519348">
				<ele>1038.3</ele>
				<extensions>
					<swisstopo:routepoint_id>736534130</swisstopo:routepoint_id>
				</extensions>
			</trkpt>
			<trkpt lat="47.0271512449" lon="9.3767552249">
				<ele>1037.9</ele>
				<extensions>
					<swisstopo:routepoint_id>386940978</swisstopo:routepoint_id>
				</extensions>
			</trkpt>
			<trkpt lat="47.0270549241" lon="9.3767071842">
				<ele>1037.3</ele>
				<extensions>
					<swisstopo:routepoint_id>1801752475</swisstopo:routepoint_id>
				</extensions>
			</trkpt>
			<trkpt lat="47.0269721602" lon="9.3766456910">
				<ele>1036.7</ele>
				<extensions>
					<swisstopo:routepoint_id>410897940</swisstopo:routepoint_id>
				</extensions>
			</trkpt>
			<trkpt lat="47.0269145661" lon="9.3765600492">
				<ele>1038.4</ele>
				<extensions>
					<swisstopo:routepoint_id>1765849640</swisstopo:routepoint_id>
				</extensions>
			</trkpt>
			<trkpt lat="47.0268818506" lon="9.3764669540">
				<ele>1038.9</ele>
				<extensions>
					<swisstopo:routepoint_id>607155391</swisstopo:routepoint_id>
				</extensions>
			</trkpt>
			<trkpt lat="47.0268308188" lon="9.3763314140">
				<ele>1039.9</ele>
				<extensions>
					<swisstopo:routepoint_id>514834222</swisstopo:routepoint_id>
				</extensions>
			</trkpt>
			<trkpt lat="47.0267666145" lon="9.3762984646">
				<ele>1038.9</ele>
				<extensions>
					<swisstopo:routepoint_id>1697624952</swisstopo:routepoint_id>
				</extensions>
			</trkpt>
			<trkpt lat="47.0266808258" lon="9.3763037171">
				<ele>1035.6</ele>
				<extensions>
					<swisstopo:routepoint_id>1324469901</swisstopo:routepoint_id>
				</extensions>
			</trkpt>
			<trkpt lat="47.0265459195" lon="9.3762849185">
				<ele>1030.7</ele>
				<extensions>
					<swisstopo:routepoint_id>771189878</swisstopo:routepoint_id>
				</extensions>
			</trkpt>
			<trkpt lat="47.0264542617" lon="9.3762479575">
				<ele>1026.6</ele>
				<extensions>
					<swisstopo:routepoint_id>1518246676</swisstopo:routepoint_id>
				</extensions>
			</trkpt>
			<trkpt lat="47.0263441811" lon="9.3761634274">
				<ele>1024.4</ele>
				<extensions>
					<swisstopo:routepoint_id>2064138102</swisstopo:routepoint_id>
				</extensions>
			</trkpt>
			<trkpt lat="47.0262480949" lon="9.3761014609">
				<ele>1021.8</ele>
				<extensions>
					<swisstopo:routepoint_id>481572114</swisstopo:routepoint_id>
				</extensions>
			</trkpt>
			<trkpt lat="47.0261855614" lon="9.3760824895">
				<ele>1020.2</ele>
				<extensions>
					<swisstopo:routepoint_id>509588050</swisstopo:routepoint_id>
				</extensions>
			</trkpt>
			<trkpt lat="47.0261130946" lon="9.3760882299">
				<ele>1017.5</ele>
				<extensions>
					<swisstopo:routepoint_id>976856195</swisstopo:routepoint_id>
				</extensions>
			</trkpt>
			<trkpt lat="47.0260578929" lon="9.3760862353">
				<ele>1015.2</ele>
				<extensions>
					<swisstopo:routepoint_id>483935112</swisstopo:routepoint_id>
				</extensions>
			</trkpt>
			<trkpt lat="47.0259915099" lon="9.3760699134">
				<ele>1013.4</ele>
				<extensions>
					<swisstopo:routepoint_id>92664341</swisstopo:routepoint_id>
				</extensions>
			</trkpt>
			<trkpt lat="47.0259294462" lon="9.3760231000">
				<ele>1012.4</ele>
				<extensions>
					<swisstopo:routepoint_id>1997227914</swisstopo:routepoint_id>
				</extensions>
			</trkpt>
			<trkpt lat="47.0257594060" lon="9.3759315987">
				<ele>1006.9</ele>
				<extensions>
					<swisstopo:routepoint_id>446047192</swisstopo:routepoint_id>
				</extensions>
			</trkpt>
			<trkpt lat="47.0256612945" lon="9.3758563501">
				<ele>1005.5</ele>
				<extensions>
					<swisstopo:routepoint_id>1199944367</swisstopo:routepoint_id>
				</extensions>
			</trkpt>
			<trkpt lat="47.0256065253" lon="9.3758667331">
				<ele>1005.5</ele>
				<extensions>
					<swisstopo:routepoint_id>1324823609</swisstopo:routepoint_id>
				</extensions>
			</trkpt>
			<trkpt lat="47.0254823467" lon="9.3758058218">
				<ele>1002.7</ele>
				<extensions>
					<swisstopo:routepoint_id>419047046</swisstopo:routepoint_id>
				</extensions>
			</trkpt>
			<trkpt lat="47.0254020171" lon="9.3757895877">
				<ele>1001.4</ele>
				<extensions>
					<swisstopo:routepoint_id>818667625</swisstopo:routepoint_id>
				</extensions>
			</trkpt>
			<trkpt lat="47.0253754674" lon="9.3757830645">
				<ele>1000.4</ele>
				<extensions>
					<swisstopo:routepoint_id>755060364</swisstopo:routepoint_id>
				</extensions>
			</trkpt>
			<trkpt lat="47.0253075076" lon="9.3757471862">
				<ele>998.5</ele>
				<extensions>
					<swisstopo:routepoint_id>523020505</swisstopo:routepoint_id>
				</extensions>
			</trkpt>
			<trkpt lat="47.0252513398" lon="9.3756894456">
				<ele>998.2</ele>
				<extensions>
					<swisstopo:routepoint_id>1929278194</swisstopo:routepoint_id>
				</extensions>
			</trkpt>
			<trkpt lat="47.0251770345" lon="9.3755781337">
				<ele>997.7</ele>
				<extensions>
					<swisstopo:routepoint_id>545195128</swisstopo:routepoint_id>
				</extensions>
			</trkpt>
			<trkpt lat="47.0251521592" lon="9.3754853896">
				<ele>998.7</ele>
				<extensions>
					<swisstopo:routepoint_id>961269987</swisstopo:routepoint_id>
				</extensions>
			</trkpt>
			<trkpt lat="47.0251452493" lon="9.3753866383">
				<ele>999.7</ele>
				<extensions>
					<swisstopo:routepoint_id>465279302</swisstopo:routepoint_id>
				</extensions>
			</trkpt>
			<trkpt lat="47.0251680234" lon="9.3752596803">
				<ele>1001.2</ele>
				<extensions>
					<swisstopo:routepoint_id>1767641700</swisstopo:routepoint_id>
				</extensions>
			</trkpt>
			<trkpt lat="47.0251643919" lon="9.3752301291">
				<ele>1000.8</ele>
				<extensions>
					<swisstopo:routepoint_id>1801579079</swisstopo:routepoint_id>
				</extensions>
			</trkpt>
			<trkpt lat="47.0251488853" lon="9.3752039461">
				<ele>1000.9</ele>
				<extensions>
					<swisstopo:routepoint_id>2136091254</swisstopo:routepoint_id>
				</extensions>
			</trkpt>
			<trkpt lat="47.0251063600" lon="9.3751860008">
				<ele>1001.9</ele>
				<extensions>
					<swisstopo:routepoint_id>1274281134</swisstopo:routepoint_id>
				</extensions>
			</trkpt>
			<trkpt lat="47.0250176950" lon="9.3751971584">
				<ele>1005.3</ele>
				<extensions>
					<swisstopo:routepoint_id>535828715</swisstopo:routepoint_id>
				</extensions>
			</trkpt>
			<trkpt lat="47.0249354253" lon="9.3752282138">
				<ele>1009.1</ele>
				<extensions>
					<swisstopo:routepoint_id>681318417</swisstopo:routepoint_id>
				</extensions>
			</trkpt>
			<trkpt lat="47.0248846310" lon="9.3752608106">
				<ele>1009.2</ele>
				<extensions>
					<swisstopo:routepoint_id>1133771864</swisstopo:routepoint_id>
				</extensions>
			</trkpt>
			<trkpt lat="47.0247887259" lon="9.3752813247">
				<ele>1009.8</ele>
				<extensions>
					<swisstopo:routepoint_id>1337085896</swisstopo:routepoint_id>
				</extensions>
			</trkpt>
			<trkpt lat="47.0247347533" lon="9.3752809558">
				<ele>1009.8</ele>
				<extensions>
					<swisstopo:routepoint_id>1533229807</swisstopo:routepoint_id>
				</extensions>
			</trkpt>
			<trkpt lat="47.0247224478" lon="9.3752733539">
				<ele>1010.1</ele>
				<extensions>
					<swisstopo:routepoint_id>1253546011</swisstopo:routepoint_id>
				</extensions>
			</trkpt>
			<trkpt lat="47.0246880256" lon="9.3752105275">
				<ele>1010.2</ele>
				<extensions>
					<swisstopo:routepoint_id>2008413251</swisstopo:routepoint_id>
				</extensions>
			</trkpt>
			<trkpt lat="47.0246641717" lon="9.3750322282">
				<ele>1010.2</ele>
				<extensions>
					<swisstopo:routepoint_id>568326780</swisstopo:routepoint_id>
				</extensions>
			</trkpt>
			<trkpt lat="47.0246445497" lon="9.3749744469">
				<ele>1010.9</ele>
				<extensions>
					<swisstopo:routepoint_id>346171329</swisstopo:routepoint_id>
				</extensions>
			</trkpt>
			<trkpt lat="47.0245767621" lon="9.3749252125">
				<ele>1009.7</ele>
				<extensions>
					<swisstopo:routepoint_id>50107679</swisstopo:routepoint_id>
				</extensions>
			</trkpt>
			<trkpt lat="47.0244910144" lon="9.3749087714">
				<ele>1008.4</ele>
				<extensions>
					<swisstopo:routepoint_id>1868557801</swisstopo:routepoint_id>
				</extensions>
			</trkpt>
			<trkpt lat="47.0243689401" lon="9.3748538248">
				<ele>1007.6</ele>
				<extensions>
					<swisstopo:routepoint_id>204292701</swisstopo:routepoint_id>
				</extensions>
			</trkpt>
			<trkpt lat="47.0242645561" lon="9.3747607496">
				<ele>1008.6</ele>
				<extensions>
					<swisstopo:routepoint_id>623800765</swisstopo:routepoint_id>
				</extensions>
			</trkpt>
			<trkpt lat="47.0241890307" lon="9.3747019267">
				<ele>1007.6</ele>
				<extensions>
					<swisstopo:routepoint_id>614498284</swisstopo:routepoint_id>
				</extensions>
			</trkpt>
			<trkpt lat="47.0241136167" lon="9.3746651520">
				<ele>1008.2</ele>
				<extensions>
					<swisstopo:routepoint_id>1343315885</swisstopo:routepoint_id>
				</extensions>
			</trkpt>
			<trkpt lat="47.0240636488" lon="9.3746633478">
				<ele>1009.6</ele>
				<extensions>
					<swisstopo:routepoint_id>1645542793</swisstopo:routepoint_id>
				</extensions>
			</trkpt>
			<trkpt lat="47.0240218683" lon="9.3746705384">
				<ele>1010.7</ele>
				<extensions>
					<swisstopo:routepoint_id>1622689378</swisstopo:routepoint_id>
				</extensions>
			</trkpt>
			<trkpt lat="47.0239559455" lon="9.3746977641">
				<ele>1007.0</ele>
				<extensions>
					<swisstopo:routepoint_id>1258278941</swisstopo:routepoint_id>
				</extensions>
			</trkpt>
			<trkpt lat="47.0239067524" lon="9.3747203573">
				<ele>1007.9</ele>
				<extensions>
					<swisstopo:routepoint_id>1693708218</swisstopo:routepoint_id>
				</extensions>
			</trkpt>
			<trkpt lat="47.0238417809" lon="9.3747615203">
				<ele>1008.1</ele>
				<extensions>
					<swisstopo:routepoint_id>1717499935</swisstopo:routepoint_id>
				</extensions>
			</trkpt>
			<trkpt lat="47.0238081989" lon="9.3747759843">
				<ele>1008.0</ele>
				<extensions>
					<swisstopo:routepoint_id>1229407846</swisstopo:routepoint_id>
				</extensions>
			</trkpt>
			<trkpt lat="47.0237808439" lon="9.3747749966">
				<ele>1007.6</ele>
				<extensions>
					<swisstopo:routepoint_id>561508452</swisstopo:routepoint_id>
				</extensions>
			</trkpt>
			<trkpt lat="47.0237549387" lon="9.3747583847">
				<ele>1007.6</ele>
				<extensions>
					<swisstopo:routepoint_id>1056206422</swisstopo:routepoint_id>
				</extensions>
			</trkpt>
			<trkpt lat="47.0237293562" lon="9.3747226448">
				<ele>1008.4</ele>
				<extensions>
					<swisstopo:routepoint_id>683649296</swisstopo:routepoint_id>
				</extensions>
			</trkpt>
			<trkpt lat="47.0236965077" lon="9.3746936199">
				<ele>1009.0</ele>
				<extensions>
					<swisstopo:routepoint_id>659989093</swisstopo:routepoint_id>
				</extensions>
			</trkpt>
			<trkpt lat="47.0236373608" lon="9.3746723383">
				<ele>1009.6</ele>
				<extensions>
					<swisstopo:routepoint_id>110818606</swisstopo:routepoint_id>
				</extensions>
			</trkpt>
			<trkpt lat="47.0236179810" lon="9.3746720754">
				<ele>1009.7</ele>
				<extensions>
					<swisstopo:routepoint_id>127524216</swisstopo:routepoint_id>
				</extensions>
			</trkpt>
			<trkpt lat="47.0235617795" lon="9.3745975551">
				<ele>1011.0</ele>
				<extensions>
					<swisstopo:routepoint_id>1814642130</swisstopo:routepoint_id>
				</extensions>
			</trkpt>
			<trkpt lat="47.0234991827" lon="9.3744734294">
				<ele>1013.6</ele>
				<extensions>
					<swisstopo:routepoint_id>1854224421</swisstopo:routepoint_id>
				</extensions>
			</trkpt>
			<trkpt lat="47.0234570587" lon="9.3743858292">
				<ele>1014.8</ele>
				<extensions>
					<swisstopo:routepoint_id>1498250728</swisstopo:routepoint_id>
				</extensions>
			</trkpt>
			<trkpt lat="47.0234288314" lon="9.3743354934">
				<ele>1015.0</ele>
				<extensions>
					<swisstopo:routepoint_id>784233081</swisstopo:routepoint_id>
				</extensions>
			</trkpt>
			<trkpt lat="47.0234060160" lon="9.3743076020">
				<ele>1015.0</ele>
				<extensions>
					<swisstopo:routepoint_id>425531313</swisstopo:routepoint_id>
				</extensions>
			</trkpt>
			<trkpt lat="47.0233612291" lon="9.3742867238">
				<ele>1014.9</ele>
				<extensions>
					<swisstopo:routepoint_id>1796388298</swisstopo:routepoint_id>
				</extensions>
			</trkpt>
			<trkpt lat="47.0232884181" lon="9.3742435679">
				<ele>1014.9</ele>
				<extensions>
					<swisstopo:routepoint_id>1068290574</swisstopo:routepoint_id>
				</extensions>
			</trkpt>
			<trkpt lat="47.0231396029" lon="9.3741329713">
				<ele>1014.5</ele>
				<extensions>
					<swisstopo:routepoint_id>478446306</swisstopo:routepoint_id>
				</extensions>
			</trkpt>
			<trkpt lat="47.0230590033" lon="9.3740769807">
				<ele>1014.8</ele>
				<extensions>
					<swisstopo:routepoint_id>2049765640</swisstopo:routepoint_id>
				</extensions>
			</trkpt>
			<trkpt lat="47.0229554012" lon="9.3740047149">
				<ele>1015.3</ele>
				<extensions>
					<swisstopo:routepoint_id>1179084987</swisstopo:routepoint_id>
				</extensions>
			</trkpt>
			<trkpt lat="47.0228497429" lon="9.3739246270">
				<ele>1015.4</ele>
				<extensions>
					<swisstopo:routepoint_id>1619467295</swisstopo:routepoint_id>
				</extensions>
			</trkpt>
			<trkpt lat="47.0227683327" lon="9.3738734521">
				<ele>1015.5</ele>
				<extensions>
					<swisstopo:routepoint_id>2093276407</swisstopo:routepoint_id>
				</extensions>
			</trkpt>
			<trkpt lat="47.0226869608" lon="9.3738273026">
				<ele>1015.1</ele>
				<extensions>
					<swisstopo:routepoint_id>191784301</swisstopo:routepoint_id>
				</extensions>
			</trkpt>
			<trkpt lat="47.0226406778" lon="9.3738013342">
				<ele>1015.4</ele>
				<extensions>
					<swisstopo:routepoint_id>1141920220</swisstopo:routepoint_id>
				</extensions>
			</trkpt>
			<trkpt lat="47.0225511444" lon="9.3737159954">
				<ele>1016.2</ele>
				<extensions>
					<swisstopo:routepoint_id>1194108205</swisstopo:routepoint_id>
				</extensions>
			</trkpt>
			<trkpt lat="47.0225203121" lon="9.3736888049">
				<ele>1015.9</ele>
				<extensions>
					<swisstopo:routepoint_id>928981985</swisstopo:routepoint_id>
				</extensions>
			</trkpt>
			<trkpt lat="47.0224691586" lon="9.3736551696">
				<ele>1015.7</ele>
				<extensions>
					<swisstopo:routepoint_id>1745820078</swisstopo:routepoint_id>
				</extensions>
			</trkpt>
			<trkpt lat="47.0224126798" lon="9.3736179114">
				<ele>1015.8</ele>
				<extensions>
					<swisstopo:routepoint_id>1474734015</swisstopo:routepoint_id>
				</extensions>
			</trkpt>
			<trkpt lat="47.0223423556" lon="9.3735830706">
				<ele>1016.0</ele>
				<extensions>
					<swisstopo:routepoint_id>1938406715</swisstopo:routepoint_id>
				</extensions>
			</trkpt>
			<trkpt lat="47.0222765535" lon="9.3735552095">
				<ele>1015.8</ele>
				<extensions>
					<swisstopo:routepoint_id>33208584</swisstopo:routepoint_id>
				</extensions>
			</trkpt>
			<trkpt lat="47.0221715292" lon="9.3735089078">
				<ele>1015.0</ele>
				<extensions>
					<swisstopo:routepoint_id>1148043897</swisstopo:routepoint_id>
				</extensions>
			</trkpt>
			<trkpt lat="47.0221078827" lon="9.3734913077">
				<ele>1014.6</ele>
				<extensions>
					<swisstopo:routepoint_id>42105680</swisstopo:routepoint_id>
				</extensions>
			</trkpt>
			<trkpt lat="47.0220231264" lon="9.3734848444">
				<ele>1013.6</ele>
				<extensions>
					<swisstopo:routepoint_id>108098606</swisstopo:routepoint_id>
				</extensions>
			</trkpt>
			<trkpt lat="47.0219432444" lon="9.3734649755">
				<ele>1012.6</ele>
				<extensions>
					<swisstopo:routepoint_id>425746630</swisstopo:routepoint_id>
				</extensions>
			</trkpt>
			<trkpt lat="47.0218590720" lon="9.3734228316">
				<ele>1011.3</ele>
				<extensions>
					<swisstopo:routepoint_id>595576071</swisstopo:routepoint_id>
				</extensions>
			</trkpt>
			<trkpt lat="47.0217814415" lon="9.3733788618">
				<ele>1010.3</ele>
				<extensions>
					<swisstopo:routepoint_id>121803266</swisstopo:routepoint_id>
				</extensions>
			</trkpt>
			<trkpt lat="47.0217086810" lon="9.3733170533">
				<ele>1009.0</ele>
				<extensions>
					<swisstopo:routepoint_id>441335772</swisstopo:routepoint_id>
				</extensions>
			</trkpt>
			<trkpt lat="47.0216312194" lon="9.3732515995">
				<ele>1006.9</ele>
				<extensions>
					<swisstopo:routepoint_id>1127496700</swisstopo:routepoint_id>
				</extensions>
			</trkpt>
			<trkpt lat="47.0215936337" lon="9.3732304301">
				<ele>1006.0</ele>
				<extensions>
					<swisstopo:routepoint_id>702052874</swisstopo:routepoint_id>
				</extensions>
			</trkpt>
			<trkpt lat="47.0215332916" lon="9.3731955842">
				<ele>1004.7</ele>
				<extensions>
					<swisstopo:routepoint_id>598659067</swisstopo:routepoint_id>
				</extensions>
			</trkpt>
			<trkpt lat="47.0214678582" lon="9.3731520935">
				<ele>1003.6</ele>
				<extensions>
					<swisstopo:routepoint_id>94971084</swisstopo:routepoint_id>
				</extensions>
			</trkpt>
			<trkpt lat="47.0213914571" lon="9.3730518640">
				<ele>1003.0</ele>
				<extensions>
					<swisstopo:routepoint_id>1170152330</swisstopo:routepoint_id>
				</extensions>
			</trkpt>
			<trkpt lat="47.0213184919" lon="9.3729740390">
				<ele>1002.0</ele>
				<extensions>
					<swisstopo:routepoint_id>2101427156</swisstopo:routepoint_id>
				</extensions>
			</trkpt>
			<trkpt lat="47.0212790422" lon="9.3729419837">
				<ele>1001.9</ele>
				<extensions>
					<swisstopo:routepoint_id>1365509114</swisstopo:routepoint_id>
				</extensions>
			</trkpt>
			<trkpt lat="47.0212316888" lon="9.3729263408">
				<ele>1001.6</ele>
				<extensions>
					<swisstopo:routepoint_id>1205237774</swisstopo:routepoint_id>
				</extensions>
			</trkpt>
			<trkpt lat="47.0211655397" lon="9.3728961172">
				<ele>1000.7</ele>
				<extensions>
					<swisstopo:routepoint_id>1132525305</swisstopo:routepoint_id>
				</extensions>
			</trkpt>
			<trkpt lat="47.0210883497" lon="9.3728432024">
				<ele>1000.3</ele>
				<extensions>
					<swisstopo:routepoint_id>741279536</swisstopo:routepoint_id>
				</extensions>
			</trkpt>
			<trkpt lat="47.0209960644" lon="9.3727813849">
				<ele>999.0</ele>
				<extensions>
					<swisstopo:routepoint_id>129222779</swisstopo:routepoint_id>
				</extensions>
			</trkpt>
			<trkpt lat="47.0208280634" lon="9.3726917813">
				<ele>994.7</ele>
				<extensions>
					<swisstopo:routepoint_id>115386860</swisstopo:routepoint_id>
				</extensions>
			</trkpt>
			<trkpt lat="47.0206920099" lon="9.3726283860">
				<ele>991.4</ele>
				<extensions>
					<swisstopo:routepoint_id>1464926245</swisstopo:routepoint_id>
				</extensions>
			</trkpt>
			<trkpt lat="47.0206092348" lon="9.3725669188">
				<ele>989.3</ele>
				<extensions>
					<swisstopo:routepoint_id>2054679715</swisstopo:routepoint_id>
				</extensions>
			</trkpt>
			<trkpt lat="47.0205472722" lon="9.3725145541">
				<ele>987.5</ele>
				<extensions>
					<swisstopo:routepoint_id>158816527</swisstopo:routepoint_id>
				</extensions>
			</trkpt>
			<trkpt lat="47.0204615006" lon="9.3724056247">
				<ele>985.0</ele>
				<extensions>
					<swisstopo:routepoint_id>251083726</swisstopo:routepoint_id>
				</extensions>
			</trkpt>
			<trkpt lat="47.0204160318" lon="9.3723657468">
				<ele>984.1</ele>
				<extensions>
					<swisstopo:routepoint_id>417066562</swisstopo:routepoint_id>
				</extensions>
			</trkpt>
			<trkpt lat="47.0203625670" lon="9.3723347161">
				<ele>983.1</ele>
				<extensions>
					<swisstopo:routepoint_id>1640887848</swisstopo:routepoint_id>
				</extensions>
			</trkpt>
			<trkpt lat="47.0203158958" lon="9.3722973520">
				<ele>982.7</ele>
				<extensions>
					<swisstopo:routepoint_id>264204771</swisstopo:routepoint_id>
				</extensions>
			</trkpt>
			<trkpt lat="47.0202710697" lon="9.3722464475">
				<ele>981.5</ele>
				<extensions>
					<swisstopo:routepoint_id>364297024</swisstopo:routepoint_id>
				</extensions>
			</trkpt>
			<trkpt lat="47.0202026758" lon="9.3721674217">
				<ele>979.6</ele>
				<extensions>
					<swisstopo:routepoint_id>1069738644</swisstopo:routepoint_id>
				</extensions>
			</trkpt>
			<trkpt lat="47.0201812581" lon="9.3720925247">
				<ele>980.2</ele>
				<extensions>
					<swisstopo:routepoint_id>211783789</swisstopo:routepoint_id>
				</extensions>
			</trkpt>
			<trkpt lat="47.0201475545" lon="9.3720375436">
				<ele>981.1</ele>
				<extensions>
					<swisstopo:routepoint_id>1288860554</swisstopo:routepoint_id>
				</extensions>
			</trkpt>
			<trkpt lat="47.0201176114" lon="9.3719648513">
				<ele>981.8</ele>
				<extensions>
					<swisstopo:routepoint_id>75846175</swisstopo:routepoint_id>
				</extensions>
			</trkpt>
			<trkpt lat="47.0200895732" lon="9.3719246068">
				<ele>982.9</ele>
				<extensions>
					<swisstopo:routepoint_id>1308657307</swisstopo:routepoint_id>
				</extensions>
			</trkpt>
			<trkpt lat="47.0200512905" lon="9.3718905584">
				<ele>984.1</ele>
				<extensions>
					<swisstopo:routepoint_id>370492280</swisstopo:routepoint_id>
				</extensions>
			</trkpt>
			<trkpt lat="47.0199916505" lon="9.3718557404">
				<ele>984.6</ele>
				<extensions>
					<swisstopo:routepoint_id>97001879</swisstopo:routepoint_id>
				</extensions>
			</trkpt>
			<trkpt lat="47.0199345110" lon="9.3718451554">
				<ele>986.0</ele>
				<extensions>
					<swisstopo:routepoint_id>122284694</swisstopo:routepoint_id>
				</extensions>
			</trkpt>
			<trkpt lat="47.0198937376" lon="9.3718436853">
				<ele>986.8</ele>
				<extensions>
					<swisstopo:routepoint_id>1264706100</swisstopo:routepoint_id>
				</extensions>
			</trkpt>
			<trkpt lat="47.0198172891" lon="9.3718594123">
				<ele>988.3</ele>
				<extensions>
					<swisstopo:routepoint_id>1956154689</swisstopo:routepoint_id>
				</extensions>
			</trkpt>
			<trkpt lat="47.0198023894" lon="9.3718597423">
				<ele>988.5</ele>
				<extensions>
					<swisstopo:routepoint_id>249785161</swisstopo:routepoint_id>
				</extensions>
			</trkpt>
			<trkpt lat="47.0197470727" lon="9.3718802205">
				<ele>987.2</ele>
				<extensions>
					<swisstopo:routepoint_id>2036208079</swisstopo:routepoint_id>
				</extensions>
			</trkpt>
			<trkpt lat="47.0196848095" lon="9.3718634247">
				<ele>986.3</ele>
				<extensions>
					<swisstopo:routepoint_id>79340517</swisstopo:routepoint_id>
				</extensions>
			</trkpt>
			<trkpt lat="47.0196399768" lon="9.3718728839">
				<ele>985.8</ele>
				<extensions>
					<swisstopo:routepoint_id>389457339</swisstopo:routepoint_id>
				</extensions>
			</trkpt>
			<trkpt lat="47.0196166725" lon="9.3718807809">
				<ele>986.1</ele>
				<extensions>
					<swisstopo:routepoint_id>421546856</swisstopo:routepoint_id>
				</extensions>
			</trkpt>
			<trkpt lat="47.0195882054" lon="9.3719233822">
				<ele>985.9</ele>
				<extensions>
					<swisstopo:routepoint_id>1174004956</swisstopo:routepoint_id>
				</extensions>
			</trkpt>
			<trkpt lat="47.0195384442" lon="9.3719687748">
				<ele>986.2</ele>
				<extensions>
					<swisstopo:routepoint_id>2056579003</swisstopo:routepoint_id>
				</extensions>
			</trkpt>
			<trkpt lat="47.0194681111" lon="9.3720335595">
				<ele>986.0</ele>
				<extensions>
					<swisstopo:routepoint_id>1412015879</swisstopo:routepoint_id>
				</extensions>
			</trkpt>
			<trkpt lat="47.0194428826" lon="9.3720560473">
				<ele>986.0</ele>
				<extensions>
					<swisstopo:routepoint_id>1804880022</swisstopo:routepoint_id>
				</extensions>
			</trkpt>
			<trkpt lat="47.0194023438" lon="9.3720630722">
				<ele>986.2</ele>
				<extensions>
					<swisstopo:routepoint_id>837149417</swisstopo:routepoint_id>
				</extensions>
			</trkpt>
			<trkpt lat="47.0193331994" lon="9.3720692840">
				<ele>985.2</ele>
				<extensions>
					<swisstopo:routepoint_id>1403510295</swisstopo:routepoint_id>
				</extensions>
			</trkpt>
			<trkpt lat="47.0192492278" lon="9.3721080336">
				<ele>983.9</ele>
				<extensions>
					<swisstopo:routepoint_id>1521734174</swisstopo:routepoint_id>
				</extensions>
			</trkpt>
			<trkpt lat="47.0191923510" lon="9.3721261874">
				<ele>983.1</ele>
				<extensions>
					<swisstopo:routepoint_id>615190576</swisstopo:routepoint_id>
				</extensions>
			</trkpt>
			<trkpt lat="47.0191683530" lon="9.3721131801">
				<ele>982.5</ele>
				<extensions>
					<swisstopo:routepoint_id>1084958579</swisstopo:routepoint_id>
				</extensions>
			</trkpt>
			<trkpt lat="47.0191357030" lon="9.3720702580">
				<ele>981.8</ele>
				<extensions>
					<swisstopo:routepoint_id>1943877770</swisstopo:routepoint_id>
				</extensions>
			</trkpt>
			<trkpt lat="47.0191116676" lon="9.3720464310">
				<ele>981.0</ele>
				<extensions>
					<swisstopo:routepoint_id>668880424</swisstopo:routepoint_id>
				</extensions>
			</trkpt>
			<trkpt lat="47.0190568458" lon="9.3720239676">
				<ele>978.6</ele>
				<extensions>
					<swisstopo:routepoint_id>1301153975</swisstopo:routepoint_id>
				</extensions>
			</trkpt>
			<trkpt lat="47.0189980184" lon="9.3720097689">
				<ele>976.9</ele>
				<extensions>
					<swisstopo:routepoint_id>1959478960</swisstopo:routepoint_id>
				</extensions>
			</trkpt>
			<trkpt lat="47.0189640310" lon="9.3719867717">
				<ele>976.4</ele>
				<extensions>
					<swisstopo:routepoint_id>67453047</swisstopo:routepoint_id>
				</extensions>
			</trkpt>
			<trkpt lat="47.0189333495" lon="9.3719594803">
				<ele>976.8</ele>
				<extensions>
					<swisstopo:routepoint_id>993184854</swisstopo:routepoint_id>
				</extensions>
			</trkpt>
			<trkpt lat="47.0188755904" lon="9.3719501900">
				<ele>977.1</ele>
				<extensions>
					<swisstopo:routepoint_id>800046903</swisstopo:routepoint_id>
				</extensions>
			</trkpt>
			<trkpt lat="47.0188187163" lon="9.3719624527">
				<ele>977.3</ele>
				<extensions>
					<swisstopo:routepoint_id>729249076</swisstopo:routepoint_id>
				</extensions>
			</trkpt>
			<trkpt lat="47.0186987766" lon="9.3719732063">
				<ele>977.4</ele>
				<extensions>
					<swisstopo:routepoint_id>640953604</swisstopo:routepoint_id>
				</extensions>
			</trkpt>
			<trkpt lat="47.0185555555" lon="9.3719466631">
				<ele>977.0</ele>
				<extensions>
					<swisstopo:routepoint_id>2120178325</swisstopo:routepoint_id>
				</extensions>
			</trkpt>
			<trkpt lat="47.0184071533" lon="9.3718896753">
				<ele>976.5</ele>
				<extensions>
					<swisstopo:routepoint_id>1601251726</swisstopo:routepoint_id>
				</extensions>
			</trkpt>
			<trkpt lat="47.0182286435" lon="9.3718193129">
				<ele>975.6</ele>
				<extensions>
					<swisstopo:routepoint_id>67559506</swisstopo:routepoint_id>
				</extensions>
			</trkpt>
			<trkpt lat="47.0181264510" lon="9.3717764865">
				<ele>976.0</ele>
				<extensions>
					<swisstopo:routepoint_id>880105606</swisstopo:routepoint_id>
				</extensions>
			</trkpt>
			<trkpt lat="47.0180330354" lon="9.3717457393">
				<ele>976.0</ele>
				<extensions>
					<swisstopo:routepoint_id>2008646578</swisstopo:routepoint_id>
				</extensions>
			</trkpt>
			<trkpt lat="47.0179891750" lon="9.3717465159">
				<ele>975.6</ele>
				<extensions>
					<swisstopo:routepoint_id>585831718</swisstopo:routepoint_id>
				</extensions>
			</trkpt>
			<trkpt lat="47.0179697673" lon="9.3717426941">
				<ele>975.6</ele>
				<extensions>
					<swisstopo:routepoint_id>2142663123</swisstopo:routepoint_id>
				</extensions>
			</trkpt>
			<trkpt lat="47.0179297231" lon="9.3717193187">
				<ele>975.9</ele>
				<extensions>
					<swisstopo:routepoint_id>471610479</swisstopo:routepoint_id>
				</extensions>
			</trkpt>
			<trkpt lat="47.0178639457" lon="9.3716664796">
				<ele>976.1</ele>
				<extensions>
					<swisstopo:routepoint_id>1457408823</swisstopo:routepoint_id>
				</extensions>
			</trkpt>
			<trkpt lat="47.0178372938" lon="9.3716237493">
				<ele>976.3</ele>
				<extensions>
					<swisstopo:routepoint_id>1486216440</swisstopo:routepoint_id>
				</extensions>
			</trkpt>
			<trkpt lat="47.0178002210" lon="9.3715632341">
				<ele>977.0</ele>
				<extensions>
					<swisstopo:routepoint_id>744878229</swisstopo:routepoint_id>
				</extensions>
			</trkpt>
			<trkpt lat="47.0177654611" lon="9.3715062713">
				<ele>977.8</ele>
				<extensions>
					<swisstopo:routepoint_id>1683711364</swisstopo:routepoint_id>
				</extensions>
			</trkpt>
			<trkpt lat="47.0177294653" lon="9.3714527716">
				<ele>978.3</ele>
				<extensions>
					<swisstopo:routepoint_id>349048703</swisstopo:routepoint_id>
				</extensions>
			</trkpt>
			<trkpt lat="47.0176826772" lon="9.3714040737">
				<ele>978.2</ele>
				<extensions>
					<swisstopo:routepoint_id>1394026039</swisstopo:routepoint_id>
				</extensions>
			</trkpt>
			<trkpt lat="47.0175998041" lon="9.3713233490">
				<ele>976.2</ele>
				<extensions>
					<swisstopo:routepoint_id>882867766</swisstopo:routepoint_id>
				</extensions>
			</trkpt>
			<trkpt lat="47.0175460230" lon="9.3712604846">
				<ele>974.5</ele>
				<extensions>
					<swisstopo:routepoint_id>1514675672</swisstopo:routepoint_id>
				</extensions>
			</trkpt>
			<trkpt lat="47.0174232666" lon="9.3710952341">
				<ele>971.8</ele>
				<extensions>
					<swisstopo:routepoint_id>849909467</swisstopo:routepoint_id>
				</extensions>
			</trkpt>
			<trkpt lat="47.0173523298" lon="9.3709919228">
				<ele>970.9</ele>
				<extensions>
					<swisstopo:routepoint_id>342482661</swisstopo:routepoint_id>
				</extensions>
			</trkpt>
			<trkpt lat="47.0173041444" lon="9.3709444409">
				<ele>970.6</ele>
				<extensions>
					<swisstopo:routepoint_id>1343044154</swisstopo:routepoint_id>
				</extensions>
			</trkpt>
			<trkpt lat="47.0172398645" lon="9.3708823683">
				<ele>970.5</ele>
				<extensions>
					<swisstopo:routepoint_id>1953859433</swisstopo:routepoint_id>
				</extensions>
			</trkpt>
			<trkpt lat="47.0171811639" lon="9.3708341543">
				<ele>969.8</ele>
				<extensions>
					<swisstopo:routepoint_id>510697835</swisstopo:routepoint_id>
				</extensions>
			</trkpt>
			<trkpt lat="47.0171557273" lon="9.3708159507">
				<ele>969.5</ele>
				<extensions>
					<swisstopo:routepoint_id>605036340</swisstopo:routepoint_id>
				</extensions>
			</trkpt>
			<trkpt lat="47.0171178582" lon="9.3708024063">
				<ele>969.2</ele>
				<extensions>
					<swisstopo:routepoint_id>1845336102</swisstopo:routepoint_id>
				</extensions>
			</trkpt>
			<trkpt lat="47.0170801767" lon="9.3707974834">
				<ele>969.5</ele>
				<extensions>
					<swisstopo:routepoint_id>1098320181</swisstopo:routepoint_id>
				</extensions>
			</trkpt>
			<trkpt lat="47.0170534920" lon="9.3707417121">
				<ele>970.1</ele>
				<extensions>
					<swisstopo:routepoint_id>340836390</swisstopo:routepoint_id>
				</extensions>
			</trkpt>
			<trkpt lat="47.0170164451" lon="9.3706520535">
				<ele>970.9</ele>
				<extensions>
					<swisstopo:routepoint_id>1843531558</swisstopo:routepoint_id>
				</extensions>
			</trkpt>
			<trkpt lat="47.0170024739" lon="9.3706075330">
				<ele>970.9</ele>
				<extensions>
					<swisstopo:routepoint_id>1470395541</swisstopo:routepoint_id>
				</extensions>
			</trkpt>
			<trkpt lat="47.0170012302" lon="9.3705750533">
				<ele>970.8</ele>
				<extensions>
					<swisstopo:routepoint_id>487669899</swisstopo:routepoint_id>
				</extensions>
			</trkpt>
			<trkpt lat="47.0170787305" lon="9.3706455381">
				<ele>972.4</ele>
				<extensions>
					<swisstopo:routepoint_id>1024642056</swisstopo:routepoint_id>
				</extensions>
			</trkpt>
			<trkpt lat="47.0171260380" lon="9.3706874483">
				<ele>973.3</ele>
				<extensions>
					<swisstopo:routepoint_id>1734709504</swisstopo:routepoint_id>
				</extensions>
			</trkpt>
			<trkpt lat="47.0171558527" lon="9.3707048102">
				<ele>974.0</ele>
				<extensions>
					<swisstopo:routepoint_id>1776916898</swisstopo:routepoint_id>
				</extensions>
			</trkpt>
			<trkpt lat="47.0172093405" lon="9.3707211436">
				<ele>974.7</ele>
				<extensions>
					<swisstopo:routepoint_id>1018713426</swisstopo:routepoint_id>
				</extensions>
			</trkpt>
			<trkpt lat="47.0172654520" lon="9.3707328748">
				<ele>975.3</ele>
				<extensions>
					<swisstopo:routepoint_id>1688327491</swisstopo:routepoint_id>
				</extensions>
			</trkpt>
			<trkpt lat="47.0173045283" lon="9.3707447286">
				<ele>975.9</ele>
				<extensions>
					<swisstopo:routepoint_id>1223145225</swisstopo:routepoint_id>
				</extensions>
			</trkpt>
			<trkpt lat="47.0173446048" lon="9.3707688016">
				<ele>976.9</ele>
				<extensions>
					<swisstopo:routepoint_id>1956024443</swisstopo:routepoint_id>
				</extensions>
			</trkpt>
			<trkpt lat="47.0173832712" lon="9.3708050071">
				<ele>977.5</ele>
				<extensions>
					<swisstopo:routepoint_id>1662573080</swisstopo:routepoint_id>
				</extensions>
			</trkpt>
			<trkpt lat="47.0174219761" lon="9.3708394636">
				<ele>978.3</ele>
				<extensions>
					<swisstopo:routepoint_id>1152996223</swisstopo:routepoint_id>
				</extensions>
			</trkpt>
			<trkpt lat="47.0174628792" lon="9.3708844460">
				<ele>979.4</ele>
				<extensions>
					<swisstopo:routepoint_id>217282989</swisstopo:routepoint_id>
				</extensions>
			</trkpt>
			<trkpt lat="47.0175191321" lon="9.3709369544">
				<ele>980.9</ele>
				<extensions>
					<swisstopo:routepoint_id>2067893891</swisstopo:routepoint_id>
				</extensions>
			</trkpt>
			<trkpt lat="47.0175779052" lon="9.3709808440">
				<ele>982.6</ele>
				<extensions>
					<swisstopo:routepoint_id>1038535580</swisstopo:routepoint_id>
				</extensions>
			</trkpt>
			<trkpt lat="47.0176748990" lon="9.3710596342">
				<ele>985.0</ele>
				<extensions>
					<swisstopo:routepoint_id>636244399</swisstopo:routepoint_id>
				</extensions>
			</trkpt>
			<trkpt lat="47.0177272885" lon="9.3710930974">
				<ele>986.1</ele>
				<extensions>
					<swisstopo:routepoint_id>1906030214</swisstopo:routepoint_id>
				</extensions>
			</trkpt>
			<trkpt lat="47.0177879290" lon="9.3711084264">
				<ele>987.5</ele>
				<extensions>
					<swisstopo:routepoint_id>980772477</swisstopo:routepoint_id>
				</extensions>
			</trkpt>
			<trkpt lat="47.0178390126" lon="9.3711082806">
				<ele>988.8</ele>
				<extensions>
					<swisstopo:routepoint_id>1623544237</swisstopo:routepoint_id>
				</extensions>
			</trkpt>
			<trkpt lat="47.0178853985" lon="9.3711022689">
				<ele>989.9</ele>
				<extensions>
					<swisstopo:routepoint_id>526905374</swisstopo:routepoint_id>
				</extensions>
			</trkpt>
			<trkpt lat="47.0179427814" lon="9.3710945608">
				<ele>990.8</ele>
				<extensions>
					<swisstopo:routepoint_id>399578049</swisstopo:routepoint_id>
				</extensions>
			</trkpt>
			<trkpt lat="47.0180049104" lon="9.3711609520">
				<ele>991.0</ele>
				<extensions>
					<swisstopo:routepoint_id>1130177452</swisstopo:routepoint_id>
				</extensions>
			</trkpt>
			<trkpt lat="47.0181552024" lon="9.3713223539">
				<ele>990.8</ele>
				<extensions>
					<swisstopo:routepoint_id>208720829</swisstopo:routepoint_id>
				</extensions>
			</trkpt>
			<trkpt lat="47.0182171392" lon="9.3713814359">
				<ele>990.3</ele>
				<extensions>
					<swisstopo:routepoint_id>481845038</swisstopo:routepoint_id>
				</extensions>
			</trkpt>
			<trkpt lat="47.0182773145" lon="9.3714163648">
				<ele>990.1</ele>
				<extensions>
					<swisstopo:routepoint_id>227720456</swisstopo:routepoint_id>
				</extensions>
			</trkpt>
			<trkpt lat="47.0184917955" lon="9.3715126799">
				<ele>991.0</ele>
				<extensions>
					<swisstopo:routepoint_id>1552968642</swisstopo:routepoint_id>
				</extensions>
			</trkpt>
			<trkpt lat="47.0185648577" lon="9.3715570860">
				<ele>991.0</ele>
				<extensions>
					<swisstopo:routepoint_id>928364471</swisstopo:routepoint_id>
				</extensions>
			</trkpt>
			<trkpt lat="47.0186410682" lon="9.3715961851">
				<ele>991.2</ele>
				<extensions>
					<swisstopo:routepoint_id>2068958385</swisstopo:routepoint_id>
				</extensions>
			</trkpt>
			<trkpt lat="47.0187015627" lon="9.3716126805">
				<ele>991.6</ele>
				<extensions>
					<swisstopo:routepoint_id>62220861</swisstopo:routepoint_id>
				</extensions>
			</trkpt>
			<trkpt lat="47.0189017985" lon="9.3716444357">
				<ele>991.8</ele>
				<extensions>
					<swisstopo:routepoint_id>2060346048</swisstopo:routepoint_id>
				</extensions>
			</trkpt>
			<trkpt lat="47.0190350635" lon="9.3716580279">
				<ele>991.6</ele>
				<extensions>
					<swisstopo:routepoint_id>499460132</swisstopo:routepoint_id>
				</extensions>
			</trkpt>
			<trkpt lat="47.0190814811" lon="9.3716725689">
				<ele>991.6</ele>
				<extensions>
					<swisstopo:routepoint_id>592641674</swisstopo:routepoint_id>
				</extensions>
			</trkpt>
			<trkpt lat="47.0191137048" lon="9.3716922292">
				<ele>992.0</ele>
				<extensions>
					<swisstopo:routepoint_id>1751038766</swisstopo:routepoint_id>
				</extensions>
			</trkpt>
			<trkpt lat="47.0191489355" lon="9.3717261939">
				<ele>992.3</ele>
				<extensions>
					<swisstopo:routepoint_id>518735477</swisstopo:routepoint_id>
				</extensions>
			</trkpt>
			<trkpt lat="47.0192071298" lon="9.3718135220">
				<ele>993.5</ele>
				<extensions>
					<swisstopo:routepoint_id>241394380</swisstopo:routepoint_id>
				</extensions>
			</trkpt>
			<trkpt lat="47.0192498066" lon="9.3718562818">
				<ele>994.4</ele>
				<extensions>
					<swisstopo:routepoint_id>561321893</swisstopo:routepoint_id>
				</extensions>
			</trkpt>
			<trkpt lat="47.0193058382" lon="9.3718796947">
				<ele>994.6</ele>
				<extensions>
					<swisstopo:routepoint_id>2017955052</swisstopo:routepoint_id>
				</extensions>
			</trkpt>
			<trkpt lat="47.0193498427" lon="9.3718777944">
				<ele>994.5</ele>
				<extensions>
					<swisstopo:routepoint_id>749509701</swisstopo:routepoint_id>
				</extensions>
			</trkpt>
			<trkpt lat="47.0193928538" lon="9.3718611883">
				<ele>995.0</ele>
				<extensions>
					<swisstopo:routepoint_id>1823367713</swisstopo:routepoint_id>
				</extensions>
			</trkpt>
			<trkpt lat="47.0194276831" lon="9.3718415112">
				<ele>995.0</ele>
				<extensions>
					<swisstopo:routepoint_id>1052959399</swisstopo:routepoint_id>
				</extensions>
			</trkpt>
			<trkpt lat="47.0194685892" lon="9.3717896608">
				<ele>995.2</ele>
				<extensions>
					<swisstopo:routepoint_id>1116927918</swisstopo:routepoint_id>
				</extensions>
			</trkpt>
			<trkpt lat="47.0195222701" lon="9.3716870899">
				<ele>995.9</ele>
				<extensions>
					<swisstopo:routepoint_id>1061605942</swisstopo:routepoint_id>
				</extensions>
			</trkpt>
			<trkpt lat="47.0195461213" lon="9.3716482290">
				<ele>996.2</ele>
				<extensions>
					<swisstopo:routepoint_id>800817613</swisstopo:routepoint_id>
				</extensions>
			</trkpt>
			<trkpt lat="47.0195705453" lon="9.3716260974">
				<ele>996.8</ele>
				<extensions>
					<swisstopo:routepoint_id>583971029</swisstopo:routepoint_id>
				</extensions>
			</trkpt>
			<trkpt lat="47.0196190166" lon="9.3716068724">
				<ele>998.2</ele>
				<extensions>
					<swisstopo:routepoint_id>182750377</swisstopo:routepoint_id>
				</extensions>
			</trkpt>
			<trkpt lat="47.0195705453" lon="9.3716260974">
				<ele>996.8</ele>
				<extensions>
					<swisstopo:routepoint_id>1405183131</swisstopo:routepoint_id>
				</extensions>
			</trkpt>
			<trkpt lat="47.0195461213" lon="9.3716482290">
				<ele>996.2</ele>
				<extensions>
					<swisstopo:routepoint_id>1828006559</swisstopo:routepoint_id>
				</extensions>
			</trkpt>
			<trkpt lat="47.0195222701" lon="9.3716870899">
				<ele>995.9</ele>
				<extensions>
					<swisstopo:routepoint_id>466864150</swisstopo:routepoint_id>
				</extensions>
			</trkpt>
			<trkpt lat="47.0194685892" lon="9.3717896608">
				<ele>995.2</ele>
				<extensions>
					<swisstopo:routepoint_id>1656862457</swisstopo:routepoint_id>
				</extensions>
			</trkpt>
			<trkpt lat="47.0194276831" lon="9.3718415112">
				<ele>995.0</ele>
				<extensions>
					<swisstopo:routepoint_id>543262322</swisstopo:routepoint_id>
				</extensions>
			</trkpt>
			<trkpt lat="47.0193928538" lon="9.3718611883">
				<ele>995.0</ele>
				<extensions>
					<swisstopo:routepoint_id>1701076519</swisstopo:routepoint_id>
				</extensions>
			</trkpt>
			<trkpt lat="47.0193498427" lon="9.3718777944">
				<ele>994.5</ele>
				<extensions>
					<swisstopo:routepoint_id>315573166</swisstopo:routepoint_id>
				</extensions>
			</trkpt>
			<trkpt lat="47.0193058382" lon="9.3718796947">
				<ele>994.6</ele>
				<extensions>
					<swisstopo:routepoint_id>516222378</swisstopo:routepoint_id>
				</extensions>
			</trkpt>
			<trkpt lat="47.0192498066" lon="9.3718562818">
				<ele>994.4</ele>
				<extensions>
					<swisstopo:routepoint_id>2143936713</swisstopo:routepoint_id>
				</extensions>
			</trkpt>
			<trkpt lat="47.0192071298" lon="9.3718135220">
				<ele>993.5</ele>
				<extensions>
					<swisstopo:routepoint_id>721662646</swisstopo:routepoint_id>
				</extensions>
			</trkpt>
			<trkpt lat="47.0191489355" lon="9.3717261939">
				<ele>992.3</ele>
				<extensions>
					<swisstopo:routepoint_id>520846374</swisstopo:routepoint_id>
				</extensions>
			</trkpt>
			<trkpt lat="47.0191137048" lon="9.3716922292">
				<ele>992.0</ele>
				<extensions>
					<swisstopo:routepoint_id>1160211362</swisstopo:routepoint_id>
				</extensions>
			</trkpt>
			<trkpt lat="47.0190814811" lon="9.3716725689">
				<ele>991.6</ele>
				<extensions>
					<swisstopo:routepoint_id>1401357373</swisstopo:routepoint_id>
				</extensions>
			</trkpt>
			<trkpt lat="47.0190350635" lon="9.3716580279">
				<ele>991.6</ele>
				<extensions>
					<swisstopo:routepoint_id>1856499748</swisstopo:routepoint_id>
				</extensions>
			</trkpt>
			<trkpt lat="47.0189017985" lon="9.3716444357">
				<ele>991.8</ele>
				<extensions>
					<swisstopo:routepoint_id>221285815</swisstopo:routepoint_id>
				</extensions>
			</trkpt>
			<trkpt lat="47.0187015627" lon="9.3716126805">
				<ele>991.6</ele>
				<extensions>
					<swisstopo:routepoint_id>311013059</swisstopo:routepoint_id>
				</extensions>
			</trkpt>
			<trkpt lat="47.0186410682" lon="9.3715961851">
				<ele>991.2</ele>
				<extensions>
					<swisstopo:routepoint_id>2108148016</swisstopo:routepoint_id>
				</extensions>
			</trkpt>
			<trkpt lat="47.0185648577" lon="9.3715570860">
				<ele>991.0</ele>
				<extensions>
					<swisstopo:routepoint_id>2071328498</swisstopo:routepoint_id>
				</extensions>
			</trkpt>
			<trkpt lat="47.0184917955" lon="9.3715126799">
				<ele>991.0</ele>
				<extensions>
					<swisstopo:routepoint_id>1550906191</swisstopo:routepoint_id>
				</extensions>
			</trkpt>
			<trkpt lat="47.0182773145" lon="9.3714163648">
				<ele>990.1</ele>
				<extensions>
					<swisstopo:routepoint_id>838795357</swisstopo:routepoint_id>
				</extensions>
			</trkpt>
			<trkpt lat="47.0182171392" lon="9.3713814359">
				<ele>990.3</ele>
				<extensions>
					<swisstopo:routepoint_id>965887290</swisstopo:routepoint_id>
				</extensions>
			</trkpt>
			<trkpt lat="47.0181552024" lon="9.3713223539">
				<ele>990.8</ele>
				<extensions>
					<swisstopo:routepoint_id>1057635987</swisstopo:routepoint_id>
				</extensions>
			</trkpt>
			<trkpt lat="47.0180049104" lon="9.3711609520">
				<ele>991.0</ele>
				<extensions>
					<swisstopo:routepoint_id>330739889</swisstopo:routepoint_id>
				</extensions>
			</trkpt>
			<trkpt lat="47.0179427814" lon="9.3710945608">
				<ele>990.8</ele>
				<extensions>
					<swisstopo:routepoint_id>1169399719</swisstopo:routepoint_id>
				</extensions>
			</trkpt>
			<trkpt lat="47.0178853985" lon="9.3711022689">
				<ele>989.9</ele>
				<extensions>
					<swisstopo:routepoint_id>2046740195</swisstopo:routepoint_id>
				</extensions>
			</trkpt>
			<trkpt lat="47.0178390126" lon="9.3711082806">
				<ele>988.8</ele>
				<extensions>
					<swisstopo:routepoint_id>604361094</swisstopo:routepoint_id>
				</extensions>
			</trkpt>
			<trkpt lat="47.0177879290" lon="9.3711084264">
				<ele>987.5</ele>
				<extensions>
					<swisstopo:routepoint_id>1383563830</swisstopo:routepoint_id>
				</extensions>
			</trkpt>
			<trkpt lat="47.0177272885" lon="9.3710930974">
				<ele>986.1</ele>
				<extensions>
					<swisstopo:routepoint_id>543246061</swisstopo:routepoint_id>
				</extensions>
			</trkpt>
			<trkpt lat="47.0176748990" lon="9.3710596342">
				<ele>985.0</ele>
				<extensions>
					<swisstopo:routepoint_id>1493572892</swisstopo:routepoint_id>
				</extensions>
			</trkpt>
			<trkpt lat="47.0175779052" lon="9.3709808440">
				<ele>982.6</ele>
				<extensions>
					<swisstopo:routepoint_id>1431148356</swisstopo:routepoint_id>
				</extensions>
			</trkpt>
			<trkpt lat="47.0175191321" lon="9.3709369544">
				<ele>980.9</ele>
				<extensions>
					<swisstopo:routepoint_id>1299538278</swisstopo:routepoint_id>
				</extensions>
			</trkpt>
			<trkpt lat="47.0174628792" lon="9.3708844460">
				<ele>979.4</ele>
				<extensions>
					<swisstopo:routepoint_id>909311190</swisstopo:routepoint_id>
				</extensions>
			</trkpt>
			<trkpt lat="47.0174219761" lon="9.3708394636">
				<ele>978.3</ele>
				<extensions>
					<swisstopo:routepoint_id>495941771</swisstopo:routepoint_id>
				</extensions>
			</trkpt>
			<trkpt lat="47.0173832712" lon="9.3708050071">
				<ele>977.5</ele>
				<extensions>
					<swisstopo:routepoint_id>500517010</swisstopo:routepoint_id>
				</extensions>
			</trkpt>
			<trkpt lat="47.0173446048" lon="9.3707688016">
				<ele>976.9</ele>
				<extensions>
					<swisstopo:routepoint_id>1134144426</swisstopo:routepoint_id>
				</extensions>
			</trkpt>
			<trkpt lat="47.0173045283" lon="9.3707447286">
				<ele>975.9</ele>
				<extensions>
					<swisstopo:routepoint_id>576707791</swisstopo:routepoint_id>
				</extensions>
			</trkpt>
			<trkpt lat="47.0172654520" lon="9.3707328748">
				<ele>975.3</ele>
				<extensions>
					<swisstopo:routepoint_id>1302042903</swisstopo:routepoint_id>
				</extensions>
			</trkpt>
			<trkpt lat="47.0172093405" lon="9.3707211436">
				<ele>974.7</ele>
				<extensions>
					<swisstopo:routepoint_id>1771013589</swisstopo:routepoint_id>
				</extensions>
			</trkpt>
			<trkpt lat="47.0171558527" lon="9.3707048102">
				<ele>974.0</ele>
				<extensions>
					<swisstopo:routepoint_id>828075507</swisstopo:routepoint_id>
				</extensions>
			</trkpt>
			<trkpt lat="47.0171260380" lon="9.3706874483">
				<ele>973.3</ele>
				<extensions>
					<swisstopo:routepoint_id>944548533</swisstopo:routepoint_id>
				</extensions>
			</trkpt>
			<trkpt lat="47.0170787305" lon="9.3706455381">
				<ele>972.4</ele>
				<extensions>
					<swisstopo:routepoint_id>1456414777</swisstopo:routepoint_id>
				</extensions>
			</trkpt>
			<trkpt lat="47.0170012302" lon="9.3705750533">
				<ele>970.8</ele>
				<extensions>
					<swisstopo:routepoint_id>1844492346</swisstopo:routepoint_id>
				</extensions>
			</trkpt>
			<trkpt lat="47.0169528179" lon="9.3705324910">
				<ele>970.0</ele>
				<extensions>
					<swisstopo:routepoint_id>1881441882</swisstopo:routepoint_id>
				</extensions>
			</trkpt>
			<trkpt lat="47.0169369422" lon="9.3705209276">
				<ele>969.9</ele>
				<extensions>
					<swisstopo:routepoint_id>13783673</swisstopo:routepoint_id>
				</extensions>
			</trkpt>
			<trkpt lat="47.0169113380" lon="9.3705105363">
				<ele>970.1</ele>
				<extensions>
					<swisstopo:routepoint_id>177861071</swisstopo:routepoint_id>
				</extensions>
			</trkpt>
			<trkpt lat="47.0168798686" lon="9.3705187688">
				<ele>970.2</ele>
				<extensions>
					<swisstopo:routepoint_id>1588997709</swisstopo:routepoint_id>
				</extensions>
			</trkpt>
			<trkpt lat="47.0168268759" lon="9.3705606971">
				<ele>970.3</ele>
				<extensions>
					<swisstopo:routepoint_id>1080800005</swisstopo:routepoint_id>
				</extensions>
			</trkpt>
			<trkpt lat="47.0167465926" lon="9.3706175864">
				<ele>970.7</ele>
				<extensions>
					<swisstopo:routepoint_id>1723852126</swisstopo:routepoint_id>
				</extensions>
			</trkpt>
			<trkpt lat="47.0166937656" lon="9.3706256147">
				<ele>971.0</ele>
				<extensions>
					<swisstopo:routepoint_id>256415544</swisstopo:routepoint_id>
				</extensions>
			</trkpt>
			<trkpt lat="47.0166549262" lon="9.3706092991">
				<ele>971.1</ele>
				<extensions>
					<swisstopo:routepoint_id>1162751092</swisstopo:routepoint_id>
				</extensions>
			</trkpt>
			<trkpt lat="47.0165878149" lon="9.3705571919">
				<ele>971.2</ele>
				<extensions>
					<swisstopo:routepoint_id>870460008</swisstopo:routepoint_id>
				</extensions>
			</trkpt>
			<trkpt lat="47.0165119048" lon="9.3705221320">
				<ele>971.1</ele>
				<extensions>
					<swisstopo:routepoint_id>1817752890</swisstopo:routepoint_id>
				</extensions>
			</trkpt>
			<trkpt lat="47.0164205818" lon="9.3704939750">
				<ele>971.0</ele>
				<extensions>
					<swisstopo:routepoint_id>369244839</swisstopo:routepoint_id>
				</extensions>
			</trkpt>
			<trkpt lat="47.0163443783" lon="9.3704763392">
				<ele>971.0</ele>
				<extensions>
					<swisstopo:routepoint_id>1323113132</swisstopo:routepoint_id>
				</extensions>
			</trkpt>
			<trkpt lat="47.0162798634" lon="9.3704715162">
				<ele>971.1</ele>
				<extensions>
					<swisstopo:routepoint_id>754323739</swisstopo:routepoint_id>
				</extensions>
			</trkpt>
			<trkpt lat="47.0161830233" lon="9.3704680278">
				<ele>972.1</ele>
				<extensions>
					<swisstopo:routepoint_id>111718631</swisstopo:routepoint_id>
				</extensions>
			</trkpt>
			<trkpt lat="47.0161201660" lon="9.3704657634">
				<ele>973.1</ele>
				<extensions>
					<swisstopo:routepoint_id>134679567</swisstopo:routepoint_id>
				</extensions>
			</trkpt>
			<trkpt lat="47.0160303752" lon="9.3704476189">
				<ele>974.1</ele>
				<extensions>
					<swisstopo:routepoint_id>690366444</swisstopo:routepoint_id>
				</extensions>
			</trkpt>
			<trkpt lat="47.0159323371" lon="9.3704142614">
				<ele>975.2</ele>
				<extensions>
					<swisstopo:routepoint_id>896497628</swisstopo:routepoint_id>
				</extensions>
			</trkpt>
			<trkpt lat="47.0157837153" lon="9.3703567073">
				<ele>975.9</ele>
				<extensions>
					<swisstopo:routepoint_id>1229231224</swisstopo:routepoint_id>
				</extensions>
			</trkpt>
			<trkpt lat="47.0157003100" lon="9.3703125517">
				<ele>976.2</ele>
				<extensions>
					<swisstopo:routepoint_id>901129524</swisstopo:routepoint_id>
				</extensions>
			</trkpt>
			<trkpt lat="47.0156399525" lon="9.3702638691">
				<ele>976.4</ele>
				<extensions>
					<swisstopo:routepoint_id>1223481707</swisstopo:routepoint_id>
				</extensions>
			</trkpt>
			<trkpt lat="47.0155736692" lon="9.3702042516">
				<ele>976.3</ele>
				<extensions>
					<swisstopo:routepoint_id>197737888</swisstopo:routepoint_id>
				</extensions>
			</trkpt>
			<trkpt lat="47.0153841886" lon="9.3700199303">
				<ele>976.1</ele>
				<extensions>
					<swisstopo:routepoint_id>1898209960</swisstopo:routepoint_id>
				</extensions>
			</trkpt>
			<trkpt lat="47.0153470809" lon="9.3699969649">
				<ele>976.3</ele>
				<extensions>
					<swisstopo:routepoint_id>1307360231</swisstopo:routepoint_id>
				</extensions>
			</trkpt>
			<trkpt lat="47.0152874686" lon="9.3699403377">
				<ele>975.9</ele>
				<extensions>
					<swisstopo:routepoint_id>2076647325</swisstopo:routepoint_id>
				</extensions>
			</trkpt>
			<trkpt lat="47.0151729402" lon="9.3698057588">
				<ele>975.3</ele>
				<extensions>
					<swisstopo:routepoint_id>987937926</swisstopo:routepoint_id>
				</extensions>
			</trkpt>
			<trkpt lat="47.0151327936" lon="9.3697489528">
				<ele>975.2</ele>
				<extensions>
					<swisstopo:routepoint_id>1027355058</swisstopo:routepoint_id>
				</extensions>
			</trkpt>
			<trkpt lat="47.0150901040" lon="9.3697154574">
				<ele>974.7</ele>
				<extensions>
					<swisstopo:routepoint_id>1020329879</swisstopo:routepoint_id>
				</extensions>
			</trkpt>
			<trkpt lat="47.0150265462" lon="9.3696783583">
				<ele>973.4</ele>
				<extensions>
					<swisstopo:routepoint_id>1790418349</swisstopo:routepoint_id>
				</extensions>
			</trkpt>
			<trkpt lat="47.0149908839" lon="9.3696502099">
				<ele>972.9</ele>
				<extensions>
					<swisstopo:routepoint_id>1810524556</swisstopo:routepoint_id>
				</extensions>
			</trkpt>
			<trkpt lat="47.0149526899" lon="9.3695933976">
				<ele>972.0</ele>
				<extensions>
					<swisstopo:routepoint_id>620702005</swisstopo:routepoint_id>
				</extensions>
			</trkpt>
			<trkpt lat="47.0148850133" lon="9.3694711128">
				<ele>970.3</ele>
				<extensions>
					<swisstopo:routepoint_id>2117110564</swisstopo:routepoint_id>
				</extensions>
			</trkpt>
			<trkpt lat="47.0147993619" lon="9.3693267193">
				<ele>968.3</ele>
				<extensions>
					<swisstopo:routepoint_id>667996319</swisstopo:routepoint_id>
				</extensions>
			</trkpt>
			<trkpt lat="47.0146887672" lon="9.3691385051">
				<ele>965.6</ele>
				<extensions>
					<swisstopo:routepoint_id>372498532</swisstopo:routepoint_id>
				</extensions>
			</trkpt>
			<trkpt lat="47.0145961683" lon="9.3689706217">
				<ele>963.2</ele>
				<extensions>
					<swisstopo:routepoint_id>1296919826</swisstopo:routepoint_id>
				</extensions>
			</trkpt>
			<trkpt lat="47.0145250924" lon="9.3688321248">
				<ele>961.1</ele>
				<extensions>
					<swisstopo:routepoint_id>742567049</swisstopo:routepoint_id>
				</extensions>
			</trkpt>
			<trkpt lat="47.0144929528" lon="9.3687791030">
				<ele>960.4</ele>
				<extensions>
					<swisstopo:routepoint_id>1530383424</swisstopo:routepoint_id>
				</extensions>
			</trkpt>
			<trkpt lat="47.0144615553" lon="9.3687547191">
				<ele>959.9</ele>
				<extensions>
					<swisstopo:routepoint_id>1244729493</swisstopo:routepoint_id>
				</extensions>
			</trkpt>
			<trkpt lat="47.0143972665" lon="9.3687220020">
				<ele>958.8</ele>
				<extensions>
					<swisstopo:routepoint_id>759430002</swisstopo:routepoint_id>
				</extensions>
			</trkpt>
			<trkpt lat="47.0142833351" lon="9.3686588552">
				<ele>957.0</ele>
				<extensions>
					<swisstopo:routepoint_id>2023844405</swisstopo:routepoint_id>
				</extensions>
			</trkpt>
			<trkpt lat="47.0141911578" lon="9.3686108355">
				<ele>955.5</ele>
				<extensions>
					<swisstopo:routepoint_id>580338376</swisstopo:routepoint_id>
				</extensions>
			</trkpt>
			<trkpt lat="47.0141368934" lon="9.3685641676">
				<ele>954.4</ele>
				<extensions>
					<swisstopo:routepoint_id>1198291306</swisstopo:routepoint_id>
				</extensions>
			</trkpt>
			<trkpt lat="47.0140791104" lon="9.3685084249">
				<ele>953.2</ele>
				<extensions>
					<swisstopo:routepoint_id>710163</swisstopo:routepoint_id>
				</extensions>
			</trkpt>
			<trkpt lat="47.0140356029" lon="9.3684764562">
				<ele>952.4</ele>
				<extensions>
					<swisstopo:routepoint_id>713868736</swisstopo:routepoint_id>
				</extensions>
			</trkpt>
			<trkpt lat="47.0139967565" lon="9.3684589607">
				<ele>951.8</ele>
				<extensions>
					<swisstopo:routepoint_id>1942705732</swisstopo:routepoint_id>
				</extensions>
			</trkpt>
			<trkpt lat="47.0139359172" lon="9.3684388751">
				<ele>950.8</ele>
				<extensions>
					<swisstopo:routepoint_id>1289602408</swisstopo:routepoint_id>
				</extensions>
			</trkpt>
			<trkpt lat="47.0138306566" lon="9.3684422434">
				<ele>949.1</ele>
				<extensions>
					<swisstopo:routepoint_id>1803722780</swisstopo:routepoint_id>
				</extensions>
			</trkpt>
			<trkpt lat="47.0137364238" lon="9.3684442354">
				<ele>947.7</ele>
				<extensions>
					<swisstopo:routepoint_id>1002871148</swisstopo:routepoint_id>
				</extensions>
			</trkpt>
			<trkpt lat="47.0136912733" lon="9.3684372278">
				<ele>947.0</ele>
				<extensions>
					<swisstopo:routepoint_id>1540365219</swisstopo:routepoint_id>
				</extensions>
			</trkpt>
			<trkpt lat="47.0136150939" lon="9.3683844210">
				<ele>945.4</ele>
				<extensions>
					<swisstopo:routepoint_id>68833615</swisstopo:routepoint_id>
				</extensions>
			</trkpt>
			<trkpt lat="47.0135653517" lon="9.3683593713">
				<ele>944.7</ele>
				<extensions>
					<swisstopo:routepoint_id>1570080793</swisstopo:routepoint_id>
				</extensions>
			</trkpt>
			<trkpt lat="47.0135239598" lon="9.3683471482">
				<ele>944.0</ele>
				<extensions>
					<swisstopo:routepoint_id>261134002</swisstopo:routepoint_id>
				</extensions>
			</trkpt>
			<trkpt lat="47.0134751275" lon="9.3683418260">
				<ele>943.3</ele>
				<extensions>
					<swisstopo:routepoint_id>2123861148</swisstopo:routepoint_id>
				</extensions>
			</trkpt>
			<trkpt lat="47.0134150608" lon="9.3683485805">
				<ele>942.2</ele>
				<extensions>
					<swisstopo:routepoint_id>1593585555</swisstopo:routepoint_id>
				</extensions>
			</trkpt>
			<trkpt lat="47.0133534788" lon="9.3683732025">
				<ele>941.4</ele>
				<extensions>
					<swisstopo:routepoint_id>1493507613</swisstopo:routepoint_id>
				</extensions>
			</trkpt>
			<trkpt lat="47.0132942616" lon="9.3684032794">
				<ele>940.7</ele>
				<extensions>
					<swisstopo:routepoint_id>509520486</swisstopo:routepoint_id>
				</extensions>
			</trkpt>
			<trkpt lat="47.0132618119" lon="9.3684414562">
				<ele>939.9</ele>
				<extensions>
					<swisstopo:routepoint_id>443786531</swisstopo:routepoint_id>
				</extensions>
			</trkpt>
			<trkpt lat="47.0132380339" lon="9.3684728083">
				<ele>939.3</ele>
				<extensions>
					<swisstopo:routepoint_id>1560009022</swisstopo:routepoint_id>
				</extensions>
			</trkpt>
			<trkpt lat="47.0132097253" lon="9.3684825105">
				<ele>938.7</ele>
				<extensions>
					<swisstopo:routepoint_id>729294293</swisstopo:routepoint_id>
				</extensions>
			</trkpt>
			<trkpt lat="47.0131730843" lon="9.3684793871">
				<ele>937.9</ele>
				<extensions>
					<swisstopo:routepoint_id>156565524</swisstopo:routepoint_id>
				</extensions>
			</trkpt>
			<trkpt lat="47.0131113617" lon="9.3684396075">
				<ele>936.7</ele>
				<extensions>
					<swisstopo:routepoint_id>236645224</swisstopo:routepoint_id>
				</extensions>
			</trkpt>
			<trkpt lat="47.0130337018" lon="9.3683924522">
				<ele>935.5</ele>
				<extensions>
					<swisstopo:routepoint_id>545094418</swisstopo:routepoint_id>
				</extensions>
			</trkpt>
			<trkpt lat="47.0129699936" lon="9.3683289372">
				<ele>935.0</ele>
				<extensions>
					<swisstopo:routepoint_id>2091040339</swisstopo:routepoint_id>
				</extensions>
			</trkpt>
			<trkpt lat="47.0129222763" lon="9.3682647835">
				<ele>934.4</ele>
				<extensions>
					<swisstopo:routepoint_id>2115920316</swisstopo:routepoint_id>
				</extensions>
			</trkpt>
			<trkpt lat="47.0128832549" lon="9.3681897083">
				<ele>933.5</ele>
				<extensions>
					<swisstopo:routepoint_id>2002842542</swisstopo:routepoint_id>
				</extensions>
			</trkpt>
			<trkpt lat="47.0128547412" lon="9.3680938970">
				<ele>932.5</ele>
				<extensions>
					<swisstopo:routepoint_id>1510653568</swisstopo:routepoint_id>
				</extensions>
			</trkpt>
			<trkpt lat="47.0128263985" lon="9.3679910711">
				<ele>931.6</ele>
				<extensions>
					<swisstopo:routepoint_id>1012947791</swisstopo:routepoint_id>
				</extensions>
			</trkpt>
			<trkpt lat="47.0128129219" lon="9.3678801599">
				<ele>930.9</ele>
				<extensions>
					<swisstopo:routepoint_id>211780410</swisstopo:routepoint_id>
				</extensions>
			</trkpt>
			<trkpt lat="47.0128094411" lon="9.3677949618">
				<ele>930.6</ele>
				<extensions>
					<swisstopo:routepoint_id>1424555659</swisstopo:routepoint_id>
				</extensions>
			</trkpt>
			<trkpt lat="47.0128029814" lon="9.3677108769">
				<ele>930.6</ele>
				<extensions>
					<swisstopo:routepoint_id>452401777</swisstopo:routepoint_id>
				</extensions>
			</trkpt>
			<trkpt lat="47.0127878629" lon="9.3676510506">
				<ele>930.7</ele>
				<extensions>
					<swisstopo:routepoint_id>803847922</swisstopo:routepoint_id>
				</extensions>
			</trkpt>
			<trkpt lat="47.0127676752" lon="9.3676187015">
				<ele>930.5</ele>
				<extensions>
					<swisstopo:routepoint_id>1921756286</swisstopo:routepoint_id>
				</extensions>
			</trkpt>
			<trkpt lat="47.0127332527" lon="9.3675879796">
				<ele>930.6</ele>
				<extensions>
					<swisstopo:routepoint_id>887115680</swisstopo:routepoint_id>
				</extensions>
			</trkpt>
			<trkpt lat="47.0126754856" lon="9.3675692651">
				<ele>930.6</ele>
				<extensions>
					<swisstopo:routepoint_id>513062055</swisstopo:routepoint_id>
				</extensions>
			</trkpt>
			<trkpt lat="47.0125566206" lon="9.3675603072">
				<ele>930.8</ele>
				<extensions>
					<swisstopo:routepoint_id>235005384</swisstopo:routepoint_id>
				</extensions>
			</trkpt>
			<trkpt lat="47.0124908303" lon="9.3675473101">
				<ele>931.6</ele>
				<extensions>
					<swisstopo:routepoint_id>25313070</swisstopo:routepoint_id>
				</extensions>
			</trkpt>
			<trkpt lat="47.0124197596" lon="9.3675096048">
				<ele>932.9</ele>
				<extensions>
					<swisstopo:routepoint_id>1514369102</swisstopo:routepoint_id>
				</extensions>
			</trkpt>
			<trkpt lat="47.0123714458" lon="9.3674793148">
				<ele>933.7</ele>
				<extensions>
					<swisstopo:routepoint_id>1183269646</swisstopo:routepoint_id>
				</extensions>
			</trkpt>
			<trkpt lat="47.0122967519" lon="9.3674194984">
				<ele>934.5</ele>
				<extensions>
					<swisstopo:routepoint_id>1271157886</swisstopo:routepoint_id>
				</extensions>
			</trkpt>
			<trkpt lat="47.0122152403" lon="9.3673536044">
				<ele>935.5</ele>
				<extensions>
					<swisstopo:routepoint_id>104082992</swisstopo:routepoint_id>
				</extensions>
			</trkpt>
			<trkpt lat="47.0121110069" lon="9.3672567742">
				<ele>936.9</ele>
				<extensions>
					<swisstopo:routepoint_id>1017080616</swisstopo:routepoint_id>
				</extensions>
			</trkpt>
			<trkpt lat="47.0120752132" lon="9.3672193103">
				<ele>937.4</ele>
				<extensions>
					<swisstopo:routepoint_id>1533210767</swisstopo:routepoint_id>
				</extensions>
			</trkpt>
			<trkpt lat="47.0119511029" lon="9.3670785813">
				<ele>938.7</ele>
				<extensions>
					<swisstopo:routepoint_id>1826864218</swisstopo:routepoint_id>
				</extensions>
			</trkpt>
			<trkpt lat="47.0117803881" lon="9.3668760288">
				<ele>940.9</ele>
				<extensions>
					<swisstopo:routepoint_id>1954782632</swisstopo:routepoint_id>
				</extensions>
			</trkpt>
			<trkpt lat="47.0116891880" lon="9.3667515922">
				<ele>942.0</ele>
				<extensions>
					<swisstopo:routepoint_id>1748053256</swisstopo:routepoint_id>
				</extensions>
			</trkpt>
			<trkpt lat="47.0116314506" lon="9.3666588250">
				<ele>942.5</ele>
				<extensions>
					<swisstopo:routepoint_id>845579065</swisstopo:routepoint_id>
				</extensions>
			</trkpt>
			<trkpt lat="47.0115687395" lon="9.3665182436">
				<ele>942.7</ele>
				<extensions>
					<swisstopo:routepoint_id>1471997215</swisstopo:routepoint_id>
				</extensions>
			</trkpt>
			<trkpt lat="47.0115208837" lon="9.3663985200">
				<ele>942.8</ele>
				<extensions>
					<swisstopo:routepoint_id>1352949893</swisstopo:routepoint_id>
				</extensions>
			</trkpt>
			<trkpt lat="47.0114755752" lon="9.3663178844">
				<ele>942.8</ele>
				<extensions>
					<swisstopo:routepoint_id>1293272740</swisstopo:routepoint_id>
				</extensions>
			</trkpt>
			<trkpt lat="47.0114513211" lon="9.3662672895">
				<ele>942.7</ele>
				<extensions>
					<swisstopo:routepoint_id>2098751245</swisstopo:routepoint_id>
				</extensions>
			</trkpt>
			<trkpt lat="47.0114248914" lon="9.3662497610">
				<ele>942.7</ele>
				<extensions>
					<swisstopo:routepoint_id>310102581</swisstopo:routepoint_id>
				</extensions>
			</trkpt>
			<trkpt lat="47.0113503343" lon="9.3662530036">
				<ele>942.9</ele>
				<extensions>
					<swisstopo:routepoint_id>63777262</swisstopo:routepoint_id>
				</extensions>
			</trkpt>
			<trkpt lat="47.0112502362" lon="9.3662340157">
				<ele>942.7</ele>
				<extensions>
					<swisstopo:routepoint_id>1889513414</swisstopo:routepoint_id>
				</extensions>
			</trkpt>
			<trkpt lat="47.0111319216" lon="9.3661906904">
				<ele>942.0</ele>
				<extensions>
					<swisstopo:routepoint_id>1621937255</swisstopo:routepoint_id>
				</extensions>
			</trkpt>
			<trkpt lat="47.0109488462" lon="9.3660976855">
				<ele>940.8</ele>
				<extensions>
					<swisstopo:routepoint_id>955200940</swisstopo:routepoint_id>
				</extensions>
			</trkpt>
			<trkpt lat="47.0108758930" lon="9.3660536271">
				<ele>940.5</ele>
				<extensions>
					<swisstopo:routepoint_id>1622392757</swisstopo:routepoint_id>
				</extensions>
			</trkpt>
			<trkpt lat="47.0107444157" lon="9.3659743089">
				<ele>939.9</ele>
				<extensions>
					<swisstopo:routepoint_id>681766386</swisstopo:routepoint_id>
				</extensions>
			</trkpt>
			<trkpt lat="47.0106292047" lon="9.3658908482">
				<ele>939.3</ele>
				<extensions>
					<swisstopo:routepoint_id>1103745196</swisstopo:routepoint_id>
				</extensions>
			</trkpt>
			<trkpt lat="47.0104989939" lon="9.3657843482">
				<ele>938.1</ele>
				<extensions>
					<swisstopo:routepoint_id>436411043</swisstopo:routepoint_id>
				</extensions>
			</trkpt>
			<trkpt lat="47.0104033249" lon="9.3656944863">
				<ele>937.3</ele>
				<extensions>
					<swisstopo:routepoint_id>635314161</swisstopo:routepoint_id>
				</extensions>
			</trkpt>
			<trkpt lat="47.0103068275" lon="9.3656057768">
				<ele>936.4</ele>
				<extensions>
					<swisstopo:routepoint_id>519819051</swisstopo:routepoint_id>
				</extensions>
			</trkpt>
			<trkpt lat="47.0101776838" lon="9.3654839266">
				<ele>934.8</ele>
				<extensions>
					<swisstopo:routepoint_id>1311750279</swisstopo:routepoint_id>
				</extensions>
			</trkpt>
			<trkpt lat="47.0100466682" lon="9.3653288662">
				<ele>932.6</ele>
				<extensions>
					<swisstopo:routepoint_id>933844365</swisstopo:routepoint_id>
				</extensions>
			</trkpt>
			<trkpt lat="47.0098695259" lon="9.3651236034">
				<ele>929.8</ele>
				<extensions>
					<swisstopo:routepoint_id>493898860</swisstopo:routepoint_id>
				</extensions>
			</trkpt>
			<trkpt lat="47.0097710762" lon="9.3650064098">
				<ele>928.3</ele>
				<extensions>
					<swisstopo:routepoint_id>1448977120</swisstopo:routepoint_id>
				</extensions>
			</trkpt>
			<trkpt lat="47.0096338831" lon="9.3648333699">
				<ele>926.1</ele>
				<extensions>
					<swisstopo:routepoint_id>1301967029</swisstopo:routepoint_id>
				</extensions>
			</trkpt>
			<trkpt lat="47.0095706466" lon="9.3647523963">
				<ele>925.2</ele>
				<extensions>
					<swisstopo:routepoint_id>785499134</swisstopo:routepoint_id>
				</extensions>
			</trkpt>
			<trkpt lat="47.0094758896" lon="9.3646231713">
				<ele>923.9</ele>
				<extensions>
					<swisstopo:routepoint_id>1730734307</swisstopo:routepoint_id>
				</extensions>
			</trkpt>
			<trkpt lat="47.0093947622" lon="9.3645128640">
				<ele>922.6</ele>
				<extensions>
					<swisstopo:routepoint_id>1017816266</swisstopo:routepoint_id>
				</extensions>
			</trkpt>
			<trkpt lat="47.0093351012" lon="9.3644520213">
				<ele>921.9</ele>
				<extensions>
					<swisstopo:routepoint_id>1701488074</swisstopo:routepoint_id>
				</extensions>
			</trkpt>
			<trkpt lat="47.0092868859" lon="9.3644142116">
				<ele>921.7</ele>
				<extensions>
					<swisstopo:routepoint_id>1569922388</swisstopo:routepoint_id>
				</extensions>
			</trkpt>
			<trkpt lat="47.0092123461" lon="9.3643971153">
				<ele>921.3</ele>
				<extensions>
					<swisstopo:routepoint_id>1150435247</swisstopo:routepoint_id>
				</extensions>
			</trkpt>
			<trkpt lat="47.0091329080" lon="9.3643904093">
				<ele>921.1</ele>
				<extensions>
					<swisstopo:routepoint_id>1247390123</swisstopo:routepoint_id>
				</extensions>
			</trkpt>
			<trkpt lat="47.0090239225" lon="9.3643852052">
				<ele>921.1</ele>
				<extensions>
					<swisstopo:routepoint_id>298807887</swisstopo:routepoint_id>
				</extensions>
			</trkpt>
			<trkpt lat="47.0089950393" lon="9.3643696648">
				<ele>921.3</ele>
				<extensions>
					<swisstopo:routepoint_id>825560222</swisstopo:routepoint_id>
				</extensions>
			</trkpt>
			<trkpt lat="47.0089652298" lon="9.3643379951">
				<ele>921.4</ele>
				<extensions>
					<swisstopo:routepoint_id>861751370</swisstopo:routepoint_id>
				</extensions>
			</trkpt>
			<trkpt lat="47.0088988017" lon="9.3642568253">
				<ele>921.5</ele>
				<extensions>
					<swisstopo:routepoint_id>1457432036</swisstopo:routepoint_id>
				</extensions>
			</trkpt>
			<trkpt lat="47.0088418326" lon="9.3641754877">
				<ele>921.4</ele>
				<extensions>
					<swisstopo:routepoint_id>1781244688</swisstopo:routepoint_id>
				</extensions>
			</trkpt>
			<trkpt lat="47.0087894299" lon="9.3641336038">
				<ele>920.7</ele>
				<extensions>
					<swisstopo:routepoint_id>1676362183</swisstopo:routepoint_id>
				</extensions>
			</trkpt>
			<trkpt lat="47.0087203179" lon="9.3641061951">
				<ele>919.4</ele>
				<extensions>
					<swisstopo:routepoint_id>2122667621</swisstopo:routepoint_id>
				</extensions>
			</trkpt>
			<trkpt lat="47.0086521498" lon="9.3640761481">
				<ele>918.5</ele>
				<extensions>
					<swisstopo:routepoint_id>2097906181</swisstopo:routepoint_id>
				</extensions>
			</trkpt>
			<trkpt lat="47.0086229248" lon="9.3640691706">
				<ele>918.1</ele>
				<extensions>
					<swisstopo:routepoint_id>245193761</swisstopo:routepoint_id>
				</extensions>
			</trkpt>
			<trkpt lat="47.0085486880" lon="9.3640516943">
				<ele>916.7</ele>
				<extensions>
					<swisstopo:routepoint_id>228856334</swisstopo:routepoint_id>
				</extensions>
			</trkpt>
			<trkpt lat="47.0084714185" lon="9.3640401466">
				<ele>915.2</ele>
				<extensions>
					<swisstopo:routepoint_id>1136811499</swisstopo:routepoint_id>
				</extensions>
			</trkpt>
			<trkpt lat="47.0084116388" lon="9.3640351681">
				<ele>914.1</ele>
				<extensions>
					<swisstopo:routepoint_id>955555395</swisstopo:routepoint_id>
				</extensions>
			</trkpt>
			<trkpt lat="47.0083493307" lon="9.3640060577">
				<ele>913.5</ele>
				<extensions>
					<swisstopo:routepoint_id>537981895</swisstopo:routepoint_id>
				</extensions>
			</trkpt>
			<trkpt lat="47.0082392470" lon="9.3639477806">
				<ele>912.0</ele>
				<extensions>
					<swisstopo:routepoint_id>602482500</swisstopo:routepoint_id>
				</extensions>
			</trkpt>
			<trkpt lat="47.0080624684" lon="9.3638585406">
				<ele>910.1</ele>
				<extensions>
					<swisstopo:routepoint_id>2130014570</swisstopo:routepoint_id>
				</extensions>
			</trkpt>
			<trkpt lat="47.0079224899" lon="9.3637849517">
				<ele>909.0</ele>
				<extensions>
					<swisstopo:routepoint_id>157798824</swisstopo:routepoint_id>
				</extensions>
			</trkpt>
			<trkpt lat="47.0077971467" lon="9.3637073344">
				<ele>908.5</ele>
				<extensions>
					<swisstopo:routepoint_id>223484661</swisstopo:routepoint_id>
				</extensions>
			</trkpt>
			<trkpt lat="47.0077423936" lon="9.3636634020">
				<ele>908.3</ele>
				<extensions>
					<swisstopo:routepoint_id>434569844</swisstopo:routepoint_id>
				</extensions>
			</trkpt>
			<trkpt lat="47.0077010811" lon="9.3636217121">
				<ele>908.2</ele>
				<extensions>
					<swisstopo:routepoint_id>196540990</swisstopo:routepoint_id>
				</extensions>
			</trkpt>
			<trkpt lat="47.0076484168" lon="9.3635552078">
				<ele>908.1</ele>
				<extensions>
					<swisstopo:routepoint_id>914739809</swisstopo:routepoint_id>
				</extensions>
			</trkpt>
			<trkpt lat="47.0076302639" lon="9.3635301944">
				<ele>908.0</ele>
				<extensions>
					<swisstopo:routepoint_id>1503050210</swisstopo:routepoint_id>
				</extensions>
			</trkpt>
			<trkpt lat="47.0075870270" lon="9.3634665013">
				<ele>907.9</ele>
				<extensions>
					<swisstopo:routepoint_id>215131673</swisstopo:routepoint_id>
				</extensions>
			</trkpt>
			<trkpt lat="47.0075477773" lon="9.3634160928">
				<ele>907.8</ele>
				<extensions>
					<swisstopo:routepoint_id>1831641174</swisstopo:routepoint_id>
				</extensions>
			</trkpt>
			<trkpt lat="47.0075012023" lon="9.3633732894">
				<ele>907.7</ele>
				<extensions>
					<swisstopo:routepoint_id>1797110826</swisstopo:routepoint_id>
				</extensions>
			</trkpt>
			<trkpt lat="47.0074767363" lon="9.3633545365">
				<ele>907.6</ele>
				<extensions>
					<swisstopo:routepoint_id>205821728</swisstopo:routepoint_id>
				</extensions>
			</trkpt>
			<trkpt lat="47.0074468106" lon="9.3633373350">
				<ele>907.5</ele>
				<extensions>
					<swisstopo:routepoint_id>1149331899</swisstopo:routepoint_id>
				</extensions>
			</trkpt>
			<trkpt lat="47.0073946066" lon="9.3633162701">
				<ele>907.2</ele>
				<extensions>
					<swisstopo:routepoint_id>455068638</swisstopo:routepoint_id>
				</extensions>
			</trkpt>
			<trkpt lat="47.0073520328" lon="9.3633058275">
				<ele>906.9</ele>
				<extensions>
					<swisstopo:routepoint_id>1255398459</swisstopo:routepoint_id>
				</extensions>
			</trkpt>
			<trkpt lat="47.0073118769" lon="9.3633105526">
				<ele>906.5</ele>
				<extensions>
					<swisstopo:routepoint_id>1861346444</swisstopo:routepoint_id>
				</extensions>
			</trkpt>
			<trkpt lat="47.0072764023" lon="9.3633172503">
				<ele>906.3</ele>
				<extensions>
					<swisstopo:routepoint_id>1390155051</swisstopo:routepoint_id>
				</extensions>
			</trkpt>
			<trkpt lat="47.0072504253" lon="9.3633312127">
				<ele>906.2</ele>
				<extensions>
					<swisstopo:routepoint_id>275817211</swisstopo:routepoint_id>
				</extensions>
			</trkpt>
			<trkpt lat="47.0072237664" lon="9.3633498906">
				<ele>906.2</ele>
				<extensions>
					<swisstopo:routepoint_id>1149591610</swisstopo:routepoint_id>
				</extensions>
			</trkpt>
			<trkpt lat="47.0068157439" lon="9.3627094200">
				<ele>906.4</ele>
				<extensions>
					<swisstopo:routepoint_id>2040350358</swisstopo:routepoint_id>
				</extensions>
			</trkpt>
			<trkpt lat="47.0067104783" lon="9.3625365519">
				<ele>906.4</ele>
				<extensions>
					<swisstopo:routepoint_id>1622968415</swisstopo:routepoint_id>
				</extensions>
			</trkpt>
			<trkpt lat="47.0065388634" lon="9.3622675390">
				<ele>906.6</ele>
				<extensions>
					<swisstopo:routepoint_id>1138938818</swisstopo:routepoint_id>
				</extensions>
			</trkpt>
			<trkpt lat="47.0064211917" lon="9.3620907594">
				<ele>906.8</ele>
				<extensions>
					<swisstopo:routepoint_id>1084606422</swisstopo:routepoint_id>
				</extensions>
			</trkpt>
			<trkpt lat="47.0062658680" lon="9.3618669651">
				<ele>907.0</ele>
				<extensions>
					<swisstopo:routepoint_id>1612178603</swisstopo:routepoint_id>
				</extensions>
			</trkpt>
			<trkpt lat="47.0061185330" lon="9.3616465413">
				<ele>907.2</ele>
				<extensions>
					<swisstopo:routepoint_id>819377481</swisstopo:routepoint_id>
				</extensions>
			</trkpt>
			<trkpt lat="47.0060772454" lon="9.3617364945">
				<ele>906.9</ele>
				<extensions>
					<swisstopo:routepoint_id>956303147</swisstopo:routepoint_id>
				</extensions>
			</trkpt>
			<trkpt lat="47.0060338166" lon="9.3618629092">
				<ele>907.7</ele>
				<extensions>
					<swisstopo:routepoint_id>425541551</swisstopo:routepoint_id>
				</extensions>
			</trkpt>
			<trkpt lat="47.0059655009" lon="9.3621031277">
				<ele>908.0</ele>
				<extensions>
					<swisstopo:routepoint_id>1830759281</swisstopo:routepoint_id>
				</extensions>
			</trkpt>
			<trkpt lat="47.0059361809" lon="9.3621817494">
				<ele>908.2</ele>
				<extensions>
					<swisstopo:routepoint_id>798691233</swisstopo:routepoint_id>
				</extensions>
			</trkpt>
			<trkpt lat="47.0059073625" lon="9.3622492457">
				<ele>908.3</ele>
				<extensions>
					<swisstopo:routepoint_id>1561180097</swisstopo:routepoint_id>
				</extensions>
			</trkpt>
			<trkpt lat="47.0058787505" lon="9.3622926388">
				<ele>908.4</ele>
				<extensions>
					<swisstopo:routepoint_id>1725286213</swisstopo:routepoint_id>
				</extensions>
			</trkpt>
			<trkpt lat="47.0058571998" lon="9.3623093099">
				<ele>908.5</ele>
				<extensions>
					<swisstopo:routepoint_id>277370429</swisstopo:routepoint_id>
				</extensions>
			</trkpt>
			<trkpt lat="47.0058149972" lon="9.3623330630">
				<ele>908.8</ele>
				<extensions>
					<swisstopo:routepoint_id>2141239265</swisstopo:routepoint_id>
				</extensions>
			</trkpt>
			<trkpt lat="47.0057707849" lon="9.3623452089">
				<ele>909.0</ele>
				<extensions>
					<swisstopo:routepoint_id>700835459</swisstopo:routepoint_id>
				</extensions>
			</trkpt>
			<trkpt lat="47.0056798083" lon="9.3623473027">
				<ele>909.3</ele>
				<extensions>
					<swisstopo:routepoint_id>1961232066</swisstopo:routepoint_id>
				</extensions>
			</trkpt>
			<trkpt lat="47.0056500212" lon="9.3623454185">
				<ele>909.5</ele>
				<extensions>
					<swisstopo:routepoint_id>459461233</swisstopo:routepoint_id>
				</extensions>
			</trkpt>
			<trkpt lat="47.0055354814" lon="9.3623381958">
				<ele>910.1</ele>
				<extensions>
					<swisstopo:routepoint_id>1315707656</swisstopo:routepoint_id>
				</extensions>
			</trkpt>
			<trkpt lat="47.0054699684" lon="9.3623139578">
				<ele>910.6</ele>
				<extensions>
					<swisstopo:routepoint_id>1645285604</swisstopo:routepoint_id>
				</extensions>
			</trkpt>
			<trkpt lat="47.0054084413" lon="9.3622699465">
				<ele>911.2</ele>
				<extensions>
					<swisstopo:routepoint_id>408333167</swisstopo:routepoint_id>
				</extensions>
			</trkpt>
			<trkpt lat="47.0053336835" lon="9.3621970921">
				<ele>911.8</ele>
				<extensions>
					<swisstopo:routepoint_id>785701510</swisstopo:routepoint_id>
				</extensions>
			</trkpt>
			<trkpt lat="47.0052358286" lon="9.3620936410">
				<ele>913.0</ele>
				<extensions>
					<swisstopo:routepoint_id>885642581</swisstopo:routepoint_id>
				</extensions>
			</trkpt>
			<trkpt lat="47.0052397517" lon="9.3620512706">
				<ele>912.6</ele>
				<extensions>
					<swisstopo:routepoint_id>1796287901</swisstopo:routepoint_id>
				</extensions>
			</trkpt>
			<trkpt lat="47.0052167465" lon="9.3619711075">
				<ele>911.9</ele>
				<extensions>
					<swisstopo:routepoint_id>419330644</swisstopo:routepoint_id>
				</extensions>
			</trkpt>
			<trkpt lat="47.0052198270" lon="9.3619440696">
				<ele>911.4</ele>
				<extensions>
					<swisstopo:routepoint_id>138019972</swisstopo:routepoint_id>
				</extensions>
			</trkpt>
			<trkpt lat="47.0052482346" lon="9.3618892760">
				<ele>909.9</ele>
				<extensions>
					<swisstopo:routepoint_id>181701658</swisstopo:routepoint_id>
				</extensions>
			</trkpt>
			<trkpt lat="47.0053051680" lon="9.3617730903">
				<ele>908.1</ele>
				<extensions>
					<swisstopo:routepoint_id>314205033</swisstopo:routepoint_id>
				</extensions>
			</trkpt>
			<trkpt lat="47.0053554734" lon="9.3616046115">
				<ele>907.7</ele>
				<extensions>
					<swisstopo:routepoint_id>263614742</swisstopo:routepoint_id>
				</extensions>
			</trkpt>
			<trkpt lat="47.0053570543" lon="9.3615564859">
				<ele>907.7</ele>
				<extensions>
					<swisstopo:routepoint_id>1624395979</swisstopo:routepoint_id>
				</extensions>
			</trkpt>
			<trkpt lat="47.0052951441" lon="9.3614971696">
				<ele>908.4</ele>
				<extensions>
					<swisstopo:routepoint_id>1522897275</swisstopo:routepoint_id>
				</extensions>
			</trkpt>
			<trkpt lat="47.0052151972" lon="9.3614149976">
				<ele>908.4</ele>
				<extensions>
					<swisstopo:routepoint_id>1691807365</swisstopo:routepoint_id>
				</extensions>
			</trkpt>
			<trkpt lat="47.0051161935" lon="9.3613204858">
				<ele>908.0</ele>
				<extensions>
					<swisstopo:routepoint_id>768017405</swisstopo:routepoint_id>
				</extensions>
			</trkpt>
			<trkpt lat="47.0050640116" lon="9.3612304206">
				<ele>908.2</ele>
				<extensions>
					<swisstopo:routepoint_id>1041013702</swisstopo:routepoint_id>
				</extensions>
			</trkpt>
			<trkpt lat="47.0049250537" lon="9.3609739459">
				<ele>909.4</ele>
				<extensions>
					<swisstopo:routepoint_id>2067815129</swisstopo:routepoint_id>
				</extensions>
			</trkpt>
			<trkpt lat="47.0048508648" lon="9.3608520655">
				<ele>910.5</ele>
				<extensions>
					<swisstopo:routepoint_id>2015872543</swisstopo:routepoint_id>
				</extensions>
			</trkpt>
			<trkpt lat="47.0046743543" lon="9.3605882099">
				<ele>910.8</ele>
				<extensions>
					<swisstopo:routepoint_id>589665343</swisstopo:routepoint_id>
				</extensions>
			</trkpt>
			<trkpt lat="47.0046371537" lon="9.3605346747">
				<ele>911.0</ele>
				<extensions>
					<swisstopo:routepoint_id>1735961355</swisstopo:routepoint_id>
				</extensions>
			</trkpt>
			<trkpt lat="47.0045317198" lon="9.3604334550">
				<ele>911.3</ele>
				<extensions>
					<swisstopo:routepoint_id>31152168</swisstopo:routepoint_id>
				</extensions>
			</trkpt>
			<trkpt lat="47.0044382411" lon="9.3603291828">
				<ele>911.9</ele>
				<extensions>
					<swisstopo:routepoint_id>943862251</swisstopo:routepoint_id>
				</extensions>
			</trkpt>
			<trkpt lat="47.0041942309" lon="9.3601151021">
				<ele>912.2</ele>
				<extensions>
					<swisstopo:routepoint_id>767972903</swisstopo:routepoint_id>
				</extensions>
			</trkpt>
			<trkpt lat="47.0040352335" lon="9.3599423652">
				<ele>913.4</ele>
				<extensions>
					<swisstopo:routepoint_id>844626339</swisstopo:routepoint_id>
				</extensions>
			</trkpt>
			<trkpt lat="47.0039609370" lon="9.3598159301">
				<ele>914.3</ele>
				<extensions>
					<swisstopo:routepoint_id>301850479</swisstopo:routepoint_id>
				</extensions>
			</trkpt>
			<trkpt lat="47.0039495839" lon="9.3597966103">
				<ele>914.4</ele>
				<extensions>
					<swisstopo:routepoint_id>461041841</swisstopo:routepoint_id>
				</extensions>
			</trkpt>
			<trkpt lat="47.0038775243" lon="9.3596931205">
				<ele>915.1</ele>
				<extensions>
					<swisstopo:routepoint_id>511503426</swisstopo:routepoint_id>
				</extensions>
			</trkpt>
			<trkpt lat="47.0038031323" lon="9.3595860470">
				<ele>916.2</ele>
				<extensions>
					<swisstopo:routepoint_id>1575090285</swisstopo:routepoint_id>
				</extensions>
			</trkpt>
			<trkpt lat="47.0037599652" lon="9.3594626873">
				<ele>916.4</ele>
				<extensions>
					<swisstopo:routepoint_id>1192472927</swisstopo:routepoint_id>
				</extensions>
			</trkpt>
			<trkpt lat="47.0037165092" lon="9.3592140553">
				<ele>917.3</ele>
				<extensions>
					<swisstopo:routepoint_id>1255570107</swisstopo:routepoint_id>
				</extensions>
			</trkpt>
			<trkpt lat="47.0037053103" lon="9.3591074021">
				<ele>915.4</ele>
				<extensions>
					<swisstopo:routepoint_id>533016592</swisstopo:routepoint_id>
				</extensions>
			</trkpt>
			<trkpt lat="47.0037234632" lon="9.3589835731">
				<ele>916.6</ele>
				<extensions>
					<swisstopo:routepoint_id>1646261220</swisstopo:routepoint_id>
				</extensions>
			</trkpt>
			<trkpt lat="47.0037039234" lon="9.3588575341">
				<ele>916.7</ele>
				<extensions>
					<swisstopo:routepoint_id>312886668</swisstopo:routepoint_id>
				</extensions>
			</trkpt>
			<trkpt lat="47.0036208441" lon="9.3586452160">
				<ele>917.7</ele>
				<extensions>
					<swisstopo:routepoint_id>2068410672</swisstopo:routepoint_id>
				</extensions>
			</trkpt>
			<trkpt lat="47.0035637609" lon="9.3585570230">
				<ele>918.5</ele>
				<extensions>
					<swisstopo:routepoint_id>1680851330</swisstopo:routepoint_id>
				</extensions>
			</trkpt>
			<trkpt lat="47.0034988663" lon="9.3584915233">
				<ele>918.6</ele>
				<extensions>
					<swisstopo:routepoint_id>1972662188</swisstopo:routepoint_id>
				</extensions>
			</trkpt>
			<trkpt lat="47.0034769172" lon="9.3584767049">
				<ele>918.6</ele>
				<extensions>
					<swisstopo:routepoint_id>12639142</swisstopo:routepoint_id>
				</extensions>
			</trkpt>
			<trkpt lat="47.0033358279" lon="9.3584095703">
				<ele>919.9</ele>
				<extensions>
					<swisstopo:routepoint_id>492182998</swisstopo:routepoint_id>
				</extensions>
			</trkpt>
			<trkpt lat="47.0032574877" lon="9.3583689647">
				<ele>920.3</ele>
				<extensions>
					<swisstopo:routepoint_id>2060882723</swisstopo:routepoint_id>
				</extensions>
			</trkpt>
			<trkpt lat="47.0031639942" lon="9.3583504299">
				<ele>921.1</ele>
				<extensions>
					<swisstopo:routepoint_id>133773355</swisstopo:routepoint_id>
				</extensions>
			</trkpt>
			<trkpt lat="47.0030860821" lon="9.3583246110">
				<ele>921.5</ele>
				<extensions>
					<swisstopo:routepoint_id>1579284325</swisstopo:routepoint_id>
				</extensions>
			</trkpt>
			<trkpt lat="47.0029002511" lon="9.3582195516">
				<ele>922.7</ele>
				<extensions>
					<swisstopo:routepoint_id>1385155115</swisstopo:routepoint_id>
				</extensions>
			</trkpt>
			<trkpt lat="47.0028177424" lon="9.3581666722">
				<ele>923.2</ele>
				<extensions>
					<swisstopo:routepoint_id>1415809125</swisstopo:routepoint_id>
				</extensions>
			</trkpt>
			<trkpt lat="47.0027239756" lon="9.3580961846">
				<ele>923.7</ele>
				<extensions>
					<swisstopo:routepoint_id>405764050</swisstopo:routepoint_id>
				</extensions>
			</trkpt>
			<trkpt lat="47.0026632462" lon="9.3580312595">
				<ele>924.1</ele>
				<extensions>
					<swisstopo:routepoint_id>890092036</swisstopo:routepoint_id>
				</extensions>
			</trkpt>
			<trkpt lat="47.0025087797" lon="9.3578123018">
				<ele>924.8</ele>
				<extensions>
					<swisstopo:routepoint_id>1360326114</swisstopo:routepoint_id>
				</extensions>
			</trkpt>
			<trkpt lat="47.0024778562" lon="9.3577293438">
				<ele>925.6</ele>
				<extensions>
					<swisstopo:routepoint_id>1105574394</swisstopo:routepoint_id>
				</extensions>
			</trkpt>
			<trkpt lat="47.0024286111" lon="9.3576593586">
				<ele>926.3</ele>
				<extensions>
					<swisstopo:routepoint_id>1597358163</swisstopo:routepoint_id>
				</extensions>
			</trkpt>
			<trkpt lat="47.0023336174" lon="9.3575954950">
				<ele>927.5</ele>
				<extensions>
					<swisstopo:routepoint_id>1762725904</swisstopo:routepoint_id>
				</extensions>
			</trkpt>
			<trkpt lat="47.0022808188" lon="9.3575680135">
				<ele>927.9</ele>
				<extensions>
					<swisstopo:routepoint_id>423800708</swisstopo:routepoint_id>
				</extensions>
			</trkpt>
			<trkpt lat="47.0022216048" lon="9.3575447854">
				<ele>928.2</ele>
				<extensions>
					<swisstopo:routepoint_id>160763862</swisstopo:routepoint_id>
				</extensions>
			</trkpt>
			<trkpt lat="47.0021675181" lon="9.3575388946">
				<ele>928.8</ele>
				<extensions>
					<swisstopo:routepoint_id>1163639813</swisstopo:routepoint_id>
				</extensions>
			</trkpt>
			<trkpt lat="47.0020889984" lon="9.3575245770">
				<ele>929.7</ele>
				<extensions>
					<swisstopo:routepoint_id>1350631629</swisstopo:routepoint_id>
				</extensions>
			</trkpt>
			<trkpt lat="47.0019926231" lon="9.3575218358">
				<ele>930.0</ele>
				<extensions>
					<swisstopo:routepoint_id>2070133468</swisstopo:routepoint_id>
				</extensions>
			</trkpt>
			<trkpt lat="47.0019426255" lon="9.3575280430">
				<ele>930.4</ele>
				<extensions>
					<swisstopo:routepoint_id>1588088112</swisstopo:routepoint_id>
				</extensions>
			</trkpt>
			<trkpt lat="47.0018670124" lon="9.3575949416">
				<ele>931.2</ele>
				<extensions>
					<swisstopo:routepoint_id>101801932</swisstopo:routepoint_id>
				</extensions>
			</trkpt>
			<trkpt lat="47.0018221115" lon="9.3576176176">
				<ele>931.3</ele>
				<extensions>
					<swisstopo:routepoint_id>177866308</swisstopo:routepoint_id>
				</extensions>
			</trkpt>
			<trkpt lat="47.0017547413" lon="9.3576495339">
				<ele>932.1</ele>
				<extensions>
					<swisstopo:routepoint_id>1282086558</swisstopo:routepoint_id>
				</extensions>
			</trkpt>
			<trkpt lat="47.0016864407" lon="9.3576972924">
				<ele>933.8</ele>
				<extensions>
					<swisstopo:routepoint_id>47863448</swisstopo:routepoint_id>
				</extensions>
			</trkpt>
			<trkpt lat="47.0016378221" lon="9.3577318960">
				<ele>934.7</ele>
				<extensions>
					<swisstopo:routepoint_id>1962854266</swisstopo:routepoint_id>
				</extensions>
			</trkpt>
			<trkpt lat="47.0015840912" lon="9.3577789297">
				<ele>934.5</ele>
				<extensions>
					<swisstopo:routepoint_id>910372842</swisstopo:routepoint_id>
				</extensions>
			</trkpt>
			<trkpt lat="47.0014742641" lon="9.3576663957">
				<ele>934.5</ele>
				<extensions>
					<swisstopo:routepoint_id>1811111060</swisstopo:routepoint_id>
				</extensions>
			</trkpt>
			<trkpt lat="47.0014681237" lon="9.3576155313">
				<ele>934.4</ele>
				<extensions>
					<swisstopo:routepoint_id>133886267</swisstopo:routepoint_id>
				</extensions>
			</trkpt>
			<trkpt lat="47.0014450957" lon="9.3575064754">
				<ele>933.6</ele>
				<extensions>
					<swisstopo:routepoint_id>1350059267</swisstopo:routepoint_id>
				</extensions>
			</trkpt>
			<trkpt lat="47.0013967194" lon="9.3573791476">
				<ele>932.9</ele>
				<extensions>
					<swisstopo:routepoint_id>604191869</swisstopo:routepoint_id>
				</extensions>
			</trkpt>
			<trkpt lat="47.0013498734" lon="9.3573325300">
				<ele>933.7</ele>
				<extensions>
					<swisstopo:routepoint_id>1161749599</swisstopo:routepoint_id>
				</extensions>
			</trkpt>
			<trkpt lat="47.0013040488" lon="9.3573033787">
				<ele>934.5</ele>
				<extensions>
					<swisstopo:routepoint_id>125797921</swisstopo:routepoint_id>
				</extensions>
			</trkpt>
			<trkpt lat="47.0012497837" lon="9.3572220479">
				<ele>934.4</ele>
				<extensions>
					<swisstopo:routepoint_id>625584919</swisstopo:routepoint_id>
				</extensions>
			</trkpt>
			<trkpt lat="47.0011905651" lon="9.3570812512">
				<ele>932.2</ele>
				<extensions>
					<swisstopo:routepoint_id>974818726</swisstopo:routepoint_id>
				</extensions>
			</trkpt>
			<trkpt lat="47.0011393658" lon="9.3569446463">
				<ele>929.7</ele>
				<extensions>
					<swisstopo:routepoint_id>1936460373</swisstopo:routepoint_id>
				</extensions>
			</trkpt>
			<trkpt lat="47.0011133146" lon="9.3568516733">
				<ele>929.4</ele>
				<extensions>
					<swisstopo:routepoint_id>1079542947</swisstopo:routepoint_id>
				</extensions>
			</trkpt>
			<trkpt lat="47.0010774172" lon="9.3567302712">
				<ele>929.5</ele>
				<extensions>
					<swisstopo:routepoint_id>909681420</swisstopo:routepoint_id>
				</extensions>
			</trkpt>
			<trkpt lat="47.0009985091" lon="9.3565347106">
				<ele>929.6</ele>
				<extensions>
					<swisstopo:routepoint_id>535295929</swisstopo:routepoint_id>
				</extensions>
			</trkpt>
			<trkpt lat="47.0009315199" lon="9.3563818147">
				<ele>929.8</ele>
				<extensions>
					<swisstopo:routepoint_id>1567041991</swisstopo:routepoint_id>
				</extensions>
			</trkpt>
			<trkpt lat="47.0008693797" lon="9.3562634312">
				<ele>930.0</ele>
				<extensions>
					<swisstopo:routepoint_id>711534241</swisstopo:routepoint_id>
				</extensions>
			</trkpt>
			<trkpt lat="47.0008605302" lon="9.3562506063">
				<ele>930.0</ele>
				<extensions>
					<swisstopo:routepoint_id>1792699893</swisstopo:routepoint_id>
				</extensions>
			</trkpt>
			<trkpt lat="47.0008058806" lon="9.3561714003">
				<ele>930.4</ele>
				<extensions>
					<swisstopo:routepoint_id>1762638</swisstopo:routepoint_id>
				</extensions>
			</trkpt>
			<trkpt lat="47.0007324493" lon="9.3560803247">
				<ele>930.5</ele>
				<extensions>
					<swisstopo:routepoint_id>891345730</swisstopo:routepoint_id>
				</extensions>
			</trkpt>
			<trkpt lat="47.0005750081" lon="9.3558819468">
				<ele>931.1</ele>
				<extensions>
					<swisstopo:routepoint_id>1950510455</swisstopo:routepoint_id>
				</extensions>
			</trkpt>
			<trkpt lat="47.0004683690" lon="9.3557778108">
				<ele>931.9</ele>
				<extensions>
					<swisstopo:routepoint_id>1862537761</swisstopo:routepoint_id>
				</extensions>
			</trkpt>
			<trkpt lat="47.0003827655" lon="9.3556585906">
				<ele>931.4</ele>
				<extensions>
					<swisstopo:routepoint_id>1623468928</swisstopo:routepoint_id>
				</extensions>
			</trkpt>
			<trkpt lat="47.0003032689" lon="9.3555514566">
				<ele>931.8</ele>
				<extensions>
					<swisstopo:routepoint_id>309946529</swisstopo:routepoint_id>
				</extensions>
			</trkpt>
			<trkpt lat="47.0002487055" lon="9.3554663423">
				<ele>932.3</ele>
				<extensions>
					<swisstopo:routepoint_id>1797275833</swisstopo:routepoint_id>
				</extensions>
			</trkpt>
			<trkpt lat="47.0002081520" lon="9.3553526822">
				<ele>932.8</ele>
				<extensions>
					<swisstopo:routepoint_id>638333914</swisstopo:routepoint_id>
				</extensions>
			</trkpt>
			<trkpt lat="47.0001637953" lon="9.3552507669">
				<ele>933.3</ele>
				<extensions>
					<swisstopo:routepoint_id>858545901</swisstopo:routepoint_id>
				</extensions>
			</trkpt>
			<trkpt lat="47.0001280592" lon="9.3551729339">
				<ele>933.7</ele>
				<extensions>
					<swisstopo:routepoint_id>1193708025</swisstopo:routepoint_id>
				</extensions>
			</trkpt>
			<trkpt lat="47.0000837376" lon="9.3550564682">
				<ele>933.6</ele>
				<extensions>
					<swisstopo:routepoint_id>362435731</swisstopo:routepoint_id>
				</extensions>
			</trkpt>
			<trkpt lat="47.0000473824" lon="9.3550006406">
				<ele>933.9</ele>
				<extensions>
					<swisstopo:routepoint_id>1423925757</swisstopo:routepoint_id>
				</extensions>
			</trkpt>
			<trkpt lat="47.0000135131" lon="9.3549522229">
				<ele>934.3</ele>
				<extensions>
					<swisstopo:routepoint_id>40077724</swisstopo:routepoint_id>
				</extensions>
			</trkpt>
			<trkpt lat="46.9999760939" lon="9.3549019640">
				<ele>934.5</ele>
				<extensions>
					<swisstopo:routepoint_id>1083902175</swisstopo:routepoint_id>
				</extensions>
			</trkpt>
			<trkpt lat="46.9999374783" lon="9.3548516429">
				<ele>934.8</ele>
				<extensions>
					<swisstopo:routepoint_id>773858801</swisstopo:routepoint_id>
				</extensions>
			</trkpt>
			<trkpt lat="46.9998849869" lon="9.3547728588">
				<ele>934.6</ele>
				<extensions>
					<swisstopo:routepoint_id>1201880469</swisstopo:routepoint_id>
				</extensions>
			</trkpt>
			<trkpt lat="46.9998427535" lon="9.3547241684">
				<ele>934.5</ele>
				<extensions>
					<swisstopo:routepoint_id>1723731557</swisstopo:routepoint_id>
				</extensions>
			</trkpt>
			<trkpt lat="46.9998120348" lon="9.3547020971">
				<ele>934.4</ele>
				<extensions>
					<swisstopo:routepoint_id>123275895</swisstopo:routepoint_id>
				</extensions>
			</trkpt>
			<trkpt lat="46.9997670313" lon="9.3546760286">
				<ele>934.5</ele>
				<extensions>
					<swisstopo:routepoint_id>1122366849</swisstopo:routepoint_id>
				</extensions>
			</trkpt>
			<trkpt lat="46.9997182430" lon="9.3546620524">
				<ele>934.6</ele>
				<extensions>
					<swisstopo:routepoint_id>1044484661</swisstopo:routepoint_id>
				</extensions>
			</trkpt>
			<trkpt lat="46.9996716446" lon="9.3546603879">
				<ele>934.9</ele>
				<extensions>
					<swisstopo:routepoint_id>2066665377</swisstopo:routepoint_id>
				</extensions>
			</trkpt>
			<trkpt lat="46.9996226730" lon="9.3546568728">
				<ele>935.1</ele>
				<extensions>
					<swisstopo:routepoint_id>1537617504</swisstopo:routepoint_id>
				</extensions>
			</trkpt>
			<trkpt lat="46.9995652519" lon="9.3546583218">
				<ele>935.4</ele>
				<extensions>
					<swisstopo:routepoint_id>2081899725</swisstopo:routepoint_id>
				</extensions>
			</trkpt>
			<trkpt lat="46.9995126720" lon="9.3546564437">
				<ele>935.8</ele>
				<extensions>
					<swisstopo:routepoint_id>545331982</swisstopo:routepoint_id>
				</extensions>
			</trkpt>
			<trkpt lat="46.9994876114" lon="9.3546538146">
				<ele>935.8</ele>
				<extensions>
					<swisstopo:routepoint_id>726422911</swisstopo:routepoint_id>
				</extensions>
			</trkpt>
			<trkpt lat="46.9994578752" lon="9.3546440060">
				<ele>935.8</ele>
				<extensions>
					<swisstopo:routepoint_id>444949395</swisstopo:routepoint_id>
				</extensions>
			</trkpt>
			<trkpt lat="46.9994160508" lon="9.3546425121">
				<ele>936.2</ele>
				<extensions>
					<swisstopo:routepoint_id>1877142096</swisstopo:routepoint_id>
				</extensions>
			</trkpt>
			<trkpt lat="46.9993693065" lon="9.3546495893">
				<ele>936.3</ele>
				<extensions>
					<swisstopo:routepoint_id>733018584</swisstopo:routepoint_id>
				</extensions>
			</trkpt>
			<trkpt lat="46.9993225222" lon="9.3546583987">
				<ele>936.5</ele>
				<extensions>
					<swisstopo:routepoint_id>798242599</swisstopo:routepoint_id>
				</extensions>
			</trkpt>
			<trkpt lat="46.9992687471" lon="9.3546564780">
				<ele>936.6</ele>
				<extensions>
					<swisstopo:routepoint_id>1788871857</swisstopo:routepoint_id>
				</extensions>
			</trkpt>
			<trkpt lat="46.9992269326" lon="9.3546549845">
				<ele>936.8</ele>
				<extensions>
					<swisstopo:routepoint_id>598979278</swisstopo:routepoint_id>
				</extensions>
			</trkpt>
			<trkpt lat="46.9991628392" lon="9.3546264877">
				<ele>937.0</ele>
				<extensions>
					<swisstopo:routepoint_id>1232280078</swisstopo:routepoint_id>
				</extensions>
			</trkpt>
			<trkpt lat="46.9991070211" lon="9.3546035139">
				<ele>937.1</ele>
				<extensions>
					<swisstopo:routepoint_id>650183202</swisstopo:routepoint_id>
				</extensions>
			</trkpt>
			<trkpt lat="46.9990500378" lon="9.3545787518">
				<ele>937.0</ele>
				<extensions>
					<swisstopo:routepoint_id>1699805149</swisstopo:routepoint_id>
				</extensions>
			</trkpt>
			<trkpt lat="46.9989967380" lon="9.3545488876">
				<ele>937.0</ele>
				<extensions>
					<swisstopo:routepoint_id>519754614</swisstopo:routepoint_id>
				</extensions>
			</trkpt>
			<trkpt lat="46.9989366112" lon="9.3544978125">
				<ele>936.9</ele>
				<extensions>
					<swisstopo:routepoint_id>243183265</swisstopo:routepoint_id>
				</extensions>
			</trkpt>
			<trkpt lat="46.9988932902" lon="9.3544420845">
				<ele>936.9</ele>
				<extensions>
					<swisstopo:routepoint_id>1294739988</swisstopo:routepoint_id>
				</extensions>
			</trkpt>
			<trkpt lat="46.9988547037" lon="9.3543900191">
				<ele>937.1</ele>
				<extensions>
					<swisstopo:routepoint_id>97184644</swisstopo:routepoint_id>
				</extensions>
			</trkpt>
			<trkpt lat="46.9988398150" lon="9.3543510272">
				<ele>937.2</ele>
				<extensions>
					<swisstopo:routepoint_id>1373311800</swisstopo:routepoint_id>
				</extensions>
			</trkpt>
			<trkpt lat="46.9988390872" lon="9.3543230408">
				<ele>937.1</ele>
				<extensions>
					<swisstopo:routepoint_id>1230792872</swisstopo:routepoint_id>
				</extensions>
			</trkpt>
			<trkpt lat="46.9988360808" lon="9.3542879924">
				<ele>937.0</ele>
				<extensions>
					<swisstopo:routepoint_id>1615253857</swisstopo:routepoint_id>
				</extensions>
			</trkpt>
			<trkpt lat="46.9988165044" lon="9.3542435865">
				<ele>937.0</ele>
				<extensions>
					<swisstopo:routepoint_id>1036719824</swisstopo:routepoint_id>
				</extensions>
			</trkpt>
			<trkpt lat="46.9987841137" lon="9.3541777752">
				<ele>937.2</ele>
				<extensions>
					<swisstopo:routepoint_id>2138601209</swisstopo:routepoint_id>
				</extensions>
			</trkpt>
			<trkpt lat="46.9987400423" lon="9.3540958072">
				<ele>937.5</ele>
				<extensions>
					<swisstopo:routepoint_id>1746530915</swisstopo:routepoint_id>
				</extensions>
			</trkpt>
			<trkpt lat="46.9986948730" lon="9.3540085471">
				<ele>937.5</ele>
				<extensions>
					<swisstopo:routepoint_id>1775128777</swisstopo:routepoint_id>
				</extensions>
			</trkpt>
			<trkpt lat="46.9986554103" lon="9.3539372369">
				<ele>937.8</ele>
				<extensions>
					<swisstopo:routepoint_id>2008699831</swisstopo:routepoint_id>
				</extensions>
			</trkpt>
			<trkpt lat="46.9986158894" lon="9.3538694119">
				<ele>938.0</ele>
				<extensions>
					<swisstopo:routepoint_id>1397446889</swisstopo:routepoint_id>
				</extensions>
			</trkpt>
			<trkpt lat="46.9985668322" lon="9.3537994935">
				<ele>938.2</ele>
				<extensions>
					<swisstopo:routepoint_id>1990278023</swisstopo:routepoint_id>
				</extensions>
			</trkpt>
			<trkpt lat="46.9984953652" lon="9.3537113079">
				<ele>938.5</ele>
				<extensions>
					<swisstopo:routepoint_id>1936648565</swisstopo:routepoint_id>
				</extensions>
			</trkpt>
			<trkpt lat="46.9984414831" lon="9.3536447301">
				<ele>938.8</ele>
				<extensions>
					<swisstopo:routepoint_id>1046833027</swisstopo:routepoint_id>
				</extensions>
			</trkpt>
			<trkpt lat="46.9983912065" lon="9.3535765215">
				<ele>939.1</ele>
				<extensions>
					<swisstopo:routepoint_id>1035536045</swisstopo:routepoint_id>
				</extensions>
			</trkpt>
			<trkpt lat="46.9983445398" lon="9.3535066890">
				<ele>939.5</ele>
				<extensions>
					<swisstopo:routepoint_id>110329858</swisstopo:routepoint_id>
				</extensions>
			</trkpt>
			<trkpt lat="46.9982897506" lon="9.3534225865">
				<ele>939.7</ele>
				<extensions>
					<swisstopo:routepoint_id>882535841</swisstopo:routepoint_id>
				</extensions>
			</trkpt>
			<trkpt lat="46.9982559967" lon="9.3533672144">
				<ele>939.7</ele>
				<extensions>
					<swisstopo:routepoint_id>1375913991</swisstopo:routepoint_id>
				</extensions>
			</trkpt>
			<trkpt lat="46.9982069167" lon="9.3532990427">
				<ele>940.0</ele>
				<extensions>
					<swisstopo:routepoint_id>1190033386</swisstopo:routepoint_id>
				</extensions>
			</trkpt>
			<trkpt lat="46.9980961762" lon="9.3531375079">
				<ele>941.5</ele>
				<extensions>
					<swisstopo:routepoint_id>1696387394</swisstopo:routepoint_id>
				</extensions>
			</trkpt>
			<trkpt lat="46.9980324652" lon="9.3531012249">
				<ele>942.2</ele>
				<extensions>
					<swisstopo:routepoint_id>1075823241</swisstopo:routepoint_id>
				</extensions>
			</trkpt>
			<trkpt lat="46.9979690533" lon="9.3530452893">
				<ele>943.0</ele>
				<extensions>
					<swisstopo:routepoint_id>1278690110</swisstopo:routepoint_id>
				</extensions>
			</trkpt>
			<trkpt lat="46.9979115868" lon="9.3529895661">
				<ele>943.9</ele>
				<extensions>
					<swisstopo:routepoint_id>73673426</swisstopo:routepoint_id>
				</extensions>
			</trkpt>
			<trkpt lat="46.9978832680" lon="9.3529735352">
				<ele>943.9</ele>
				<extensions>
					<swisstopo:routepoint_id>329020293</swisstopo:routepoint_id>
				</extensions>
			</trkpt>
			<trkpt lat="46.9978662137" lon="9.3529602888">
				<ele>943.8</ele>
				<extensions>
					<swisstopo:routepoint_id>407871531</swisstopo:routepoint_id>
				</extensions>
			</trkpt>
			<trkpt lat="46.9978484309" lon="9.3529556856">
				<ele>943.6</ele>
				<extensions>
					<swisstopo:routepoint_id>1400162651</swisstopo:routepoint_id>
				</extensions>
			</trkpt>
			<trkpt lat="46.9978100485" lon="9.3529361105">
				<ele>943.3</ele>
				<extensions>
					<swisstopo:routepoint_id>1666500975</swisstopo:routepoint_id>
				</extensions>
			</trkpt>
			<trkpt lat="46.9977604489" lon="9.3529093283">
				<ele>942.8</ele>
				<extensions>
					<swisstopo:routepoint_id>852601737</swisstopo:routepoint_id>
				</extensions>
			</trkpt>
			<trkpt lat="46.9977100204" lon="9.3529090572">
				<ele>942.9</ele>
				<extensions>
					<swisstopo:routepoint_id>2118785413</swisstopo:routepoint_id>
				</extensions>
			</trkpt>
			<trkpt lat="46.9976644792" lon="9.3529161783">
				<ele>943.1</ele>
				<extensions>
					<swisstopo:routepoint_id>2097139311</swisstopo:routepoint_id>
				</extensions>
			</trkpt>
			<trkpt lat="46.9976214014" lon="9.3529181216">
				<ele>943.4</ele>
				<extensions>
					<swisstopo:routepoint_id>653812309</swisstopo:routepoint_id>
				</extensions>
			</trkpt>
			<trkpt lat="46.9975581142" lon="9.3529123829">
				<ele>943.8</ele>
				<extensions>
					<swisstopo:routepoint_id>1961101495</swisstopo:routepoint_id>
				</extensions>
			</trkpt>
			<trkpt lat="46.9975081615" lon="9.3528966204">
				<ele>944.0</ele>
				<extensions>
					<swisstopo:routepoint_id>1791240963</swisstopo:routepoint_id>
				</extensions>
			</trkpt>
			<trkpt lat="46.9974428421" lon="9.3528698232">
				<ele>944.2</ele>
				<extensions>
					<swisstopo:routepoint_id>1896132628</swisstopo:routepoint_id>
				</extensions>
			</trkpt>
			<trkpt lat="46.9973904180" lon="9.3528592064">
				<ele>944.4</ele>
				<extensions>
					<swisstopo:routepoint_id>131846955</swisstopo:routepoint_id>
				</extensions>
			</trkpt>
			<trkpt lat="46.9973233981" lon="9.3528620485">
				<ele>944.7</ele>
				<extensions>
					<swisstopo:routepoint_id>466635457</swisstopo:routepoint_id>
				</extensions>
			</trkpt>
			<trkpt lat="46.9972092707" lon="9.3528592541">
				<ele>946.2</ele>
				<extensions>
					<swisstopo:routepoint_id>759255933</swisstopo:routepoint_id>
				</extensions>
			</trkpt>
			<trkpt lat="46.9971409657" lon="9.3528480063">
				<ele>946.7</ele>
				<extensions>
					<swisstopo:routepoint_id>1275221399</swisstopo:routepoint_id>
				</extensions>
			</trkpt>
			<trkpt lat="46.9970682010" lon="9.3528215024">
				<ele>946.8</ele>
				<extensions>
					<swisstopo:routepoint_id>1289307147</swisstopo:routepoint_id>
				</extensions>
			</trkpt>
			<trkpt lat="46.9970076883" lon="9.3527931175">
				<ele>947.3</ele>
				<extensions>
					<swisstopo:routepoint_id>112517101</swisstopo:routepoint_id>
				</extensions>
			</trkpt>
			<trkpt lat="46.9969567788" lon="9.3527633414">
				<ele>947.4</ele>
				<extensions>
					<swisstopo:routepoint_id>1490480708</swisstopo:routepoint_id>
				</extensions>
			</trkpt>
			<trkpt lat="46.9969083613" lon="9.3527266676">
				<ele>947.5</ele>
				<extensions>
					<swisstopo:routepoint_id>2015710419</swisstopo:routepoint_id>
				</extensions>
			</trkpt>
			<trkpt lat="46.9968445968" lon="9.3526789602">
				<ele>947.8</ele>
				<extensions>
					<swisstopo:routepoint_id>1893334974</swisstopo:routepoint_id>
				</extensions>
			</trkpt>
			<trkpt lat="46.9967375044" lon="9.3525861686">
				<ele>948.0</ele>
				<extensions>
					<swisstopo:routepoint_id>2040394610</swisstopo:routepoint_id>
				</extensions>
			</trkpt>
			<trkpt lat="46.9966617021" lon="9.3525340826">
				<ele>948.4</ele>
				<extensions>
					<swisstopo:routepoint_id>2087423886</swisstopo:routepoint_id>
				</extensions>
			</trkpt>
			<trkpt lat="46.9965975522" lon="9.3525040788">
				<ele>949.2</ele>
				<extensions>
					<swisstopo:routepoint_id>1222530105</swisstopo:routepoint_id>
				</extensions>
			</trkpt>
			<trkpt lat="46.9965654081" lon="9.3525021742">
				<ele>949.8</ele>
				<extensions>
					<swisstopo:routepoint_id>708574960</swisstopo:routepoint_id>
				</extensions>
			</trkpt>
			<trkpt lat="46.9964567133" lon="9.3524956894">
				<ele>951.9</ele>
				<extensions>
					<swisstopo:routepoint_id>245749963</swisstopo:routepoint_id>
				</extensions>
			</trkpt>
			<trkpt lat="46.9963781404" lon="9.3524500806">
				<ele>953.4</ele>
				<extensions>
					<swisstopo:routepoint_id>1928750604</swisstopo:routepoint_id>
				</extensions>
			</trkpt>
			<trkpt lat="46.9962891713" lon="9.3523458132">
				<ele>955.1</ele>
				<extensions>
					<swisstopo:routepoint_id>1391309020</swisstopo:routepoint_id>
				</extensions>
			</trkpt>
			<trkpt lat="46.9962286077" lon="9.3522330234">
				<ele>955.3</ele>
				<extensions>
					<swisstopo:routepoint_id>1283180942</swisstopo:routepoint_id>
				</extensions>
			</trkpt>
			<trkpt lat="46.9962028829" lon="9.3521935641">
				<ele>955.3</ele>
				<extensions>
					<swisstopo:routepoint_id>1037466705</swisstopo:routepoint_id>
				</extensions>
			</trkpt>
			<trkpt lat="46.9961603968" lon="9.3521044596">
				<ele>956.0</ele>
				<extensions>
					<swisstopo:routepoint_id>5172655</swisstopo:routepoint_id>
				</extensions>
			</trkpt>
			<trkpt lat="46.9961158440" lon="9.3519850109">
				<ele>955.9</ele>
				<extensions>
					<swisstopo:routepoint_id>1915192334</swisstopo:routepoint_id>
				</extensions>
			</trkpt>
			<trkpt lat="46.9960802817" lon="9.3518432217">
				<ele>955.2</ele>
				<extensions>
					<swisstopo:routepoint_id>828467405</swisstopo:routepoint_id>
				</extensions>
			</trkpt>
			<trkpt lat="46.9960680411" lon="9.3517447037">
				<ele>954.9</ele>
				<extensions>
					<swisstopo:routepoint_id>1818900350</swisstopo:routepoint_id>
				</extensions>
			</trkpt>
			<trkpt lat="46.9960452250" lon="9.3517272264">
				<ele>955.3</ele>
				<extensions>
					<swisstopo:routepoint_id>2119737319</swisstopo:routepoint_id>
				</extensions>
			</trkpt>
			<trkpt lat="46.9960422483" lon="9.3517228748">
				<ele>955.4</ele>
				<extensions>
					<swisstopo:routepoint_id>23380839</swisstopo:routepoint_id>
				</extensions>
			</trkpt>
			<trkpt lat="46.9960106085" lon="9.3516766366">
				<ele>956.2</ele>
				<extensions>
					<swisstopo:routepoint_id>593778305</swisstopo:routepoint_id>
				</extensions>
			</trkpt>
			<trkpt lat="46.9959540673" lon="9.3516026680">
				<ele>957.9</ele>
				<extensions>
					<swisstopo:routepoint_id>458741005</swisstopo:routepoint_id>
				</extensions>
			</trkpt>
			<trkpt lat="46.9958720873" lon="9.3515276641">
				<ele>959.9</ele>
				<extensions>
					<swisstopo:routepoint_id>1429936826</swisstopo:routepoint_id>
				</extensions>
			</trkpt>
			<trkpt lat="46.9958529333" lon="9.3514977893">
				<ele>960.6</ele>
				<extensions>
					<swisstopo:routepoint_id>1849346151</swisstopo:routepoint_id>
				</extensions>
			</trkpt>
			<trkpt lat="46.9958527105" lon="9.3514447403">
				<ele>960.8</ele>
				<extensions>
					<swisstopo:routepoint_id>804825451</swisstopo:routepoint_id>
				</extensions>
			</trkpt>
			<trkpt lat="46.9958599025" lon="9.3514041756">
				<ele>961.1</ele>
				<extensions>
					<swisstopo:routepoint_id>1767917449</swisstopo:routepoint_id>
				</extensions>
			</trkpt>
			<trkpt lat="46.9958411000" lon="9.3513694202">
				<ele>961.2</ele>
				<extensions>
					<swisstopo:routepoint_id>1067522241</swisstopo:routepoint_id>
				</extensions>
			</trkpt>
			<trkpt lat="46.9957841568" lon="9.3513399704">
				<ele>962.0</ele>
				<extensions>
					<swisstopo:routepoint_id>892431327</swisstopo:routepoint_id>
				</extensions>
			</trkpt>
			<trkpt lat="46.9956751703" lon="9.3512932604">
				<ele>964.3</ele>
				<extensions>
					<swisstopo:routepoint_id>1040637785</swisstopo:routepoint_id>
				</extensions>
			</trkpt>
			<trkpt lat="46.9955816766" lon="9.3511726851">
				<ele>966.7</ele>
				<extensions>
					<swisstopo:routepoint_id>240914340</swisstopo:routepoint_id>
				</extensions>
			</trkpt>
			<trkpt lat="46.9955441183" lon="9.3510902182">
				<ele>967.5</ele>
				<extensions>
					<swisstopo:routepoint_id>1530992442</swisstopo:routepoint_id>
				</extensions>
			</trkpt>
			<trkpt lat="46.9955274165" lon="9.3509779355">
				<ele>968.6</ele>
				<extensions>
					<swisstopo:routepoint_id>634229329</swisstopo:routepoint_id>
				</extensions>
			</trkpt>
			<trkpt lat="46.9955372116" lon="9.3509211140">
				<ele>968.8</ele>
				<extensions>
					<swisstopo:routepoint_id>265805927</swisstopo:routepoint_id>
				</extensions>
			</trkpt>
			<trkpt lat="46.9955501890" lon="9.3508458242">
				<ele>969.2</ele>
				<extensions>
					<swisstopo:routepoint_id>1141899417</swisstopo:routepoint_id>
				</extensions>
			</trkpt>
			<trkpt lat="46.9955381741" lon="9.3507888107">
				<ele>969.7</ele>
				<extensions>
					<swisstopo:routepoint_id>376487697</swisstopo:routepoint_id>
				</extensions>
			</trkpt>
			<trkpt lat="46.9955163575" lon="9.3507373105">
				<ele>969.9</ele>
				<extensions>
					<swisstopo:routepoint_id>2128084526</swisstopo:routepoint_id>
				</extensions>
			</trkpt>
			<trkpt lat="46.9954815732" lon="9.3506870176">
				<ele>969.9</ele>
				<extensions>
					<swisstopo:routepoint_id>1956078286</swisstopo:routepoint_id>
				</extensions>
			</trkpt>
			<trkpt lat="46.9954495020" lon="9.3506293343">
				<ele>969.3</ele>
				<extensions>
					<swisstopo:routepoint_id>1927446862</swisstopo:routepoint_id>
				</extensions>
			</trkpt>
			<trkpt lat="46.9954376910" lon="9.3505590166">
				<ele>969.5</ele>
				<extensions>
					<swisstopo:routepoint_id>1878635808</swisstopo:routepoint_id>
				</extensions>
			</trkpt>
			<trkpt lat="46.9954316913" lon="9.3504897087">
				<ele>970.1</ele>
				<extensions>
					<swisstopo:routepoint_id>1244239121</swisstopo:routepoint_id>
				</extensions>
			</trkpt>
			<trkpt lat="46.9954241017" lon="9.3504386771">
				<ele>970.4</ele>
				<extensions>
					<swisstopo:routepoint_id>369594035</swisstopo:routepoint_id>
				</extensions>
			</trkpt>
			<trkpt lat="46.9954032428" lon="9.3503680628">
				<ele>971.1</ele>
				<extensions>
					<swisstopo:routepoint_id>1788974126</swisstopo:routepoint_id>
				</extensions>
			</trkpt>
			<trkpt lat="46.9953839528" lon="9.3503199664">
				<ele>971.6</ele>
				<extensions>
					<swisstopo:routepoint_id>1456848339</swisstopo:routepoint_id>
				</extensions>
			</trkpt>
			<trkpt lat="46.9953463783" lon="9.3502820769">
				<ele>972.3</ele>
				<extensions>
					<swisstopo:routepoint_id>100005299</swisstopo:routepoint_id>
				</extensions>
			</trkpt>
			<trkpt lat="46.9953035728" lon="9.3502481623">
				<ele>973.3</ele>
				<extensions>
					<swisstopo:routepoint_id>1979978973</swisstopo:routepoint_id>
				</extensions>
			</trkpt>
			<trkpt lat="46.9952681401" lon="9.3501978726">
				<ele>973.9</ele>
				<extensions>
					<swisstopo:routepoint_id>1245139563</swisstopo:routepoint_id>
				</extensions>
			</trkpt>
			<trkpt lat="46.9952289764" lon="9.3501382867">
				<ele>974.6</ele>
				<extensions>
					<swisstopo:routepoint_id>1115022755</swisstopo:routepoint_id>
				</extensions>
			</trkpt>
			<trkpt lat="46.9951881935" lon="9.3500586601">
				<ele>975.4</ele>
				<extensions>
					<swisstopo:routepoint_id>1813039834</swisstopo:routepoint_id>
				</extensions>
			</trkpt>
			<trkpt lat="46.9951509375" lon="9.3500016403">
				<ele>975.7</ele>
				<extensions>
					<swisstopo:routepoint_id>1587178403</swisstopo:routepoint_id>
				</extensions>
			</trkpt>
			<trkpt lat="46.9951156854" lon="9.3499405117">
				<ele>976.2</ele>
				<extensions>
					<swisstopo:routepoint_id>376769737</swisstopo:routepoint_id>
				</extensions>
			</trkpt>
			<trkpt lat="46.9950808449" lon="9.3498536163">
				<ele>976.4</ele>
				<extensions>
					<swisstopo:routepoint_id>867474460</swisstopo:routepoint_id>
				</extensions>
			</trkpt>
			<trkpt lat="46.9950479061" lon="9.3497692609">
				<ele>976.3</ele>
				<extensions>
					<swisstopo:routepoint_id>192478006</swisstopo:routepoint_id>
				</extensions>
			</trkpt>
			<trkpt lat="46.9950033012" lon="9.3496861787">
				<ele>976.0</ele>
				<extensions>
					<swisstopo:routepoint_id>1361306792</swisstopo:routepoint_id>
				</extensions>
			</trkpt>
			<trkpt lat="46.9949669058" lon="9.3496158659">
				<ele>975.8</ele>
				<extensions>
					<swisstopo:routepoint_id>1320361149</swisstopo:routepoint_id>
				</extensions>
			</trkpt>
			<trkpt lat="46.9949320236" lon="9.3495314544">
				<ele>975.6</ele>
				<extensions>
					<swisstopo:routepoint_id>1313714508</swisstopo:routepoint_id>
				</extensions>
			</trkpt>
			<trkpt lat="46.9949027255" lon="9.3494607652">
				<ele>975.2</ele>
				<extensions>
					<swisstopo:routepoint_id>1907731574</swisstopo:routepoint_id>
				</extensions>
			</trkpt>
			<trkpt lat="46.9948724174" lon="9.3493922875">
				<ele>975.1</ele>
				<extensions>
					<swisstopo:routepoint_id>216561256</swisstopo:routepoint_id>
				</extensions>
			</trkpt>
			<trkpt lat="46.9948300648" lon="9.3493220647">
				<ele>975.2</ele>
				<extensions>
					<swisstopo:routepoint_id>1047114003</swisstopo:routepoint_id>
				</extensions>
			</trkpt>
			<trkpt lat="46.9947922821" lon="9.3492901857">
				<ele>975.4</ele>
				<extensions>
					<swisstopo:routepoint_id>950183585</swisstopo:routepoint_id>
				</extensions>
			</trkpt>
			<trkpt lat="46.9947405158" lon="9.3492465202">
				<ele>976.0</ele>
				<extensions>
					<swisstopo:routepoint_id>257519470</swisstopo:routepoint_id>
				</extensions>
			</trkpt>
			<trkpt lat="46.9946933779" lon="9.3491924372">
				<ele>976.2</ele>
				<extensions>
					<swisstopo:routepoint_id>1696076364</swisstopo:routepoint_id>
				</extensions>
			</trkpt>
			<trkpt lat="46.9946347078" lon="9.3490321209">
				<ele>976.5</ele>
				<extensions>
					<swisstopo:routepoint_id>264463601</swisstopo:routepoint_id>
				</extensions>
			</trkpt>
			<trkpt lat="46.9946022707" lon="9.3489861968">
				<ele>976.3</ele>
				<extensions>
					<swisstopo:routepoint_id>884206063</swisstopo:routepoint_id>
				</extensions>
			</trkpt>
			<trkpt lat="46.9946183939" lon="9.3488754387">
				<ele>975.4</ele>
				<extensions>
					<swisstopo:routepoint_id>653995687</swisstopo:routepoint_id>
				</extensions>
			</trkpt>
			<trkpt lat="46.9946324423" lon="9.3487471922">
				<ele>974.3</ele>
				<extensions>
					<swisstopo:routepoint_id>682219860</swisstopo:routepoint_id>
				</extensions>
			</trkpt>
			<trkpt lat="46.9946368441" lon="9.3486255691">
				<ele>973.2</ele>
				<extensions>
					<swisstopo:routepoint_id>67121505</swisstopo:routepoint_id>
				</extensions>
			</trkpt>
			<trkpt lat="46.9946291156" lon="9.3485374509">
				<ele>972.5</ele>
				<extensions>
					<swisstopo:routepoint_id>976318776</swisstopo:routepoint_id>
				</extensions>
			</trkpt>
			<trkpt lat="46.9946206065" lon="9.3485037316">
				<ele>972.2</ele>
				<extensions>
					<swisstopo:routepoint_id>1509953625</swisstopo:routepoint_id>
				</extensions>
			</trkpt>
			<trkpt lat="46.9946058873" lon="9.3484706709">
				<ele>971.8</ele>
				<extensions>
					<swisstopo:routepoint_id>765067802</swisstopo:routepoint_id>
				</extensions>
			</trkpt>
			<trkpt lat="46.9945894116" lon="9.3484361030">
				<ele>971.4</ele>
				<extensions>
					<swisstopo:routepoint_id>1503296851</swisstopo:routepoint_id>
				</extensions>
			</trkpt>
			<trkpt lat="46.9945425356" lon="9.3483764246">
				<ele>970.7</ele>
				<extensions>
					<swisstopo:routepoint_id>954427242</swisstopo:routepoint_id>
				</extensions>
			</trkpt>
			<trkpt lat="46.9944824977" lon="9.3483172152">
				<ele>969.5</ele>
				<extensions>
					<swisstopo:routepoint_id>401775630</swisstopo:routepoint_id>
				</extensions>
			</trkpt>
			<trkpt lat="46.9944221250" lon="9.3482732317">
				<ele>968.6</ele>
				<extensions>
					<swisstopo:routepoint_id>806272600</swisstopo:routepoint_id>
				</extensions>
			</trkpt>
			<trkpt lat="46.9943540119" lon="9.3482277399">
				<ele>967.6</ele>
				<extensions>
					<swisstopo:routepoint_id>2110860720</swisstopo:routepoint_id>
				</extensions>
			</trkpt>
			<trkpt lat="46.9943084627" lon="9.3481728030">
				<ele>967.5</ele>
				<extensions>
					<swisstopo:routepoint_id>628514038</swisstopo:routepoint_id>
				</extensions>
			</trkpt>
			<trkpt lat="46.9942801426" lon="9.3481227559">
				<ele>967.6</ele>
				<extensions>
					<swisstopo:routepoint_id>2067279493</swisstopo:routepoint_id>
				</extensions>
			</trkpt>
			<trkpt lat="46.9942029419" lon="9.3480788224">
				<ele>968.0</ele>
				<extensions>
					<swisstopo:routepoint_id>374115066</swisstopo:routepoint_id>
				</extensions>
			</trkpt>
			<trkpt lat="46.9940901890" lon="9.3479908006">
				<ele>968.7</ele>
				<extensions>
					<swisstopo:routepoint_id>1604214393</swisstopo:routepoint_id>
				</extensions>
			</trkpt>
			<trkpt lat="46.9939927129" lon="9.3479065655">
				<ele>969.3</ele>
				<extensions>
					<swisstopo:routepoint_id>595135096</swisstopo:routepoint_id>
				</extensions>
			</trkpt>
			<trkpt lat="46.9939129038" lon="9.3478129168">
				<ele>969.9</ele>
				<extensions>
					<swisstopo:routepoint_id>1379730086</swisstopo:routepoint_id>
				</extensions>
			</trkpt>
			<trkpt lat="46.9938359767" lon="9.3477086987">
				<ele>970.5</ele>
				<extensions>
					<swisstopo:routepoint_id>940109295</swisstopo:routepoint_id>
				</extensions>
			</trkpt>
			<trkpt lat="46.9937741992" lon="9.3476172461">
				<ele>971.0</ele>
				<extensions>
					<swisstopo:routepoint_id>282817958</swisstopo:routepoint_id>
				</extensions>
			</trkpt>
			<trkpt lat="46.9936470191" lon="9.3473854950">
				<ele>972.1</ele>
				<extensions>
					<swisstopo:routepoint_id>2113129492</swisstopo:routepoint_id>
				</extensions>
			</trkpt>
			<trkpt lat="46.9935192360" lon="9.3471228828">
				<ele>973.4</ele>
				<extensions>
					<swisstopo:routepoint_id>1913528931</swisstopo:routepoint_id>
				</extensions>
			</trkpt>
			<trkpt lat="46.9933706434" lon="9.3468433183">
				<ele>974.9</ele>
				<extensions>
					<swisstopo:routepoint_id>1247946619</swisstopo:routepoint_id>
				</extensions>
			</trkpt>
			<trkpt lat="46.9933090713" lon="9.3467150369">
				<ele>975.7</ele>
				<extensions>
					<swisstopo:routepoint_id>1391396286</swisstopo:routepoint_id>
				</extensions>
			</trkpt>
			<trkpt lat="46.9932500445" lon="9.3465912190">
				<ele>976.5</ele>
				<extensions>
					<swisstopo:routepoint_id>1117203601</swisstopo:routepoint_id>
				</extensions>
			</trkpt>
			<trkpt lat="46.9931468546" lon="9.3463862958">
				<ele>977.8</ele>
				<extensions>
					<swisstopo:routepoint_id>1910147572</swisstopo:routepoint_id>
				</extensions>
			</trkpt>
			<trkpt lat="46.9930982852" lon="9.3463018136">
				<ele>978.4</ele>
				<extensions>
					<swisstopo:routepoint_id>951257120</swisstopo:routepoint_id>
				</extensions>
			</trkpt>
			<trkpt lat="46.9929356350" lon="9.3459990282">
				<ele>980.2</ele>
				<extensions>
					<swisstopo:routepoint_id>100869629</swisstopo:routepoint_id>
				</extensions>
			</trkpt>
			<trkpt lat="46.9928848178" lon="9.3459160576">
				<ele>980.8</ele>
				<extensions>
					<swisstopo:routepoint_id>1778991830</swisstopo:routepoint_id>
				</extensions>
			</trkpt>
			<trkpt lat="46.9928380917" lon="9.3458543532">
				<ele>981.2</ele>
				<extensions>
					<swisstopo:routepoint_id>1761203433</swisstopo:routepoint_id>
				</extensions>
			</trkpt>
			<trkpt lat="46.9927945405" lon="9.3458024912">
				<ele>981.7</ele>
				<extensions>
					<swisstopo:routepoint_id>891450415</swisstopo:routepoint_id>
				</extensions>
			</trkpt>
			<trkpt lat="46.9927012222" lon="9.3457078313">
				<ele>982.5</ele>
				<extensions>
					<swisstopo:routepoint_id>2141914668</swisstopo:routepoint_id>
				</extensions>
			</trkpt>
			<trkpt lat="46.9926598016" lon="9.3456658165">
				<ele>982.9</ele>
				<extensions>
					<swisstopo:routepoint_id>977081090</swisstopo:routepoint_id>
				</extensions>
			</trkpt>
			<trkpt lat="46.9925458647" lon="9.3455725160">
				<ele>983.8</ele>
				<extensions>
					<swisstopo:routepoint_id>111093019</swisstopo:routepoint_id>
				</extensions>
			</trkpt>
			<trkpt lat="46.9924710639" lon="9.3455292893">
				<ele>984.4</ele>
				<extensions>
					<swisstopo:routepoint_id>2080153797</swisstopo:routepoint_id>
				</extensions>
			</trkpt>
			<trkpt lat="46.9923584229" lon="9.3454911870">
				<ele>985.3</ele>
				<extensions>
					<swisstopo:routepoint_id>548270661</swisstopo:routepoint_id>
				</extensions>
			</trkpt>
			<trkpt lat="46.9922864802" lon="9.3454692466">
				<ele>985.8</ele>
				<extensions>
					<swisstopo:routepoint_id>930987929</swisstopo:routepoint_id>
				</extensions>
			</trkpt>
			<trkpt lat="46.9921908732" lon="9.3454343281">
				<ele>986.6</ele>
				<extensions>
					<swisstopo:routepoint_id>1025435072</swisstopo:routepoint_id>
				</extensions>
			</trkpt>
			<trkpt lat="46.9921586825" lon="9.3454200210">
				<ele>986.7</ele>
				<extensions>
					<swisstopo:routepoint_id>726707023</swisstopo:routepoint_id>
				</extensions>
			</trkpt>
			<trkpt lat="46.9921288856" lon="9.3454051665">
				<ele>986.8</ele>
				<extensions>
					<swisstopo:routepoint_id>1755774350</swisstopo:routepoint_id>
				</extensions>
			</trkpt>
			<trkpt lat="46.9920395946" lon="9.3453237103">
				<ele>987.7</ele>
				<extensions>
					<swisstopo:routepoint_id>1704726311</swisstopo:routepoint_id>
				</extensions>
			</trkpt>
			<trkpt lat="46.9919780304" lon="9.3452696185">
				<ele>988.2</ele>
				<extensions>
					<swisstopo:routepoint_id>644844839</swisstopo:routepoint_id>
				</extensions>
			</trkpt>
			<trkpt lat="46.9919282589" lon="9.3452427873">
				<ele>988.5</ele>
				<extensions>
					<swisstopo:routepoint_id>413001249</swisstopo:routepoint_id>
				</extensions>
			</trkpt>
			<trkpt lat="46.9918614072" lon="9.3452117693">
				<ele>989.0</ele>
				<extensions>
					<swisstopo:routepoint_id>667767153</swisstopo:routepoint_id>
				</extensions>
			</trkpt>
			<trkpt lat="46.9917380655" lon="9.3451894895">
				<ele>989.7</ele>
				<extensions>
					<swisstopo:routepoint_id>1511085225</swisstopo:routepoint_id>
				</extensions>
			</trkpt>
			<trkpt lat="46.9913321396" lon="9.3451464116">
				<ele>992.1</ele>
				<extensions>
					<swisstopo:routepoint_id>1998334494</swisstopo:routepoint_id>
				</extensions>
			</trkpt>
			<trkpt lat="46.9911329096" lon="9.3451214338">
				<ele>993.3</ele>
				<extensions>
					<swisstopo:routepoint_id>332584684</swisstopo:routepoint_id>
				</extensions>
			</trkpt>
			<trkpt lat="46.9908748531" lon="9.3450979440">
				<ele>995.0</ele>
				<extensions>
					<swisstopo:routepoint_id>1995708911</swisstopo:routepoint_id>
				</extensions>
			</trkpt>
			<trkpt lat="46.9905092918" lon="9.3450581156">
				<ele>997.8</ele>
				<extensions>
					<swisstopo:routepoint_id>1507203268</swisstopo:routepoint_id>
				</extensions>
			</trkpt>
			<trkpt lat="46.9902440763" lon="9.3450236284">
				<ele>999.8</ele>
				<extensions>
					<swisstopo:routepoint_id>989692869</swisstopo:routepoint_id>
				</extensions>
			</trkpt>
			<trkpt lat="46.9901647091" lon="9.3450082768">
				<ele>1000.4</ele>
				<extensions>
					<swisstopo:routepoint_id>1751701256</swisstopo:routepoint_id>
				</extensions>
			</trkpt>
			<trkpt lat="46.9900783782" lon="9.3449712051">
				<ele>1001.0</ele>
				<extensions>
					<swisstopo:routepoint_id>1910951963</swisstopo:routepoint_id>
				</extensions>
			</trkpt>
			<trkpt lat="46.9899837777" lon="9.3449141409">
				<ele>1001.8</ele>
				<extensions>
					<swisstopo:routepoint_id>631057607</swisstopo:routepoint_id>
				</extensions>
			</trkpt>
			<trkpt lat="46.9898836367" lon="9.3448228616">
				<ele>1002.5</ele>
				<extensions>
					<swisstopo:routepoint_id>392045629</swisstopo:routepoint_id>
				</extensions>
			</trkpt>
			<trkpt lat="46.9898138585" lon="9.3447470085">
				<ele>1002.9</ele>
				<extensions>
					<swisstopo:routepoint_id>133801834</swisstopo:routepoint_id>
				</extensions>
			</trkpt>
			<trkpt lat="46.9897490916" lon="9.3446641519">
				<ele>1003.2</ele>
				<extensions>
					<swisstopo:routepoint_id>1587845129</swisstopo:routepoint_id>
				</extensions>
			</trkpt>
			<trkpt lat="46.9896965636" lon="9.3445817449">
				<ele>1003.4</ele>
				<extensions>
					<swisstopo:routepoint_id>1126670504</swisstopo:routepoint_id>
				</extensions>
			</trkpt>
			<trkpt lat="46.9896452036" lon="9.3444295562">
				<ele>1003.5</ele>
				<extensions>
					<swisstopo:routepoint_id>609033958</swisstopo:routepoint_id>
				</extensions>
			</trkpt>
			<trkpt lat="46.9896080584" lon="9.3442905085">
				<ele>1003.6</ele>
				<extensions>
					<swisstopo:routepoint_id>415810128</swisstopo:routepoint_id>
				</extensions>
			</trkpt>
			<trkpt lat="46.9895856307" lon="9.3441661975">
				<ele>1003.6</ele>
				<extensions>
					<swisstopo:routepoint_id>896353519</swisstopo:routepoint_id>
				</extensions>
			</trkpt>
			<trkpt lat="46.9895481690" lon="9.3439876647">
				<ele>1003.6</ele>
				<extensions>
					<swisstopo:routepoint_id>52184785</swisstopo:routepoint_id>
				</extensions>
			</trkpt>
			<trkpt lat="46.9895164242" lon="9.3438343838">
				<ele>1003.6</ele>
				<extensions>
					<swisstopo:routepoint_id>589165186</swisstopo:routepoint_id>
				</extensions>
			</trkpt>
			<trkpt lat="46.9894921701" lon="9.3437458164">
				<ele>1003.6</ele>
				<extensions>
					<swisstopo:routepoint_id>1186792246</swisstopo:routepoint_id>
				</extensions>
			</trkpt>
			<trkpt lat="46.9894546320" lon="9.3436460452">
				<ele>1003.5</ele>
				<extensions>
					<swisstopo:routepoint_id>649030537</swisstopo:routepoint_id>
				</extensions>
			</trkpt>
			<trkpt lat="46.9894063460" lon="9.3435297608">
				<ele>1003.5</ele>
				<extensions>
					<swisstopo:routepoint_id>204731233</swisstopo:routepoint_id>
				</extensions>
			</trkpt>
			<trkpt lat="46.9892789370" lon="9.3433080467">
				<ele>1003.6</ele>
				<extensions>
					<swisstopo:routepoint_id>679765439</swisstopo:routepoint_id>
				</extensions>
			</trkpt>
			<trkpt lat="46.9892423475" lon="9.3432481419">
				<ele>1003.6</ele>
				<extensions>
					<swisstopo:routepoint_id>829671630</swisstopo:routepoint_id>
				</extensions>
			</trkpt>
			<trkpt lat="46.9891943925" lon="9.3431053978">
				<ele>1003.7</ele>
				<extensions>
					<swisstopo:routepoint_id>340309313</swisstopo:routepoint_id>
				</extensions>
			</trkpt>
			<trkpt lat="46.9891418030" lon="9.3429669880">
				<ele>1003.3</ele>
				<extensions>
					<swisstopo:routepoint_id>1125957411</swisstopo:routepoint_id>
				</extensions>
			</trkpt>
			<trkpt lat="46.9891311373" lon="9.3429411782">
				<ele>1003.2</ele>
				<extensions>
					<swisstopo:routepoint_id>717641109</swisstopo:routepoint_id>
				</extensions>
			</trkpt>
			<trkpt lat="46.9891129648" lon="9.3428970744">
				<ele>1003.1</ele>
				<extensions>
					<swisstopo:routepoint_id>2120310661</swisstopo:routepoint_id>
				</extensions>
			</trkpt>
			<trkpt lat="46.9890827584" lon="9.3428667717">
				<ele>1003.2</ele>
				<extensions>
					<swisstopo:routepoint_id>180797417</swisstopo:routepoint_id>
				</extensions>
			</trkpt>
			<trkpt lat="46.9891082389" lon="9.3427828486">
				<ele>1002.9</ele>
				<extensions>
					<swisstopo:routepoint_id>1185617990</swisstopo:routepoint_id>
				</extensions>
			</trkpt>
			<trkpt lat="46.9891389546" lon="9.3426534702">
				<ele>1002.5</ele>
				<extensions>
					<swisstopo:routepoint_id>1483389259</swisstopo:routepoint_id>
				</extensions>
			</trkpt>
			<trkpt lat="46.9891725056" lon="9.3424963686">
				<ele>1002.3</ele>
				<extensions>
					<swisstopo:routepoint_id>573150922</swisstopo:routepoint_id>
				</extensions>
			</trkpt>
			<trkpt lat="46.9891839610" lon="9.3423954849">
				<ele>1002.2</ele>
				<extensions>
					<swisstopo:routepoint_id>1166219813</swisstopo:routepoint_id>
				</extensions>
			</trkpt>
			<trkpt lat="46.9891892299" lon="9.3423490967">
				<ele>1002.1</ele>
				<extensions>
					<swisstopo:routepoint_id>846694405</swisstopo:routepoint_id>
				</extensions>
			</trkpt>
			<trkpt lat="46.9892078085" lon="9.3420905539">
				<ele>1001.4</ele>
				<extensions>
					<swisstopo:routepoint_id>1757953633</swisstopo:routepoint_id>
				</extensions>
			</trkpt>
			<trkpt lat="46.9892162296" lon="9.3419387794">
				<ele>1001.1</ele>
				<extensions>
					<swisstopo:routepoint_id>625937577</swisstopo:routepoint_id>
				</extensions>
			</trkpt>
			<trkpt lat="46.9892260747" lon="9.3417000986">
				<ele>1000.5</ele>
				<extensions>
					<swisstopo:routepoint_id>30575030</swisstopo:routepoint_id>
				</extensions>
			</trkpt>
			<trkpt lat="46.9892225332" lon="9.3415691624">
				<ele>1000.2</ele>
				<extensions>
					<swisstopo:routepoint_id>183867409</swisstopo:routepoint_id>
				</extensions>
			</trkpt>
			<trkpt lat="46.9892125891" lon="9.3414797355">
				<ele>999.9</ele>
				<extensions>
					<swisstopo:routepoint_id>877684836</swisstopo:routepoint_id>
				</extensions>
			</trkpt>
			<trkpt lat="46.9891705978" lon="9.3412555868">
				<ele>998.6</ele>
				<extensions>
					<swisstopo:routepoint_id>1168154530</swisstopo:routepoint_id>
				</extensions>
			</trkpt>
			<trkpt lat="46.9891411956" lon="9.3410764091">
				<ele>997.8</ele>
				<extensions>
					<swisstopo:routepoint_id>1528108829</swisstopo:routepoint_id>
				</extensions>
			</trkpt>
			<trkpt lat="46.9891137909" lon="9.3408695181">
				<ele>997.4</ele>
				<extensions>
					<swisstopo:routepoint_id>1624199</swisstopo:routepoint_id>
				</extensions>
			</trkpt>
			<trkpt lat="46.9890862921" lon="9.3406329977">
				<ele>997.3</ele>
				<extensions>
					<swisstopo:routepoint_id>1193657039</swisstopo:routepoint_id>
				</extensions>
			</trkpt>
			<trkpt lat="46.9890675300" lon="9.3404735280">
				<ele>997.4</ele>
				<extensions>
					<swisstopo:routepoint_id>1741363765</swisstopo:routepoint_id>
				</extensions>
			</trkpt>
			<trkpt lat="46.9890331840" lon="9.3401669687">
				<ele>997.8</ele>
				<extensions>
					<swisstopo:routepoint_id>1000823067</swisstopo:routepoint_id>
				</extensions>
			</trkpt>
			<trkpt lat="46.9890116192" lon="9.3400033886">
				<ele>998.1</ele>
				<extensions>
					<swisstopo:routepoint_id>473331365</swisstopo:routepoint_id>
				</extensions>
			</trkpt>
			<trkpt lat="46.9889819247" lon="9.3398123679">
				<ele>998.4</ele>
				<extensions>
					<swisstopo:routepoint_id>1351101649</swisstopo:routepoint_id>
				</extensions>
			</trkpt>
			<trkpt lat="46.9889626570" lon="9.3396822688">
				<ele>998.6</ele>
				<extensions>
					<swisstopo:routepoint_id>849516415</swisstopo:routepoint_id>
				</extensions>
			</trkpt>
			<trkpt lat="46.9889470472" lon="9.3395898676">
				<ele>998.7</ele>
				<extensions>
					<swisstopo:routepoint_id>653993623</swisstopo:routepoint_id>
				</extensions>
			</trkpt>
			<trkpt lat="46.9889283795" lon="9.3395098759">
				<ele>998.9</ele>
				<extensions>
					<swisstopo:routepoint_id>782266251</swisstopo:routepoint_id>
				</extensions>
			</trkpt>
			<trkpt lat="46.9888971636" lon="9.3394106627">
				<ele>999.2</ele>
				<extensions>
					<swisstopo:routepoint_id>1690868886</swisstopo:routepoint_id>
				</extensions>
			</trkpt>
			<trkpt lat="46.9889165027" lon="9.3393800659">
				<ele>999.3</ele>
				<extensions>
					<swisstopo:routepoint_id>1569793983</swisstopo:routepoint_id>
				</extensions>
			</trkpt>
			<trkpt lat="46.9890034455" lon="9.3392543217">
				<ele>1000.0</ele>
				<extensions>
					<swisstopo:routepoint_id>2083818237</swisstopo:routepoint_id>
				</extensions>
			</trkpt>
			<trkpt lat="46.9889933456" lon="9.3392095054">
				<ele>1000.2</ele>
				<extensions>
					<swisstopo:routepoint_id>392259840</swisstopo:routepoint_id>
				</extensions>
			</trkpt>
			<trkpt lat="46.9889770101" lon="9.3391609055">
				<ele>1000.4</ele>
				<extensions>
					<swisstopo:routepoint_id>1115355329</swisstopo:routepoint_id>
				</extensions>
			</trkpt>
			<trkpt lat="46.9889521043" lon="9.3391108970">
				<ele>1000.4</ele>
				<extensions>
					<swisstopo:routepoint_id>706140893</swisstopo:routepoint_id>
				</extensions>
			</trkpt>
			<trkpt lat="46.9889234928" lon="9.3390581153">
				<ele>1000.6</ele>
				<extensions>
					<swisstopo:routepoint_id>1139139814</swisstopo:routepoint_id>
				</extensions>
			</trkpt>
			<trkpt lat="46.9888847996" lon="9.3389795052">
				<ele>1000.0</ele>
				<extensions>
					<swisstopo:routepoint_id>1117955231</swisstopo:routepoint_id>
				</extensions>
			</trkpt>
			<trkpt lat="46.9888559589" lon="9.3389095943">
				<ele>999.5</ele>
				<extensions>
					<swisstopo:routepoint_id>1865682554</swisstopo:routepoint_id>
				</extensions>
			</trkpt>
			<trkpt lat="46.9888370395" lon="9.3388442170">
				<ele>999.3</ele>
				<extensions>
					<swisstopo:routepoint_id>1544633070</swisstopo:routepoint_id>
				</extensions>
			</trkpt>
			<trkpt lat="46.9888271052" lon="9.3387541071">
				<ele>999.4</ele>
				<extensions>
					<swisstopo:routepoint_id>607270002</swisstopo:routepoint_id>
				</extensions>
			</trkpt>
			<trkpt lat="46.9888269515" lon="9.3386232401">
				<ele>999.7</ele>
				<extensions>
					<swisstopo:routepoint_id>1779533053</swisstopo:routepoint_id>
				</extensions>
			</trkpt>
			<trkpt lat="46.9888301462" lon="9.3385705192">
				<ele>999.9</ele>
				<extensions>
					<swisstopo:routepoint_id>1861760949</swisstopo:routepoint_id>
				</extensions>
			</trkpt>
			<trkpt lat="46.9888302111" lon="9.3384807507">
				<ele>1000.0</ele>
				<extensions>
					<swisstopo:routepoint_id>2058280975</swisstopo:routepoint_id>
				</extensions>
			</trkpt>
			<trkpt lat="46.9888266081" lon="9.3383532985">
				<ele>1000.3</ele>
				<extensions>
					<swisstopo:routepoint_id>1005186211</swisstopo:routepoint_id>
				</extensions>
			</trkpt>
			<trkpt lat="46.9888168803" lon="9.3382506656">
				<ele>1000.5</ele>
				<extensions>
					<swisstopo:routepoint_id>210118897</swisstopo:routepoint_id>
				</extensions>
			</trkpt>
			<trkpt lat="46.9888025873" lon="9.3381645703">
				<ele>1000.5</ele>
				<extensions>
					<swisstopo:routepoint_id>1621326240</swisstopo:routepoint_id>
				</extensions>
			</trkpt>
			<trkpt lat="46.9887842982" lon="9.3380616345">
				<ele>1000.4</ele>
				<extensions>
					<swisstopo:routepoint_id>1490826027</swisstopo:routepoint_id>
				</extensions>
			</trkpt>
			<trkpt lat="46.9887635297" lon="9.3379356525">
				<ele>1000.5</ele>
				<extensions>
					<swisstopo:routepoint_id>1673789440</swisstopo:routepoint_id>
				</extensions>
			</trkpt>
			<trkpt lat="46.9887383768" lon="9.3378157870">
				<ele>1000.4</ele>
				<extensions>
					<swisstopo:routepoint_id>411401419</swisstopo:routepoint_id>
				</extensions>
			</trkpt>
			<trkpt lat="46.9887284415" lon="9.3377256654">
				<ele>1000.5</ele>
				<extensions>
					<swisstopo:routepoint_id>1398629583</swisstopo:routepoint_id>
				</extensions>
			</trkpt>
			<trkpt lat="46.9887187821" lon="9.3376188669">
				<ele>1000.7</ele>
				<extensions>
					<swisstopo:routepoint_id>1402393744</swisstopo:routepoint_id>
				</extensions>
			</trkpt>
			<trkpt lat="46.9887116631" lon="9.3375309487">
				<ele>1001.0</ele>
				<extensions>
					<swisstopo:routepoint_id>1640946474</swisstopo:routepoint_id>
				</extensions>
			</trkpt>
			<trkpt lat="46.9886941382" lon="9.3374676984">
				<ele>1001.2</ele>
				<extensions>
					<swisstopo:routepoint_id>1086936208</swisstopo:routepoint_id>
				</extensions>
			</trkpt>
			<trkpt lat="46.9886569772" lon="9.3373828848">
				<ele>1001.4</ele>
				<extensions>
					<swisstopo:routepoint_id>145726084</swisstopo:routepoint_id>
				</extensions>
			</trkpt>
			<trkpt lat="46.9886287224" lon="9.3372775191">
				<ele>1001.6</ele>
				<extensions>
					<swisstopo:routepoint_id>1660932091</swisstopo:routepoint_id>
				</extensions>
			</trkpt>
			<trkpt lat="46.9886074353" lon="9.3371828278">
				<ele>1001.7</ele>
				<extensions>
					<swisstopo:routepoint_id>267528066</swisstopo:routepoint_id>
				</extensions>
			</trkpt>
			<trkpt lat="46.9885876809" lon="9.3370819315">
				<ele>1001.9</ele>
				<extensions>
					<swisstopo:routepoint_id>678746990</swisstopo:routepoint_id>
				</extensions>
			</trkpt>
			<trkpt lat="46.9885592187" lon="9.3369890771">
				<ele>1002.1</ele>
				<extensions>
					<swisstopo:routepoint_id>794533948</swisstopo:routepoint_id>
				</extensions>
			</trkpt>
			<trkpt lat="46.9885252276" lon="9.3368855867">
				<ele>1002.4</ele>
				<extensions>
					<swisstopo:routepoint_id>1213125738</swisstopo:routepoint_id>
				</extensions>
			</trkpt>
			<trkpt lat="46.9884955084" lon="9.3367822475">
				<ele>1002.7</ele>
				<extensions>
					<swisstopo:routepoint_id>701419103</swisstopo:routepoint_id>
				</extensions>
			</trkpt>
			<trkpt lat="46.9884731977" lon="9.3366917410">
				<ele>1002.9</ele>
				<extensions>
					<swisstopo:routepoint_id>2050034453</swisstopo:routepoint_id>
				</extensions>
			</trkpt>
			<trkpt lat="46.9884700781" lon="9.3366790730">
				<ele>1003.0</ele>
				<extensions>
					<swisstopo:routepoint_id>1405499058</swisstopo:routepoint_id>
				</extensions>
			</trkpt>
			<trkpt lat="46.9884526217" lon="9.3366116573">
				<ele>1003.0</ele>
				<extensions>
					<swisstopo:routepoint_id>463644682</swisstopo:routepoint_id>
				</extensions>
			</trkpt>
			<trkpt lat="46.9884324531" lon="9.3365357964">
				<ele>1003.2</ele>
				<extensions>
					<swisstopo:routepoint_id>632760318</swisstopo:routepoint_id>
				</extensions>
			</trkpt>
			<trkpt lat="46.9884111654" lon="9.3364411049">
				<ele>1003.4</ele>
				<extensions>
					<swisstopo:routepoint_id>876433813</swisstopo:routepoint_id>
				</extensions>
			</trkpt>
			<trkpt lat="46.9883983691" lon="9.3363508960">
				<ele>1003.7</ele>
				<extensions>
					<swisstopo:routepoint_id>239371292</swisstopo:routepoint_id>
				</extensions>
			</trkpt>
			<trkpt lat="46.9883986047" lon="9.3362507074">
				<ele>1003.9</ele>
				<extensions>
					<swisstopo:routepoint_id>1488443885</swisstopo:routepoint_id>
				</extensions>
			</trkpt>
			<trkpt lat="46.9884073926" lon="9.3361508213">
				<ele>1003.9</ele>
				<extensions>
					<swisstopo:routepoint_id>147027705</swisstopo:routepoint_id>
				</extensions>
			</trkpt>
			<trkpt lat="46.9884190490" lon="9.3360510366">
				<ele>1004.1</ele>
				<extensions>
					<swisstopo:routepoint_id>492957633</swisstopo:routepoint_id>
				</extensions>
			</trkpt>
			<trkpt lat="46.9884393261" lon="9.3359473750">
				<ele>1004.3</ele>
				<extensions>
					<swisstopo:routepoint_id>1572405945</swisstopo:routepoint_id>
				</extensions>
			</trkpt>
			<trkpt lat="46.9884641340" lon="9.3358292653">
				<ele>1004.7</ele>
				<extensions>
					<swisstopo:routepoint_id>1822266716</swisstopo:routepoint_id>
				</extensions>
			</trkpt>
			<trkpt lat="46.9884873143" lon="9.3357236285">
				<ele>1004.9</ele>
				<extensions>
					<swisstopo:routepoint_id>436964887</swisstopo:routepoint_id>
				</extensions>
			</trkpt>
			<trkpt lat="46.9885050851" lon="9.3355990105">
				<ele>1005.2</ele>
				<extensions>
					<swisstopo:routepoint_id>895077046</swisstopo:routepoint_id>
				</extensions>
			</trkpt>
			<trkpt lat="46.9885169682" lon="9.3355083327">
				<ele>1005.1</ele>
				<extensions>
					<swisstopo:routepoint_id>213434448</swisstopo:routepoint_id>
				</extensions>
			</trkpt>
			<trkpt lat="46.9885174227" lon="9.3354569352">
				<ele>1005.1</ele>
				<extensions>
					<swisstopo:routepoint_id>1512080378</swisstopo:routepoint_id>
				</extensions>
			</trkpt>
			<trkpt lat="46.9885149841" lon="9.3353867372">
				<ele>1005.1</ele>
				<extensions>
					<swisstopo:routepoint_id>865369866</swisstopo:routepoint_id>
				</extensions>
			</trkpt>
			<trkpt lat="46.9885122183" lon="9.3352879019">
				<ele>1005.0</ele>
				<extensions>
					<swisstopo:routepoint_id>606846267</swisstopo:routepoint_id>
				</extensions>
			</trkpt>
			<trkpt lat="46.9885119684" lon="9.3352306413">
				<ele>1005.1</ele>
				<extensions>
					<swisstopo:routepoint_id>528761479</swisstopo:routepoint_id>
				</extensions>
			</trkpt>
			<trkpt lat="46.9885048237" lon="9.3351789756">
				<ele>1005.2</ele>
				<extensions>
					<swisstopo:routepoint_id>608998383</swisstopo:routepoint_id>
				</extensions>
			</trkpt>
			<trkpt lat="46.9885057601" lon="9.3351223351">
				<ele>1005.2</ele>
				<extensions>
					<swisstopo:routepoint_id>1625183168</swisstopo:routepoint_id>
				</extensions>
			</trkpt>
			<trkpt lat="46.9885065140" lon="9.3349804028">
				<ele>1005.5</ele>
				<extensions>
					<swisstopo:routepoint_id>1368547334</swisstopo:routepoint_id>
				</extensions>
			</trkpt>
			<trkpt lat="46.9885036706" lon="9.3349101907">
				<ele>1005.6</ele>
				<extensions>
					<swisstopo:routepoint_id>1825576689</swisstopo:routepoint_id>
				</extensions>
			</trkpt>
			<trkpt lat="46.9885020132" lon="9.3348172329">
				<ele>1005.8</ele>
				<extensions>
					<swisstopo:routepoint_id>1653110104</swisstopo:routepoint_id>
				</extensions>
			</trkpt>
			<trkpt lat="46.9885003656" lon="9.3346991602">
				<ele>1005.9</ele>
				<extensions>
					<swisstopo:routepoint_id>631297812</swisstopo:routepoint_id>
				</extensions>
			</trkpt>
			<trkpt lat="46.9884985241" lon="9.3346135067">
				<ele>1006.1</ele>
				<extensions>
					<swisstopo:routepoint_id>1555675891</swisstopo:routepoint_id>
				</extensions>
			</trkpt>
			<trkpt lat="46.9884887584" lon="9.3345129648">
				<ele>1006.2</ele>
				<extensions>
					<swisstopo:routepoint_id>9036683</swisstopo:routepoint_id>
				</extensions>
			</trkpt>
			<trkpt lat="46.9884826870" lon="9.3344480430">
				<ele>1006.3</ele>
				<extensions>
					<swisstopo:routepoint_id>1910720503</swisstopo:routepoint_id>
				</extensions>
			</trkpt>
			<trkpt lat="46.9884777359" lon="9.3344019377">
				<ele>1006.4</ele>
				<extensions>
					<swisstopo:routepoint_id>226527741</swisstopo:routepoint_id>
				</extensions>
			</trkpt>
			<trkpt lat="46.9884773397" lon="9.3343393073">
				<ele>1006.4</ele>
				<extensions>
					<swisstopo:routepoint_id>482229417</swisstopo:routepoint_id>
				</extensions>
			</trkpt>
			<trkpt lat="46.9884846705" lon="9.3342414600">
				<ele>1006.5</ele>
				<extensions>
					<swisstopo:routepoint_id>1725605336</swisstopo:routepoint_id>
				</extensions>
			</trkpt>
			<trkpt lat="46.9884882196" lon="9.3341998367">
				<ele>1006.6</ele>
				<extensions>
					<swisstopo:routepoint_id>1017943734</swisstopo:routepoint_id>
				</extensions>
			</trkpt>
			<trkpt lat="46.9884990380" lon="9.3341501205">
				<ele>1006.8</ele>
				<extensions>
					<swisstopo:routepoint_id>329715342</swisstopo:routepoint_id>
				</extensions>
			</trkpt>
			<trkpt lat="46.9885047462" lon="9.3341373965">
				<ele>1006.8</ele>
				<extensions>
					<swisstopo:routepoint_id>612053096</swisstopo:routepoint_id>
				</extensions>
			</trkpt>
			<trkpt lat="46.9885125550" lon="9.3341140299">
				<ele>1006.9</ele>
				<extensions>
					<swisstopo:routepoint_id>469091719</swisstopo:routepoint_id>
				</extensions>
			</trkpt>
			<trkpt lat="46.9885180715" lon="9.3340851518">
				<ele>1007.0</ele>
				<extensions>
					<swisstopo:routepoint_id>1664784526</swisstopo:routepoint_id>
				</extensions>
			</trkpt>
			<trkpt lat="46.9885191849" lon="9.3340548033">
				<ele>1007.1</ele>
				<extensions>
					<swisstopo:routepoint_id>1939312435</swisstopo:routepoint_id>
				</extensions>
			</trkpt>
			<trkpt lat="46.9885277516" lon="9.3339812205">
				<ele>1007.2</ele>
				<extensions>
					<swisstopo:routepoint_id>204424684</swisstopo:routepoint_id>
				</extensions>
			</trkpt>
			<trkpt lat="46.9885357357" lon="9.3339314959">
				<ele>1007.2</ele>
				<extensions>
					<swisstopo:routepoint_id>509571560</swisstopo:routepoint_id>
				</extensions>
			</trkpt>
			<trkpt lat="46.9885397298" lon="9.3338820116">
				<ele>1007.2</ele>
				<extensions>
					<swisstopo:routepoint_id>533866618</swisstopo:routepoint_id>
				</extensions>
			</trkpt>
			<trkpt lat="46.9885413923" lon="9.3338456339">
				<ele>1007.3</ele>
				<extensions>
					<swisstopo:routepoint_id>840140349</swisstopo:routepoint_id>
				</extensions>
			</trkpt>
			<trkpt lat="46.9885408756" lon="9.3338126638">
				<ele>1007.3</ele>
				<extensions>
					<swisstopo:routepoint_id>1344479269</swisstopo:routepoint_id>
				</extensions>
			</trkpt>
			<trkpt lat="46.9885399566" lon="9.3337882130">
				<ele>1007.4</ele>
				<extensions>
					<swisstopo:routepoint_id>1662792240</swisstopo:routepoint_id>
				</extensions>
			</trkpt>
			<trkpt lat="46.9885374080" lon="9.3337660323">
				<ele>1007.4</ele>
				<extensions>
					<swisstopo:routepoint_id>143588203</swisstopo:routepoint_id>
				</extensions>
			</trkpt>
			<trkpt lat="46.9885377729" lon="9.3337439414">
				<ele>1007.4</ele>
				<extensions>
					<swisstopo:routepoint_id>676695245</swisstopo:routepoint_id>
				</extensions>
			</trkpt>
			<trkpt lat="46.9885416586" lon="9.3337173331">
				<ele>1007.5</ele>
				<extensions>
					<swisstopo:routepoint_id>254692188</swisstopo:routepoint_id>
				</extensions>
			</trkpt>
			<trkpt lat="46.9885457528" lon="9.3336917054">
				<ele>1007.7</ele>
				<extensions>
					<swisstopo:routepoint_id>1082892759</swisstopo:routepoint_id>
				</extensions>
			</trkpt>
			<trkpt lat="46.9885600504" lon="9.3336606784">
				<ele>1007.9</ele>
				<extensions>
					<swisstopo:routepoint_id>1034388232</swisstopo:routepoint_id>
				</extensions>
			</trkpt>
			<trkpt lat="46.9885658796" lon="9.3336346122">
				<ele>1008.0</ele>
				<extensions>
					<swisstopo:routepoint_id>1813546129</swisstopo:routepoint_id>
				</extensions>
			</trkpt>
			<trkpt lat="46.9885819666" lon="9.3336036484">
				<ele>1008.4</ele>
				<extensions>
					<swisstopo:routepoint_id>983577984</swisstopo:routepoint_id>
				</extensions>
			</trkpt>
			<trkpt lat="46.9885880269" lon="9.3335635864">
				<ele>1008.8</ele>
				<extensions>
					<swisstopo:routepoint_id>1104146473</swisstopo:routepoint_id>
				</extensions>
			</trkpt>
			<trkpt lat="46.9885921353" lon="9.3335321994">
				<ele>1009.1</ele>
				<extensions>
					<swisstopo:routepoint_id>1183884104</swisstopo:routepoint_id>
				</extensions>
			</trkpt>
			<trkpt lat="46.9885902495" lon="9.3335014822">
				<ele>1009.1</ele>
				<extensions>
					<swisstopo:routepoint_id>496852520</swisstopo:routepoint_id>
				</extensions>
			</trkpt>
			<trkpt lat="46.9885833441" lon="9.3334478126">
				<ele>1009.0</ele>
				<extensions>
					<swisstopo:routepoint_id>1773265598</swisstopo:routepoint_id>
				</extensions>
			</trkpt>
			<trkpt lat="46.9885859236" lon="9.3334006060">
				<ele>1009.1</ele>
				<extensions>
					<swisstopo:routepoint_id>1773852636</swisstopo:routepoint_id>
				</extensions>
			</trkpt>
			<trkpt lat="46.9885873497" lon="9.3333507420">
				<ele>1009.2</ele>
				<extensions>
					<swisstopo:routepoint_id>1367278448</swisstopo:routepoint_id>
				</extensions>
			</trkpt>
			<trkpt lat="46.9885856286" lon="9.3333095109">
				<ele>1009.1</ele>
				<extensions>
					<swisstopo:routepoint_id>448565174</swisstopo:routepoint_id>
				</extensions>
			</trkpt>
			<trkpt lat="46.9885824743" lon="9.3332831276">
				<ele>1009.2</ele>
				<extensions>
					<swisstopo:routepoint_id>1036522634</swisstopo:routepoint_id>
				</extensions>
			</trkpt>
			<trkpt lat="46.9885802894" lon="9.3332340036">
				<ele>1009.3</ele>
				<extensions>
					<swisstopo:routepoint_id>1752215135</swisstopo:routepoint_id>
				</extensions>
			</trkpt>
			<trkpt lat="46.9885812580" lon="9.3331753658">
				<ele>1009.4</ele>
				<extensions>
					<swisstopo:routepoint_id>1988510307</swisstopo:routepoint_id>
				</extensions>
			</trkpt>
			<trkpt lat="46.9885810212" lon="9.3331166722">
				<ele>1009.6</ele>
				<extensions>
					<swisstopo:routepoint_id>1834557698</swisstopo:routepoint_id>
				</extensions>
			</trkpt>
			<trkpt lat="46.9885762753" lon="9.3330411859">
				<ele>1009.8</ele>
				<extensions>
					<swisstopo:routepoint_id>675262578</swisstopo:routepoint_id>
				</extensions>
			</trkpt>
			<trkpt lat="46.9885720594" lon="9.3329700971">
				<ele>1009.9</ele>
				<extensions>
					<swisstopo:routepoint_id>1975285593</swisstopo:routepoint_id>
				</extensions>
			</trkpt>
			<trkpt lat="46.9885669815" lon="9.3329147436">
				<ele>1010.0</ele>
				<extensions>
					<swisstopo:routepoint_id>1671646121</swisstopo:routepoint_id>
				</extensions>
			</trkpt>
			<trkpt lat="46.9885628863" lon="9.3328357825">
				<ele>1010.3</ele>
				<extensions>
					<swisstopo:routepoint_id>258840128</swisstopo:routepoint_id>
				</extensions>
			</trkpt>
			<trkpt lat="46.9885648434" lon="9.3327499608">
				<ele>1010.6</ele>
				<extensions>
					<swisstopo:routepoint_id>26719993</swisstopo:routepoint_id>
				</extensions>
			</trkpt>
			<trkpt lat="46.9885620415" lon="9.3326706246">
				<ele>1011.2</ele>
				<extensions>
					<swisstopo:routepoint_id>1491114469</swisstopo:routepoint_id>
				</extensions>
			</trkpt>
			<trkpt lat="46.9885478153" lon="9.3325872823">
				<ele>1011.8</ele>
				<extensions>
					<swisstopo:routepoint_id>1519950562</swisstopo:routepoint_id>
				</extensions>
			</trkpt>
			<trkpt lat="46.9885339229" lon="9.3325327748">
				<ele>1011.2</ele>
				<extensions>
					<swisstopo:routepoint_id>859109449</swisstopo:routepoint_id>
				</extensions>
			</trkpt>
			<trkpt lat="46.9885356217" lon="9.3324800144">
				<ele>1010.8</ele>
				<extensions>
					<swisstopo:routepoint_id>1407600343</swisstopo:routepoint_id>
				</extensions>
			</trkpt>
			<trkpt lat="46.9885274755" lon="9.3324256969">
				<ele>1010.6</ele>
				<extensions>
					<swisstopo:routepoint_id>2085597411</swisstopo:routepoint_id>
				</extensions>
			</trkpt>
			<trkpt lat="46.9885208057" lon="9.3323822531">
				<ele>1010.7</ele>
				<extensions>
					<swisstopo:routepoint_id>2055227737</swisstopo:routepoint_id>
				</extensions>
			</trkpt>
			<trkpt lat="46.9885249596" lon="9.3323295662">
				<ele>1011.0</ele>
				<extensions>
					<swisstopo:routepoint_id>1868166011</swisstopo:routepoint_id>
				</extensions>
			</trkpt>
			<trkpt lat="46.9885160543" lon="9.3322716319">
				<ele>1011.2</ele>
				<extensions>
					<swisstopo:routepoint_id>1035201594</swisstopo:routepoint_id>
				</extensions>
			</trkpt>
			<trkpt lat="46.9885275209" lon="9.3322240157">
				<ele>1011.4</ele>
				<extensions>
					<swisstopo:routepoint_id>412385609</swisstopo:routepoint_id>
				</extensions>
			</trkpt>
			<trkpt lat="46.9885241315" lon="9.3321818843">
				<ele>1011.4</ele>
				<extensions>
					<swisstopo:routepoint_id>1867684944</swisstopo:routepoint_id>
				</extensions>
			</trkpt>
			<trkpt lat="46.9885105315" lon="9.3321112533">
				<ele>1011.0</ele>
				<extensions>
					<swisstopo:routepoint_id>1577087574</swisstopo:routepoint_id>
				</extensions>
			</trkpt>
			<trkpt lat="46.9885065131" lon="9.3320429197">
				<ele>1011.5</ele>
				<extensions>
					<swisstopo:routepoint_id>1849865999</swisstopo:routepoint_id>
				</extensions>
			</trkpt>
			<trkpt lat="46.9885086598" lon="9.3319597345">
				<ele>1011.7</ele>
				<extensions>
					<swisstopo:routepoint_id>202886084</swisstopo:routepoint_id>
				</extensions>
			</trkpt>
			<trkpt lat="46.9885127310" lon="9.3318515286">
				<ele>1011.8</ele>
				<extensions>
					<swisstopo:routepoint_id>1899487998</swisstopo:routepoint_id>
				</extensions>
			</trkpt>
			<trkpt lat="46.9885095489" lon="9.3317772022">
				<ele>1012.1</ele>
				<extensions>
					<swisstopo:routepoint_id>842393746</swisstopo:routepoint_id>
				</extensions>
			</trkpt>
			<trkpt lat="46.9884979453" lon="9.3317186603">
				<ele>1012.1</ele>
				<extensions>
					<swisstopo:routepoint_id>1935813628</swisstopo:routepoint_id>
				</extensions>
			</trkpt>
			<trkpt lat="46.9885025754" lon="9.3316949052">
				<ele>1012.2</ele>
				<extensions>
					<swisstopo:routepoint_id>1530454421</swisstopo:routepoint_id>
				</extensions>
			</trkpt>
			<trkpt lat="46.9885071048" lon="9.3316194438">
				<ele>1013.0</ele>
				<extensions>
					<swisstopo:routepoint_id>347250760</swisstopo:routepoint_id>
				</extensions>
			</trkpt>
			<trkpt lat="46.9885140191" lon="9.3315488530">
				<ele>1013.5</ele>
				<extensions>
					<swisstopo:routepoint_id>1680237830</swisstopo:routepoint_id>
				</extensions>
			</trkpt>
			<trkpt lat="46.9885074284" lon="9.3315005995">
				<ele>1013.5</ele>
				<extensions>
					<swisstopo:routepoint_id>534319591</swisstopo:routepoint_id>
				</extensions>
			</trkpt>
			<trkpt lat="46.9884934960" lon="9.3314484842">
				<ele>1013.4</ele>
				<extensions>
					<swisstopo:routepoint_id>1079459521</swisstopo:routepoint_id>
				</extensions>
			</trkpt>
			<trkpt lat="46.9884699935" lon="9.3313792266">
				<ele>1013.1</ele>
				<extensions>
					<swisstopo:routepoint_id>1338999262</swisstopo:routepoint_id>
				</extensions>
			</trkpt>
			<trkpt lat="46.9884491793" lon="9.3313460796">
				<ele>1013.2</ele>
				<extensions>
					<swisstopo:routepoint_id>936656996</swisstopo:routepoint_id>
				</extensions>
			</trkpt>
			<trkpt lat="46.9884298659" lon="9.3312721705">
				<ele>1013.1</ele>
				<extensions>
					<swisstopo:routepoint_id>1664301253</swisstopo:routepoint_id>
				</extensions>
			</trkpt>
			<trkpt lat="46.9884007163" lon="9.3311967048">
				<ele>1013.1</ele>
				<extensions>
					<swisstopo:routepoint_id>259606330</swisstopo:routepoint_id>
				</extensions>
			</trkpt>
			<trkpt lat="46.9883583590" lon="9.3310873349">
				<ele>1013.5</ele>
				<extensions>
					<swisstopo:routepoint_id>2035186478</swisstopo:routepoint_id>
				</extensions>
			</trkpt>
			<trkpt lat="46.9883108046" lon="9.3310164931">
				<ele>1014.4</ele>
				<extensions>
					<swisstopo:routepoint_id>1894997184</swisstopo:routepoint_id>
				</extensions>
			</trkpt>
			<trkpt lat="46.9882618736" lon="9.3309521512">
				<ele>1014.6</ele>
				<extensions>
					<swisstopo:routepoint_id>1594466350</swisstopo:routepoint_id>
				</extensions>
			</trkpt>
			<trkpt lat="46.9882060786" lon="9.3308708546">
				<ele>1014.3</ele>
				<extensions>
					<swisstopo:routepoint_id>903323399</swisstopo:routepoint_id>
				</extensions>
			</trkpt>
			<trkpt lat="46.9881557182" lon="9.3308064361">
				<ele>1014.6</ele>
				<extensions>
					<swisstopo:routepoint_id>286393418</swisstopo:routepoint_id>
				</extensions>
			</trkpt>
			<trkpt lat="46.9881009397" lon="9.3307502380">
				<ele>1014.9</ele>
				<extensions>
					<swisstopo:routepoint_id>988853593</swisstopo:routepoint_id>
				</extensions>
			</trkpt>
			<trkpt lat="46.9880637725" lon="9.3306949635">
				<ele>1015.0</ele>
				<extensions>
					<swisstopo:routepoint_id>1768311718</swisstopo:routepoint_id>
				</extensions>
			</trkpt>
			<trkpt lat="46.9880379836" lon="9.3306497285">
				<ele>1015.1</ele>
				<extensions>
					<swisstopo:routepoint_id>206969973</swisstopo:routepoint_id>
				</extensions>
			</trkpt>
			<trkpt lat="46.9880211775" lon="9.3306141593">
				<ele>1015.2</ele>
				<extensions>
					<swisstopo:routepoint_id>1972191174</swisstopo:routepoint_id>
				</extensions>
			</trkpt>
			<trkpt lat="46.9879926121" lon="9.3305627253">
				<ele>1015.4</ele>
				<extensions>
					<swisstopo:routepoint_id>14172392</swisstopo:routepoint_id>
				</extensions>
			</trkpt>
			<trkpt lat="46.9879750489" lon="9.3305015677">
				<ele>1015.5</ele>
				<extensions>
					<swisstopo:routepoint_id>1402950236</swisstopo:routepoint_id>
				</extensions>
			</trkpt>
			<trkpt lat="46.9879539281" lon="9.3303964588">
				<ele>1015.8</ele>
				<extensions>
					<swisstopo:routepoint_id>1397794167</swisstopo:routepoint_id>
				</extensions>
			</trkpt>
			<trkpt lat="46.9879358390" lon="9.3302810034">
				<ele>1015.9</ele>
				<extensions>
					<swisstopo:routepoint_id>1918597296</swisstopo:routepoint_id>
				</extensions>
			</trkpt>
			<trkpt lat="46.9879080932" lon="9.3301443532">
				<ele>1016.2</ele>
				<extensions>
					<swisstopo:routepoint_id>658401520</swisstopo:routepoint_id>
				</extensions>
			</trkpt>
			<trkpt lat="46.9878803135" lon="9.3300097795">
				<ele>1016.6</ele>
				<extensions>
					<swisstopo:routepoint_id>1855050038</swisstopo:routepoint_id>
				</extensions>
			</trkpt>
			<trkpt lat="46.9878517630" lon="9.3298269876">
				<ele>1016.9</ele>
				<extensions>
					<swisstopo:routepoint_id>442588857</swisstopo:routepoint_id>
				</extensions>
			</trkpt>
			<trkpt lat="46.9878339444" lon="9.3297245729">
				<ele>1017.4</ele>
				<extensions>
					<swisstopo:routepoint_id>1288363194</swisstopo:routepoint_id>
				</extensions>
			</trkpt>
			<trkpt lat="46.9878220810" lon="9.3296424203">
				<ele>1017.4</ele>
				<extensions>
					<swisstopo:routepoint_id>461721115</swisstopo:routepoint_id>
				</extensions>
			</trkpt>
			<trkpt lat="46.9878197267" lon="9.3295254411">
				<ele>1017.8</ele>
				<extensions>
					<swisstopo:routepoint_id>1739403618</swisstopo:routepoint_id>
				</extensions>
			</trkpt>
			<trkpt lat="46.9878168212" lon="9.3294418443">
				<ele>1017.9</ele>
				<extensions>
					<swisstopo:routepoint_id>1645694133</swisstopo:routepoint_id>
				</extensions>
			</trkpt>
			<trkpt lat="46.9878141561" lon="9.3293436463">
				<ele>1018.3</ele>
				<extensions>
					<swisstopo:routepoint_id>492152390</swisstopo:routepoint_id>
				</extensions>
			</trkpt>
			<trkpt lat="46.9878085638" lon="9.3292495120">
				<ele>1018.3</ele>
				<extensions>
					<swisstopo:routepoint_id>847676484</swisstopo:routepoint_id>
				</extensions>
			</trkpt>
			<trkpt lat="46.9878027996" lon="9.3291658113">
				<ele>1018.5</ele>
				<extensions>
					<swisstopo:routepoint_id>590745795</swisstopo:routepoint_id>
				</extensions>
			</trkpt>
			<trkpt lat="46.9877955782" lon="9.3290841523">
				<ele>1018.5</ele>
				<extensions>
					<swisstopo:routepoint_id>1790265016</swisstopo:routepoint_id>
				</extensions>
			</trkpt>
			<trkpt lat="46.9878014065" lon="9.3289904204">
				<ele>1018.7</ele>
				<extensions>
					<swisstopo:routepoint_id>2054443526</swisstopo:routepoint_id>
				</extensions>
			</trkpt>
			<trkpt lat="46.9878075609" lon="9.3288419754">
				<ele>1019.5</ele>
				<extensions>
					<swisstopo:routepoint_id>49059361</swisstopo:routepoint_id>
				</extensions>
			</trkpt>
			<trkpt lat="46.9878078607" lon="9.3286883260">
				<ele>1020.1</ele>
				<extensions>
					<swisstopo:routepoint_id>1511431732</swisstopo:routepoint_id>
				</extensions>
			</trkpt>
			<trkpt lat="46.9878102194" lon="9.3285751818">
				<ele>1020.3</ele>
				<extensions>
					<swisstopo:routepoint_id>1086928502</swisstopo:routepoint_id>
				</extensions>
			</trkpt>
			<trkpt lat="46.9878091579" lon="9.3285205355">
				<ele>1020.6</ele>
				<extensions>
					<swisstopo:routepoint_id>1674148728</swisstopo:routepoint_id>
				</extensions>
			</trkpt>
			<trkpt lat="46.9877956270" lon="9.3284342114">
				<ele>1020.5</ele>
				<extensions>
					<swisstopo:routepoint_id>1549221508</swisstopo:routepoint_id>
				</extensions>
			</trkpt>
			<trkpt lat="46.9877907087" lon="9.3283541971">
				<ele>1020.6</ele>
				<extensions>
					<swisstopo:routepoint_id>1141106574</swisstopo:routepoint_id>
				</extensions>
			</trkpt>
			<trkpt lat="46.9877769476" lon="9.3282779611">
				<ele>1020.3</ele>
				<extensions>
					<swisstopo:routepoint_id>99475420</swisstopo:routepoint_id>
				</extensions>
			</trkpt>
			<trkpt lat="46.9877626718" lon="9.3282269778">
				<ele>1020.5</ele>
				<extensions>
					<swisstopo:routepoint_id>1878910365</swisstopo:routepoint_id>
				</extensions>
			</trkpt>
			<trkpt lat="46.9877490622" lon="9.3281436720">
				<ele>1020.8</ele>
				<extensions>
					<swisstopo:routepoint_id>1891410237</swisstopo:routepoint_id>
				</extensions>
			</trkpt>
			<trkpt lat="46.9877482479" lon="9.3280554813">
				<ele>1021.2</ele>
				<extensions>
					<swisstopo:routepoint_id>1137421512</swisstopo:routepoint_id>
				</extensions>
			</trkpt>
			<trkpt lat="46.9877449289" lon="9.3279969162">
				<ele>1021.3</ele>
				<extensions>
					<swisstopo:routepoint_id>824332387</swisstopo:routepoint_id>
				</extensions>
			</trkpt>
			<trkpt lat="46.9877386484" lon="9.3279445067">
				<ele>1021.4</ele>
				<extensions>
					<swisstopo:routepoint_id>1543293379</swisstopo:routepoint_id>
				</extensions>
			</trkpt>
			<trkpt lat="46.9877344839" lon="9.3278504358">
				<ele>1021.7</ele>
				<extensions>
					<swisstopo:routepoint_id>1966265345</swisstopo:routepoint_id>
				</extensions>
			</trkpt>
			<trkpt lat="46.9877241971" lon="9.3277811858">
				<ele>1022.0</ele>
				<extensions>
					<swisstopo:routepoint_id>91091487</swisstopo:routepoint_id>
				</extensions>
			</trkpt>
			<trkpt lat="46.9877110837" lon="9.3277097464">
				<ele>1022.2</ele>
				<extensions>
					<swisstopo:routepoint_id>122028796</swisstopo:routepoint_id>
				</extensions>
			</trkpt>
			<trkpt lat="46.9876990672" lon="9.3276592250">
				<ele>1022.5</ele>
				<extensions>
					<swisstopo:routepoint_id>590191527</swisstopo:routepoint_id>
				</extensions>
			</trkpt>
			<trkpt lat="46.9877052240" lon="9.3276323155">
				<ele>1022.9</ele>
				<extensions>
					<swisstopo:routepoint_id>1675907997</swisstopo:routepoint_id>
				</extensions>
			</trkpt>
			<trkpt lat="46.9877185119" lon="9.3276056443">
				<ele>1023.3</ele>
				<extensions>
					<swisstopo:routepoint_id>1620646814</swisstopo:routepoint_id>
				</extensions>
			</trkpt>
			<trkpt lat="46.9877247375" lon="9.3275745575">
				<ele>1023.6</ele>
				<extensions>
					<swisstopo:routepoint_id>1044386535</swisstopo:routepoint_id>
				</extensions>
			</trkpt>
			<trkpt lat="46.9877325324" lon="9.3275351603">
				<ele>1024.1</ele>
				<extensions>
					<swisstopo:routepoint_id>649022064</swisstopo:routepoint_id>
				</extensions>
			</trkpt>
			<trkpt lat="46.9877431745" lon="9.3274958759">
				<ele>1024.7</ele>
				<extensions>
					<swisstopo:routepoint_id>81685671</swisstopo:routepoint_id>
				</extensions>
			</trkpt>
			<trkpt lat="46.9877568144" lon="9.3274483507">
				<ele>1025.6</ele>
				<extensions>
					<swisstopo:routepoint_id>500364589</swisstopo:routepoint_id>
				</extensions>
			</trkpt>
			<trkpt lat="46.9877648496" lon="9.3273943553">
				<ele>1026.1</ele>
				<extensions>
					<swisstopo:routepoint_id>984266490</swisstopo:routepoint_id>
				</extensions>
			</trkpt>
			<trkpt lat="46.9877648344" lon="9.3273525931">
				<ele>1026.4</ele>
				<extensions>
					<swisstopo:routepoint_id>1435079021</swisstopo:routepoint_id>
				</extensions>
			</trkpt>
			<trkpt lat="46.9877375474" lon="9.3272305823">
				<ele>1026.5</ele>
				<extensions>
					<swisstopo:routepoint_id>434130840</swisstopo:routepoint_id>
				</extensions>
			</trkpt>
			<trkpt lat="46.9877282429" lon="9.3271885059">
				<ele>1026.6</ele>
				<extensions>
					<swisstopo:routepoint_id>1436962886</swisstopo:routepoint_id>
				</extensions>
			</trkpt>
			<trkpt lat="46.9877173371" lon="9.3271568162">
				<ele>1026.6</ele>
				<extensions>
					<swisstopo:routepoint_id>2144630362</swisstopo:routepoint_id>
				</extensions>
			</trkpt>
			<trkpt lat="46.9876965775" lon="9.3271164139">
				<ele>1026.6</ele>
				<extensions>
					<swisstopo:routepoint_id>1568032157</swisstopo:routepoint_id>
				</extensions>
			</trkpt>
			<trkpt lat="46.9876603150" lon="9.3270629622">
				<ele>1025.9</ele>
				<extensions>
					<swisstopo:routepoint_id>1764896303</swisstopo:routepoint_id>
				</extensions>
			</trkpt>
			<trkpt lat="46.9876280679" lon="9.3270263385">
				<ele>1025.4</ele>
				<extensions>
					<swisstopo:routepoint_id>487304102</swisstopo:routepoint_id>
				</extensions>
			</trkpt>
			<trkpt lat="46.9875870094" lon="9.3270040111">
				<ele>1025.3</ele>
				<extensions>
					<swisstopo:routepoint_id>629950716</swisstopo:routepoint_id>
				</extensions>
			</trkpt>
			<trkpt lat="46.9875472767" lon="9.3269880064">
				<ele>1025.2</ele>
				<extensions>
					<swisstopo:routepoint_id>804625125</swisstopo:routepoint_id>
				</extensions>
			</trkpt>
			<trkpt lat="46.9875075442" lon="9.3269719985">
				<ele>1025.0</ele>
				<extensions>
					<swisstopo:routepoint_id>2132837607</swisstopo:routepoint_id>
				</extensions>
			</trkpt>
			<trkpt lat="46.9874819216" lon="9.3269669171">
				<ele>1025.1</ele>
				<extensions>
					<swisstopo:routepoint_id>1629107030</swisstopo:routepoint_id>
				</extensions>
			</trkpt>
			<trkpt lat="46.9874519745" lon="9.3269637830">
				<ele>1025.1</ele>
				<extensions>
					<swisstopo:routepoint_id>1853574516</swisstopo:routepoint_id>
				</extensions>
			</trkpt>
			<trkpt lat="46.9874041704" lon="9.3269494269">
				<ele>1025.3</ele>
				<extensions>
					<swisstopo:routepoint_id>1128475139</swisstopo:routepoint_id>
				</extensions>
			</trkpt>
			<trkpt lat="46.9873680245" lon="9.3269441324">
				<ele>1025.7</ele>
				<extensions>
					<swisstopo:routepoint_id>1634030425</swisstopo:routepoint_id>
				</extensions>
			</trkpt>
			<trkpt lat="46.9872997401" lon="9.3269271069">
				<ele>1025.8</ele>
				<extensions>
					<swisstopo:routepoint_id>1405346533</swisstopo:routepoint_id>
				</extensions>
			</trkpt>
			<trkpt lat="46.9872471919" lon="9.3269085584">
				<ele>1026.2</ele>
				<extensions>
					<swisstopo:routepoint_id>2091730389</swisstopo:routepoint_id>
				</extensions>
			</trkpt>
			<trkpt lat="46.9872047725" lon="9.3268820167">
				<ele>1026.7</ele>
				<extensions>
					<swisstopo:routepoint_id>499206453</swisstopo:routepoint_id>
				</extensions>
			</trkpt>
			<trkpt lat="46.9871652802" lon="9.3268514112">
				<ele>1027.5</ele>
				<extensions>
					<swisstopo:routepoint_id>1112167363</swisstopo:routepoint_id>
				</extensions>
			</trkpt>
			<trkpt lat="46.9871437417" lon="9.3268310999">
				<ele>1028.0</ele>
				<extensions>
					<swisstopo:routepoint_id>933065851</swisstopo:routepoint_id>
				</extensions>
			</trkpt>
			<trkpt lat="46.9871355592" lon="9.3268078529">
				<ele>1028.3</ele>
				<extensions>
					<swisstopo:routepoint_id>1654206959</swisstopo:routepoint_id>
				</extensions>
			</trkpt>
			<trkpt lat="46.9871313741" lon="9.3267729139">
				<ele>1028.9</ele>
				<extensions>
					<swisstopo:routepoint_id>1067259929</swisstopo:routepoint_id>
				</extensions>
			</trkpt>
			<trkpt lat="46.9871335616" lon="9.3267263664">
				<ele>1029.8</ele>
				<extensions>
					<swisstopo:routepoint_id>1546374389</swisstopo:routepoint_id>
				</extensions>
			</trkpt>
			<trkpt lat="46.9871382449" lon="9.3266736596">
				<ele>1030.9</ele>
				<extensions>
					<swisstopo:routepoint_id>169135910</swisstopo:routepoint_id>
				</extensions>
			</trkpt>
			<trkpt lat="46.9871433480" lon="9.3266237412">
				<ele>1031.3</ele>
				<extensions>
					<swisstopo:routepoint_id>1576986512</swisstopo:routepoint_id>
				</extensions>
			</trkpt>
			<trkpt lat="46.9871510051" lon="9.3265926891">
				<ele>1031.5</ele>
				<extensions>
					<swisstopo:routepoint_id>1398571161</swisstopo:routepoint_id>
				</extensions>
			</trkpt>
			<trkpt lat="46.9871610568" lon="9.3265504148">
				<ele>1031.7</ele>
				<extensions>
					<swisstopo:routepoint_id>2130445256</swisstopo:routepoint_id>
				</extensions>
			</trkpt>
			<trkpt lat="46.9871319547" lon="9.3264353369">
				<ele>1031.6</ele>
				<extensions>
					<swisstopo:routepoint_id>88418019</swisstopo:routepoint_id>
				</extensions>
			</trkpt>
			<trkpt lat="46.9871016870" lon="9.3264358000">
				<ele>1031.7</ele>
				<extensions>
					<swisstopo:routepoint_id>2047698063</swisstopo:routepoint_id>
				</extensions>
			</trkpt>
			<trkpt lat="46.9870645201" lon="9.3264372787">
				<ele>1032.6</ele>
				<extensions>
					<swisstopo:routepoint_id>882267793</swisstopo:routepoint_id>
				</extensions>
			</trkpt>
			<trkpt lat="46.9870287713" lon="9.3264394913">
				<ele>1033.7</ele>
				<extensions>
					<swisstopo:routepoint_id>2133097773</swisstopo:routepoint_id>
				</extensions>
			</trkpt>
			<trkpt lat="46.9870031348" lon="9.3264351191">
				<ele>1034.6</ele>
				<extensions>
					<swisstopo:routepoint_id>1609813297</swisstopo:routepoint_id>
				</extensions>
			</trkpt>
			<trkpt lat="46.9869937251" lon="9.3264285153">
				<ele>1034.7</ele>
				<extensions>
					<swisstopo:routepoint_id>1460543101</swisstopo:routepoint_id>
				</extensions>
			</trkpt>
			<trkpt lat="46.9869907082" lon="9.3264089364">
				<ele>1034.8</ele>
				<extensions>
					<swisstopo:routepoint_id>141020706</swisstopo:routepoint_id>
				</extensions>
			</trkpt>
			<trkpt lat="46.9869981684" lon="9.3263897133">
				<ele>1035.0</ele>
				<extensions>
					<swisstopo:routepoint_id>590192657</swisstopo:routepoint_id>
				</extensions>
			</trkpt>
			<trkpt lat="46.9870153839" lon="9.3263562238">
				<ele>1035.6</ele>
				<extensions>
					<swisstopo:routepoint_id>1065535570</swisstopo:routepoint_id>
				</extensions>
			</trkpt>
			<trkpt lat="46.9870311475" lon="9.3263240764">
				<ele>1036.1</ele>
				<extensions>
					<swisstopo:routepoint_id>463241135</swisstopo:routepoint_id>
				</extensions>
			</trkpt>
			<trkpt lat="46.9870481564" lon="9.3262745769">
				<ele>1037.0</ele>
				<extensions>
					<swisstopo:routepoint_id>2061647640</swisstopo:routepoint_id>
				</extensions>
			</trkpt>
			<trkpt lat="46.9870577330" lon="9.3262422151">
				<ele>1037.6</ele>
				<extensions>
					<swisstopo:routepoint_id>1458525614</swisstopo:routepoint_id>
				</extensions>
			</trkpt>
			<trkpt lat="46.9870729834" lon="9.3262121395">
				<ele>1038.4</ele>
				<extensions>
					<swisstopo:routepoint_id>2054551561</swisstopo:routepoint_id>
				</extensions>
			</trkpt>
			<trkpt lat="46.9870888472" lon="9.3261744227">
				<ele>1039.3</ele>
				<extensions>
					<swisstopo:routepoint_id>84324762</swisstopo:routepoint_id>
				</extensions>
			</trkpt>
			<trkpt lat="46.9870969737" lon="9.3261141713">
				<ele>1040.1</ele>
				<extensions>
					<swisstopo:routepoint_id>406451467</swisstopo:routepoint_id>
				</extensions>
			</trkpt>
			<trkpt lat="46.9871003608" lon="9.3260822851">
				<ele>1040.2</ele>
				<extensions>
					<swisstopo:routepoint_id>1564095542</swisstopo:routepoint_id>
				</extensions>
			</trkpt>
			<trkpt lat="46.9871010817" lon="9.3260384725">
				<ele>1040.3</ele>
				<extensions>
					<swisstopo:routepoint_id>2138377041</swisstopo:routepoint_id>
				</extensions>
			</trkpt>
			<trkpt lat="46.9870981880" lon="9.3260119413">
				<ele>1040.4</ele>
				<extensions>
					<swisstopo:routepoint_id>1150852389</swisstopo:routepoint_id>
				</extensions>
			</trkpt>
			<trkpt lat="46.9870899509" lon="9.3259914692">
				<ele>1040.5</ele>
				<extensions>
					<swisstopo:routepoint_id>960539384</swisstopo:routepoint_id>
				</extensions>
			</trkpt>
			<trkpt lat="46.9870806075" lon="9.3259806980">
				<ele>1040.6</ele>
				<extensions>
					<swisstopo:routepoint_id>966916719</swisstopo:routepoint_id>
				</extensions>
			</trkpt>
			<trkpt lat="46.9870570417" lon="9.3259659594">
				<ele>1040.9</ele>
				<extensions>
					<swisstopo:routepoint_id>1946426210</swisstopo:routepoint_id>
				</extensions>
			</trkpt>
			<trkpt lat="46.9870163105" lon="9.3259526909">
				<ele>1041.0</ele>
				<extensions>
					<swisstopo:routepoint_id>1020512336</swisstopo:routepoint_id>
				</extensions>
			</trkpt>
			<trkpt lat="46.9869993508" lon="9.3259416678">
				<ele>1040.8</ele>
				<extensions>
					<swisstopo:routepoint_id>1121142502</swisstopo:routepoint_id>
				</extensions>
			</trkpt>
			<trkpt lat="46.9869872633" lon="9.3259346183">
				<ele>1040.6</ele>
				<extensions>
					<swisstopo:routepoint_id>408301981</swisstopo:routepoint_id>
				</extensions>
			</trkpt>
			<trkpt lat="46.9869828447" lon="9.3259320409">
				<ele>1040.6</ele>
				<extensions>
					<swisstopo:routepoint_id>1988775679</swisstopo:routepoint_id>
				</extensions>
			</trkpt>
			<trkpt lat="46.9869712107" lon="9.3259156291">
				<ele>1040.4</ele>
				<extensions>
					<swisstopo:routepoint_id>820038754</swisstopo:routepoint_id>
				</extensions>
			</trkpt>
			<trkpt lat="46.9869567195" lon="9.3258705849">
				<ele>1039.6</ele>
				<extensions>
					<swisstopo:routepoint_id>750077292</swisstopo:routepoint_id>
				</extensions>
			</trkpt>
			<trkpt lat="46.9869432273" lon="9.3258221056">
				<ele>1038.7</ele>
				<extensions>
					<swisstopo:routepoint_id>296222834</swisstopo:routepoint_id>
				</extensions>
			</trkpt>
			<trkpt lat="46.9869359661" lon="9.3258002715">
				<ele>1038.4</ele>
				<extensions>
					<swisstopo:routepoint_id>803455310</swisstopo:routepoint_id>
				</extensions>
			</trkpt>
			<trkpt lat="46.9869173309" lon="9.3257467449">
				<ele>1037.8</ele>
				<extensions>
					<swisstopo:routepoint_id>988373265</swisstopo:routepoint_id>
				</extensions>
			</trkpt>
			<trkpt lat="46.9868881659" lon="9.3256670897">
				<ele>1037.9</ele>
				<extensions>
					<swisstopo:routepoint_id>1053931903</swisstopo:routepoint_id>
				</extensions>
			</trkpt>
			<trkpt lat="46.9868844313" lon="9.3256255667">
				<ele>1037.8</ele>
				<extensions>
					<swisstopo:routepoint_id>1197297299</swisstopo:routepoint_id>
				</extensions>
			</trkpt>
			<trkpt lat="46.9868763424" lon="9.3255708603">
				<ele>1037.0</ele>
				<extensions>
					<swisstopo:routepoint_id>1571297894</swisstopo:routepoint_id>
				</extensions>
			</trkpt>
			<trkpt lat="46.9868715256" lon="9.3254960294">
				<ele>1036.2</ele>
				<extensions>
					<swisstopo:routepoint_id>1417097932</swisstopo:routepoint_id>
				</extensions>
			</trkpt>
			<trkpt lat="46.9868730997" lon="9.3254342603">
				<ele>1036.0</ele>
				<extensions>
					<swisstopo:routepoint_id>127346392</swisstopo:routepoint_id>
				</extensions>
			</trkpt>
			<trkpt lat="46.9868791459" lon="9.3253670340">
				<ele>1036.2</ele>
				<extensions>
					<swisstopo:routepoint_id>196139391</swisstopo:routepoint_id>
				</extensions>
			</trkpt>
			<trkpt lat="46.9868891728" lon="9.3252919127">
				<ele>1036.6</ele>
				<extensions>
					<swisstopo:routepoint_id>14322265</swisstopo:routepoint_id>
				</extensions>
			</trkpt>
			<trkpt lat="46.9868891783" lon="9.3252581968">
				<ele>1036.6</ele>
				<extensions>
					<swisstopo:routepoint_id>1089522662</swisstopo:routepoint_id>
				</extensions>
			</trkpt>
			<trkpt lat="46.9868819173" lon="9.3251985375">
				<ele>1036.6</ele>
				<extensions>
					<swisstopo:routepoint_id>933320050</swisstopo:routepoint_id>
				</extensions>
			</trkpt>
			<trkpt lat="46.9868782624" lon="9.3251740696">
				<ele>1036.7</ele>
				<extensions>
					<swisstopo:routepoint_id>834797643</swisstopo:routepoint_id>
				</extensions>
			</trkpt>
			<trkpt lat="46.9868708196" lon="9.3251489711">
				<ele>1036.8</ele>
				<extensions>
					<swisstopo:routepoint_id>402407378</swisstopo:routepoint_id>
				</extensions>
			</trkpt>
			<trkpt lat="46.9868622259" lon="9.3251123782">
				<ele>1036.8</ele>
				<extensions>
					<swisstopo:routepoint_id>1335125783</swisstopo:routepoint_id>
				</extensions>
			</trkpt>
			<trkpt lat="46.9868478379" lon="9.3250554378">
				<ele>1036.9</ele>
				<extensions>
					<swisstopo:routepoint_id>646994992</swisstopo:routepoint_id>
				</extensions>
			</trkpt>
			<trkpt lat="46.9868323415" lon="9.3250096587">
				<ele>1036.9</ele>
				<extensions>
					<swisstopo:routepoint_id>2050925627</swisstopo:routepoint_id>
				</extensions>
			</trkpt>
			<trkpt lat="46.9868124995" lon="9.3249489378">
				<ele>1037.0</ele>
				<extensions>
					<swisstopo:routepoint_id>1763647303</swisstopo:routepoint_id>
				</extensions>
			</trkpt>
			<trkpt lat="46.9867852110" lon="9.3248749766">
				<ele>1037.3</ele>
				<extensions>
					<swisstopo:routepoint_id>1873259589</swisstopo:routepoint_id>
				</extensions>
			</trkpt>
			<trkpt lat="46.9867544733" lon="9.3247869975">
				<ele>1037.5</ele>
				<extensions>
					<swisstopo:routepoint_id>743623526</swisstopo:routepoint_id>
				</extensions>
			</trkpt>
			<trkpt lat="46.9867432364" lon="9.3247436059">
				<ele>1037.5</ele>
				<extensions>
					<swisstopo:routepoint_id>234124690</swisstopo:routepoint_id>
				</extensions>
			</trkpt>
			<trkpt lat="46.9867370735" lon="9.3247080070">
				<ele>1037.7</ele>
				<extensions>
					<swisstopo:routepoint_id>1056953582</swisstopo:routepoint_id>
				</extensions>
			</trkpt>
			<trkpt lat="46.9867343452" lon="9.3246693958">
				<ele>1037.8</ele>
				<extensions>
					<swisstopo:routepoint_id>450079988</swisstopo:routepoint_id>
				</extensions>
			</trkpt>
			<trkpt lat="46.9867345531" lon="9.3246380432">
				<ele>1037.9</ele>
				<extensions>
					<swisstopo:routepoint_id>206508220</swisstopo:routepoint_id>
				</extensions>
			</trkpt>
			<trkpt lat="46.9867385714" lon="9.3245983305">
				<ele>1038.2</ele>
				<extensions>
					<swisstopo:routepoint_id>1097200487</swisstopo:routepoint_id>
				</extensions>
			</trkpt>
			<trkpt lat="46.9867391236" lon="9.3245647558">
				<ele>1038.3</ele>
				<extensions>
					<swisstopo:routepoint_id>2095034157</swisstopo:routepoint_id>
				</extensions>
			</trkpt>
			<trkpt lat="46.9867349699" lon="9.3245377344">
				<ele>1038.4</ele>
				<extensions>
					<swisstopo:routepoint_id>895559019</swisstopo:routepoint_id>
				</extensions>
			</trkpt>
			<trkpt lat="46.9867379322" lon="9.3245069378">
				<ele>1038.6</ele>
				<extensions>
					<swisstopo:routepoint_id>1569107797</swisstopo:routepoint_id>
				</extensions>
			</trkpt>
			<trkpt lat="46.9867361917" lon="9.3244634209">
				<ele>1038.7</ele>
				<extensions>
					<swisstopo:routepoint_id>1240898602</swisstopo:routepoint_id>
				</extensions>
			</trkpt>
			<trkpt lat="46.9867373355" lon="9.3244316678">
				<ele>1038.7</ele>
				<extensions>
					<swisstopo:routepoint_id>1464354346</swisstopo:routepoint_id>
				</extensions>
			</trkpt>
			<trkpt lat="46.9867331526" lon="9.3244064334">
				<ele>1038.9</ele>
				<extensions>
					<swisstopo:routepoint_id>1655644075</swisstopo:routepoint_id>
				</extensions>
			</trkpt>
			<trkpt lat="46.9867374133" lon="9.3243891200">
				<ele>1038.8</ele>
				<extensions>
					<swisstopo:routepoint_id>39324872</swisstopo:routepoint_id>
				</extensions>
			</trkpt>
			<trkpt lat="46.9867407419" lon="9.3243547473">
				<ele>1038.9</ele>
				<extensions>
					<swisstopo:routepoint_id>1081474440</swisstopo:routepoint_id>
				</extensions>
			</trkpt>
			<trkpt lat="46.9867402731" lon="9.3243274092">
				<ele>1039.0</ele>
				<extensions>
					<swisstopo:routepoint_id>873393955</swisstopo:routepoint_id>
				</extensions>
			</trkpt>
			<trkpt lat="46.9867441002" lon="9.3242993267">
				<ele>1039.0</ele>
				<extensions>
					<swisstopo:routepoint_id>241543255</swisstopo:routepoint_id>
				</extensions>
			</trkpt>
			<trkpt lat="46.9867563446" lon="9.3242818347">
				<ele>1039.2</ele>
				<extensions>
					<swisstopo:routepoint_id>1988037104</swisstopo:routepoint_id>
				</extensions>
			</trkpt>
			<trkpt lat="46.9867686411" lon="9.3242607685">
				<ele>1039.4</ele>
				<extensions>
					<swisstopo:routepoint_id>2070171393</swisstopo:routepoint_id>
				</extensions>
			</trkpt>
			<trkpt lat="46.9867822996" lon="9.3242316894">
				<ele>1039.7</ele>
				<extensions>
					<swisstopo:routepoint_id>1294848692</swisstopo:routepoint_id>
				</extensions>
			</trkpt>
			<trkpt lat="46.9867869868" lon="9.3242076753">
				<ele>1039.8</ele>
				<extensions>
					<swisstopo:routepoint_id>1270525659</swisstopo:routepoint_id>
				</extensions>
			</trkpt>
			<trkpt lat="46.9867993701" lon="9.3241440488">
				<ele>1040.0</ele>
				<extensions>
					<swisstopo:routepoint_id>1755295614</swisstopo:routepoint_id>
				</extensions>
			</trkpt>
			<trkpt lat="46.9868047302" lon="9.3241169155">
				<ele>1040.1</ele>
				<extensions>
					<swisstopo:routepoint_id>39203028</swisstopo:routepoint_id>
				</extensions>
			</trkpt>
			<trkpt lat="46.9868048079" lon="9.3240743678">
				<ele>1040.5</ele>
				<extensions>
					<swisstopo:routepoint_id>1456488683</swisstopo:routepoint_id>
				</extensions>
			</trkpt>
			<trkpt lat="46.9868094289" lon="9.3240543736">
				<ele>1040.5</ele>
				<extensions>
					<swisstopo:routepoint_id>628091784</swisstopo:routepoint_id>
				</extensions>
			</trkpt>
			<trkpt lat="46.9868182974" lon="9.3240184074">
				<ele>1040.6</ele>
				<extensions>
					<swisstopo:routepoint_id>379523682</swisstopo:routepoint_id>
				</extensions>
			</trkpt>
			<trkpt lat="46.9868286520" lon="9.3239851771">
				<ele>1041.1</ele>
				<extensions>
					<swisstopo:routepoint_id>506387649</swisstopo:routepoint_id>
				</extensions>
			</trkpt>
			<trkpt lat="46.9868378607" lon="9.3239658032">
				<ele>1041.4</ele>
				<extensions>
					<swisstopo:routepoint_id>879492850</swisstopo:routepoint_id>
				</extensions>
			</trkpt>
			<trkpt lat="46.9868493623" lon="9.3239370944">
				<ele>1042.0</ele>
				<extensions>
					<swisstopo:routepoint_id>2057455892</swisstopo:routepoint_id>
				</extensions>
			</trkpt>
			<trkpt lat="46.9868567527" lon="9.3239167512">
				<ele>1042.6</ele>
				<extensions>
					<swisstopo:routepoint_id>2141089632</swisstopo:routepoint_id>
				</extensions>
			</trkpt>
			<trkpt lat="46.9868549124" lon="9.3238978688">
				<ele>1042.9</ele>
				<extensions>
					<swisstopo:routepoint_id>1701810454</swisstopo:routepoint_id>
				</extensions>
			</trkpt>
			<trkpt lat="46.9868480129" lon="9.3238703048">
				<ele>1043.6</ele>
				<extensions>
					<swisstopo:routepoint_id>89414701</swisstopo:routepoint_id>
				</extensions>
			</trkpt>
			<trkpt lat="46.9868409467" lon="9.3238337786">
				<ele>1044.4</ele>
				<extensions>
					<swisstopo:routepoint_id>1421006971</swisstopo:routepoint_id>
				</extensions>
			</trkpt>
			<trkpt lat="46.9868337825" lon="9.3237966583">
				<ele>1044.4</ele>
				<extensions>
					<swisstopo:routepoint_id>1714800473</swisstopo:routepoint_id>
				</extensions>
			</trkpt>
			<trkpt lat="46.9867282003" lon="9.3237425369">
				<ele>1044.2</ele>
				<extensions>
					<swisstopo:routepoint_id>825516699</swisstopo:routepoint_id>
				</extensions>
			</trkpt>
			<trkpt lat="46.9866995858" lon="9.3237366522">
				<ele>1044.1</ele>
				<extensions>
					<swisstopo:routepoint_id>96645633</swisstopo:routepoint_id>
				</extensions>
			</trkpt>
			<trkpt lat="46.9867058739" lon="9.3237147970">
				<ele>1044.1</ele>
				<extensions>
					<swisstopo:routepoint_id>1202990134</swisstopo:routepoint_id>
				</extensions>
			</trkpt>
			<trkpt lat="46.9867067047" lon="9.3236932508">
				<ele>1044.1</ele>
				<extensions>
					<swisstopo:routepoint_id>2081879815</swisstopo:routepoint_id>
				</extensions>
			</trkpt>
			<trkpt lat="46.9867064147" lon="9.3236528859">
				<ele>1044.1</ele>
				<extensions>
					<swisstopo:routepoint_id>505338979</swisstopo:routepoint_id>
				</extensions>
			</trkpt>
			<trkpt lat="46.9867086232" lon="9.3236056525">
				<ele>1044.0</ele>
				<extensions>
					<swisstopo:routepoint_id>1088785238</swisstopo:routepoint_id>
				</extensions>
			</trkpt>
			<trkpt lat="46.9867066916" lon="9.3235200023">
				<ele>1043.6</ele>
				<extensions>
					<swisstopo:routepoint_id>1069526204</swisstopo:routepoint_id>
				</extensions>
			</trkpt>
			<trkpt lat="46.9867095035" lon="9.3234359087">
				<ele>1043.6</ele>
				<extensions>
					<swisstopo:routepoint_id>1145166774</swisstopo:routepoint_id>
				</extensions>
			</trkpt>
			<trkpt lat="46.9867082412" lon="9.3233676746">
				<ele>1043.7</ele>
				<extensions>
					<swisstopo:routepoint_id>1985279859</swisstopo:routepoint_id>
				</extensions>
			</trkpt>
			<trkpt lat="46.9867036928" lon="9.3233257670">
				<ele>1043.7</ele>
				<extensions>
					<swisstopo:routepoint_id>2104286665</swisstopo:routepoint_id>
				</extensions>
			</trkpt>
			<trkpt lat="46.9866943896" lon="9.3232852588">
				<ele>1043.8</ele>
				<extensions>
					<swisstopo:routepoint_id>1593328844</swisstopo:routepoint_id>
				</extensions>
			</trkpt>
			<trkpt lat="46.9866749162" lon="9.3231955064">
				<ele>1043.8</ele>
				<extensions>
					<swisstopo:routepoint_id>986375891</swisstopo:routepoint_id>
				</extensions>
			</trkpt>
			<trkpt lat="46.9866605030" lon="9.3231318728">
				<ele>1043.9</ele>
				<extensions>
					<swisstopo:routepoint_id>1003078063</swisstopo:routepoint_id>
				</extensions>
			</trkpt>
			<trkpt lat="46.9866482607" lon="9.3230845396">
				<ele>1044.3</ele>
				<extensions>
					<swisstopo:routepoint_id>1377326668</swisstopo:routepoint_id>
				</extensions>
			</trkpt>
			<trkpt lat="46.9866336452" lon="9.3230113007">
				<ele>1045.2</ele>
				<extensions>
					<swisstopo:routepoint_id>631920269</swisstopo:routepoint_id>
				</extensions>
			</trkpt>
			<trkpt lat="46.9866217875" lon="9.3229515063">
				<ele>1046.0</ele>
				<extensions>
					<swisstopo:routepoint_id>1532932304</swisstopo:routepoint_id>
				</extensions>
			</trkpt>
			<trkpt lat="46.9866078894" lon="9.3228702963">
				<ele>1047.5</ele>
				<extensions>
					<swisstopo:routepoint_id>351467422</swisstopo:routepoint_id>
				</extensions>
			</trkpt>
			<trkpt lat="46.9865879956" lon="9.3228055780">
				<ele>1047.8</ele>
				<extensions>
					<swisstopo:routepoint_id>1307012655</swisstopo:routepoint_id>
				</extensions>
			</trkpt>
			<trkpt lat="46.9865906344" lon="9.3227611493">
				<ele>1047.4</ele>
				<extensions>
					<swisstopo:routepoint_id>1419893217</swisstopo:routepoint_id>
				</extensions>
			</trkpt>
			<trkpt lat="46.9865853024" lon="9.3226710367">
				<ele>1046.6</ele>
				<extensions>
					<swisstopo:routepoint_id>621573175</swisstopo:routepoint_id>
				</extensions>
			</trkpt>
			<trkpt lat="46.9865809874" lon="9.3225919030">
				<ele>1046.0</ele>
				<extensions>
					<swisstopo:routepoint_id>1110130273</swisstopo:routepoint_id>
				</extensions>
			</trkpt>
			<trkpt lat="46.9865778057" lon="9.3225292163">
				<ele>1045.9</ele>
				<extensions>
					<swisstopo:routepoint_id>1171746009</swisstopo:routepoint_id>
				</extensions>
			</trkpt>
			<trkpt lat="46.9865789370" lon="9.3224488389">
				<ele>1046.1</ele>
				<extensions>
					<swisstopo:routepoint_id>1403402430</swisstopo:routepoint_id>
				</extensions>
			</trkpt>
			<trkpt lat="46.9865807208" lon="9.3223950580">
				<ele>1046.1</ele>
				<extensions>
					<swisstopo:routepoint_id>273390309</swisstopo:routepoint_id>
				</extensions>
			</trkpt>
			<trkpt lat="46.9865806040" lon="9.3223363567">
				<ele>1046.1</ele>
				<extensions>
					<swisstopo:routepoint_id>1317996502</swisstopo:routepoint_id>
				</extensions>
			</trkpt>
			<trkpt lat="46.9865695325" lon="9.3222890006">
				<ele>1046.2</ele>
				<extensions>
					<swisstopo:routepoint_id>1901087624</swisstopo:routepoint_id>
				</extensions>
			</trkpt>
			<trkpt lat="46.9865520986" lon="9.3222355306">
				<ele>1046.3</ele>
				<extensions>
					<swisstopo:routepoint_id>708232014</swisstopo:routepoint_id>
				</extensions>
			</trkpt>
			<trkpt lat="46.9865378241" lon="9.3221865758">
				<ele>1046.5</ele>
				<extensions>
					<swisstopo:routepoint_id>1668120857</swisstopo:routepoint_id>
				</extensions>
			</trkpt>
			<trkpt lat="46.9865384984" lon="9.3221455099">
				<ele>1046.6</ele>
				<extensions>
					<swisstopo:routepoint_id>335887139</swisstopo:routepoint_id>
				</extensions>
			</trkpt>
			<trkpt lat="46.9865426706" lon="9.3221308930">
				<ele>1046.6</ele>
				<extensions>
					<swisstopo:routepoint_id>948096897</swisstopo:routepoint_id>
				</extensions>
			</trkpt>
			<trkpt lat="46.9865421919" lon="9.3220805799">
				<ele>1047.0</ele>
				<extensions>
					<swisstopo:routepoint_id>1520684892</swisstopo:routepoint_id>
				</extensions>
			</trkpt>
			<trkpt lat="46.9865457159" lon="9.3220341310">
				<ele>1047.0</ele>
				<extensions>
					<swisstopo:routepoint_id>467101411</swisstopo:routepoint_id>
				</extensions>
			</trkpt>
			<trkpt lat="46.9865502313" lon="9.3219832227">
				<ele>1047.2</ele>
				<extensions>
					<swisstopo:routepoint_id>1115359782</swisstopo:routepoint_id>
				</extensions>
			</trkpt>
			<trkpt lat="46.9865509144" lon="9.3219044188">
				<ele>1047.4</ele>
				<extensions>
					<swisstopo:routepoint_id>587056300</swisstopo:routepoint_id>
				</extensions>
			</trkpt>
			<trkpt lat="46.9865504641" lon="9.3218440781">
				<ele>1047.4</ele>
				<extensions>
					<swisstopo:routepoint_id>722975518</swisstopo:routepoint_id>
				</extensions>
			</trkpt>
			<trkpt lat="46.9865424948" lon="9.3217491799">
				<ele>1047.7</ele>
				<extensions>
					<swisstopo:routepoint_id>1582385938</swisstopo:routepoint_id>
				</extensions>
			</trkpt>
			<trkpt lat="46.9865474021" lon="9.3216825558">
				<ele>1048.1</ele>
				<extensions>
					<swisstopo:routepoint_id>190603945</swisstopo:routepoint_id>
				</extensions>
			</trkpt>
			<trkpt lat="46.9865254301" lon="9.3216289139">
				<ele>1048.3</ele>
				<extensions>
					<swisstopo:routepoint_id>786199648</swisstopo:routepoint_id>
				</extensions>
			</trkpt>
			<trkpt lat="46.9865166824" lon="9.3215812865">
				<ele>1048.6</ele>
				<extensions>
					<swisstopo:routepoint_id>455813671</swisstopo:routepoint_id>
				</extensions>
			</trkpt>
			<trkpt lat="46.9865119763" lon="9.3215199010">
				<ele>1048.8</ele>
				<extensions>
					<swisstopo:routepoint_id>485054069</swisstopo:routepoint_id>
				</extensions>
			</trkpt>
			<trkpt lat="46.9865112667" lon="9.3214475038">
				<ele>1048.5</ele>
				<extensions>
					<swisstopo:routepoint_id>262602722</swisstopo:routepoint_id>
				</extensions>
			</trkpt>
			<trkpt lat="46.9865122256" lon="9.3213890907">
				<ele>1048.5</ele>
				<extensions>
					<swisstopo:routepoint_id>2048602839</swisstopo:routepoint_id>
				</extensions>
			</trkpt>
			<trkpt lat="46.9865073824" lon="9.3213360500">
				<ele>1048.7</ele>
				<extensions>
					<swisstopo:routepoint_id>1498773386</swisstopo:routepoint_id>
				</extensions>
			</trkpt>
			<trkpt lat="46.9864871225" lon="9.3212935947">
				<ele>1049.0</ele>
				<extensions>
					<swisstopo:routepoint_id>89785940</swisstopo:routepoint_id>
				</extensions>
			</trkpt>
			<trkpt lat="46.9864573127" lon="9.3212535746">
				<ele>1049.2</ele>
				<extensions>
					<swisstopo:routepoint_id>225524985</swisstopo:routepoint_id>
				</extensions>
			</trkpt>
			<trkpt lat="46.9863730281" lon="9.3211671255">
				<ele>1049.9</ele>
				<extensions>
					<swisstopo:routepoint_id>2105459693</swisstopo:routepoint_id>
				</extensions>
			</trkpt>
			<trkpt lat="46.9862867441" lon="9.3210861793">
				<ele>1050.5</ele>
				<extensions>
					<swisstopo:routepoint_id>855949957</swisstopo:routepoint_id>
				</extensions>
			</trkpt>
			<trkpt lat="46.9862211315" lon="9.3210226286">
				<ele>1050.7</ele>
				<extensions>
					<swisstopo:routepoint_id>1047152046</swisstopo:routepoint_id>
				</extensions>
			</trkpt>
			<trkpt lat="46.9861855110" lon="9.3209879842">
				<ele>1051.2</ele>
				<extensions>
					<swisstopo:routepoint_id>1406589346</swisstopo:routepoint_id>
				</extensions>
			</trkpt>
			<trkpt lat="46.9861629887" lon="9.3209677185">
				<ele>1051.5</ele>
				<extensions>
					<swisstopo:routepoint_id>1601848134</swisstopo:routepoint_id>
				</extensions>
			</trkpt>
			<trkpt lat="46.9861483108" lon="9.3209338089">
				<ele>1051.5</ele>
				<extensions>
					<swisstopo:routepoint_id>1897399091</swisstopo:routepoint_id>
				</extensions>
			</trkpt>
			<trkpt lat="46.9861226618" lon="9.3208716893">
				<ele>1051.0</ele>
				<extensions>
					<swisstopo:routepoint_id>911518906</swisstopo:routepoint_id>
				</extensions>
			</trkpt>
			<trkpt lat="46.9860911264" lon="9.3208204862">
				<ele>1051.5</ele>
				<extensions>
					<swisstopo:routepoint_id>1244564898</swisstopo:routepoint_id>
				</extensions>
			</trkpt>
			<trkpt lat="46.9860574597" lon="9.3207831082">
				<ele>1052.0</ele>
				<extensions>
					<swisstopo:routepoint_id>469257126</swisstopo:routepoint_id>
				</extensions>
			</trkpt>
			<trkpt lat="46.9860310411" lon="9.3207682819">
				<ele>1052.5</ele>
				<extensions>
					<swisstopo:routepoint_id>379897551</swisstopo:routepoint_id>
				</extensions>
			</trkpt>
			<trkpt lat="46.9859855411" lon="9.3207528279">
				<ele>1052.9</ele>
				<extensions>
					<swisstopo:routepoint_id>1333846712</swisstopo:routepoint_id>
				</extensions>
			</trkpt>
			<trkpt lat="46.9858524887" lon="9.3205275285">
				<ele>1053.5</ele>
				<extensions>
					<swisstopo:routepoint_id>828049496</swisstopo:routepoint_id>
				</extensions>
			</trkpt>
			<trkpt lat="46.9858094974" lon="9.3204606474">
				<ele>1053.8</ele>
				<extensions>
					<swisstopo:routepoint_id>454282883</swisstopo:routepoint_id>
				</extensions>
			</trkpt>
			<trkpt lat="46.9857934123" lon="9.3204746122">
				<ele>1053.8</ele>
				<extensions>
					<swisstopo:routepoint_id>1383938220</swisstopo:routepoint_id>
				</extensions>
			</trkpt>
			<trkpt lat="46.9857146183" lon="9.3203567323">
				<ele>1054.3</ele>
				<extensions>
					<swisstopo:routepoint_id>331014850</swisstopo:routepoint_id>
				</extensions>
			</trkpt>
			<trkpt lat="46.9856920212" lon="9.3203224138">
				<ele>1054.4</ele>
				<extensions>
					<swisstopo:routepoint_id>1434912380</swisstopo:routepoint_id>
				</extensions>
			</trkpt>
			<trkpt lat="46.9856336298" lon="9.3202250527">
				<ele>1054.8</ele>
				<extensions>
					<swisstopo:routepoint_id>1959870238</swisstopo:routepoint_id>
				</extensions>
			</trkpt>
			<trkpt lat="46.9855848538" lon="9.3201509713">
				<ele>1055.1</ele>
				<extensions>
					<swisstopo:routepoint_id>60425546</swisstopo:routepoint_id>
				</extensions>
			</trkpt>
			<trkpt lat="46.9854902631" lon="9.3199959759">
				<ele>1056.1</ele>
				<extensions>
					<swisstopo:routepoint_id>1607390058</swisstopo:routepoint_id>
				</extensions>
			</trkpt>
			<trkpt lat="46.9854072408" lon="9.3198615681">
				<ele>1057.1</ele>
				<extensions>
					<swisstopo:routepoint_id>1841562546</swisstopo:routepoint_id>
				</extensions>
			</trkpt>
			<trkpt lat="46.9853451270" lon="9.3197585017">
				<ele>1057.8</ele>
				<extensions>
					<swisstopo:routepoint_id>2086134324</swisstopo:routepoint_id>
				</extensions>
			</trkpt>
			<trkpt lat="46.9853061369" lon="9.3196972963">
				<ele>1058.2</ele>
				<extensions>
					<swisstopo:routepoint_id>1709218028</swisstopo:routepoint_id>
				</extensions>
			</trkpt>
			<trkpt lat="46.9852452265" lon="9.3195789700">
				<ele>1059.0</ele>
				<extensions>
					<swisstopo:routepoint_id>1862267858</swisstopo:routepoint_id>
				</extensions>
			</trkpt>
			<trkpt lat="46.9851759068" lon="9.3194506037">
				<ele>1059.8</ele>
				<extensions>
					<swisstopo:routepoint_id>332448815</swisstopo:routepoint_id>
				</extensions>
			</trkpt>
			<trkpt lat="46.9851399574" lon="9.3193783824">
				<ele>1060.2</ele>
				<extensions>
					<swisstopo:routepoint_id>1517965025</swisstopo:routepoint_id>
				</extensions>
			</trkpt>
			<trkpt lat="46.9851025336" lon="9.3193081865">
				<ele>1060.7</ele>
				<extensions>
					<swisstopo:routepoint_id>1155287536</swisstopo:routepoint_id>
				</extensions>
			</trkpt>
			<trkpt lat="46.9850578445" lon="9.3192168709">
				<ele>1061.2</ele>
				<extensions>
					<swisstopo:routepoint_id>731186810</swisstopo:routepoint_id>
				</extensions>
			</trkpt>
			<trkpt lat="46.9850216238" lon="9.3191321085">
				<ele>1061.6</ele>
				<extensions>
					<swisstopo:routepoint_id>561223262</swisstopo:routepoint_id>
				</extensions>
			</trkpt>
			<trkpt lat="46.9849770145" lon="9.3190359165">
				<ele>1062.2</ele>
				<extensions>
					<swisstopo:routepoint_id>540513896</swisstopo:routepoint_id>
				</extensions>
			</trkpt>
			<trkpt lat="46.9849457884" lon="9.3189659416">
				<ele>1062.5</ele>
				<extensions>
					<swisstopo:routepoint_id>1435691484</swisstopo:routepoint_id>
				</extensions>
			</trkpt>
			<trkpt lat="46.9849054029" lon="9.3188733807">
				<ele>1063.1</ele>
				<extensions>
					<swisstopo:routepoint_id>252820750</swisstopo:routepoint_id>
				</extensions>
			</trkpt>
			<trkpt lat="46.9848776054" lon="9.3187972633">
				<ele>1063.5</ele>
				<extensions>
					<swisstopo:routepoint_id>1320167422</swisstopo:routepoint_id>
				</extensions>
			</trkpt>
			<trkpt lat="46.9848688880" lon="9.3187482585">
				<ele>1063.9</ele>
				<extensions>
					<swisstopo:routepoint_id>924900744</swisstopo:routepoint_id>
				</extensions>
			</trkpt>
			<trkpt lat="46.9848603521" lon="9.3186948785">
				<ele>1064.1</ele>
				<extensions>
					<swisstopo:routepoint_id>1170201710</swisstopo:routepoint_id>
				</extensions>
			</trkpt>
			<trkpt lat="46.9848358916" lon="9.3186188813">
				<ele>1064.6</ele>
				<extensions>
					<swisstopo:routepoint_id>1293517413</swisstopo:routepoint_id>
				</extensions>
			</trkpt>
			<trkpt lat="46.9848159495" lon="9.3185284175">
				<ele>1065.1</ele>
				<extensions>
					<swisstopo:routepoint_id>636131797</swisstopo:routepoint_id>
				</extensions>
			</trkpt>
			<trkpt lat="46.9848003566" lon="9.3184339558">
				<ele>1065.6</ele>
				<extensions>
					<swisstopo:routepoint_id>428461284</swisstopo:routepoint_id>
				</extensions>
			</trkpt>
			<trkpt lat="46.9847912817" lon="9.3183772698">
				<ele>1065.8</ele>
				<extensions>
					<swisstopo:routepoint_id>1786294392</swisstopo:routepoint_id>
				</extensions>
			</trkpt>
			<trkpt lat="46.9847878891" lon="9.3183228888">
				<ele>1065.9</ele>
				<extensions>
					<swisstopo:routepoint_id>446290188</swisstopo:routepoint_id>
				</extensions>
			</trkpt>
			<trkpt lat="46.9847613133" lon="9.3182885608">
				<ele>1066.1</ele>
				<extensions>
					<swisstopo:routepoint_id>1295007619</swisstopo:routepoint_id>
				</extensions>
			</trkpt>
			<trkpt lat="46.9847253395" lon="9.3182326695">
				<ele>1066.1</ele>
				<extensions>
					<swisstopo:routepoint_id>749211140</swisstopo:routepoint_id>
				</extensions>
			</trkpt>
			<trkpt lat="46.9846719095" lon="9.3181222610">
				<ele>1066.5</ele>
				<extensions>
					<swisstopo:routepoint_id>1952674142</swisstopo:routepoint_id>
				</extensions>
			</trkpt>
			<trkpt lat="46.9846473170" lon="9.3180778911">
				<ele>1066.6</ele>
				<extensions>
					<swisstopo:routepoint_id>378580308</swisstopo:routepoint_id>
				</extensions>
			</trkpt>
			<trkpt lat="46.9846130869" lon="9.3179753586">
				<ele>1067.2</ele>
				<extensions>
					<swisstopo:routepoint_id>2004272450</swisstopo:routepoint_id>
				</extensions>
			</trkpt>
			<trkpt lat="46.9845671561" lon="9.3178307763">
				<ele>1068.4</ele>
				<extensions>
					<swisstopo:routepoint_id>807134586</swisstopo:routepoint_id>
				</extensions>
			</trkpt>
			<trkpt lat="46.9844994830" lon="9.3176528803">
				<ele>1069.7</ele>
				<extensions>
					<swisstopo:routepoint_id>849867369</swisstopo:routepoint_id>
				</extensions>
			</trkpt>
			<trkpt lat="46.9844794467" lon="9.3175906430">
				<ele>1070.2</ele>
				<extensions>
					<swisstopo:routepoint_id>1914859273</swisstopo:routepoint_id>
				</extensions>
			</trkpt>
			<trkpt lat="46.9844533123" lon="9.3175227770">
				<ele>1070.8</ele>
				<extensions>
					<swisstopo:routepoint_id>1443950739</swisstopo:routepoint_id>
				</extensions>
			</trkpt>
			<trkpt lat="46.9844199581" lon="9.3174419851">
				<ele>1071.4</ele>
				<extensions>
					<swisstopo:routepoint_id>905231041</swisstopo:routepoint_id>
				</extensions>
			</trkpt>
			<trkpt lat="46.9843476536" lon="9.3173200161">
				<ele>1072.7</ele>
				<extensions>
					<swisstopo:routepoint_id>1652799798</swisstopo:routepoint_id>
				</extensions>
			</trkpt>
			<trkpt lat="46.9843033052" lon="9.3172297938">
				<ele>1073.3</ele>
				<extensions>
					<swisstopo:routepoint_id>1070837494</swisstopo:routepoint_id>
				</extensions>
			</trkpt>
			<trkpt lat="46.9842744320" lon="9.3171781101">
				<ele>1073.8</ele>
				<extensions>
					<swisstopo:routepoint_id>54750630</swisstopo:routepoint_id>
				</extensions>
			</trkpt>
			<trkpt lat="46.9842123786" lon="9.3171107879">
				<ele>1074.8</ele>
				<extensions>
					<swisstopo:routepoint_id>918053475</swisstopo:routepoint_id>
				</extensions>
			</trkpt>
			<trkpt lat="46.9841620766" lon="9.3170818771">
				<ele>1075.3</ele>
				<extensions>
					<swisstopo:routepoint_id>64963393</swisstopo:routepoint_id>
				</extensions>
			</trkpt>
			<trkpt lat="46.9840979235" lon="9.3170669679">
				<ele>1076.0</ele>
				<extensions>
					<swisstopo:routepoint_id>1206821444</swisstopo:routepoint_id>
				</extensions>
			</trkpt>
			<trkpt lat="46.9840413964" lon="9.3170396528">
				<ele>1076.5</ele>
				<extensions>
					<swisstopo:routepoint_id>635615546</swisstopo:routepoint_id>
				</extensions>
			</trkpt>
			<trkpt lat="46.9839780133" lon="9.3169777159">
				<ele>1077.2</ele>
				<extensions>
					<swisstopo:routepoint_id>678130025</swisstopo:routepoint_id>
				</extensions>
			</trkpt>
			<trkpt lat="46.9839367069" lon="9.3169292278">
				<ele>1077.6</ele>
				<extensions>
					<swisstopo:routepoint_id>838232335</swisstopo:routepoint_id>
				</extensions>
			</trkpt>
			<trkpt lat="46.9839130170" lon="9.3168632492">
				<ele>1078.1</ele>
				<extensions>
					<swisstopo:routepoint_id>308238757</swisstopo:routepoint_id>
				</extensions>
			</trkpt>
			<trkpt lat="46.9838834342" lon="9.3167789600">
				<ele>1078.9</ele>
				<extensions>
					<swisstopo:routepoint_id>262847748</swisstopo:routepoint_id>
				</extensions>
			</trkpt>
			<trkpt lat="46.9838575385" lon="9.3166966299">
				<ele>1079.6</ele>
				<extensions>
					<swisstopo:routepoint_id>1427241934</swisstopo:routepoint_id>
				</extensions>
			</trkpt>
			<trkpt lat="46.9838372944" lon="9.3166470625">
				<ele>1080.0</ele>
				<extensions>
					<swisstopo:routepoint_id>668338592</swisstopo:routepoint_id>
				</extensions>
			</trkpt>
			<trkpt lat="46.9837959289" lon="9.3166021744">
				<ele>1080.7</ele>
				<extensions>
					<swisstopo:routepoint_id>771278612</swisstopo:routepoint_id>
				</extensions>
			</trkpt>
			<trkpt lat="46.9837666407" lon="9.3165758261">
				<ele>1081.2</ele>
				<extensions>
					<swisstopo:routepoint_id>1942836921</swisstopo:routepoint_id>
				</extensions>
			</trkpt>
			<trkpt lat="46.9837210186" lon="9.3165633702">
				<ele>1082.2</ele>
				<extensions>
					<swisstopo:routepoint_id>171331643</swisstopo:routepoint_id>
				</extensions>
			</trkpt>
			<trkpt lat="46.9836626354" lon="9.3165587077">
				<ele>1082.6</ele>
				<extensions>
					<swisstopo:routepoint_id>468682177</swisstopo:routepoint_id>
				</extensions>
			</trkpt>
			<trkpt lat="46.9836031253" lon="9.3165294883">
				<ele>1083.2</ele>
				<extensions>
					<swisstopo:routepoint_id>1533305911</swisstopo:routepoint_id>
				</extensions>
			</trkpt>
			<trkpt lat="46.9835566274" lon="9.3164902854">
				<ele>1083.9</ele>
				<extensions>
					<swisstopo:routepoint_id>1734739769</swisstopo:routepoint_id>
				</extensions>
			</trkpt>
			<trkpt lat="46.9835133316" lon="9.3164303268">
				<ele>1084.6</ele>
				<extensions>
					<swisstopo:routepoint_id>1193249065</swisstopo:routepoint_id>
				</extensions>
			</trkpt>
			<trkpt lat="46.9834686726" lon="9.3163661542">
				<ele>1085.4</ele>
				<extensions>
					<swisstopo:routepoint_id>1234232034</swisstopo:routepoint_id>
				</extensions>
			</trkpt>
			<trkpt lat="46.9834346686" lon="9.3163129249">
				<ele>1086.1</ele>
				<extensions>
					<swisstopo:routepoint_id>1710189526</swisstopo:routepoint_id>
				</extensions>
			</trkpt>
			<trkpt lat="46.9834030216" lon="9.3162387689">
				<ele>1086.6</ele>
				<extensions>
					<swisstopo:routepoint_id>1011298612</swisstopo:routepoint_id>
				</extensions>
			</trkpt>
			<trkpt lat="46.9833722062" lon="9.3161583702">
				<ele>1087.4</ele>
				<extensions>
					<swisstopo:routepoint_id>291382996</swisstopo:routepoint_id>
				</extensions>
			</trkpt>
			<trkpt lat="46.9833435052" lon="9.3160790950">
				<ele>1088.0</ele>
				<extensions>
					<swisstopo:routepoint_id>544458809</swisstopo:routepoint_id>
				</extensions>
			</trkpt>
			<trkpt lat="46.9833187951" lon="9.3160176976">
				<ele>1088.8</ele>
				<extensions>
					<swisstopo:routepoint_id>1802400713</swisstopo:routepoint_id>
				</extensions>
			</trkpt>
			<trkpt lat="46.9833086065" lon="9.3159860347">
				<ele>1088.5</ele>
				<extensions>
					<swisstopo:routepoint_id>1382740700</swisstopo:routepoint_id>
				</extensions>
			</trkpt>
			<trkpt lat="46.9832880046" lon="9.3159352230">
				<ele>1088.8</ele>
				<extensions>
					<swisstopo:routepoint_id>2093262322</swisstopo:routepoint_id>
				</extensions>
			</trkpt>
			<trkpt lat="46.9832672089" lon="9.3158969298">
				<ele>1088.5</ele>
				<extensions>
					<swisstopo:routepoint_id>777752052</swisstopo:routepoint_id>
				</extensions>
			</trkpt>
			<trkpt lat="46.9832385428" lon="9.3158594044">
				<ele>1088.0</ele>
				<extensions>
					<swisstopo:routepoint_id>545637706</swisstopo:routepoint_id>
				</extensions>
			</trkpt>
			<trkpt lat="46.9831984494" lon="9.3158214633">
				<ele>1087.8</ele>
				<extensions>
					<swisstopo:routepoint_id>1351744817</swisstopo:routepoint_id>
				</extensions>
			</trkpt>
			<trkpt lat="46.9831812554" lon="9.3157812064">
				<ele>1087.7</ele>
				<extensions>
					<swisstopo:routepoint_id>987128156</swisstopo:routepoint_id>
				</extensions>
			</trkpt>
			<trkpt lat="46.9831715360" lon="9.3157203339">
				<ele>1087.5</ele>
				<extensions>
					<swisstopo:routepoint_id>1480310893</swisstopo:routepoint_id>
				</extensions>
			</trkpt>
			<trkpt lat="46.9831372524" lon="9.3156335710">
				<ele>1087.4</ele>
				<extensions>
					<swisstopo:routepoint_id>531624459</swisstopo:routepoint_id>
				</extensions>
			</trkpt>
			<trkpt lat="46.9831120015" lon="9.3155617132">
				<ele>1087.2</ele>
				<extensions>
					<swisstopo:routepoint_id>1358388188</swisstopo:routepoint_id>
				</extensions>
			</trkpt>
			<trkpt lat="46.9830941237" lon="9.3155193463">
				<ele>1087.2</ele>
				<extensions>
					<swisstopo:routepoint_id>1494260258</swisstopo:routepoint_id>
				</extensions>
			</trkpt>
			<trkpt lat="46.9830673067" lon="9.3154557989">
				<ele>1087.0</ele>
				<extensions>
					<swisstopo:routepoint_id>1180585213</swisstopo:routepoint_id>
				</extensions>
			</trkpt>
			<trkpt lat="46.9830283920" lon="9.3153897229">
				<ele>1087.3</ele>
				<extensions>
					<swisstopo:routepoint_id>1983493142</swisstopo:routepoint_id>
				</extensions>
			</trkpt>
			<trkpt lat="46.9830191342" lon="9.3153445245">
				<ele>1087.4</ele>
				<extensions>
					<swisstopo:routepoint_id>1640342183</swisstopo:routepoint_id>
				</extensions>
			</trkpt>
			<trkpt lat="46.9829942755" lon="9.3152486900">
				<ele>1088.1</ele>
				<extensions>
					<swisstopo:routepoint_id>734793319</swisstopo:routepoint_id>
				</extensions>
			</trkpt>
			<trkpt lat="46.9829725793" lon="9.3151780099">
				<ele>1088.3</ele>
				<extensions>
					<swisstopo:routepoint_id>812936619</swisstopo:routepoint_id>
				</extensions>
			</trkpt>
			<trkpt lat="46.9829515645" lon="9.3151094464">
				<ele>1088.5</ele>
				<extensions>
					<swisstopo:routepoint_id>2141526677</swisstopo:routepoint_id>
				</extensions>
			</trkpt>
			<trkpt lat="46.9829065623" lon="9.3150222935">
				<ele>1088.9</ele>
				<extensions>
					<swisstopo:routepoint_id>191148306</swisstopo:routepoint_id>
				</extensions>
			</trkpt>
			<trkpt lat="46.9828554114" lon="9.3149182310">
				<ele>1090.0</ele>
				<extensions>
					<swisstopo:routepoint_id>803321285</swisstopo:routepoint_id>
				</extensions>
			</trkpt>
			<trkpt lat="46.9828031928" lon="9.3148360454">
				<ele>1091.3</ele>
				<extensions>
					<swisstopo:routepoint_id>2106771803</swisstopo:routepoint_id>
				</extensions>
			</trkpt>
			<trkpt lat="46.9827417428" lon="9.3147504076">
				<ele>1092.8</ele>
				<extensions>
					<swisstopo:routepoint_id>861955374</swisstopo:routepoint_id>
				</extensions>
			</trkpt>
			<trkpt lat="46.9826955259" lon="9.3146945319">
				<ele>1094.2</ele>
				<extensions>
					<swisstopo:routepoint_id>945444961</swisstopo:routepoint_id>
				</extensions>
			</trkpt>
			<trkpt lat="46.9826535644" lon="9.3146398416">
				<ele>1095.6</ele>
				<extensions>
					<swisstopo:routepoint_id>1815840754</swisstopo:routepoint_id>
				</extensions>
			</trkpt>
			<trkpt lat="46.9826182819" lon="9.3146135614">
				<ele>1096.6</ele>
				<extensions>
					<swisstopo:routepoint_id>1536708168</swisstopo:routepoint_id>
				</extensions>
			</trkpt>
			<trkpt lat="46.9825912006" lon="9.3145666909">
				<ele>1096.8</ele>
				<extensions>
					<swisstopo:routepoint_id>1286895015</swisstopo:routepoint_id>
				</extensions>
			</trkpt>
			<trkpt lat="46.9825761550" lon="9.3145254604">
				<ele>1097.2</ele>
				<extensions>
					<swisstopo:routepoint_id>1881025386</swisstopo:routepoint_id>
				</extensions>
			</trkpt>
			<trkpt lat="46.9825712120" lon="9.3144783367">
				<ele>1097.7</ele>
				<extensions>
					<swisstopo:routepoint_id>1274393731</swisstopo:routepoint_id>
				</extensions>
			</trkpt>
			<trkpt lat="46.9825604396" lon="9.3144382924">
				<ele>1098.3</ele>
				<extensions>
					<swisstopo:routepoint_id>1417463586</swisstopo:routepoint_id>
				</extensions>
			</trkpt>
			<trkpt lat="46.9825334262" lon="9.3143872580">
				<ele>1099.1</ele>
				<extensions>
					<swisstopo:routepoint_id>1087689550</swisstopo:routepoint_id>
				</extensions>
			</trkpt>
			<trkpt lat="46.9825063017" lon="9.3143424757">
				<ele>1099.8</ele>
				<extensions>
					<swisstopo:routepoint_id>567633132</swisstopo:routepoint_id>
				</extensions>
			</trkpt>
			<trkpt lat="46.9824889196" lon="9.3143136918">
				<ele>1100.2</ele>
				<extensions>
					<swisstopo:routepoint_id>907478818</swisstopo:routepoint_id>
				</extensions>
			</trkpt>
			<trkpt lat="46.9824691052" lon="9.3142587395">
				<ele>1100.9</ele>
				<extensions>
					<swisstopo:routepoint_id>281666058</swisstopo:routepoint_id>
				</extensions>
			</trkpt>
			<trkpt lat="46.9824579558" lon="9.3141978179">
				<ele>1101.5</ele>
				<extensions>
					<swisstopo:routepoint_id>1601653429</swisstopo:routepoint_id>
				</extensions>
			</trkpt>
			<trkpt lat="46.9824412557" lon="9.3141273135">
				<ele>1101.9</ele>
				<extensions>
					<swisstopo:routepoint_id>1337497054</swisstopo:routepoint_id>
				</extensions>
			</trkpt>
			<trkpt lat="46.9824004234" lon="9.3140476201">
				<ele>1103.1</ele>
				<extensions>
					<swisstopo:routepoint_id>138074602</swisstopo:routepoint_id>
				</extensions>
			</trkpt>
			<trkpt lat="46.9823567008" lon="9.3139641153">
				<ele>1104.5</ele>
				<extensions>
					<swisstopo:routepoint_id>186812588</swisstopo:routepoint_id>
				</extensions>
			</trkpt>
			<trkpt lat="46.9823351057" lon="9.3139217350">
				<ele>1105.2</ele>
				<extensions>
					<swisstopo:routepoint_id>554929987</swisstopo:routepoint_id>
				</extensions>
			</trkpt>
			<trkpt lat="46.9822985672" lon="9.3138842637">
				<ele>1106.0</ele>
				<extensions>
					<swisstopo:routepoint_id>393191058</swisstopo:routepoint_id>
				</extensions>
			</trkpt>
			<trkpt lat="46.9822485598" lon="9.3138372891">
				<ele>1107.0</ele>
				<extensions>
					<swisstopo:routepoint_id>1193041471</swisstopo:routepoint_id>
				</extensions>
			</trkpt>
			<trkpt lat="46.9822120192" lon="9.3137998147">
				<ele>1108.0</ele>
				<extensions>
					<swisstopo:routepoint_id>1214810500</swisstopo:routepoint_id>
				</extensions>
			</trkpt>
			<trkpt lat="46.9821793641" lon="9.3137516203">
				<ele>1108.9</ele>
				<extensions>
					<swisstopo:routepoint_id>2083924889</swisstopo:routepoint_id>
				</extensions>
			</trkpt>
			<trkpt lat="46.9821478966" lon="9.3137070946">
				<ele>1109.8</ele>
				<extensions>
					<swisstopo:routepoint_id>1377902070</swisstopo:routepoint_id>
				</extensions>
			</trkpt>
			<trkpt lat="46.9821323403" lon="9.3136739839">
				<ele>1110.1</ele>
				<extensions>
					<swisstopo:routepoint_id>1501033397</swisstopo:routepoint_id>
				</extensions>
			</trkpt>
			<trkpt lat="46.9821095933" lon="9.3136261326">
				<ele>1110.1</ele>
				<extensions>
					<swisstopo:routepoint_id>1715188554</swisstopo:routepoint_id>
				</extensions>
			</trkpt>
			<trkpt lat="46.9821031119" lon="9.3135680068">
				<ele>1110.4</ele>
				<extensions>
					<swisstopo:routepoint_id>1600844310</swisstopo:routepoint_id>
				</extensions>
			</trkpt>
			<trkpt lat="46.9820879904" lon="9.3135077623">
				<ele>1110.7</ele>
				<extensions>
					<swisstopo:routepoint_id>1212662620</swisstopo:routepoint_id>
				</extensions>
			</trkpt>
			<trkpt lat="46.9820688988" lon="9.3134636659">
				<ele>1110.9</ele>
				<extensions>
					<swisstopo:routepoint_id>345187481</swisstopo:routepoint_id>
				</extensions>
			</trkpt>
			<trkpt lat="46.9820484849" lon="9.3134249450">
				<ele>1111.2</ele>
				<extensions>
					<swisstopo:routepoint_id>2117733037</swisstopo:routepoint_id>
				</extensions>
			</trkpt>
			<trkpt lat="46.9820109423" lon="9.3133729626">
				<ele>1111.4</ele>
				<extensions>
					<swisstopo:routepoint_id>1693248262</swisstopo:routepoint_id>
				</extensions>
			</trkpt>
			<trkpt lat="46.9819818900" lon="9.3133321360">
				<ele>1111.7</ele>
				<extensions>
					<swisstopo:routepoint_id>702342082</swisstopo:routepoint_id>
				</extensions>
			</trkpt>
			<trkpt lat="46.9819149166" lon="9.3132694642">
				<ele>1113.7</ele>
				<extensions>
					<swisstopo:routepoint_id>688611395</swisstopo:routepoint_id>
				</extensions>
			</trkpt>
			<trkpt lat="46.9818755346" lon="9.3132319070">
				<ele>1114.9</ele>
				<extensions>
					<swisstopo:routepoint_id>1282244720</swisstopo:routepoint_id>
				</extensions>
			</trkpt>
			<trkpt lat="46.9818424090" lon="9.3132196117">
				<ele>1116.1</ele>
				<extensions>
					<swisstopo:routepoint_id>690434723</swisstopo:routepoint_id>
				</extensions>
			</trkpt>
			<trkpt lat="46.9818228032" lon="9.3131952768">
				<ele>1117.2</ele>
				<extensions>
					<swisstopo:routepoint_id>748791849</swisstopo:routepoint_id>
				</extensions>
			</trkpt>
			<trkpt lat="46.9817969997" lon="9.3131428897">
				<ele>1118.6</ele>
				<extensions>
					<swisstopo:routepoint_id>798626857</swisstopo:routepoint_id>
				</extensions>
			</trkpt>
			<trkpt lat="46.9817563483" lon="9.3130663307">
				<ele>1119.8</ele>
				<extensions>
					<swisstopo:routepoint_id>461564203</swisstopo:routepoint_id>
				</extensions>
			</trkpt>
			<trkpt lat="46.9817452229" lon="9.3130478515">
				<ele>1119.4</ele>
				<extensions>
					<swisstopo:routepoint_id>1903975450</swisstopo:routepoint_id>
				</extensions>
			</trkpt>
			<trkpt lat="46.9817333947" lon="9.3130140433">
				<ele>1118.8</ele>
				<extensions>
					<swisstopo:routepoint_id>534205130</swisstopo:routepoint_id>
				</extensions>
			</trkpt>
			<trkpt lat="46.9817150707" lon="9.3129702791">
				<ele>1119.9</ele>
				<extensions>
					<swisstopo:routepoint_id>512913284</swisstopo:routepoint_id>
				</extensions>
			</trkpt>
			<trkpt lat="46.9816892336" lon="9.3129192841">
				<ele>1120.2</ele>
				<extensions>
					<swisstopo:routepoint_id>1325293824</swisstopo:routepoint_id>
				</extensions>
			</trkpt>
			<trkpt lat="46.9816621342" lon="9.3128877191">
				<ele>1121.6</ele>
				<extensions>
					<swisstopo:routepoint_id>965021824</swisstopo:routepoint_id>
				</extensions>
			</trkpt>
			<trkpt lat="46.9816437900" lon="9.3128453346">
				<ele>1121.9</ele>
				<extensions>
					<swisstopo:routepoint_id>2012868145</swisstopo:routepoint_id>
				</extensions>
			</trkpt>
			<trkpt lat="46.9816283959" lon="9.3127960976">
				<ele>1122.0</ele>
				<extensions>
					<swisstopo:routepoint_id>708366438</swisstopo:routepoint_id>
				</extensions>
			</trkpt>
			<trkpt lat="46.9816054736" lon="9.3127424184">
				<ele>1122.5</ele>
				<extensions>
					<swisstopo:routepoint_id>1719613452</swisstopo:routepoint_id>
				</extensions>
			</trkpt>
			<trkpt lat="46.9815825196" lon="9.3126901440">
				<ele>1122.8</ele>
				<extensions>
					<swisstopo:routepoint_id>885059282</swisstopo:routepoint_id>
				</extensions>
			</trkpt>
			<trkpt lat="46.9815588175" lon="9.3126253028">
				<ele>1123.7</ele>
				<extensions>
					<swisstopo:routepoint_id>2024746292</swisstopo:routepoint_id>
				</extensions>
			</trkpt>
			<trkpt lat="46.9815404187" lon="9.3125857059">
				<ele>1124.7</ele>
				<extensions>
					<swisstopo:routepoint_id>1752018387</swisstopo:routepoint_id>
				</extensions>
			</trkpt>
			<trkpt lat="46.9815250116" lon="9.3125378616">
				<ele>1125.9</ele>
				<extensions>
					<swisstopo:routepoint_id>1025100603</swisstopo:routepoint_id>
				</extensions>
			</trkpt>
			<trkpt lat="46.9815177904" lon="9.3125139450">
				<ele>1126.5</ele>
				<extensions>
					<swisstopo:routepoint_id>1460380538</swisstopo:routepoint_id>
				</extensions>
			</trkpt>
			<trkpt lat="46.9814916357" lon="9.3124824246">
				<ele>1127.8</ele>
				<extensions>
					<swisstopo:routepoint_id>1949777673</swisstopo:routepoint_id>
				</extensions>
			</trkpt>
			<trkpt lat="46.9814666933" lon="9.3124356421">
				<ele>1129.0</ele>
				<extensions>
					<swisstopo:routepoint_id>1642640094</swisstopo:routepoint_id>
				</extensions>
			</trkpt>
			<trkpt lat="46.9814416285" lon="9.3123957981">
				<ele>1129.9</ele>
				<extensions>
					<swisstopo:routepoint_id>1234769865</swisstopo:routepoint_id>
				</extensions>
			</trkpt>
			<trkpt lat="46.9814020421" lon="9.3123707643">
				<ele>1131.2</ele>
				<extensions>
					<swisstopo:routepoint_id>826510323</swisstopo:routepoint_id>
				</extensions>
			</trkpt>
			<trkpt lat="46.9813729234" lon="9.3123460946">
				<ele>1132.3</ele>
				<extensions>
					<swisstopo:routepoint_id>551645946</swisstopo:routepoint_id>
				</extensions>
			</trkpt>
			<trkpt lat="46.9813466641" lon="9.3123215262">
				<ele>1133.8</ele>
				<extensions>
					<swisstopo:routepoint_id>129978135</swisstopo:routepoint_id>
				</extensions>
			</trkpt>
			<trkpt lat="46.9813208366" lon="9.3122705322">
				<ele>1134.8</ele>
				<extensions>
					<swisstopo:routepoint_id>920357868</swisstopo:routepoint_id>
				</extensions>
			</trkpt>
			<trkpt lat="46.9812882775" lon="9.3122234728">
				<ele>1135.3</ele>
				<extensions>
					<swisstopo:routepoint_id>469237836</swisstopo:routepoint_id>
				</extensions>
			</trkpt>
			<trkpt lat="46.9812736344" lon="9.3121867935">
				<ele>1135.9</ele>
				<extensions>
					<swisstopo:routepoint_id>1221283866</swisstopo:routepoint_id>
				</extensions>
			</trkpt>
			<trkpt lat="46.9812762000" lon="9.3121465198">
				<ele>1136.6</ele>
				<extensions>
					<swisstopo:routepoint_id>1745326377</swisstopo:routepoint_id>
				</extensions>
			</trkpt>
			<trkpt lat="46.9812682659" lon="9.3121072870">
				<ele>1137.2</ele>
				<extensions>
					<swisstopo:routepoint_id>737482802</swisstopo:routepoint_id>
				</extensions>
			</trkpt>
			<trkpt lat="46.9812578218" lon="9.3120470885">
				<ele>1138.5</ele>
				<extensions>
					<swisstopo:routepoint_id>698579793</swisstopo:routepoint_id>
				</extensions>
			</trkpt>
			<trkpt lat="46.9812429833" lon="9.3120229191">
				<ele>1138.7</ele>
				<extensions>
					<swisstopo:routepoint_id>658967796</swisstopo:routepoint_id>
				</extensions>
			</trkpt>
			<trkpt lat="46.9812388621" lon="9.3119838195">
				<ele>1139.1</ele>
				<extensions>
					<swisstopo:routepoint_id>363553873</swisstopo:routepoint_id>
				</extensions>
			</trkpt>
			<trkpt lat="46.9812322219" lon="9.3119237537">
				<ele>1140.0</ele>
				<extensions>
					<swisstopo:routepoint_id>1093376636</swisstopo:routepoint_id>
				</extensions>
			</trkpt>
			<trkpt lat="46.9812175652" lon="9.3118884543">
				<ele>1141.0</ele>
				<extensions>
					<swisstopo:routepoint_id>61523949</swisstopo:routepoint_id>
				</extensions>
			</trkpt>
			<trkpt lat="46.9812067579" lon="9.3118505032">
				<ele>1141.6</ele>
				<extensions>
					<swisstopo:routepoint_id>1431446470</swisstopo:routepoint_id>
				</extensions>
			</trkpt>
			<trkpt lat="46.9811893321" lon="9.3118095445">
				<ele>1142.6</ele>
				<extensions>
					<swisstopo:routepoint_id>1151321420</swisstopo:routepoint_id>
				</extensions>
			</trkpt>
			<trkpt lat="46.9811633921" lon="9.3117731420">
				<ele>1143.7</ele>
				<extensions>
					<swisstopo:routepoint_id>1264256234</swisstopo:routepoint_id>
				</extensions>
			</trkpt>
			<trkpt lat="46.9811363568" lon="9.3117255776">
				<ele>1145.3</ele>
				<extensions>
					<swisstopo:routepoint_id>945085578</swisstopo:routepoint_id>
				</extensions>
			</trkpt>
			<trkpt lat="46.9811002700" lon="9.3116812876">
				<ele>1146.5</ele>
				<extensions>
					<swisstopo:routepoint_id>92691779</swisstopo:routepoint_id>
				</extensions>
			</trkpt>
			<trkpt lat="46.9810558057" lon="9.3115984589">
				<ele>1147.6</ele>
				<extensions>
					<swisstopo:routepoint_id>1197878972</swisstopo:routepoint_id>
				</extensions>
			</trkpt>
			<trkpt lat="46.9810209525" lon="9.3115607327">
				<ele>1149.2</ele>
				<extensions>
					<swisstopo:routepoint_id>1677605205</swisstopo:routepoint_id>
				</extensions>
			</trkpt>
			<trkpt lat="46.9809941412" lon="9.3115258889">
				<ele>1150.1</ele>
				<extensions>
					<swisstopo:routepoint_id>1632018727</swisstopo:routepoint_id>
				</extensions>
			</trkpt>
			<trkpt lat="46.9809779976" lon="9.3114940092">
				<ele>1150.9</ele>
				<extensions>
					<swisstopo:routepoint_id>513106376</swisstopo:routepoint_id>
				</extensions>
			</trkpt>
			<trkpt lat="46.9809607382" lon="9.3114577509">
				<ele>1151.7</ele>
				<extensions>
					<swisstopo:routepoint_id>1192409740</swisstopo:routepoint_id>
				</extensions>
			</trkpt>
			<trkpt lat="46.9809489000" lon="9.3114173439">
				<ele>1152.2</ele>
				<extensions>
					<swisstopo:routepoint_id>994146200</swisstopo:routepoint_id>
				</extensions>
			</trkpt>
			<trkpt lat="46.9809323951" lon="9.3113706738">
				<ele>1153.0</ele>
				<extensions>
					<swisstopo:routepoint_id>715844442</swisstopo:routepoint_id>
				</extensions>
			</trkpt>
			<trkpt lat="46.9809323951" lon="9.3113706738">
				<ele>1153.0</ele>
				<extensions>
					<swisstopo:routepoint_id>1158561913</swisstopo:routepoint_id>
				</extensions>
			</trkpt>
			<trkpt lat="46.9809123007" lon="9.3113256279">
				<ele>1153.7</ele>
				<extensions>
					<swisstopo:routepoint_id>2087519783</swisstopo:routepoint_id>
				</extensions>
			</trkpt>
			<trkpt lat="46.9808939109" lon="9.3112858461">
				<ele>1154.1</ele>
				<extensions>
					<swisstopo:routepoint_id>254265038</swisstopo:routepoint_id>
				</extensions>
			</trkpt>
			<trkpt lat="46.9808805929" lon="9.3112627685">
				<ele>1154.1</ele>
				<extensions>
					<swisstopo:routepoint_id>831051818</swisstopo:routepoint_id>
				</extensions>
			</trkpt>
			<trkpt lat="46.9808551195" lon="9.3112192683">
				<ele>1154.3</ele>
				<extensions>
					<swisstopo:routepoint_id>723373355</swisstopo:routepoint_id>
				</extensions>
			</trkpt>
			<trkpt lat="46.9808307198" lon="9.3111827626">
				<ele>1154.0</ele>
				<extensions>
					<swisstopo:routepoint_id>349119337</swisstopo:routepoint_id>
				</extensions>
			</trkpt>
			<trkpt lat="46.9808019085" lon="9.3111243553">
				<ele>1153.5</ele>
				<extensions>
					<swisstopo:routepoint_id>610904292</swisstopo:routepoint_id>
				</extensions>
			</trkpt>
			<trkpt lat="46.9807854409" lon="9.3110759518">
				<ele>1153.3</ele>
				<extensions>
					<swisstopo:routepoint_id>881287893</swisstopo:routepoint_id>
				</extensions>
			</trkpt>
			<trkpt lat="46.9807839298" lon="9.3110593865">
				<ele>1153.3</ele>
				<extensions>
					<swisstopo:routepoint_id>1874357048</swisstopo:routepoint_id>
				</extensions>
			</trkpt>
			<trkpt lat="46.9807811258" lon="9.3110123265">
				<ele>1152.9</ele>
				<extensions>
					<swisstopo:routepoint_id>1012969431</swisstopo:routepoint_id>
				</extensions>
			</trkpt>
			<trkpt lat="46.9807682791" lon="9.3109758293">
				<ele>1153.1</ele>
				<extensions>
					<swisstopo:routepoint_id>286527715</swisstopo:routepoint_id>
				</extensions>
			</trkpt>
			<trkpt lat="46.9807425462" lon="9.3108908932">
				<ele>1152.9</ele>
				<extensions>
					<swisstopo:routepoint_id>506509889</swisstopo:routepoint_id>
				</extensions>
			</trkpt>
			<trkpt lat="46.9807150789" lon="9.3108118943">
				<ele>1151.9</ele>
				<extensions>
					<swisstopo:routepoint_id>1746306034</swisstopo:routepoint_id>
				</extensions>
			</trkpt>
			<trkpt lat="46.9806970560" lon="9.3107584392">
				<ele>1152.6</ele>
				<extensions>
					<swisstopo:routepoint_id>380612400</swisstopo:routepoint_id>
				</extensions>
			</trkpt>
			<trkpt lat="46.9806704849" lon="9.3106746714">
				<ele>1154.8</ele>
				<extensions>
					<swisstopo:routepoint_id>1352373864</swisstopo:routepoint_id>
				</extensions>
			</trkpt>
			<trkpt lat="46.9806524337" lon="9.3106224127">
				<ele>1155.5</ele>
				<extensions>
					<swisstopo:routepoint_id>426459529</swisstopo:routepoint_id>
				</extensions>
			</trkpt>
			<trkpt lat="46.9806322598" lon="9.3105496755">
				<ele>1156.0</ele>
				<extensions>
					<swisstopo:routepoint_id>128054089</swisstopo:routepoint_id>
				</extensions>
			</trkpt>
			<trkpt lat="46.9806169361" lon="9.3104819061">
				<ele>1155.2</ele>
				<extensions>
					<swisstopo:routepoint_id>2059583326</swisstopo:routepoint_id>
				</extensions>
			</trkpt>
			<trkpt lat="46.9806135707" lon="9.3104361555">
				<ele>1154.8</ele>
				<extensions>
					<swisstopo:routepoint_id>944238487</swisstopo:routepoint_id>
				</extensions>
			</trkpt>
			<trkpt lat="46.9805943916" lon="9.3103526459">
				<ele>1154.5</ele>
				<extensions>
					<swisstopo:routepoint_id>672270822</swisstopo:routepoint_id>
				</extensions>
			</trkpt>
			<trkpt lat="46.9805857105" lon="9.3102803096">
				<ele>1153.7</ele>
				<extensions>
					<swisstopo:routepoint_id>1749637999</swisstopo:routepoint_id>
				</extensions>
			</trkpt>
			<trkpt lat="46.9805848963" lon="9.3102298495">
				<ele>1153.5</ele>
				<extensions>
					<swisstopo:routepoint_id>1105086465</swisstopo:routepoint_id>
				</extensions>
			</trkpt>
			<trkpt lat="46.9805611373" lon="9.3101749990">
				<ele>1153.7</ele>
				<extensions>
					<swisstopo:routepoint_id>2041114349</swisstopo:routepoint_id>
				</extensions>
			</trkpt>
			<trkpt lat="46.9805265605" lon="9.3101401501">
				<ele>1153.6</ele>
				<extensions>
					<swisstopo:routepoint_id>813908756</swisstopo:routepoint_id>
				</extensions>
			</trkpt>
			<trkpt lat="46.9805078484" lon="9.3101035531">
				<ele>1154.3</ele>
				<extensions>
					<swisstopo:routepoint_id>1000512338</swisstopo:routepoint_id>
				</extensions>
			</trkpt>
			<trkpt lat="46.9805005334" lon="9.3100406772">
				<ele>1153.0</ele>
				<extensions>
					<swisstopo:routepoint_id>318470266</swisstopo:routepoint_id>
				</extensions>
			</trkpt>
			<trkpt lat="46.9804802811" lon="9.3099721842">
				<ele>1152.0</ele>
				<extensions>
					<swisstopo:routepoint_id>585603381</swisstopo:routepoint_id>
				</extensions>
			</trkpt>
			<trkpt lat="46.9804617826" lon="9.3099384868">
				<ele>1151.4</ele>
				<extensions>
					<swisstopo:routepoint_id>2014378848</swisstopo:routepoint_id>
				</extensions>
			</trkpt>
			<trkpt lat="46.9804432927" lon="9.3099048041">
				<ele>1151.1</ele>
				<extensions>
					<swisstopo:routepoint_id>386633689</swisstopo:routepoint_id>
				</extensions>
			</trkpt>
			<trkpt lat="46.9804248507" lon="9.3098676388">
				<ele>1150.3</ele>
				<extensions>
					<swisstopo:routepoint_id>1480147391</swisstopo:routepoint_id>
				</extensions>
			</trkpt>
			<trkpt lat="46.9804058722" lon="9.3098269693">
				<ele>1149.9</ele>
				<extensions>
					<swisstopo:routepoint_id>1234121331</swisstopo:routepoint_id>
				</extensions>
			</trkpt>
			<trkpt lat="46.9803952912" lon="9.3097822560">
				<ele>1149.7</ele>
				<extensions>
					<swisstopo:routepoint_id>1941586728</swisstopo:routepoint_id>
				</extensions>
			</trkpt>
			<trkpt lat="46.9803936969" lon="9.3097343703">
				<ele>1149.5</ele>
				<extensions>
					<swisstopo:routepoint_id>1530838084</swisstopo:routepoint_id>
				</extensions>
			</trkpt>
			<trkpt lat="46.9804015939" lon="9.3096876839">
				<ele>1149.2</ele>
				<extensions>
					<swisstopo:routepoint_id>1118234083</swisstopo:routepoint_id>
				</extensions>
			</trkpt>
			<trkpt lat="46.9804012153" lon="9.3096380929">
				<ele>1148.7</ele>
				<extensions>
					<swisstopo:routepoint_id>1171618718</swisstopo:routepoint_id>
				</extensions>
			</trkpt>
			<trkpt lat="46.9803965167" lon="9.3095979356">
				<ele>1148.5</ele>
				<extensions>
					<swisstopo:routepoint_id>678417463</swisstopo:routepoint_id>
				</extensions>
			</trkpt>
			<trkpt lat="46.9803892085" lon="9.3095715839">
				<ele>1148.5</ele>
				<extensions>
					<swisstopo:routepoint_id>420925183</swisstopo:routepoint_id>
				</extensions>
			</trkpt>
			<trkpt lat="46.9803782733" lon="9.3095485901">
				<ele>1148.7</ele>
				<extensions>
					<swisstopo:routepoint_id>1008921985</swisstopo:routepoint_id>
				</extensions>
			</trkpt>
			<trkpt lat="46.9803720475" lon="9.3095292446">
				<ele>1148.8</ele>
				<extensions>
					<swisstopo:routepoint_id>1097376003</swisstopo:routepoint_id>
				</extensions>
			</trkpt>
			<trkpt lat="46.9803700471" lon="9.3095056938">
				<ele>1148.8</ele>
				<extensions>
					<swisstopo:routepoint_id>1790295160</swisstopo:routepoint_id>
				</extensions>
			</trkpt>
			<trkpt lat="46.9803628238" lon="9.3094741390">
				<ele>1148.6</ele>
				<extensions>
					<swisstopo:routepoint_id>793066806</swisstopo:routepoint_id>
				</extensions>
			</trkpt>
			<trkpt lat="46.9803490769" lon="9.3094414886">
				<ele>1148.8</ele>
				<extensions>
					<swisstopo:routepoint_id>2104599049</swisstopo:routepoint_id>
				</extensions>
			</trkpt>
			<trkpt lat="46.9803328954" lon="9.3094113562">
				<ele>1149.2</ele>
				<extensions>
					<swisstopo:routepoint_id>1433867948</swisstopo:routepoint_id>
				</extensions>
			</trkpt>
			<trkpt lat="46.9803213048" lon="9.3093926904">
				<ele>1149.4</ele>
				<extensions>
					<swisstopo:routepoint_id>47233613</swisstopo:routepoint_id>
				</extensions>
			</trkpt>
			<trkpt lat="46.9802983730" lon="9.3093753656">
				<ele>1149.6</ele>
				<extensions>
					<swisstopo:routepoint_id>1375608745</swisstopo:routepoint_id>
				</extensions>
			</trkpt>
			<trkpt lat="46.9802794629" lon="9.3093668842">
				<ele>1149.6</ele>
				<extensions>
					<swisstopo:routepoint_id>1271935969</swisstopo:routepoint_id>
				</extensions>
			</trkpt>
			<trkpt lat="46.9802630496" lon="9.3093515217">
				<ele>1149.3</ele>
				<extensions>
					<swisstopo:routepoint_id>2120343641</swisstopo:routepoint_id>
				</extensions>
			</trkpt>
			<trkpt lat="46.9802510974" lon="9.3093180527">
				<ele>1149.0</ele>
				<extensions>
					<swisstopo:routepoint_id>1066776571</swisstopo:routepoint_id>
				</extensions>
			</trkpt>
			<trkpt lat="46.9802504633" lon="9.3092841246">
				<ele>1148.7</ele>
				<extensions>
					<swisstopo:routepoint_id>473207516</swisstopo:routepoint_id>
				</extensions>
			</trkpt>
			<trkpt lat="46.9802461316" lon="9.3092578768">
				<ele>1148.6</ele>
				<extensions>
					<swisstopo:routepoint_id>1127243050</swisstopo:routepoint_id>
				</extensions>
			</trkpt>
			<trkpt lat="46.9802347019" lon="9.3092287913">
				<ele>1148.4</ele>
				<extensions>
					<swisstopo:routepoint_id>1242022270</swisstopo:routepoint_id>
				</extensions>
			</trkpt>
			<trkpt lat="46.9802159478" lon="9.3092107441">
				<ele>1148.5</ele>
				<extensions>
					<swisstopo:routepoint_id>1771137791</swisstopo:routepoint_id>
				</extensions>
			</trkpt>
			<trkpt lat="46.9802061663" lon="9.3091903920">
				<ele>1148.8</ele>
				<extensions>
					<swisstopo:routepoint_id>1893192649</swisstopo:routepoint_id>
				</extensions>
			</trkpt>
			<trkpt lat="46.9802001295" lon="9.3091588787">
				<ele>1148.8</ele>
				<extensions>
					<swisstopo:routepoint_id>1750732828</swisstopo:routepoint_id>
				</extensions>
			</trkpt>
			<trkpt lat="46.9801957875" lon="9.3091409927">
				<ele>1148.5</ele>
				<extensions>
					<swisstopo:routepoint_id>1445729798</swisstopo:routepoint_id>
				</extensions>
			</trkpt>
			<trkpt lat="46.9801953003" lon="9.3090974982">
				<ele>1148.6</ele>
				<extensions>
					<swisstopo:routepoint_id>1746617463</swisstopo:routepoint_id>
				</extensions>
			</trkpt>
			<trkpt lat="46.9801963775" lon="9.3090314450">
				<ele>1148.9</ele>
				<extensions>
					<swisstopo:routepoint_id>214379526</swisstopo:routepoint_id>
				</extensions>
			</trkpt>
			<trkpt lat="46.9801736600" lon="9.3089645632">
				<ele>1149.2</ele>
				<extensions>
					<swisstopo:routepoint_id>2104053525</swisstopo:routepoint_id>
				</extensions>
			</trkpt>
			<trkpt lat="46.9801654323" lon="9.3089013279">
				<ele>1149.1</ele>
				<extensions>
					<swisstopo:routepoint_id>670934325</swisstopo:routepoint_id>
				</extensions>
			</trkpt>
			<trkpt lat="46.9801510932" lon="9.3088889828">
				<ele>1149.1</ele>
				<extensions>
					<swisstopo:routepoint_id>250730877</swisstopo:routepoint_id>
				</extensions>
			</trkpt>
			<trkpt lat="46.9800972706" lon="9.3088314560">
				<ele>1148.7</ele>
				<extensions>
					<swisstopo:routepoint_id>930459133</swisstopo:routepoint_id>
				</extensions>
			</trkpt>
			<trkpt lat="46.9800492597" lon="9.3087828212">
				<ele>1148.6</ele>
				<extensions>
					<swisstopo:routepoint_id>725168094</swisstopo:routepoint_id>
				</extensions>
			</trkpt>
			<trkpt lat="46.9800100575" lon="9.3087049265">
				<ele>1148.8</ele>
				<extensions>
					<swisstopo:routepoint_id>1728941893</swisstopo:routepoint_id>
				</extensions>
			</trkpt>
			<trkpt lat="46.9799717740" lon="9.3085905540">
				<ele>1149.0</ele>
				<extensions>
					<swisstopo:routepoint_id>1869424329</swisstopo:routepoint_id>
				</extensions>
			</trkpt>
			<trkpt lat="46.9799650124" lon="9.3085792224">
				<ele>1149.1</ele>
				<extensions>
					<swisstopo:routepoint_id>1700899878</swisstopo:routepoint_id>
				</extensions>
			</trkpt>
			<trkpt lat="46.9799088612" lon="9.3085188274">
				<ele>1149.1</ele>
				<extensions>
					<swisstopo:routepoint_id>1826618649</swisstopo:routepoint_id>
				</extensions>
			</trkpt>
			<trkpt lat="46.9798278072" lon="9.3084543702">
				<ele>1149.2</ele>
				<extensions>
					<swisstopo:routepoint_id>564227222</swisstopo:routepoint_id>
				</extensions>
			</trkpt>
			<trkpt lat="46.9796582575" lon="9.3083845158">
				<ele>1148.4</ele>
				<extensions>
					<swisstopo:routepoint_id>187093490</swisstopo:routepoint_id>
				</extensions>
			</trkpt>
			<trkpt lat="46.9795674911" lon="9.3083302126">
				<ele>1147.0</ele>
				<extensions>
					<swisstopo:routepoint_id>1528178230</swisstopo:routepoint_id>
				</extensions>
			</trkpt>
			<trkpt lat="46.9794819227" lon="9.3082639290">
				<ele>1146.2</ele>
				<extensions>
					<swisstopo:routepoint_id>867031875</swisstopo:routepoint_id>
				</extensions>
			</trkpt>
			<trkpt lat="46.9794179117" lon="9.3082032610">
				<ele>1146.3</ele>
				<extensions>
					<swisstopo:routepoint_id>685682411</swisstopo:routepoint_id>
				</extensions>
			</trkpt>
			<trkpt lat="46.9793546143" lon="9.3080987995">
				<ele>1146.1</ele>
				<extensions>
					<swisstopo:routepoint_id>1247618017</swisstopo:routepoint_id>
				</extensions>
			</trkpt>
			<trkpt lat="46.9792934744" lon="9.3079651746">
				<ele>1145.4</ele>
				<extensions>
					<swisstopo:routepoint_id>1743922439</swisstopo:routepoint_id>
				</extensions>
			</trkpt>
			<trkpt lat="46.9792505338" lon="9.3078394941">
				<ele>1145.6</ele>
				<extensions>
					<swisstopo:routepoint_id>51085256</swisstopo:routepoint_id>
				</extensions>
			</trkpt>
			<trkpt lat="46.9792272703" lon="9.3076945686">
				<ele>1146.2</ele>
				<extensions>
					<swisstopo:routepoint_id>563738260</swisstopo:routepoint_id>
				</extensions>
			</trkpt>
			<trkpt lat="46.9791681386" lon="9.3075061524">
				<ele>1145.9</ele>
				<extensions>
					<swisstopo:routepoint_id>346937695</swisstopo:routepoint_id>
				</extensions>
			</trkpt>
			<trkpt lat="46.9790770129" lon="9.3072795100">
				<ele>1146.3</ele>
				<extensions>
					<swisstopo:routepoint_id>989368288</swisstopo:routepoint_id>
				</extensions>
			</trkpt>
			<trkpt lat="46.9790344878" lon="9.3071636128">
				<ele>1145.9</ele>
				<extensions>
					<swisstopo:routepoint_id>1606550917</swisstopo:routepoint_id>
				</extensions>
			</trkpt>
			<trkpt lat="46.9789557588" lon="9.3070254209">
				<ele>1146.5</ele>
				<extensions>
					<swisstopo:routepoint_id>768523425</swisstopo:routepoint_id>
				</extensions>
			</trkpt>
			<trkpt lat="46.9788967759" lon="9.3069482333">
				<ele>1147.3</ele>
				<extensions>
					<swisstopo:routepoint_id>2020778390</swisstopo:routepoint_id>
				</extensions>
			</trkpt>
			<trkpt lat="46.9788384894" lon="9.3068885035">
				<ele>1147.9</ele>
				<extensions>
					<swisstopo:routepoint_id>729832801</swisstopo:routepoint_id>
				</extensions>
			</trkpt>
			<trkpt lat="46.9787905989" lon="9.3068572955">
				<ele>1148.2</ele>
				<extensions>
					<swisstopo:routepoint_id>934959700</swisstopo:routepoint_id>
				</extensions>
			</trkpt>
			<trkpt lat="46.9787555709" lon="9.3068252074">
				<ele>1148.5</ele>
				<extensions>
					<swisstopo:routepoint_id>183921219</swisstopo:routepoint_id>
				</extensions>
			</trkpt>
			<trkpt lat="46.9787003303" lon="9.3067602333">
				<ele>1148.8</ele>
				<extensions>
					<swisstopo:routepoint_id>1933857852</swisstopo:routepoint_id>
				</extensions>
			</trkpt>
			<trkpt lat="46.9786346588" lon="9.3066694174">
				<ele>1148.8</ele>
				<extensions>
					<swisstopo:routepoint_id>443360185</swisstopo:routepoint_id>
				</extensions>
			</trkpt>
			<trkpt lat="46.9785248491" lon="9.3064992769">
				<ele>1149.4</ele>
				<extensions>
					<swisstopo:routepoint_id>1356594112</swisstopo:routepoint_id>
				</extensions>
			</trkpt>
			<trkpt lat="46.9784342988" lon="9.3063593085">
				<ele>1150.0</ele>
				<extensions>
					<swisstopo:routepoint_id>1396385904</swisstopo:routepoint_id>
				</extensions>
			</trkpt>
			<trkpt lat="46.9783602990" lon="9.3062936553">
				<ele>1151.1</ele>
				<extensions>
					<swisstopo:routepoint_id>1145313995</swisstopo:routepoint_id>
				</extensions>
			</trkpt>
			<trkpt lat="46.9782604074" lon="9.3062393803">
				<ele>1150.8</ele>
				<extensions>
					<swisstopo:routepoint_id>839026771</swisstopo:routepoint_id>
				</extensions>
			</trkpt>
			<trkpt lat="46.9782230854" lon="9.3062111576">
				<ele>1150.8</ele>
				<extensions>
					<swisstopo:routepoint_id>1041784566</swisstopo:routepoint_id>
				</extensions>
			</trkpt>
			<trkpt lat="46.9781683203" lon="9.3061987212">
				<ele>1151.3</ele>
				<extensions>
					<swisstopo:routepoint_id>1808946735</swisstopo:routepoint_id>
				</extensions>
			</trkpt>
			<trkpt lat="46.9781277862" lon="9.3062025302">
				<ele>1151.4</ele>
				<extensions>
					<swisstopo:routepoint_id>1168082166</swisstopo:routepoint_id>
				</extensions>
			</trkpt>
			<trkpt lat="46.9780745526" lon="9.3061921851">
				<ele>1151.8</ele>
				<extensions>
					<swisstopo:routepoint_id>128992627</swisstopo:routepoint_id>
				</extensions>
			</trkpt>
			<trkpt lat="46.9780225096" lon="9.3061783445">
				<ele>1152.1</ele>
				<extensions>
					<swisstopo:routepoint_id>558887515</swisstopo:routepoint_id>
				</extensions>
			</trkpt>
			<trkpt lat="46.9780084032" lon="9.3061964564">
				<ele>1152.1</ele>
				<extensions>
					<swisstopo:routepoint_id>1062978244</swisstopo:routepoint_id>
				</extensions>
			</trkpt>
			<trkpt lat="46.9780117311" lon="9.3062274662">
				<ele>1152.9</ele>
				<extensions>
					<swisstopo:routepoint_id>586030998</swisstopo:routepoint_id>
				</extensions>
			</trkpt>
			<trkpt lat="46.9780258556" lon="9.3063298169">
				<ele>1154.0</ele>
				<extensions>
					<swisstopo:routepoint_id>373899160</swisstopo:routepoint_id>
				</extensions>
			</trkpt>
			<trkpt lat="46.9780210351" lon="9.3063832478">
				<ele>1154.9</ele>
				<extensions>
					<swisstopo:routepoint_id>464477715</swisstopo:routepoint_id>
				</extensions>
			</trkpt>
			<trkpt lat="46.9780020148" lon="9.3063986508">
				<ele>1155.8</ele>
				<extensions>
					<swisstopo:routepoint_id>2139206027</swisstopo:routepoint_id>
				</extensions>
			</trkpt>
			<trkpt lat="46.9779744654" lon="9.3063770125">
				<ele>1156.9</ele>
				<extensions>
					<swisstopo:routepoint_id>915110942</swisstopo:routepoint_id>
				</extensions>
			</trkpt>
			<trkpt lat="46.9778980030" lon="9.3063233430">
				<ele>1159.5</ele>
				<extensions>
					<swisstopo:routepoint_id>1364416344</swisstopo:routepoint_id>
				</extensions>
			</trkpt>
			<trkpt lat="46.9778420970" lon="9.3062975365">
				<ele>1161.4</ele>
				<extensions>
					<swisstopo:routepoint_id>168613991</swisstopo:routepoint_id>
				</extensions>
			</trkpt>
			<trkpt lat="46.9777715244" lon="9.3062966187">
				<ele>1164.1</ele>
				<extensions>
					<swisstopo:routepoint_id>1015167858</swisstopo:routepoint_id>
				</extensions>
			</trkpt>
			<trkpt lat="46.9777266448" lon="9.3062832512">
				<ele>1165.9</ele>
				<extensions>
					<swisstopo:routepoint_id>1151424425</swisstopo:routepoint_id>
				</extensions>
			</trkpt>
			<trkpt lat="46.9776561539" lon="9.3062469331">
				<ele>1168.9</ele>
				<extensions>
					<swisstopo:routepoint_id>937795794</swisstopo:routepoint_id>
				</extensions>
			</trkpt>
			<trkpt lat="46.9776241668" lon="9.3062248124">
				<ele>1170.3</ele>
				<extensions>
					<swisstopo:routepoint_id>1381283752</swisstopo:routepoint_id>
				</extensions>
			</trkpt>
			<trkpt lat="46.9775766818" lon="9.3062012707">
				<ele>1171.8</ele>
				<extensions>
					<swisstopo:routepoint_id>1210860732</swisstopo:routepoint_id>
				</extensions>
			</trkpt>
			<trkpt lat="46.9775425863" lon="9.3061467363">
				<ele>1171.2</ele>
				<extensions>
					<swisstopo:routepoint_id>738345414</swisstopo:routepoint_id>
				</extensions>
			</trkpt>
			<trkpt lat="46.9775231105" lon="9.3061017159">
				<ele>1171.6</ele>
				<extensions>
					<swisstopo:routepoint_id>175093172</swisstopo:routepoint_id>
				</extensions>
			</trkpt>
			<trkpt lat="46.9775073316" lon="9.3060666969">
				<ele>1172.2</ele>
				<extensions>
					<swisstopo:routepoint_id>110661982</swisstopo:routepoint_id>
				</extensions>
			</trkpt>
			<trkpt lat="46.9774940978" lon="9.3060218143">
				<ele>1173.3</ele>
				<extensions>
					<swisstopo:routepoint_id>1976146412</swisstopo:routepoint_id>
				</extensions>
			</trkpt>
			<trkpt lat="46.9774730919" lon="9.3059994709">
				<ele>1173.8</ele>
				<extensions>
					<swisstopo:routepoint_id>476583725</swisstopo:routepoint_id>
				</extensions>
			</trkpt>
			<trkpt lat="46.9774458249" lon="9.3059576893">
				<ele>1174.3</ele>
				<extensions>
					<swisstopo:routepoint_id>1792174821</swisstopo:routepoint_id>
				</extensions>
			</trkpt>
			<trkpt lat="46.9774143600" lon="9.3059217700">
				<ele>1175.2</ele>
				<extensions>
					<swisstopo:routepoint_id>946905813</swisstopo:routepoint_id>
				</extensions>
			</trkpt>
			<trkpt lat="46.9773569405" lon="9.3058645443">
				<ele>1176.3</ele>
				<extensions>
					<swisstopo:routepoint_id>711114024</swisstopo:routepoint_id>
				</extensions>
			</trkpt>
			<trkpt lat="46.9773004573" lon="9.3058001340">
				<ele>1177.5</ele>
				<extensions>
					<swisstopo:routepoint_id>652324337</swisstopo:routepoint_id>
				</extensions>
			</trkpt>
			<trkpt lat="46.9772525039" lon="9.3057672432">
				<ele>1179.0</ele>
				<extensions>
					<swisstopo:routepoint_id>534897297</swisstopo:routepoint_id>
				</extensions>
			</trkpt>
			<trkpt lat="46.9772127213" lon="9.3057370422">
				<ele>1180.8</ele>
				<extensions>
					<swisstopo:routepoint_id>388590032</swisstopo:routepoint_id>
				</extensions>
			</trkpt>
			<trkpt lat="46.9771912290" lon="9.3056942661">
				<ele>1182.9</ele>
				<extensions>
					<swisstopo:routepoint_id>1856183943</swisstopo:routepoint_id>
				</extensions>
			</trkpt>
			<trkpt lat="46.9771403644" lon="9.3056384646">
				<ele>1185.4</ele>
				<extensions>
					<swisstopo:routepoint_id>1523549932</swisstopo:routepoint_id>
				</extensions>
			</trkpt>
			<trkpt lat="46.9770679656" lon="9.3055927214">
				<ele>1187.2</ele>
				<extensions>
					<swisstopo:routepoint_id>1928187766</swisstopo:routepoint_id>
				</extensions>
			</trkpt>
			<trkpt lat="46.9770132038" lon="9.3055740025">
				<ele>1188.1</ele>
				<extensions>
					<swisstopo:routepoint_id>2048190847</swisstopo:routepoint_id>
				</extensions>
			</trkpt>
			<trkpt lat="46.9769351154" lon="9.3055748879">
				<ele>1189.7</ele>
				<extensions>
					<swisstopo:routepoint_id>1417381853</swisstopo:routepoint_id>
				</extensions>
			</trkpt>
			<trkpt lat="46.9768598012" lon="9.3056070923">
				<ele>1190.7</ele>
				<extensions>
					<swisstopo:routepoint_id>1007320222</swisstopo:routepoint_id>
				</extensions>
			</trkpt>
			<trkpt lat="46.9768324119" lon="9.3056214682">
				<ele>1191.0</ele>
				<extensions>
					<swisstopo:routepoint_id>1650378182</swisstopo:routepoint_id>
				</extensions>
			</trkpt>
			<trkpt lat="46.9768123391" lon="9.3056423956">
				<ele>1191.6</ele>
				<extensions>
					<swisstopo:routepoint_id>1189027531</swisstopo:routepoint_id>
				</extensions>
			</trkpt>
			<trkpt lat="46.9767759732" lon="9.3056543417">
				<ele>1192.1</ele>
				<extensions>
					<swisstopo:routepoint_id>320398080</swisstopo:routepoint_id>
				</extensions>
			</trkpt>
			<trkpt lat="46.9767413991" lon="9.3056557419">
				<ele>1192.4</ele>
				<extensions>
					<swisstopo:routepoint_id>1436189480</swisstopo:routepoint_id>
				</extensions>
			</trkpt>
			<trkpt lat="46.9766815938" lon="9.3056439333">
				<ele>1192.5</ele>
				<extensions>
					<swisstopo:routepoint_id>1796320658</swisstopo:routepoint_id>
				</extensions>
			</trkpt>
			<trkpt lat="46.9766537694" lon="9.3056142804">
				<ele>1191.6</ele>
				<extensions>
					<swisstopo:routepoint_id>925951260</swisstopo:routepoint_id>
				</extensions>
			</trkpt>
			<trkpt lat="46.9766162374" lon="9.3055795837">
				<ele>1191.0</ele>
				<extensions>
					<swisstopo:routepoint_id>1077438452</swisstopo:routepoint_id>
				</extensions>
			</trkpt>
			<trkpt lat="46.9765807118" lon="9.3055393828">
				<ele>1190.7</ele>
				<extensions>
					<swisstopo:routepoint_id>1097635626</swisstopo:routepoint_id>
				</extensions>
			</trkpt>
			<trkpt lat="46.9765453329" lon="9.3054597614">
				<ele>1190.4</ele>
				<extensions>
					<swisstopo:routepoint_id>1906568759</swisstopo:routepoint_id>
				</extensions>
			</trkpt>
			<trkpt lat="46.9765267860" lon="9.3053930171">
				<ele>1190.2</ele>
				<extensions>
					<swisstopo:routepoint_id>156124478</swisstopo:routepoint_id>
				</extensions>
			</trkpt>
			<trkpt lat="46.9765142594" lon="9.3053212773">
				<ele>1190.0</ele>
				<extensions>
					<swisstopo:routepoint_id>333752806</swisstopo:routepoint_id>
				</extensions>
			</trkpt>
			<trkpt lat="46.9765094892" lon="9.3052489384">
				<ele>1189.4</ele>
				<extensions>
					<swisstopo:routepoint_id>1502376776</swisstopo:routepoint_id>
				</extensions>
			</trkpt>
			<trkpt lat="46.9765061739" lon="9.3051966597">
				<ele>1188.7</ele>
				<extensions>
					<swisstopo:routepoint_id>1400994412</swisstopo:routepoint_id>
				</extensions>
			</trkpt>
			<trkpt lat="46.9765059824" lon="9.3051349052">
				<ele>1187.7</ele>
				<extensions>
					<swisstopo:routepoint_id>1461680635</swisstopo:routepoint_id>
				</extensions>
			</trkpt>
			<trkpt lat="46.9765033264" lon="9.3050791656">
				<ele>1186.6</ele>
				<extensions>
					<swisstopo:routepoint_id>818218568</swisstopo:routepoint_id>
				</extensions>
			</trkpt>
			<trkpt lat="46.9764999325" lon="9.3049947017">
				<ele>1184.8</ele>
				<extensions>
					<swisstopo:routepoint_id>388351343</swisstopo:routepoint_id>
				</extensions>
			</trkpt>
			<trkpt lat="46.9765011489" lon="9.3049199552">
				<ele>1183.3</ele>
				<extensions>
					<swisstopo:routepoint_id>132140563</swisstopo:routepoint_id>
				</extensions>
			</trkpt>
			<trkpt lat="46.9764993126" lon="9.3048503219">
				<ele>1182.1</ele>
				<extensions>
					<swisstopo:routepoint_id>1952274459</swisstopo:routepoint_id>
				</extensions>
			</trkpt>
			<trkpt lat="46.9764993126" lon="9.3048503219">
				<ele>1182.1</ele>
				<extensions>
					<swisstopo:routepoint_id>1495317779</swisstopo:routepoint_id>
				</extensions>
			</trkpt>
			<trkpt lat="46.9764978203" lon="9.3047954901">
				<ele>1181.1</ele>
				<extensions>
					<swisstopo:routepoint_id>620299931</swisstopo:routepoint_id>
				</extensions>
			</trkpt>
			<trkpt lat="46.9764989373" lon="9.3047268407">
				<ele>1180.4</ele>
				<extensions>
					<swisstopo:routepoint_id>437532237</swisstopo:routepoint_id>
				</extensions>
			</trkpt>
			<trkpt lat="46.9765009731" lon="9.3046747337">
				<ele>1180.4</ele>
				<extensions>
					<swisstopo:routepoint_id>1567675040</swisstopo:routepoint_id>
				</extensions>
			</trkpt>
			<trkpt lat="46.9764949730" lon="9.3046049558">
				<ele>1180.9</ele>
				<extensions>
					<swisstopo:routepoint_id>824613533</swisstopo:routepoint_id>
				</extensions>
			</trkpt>
			<trkpt lat="46.9764934953" lon="9.3045492572">
				<ele>1180.5</ele>
				<extensions>
					<swisstopo:routepoint_id>244862455</swisstopo:routepoint_id>
				</extensions>
			</trkpt>
			<trkpt lat="46.9764970796" lon="9.3045119942">
				<ele>1181.0</ele>
				<extensions>
					<swisstopo:routepoint_id>1711280618</swisstopo:routepoint_id>
				</extensions>
			</trkpt>
			<trkpt lat="46.9764853380" lon="9.3044654951">
				<ele>1180.6</ele>
				<extensions>
					<swisstopo:routepoint_id>50444448</swisstopo:routepoint_id>
				</extensions>
			</trkpt>
			<trkpt lat="46.9764761968" lon="9.3044416989">
				<ele>1180.3</ele>
				<extensions>
					<swisstopo:routepoint_id>386644610</swisstopo:routepoint_id>
				</extensions>
			</trkpt>
			<trkpt lat="46.9764546721" lon="9.3044113847">
				<ele>1180.0</ele>
				<extensions>
					<swisstopo:routepoint_id>885235518</swisstopo:routepoint_id>
				</extensions>
			</trkpt>
			<trkpt lat="46.9764228244" lon="9.3043773592">
				<ele>1179.8</ele>
				<extensions>
					<swisstopo:routepoint_id>1635165911</swisstopo:routepoint_id>
				</extensions>
			</trkpt>
			<trkpt lat="46.9763997908" lon="9.3043469011">
				<ele>1179.5</ele>
				<extensions>
					<swisstopo:routepoint_id>1083102669</swisstopo:routepoint_id>
				</extensions>
			</trkpt>
			<trkpt lat="46.9763678006" lon="9.3042585780">
				<ele>1178.8</ele>
				<extensions>
					<swisstopo:routepoint_id>1353565620</swisstopo:routepoint_id>
				</extensions>
			</trkpt>
			<trkpt lat="46.9762900742" lon="9.3042018322">
				<ele>1178.3</ele>
				<extensions>
					<swisstopo:routepoint_id>154686070</swisstopo:routepoint_id>
				</extensions>
			</trkpt>
			<trkpt lat="46.9762349805" lon="9.3041443223">
				<ele>1177.8</ele>
				<extensions>
					<swisstopo:routepoint_id>1561652872</swisstopo:routepoint_id>
				</extensions>
			</trkpt>
			<trkpt lat="46.9761954354" lon="9.3041249505">
				<ele>1177.6</ele>
				<extensions>
					<swisstopo:routepoint_id>299337678</swisstopo:routepoint_id>
				</extensions>
			</trkpt>
			<trkpt lat="46.9761820109" lon="9.3040883980">
				<ele>1176.9</ele>
				<extensions>
					<swisstopo:routepoint_id>1605104356</swisstopo:routepoint_id>
				</extensions>
			</trkpt>
			<trkpt lat="46.9761352515" lon="9.3039815384">
				<ele>1175.2</ele>
				<extensions>
					<swisstopo:routepoint_id>1358452059</swisstopo:routepoint_id>
				</extensions>
			</trkpt>
			<trkpt lat="46.9761323408" lon="9.3039010364">
				<ele>1173.5</ele>
				<extensions>
					<swisstopo:routepoint_id>386594662</swisstopo:routepoint_id>
				</extensions>
			</trkpt>
			<trkpt lat="46.9761151112" lon="9.3038744086">
				<ele>1172.7</ele>
				<extensions>
					<swisstopo:routepoint_id>996525945</swisstopo:routepoint_id>
				</extensions>
			</trkpt>
			<trkpt lat="46.9760827350" lon="9.3038524074">
				<ele>1172.2</ele>
				<extensions>
					<swisstopo:routepoint_id>1737646614</swisstopo:routepoint_id>
				</extensions>
			</trkpt>
			<trkpt lat="46.9760681101" lon="9.3038371227">
				<ele>1171.9</ele>
				<extensions>
					<swisstopo:routepoint_id>949458032</swisstopo:routepoint_id>
				</extensions>
			</trkpt>
			<trkpt lat="46.9760568207" lon="9.3038175897">
				<ele>1171.8</ele>
				<extensions>
					<swisstopo:routepoint_id>1357135317</swisstopo:routepoint_id>
				</extensions>
			</trkpt>
			<trkpt lat="46.9760574634" lon="9.3037963156">
				<ele>1171.6</ele>
				<extensions>
					<swisstopo:routepoint_id>1928561184</swisstopo:routepoint_id>
				</extensions>
			</trkpt>
			<trkpt lat="46.9760700040" lon="9.3037754420">
				<ele>1171.4</ele>
				<extensions>
					<swisstopo:routepoint_id>1520998775</swisstopo:routepoint_id>
				</extensions>
			</trkpt>
			<trkpt lat="46.9760895575" lon="9.3037443870">
				<ele>1171.1</ele>
				<extensions>
					<swisstopo:routepoint_id>1586522161</swisstopo:routepoint_id>
				</extensions>
			</trkpt>
			<trkpt lat="46.9761014176" lon="9.3037100148">
				<ele>1171.1</ele>
				<extensions>
					<swisstopo:routepoint_id>204914786</swisstopo:routepoint_id>
				</extensions>
			</trkpt>
			<trkpt lat="46.9761066904" lon="9.3036784634">
				<ele>1171.3</ele>
				<extensions>
					<swisstopo:routepoint_id>931223046</swisstopo:routepoint_id>
				</extensions>
			</trkpt>
			<trkpt lat="46.9761093351" lon="9.3036442042">
				<ele>1171.2</ele>
				<extensions>
					<swisstopo:routepoint_id>1786452079</swisstopo:routepoint_id>
				</extensions>
			</trkpt>
			<trkpt lat="46.9761042813" lon="9.3036075086">
				<ele>1171.2</ele>
				<extensions>
					<swisstopo:routepoint_id>309700680</swisstopo:routepoint_id>
				</extensions>
			</trkpt>
			<trkpt lat="46.9760805998" lon="9.3035632125">
				<ele>1170.5</ele>
				<extensions>
					<swisstopo:routepoint_id>1394151471</swisstopo:routepoint_id>
				</extensions>
			</trkpt>
			<trkpt lat="46.9760386860" lon="9.3034869679">
				<ele>1170.3</ele>
				<extensions>
					<swisstopo:routepoint_id>371391779</swisstopo:routepoint_id>
				</extensions>
			</trkpt>
			<trkpt lat="46.9760338864" lon="9.3034711445">
				<ele>1170.0</ele>
				<extensions>
					<swisstopo:routepoint_id>547913445</swisstopo:routepoint_id>
				</extensions>
			</trkpt>
			<trkpt lat="46.9760517140" lon="9.3034178519">
				<ele>1169.4</ele>
				<extensions>
					<swisstopo:routepoint_id>217119214</swisstopo:routepoint_id>
				</extensions>
			</trkpt>
			<trkpt lat="46.9760618569" lon="9.3033977752">
				<ele>1169.3</ele>
				<extensions>
					<swisstopo:routepoint_id>726658929</swisstopo:routepoint_id>
				</extensions>
			</trkpt>
			<trkpt lat="46.9760788438" lon="9.3033414036">
				<ele>1169.2</ele>
				<extensions>
					<swisstopo:routepoint_id>360108025</swisstopo:routepoint_id>
				</extensions>
			</trkpt>
			<trkpt lat="46.9760860548" lon="9.3033007829">
				<ele>1169.2</ele>
				<extensions>
					<swisstopo:routepoint_id>1690843768</swisstopo:routepoint_id>
				</extensions>
			</trkpt>
			<trkpt lat="46.9760891398" lon="9.3032626749">
				<ele>1169.5</ele>
				<extensions>
					<swisstopo:routepoint_id>1857155838</swisstopo:routepoint_id>
				</extensions>
			</trkpt>
			<trkpt lat="46.9760759361" lon="9.3031964859">
				<ele>1169.8</ele>
				<extensions>
					<swisstopo:routepoint_id>1174601466</swisstopo:routepoint_id>
				</extensions>
			</trkpt>
			<trkpt lat="46.9760498993" lon="9.3031287993">
				<ele>1169.3</ele>
				<extensions>
					<swisstopo:routepoint_id>1440584592</swisstopo:routepoint_id>
				</extensions>
			</trkpt>
			<trkpt lat="46.9760370864" lon="9.3030485713">
				<ele>1169.5</ele>
				<extensions>
					<swisstopo:routepoint_id>1631621305</swisstopo:routepoint_id>
				</extensions>
			</trkpt>
			<trkpt lat="46.9760313007" lon="9.3029959700">
				<ele>1170.1</ele>
				<extensions>
					<swisstopo:routepoint_id>1816775993</swisstopo:routepoint_id>
				</extensions>
			</trkpt>
			<trkpt lat="46.9760313764" lon="9.3029503691">
				<ele>1170.6</ele>
				<extensions>
					<swisstopo:routepoint_id>1116717818</swisstopo:routepoint_id>
				</extensions>
			</trkpt>
			<trkpt lat="46.9760408486" lon="9.3028575454">
				<ele>1171.2</ele>
				<extensions>
					<swisstopo:routepoint_id>1719254429</swisstopo:routepoint_id>
				</extensions>
			</trkpt>
			<trkpt lat="46.9760494204" lon="9.3027625215">
				<ele>1172.2</ele>
				<extensions>
					<swisstopo:routepoint_id>1266973262</swisstopo:routepoint_id>
				</extensions>
			</trkpt>
			<trkpt lat="46.9760642868" lon="9.3026826893">
				<ele>1172.7</ele>
				<extensions>
					<swisstopo:routepoint_id>328963520</swisstopo:routepoint_id>
				</extensions>
			</trkpt>
			<trkpt lat="46.9760803964" lon="9.3026143766">
				<ele>1173.1</ele>
				<extensions>
					<swisstopo:routepoint_id>965473636</swisstopo:routepoint_id>
				</extensions>
			</trkpt>
			<trkpt lat="46.9760932875" lon="9.3025409043">
				<ele>1173.5</ele>
				<extensions>
					<swisstopo:routepoint_id>26762037</swisstopo:routepoint_id>
				</extensions>
			</trkpt>
			<trkpt lat="46.9761326162" lon="9.3025486980">
				<ele>1173.2</ele>
				<extensions>
					<swisstopo:routepoint_id>1213591149</swisstopo:routepoint_id>
				</extensions>
			</trkpt>
			<trkpt lat="46.9763564155" lon="9.3025937135">
				<ele>1172.9</ele>
				<extensions>
					<swisstopo:routepoint_id>1193090284</swisstopo:routepoint_id>
				</extensions>
			</trkpt>
			<trkpt lat="46.9764017869" lon="9.3026056359">
				<ele>1172.9</ele>
				<extensions>
					<swisstopo:routepoint_id>1117958441</swisstopo:routepoint_id>
				</extensions>
			</trkpt>
			<trkpt lat="46.9764498724" lon="9.3026266040">
				<ele>1173.0</ele>
				<extensions>
					<swisstopo:routepoint_id>55775619</swisstopo:routepoint_id>
				</extensions>
			</trkpt>
			<trkpt lat="46.9765086555" lon="9.3026509155">
				<ele>1173.3</ele>
				<extensions>
					<swisstopo:routepoint_id>898376468</swisstopo:routepoint_id>
				</extensions>
			</trkpt>
			<trkpt lat="46.9765655394" lon="9.3026603317">
				<ele>1173.3</ele>
				<extensions>
					<swisstopo:routepoint_id>1026455317</swisstopo:routepoint_id>
				</extensions>
			</trkpt>
			<trkpt lat="46.9766172142" lon="9.3026592082">
				<ele>1173.2</ele>
				<extensions>
					<swisstopo:routepoint_id>1361484186</swisstopo:routepoint_id>
				</extensions>
			</trkpt>
			<trkpt lat="46.9767013779" lon="9.3026404928">
				<ele>1172.9</ele>
				<extensions>
					<swisstopo:routepoint_id>1080658695</swisstopo:routepoint_id>
				</extensions>
			</trkpt>
			<trkpt lat="46.9768751868" lon="9.3025979541">
				<ele>1172.7</ele>
				<extensions>
					<swisstopo:routepoint_id>2236442</swisstopo:routepoint_id>
				</extensions>
			</trkpt>
			<trkpt lat="46.9769636572" lon="9.3025888402">
				<ele>1172.7</ele>
				<extensions>
					<swisstopo:routepoint_id>561052117</swisstopo:routepoint_id>
				</extensions>
			</trkpt>
			<trkpt lat="46.9770451872" lon="9.3025965359">
				<ele>1173.0</ele>
				<extensions>
					<swisstopo:routepoint_id>1260771238</swisstopo:routepoint_id>
				</extensions>
			</trkpt>
			<trkpt lat="46.9771281827" lon="9.3026164819">
				<ele>1173.2</ele>
				<extensions>
					<swisstopo:routepoint_id>381222377</swisstopo:routepoint_id>
				</extensions>
			</trkpt>
			<trkpt lat="46.9771400301" lon="9.3026211590">
				<ele>1173.2</ele>
				<extensions>
					<swisstopo:routepoint_id>2084386384</swisstopo:routepoint_id>
				</extensions>
			</trkpt>
		</trkseg>
	</trk>
</gpx>
