<?xml version="1.0"?>
<gpx version="1.1" creator="Generated by Swisstopo App. See https://www.swisstopo.ch/app for more information." xmlns="http://www.topografix.com/GPX/1/1" xmlns:xsi="http://www.w3.org/2001/XMLSchema-instance" xmlns:swisstopo="https://prod-static.swisstopo-app.ch/xmlschemas/SwisstopoExtensions" xsi:schemaLocation="http://www.topografix.com/GPX/1/1 http://www.topografix.com/GPX/1/1/gpx.xsd https://swisstopo-app.ch/xmlschemas/SwisstopoExtensions https://prod-static.swisstopo-app.ch/xmlschemas/SwisstopoExtensions.xsd">
	<metadata>
		<name>Via Alpina - Stg 1 - Gaflei to Sargans</name>
		<desc>SM: says this is 28km 480 up and 1600 down (7hr 30 mins)</desc>
		<time>2026-07-07T09:29:46Z</time>
		<extensions>
			<swisstopo:tour_type>0</swisstopo:tour_type>
		</extensions>
	</metadata>
	<wpt lat="47.1456200995" lon="9.5429769780">
		<ele>1457.9</ele>
		<name>Starting point</name>
		<extensions>
			<swisstopo:waypoint_id>1</swisstopo:waypoint_id>
			<swisstopo:waypoint_routepoint_id>352084681</swisstopo:waypoint_routepoint_id>
			<swisstopo:waypoint_meters_into_tour>0.000000</swisstopo:waypoint_meters_into_tour>
			<swisstopo:waypoint_is_controlpoint>1</swisstopo:waypoint_is_controlpoint>
		</extensions>
	</wpt>
	<wpt lat="47.1463790407" lon="9.5268309761">
		<ele>653.5</ele>
		<name>Waypoint</name>
		<extensions>
			<swisstopo:waypoint_id>1008716382</swisstopo:waypoint_id>
			<swisstopo:waypoint_routepoint_id>1693672632</swisstopo:waypoint_routepoint_id>
			<swisstopo:waypoint_meters_into_tour>5499.775722</swisstopo:waypoint_meters_into_tour>
			<swisstopo:waypoint_is_controlpoint>1</swisstopo:waypoint_is_controlpoint>
		</extensions>
	</wpt>
	<wpt lat="47.1397679104" lon="9.5253542375">
		<ele>580.5</ele>
		<name>Waypoint</name>
		<extensions>
			<swisstopo:waypoint_id>12367809</swisstopo:waypoint_id>
			<swisstopo:waypoint_routepoint_id>2098000135</swisstopo:waypoint_routepoint_id>
			<swisstopo:waypoint_meters_into_tour>6824.832761</swisstopo:waypoint_meters_into_tour>
			<swisstopo:waypoint_is_controlpoint>1</swisstopo:waypoint_is_controlpoint>
		</extensions>
	</wpt>
	<wpt lat="47.1420782401" lon="9.5241125221">
		<ele>519.7</ele>
		<name>Waypoint</name>
		<extensions>
			<swisstopo:waypoint_id>1870528089</swisstopo:waypoint_id>
			<swisstopo:waypoint_routepoint_id>451522387</swisstopo:waypoint_routepoint_id>
			<swisstopo:waypoint_meters_into_tour>7529.475793</swisstopo:waypoint_meters_into_tour>
			<swisstopo:waypoint_is_controlpoint>1</swisstopo:waypoint_is_controlpoint>
		</extensions>
	</wpt>
	<wpt lat="47.1404614034" lon="9.5226628307">
		<ele>456.7</ele>
		<name>Waypoint</name>
		<extensions>
			<swisstopo:waypoint_id>85070016</swisstopo:waypoint_id>
			<swisstopo:waypoint_routepoint_id>96384111</swisstopo:waypoint_routepoint_id>
			<swisstopo:waypoint_meters_into_tour>7893.503728</swisstopo:waypoint_meters_into_tour>
			<swisstopo:waypoint_is_controlpoint>1</swisstopo:waypoint_is_controlpoint>
		</extensions>
	</wpt>
	<wpt lat="47.1452980288" lon="9.5095144281">
		<ele>457.3</ele>
		<name>Waypoint</name>
		<extensions>
			<swisstopo:waypoint_id>2115740329</swisstopo:waypoint_id>
			<swisstopo:waypoint_routepoint_id>234195680</swisstopo:waypoint_routepoint_id>
			<swisstopo:waypoint_meters_into_tour>9304.126292</swisstopo:waypoint_meters_into_tour>
			<swisstopo:waypoint_is_controlpoint>1</swisstopo:waypoint_is_controlpoint>
		</extensions>
	</wpt>
	<wpt lat="47.1337247644" lon="9.5126672671">
		<ele>460.7</ele>
		<name>Waypoint</name>
		<extensions>
			<swisstopo:waypoint_id>1907946966</swisstopo:waypoint_id>
			<swisstopo:waypoint_routepoint_id>1341154281</swisstopo:waypoint_routepoint_id>
			<swisstopo:waypoint_meters_into_tour>10675.936003</swisstopo:waypoint_meters_into_tour>
			<swisstopo:waypoint_is_controlpoint>1</swisstopo:waypoint_is_controlpoint>
		</extensions>
	</wpt>
	<wpt lat="47.1310771346" lon="9.5111392811">
		<ele>465.4</ele>
		<name>Waypoint</name>
		<extensions>
			<swisstopo:waypoint_id>2116635160</swisstopo:waypoint_id>
			<swisstopo:waypoint_routepoint_id>1393215337</swisstopo:waypoint_routepoint_id>
			<swisstopo:waypoint_meters_into_tour>11099.043967</swisstopo:waypoint_meters_into_tour>
			<swisstopo:waypoint_is_controlpoint>1</swisstopo:waypoint_is_controlpoint>
		</extensions>
	</wpt>
	<wpt lat="47.1305325489" lon="9.5109101105">
		<ele>466.0</ele>
		<name>Waypoint</name>
		<extensions>
			<swisstopo:waypoint_id>679749776</swisstopo:waypoint_id>
			<swisstopo:waypoint_routepoint_id>346681558</swisstopo:waypoint_routepoint_id>
			<swisstopo:waypoint_meters_into_tour>11170.886770</swisstopo:waypoint_meters_into_tour>
			<swisstopo:waypoint_is_controlpoint>1</swisstopo:waypoint_is_controlpoint>
		</extensions>
	</wpt>
	<wpt lat="47.1305316574" lon="9.5108761446">
		<ele>466.2</ele>
		<name>Waypoint</name>
		<extensions>
			<swisstopo:waypoint_id>350216895</swisstopo:waypoint_id>
			<swisstopo:waypoint_routepoint_id>1894445287</swisstopo:waypoint_routepoint_id>
			<swisstopo:waypoint_meters_into_tour>11174.312121</swisstopo:waypoint_meters_into_tour>
			<swisstopo:waypoint_is_controlpoint>1</swisstopo:waypoint_is_controlpoint>
		</extensions>
	</wpt>
	<wpt lat="47.1305116450" lon="9.5106197151">
		<ele>467.6</ele>
		<name>Waypoint</name>
		<extensions>
			<swisstopo:waypoint_id>1269906043</swisstopo:waypoint_id>
			<swisstopo:waypoint_routepoint_id>930497513</swisstopo:waypoint_routepoint_id>
			<swisstopo:waypoint_meters_into_tour>11194.099589</swisstopo:waypoint_meters_into_tour>
			<swisstopo:waypoint_is_controlpoint>1</swisstopo:waypoint_is_controlpoint>
		</extensions>
	</wpt>
	<wpt lat="47.1304699685" lon="9.5102821810">
		<ele>459.5</ele>
		<name>Waypoint</name>
		<extensions>
			<swisstopo:waypoint_id>378297794</swisstopo:waypoint_id>
			<swisstopo:waypoint_routepoint_id>1615932341</swisstopo:waypoint_routepoint_id>
			<swisstopo:waypoint_meters_into_tour>11220.958443</swisstopo:waypoint_meters_into_tour>
			<swisstopo:waypoint_is_controlpoint>1</swisstopo:waypoint_is_controlpoint>
		</extensions>
	</wpt>
	<wpt lat="47.1303613195" lon="9.5103407631">
		<ele>459.3</ele>
		<name>Waypoint</name>
		<extensions>
			<swisstopo:waypoint_id>1512132697</swisstopo:waypoint_id>
			<swisstopo:waypoint_routepoint_id>1896655225</swisstopo:waypoint_routepoint_id>
			<swisstopo:waypoint_meters_into_tour>11233.829238</swisstopo:waypoint_meters_into_tour>
			<swisstopo:waypoint_is_controlpoint>1</swisstopo:waypoint_is_controlpoint>
		</extensions>
	</wpt>
	<wpt lat="47.1303404347" lon="9.5100936641">
		<ele>467.0</ele>
		<name>Waypoint</name>
		<extensions>
			<swisstopo:waypoint_id>1816965642</swisstopo:waypoint_id>
			<swisstopo:waypoint_routepoint_id>410794760</swisstopo:waypoint_routepoint_id>
			<swisstopo:waypoint_meters_into_tour>11252.732446</swisstopo:waypoint_meters_into_tour>
			<swisstopo:waypoint_is_controlpoint>1</swisstopo:waypoint_is_controlpoint>
		</extensions>
	</wpt>
	<wpt lat="47.1298310461" lon="9.5055859139">
		<ele>457.1</ele>
		<name>Waypoint</name>
		<extensions>
			<swisstopo:waypoint_id>2053382314</swisstopo:waypoint_id>
			<swisstopo:waypoint_routepoint_id>449864074</swisstopo:waypoint_routepoint_id>
			<swisstopo:waypoint_meters_into_tour>11601.353487</swisstopo:waypoint_meters_into_tour>
			<swisstopo:waypoint_is_controlpoint>1</swisstopo:waypoint_is_controlpoint>
		</extensions>
	</wpt>
	<wpt lat="47.1205017028" lon="9.5093297422">
		<ele>458.7</ele>
		<name>Waypoint</name>
		<extensions>
			<swisstopo:waypoint_id>286364050</swisstopo:waypoint_id>
			<swisstopo:waypoint_routepoint_id>740179397</swisstopo:waypoint_routepoint_id>
			<swisstopo:waypoint_meters_into_tour>12691.490935</swisstopo:waypoint_meters_into_tour>
			<swisstopo:waypoint_is_controlpoint>1</swisstopo:waypoint_is_controlpoint>
		</extensions>
	</wpt>
	<wpt lat="47.1192929890" lon="9.4867354208">
		<ele>468.9</ele>
		<name>Waypoint</name>
		<extensions>
			<swisstopo:waypoint_id>1031591981</swisstopo:waypoint_id>
			<swisstopo:waypoint_routepoint_id>1225293946</swisstopo:waypoint_routepoint_id>
			<swisstopo:waypoint_meters_into_tour>14612.915701</swisstopo:waypoint_meters_into_tour>
			<swisstopo:waypoint_is_controlpoint>1</swisstopo:waypoint_is_controlpoint>
		</extensions>
	</wpt>
	<wpt lat="47.1200486074" lon="9.4857426914">
		<ele>470.7</ele>
		<name>Waypoint</name>
		<extensions>
			<swisstopo:waypoint_id>178258641</swisstopo:waypoint_id>
			<swisstopo:waypoint_routepoint_id>855105677</swisstopo:waypoint_routepoint_id>
			<swisstopo:waypoint_meters_into_tour>14751.275022</swisstopo:waypoint_meters_into_tour>
			<swisstopo:waypoint_is_controlpoint>1</swisstopo:waypoint_is_controlpoint>
		</extensions>
	</wpt>
	<wpt lat="47.1202035576" lon="9.4848993411">
		<ele>471.8</ele>
		<name>Waypoint</name>
		<extensions>
			<swisstopo:waypoint_id>1259148924</swisstopo:waypoint_id>
			<swisstopo:waypoint_routepoint_id>628386045</swisstopo:waypoint_routepoint_id>
			<swisstopo:waypoint_meters_into_tour>14857.316527</swisstopo:waypoint_meters_into_tour>
			<swisstopo:waypoint_is_controlpoint>1</swisstopo:waypoint_is_controlpoint>
		</extensions>
	</wpt>
	<wpt lat="47.1010146128" lon="9.4886717492">
		<ele>611.3</ele>
		<name>Waypoint</name>
		<extensions>
			<swisstopo:waypoint_id>2007409573</swisstopo:waypoint_id>
			<swisstopo:waypoint_routepoint_id>34925918</swisstopo:waypoint_routepoint_id>
			<swisstopo:waypoint_meters_into_tour>17328.060394</swisstopo:waypoint_meters_into_tour>
			<swisstopo:waypoint_is_controlpoint>1</swisstopo:waypoint_is_controlpoint>
		</extensions>
	</wpt>
	<wpt lat="47.0757232619" lon="9.4708744136">
		<ele>534.6</ele>
		<name>Waypoint</name>
		<extensions>
			<swisstopo:waypoint_id>1722888782</swisstopo:waypoint_id>
			<swisstopo:waypoint_routepoint_id>742770563</swisstopo:waypoint_routepoint_id>
			<swisstopo:waypoint_meters_into_tour>21232.409616</swisstopo:waypoint_meters_into_tour>
			<swisstopo:waypoint_is_controlpoint>1</swisstopo:waypoint_is_controlpoint>
		</extensions>
	</wpt>
	<wpt lat="47.0747132784" lon="9.4711204599">
		<ele>536.2</ele>
		<name>Waypoint</name>
		<extensions>
			<swisstopo:waypoint_id>862354682</swisstopo:waypoint_id>
			<swisstopo:waypoint_routepoint_id>1152174746</swisstopo:waypoint_routepoint_id>
			<swisstopo:waypoint_meters_into_tour>21623.964432</swisstopo:waypoint_meters_into_tour>
			<swisstopo:waypoint_is_controlpoint>1</swisstopo:waypoint_is_controlpoint>
		</extensions>
	</wpt>
	<wpt lat="47.0552637047" lon="9.4444665302">
		<ele>538.6</ele>
		<name>Waypoint</name>
		<extensions>
			<swisstopo:waypoint_id>960417784</swisstopo:waypoint_id>
			<swisstopo:waypoint_routepoint_id>2050576975</swisstopo:waypoint_routepoint_id>
			<swisstopo:waypoint_meters_into_tour>25283.244140</swisstopo:waypoint_meters_into_tour>
			<swisstopo:waypoint_is_controlpoint>1</swisstopo:waypoint_is_controlpoint>
		</extensions>
	</wpt>
	<wpt lat="47.0522005670" lon="9.4398937595">
		<ele>536.1</ele>
		<name>Waypoint</name>
		<extensions>
			<swisstopo:waypoint_id>252300284</swisstopo:waypoint_id>
			<swisstopo:waypoint_routepoint_id>1714804566</swisstopo:waypoint_routepoint_id>
			<swisstopo:waypoint_meters_into_tour>25842.676148</swisstopo:waypoint_meters_into_tour>
			<swisstopo:waypoint_is_controlpoint>1</swisstopo:waypoint_is_controlpoint>
		</extensions>
	</wpt>
	<wpt lat="47.0512683832" lon="9.4385304883">
		<ele>528.3</ele>
		<name>Waypoint</name>
		<extensions>
			<swisstopo:waypoint_id>1621246786</swisstopo:waypoint_id>
			<swisstopo:waypoint_routepoint_id>1354403740</swisstopo:waypoint_routepoint_id>
			<swisstopo:waypoint_meters_into_tour>25997.909836</swisstopo:waypoint_meters_into_tour>
			<swisstopo:waypoint_is_controlpoint>1</swisstopo:waypoint_is_controlpoint>
		</extensions>
	</wpt>
	<wpt lat="47.0479751086" lon="9.4406691572">
		<ele>482.9</ele>
		<name>Waypoint</name>
		<extensions>
			<swisstopo:waypoint_id>1238133747</swisstopo:waypoint_id>
			<swisstopo:waypoint_routepoint_id>1275485286</swisstopo:waypoint_routepoint_id>
			<swisstopo:waypoint_meters_into_tour>26611.773820</swisstopo:waypoint_meters_into_tour>
			<swisstopo:waypoint_is_controlpoint>1</swisstopo:waypoint_is_controlpoint>
		</extensions>
	</wpt>
	<wpt lat="47.0478589604" lon="9.4406062177">
		<ele>482.9</ele>
		<name>Waypoint</name>
		<extensions>
			<swisstopo:waypoint_id>1447551558</swisstopo:waypoint_id>
			<swisstopo:waypoint_routepoint_id>834456422</swisstopo:waypoint_routepoint_id>
			<swisstopo:waypoint_meters_into_tour>26625.702060</swisstopo:waypoint_meters_into_tour>
			<swisstopo:waypoint_is_controlpoint>1</swisstopo:waypoint_is_controlpoint>
		</extensions>
	</wpt>
	<wpt lat="47.0466421508" lon="9.4416427457">
		<ele>482.2</ele>
		<name>Waypoint</name>
		<extensions>
			<swisstopo:waypoint_id>1023551210</swisstopo:waypoint_id>
			<swisstopo:waypoint_routepoint_id>213531965</swisstopo:waypoint_routepoint_id>
			<swisstopo:waypoint_meters_into_tour>26782.891632</swisstopo:waypoint_meters_into_tour>
			<swisstopo:waypoint_is_controlpoint>1</swisstopo:waypoint_is_controlpoint>
		</extensions>
	</wpt>
	<wpt lat="47.0453730154" lon="9.4444778895">
		<ele>481.6</ele>
		<name>Destination</name>
		<extensions>
			<swisstopo:waypoint_id>2106784216</swisstopo:waypoint_id>
			<swisstopo:waypoint_routepoint_id>552106150</swisstopo:waypoint_routepoint_id>
			<swisstopo:waypoint_meters_into_tour>27055.106630</swisstopo:waypoint_meters_into_tour>
			<swisstopo:waypoint_is_controlpoint>1</swisstopo:waypoint_is_controlpoint>
			<swisstopo:waypoint_stage_before distance="27055.106630" duration="25636.292556" ascent="474.203122" descent="1450.503122" />
		</extensions>
	</wpt>
	<trk>
		<name>Swisstopo Route</name>
		<trkseg>
			<trkpt lat="47.1456200995" lon="9.5429769780">
				<ele>1457.9</ele>
				<extensions>
					<swisstopo:routepoint_id>352084681</swisstopo:routepoint_id>
				</extensions>
			</trkpt>
			<trkpt lat="47.1455414301" lon="9.5431180923">
				<ele>1458.4</ele>
				<extensions>
					<swisstopo:routepoint_id>656008397</swisstopo:routepoint_id>
				</extensions>
			</trkpt>
			<trkpt lat="47.1454714185" lon="9.5432172618">
				<ele>1458.3</ele>
				<extensions>
					<swisstopo:routepoint_id>214442409</swisstopo:routepoint_id>
				</extensions>
			</trkpt>
			<trkpt lat="47.1454097047" lon="9.5433010760">
				<ele>1459.0</ele>
				<extensions>
					<swisstopo:routepoint_id>1780915185</swisstopo:routepoint_id>
				</extensions>
			</trkpt>
			<trkpt lat="47.1453301822" lon="9.5433943442">
				<ele>1460.6</ele>
				<extensions>
					<swisstopo:routepoint_id>727263066</swisstopo:routepoint_id>
				</extensions>
			</trkpt>
			<trkpt lat="47.1452914074" lon="9.5434391648">
				<ele>1460.9</ele>
				<extensions>
					<swisstopo:routepoint_id>825841261</swisstopo:routepoint_id>
				</extensions>
			</trkpt>
			<trkpt lat="47.1452284947" lon="9.5435334428">
				<ele>1461.2</ele>
				<extensions>
					<swisstopo:routepoint_id>1413220383</swisstopo:routepoint_id>
				</extensions>
			</trkpt>
			<trkpt lat="47.1451742762" lon="9.5435926768">
				<ele>1461.3</ele>
				<extensions>
					<swisstopo:routepoint_id>78664584</swisstopo:routepoint_id>
				</extensions>
			</trkpt>
			<trkpt lat="47.1451277182" lon="9.5436094545">
				<ele>1460.8</ele>
				<extensions>
					<swisstopo:routepoint_id>1368710864</swisstopo:routepoint_id>
				</extensions>
			</trkpt>
			<trkpt lat="47.1449443931" lon="9.5436357411">
				<ele>1459.1</ele>
				<extensions>
					<swisstopo:routepoint_id>1883330171</swisstopo:routepoint_id>
				</extensions>
			</trkpt>
			<trkpt lat="47.1447932162" lon="9.5436744761">
				<ele>1458.8</ele>
				<extensions>
					<swisstopo:routepoint_id>1584754895</swisstopo:routepoint_id>
				</extensions>
			</trkpt>
			<trkpt lat="47.1447120085" lon="9.5436901406">
				<ele>1458.9</ele>
				<extensions>
					<swisstopo:routepoint_id>49798054</swisstopo:routepoint_id>
				</extensions>
			</trkpt>
			<trkpt lat="47.1446061615" lon="9.5436670767">
				<ele>1458.2</ele>
				<extensions>
					<swisstopo:routepoint_id>1010944274</swisstopo:routepoint_id>
				</extensions>
			</trkpt>
			<trkpt lat="47.1445705954" lon="9.5436530819">
				<ele>1458.0</ele>
				<extensions>
					<swisstopo:routepoint_id>717762039</swisstopo:routepoint_id>
				</extensions>
			</trkpt>
			<trkpt lat="47.1445119020" lon="9.5436416857">
				<ele>1457.8</ele>
				<extensions>
					<swisstopo:routepoint_id>1471222971</swisstopo:routepoint_id>
				</extensions>
			</trkpt>
			<trkpt lat="47.1444435548" lon="9.5436503517">
				<ele>1458.1</ele>
				<extensions>
					<swisstopo:routepoint_id>339836392</swisstopo:routepoint_id>
				</extensions>
			</trkpt>
			<trkpt lat="47.1445035688" lon="9.5435891042">
				<ele>1456.8</ele>
				<extensions>
					<swisstopo:routepoint_id>1042010411</swisstopo:routepoint_id>
				</extensions>
			</trkpt>
			<trkpt lat="47.1445865210" lon="9.5435326762">
				<ele>1454.7</ele>
				<extensions>
					<swisstopo:routepoint_id>846942561</swisstopo:routepoint_id>
				</extensions>
			</trkpt>
			<trkpt lat="47.1446459220" lon="9.5434739497">
				<ele>1453.5</ele>
				<extensions>
					<swisstopo:routepoint_id>529159084</swisstopo:routepoint_id>
				</extensions>
			</trkpt>
			<trkpt lat="47.1447047420" lon="9.5433820441">
				<ele>1453.1</ele>
				<extensions>
					<swisstopo:routepoint_id>1359665773</swisstopo:routepoint_id>
				</extensions>
			</trkpt>
			<trkpt lat="47.1447630131" lon="9.5432552323">
				<ele>1453.2</ele>
				<extensions>
					<swisstopo:routepoint_id>1154255932</swisstopo:routepoint_id>
				</extensions>
			</trkpt>
			<trkpt lat="47.1448238173" lon="9.5431197888">
				<ele>1453.2</ele>
				<extensions>
					<swisstopo:routepoint_id>456602209</swisstopo:routepoint_id>
				</extensions>
			</trkpt>
			<trkpt lat="47.1448932121" lon="9.5429707164">
				<ele>1453.0</ele>
				<extensions>
					<swisstopo:routepoint_id>911433180</swisstopo:routepoint_id>
				</extensions>
			</trkpt>
			<trkpt lat="47.1449752983" lon="9.5428430865">
				<ele>1451.9</ele>
				<extensions>
					<swisstopo:routepoint_id>274638769</swisstopo:routepoint_id>
				</extensions>
			</trkpt>
			<trkpt lat="47.1450111121" lon="9.5427953142">
				<ele>1450.9</ele>
				<extensions>
					<swisstopo:routepoint_id>2143155700</swisstopo:routepoint_id>
				</extensions>
			</trkpt>
			<trkpt lat="47.1450034511" lon="9.5427536660">
				<ele>1449.8</ele>
				<extensions>
					<swisstopo:routepoint_id>1675361531</swisstopo:routepoint_id>
				</extensions>
			</trkpt>
			<trkpt lat="47.1449946500" lon="9.5427271533">
				<ele>1449.2</ele>
				<extensions>
					<swisstopo:routepoint_id>1970873037</swisstopo:routepoint_id>
				</extensions>
			</trkpt>
			<trkpt lat="47.1449888613" lon="9.5426923844">
				<ele>1448.2</ele>
				<extensions>
					<swisstopo:routepoint_id>646777272</swisstopo:routepoint_id>
				</extensions>
			</trkpt>
			<trkpt lat="47.1450086282" lon="9.5426659402">
				<ele>1447.2</ele>
				<extensions>
					<swisstopo:routepoint_id>743167232</swisstopo:routepoint_id>
				</extensions>
			</trkpt>
			<trkpt lat="47.1450335195" lon="9.5426323647">
				<ele>1445.3</ele>
				<extensions>
					<swisstopo:routepoint_id>171388037</swisstopo:routepoint_id>
				</extensions>
			</trkpt>
			<trkpt lat="47.1450479868" lon="9.5425837393">
				<ele>1442.8</ele>
				<extensions>
					<swisstopo:routepoint_id>1124925175</swisstopo:routepoint_id>
				</extensions>
			</trkpt>
			<trkpt lat="47.1450420170" lon="9.5425583801">
				<ele>1441.8</ele>
				<extensions>
					<swisstopo:routepoint_id>1996906013</swisstopo:routepoint_id>
				</extensions>
			</trkpt>
			<trkpt lat="47.1450118413" lon="9.5425374496">
				<ele>1441.5</ele>
				<extensions>
					<swisstopo:routepoint_id>1893972721</swisstopo:routepoint_id>
				</extensions>
			</trkpt>
			<trkpt lat="47.1449325853" lon="9.5425099075">
				<ele>1440.0</ele>
				<extensions>
					<swisstopo:routepoint_id>1170387142</swisstopo:routepoint_id>
				</extensions>
			</trkpt>
			<trkpt lat="47.1448292263" lon="9.5424988660">
				<ele>1437.9</ele>
				<extensions>
					<swisstopo:routepoint_id>870204916</swisstopo:routepoint_id>
				</extensions>
			</trkpt>
			<trkpt lat="47.1447220747" lon="9.5424998883">
				<ele>1435.8</ele>
				<extensions>
					<swisstopo:routepoint_id>1859534701</swisstopo:routepoint_id>
				</extensions>
			</trkpt>
			<trkpt lat="47.1446193840" lon="9.5425167802">
				<ele>1433.8</ele>
				<extensions>
					<swisstopo:routepoint_id>1870837604</swisstopo:routepoint_id>
				</extensions>
			</trkpt>
			<trkpt lat="47.1445202083" lon="9.5425373057">
				<ele>1431.8</ele>
				<extensions>
					<swisstopo:routepoint_id>1120043137</swisstopo:routepoint_id>
				</extensions>
			</trkpt>
			<trkpt lat="47.1444443464" lon="9.5425849271">
				<ele>1430.0</ele>
				<extensions>
					<swisstopo:routepoint_id>1461152826</swisstopo:routepoint_id>
				</extensions>
			</trkpt>
			<trkpt lat="47.1443906976" lon="9.5426543520">
				<ele>1428.9</ele>
				<extensions>
					<swisstopo:routepoint_id>473230981</swisstopo:routepoint_id>
				</extensions>
			</trkpt>
			<trkpt lat="47.1443194327" lon="9.5427108719">
				<ele>1427.0</ele>
				<extensions>
					<swisstopo:routepoint_id>1822073543</swisstopo:routepoint_id>
				</extensions>
			</trkpt>
			<trkpt lat="47.1442451406" lon="9.5427376112">
				<ele>1425.2</ele>
				<extensions>
					<swisstopo:routepoint_id>364645262</swisstopo:routepoint_id>
				</extensions>
			</trkpt>
			<trkpt lat="47.1441674379" lon="9.5427554855">
				<ele>1423.4</ele>
				<extensions>
					<swisstopo:routepoint_id>1600763954</swisstopo:routepoint_id>
				</extensions>
			</trkpt>
			<trkpt lat="47.1441059424" lon="9.5427590015">
				<ele>1421.7</ele>
				<extensions>
					<swisstopo:routepoint_id>325789051</swisstopo:routepoint_id>
				</extensions>
			</trkpt>
			<trkpt lat="47.1441169534" lon="9.5427301166">
				<ele>1420.8</ele>
				<extensions>
					<swisstopo:routepoint_id>1821042585</swisstopo:routepoint_id>
				</extensions>
			</trkpt>
			<trkpt lat="47.1441355882" lon="9.5427001464">
				<ele>1420.1</ele>
				<extensions>
					<swisstopo:routepoint_id>1063819980</swisstopo:routepoint_id>
				</extensions>
			</trkpt>
			<trkpt lat="47.1441759648" lon="9.5426794062">
				<ele>1419.6</ele>
				<extensions>
					<swisstopo:routepoint_id>1711201572</swisstopo:routepoint_id>
				</extensions>
			</trkpt>
			<trkpt lat="47.1442197875" lon="9.5426266874">
				<ele>1418.2</ele>
				<extensions>
					<swisstopo:routepoint_id>679471753</swisstopo:routepoint_id>
				</extensions>
			</trkpt>
			<trkpt lat="47.1442722119" lon="9.5425198774">
				<ele>1416.6</ele>
				<extensions>
					<swisstopo:routepoint_id>26617247</swisstopo:routepoint_id>
				</extensions>
			</trkpt>
			<trkpt lat="47.1443084600" lon="9.5424124310">
				<ele>1414.7</ele>
				<extensions>
					<swisstopo:routepoint_id>1333697919</swisstopo:routepoint_id>
				</extensions>
			</trkpt>
			<trkpt lat="47.1443588755" lon="9.5422594869">
				<ele>1412.5</ele>
				<extensions>
					<swisstopo:routepoint_id>1014214994</swisstopo:routepoint_id>
				</extensions>
			</trkpt>
			<trkpt lat="47.1443959747" lon="9.5421576526">
				<ele>1411.2</ele>
				<extensions>
					<swisstopo:routepoint_id>1142863566</swisstopo:routepoint_id>
				</extensions>
			</trkpt>
			<trkpt lat="47.1444331253" lon="9.5421046706">
				<ele>1410.5</ele>
				<extensions>
					<swisstopo:routepoint_id>1083456697</swisstopo:routepoint_id>
				</extensions>
			</trkpt>
			<trkpt lat="47.1444999139" lon="9.5420458903">
				<ele>1408.8</ele>
				<extensions>
					<swisstopo:routepoint_id>486496918</swisstopo:routepoint_id>
				</extensions>
			</trkpt>
			<trkpt lat="47.1445849042" lon="9.5419808355">
				<ele>1406.7</ele>
				<extensions>
					<swisstopo:routepoint_id>1350846886</swisstopo:routepoint_id>
				</extensions>
			</trkpt>
			<trkpt lat="47.1446944510" lon="9.5418748718">
				<ele>1403.7</ele>
				<extensions>
					<swisstopo:routepoint_id>160563474</swisstopo:routepoint_id>
				</extensions>
			</trkpt>
			<trkpt lat="47.1447469608" lon="9.5418155163">
				<ele>1402.2</ele>
				<extensions>
					<swisstopo:routepoint_id>151931851</swisstopo:routepoint_id>
				</extensions>
			</trkpt>
			<trkpt lat="47.1447921696" lon="9.5417391373">
				<ele>1400.5</ele>
				<extensions>
					<swisstopo:routepoint_id>618814496</swisstopo:routepoint_id>
				</extensions>
			</trkpt>
			<trkpt lat="47.1448283915" lon="9.5416330867">
				<ele>1398.3</ele>
				<extensions>
					<swisstopo:routepoint_id>1170055725</swisstopo:routepoint_id>
				</extensions>
			</trkpt>
			<trkpt lat="47.1448600862" lon="9.5415142889">
				<ele>1396.2</ele>
				<extensions>
					<swisstopo:routepoint_id>719304784</swisstopo:routepoint_id>
				</extensions>
			</trkpt>
			<trkpt lat="47.1449130707" lon="9.5413767819">
				<ele>1393.6</ele>
				<extensions>
					<swisstopo:routepoint_id>189402634</swisstopo:routepoint_id>
				</extensions>
			</trkpt>
			<trkpt lat="47.1449903722" lon="9.5411592911">
				<ele>1390.3</ele>
				<extensions>
					<swisstopo:routepoint_id>394319268</swisstopo:routepoint_id>
				</extensions>
			</trkpt>
			<trkpt lat="47.1450636000" lon="9.5410086252">
				<ele>1388.0</ele>
				<extensions>
					<swisstopo:routepoint_id>2109941797</swisstopo:routepoint_id>
				</extensions>
			</trkpt>
			<trkpt lat="47.1451499910" lon="9.5408668515">
				<ele>1385.4</ele>
				<extensions>
					<swisstopo:routepoint_id>1368831723</swisstopo:routepoint_id>
				</extensions>
			</trkpt>
			<trkpt lat="47.1452320682" lon="9.5407528282">
				<ele>1383.3</ele>
				<extensions>
					<swisstopo:routepoint_id>73423243</swisstopo:routepoint_id>
				</extensions>
			</trkpt>
			<trkpt lat="47.1453121634" lon="9.5406429206">
				<ele>1380.9</ele>
				<extensions>
					<swisstopo:routepoint_id>54819058</swisstopo:routepoint_id>
				</extensions>
			</trkpt>
			<trkpt lat="47.1454404441" lon="9.5404497453">
				<ele>1377.2</ele>
				<extensions>
					<swisstopo:routepoint_id>60823290</swisstopo:routepoint_id>
				</extensions>
			</trkpt>
			<trkpt lat="47.1455151430" lon="9.5403228754">
				<ele>1374.9</ele>
				<extensions>
					<swisstopo:routepoint_id>456664924</swisstopo:routepoint_id>
				</extensions>
			</trkpt>
			<trkpt lat="47.1455681874" lon="9.5402342327">
				<ele>1373.3</ele>
				<extensions>
					<swisstopo:routepoint_id>321760010</swisstopo:routepoint_id>
				</extensions>
			</trkpt>
			<trkpt lat="47.1455797496" lon="9.5401746644">
				<ele>1372.6</ele>
				<extensions>
					<swisstopo:routepoint_id>1536874818</swisstopo:routepoint_id>
				</extensions>
			</trkpt>
			<trkpt lat="47.1455781475" lon="9.5401062039">
				<ele>1371.8</ele>
				<extensions>
					<swisstopo:routepoint_id>1692830382</swisstopo:routepoint_id>
				</extensions>
			</trkpt>
			<trkpt lat="47.1455704855" lon="9.5400040056">
				<ele>1370.6</ele>
				<extensions>
					<swisstopo:routepoint_id>1505651969</swisstopo:routepoint_id>
				</extensions>
			</trkpt>
			<trkpt lat="47.1455692910" lon="9.5399132325">
				<ele>1369.6</ele>
				<extensions>
					<swisstopo:routepoint_id>1943263935</swisstopo:routepoint_id>
				</extensions>
			</trkpt>
			<trkpt lat="47.1455814643" lon="9.5398201880">
				<ele>1368.5</ele>
				<extensions>
					<swisstopo:routepoint_id>105145167</swisstopo:routepoint_id>
				</extensions>
			</trkpt>
			<trkpt lat="47.1456084273" lon="9.5397514647">
				<ele>1367.5</ele>
				<extensions>
					<swisstopo:routepoint_id>1960429984</swisstopo:routepoint_id>
				</extensions>
			</trkpt>
			<trkpt lat="47.1456234197" lon="9.5397129616">
				<ele>1366.9</ele>
				<extensions>
					<swisstopo:routepoint_id>1963095835</swisstopo:routepoint_id>
				</extensions>
			</trkpt>
			<trkpt lat="47.1456115053" lon="9.5396873688">
				<ele>1366.5</ele>
				<extensions>
					<swisstopo:routepoint_id>147567039</swisstopo:routepoint_id>
				</extensions>
			</trkpt>
			<trkpt lat="47.1455848886" lon="9.5396849254">
				<ele>1365.8</ele>
				<extensions>
					<swisstopo:routepoint_id>76417135</swisstopo:routepoint_id>
				</extensions>
			</trkpt>
			<trkpt lat="47.1455398579" lon="9.5396999069">
				<ele>1364.5</ele>
				<extensions>
					<swisstopo:routepoint_id>601432852</swisstopo:routepoint_id>
				</extensions>
			</trkpt>
			<trkpt lat="47.1454951343" lon="9.5397497981">
				<ele>1363.7</ele>
				<extensions>
					<swisstopo:routepoint_id>20735038</swisstopo:routepoint_id>
				</extensions>
			</trkpt>
			<trkpt lat="47.1454388836" lon="9.5398578609">
				<ele>1362.3</ele>
				<extensions>
					<swisstopo:routepoint_id>1281438343</swisstopo:routepoint_id>
				</extensions>
			</trkpt>
			<trkpt lat="47.1454081075" lon="9.5399264474">
				<ele>1361.1</ele>
				<extensions>
					<swisstopo:routepoint_id>1387820630</swisstopo:routepoint_id>
				</extensions>
			</trkpt>
			<trkpt lat="47.1453700980" lon="9.5399738058">
				<ele>1360.2</ele>
				<extensions>
					<swisstopo:routepoint_id>1214694316</swisstopo:routepoint_id>
				</extensions>
			</trkpt>
			<trkpt lat="47.1453271262" lon="9.5399804931">
				<ele>1359.4</ele>
				<extensions>
					<swisstopo:routepoint_id>598945115</swisstopo:routepoint_id>
				</extensions>
			</trkpt>
			<trkpt lat="47.1452720278" lon="9.5399727501">
				<ele>1358.5</ele>
				<extensions>
					<swisstopo:routepoint_id>1511719996</swisstopo:routepoint_id>
				</extensions>
			</trkpt>
			<trkpt lat="47.1452082251" lon="9.5399730268">
				<ele>1357.5</ele>
				<extensions>
					<swisstopo:routepoint_id>1622170323</swisstopo:routepoint_id>
				</extensions>
			</trkpt>
			<trkpt lat="47.1451592289" lon="9.5399962269">
				<ele>1356.4</ele>
				<extensions>
					<swisstopo:routepoint_id>1456582868</swisstopo:routepoint_id>
				</extensions>
			</trkpt>
			<trkpt lat="47.1450726144" lon="9.5400458701">
				<ele>1354.5</ele>
				<extensions>
					<swisstopo:routepoint_id>1340938298</swisstopo:routepoint_id>
				</extensions>
			</trkpt>
			<trkpt lat="47.1449983974" lon="9.5400946021">
				<ele>1352.8</ele>
				<extensions>
					<swisstopo:routepoint_id>1848829763</swisstopo:routepoint_id>
				</extensions>
			</trkpt>
			<trkpt lat="47.1449697723" lon="9.5400976584">
				<ele>1351.9</ele>
				<extensions>
					<swisstopo:routepoint_id>1476273422</swisstopo:routepoint_id>
				</extensions>
			</trkpt>
			<trkpt lat="47.1449511954" lon="9.5400718042">
				<ele>1350.7</ele>
				<extensions>
					<swisstopo:routepoint_id>524980014</swisstopo:routepoint_id>
				</extensions>
			</trkpt>
			<trkpt lat="47.1449518323" lon="9.5400369320">
				<ele>1350.0</ele>
				<extensions>
					<swisstopo:routepoint_id>834645574</swisstopo:routepoint_id>
				</extensions>
			</trkpt>
			<trkpt lat="47.1449974222" lon="9.5399396223">
				<ele>1348.5</ele>
				<extensions>
					<swisstopo:routepoint_id>1833594632</swisstopo:routepoint_id>
				</extensions>
			</trkpt>
			<trkpt lat="47.1450403472" lon="9.5398310374">
				<ele>1346.8</ele>
				<extensions>
					<swisstopo:routepoint_id>1916578855</swisstopo:routepoint_id>
				</extensions>
			</trkpt>
			<trkpt lat="47.1450568530" lon="9.5397619039">
				<ele>1345.6</ele>
				<extensions>
					<swisstopo:routepoint_id>1825353750</swisstopo:routepoint_id>
				</extensions>
			</trkpt>
			<trkpt lat="47.1450421814" lon="9.5397306110">
				<ele>1344.5</ele>
				<extensions>
					<swisstopo:routepoint_id>220645096</swisstopo:routepoint_id>
				</extensions>
			</trkpt>
			<trkpt lat="47.1450146623" lon="9.5397253494">
				<ele>1343.6</ele>
				<extensions>
					<swisstopo:routepoint_id>863120883</swisstopo:routepoint_id>
				</extensions>
			</trkpt>
			<trkpt lat="47.1449758865" lon="9.5397629049">
				<ele>1343.1</ele>
				<extensions>
					<swisstopo:routepoint_id>831599137</swisstopo:routepoint_id>
				</extensions>
			</trkpt>
			<trkpt lat="47.1449150382" lon="9.5398093660">
				<ele>1341.7</ele>
				<extensions>
					<swisstopo:routepoint_id>678269459</swisstopo:routepoint_id>
				</extensions>
			</trkpt>
			<trkpt lat="47.1448507512" lon="9.5398361596">
				<ele>1340.2</ele>
				<extensions>
					<swisstopo:routepoint_id>1015198182</swisstopo:routepoint_id>
				</extensions>
			</trkpt>
			<trkpt lat="47.1447806182" lon="9.5398697003">
				<ele>1338.9</ele>
				<extensions>
					<swisstopo:routepoint_id>2016321006</swisstopo:routepoint_id>
				</extensions>
			</trkpt>
			<trkpt lat="47.1446985973" lon="9.5398762387">
				<ele>1337.0</ele>
				<extensions>
					<swisstopo:routepoint_id>167375047</swisstopo:routepoint_id>
				</extensions>
			</trkpt>
			<trkpt lat="47.1446058546" lon="9.5398963358">
				<ele>1335.3</ele>
				<extensions>
					<swisstopo:routepoint_id>1788834321</swisstopo:routepoint_id>
				</extensions>
			</trkpt>
			<trkpt lat="47.1445157168" lon="9.5399304753">
				<ele>1333.4</ele>
				<extensions>
					<swisstopo:routepoint_id>870241713</swisstopo:routepoint_id>
				</extensions>
			</trkpt>
			<trkpt lat="47.1444158015" lon="9.5399781977">
				<ele>1331.3</ele>
				<extensions>
					<swisstopo:routepoint_id>697054414</swisstopo:routepoint_id>
				</extensions>
			</trkpt>
			<trkpt lat="47.1443128833" lon="9.5400341765">
				<ele>1328.4</ele>
				<extensions>
					<swisstopo:routepoint_id>705732685</swisstopo:routepoint_id>
				</extensions>
			</trkpt>
			<trkpt lat="47.1442120001" lon="9.5401348915">
				<ele>1326.6</ele>
				<extensions>
					<swisstopo:routepoint_id>1948071721</swisstopo:routepoint_id>
				</extensions>
			</trkpt>
			<trkpt lat="47.1441148783" lon="9.5402385499">
				<ele>1324.2</ele>
				<extensions>
					<swisstopo:routepoint_id>132361138</swisstopo:routepoint_id>
				</extensions>
			</trkpt>
			<trkpt lat="47.1440388418" lon="9.5403346747">
				<ele>1322.3</ele>
				<extensions>
					<swisstopo:routepoint_id>1128756048</swisstopo:routepoint_id>
				</extensions>
			</trkpt>
			<trkpt lat="47.1439971816" lon="9.5403735136">
				<ele>1321.2</ele>
				<extensions>
					<swisstopo:routepoint_id>1723599433</swisstopo:routepoint_id>
				</extensions>
			</trkpt>
			<trkpt lat="47.1439452076" lon="9.5404035723">
				<ele>1320.1</ele>
				<extensions>
					<swisstopo:routepoint_id>1471027271</swisstopo:routepoint_id>
				</extensions>
			</trkpt>
			<trkpt lat="47.1438955219" lon="9.5404127912">
				<ele>1319.1</ele>
				<extensions>
					<swisstopo:routepoint_id>1448140846</swisstopo:routepoint_id>
				</extensions>
			</trkpt>
			<trkpt lat="47.1438466786" lon="9.5404276217">
				<ele>1317.9</ele>
				<extensions>
					<swisstopo:routepoint_id>917114195</swisstopo:routepoint_id>
				</extensions>
			</trkpt>
			<trkpt lat="47.1438109066" lon="9.5404569192">
				<ele>1316.6</ele>
				<extensions>
					<swisstopo:routepoint_id>746377646</swisstopo:routepoint_id>
				</extensions>
			</trkpt>
			<trkpt lat="47.1437758836" lon="9.5404974167">
				<ele>1316.2</ele>
				<extensions>
					<swisstopo:routepoint_id>1403377121</swisstopo:routepoint_id>
				</extensions>
			</trkpt>
			<trkpt lat="47.1436925355" lon="9.5405248446">
				<ele>1314.7</ele>
				<extensions>
					<swisstopo:routepoint_id>129901039</swisstopo:routepoint_id>
				</extensions>
			</trkpt>
			<trkpt lat="47.1436433606" lon="9.5405578094">
				<ele>1313.6</ele>
				<extensions>
					<swisstopo:routepoint_id>2035434307</swisstopo:routepoint_id>
				</extensions>
			</trkpt>
			<trkpt lat="47.1436077768" lon="9.5406290002">
				<ele>1312.3</ele>
				<extensions>
					<swisstopo:routepoint_id>2064807740</swisstopo:routepoint_id>
				</extensions>
			</trkpt>
			<trkpt lat="47.1435681089" lon="9.5407153688">
				<ele>1310.7</ele>
				<extensions>
					<swisstopo:routepoint_id>840614758</swisstopo:routepoint_id>
				</extensions>
			</trkpt>
			<trkpt lat="47.1435245934" lon="9.5407513514">
				<ele>1309.8</ele>
				<extensions>
					<swisstopo:routepoint_id>107762797</swisstopo:routepoint_id>
				</extensions>
			</trkpt>
			<trkpt lat="47.1434684486" lon="9.5407491454">
				<ele>1308.5</ele>
				<extensions>
					<swisstopo:routepoint_id>362882211</swisstopo:routepoint_id>
				</extensions>
			</trkpt>
			<trkpt lat="47.1434158004" lon="9.5407121804">
				<ele>1307.0</ele>
				<extensions>
					<swisstopo:routepoint_id>1306885561</swisstopo:routepoint_id>
				</extensions>
			</trkpt>
			<trkpt lat="47.1433793458" lon="9.5406744538">
				<ele>1306.7</ele>
				<extensions>
					<swisstopo:routepoint_id>981886787</swisstopo:routepoint_id>
				</extensions>
			</trkpt>
			<trkpt lat="47.1433612781" lon="9.5406207003">
				<ele>1305.7</ele>
				<extensions>
					<swisstopo:routepoint_id>1553652380</swisstopo:routepoint_id>
				</extensions>
			</trkpt>
			<trkpt lat="47.1433518314" lon="9.5405645030">
				<ele>1304.5</ele>
				<extensions>
					<swisstopo:routepoint_id>341757894</swisstopo:routepoint_id>
				</extensions>
			</trkpt>
			<trkpt lat="47.1433270078" lon="9.5405160762">
				<ele>1304.1</ele>
				<extensions>
					<swisstopo:routepoint_id>775220149</swisstopo:routepoint_id>
				</extensions>
			</trkpt>
			<trkpt lat="47.1432885024" lon="9.5404866437">
				<ele>1303.5</ele>
				<extensions>
					<swisstopo:routepoint_id>225821314</swisstopo:routepoint_id>
				</extensions>
			</trkpt>
			<trkpt lat="47.1432436413" lon="9.5404918579">
				<ele>1302.7</ele>
				<extensions>
					<swisstopo:routepoint_id>1809664825</swisstopo:routepoint_id>
				</extensions>
			</trkpt>
			<trkpt lat="47.1431460394" lon="9.5405173410">
				<ele>1300.9</ele>
				<extensions>
					<swisstopo:routepoint_id>65016443</swisstopo:routepoint_id>
				</extensions>
			</trkpt>
			<trkpt lat="47.1430766973" lon="9.5405228859">
				<ele>1299.6</ele>
				<extensions>
					<swisstopo:routepoint_id>1875330666</swisstopo:routepoint_id>
				</extensions>
			</trkpt>
			<trkpt lat="47.1430002054" lon="9.5404725216">
				<ele>1297.5</ele>
				<extensions>
					<swisstopo:routepoint_id>1582454502</swisstopo:routepoint_id>
				</extensions>
			</trkpt>
			<trkpt lat="47.1429296697" lon="9.5404236975">
				<ele>1296.1</ele>
				<extensions>
					<swisstopo:routepoint_id>1798884824</swisstopo:routepoint_id>
				</extensions>
			</trkpt>
			<trkpt lat="47.1428476978" lon="9.5403758085">
				<ele>1295.0</ele>
				<extensions>
					<swisstopo:routepoint_id>2144651896</swisstopo:routepoint_id>
				</extensions>
			</trkpt>
			<trkpt lat="47.1427730276" lon="9.5403449558">
				<ele>1292.8</ele>
				<extensions>
					<swisstopo:routepoint_id>605389105</swisstopo:routepoint_id>
				</extensions>
			</trkpt>
			<trkpt lat="47.1426926983" lon="9.5403110983">
				<ele>1292.3</ele>
				<extensions>
					<swisstopo:routepoint_id>1198676116</swisstopo:routepoint_id>
				</extensions>
			</trkpt>
			<trkpt lat="47.1426157370" lon="9.5402494536">
				<ele>1290.5</ele>
				<extensions>
					<swisstopo:routepoint_id>469509942</swisstopo:routepoint_id>
				</extensions>
			</trkpt>
			<trkpt lat="47.1425896815" lon="9.5402163304">
				<ele>1289.2</ele>
				<extensions>
					<swisstopo:routepoint_id>510865064</swisstopo:routepoint_id>
				</extensions>
			</trkpt>
			<trkpt lat="47.1425988013" lon="9.5401859865">
				<ele>1286.9</ele>
				<extensions>
					<swisstopo:routepoint_id>12168847</swisstopo:routepoint_id>
				</extensions>
			</trkpt>
			<trkpt lat="47.1426250352" lon="9.5401576996">
				<ele>1283.8</ele>
				<extensions>
					<swisstopo:routepoint_id>1148681511</swisstopo:routepoint_id>
				</extensions>
			</trkpt>
			<trkpt lat="47.1426958834" lon="9.5401367571">
				<ele>1281.8</ele>
				<extensions>
					<swisstopo:routepoint_id>929618148</swisstopo:routepoint_id>
				</extensions>
			</trkpt>
			<trkpt lat="47.1427664335" lon="9.5401325515">
				<ele>1280.6</ele>
				<extensions>
					<swisstopo:routepoint_id>203470196</swisstopo:routepoint_id>
				</extensions>
			</trkpt>
			<trkpt lat="47.1428077631" lon="9.5401118341">
				<ele>1279.4</ele>
				<extensions>
					<swisstopo:routepoint_id>1503646756</swisstopo:routepoint_id>
				</extensions>
			</trkpt>
			<trkpt lat="47.1428216410" lon="9.5400816773">
				<ele>1277.5</ele>
				<extensions>
					<swisstopo:routepoint_id>883385381</swisstopo:routepoint_id>
				</extensions>
			</trkpt>
			<trkpt lat="47.1428040515" lon="9.5400544649">
				<ele>1275.9</ele>
				<extensions>
					<swisstopo:routepoint_id>1486054513</swisstopo:routepoint_id>
				</extensions>
			</trkpt>
			<trkpt lat="47.1427294566" lon="9.5400194348">
				<ele>1274.3</ele>
				<extensions>
					<swisstopo:routepoint_id>188042750</swisstopo:routepoint_id>
				</extensions>
			</trkpt>
			<trkpt lat="47.1426013801" lon="9.5399404321">
				<ele>1271.6</ele>
				<extensions>
					<swisstopo:routepoint_id>625205303</swisstopo:routepoint_id>
				</extensions>
			</trkpt>
			<trkpt lat="47.1425308784" lon="9.5398902121">
				<ele>1269.9</ele>
				<extensions>
					<swisstopo:routepoint_id>1946022559</swisstopo:routepoint_id>
				</extensions>
			</trkpt>
			<trkpt lat="47.1424485293" lon="9.5398102100">
				<ele>1268.5</ele>
				<extensions>
					<swisstopo:routepoint_id>2079879654</swisstopo:routepoint_id>
				</extensions>
			</trkpt>
			<trkpt lat="47.1423989108" lon="9.5397635933">
				<ele>1267.3</ele>
				<extensions>
					<swisstopo:routepoint_id>711309208</swisstopo:routepoint_id>
				</extensions>
			</trkpt>
			<trkpt lat="47.1423883064" lon="9.5397185087">
				<ele>1265.0</ele>
				<extensions>
					<swisstopo:routepoint_id>1179644216</swisstopo:routepoint_id>
				</extensions>
			</trkpt>
			<trkpt lat="47.1424030947" lon="9.5396911833">
				<ele>1263.2</ele>
				<extensions>
					<swisstopo:routepoint_id>1602601270</swisstopo:routepoint_id>
				</extensions>
			</trkpt>
			<trkpt lat="47.1424381527" lon="9.5397009345">
				<ele>1262.5</ele>
				<extensions>
					<swisstopo:routepoint_id>100652837</swisstopo:routepoint_id>
				</extensions>
			</trkpt>
			<trkpt lat="47.1425607565" lon="9.5397141239">
				<ele>1258.9</ele>
				<extensions>
					<swisstopo:routepoint_id>1125432059</swisstopo:routepoint_id>
				</extensions>
			</trkpt>
			<trkpt lat="47.1426884561" lon="9.5397093664">
				<ele>1256.5</ele>
				<extensions>
					<swisstopo:routepoint_id>1586370852</swisstopo:routepoint_id>
				</extensions>
			</trkpt>
			<trkpt lat="47.1427838199" lon="9.5397019410">
				<ele>1254.5</ele>
				<extensions>
					<swisstopo:routepoint_id>2023765834</swisstopo:routepoint_id>
				</extensions>
			</trkpt>
			<trkpt lat="47.1428631088" lon="9.5396883059">
				<ele>1253.1</ele>
				<extensions>
					<swisstopo:routepoint_id>1988526464</swisstopo:routepoint_id>
				</extensions>
			</trkpt>
			<trkpt lat="47.1428826035" lon="9.5396639479">
				<ele>1252.1</ele>
				<extensions>
					<swisstopo:routepoint_id>1672541321</swisstopo:routepoint_id>
				</extensions>
			</trkpt>
			<trkpt lat="47.1428726457" lon="9.5396356506">
				<ele>1250.9</ele>
				<extensions>
					<swisstopo:routepoint_id>715245940</swisstopo:routepoint_id>
				</extensions>
			</trkpt>
			<trkpt lat="47.1428339110" lon="9.5396187651">
				<ele>1249.8</ele>
				<extensions>
					<swisstopo:routepoint_id>148131659</swisstopo:routepoint_id>
				</extensions>
			</trkpt>
			<trkpt lat="47.1427556144" lon="9.5395780118">
				<ele>1248.2</ele>
				<extensions>
					<swisstopo:routepoint_id>1786533259</swisstopo:routepoint_id>
				</extensions>
			</trkpt>
			<trkpt lat="47.1426585376" lon="9.5395225549">
				<ele>1246.0</ele>
				<extensions>
					<swisstopo:routepoint_id>1481252869</swisstopo:routepoint_id>
				</extensions>
			</trkpt>
			<trkpt lat="47.1425888789" lon="9.5394779471">
				<ele>1244.4</ele>
				<extensions>
					<swisstopo:routepoint_id>343797957</swisstopo:routepoint_id>
				</extensions>
			</trkpt>
			<trkpt lat="47.1425517334" lon="9.5394262417">
				<ele>1243.3</ele>
				<extensions>
					<swisstopo:routepoint_id>114632988</swisstopo:routepoint_id>
				</extensions>
			</trkpt>
			<trkpt lat="47.1425258970" lon="9.5393805591">
				<ele>1242.4</ele>
				<extensions>
					<swisstopo:routepoint_id>151034706</swisstopo:routepoint_id>
				</extensions>
			</trkpt>
			<trkpt lat="47.1424681242" lon="9.5393112950">
				<ele>1240.5</ele>
				<extensions>
					<swisstopo:routepoint_id>272293609</swisstopo:routepoint_id>
				</extensions>
			</trkpt>
			<trkpt lat="47.1424375815" lon="9.5392626450">
				<ele>1238.3</ele>
				<extensions>
					<swisstopo:routepoint_id>28637391</swisstopo:routepoint_id>
				</extensions>
			</trkpt>
			<trkpt lat="47.1424354198" lon="9.5392248685">
				<ele>1236.3</ele>
				<extensions>
					<swisstopo:routepoint_id>848926637</swisstopo:routepoint_id>
				</extensions>
			</trkpt>
			<trkpt lat="47.1424791911" lon="9.5392265870">
				<ele>1235.6</ele>
				<extensions>
					<swisstopo:routepoint_id>906217823</swisstopo:routepoint_id>
				</extensions>
			</trkpt>
			<trkpt lat="47.1425324342" lon="9.5392314735">
				<ele>1234.5</ele>
				<extensions>
					<swisstopo:routepoint_id>98439259</swisstopo:routepoint_id>
				</extensions>
			</trkpt>
			<trkpt lat="47.1425732542" lon="9.5392386546">
				<ele>1233.6</ele>
				<extensions>
					<swisstopo:routepoint_id>1353890353</swisstopo:routepoint_id>
				</extensions>
			</trkpt>
			<trkpt lat="47.1426349051" lon="9.5392522456">
				<ele>1232.1</ele>
				<extensions>
					<swisstopo:routepoint_id>1665859356</swisstopo:routepoint_id>
				</extensions>
			</trkpt>
			<trkpt lat="47.1427092339" lon="9.5392495855">
				<ele>1231.2</ele>
				<extensions>
					<swisstopo:routepoint_id>1510761291</swisstopo:routepoint_id>
				</extensions>
			</trkpt>
			<trkpt lat="47.1427760740" lon="9.5392396414">
				<ele>1230.2</ele>
				<extensions>
					<swisstopo:routepoint_id>2087136827</swisstopo:routepoint_id>
				</extensions>
			</trkpt>
			<trkpt lat="47.1428145438" lon="9.5392188241">
				<ele>1229.3</ele>
				<extensions>
					<swisstopo:routepoint_id>425992154</swisstopo:routepoint_id>
				</extensions>
			</trkpt>
			<trkpt lat="47.1428517272" lon="9.5391644583">
				<ele>1228.2</ele>
				<extensions>
					<swisstopo:routepoint_id>917692244</swisstopo:routepoint_id>
				</extensions>
			</trkpt>
			<trkpt lat="47.1428912159" lon="9.5390878423">
				<ele>1227.4</ele>
				<extensions>
					<swisstopo:routepoint_id>1852382229</swisstopo:routepoint_id>
				</extensions>
			</trkpt>
			<trkpt lat="47.1429375541" lon="9.5390017222">
				<ele>1226.2</ele>
				<extensions>
					<swisstopo:routepoint_id>1248070754</swisstopo:routepoint_id>
				</extensions>
			</trkpt>
			<trkpt lat="47.1429711171" lon="9.5388844117">
				<ele>1224.0</ele>
				<extensions>
					<swisstopo:routepoint_id>483951249</swisstopo:routepoint_id>
				</extensions>
			</trkpt>
			<trkpt lat="47.1429887201" lon="9.5388069360">
				<ele>1222.9</ele>
				<extensions>
					<swisstopo:routepoint_id>1841879022</swisstopo:routepoint_id>
				</extensions>
			</trkpt>
			<trkpt lat="47.1429874079" lon="9.5387747844">
				<ele>1222.3</ele>
				<extensions>
					<swisstopo:routepoint_id>442332527</swisstopo:routepoint_id>
				</extensions>
			</trkpt>
			<trkpt lat="47.1429682455" lon="9.5387810088">
				<ele>1221.6</ele>
				<extensions>
					<swisstopo:routepoint_id>235256722</swisstopo:routepoint_id>
				</extensions>
			</trkpt>
			<trkpt lat="47.1429357420" lon="9.5388397525">
				<ele>1221.0</ele>
				<extensions>
					<swisstopo:routepoint_id>521328526</swisstopo:routepoint_id>
				</extensions>
			</trkpt>
			<trkpt lat="47.1428930359" lon="9.5388841292">
				<ele>1220.2</ele>
				<extensions>
					<swisstopo:routepoint_id>1086997365</swisstopo:routepoint_id>
				</extensions>
			</trkpt>
			<trkpt lat="47.1428370979" lon="9.5389224080">
				<ele>1218.6</ele>
				<extensions>
					<swisstopo:routepoint_id>1123574148</swisstopo:routepoint_id>
				</extensions>
			</trkpt>
			<trkpt lat="47.1427915578" lon="9.5389652886">
				<ele>1218.2</ele>
				<extensions>
					<swisstopo:routepoint_id>1732926566</swisstopo:routepoint_id>
				</extensions>
			</trkpt>
			<trkpt lat="47.1427468838" lon="9.5389607390">
				<ele>1217.6</ele>
				<extensions>
					<swisstopo:routepoint_id>1607361797</swisstopo:routepoint_id>
				</extensions>
			</trkpt>
			<trkpt lat="47.1427005829" lon="9.5389407875">
				<ele>1216.2</ele>
				<extensions>
					<swisstopo:routepoint_id>1616426221</swisstopo:routepoint_id>
				</extensions>
			</trkpt>
			<trkpt lat="47.1426479086" lon="9.5389052219">
				<ele>1215.0</ele>
				<extensions>
					<swisstopo:routepoint_id>1904683029</swisstopo:routepoint_id>
				</extensions>
			</trkpt>
			<trkpt lat="47.1425666911" lon="9.5388154929">
				<ele>1212.8</ele>
				<extensions>
					<swisstopo:routepoint_id>1648003884</swisstopo:routepoint_id>
				</extensions>
			</trkpt>
			<trkpt lat="47.1424889302" lon="9.5387454449">
				<ele>1210.8</ele>
				<extensions>
					<swisstopo:routepoint_id>1267224569</swisstopo:routepoint_id>
				</extensions>
			</trkpt>
			<trkpt lat="47.1424507043" lon="9.5387006742">
				<ele>1209.7</ele>
				<extensions>
					<swisstopo:routepoint_id>136664916</swisstopo:routepoint_id>
				</extensions>
			</trkpt>
			<trkpt lat="47.1424538083" lon="9.5386868430">
				<ele>1208.6</ele>
				<extensions>
					<swisstopo:routepoint_id>2038884585</swisstopo:routepoint_id>
				</extensions>
			</trkpt>
			<trkpt lat="47.1425061753" lon="9.5386875006">
				<ele>1207.7</ele>
				<extensions>
					<swisstopo:routepoint_id>1183939720</swisstopo:routepoint_id>
				</extensions>
			</trkpt>
			<trkpt lat="47.1425708893" lon="9.5386900408">
				<ele>1207.1</ele>
				<extensions>
					<swisstopo:routepoint_id>1197049488</swisstopo:routepoint_id>
				</extensions>
			</trkpt>
			<trkpt lat="47.1426100062" lon="9.5386859975">
				<ele>1205.9</ele>
				<extensions>
					<swisstopo:routepoint_id>969869574</swisstopo:routepoint_id>
				</extensions>
			</trkpt>
			<trkpt lat="47.1426132388" lon="9.5386651817">
				<ele>1204.9</ele>
				<extensions>
					<swisstopo:routepoint_id>814611657</swisstopo:routepoint_id>
				</extensions>
			</trkpt>
			<trkpt lat="47.1425895317" lon="9.5386600705">
				<ele>1205.4</ele>
				<extensions>
					<swisstopo:routepoint_id>1186166794</swisstopo:routepoint_id>
				</extensions>
			</trkpt>
			<trkpt lat="47.1425472635" lon="9.5386276963">
				<ele>1204.4</ele>
				<extensions>
					<swisstopo:routepoint_id>189558185</swisstopo:routepoint_id>
				</extensions>
			</trkpt>
			<trkpt lat="47.1425048690" lon="9.5386023069">
				<ele>1203.5</ele>
				<extensions>
					<swisstopo:routepoint_id>2084247207</swisstopo:routepoint_id>
				</extensions>
			</trkpt>
			<trkpt lat="47.1424940094" lon="9.5385711786">
				<ele>1202.7</ele>
				<extensions>
					<swisstopo:routepoint_id>668249910</swisstopo:routepoint_id>
				</extensions>
			</trkpt>
			<trkpt lat="47.1425258764" lon="9.5385473062">
				<ele>1200.4</ele>
				<extensions>
					<swisstopo:routepoint_id>531448369</swisstopo:routepoint_id>
				</extensions>
			</trkpt>
			<trkpt lat="47.1425721651" lon="9.5385156250">
				<ele>1198.2</ele>
				<extensions>
					<swisstopo:routepoint_id>1110380457</swisstopo:routepoint_id>
				</extensions>
			</trkpt>
			<trkpt lat="47.1426249904" lon="9.5384911770">
				<ele>1196.5</ele>
				<extensions>
					<swisstopo:routepoint_id>706140597</swisstopo:routepoint_id>
				</extensions>
			</trkpt>
			<trkpt lat="47.1426675778" lon="9.5384537720">
				<ele>1195.6</ele>
				<extensions>
					<swisstopo:routepoint_id>1078575332</swisstopo:routepoint_id>
				</extensions>
			</trkpt>
			<trkpt lat="47.1427404987" lon="9.5383714911">
				<ele>1193.0</ele>
				<extensions>
					<swisstopo:routepoint_id>277076404</swisstopo:routepoint_id>
				</extensions>
			</trkpt>
			<trkpt lat="47.1428263517" lon="9.5382590153">
				<ele>1190.9</ele>
				<extensions>
					<swisstopo:routepoint_id>877051516</swisstopo:routepoint_id>
				</extensions>
			</trkpt>
			<trkpt lat="47.1428906612" lon="9.5381791788">
				<ele>1189.9</ele>
				<extensions>
					<swisstopo:routepoint_id>1826697404</swisstopo:routepoint_id>
				</extensions>
			</trkpt>
			<trkpt lat="47.1429467276" lon="9.5381339278">
				<ele>1188.9</ele>
				<extensions>
					<swisstopo:routepoint_id>470569494</swisstopo:routepoint_id>
				</extensions>
			</trkpt>
			<trkpt lat="47.1430042322" lon="9.5381138566">
				<ele>1187.9</ele>
				<extensions>
					<swisstopo:routepoint_id>641832625</swisstopo:routepoint_id>
				</extensions>
			</trkpt>
			<trkpt lat="47.1430517570" lon="9.5381185042">
				<ele>1186.9</ele>
				<extensions>
					<swisstopo:routepoint_id>1834477572</swisstopo:routepoint_id>
				</extensions>
			</trkpt>
			<trkpt lat="47.1430971294" lon="9.5381370339">
				<ele>1185.9</ele>
				<extensions>
					<swisstopo:routepoint_id>1431551959</swisstopo:routepoint_id>
				</extensions>
			</trkpt>
			<trkpt lat="47.1431320359" lon="9.5381551528">
				<ele>1184.9</ele>
				<extensions>
					<swisstopo:routepoint_id>1391151664</swisstopo:routepoint_id>
				</extensions>
			</trkpt>
			<trkpt lat="47.1431692816" lon="9.5381496377">
				<ele>1183.8</ele>
				<extensions>
					<swisstopo:routepoint_id>1356906051</swisstopo:routepoint_id>
				</extensions>
			</trkpt>
			<trkpt lat="47.1432042780" lon="9.5381105362">
				<ele>1183.0</ele>
				<extensions>
					<swisstopo:routepoint_id>1885884932</swisstopo:routepoint_id>
				</extensions>
			</trkpt>
			<trkpt lat="47.1432715649" lon="9.5380238522">
				<ele>1181.1</ele>
				<extensions>
					<swisstopo:routepoint_id>690470639</swisstopo:routepoint_id>
				</extensions>
			</trkpt>
			<trkpt lat="47.1433282676" lon="9.5379437162">
				<ele>1179.5</ele>
				<extensions>
					<swisstopo:routepoint_id>668422528</swisstopo:routepoint_id>
				</extensions>
			</trkpt>
			<trkpt lat="47.1433863577" lon="9.5378915673">
				<ele>1177.8</ele>
				<extensions>
					<swisstopo:routepoint_id>997692672</swisstopo:routepoint_id>
				</extensions>
			</trkpt>
			<trkpt lat="47.1434424649" lon="9.5378435213">
				<ele>1176.8</ele>
				<extensions>
					<swisstopo:routepoint_id>334952837</swisstopo:routepoint_id>
				</extensions>
			</trkpt>
			<trkpt lat="47.1434943253" lon="9.5377673888">
				<ele>1175.1</ele>
				<extensions>
					<swisstopo:routepoint_id>1806476989</swisstopo:routepoint_id>
				</extensions>
			</trkpt>
			<trkpt lat="47.1435757016" lon="9.5376393836">
				<ele>1172.4</ele>
				<extensions>
					<swisstopo:routepoint_id>753841406</swisstopo:routepoint_id>
				</extensions>
			</trkpt>
			<trkpt lat="47.1436263631" lon="9.5375771695">
				<ele>1171.0</ele>
				<extensions>
					<swisstopo:routepoint_id>945949621</swisstopo:routepoint_id>
				</extensions>
			</trkpt>
			<trkpt lat="47.1436911415" lon="9.5375238711">
				<ele>1169.5</ele>
				<extensions>
					<swisstopo:routepoint_id>1762814919</swisstopo:routepoint_id>
				</extensions>
			</trkpt>
			<trkpt lat="47.1437556823" lon="9.5374831318">
				<ele>1167.7</ele>
				<extensions>
					<swisstopo:routepoint_id>1268636905</swisstopo:routepoint_id>
				</extensions>
			</trkpt>
			<trkpt lat="47.1437999976" lon="9.5374555667">
				<ele>1166.8</ele>
				<extensions>
					<swisstopo:routepoint_id>597031727</swisstopo:routepoint_id>
				</extensions>
			</trkpt>
			<trkpt lat="47.1438377935" lon="9.5374193563">
				<ele>1165.9</ele>
				<extensions>
					<swisstopo:routepoint_id>1204169865</swisstopo:routepoint_id>
				</extensions>
			</trkpt>
			<trkpt lat="47.1438922335" lon="9.5374015645">
				<ele>1165.9</ele>
				<extensions>
					<swisstopo:routepoint_id>960287010</swisstopo:routepoint_id>
				</extensions>
			</trkpt>
			<trkpt lat="47.1439815950" lon="9.5373147421">
				<ele>1163.2</ele>
				<extensions>
					<swisstopo:routepoint_id>258925576</swisstopo:routepoint_id>
				</extensions>
			</trkpt>
			<trkpt lat="47.1441009006" lon="9.5372482313">
				<ele>1162.4</ele>
				<extensions>
					<swisstopo:routepoint_id>504463876</swisstopo:routepoint_id>
				</extensions>
			</trkpt>
			<trkpt lat="47.1442208451" lon="9.5371985061">
				<ele>1160.3</ele>
				<extensions>
					<swisstopo:routepoint_id>1914966495</swisstopo:routepoint_id>
				</extensions>
			</trkpt>
			<trkpt lat="47.1442927051" lon="9.5371748028">
				<ele>1159.3</ele>
				<extensions>
					<swisstopo:routepoint_id>1646598991</swisstopo:routepoint_id>
				</extensions>
			</trkpt>
			<trkpt lat="47.1443475037" lon="9.5371462364">
				<ele>1158.2</ele>
				<extensions>
					<swisstopo:routepoint_id>574055045</swisstopo:routepoint_id>
				</extensions>
			</trkpt>
			<trkpt lat="47.1444037894" lon="9.5370884226">
				<ele>1156.8</ele>
				<extensions>
					<swisstopo:routepoint_id>1692645322</swisstopo:routepoint_id>
				</extensions>
			</trkpt>
			<trkpt lat="47.1444921189" lon="9.5369969813">
				<ele>1154.3</ele>
				<extensions>
					<swisstopo:routepoint_id>1598798598</swisstopo:routepoint_id>
				</extensions>
			</trkpt>
			<trkpt lat="47.1445664357" lon="9.5369426709">
				<ele>1152.9</ele>
				<extensions>
					<swisstopo:routepoint_id>2037821622</swisstopo:routepoint_id>
				</extensions>
			</trkpt>
			<trkpt lat="47.1447203054" lon="9.5368607642">
				<ele>1149.7</ele>
				<extensions>
					<swisstopo:routepoint_id>1240159851</swisstopo:routepoint_id>
				</extensions>
			</trkpt>
			<trkpt lat="47.1448446890" lon="9.5367763161">
				<ele>1146.5</ele>
				<extensions>
					<swisstopo:routepoint_id>1923954390</swisstopo:routepoint_id>
				</extensions>
			</trkpt>
			<trkpt lat="47.1448631785" lon="9.5367546983">
				<ele>1145.8</ele>
				<extensions>
					<swisstopo:routepoint_id>191390907</swisstopo:routepoint_id>
				</extensions>
			</trkpt>
			<trkpt lat="47.1448560297" lon="9.5367292947">
				<ele>1144.2</ele>
				<extensions>
					<swisstopo:routepoint_id>1064234110</swisstopo:routepoint_id>
				</extensions>
			</trkpt>
			<trkpt lat="47.1448151079" lon="9.5367276899">
				<ele>1143.5</ele>
				<extensions>
					<swisstopo:routepoint_id>633946011</swisstopo:routepoint_id>
				</extensions>
			</trkpt>
			<trkpt lat="47.1445037928" lon="9.5367224700">
				<ele>1138.4</ele>
				<extensions>
					<swisstopo:routepoint_id>2106506179</swisstopo:routepoint_id>
				</extensions>
			</trkpt>
			<trkpt lat="47.1443095591" lon="9.5367204330">
				<ele>1133.9</ele>
				<extensions>
					<swisstopo:routepoint_id>1476672073</swisstopo:routepoint_id>
				</extensions>
			</trkpt>
			<trkpt lat="47.1442316051" lon="9.5367131819">
				<ele>1132.5</ele>
				<extensions>
					<swisstopo:routepoint_id>532007562</swisstopo:routepoint_id>
				</extensions>
			</trkpt>
			<trkpt lat="47.1441643964" lon="9.5366910131">
				<ele>1131.1</ele>
				<extensions>
					<swisstopo:routepoint_id>1956749960</swisstopo:routepoint_id>
				</extensions>
			</trkpt>
			<trkpt lat="47.1440932234" lon="9.5366770524">
				<ele>1129.8</ele>
				<extensions>
					<swisstopo:routepoint_id>1426192761</swisstopo:routepoint_id>
				</extensions>
			</trkpt>
			<trkpt lat="47.1439438162" lon="9.5366711933">
				<ele>1126.8</ele>
				<extensions>
					<swisstopo:routepoint_id>1485703490</swisstopo:routepoint_id>
				</extensions>
			</trkpt>
			<trkpt lat="47.1438373892" lon="9.5366586450">
				<ele>1124.7</ele>
				<extensions>
					<swisstopo:routepoint_id>581711862</swisstopo:routepoint_id>
				</extensions>
			</trkpt>
			<trkpt lat="47.1437967215" lon="9.5366430971">
				<ele>1124.0</ele>
				<extensions>
					<swisstopo:routepoint_id>1225762619</swisstopo:routepoint_id>
				</extensions>
			</trkpt>
			<trkpt lat="47.1437612945" lon="9.5366012313">
				<ele>1123.3</ele>
				<extensions>
					<swisstopo:routepoint_id>1006669955</swisstopo:routepoint_id>
				</extensions>
			</trkpt>
			<trkpt lat="47.1437508415" lon="9.5365477781">
				<ele>1122.3</ele>
				<extensions>
					<swisstopo:routepoint_id>655152932</swisstopo:routepoint_id>
				</extensions>
			</trkpt>
			<trkpt lat="47.1437710593" lon="9.5365360023">
				<ele>1121.7</ele>
				<extensions>
					<swisstopo:routepoint_id>444561835</swisstopo:routepoint_id>
				</extensions>
			</trkpt>
			<trkpt lat="47.1438138779" lon="9.5365376813">
				<ele>1120.8</ele>
				<extensions>
					<swisstopo:routepoint_id>62124211</swisstopo:routepoint_id>
				</extensions>
			</trkpt>
			<trkpt lat="47.1438720565" lon="9.5365329868">
				<ele>1119.7</ele>
				<extensions>
					<swisstopo:routepoint_id>1757268086</swisstopo:routepoint_id>
				</extensions>
			</trkpt>
			<trkpt lat="47.1439194252" lon="9.5364943677">
				<ele>1118.6</ele>
				<extensions>
					<swisstopo:routepoint_id>1640456496</swisstopo:routepoint_id>
				</extensions>
			</trkpt>
			<trkpt lat="47.1440043864" lon="9.5364307022">
				<ele>1116.2</ele>
				<extensions>
					<swisstopo:routepoint_id>1271057315</swisstopo:routepoint_id>
				</extensions>
			</trkpt>
			<trkpt lat="47.1441839704" lon="9.5363484187">
				<ele>1112.7</ele>
				<extensions>
					<swisstopo:routepoint_id>1479944467</swisstopo:routepoint_id>
				</extensions>
			</trkpt>
			<trkpt lat="47.1443267507" lon="9.5362479272">
				<ele>1109.4</ele>
				<extensions>
					<swisstopo:routepoint_id>1618846330</swisstopo:routepoint_id>
				</extensions>
			</trkpt>
			<trkpt lat="47.1444659467" lon="9.5361347535">
				<ele>1106.6</ele>
				<extensions>
					<swisstopo:routepoint_id>2131097228</swisstopo:routepoint_id>
				</extensions>
			</trkpt>
			<trkpt lat="47.1445888432" lon="9.5360533707">
				<ele>1104.8</ele>
				<extensions>
					<swisstopo:routepoint_id>286210923</swisstopo:routepoint_id>
				</extensions>
			</trkpt>
			<trkpt lat="47.1447140726" lon="9.5359619767">
				<ele>1101.0</ele>
				<extensions>
					<swisstopo:routepoint_id>1853494615</swisstopo:routepoint_id>
				</extensions>
			</trkpt>
			<trkpt lat="47.1448621181" lon="9.5358337829">
				<ele>1097.0</ele>
				<extensions>
					<swisstopo:routepoint_id>784509764</swisstopo:routepoint_id>
				</extensions>
			</trkpt>
			<trkpt lat="47.1449627923" lon="9.5357571208">
				<ele>1094.5</ele>
				<extensions>
					<swisstopo:routepoint_id>201800511</swisstopo:routepoint_id>
				</extensions>
			</trkpt>
			<trkpt lat="47.1450512418" lon="9.5356852148">
				<ele>1091.9</ele>
				<extensions>
					<swisstopo:routepoint_id>86386669</swisstopo:routepoint_id>
				</extensions>
			</trkpt>
			<trkpt lat="47.1451586743" lon="9.5356297463">
				<ele>1090.1</ele>
				<extensions>
					<swisstopo:routepoint_id>1371394560</swisstopo:routepoint_id>
				</extensions>
			</trkpt>
			<trkpt lat="47.1452277444" lon="9.5356021059">
				<ele>1088.9</ele>
				<extensions>
					<swisstopo:routepoint_id>947647416</swisstopo:routepoint_id>
				</extensions>
			</trkpt>
			<trkpt lat="47.1452629428" lon="9.5355909165">
				<ele>1088.8</ele>
				<extensions>
					<swisstopo:routepoint_id>1299381737</swisstopo:routepoint_id>
				</extensions>
			</trkpt>
			<trkpt lat="47.1453507299" lon="9.5355158444">
				<ele>1086.0</ele>
				<extensions>
					<swisstopo:routepoint_id>1483523801</swisstopo:routepoint_id>
				</extensions>
			</trkpt>
			<trkpt lat="47.1454507078" lon="9.5354778878">
				<ele>1083.8</ele>
				<extensions>
					<swisstopo:routepoint_id>1374288698</swisstopo:routepoint_id>
				</extensions>
			</trkpt>
			<trkpt lat="47.1455764808" lon="9.5354346648">
				<ele>1080.4</ele>
				<extensions>
					<swisstopo:routepoint_id>1890996893</swisstopo:routepoint_id>
				</extensions>
			</trkpt>
			<trkpt lat="47.1456915531" lon="9.5353910093">
				<ele>1078.4</ele>
				<extensions>
					<swisstopo:routepoint_id>547237221</swisstopo:routepoint_id>
				</extensions>
			</trkpt>
			<trkpt lat="47.1457773143" lon="9.5353880932">
				<ele>1076.6</ele>
				<extensions>
					<swisstopo:routepoint_id>1731742316</swisstopo:routepoint_id>
				</extensions>
			</trkpt>
			<trkpt lat="47.1458650529" lon="9.5353161576">
				<ele>1074.6</ele>
				<extensions>
					<swisstopo:routepoint_id>135670369</swisstopo:routepoint_id>
				</extensions>
			</trkpt>
			<trkpt lat="47.1459161028" lon="9.5352972269">
				<ele>1073.3</ele>
				<extensions>
					<swisstopo:routepoint_id>1525619707</swisstopo:routepoint_id>
				</extensions>
			</trkpt>
			<trkpt lat="47.1459759078" lon="9.5353079458">
				<ele>1071.6</ele>
				<extensions>
					<swisstopo:routepoint_id>1775115633</swisstopo:routepoint_id>
				</extensions>
			</trkpt>
			<trkpt lat="47.1460433434" lon="9.5353304768">
				<ele>1070.6</ele>
				<extensions>
					<swisstopo:routepoint_id>73830736</swisstopo:routepoint_id>
				</extensions>
			</trkpt>
			<trkpt lat="47.1461073708" lon="9.5353445006">
				<ele>1069.2</ele>
				<extensions>
					<swisstopo:routepoint_id>2074146241</swisstopo:routepoint_id>
				</extensions>
			</trkpt>
			<trkpt lat="47.1461822221" lon="9.5353526699">
				<ele>1068.4</ele>
				<extensions>
					<swisstopo:routepoint_id>400947840</swisstopo:routepoint_id>
				</extensions>
			</trkpt>
			<trkpt lat="47.1462318561" lon="9.5353724071">
				<ele>1067.2</ele>
				<extensions>
					<swisstopo:routepoint_id>996526799</swisstopo:routepoint_id>
				</extensions>
			</trkpt>
			<trkpt lat="47.1463271825" lon="9.5354326715">
				<ele>1064.8</ele>
				<extensions>
					<swisstopo:routepoint_id>1302962294</swisstopo:routepoint_id>
				</extensions>
			</trkpt>
			<trkpt lat="47.1464030925" lon="9.5354607723">
				<ele>1066.0</ele>
				<extensions>
					<swisstopo:routepoint_id>546052275</swisstopo:routepoint_id>
				</extensions>
			</trkpt>
			<trkpt lat="47.1464414407" lon="9.5354727468">
				<ele>1066.5</ele>
				<extensions>
					<swisstopo:routepoint_id>1916885567</swisstopo:routepoint_id>
				</extensions>
			</trkpt>
			<trkpt lat="47.1464697934" lon="9.5354455946">
				<ele>1064.3</ele>
				<extensions>
					<swisstopo:routepoint_id>1666148400</swisstopo:routepoint_id>
				</extensions>
			</trkpt>
			<trkpt lat="47.1464777439" lon="9.5354008922">
				<ele>1061.5</ele>
				<extensions>
					<swisstopo:routepoint_id>522435848</swisstopo:routepoint_id>
				</extensions>
			</trkpt>
			<trkpt lat="47.1464541325" lon="9.5353643682">
				<ele>1059.9</ele>
				<extensions>
					<swisstopo:routepoint_id>1792816415</swisstopo:routepoint_id>
				</extensions>
			</trkpt>
			<trkpt lat="47.1464009198" lon="9.5353444908">
				<ele>1059.1</ele>
				<extensions>
					<swisstopo:routepoint_id>1604043258</swisstopo:routepoint_id>
				</extensions>
			</trkpt>
			<trkpt lat="47.1463433350" lon="9.5352909299">
				<ele>1057.4</ele>
				<extensions>
					<swisstopo:routepoint_id>359776909</swisstopo:routepoint_id>
				</extensions>
			</trkpt>
			<trkpt lat="47.1463039056" lon="9.5352203000">
				<ele>1056.1</ele>
				<extensions>
					<swisstopo:routepoint_id>48958530</swisstopo:routepoint_id>
				</extensions>
			</trkpt>
			<trkpt lat="47.1462510070" lon="9.5351051573">
				<ele>1054.1</ele>
				<extensions>
					<swisstopo:routepoint_id>1963493197</swisstopo:routepoint_id>
				</extensions>
			</trkpt>
			<trkpt lat="47.1462044469" lon="9.5350342354">
				<ele>1052.7</ele>
				<extensions>
					<swisstopo:routepoint_id>282623302</swisstopo:routepoint_id>
				</extensions>
			</trkpt>
			<trkpt lat="47.1461670376" lon="9.5350097418">
				<ele>1053.0</ele>
				<extensions>
					<swisstopo:routepoint_id>1809923751</swisstopo:routepoint_id>
				</extensions>
			</trkpt>
			<trkpt lat="47.1461342657" lon="9.5350053181">
				<ele>1053.7</ele>
				<extensions>
					<swisstopo:routepoint_id>430447721</swisstopo:routepoint_id>
				</extensions>
			</trkpt>
			<trkpt lat="47.1461047447" lon="9.5349790360">
				<ele>1053.1</ele>
				<extensions>
					<swisstopo:routepoint_id>1384064575</swisstopo:routepoint_id>
				</extensions>
			</trkpt>
			<trkpt lat="47.1460694539" lon="9.5349425056">
				<ele>1052.3</ele>
				<extensions>
					<swisstopo:routepoint_id>2025287075</swisstopo:routepoint_id>
				</extensions>
			</trkpt>
			<trkpt lat="47.1460713338" lon="9.5349010593">
				<ele>1051.6</ele>
				<extensions>
					<swisstopo:routepoint_id>949986239</swisstopo:routepoint_id>
				</extensions>
			</trkpt>
			<trkpt lat="47.1460718303" lon="9.5348708241">
				<ele>1050.2</ele>
				<extensions>
					<swisstopo:routepoint_id>1464337037</swisstopo:routepoint_id>
				</extensions>
			</trkpt>
			<trkpt lat="47.1460626581" lon="9.5348512607">
				<ele>1049.4</ele>
				<extensions>
					<swisstopo:routepoint_id>1523909937</swisstopo:routepoint_id>
				</extensions>
			</trkpt>
			<trkpt lat="47.1460394694" lon="9.5348172091">
				<ele>1048.6</ele>
				<extensions>
					<swisstopo:routepoint_id>905619118</swisstopo:routepoint_id>
				</extensions>
			</trkpt>
			<trkpt lat="47.1459738744" lon="9.5347588225">
				<ele>1047.4</ele>
				<extensions>
					<swisstopo:routepoint_id>1092386703</swisstopo:routepoint_id>
				</extensions>
			</trkpt>
			<trkpt lat="47.1459061285" lon="9.5346881128">
				<ele>1045.7</ele>
				<extensions>
					<swisstopo:routepoint_id>579388543</swisstopo:routepoint_id>
				</extensions>
			</trkpt>
			<trkpt lat="47.1458512252" lon="9.5346301197">
				<ele>1044.8</ele>
				<extensions>
					<swisstopo:routepoint_id>808710858</swisstopo:routepoint_id>
				</extensions>
			</trkpt>
			<trkpt lat="47.1458137664" lon="9.5345954963">
				<ele>1044.4</ele>
				<extensions>
					<swisstopo:routepoint_id>1654199560</swisstopo:routepoint_id>
				</extensions>
			</trkpt>
			<trkpt lat="47.1457635423" lon="9.5345429354">
				<ele>1043.1</ele>
				<extensions>
					<swisstopo:routepoint_id>960824879</swisstopo:routepoint_id>
				</extensions>
			</trkpt>
			<trkpt lat="47.1457379482" lon="9.5345105301">
				<ele>1042.8</ele>
				<extensions>
					<swisstopo:routepoint_id>1327364845</swisstopo:routepoint_id>
				</extensions>
			</trkpt>
			<trkpt lat="47.1457221437" lon="9.5344628000">
				<ele>1042.7</ele>
				<extensions>
					<swisstopo:routepoint_id>283352092</swisstopo:routepoint_id>
				</extensions>
			</trkpt>
			<trkpt lat="47.1457662860" lon="9.5344575388">
				<ele>1042.0</ele>
				<extensions>
					<swisstopo:routepoint_id>400457970</swisstopo:routepoint_id>
				</extensions>
			</trkpt>
			<trkpt lat="47.1457996545" lon="9.5344553780">
				<ele>1040.9</ele>
				<extensions>
					<swisstopo:routepoint_id>738424969</swisstopo:routepoint_id>
				</extensions>
			</trkpt>
			<trkpt lat="47.1458351844" lon="9.5344654751">
				<ele>1040.2</ele>
				<extensions>
					<swisstopo:routepoint_id>941604416</swisstopo:routepoint_id>
				</extensions>
			</trkpt>
			<trkpt lat="47.1458944103" lon="9.5344817746">
				<ele>1039.1</ele>
				<extensions>
					<swisstopo:routepoint_id>2083525314</swisstopo:routepoint_id>
				</extensions>
			</trkpt>
			<trkpt lat="47.1459287761" lon="9.5344900858">
				<ele>1038.3</ele>
				<extensions>
					<swisstopo:routepoint_id>2052416604</swisstopo:routepoint_id>
				</extensions>
			</trkpt>
			<trkpt lat="47.1459741050" lon="9.5344848968">
				<ele>1037.2</ele>
				<extensions>
					<swisstopo:routepoint_id>568968264</swisstopo:routepoint_id>
				</extensions>
			</trkpt>
			<trkpt lat="47.1460192432" lon="9.5344901345">
				<ele>1036.1</ele>
				<extensions>
					<swisstopo:routepoint_id>777661358</swisstopo:routepoint_id>
				</extensions>
			</trkpt>
			<trkpt lat="47.1460738314" lon="9.5344992491">
				<ele>1035.6</ele>
				<extensions>
					<swisstopo:routepoint_id>590613856</swisstopo:routepoint_id>
				</extensions>
			</trkpt>
			<trkpt lat="47.1461209616" lon="9.5345067804">
				<ele>1035.0</ele>
				<extensions>
					<swisstopo:routepoint_id>1565256458</swisstopo:routepoint_id>
				</extensions>
			</trkpt>
			<trkpt lat="47.1461462359" lon="9.5345108310">
				<ele>1034.6</ele>
				<extensions>
					<swisstopo:routepoint_id>489847687</swisstopo:routepoint_id>
				</extensions>
			</trkpt>
			<trkpt lat="47.1461949211" lon="9.5345179611">
				<ele>1033.7</ele>
				<extensions>
					<swisstopo:routepoint_id>2712382</swisstopo:routepoint_id>
				</extensions>
			</trkpt>
			<trkpt lat="47.1462517008" lon="9.5345376475">
				<ele>1033.1</ele>
				<extensions>
					<swisstopo:routepoint_id>551724704</swisstopo:routepoint_id>
				</extensions>
			</trkpt>
			<trkpt lat="47.1463261942" lon="9.5345550993">
				<ele>1031.8</ele>
				<extensions>
					<swisstopo:routepoint_id>2111867760</swisstopo:routepoint_id>
				</extensions>
			</trkpt>
			<trkpt lat="47.1463756431" lon="9.5346240379">
				<ele>1030.6</ele>
				<extensions>
					<swisstopo:routepoint_id>1506954633</swisstopo:routepoint_id>
				</extensions>
			</trkpt>
			<trkpt lat="47.1464345135" lon="9.5346860252">
				<ele>1029.2</ele>
				<extensions>
					<swisstopo:routepoint_id>103585929</swisstopo:routepoint_id>
				</extensions>
			</trkpt>
			<trkpt lat="47.1464881989" lon="9.5347184900">
				<ele>1028.2</ele>
				<extensions>
					<swisstopo:routepoint_id>723713391</swisstopo:routepoint_id>
				</extensions>
			</trkpt>
			<trkpt lat="47.1465428711" lon="9.5347363262">
				<ele>1027.2</ele>
				<extensions>
					<swisstopo:routepoint_id>2132960566</swisstopo:routepoint_id>
				</extensions>
			</trkpt>
			<trkpt lat="47.1466288467" lon="9.5347606394">
				<ele>1025.8</ele>
				<extensions>
					<swisstopo:routepoint_id>1003401830</swisstopo:routepoint_id>
				</extensions>
			</trkpt>
			<trkpt lat="47.1466977787" lon="9.5347800907">
				<ele>1023.4</ele>
				<extensions>
					<swisstopo:routepoint_id>282182858</swisstopo:routepoint_id>
				</extensions>
			</trkpt>
			<trkpt lat="47.1467425850" lon="9.5347902213">
				<ele>1020.5</ele>
				<extensions>
					<swisstopo:routepoint_id>1072544768</swisstopo:routepoint_id>
				</extensions>
			</trkpt>
			<trkpt lat="47.1467718774" lon="9.5348290497">
				<ele>1019.7</ele>
				<extensions>
					<swisstopo:routepoint_id>645701637</swisstopo:routepoint_id>
				</extensions>
			</trkpt>
			<trkpt lat="47.1468068848" lon="9.5349068531">
				<ele>1020.3</ele>
				<extensions>
					<swisstopo:routepoint_id>1863098992</swisstopo:routepoint_id>
				</extensions>
			</trkpt>
			<trkpt lat="47.1468476487" lon="9.5349827716">
				<ele>1020.5</ele>
				<extensions>
					<swisstopo:routepoint_id>129928392</swisstopo:routepoint_id>
				</extensions>
			</trkpt>
			<trkpt lat="47.1468950720" lon="9.5350453529">
				<ele>1019.2</ele>
				<extensions>
					<swisstopo:routepoint_id>1842624597</swisstopo:routepoint_id>
				</extensions>
			</trkpt>
			<trkpt lat="47.1469487095" lon="9.5350809542">
				<ele>1018.2</ele>
				<extensions>
					<swisstopo:routepoint_id>276227452</swisstopo:routepoint_id>
				</extensions>
			</trkpt>
			<trkpt lat="47.1470202536" lon="9.5351130778">
				<ele>1016.8</ele>
				<extensions>
					<swisstopo:routepoint_id>1699782899</swisstopo:routepoint_id>
				</extensions>
			</trkpt>
			<trkpt lat="47.1470825464" lon="9.5351437843">
				<ele>1014.8</ele>
				<extensions>
					<swisstopo:routepoint_id>755496109</swisstopo:routepoint_id>
				</extensions>
			</trkpt>
			<trkpt lat="47.1471246307" lon="9.5351862538">
				<ele>1012.7</ele>
				<extensions>
					<swisstopo:routepoint_id>835809248</swisstopo:routepoint_id>
				</extensions>
			</trkpt>
			<trkpt lat="47.1471627446" lon="9.5352505671">
				<ele>1013.0</ele>
				<extensions>
					<swisstopo:routepoint_id>2055281149</swisstopo:routepoint_id>
				</extensions>
			</trkpt>
			<trkpt lat="47.1472005781" lon="9.5352907867">
				<ele>1012.1</ele>
				<extensions>
					<swisstopo:routepoint_id>1014641247</swisstopo:routepoint_id>
				</extensions>
			</trkpt>
			<trkpt lat="47.1472351987" lon="9.5353507709">
				<ele>1011.2</ele>
				<extensions>
					<swisstopo:routepoint_id>1428819943</swisstopo:routepoint_id>
				</extensions>
			</trkpt>
			<trkpt lat="47.1472649348" lon="9.5354042716">
				<ele>1010.6</ele>
				<extensions>
					<swisstopo:routepoint_id>623745850</swisstopo:routepoint_id>
				</extensions>
			</trkpt>
			<trkpt lat="47.1473154457" lon="9.5354544182">
				<ele>1011.5</ele>
				<extensions>
					<swisstopo:routepoint_id>1000884343</swisstopo:routepoint_id>
				</extensions>
			</trkpt>
			<trkpt lat="47.1473567202" lon="9.5354623135">
				<ele>1009.8</ele>
				<extensions>
					<swisstopo:routepoint_id>1461017963</swisstopo:routepoint_id>
				</extensions>
			</trkpt>
			<trkpt lat="47.1473928279" lon="9.5354407005">
				<ele>1008.5</ele>
				<extensions>
					<swisstopo:routepoint_id>926825722</swisstopo:routepoint_id>
				</extensions>
			</trkpt>
			<trkpt lat="47.1474280589" lon="9.5353886914">
				<ele>1007.0</ele>
				<extensions>
					<swisstopo:routepoint_id>2020915582</swisstopo:routepoint_id>
				</extensions>
			</trkpt>
			<trkpt lat="47.1474646104" lon="9.5353817487">
				<ele>1006.2</ele>
				<extensions>
					<swisstopo:routepoint_id>1695925738</swisstopo:routepoint_id>
				</extensions>
			</trkpt>
			<trkpt lat="47.1475159221" lon="9.5353879409">
				<ele>1004.8</ele>
				<extensions>
					<swisstopo:routepoint_id>1454031793</swisstopo:routepoint_id>
				</extensions>
			</trkpt>
			<trkpt lat="47.1475597791" lon="9.5354116464">
				<ele>1004.0</ele>
				<extensions>
					<swisstopo:routepoint_id>464669755</swisstopo:routepoint_id>
				</extensions>
			</trkpt>
			<trkpt lat="47.1476159670" lon="9.5354243203">
				<ele>1004.4</ele>
				<extensions>
					<swisstopo:routepoint_id>746350726</swisstopo:routepoint_id>
				</extensions>
			</trkpt>
			<trkpt lat="47.1476496873" lon="9.5354162119">
				<ele>1003.1</ele>
				<extensions>
					<swisstopo:routepoint_id>1234972083</swisstopo:routepoint_id>
				</extensions>
			</trkpt>
			<trkpt lat="47.1476930966" lon="9.5353854678">
				<ele>1001.1</ele>
				<extensions>
					<swisstopo:routepoint_id>906751885</swisstopo:routepoint_id>
				</extensions>
			</trkpt>
			<trkpt lat="47.1477451520" lon="9.5353508671">
				<ele>999.3</ele>
				<extensions>
					<swisstopo:routepoint_id>112238793</swisstopo:routepoint_id>
				</extensions>
			</trkpt>
			<trkpt lat="47.1477884375" lon="9.5353274388">
				<ele>998.1</ele>
				<extensions>
					<swisstopo:routepoint_id>1309170565</swisstopo:routepoint_id>
				</extensions>
			</trkpt>
			<trkpt lat="47.1478254843" lon="9.5352932913">
				<ele>996.6</ele>
				<extensions>
					<swisstopo:routepoint_id>306477953</swisstopo:routepoint_id>
				</extensions>
			</trkpt>
			<trkpt lat="47.1478493554" lon="9.5352459548">
				<ele>994.2</ele>
				<extensions>
					<swisstopo:routepoint_id>1923259971</swisstopo:routepoint_id>
				</extensions>
			</trkpt>
			<trkpt lat="47.1479620072" lon="9.5352215902">
				<ele>993.5</ele>
				<extensions>
					<swisstopo:routepoint_id>2060456778</swisstopo:routepoint_id>
				</extensions>
			</trkpt>
			<trkpt lat="47.1480492868" lon="9.5352044473">
				<ele>992.8</ele>
				<extensions>
					<swisstopo:routepoint_id>1768119931</swisstopo:routepoint_id>
				</extensions>
			</trkpt>
			<trkpt lat="47.1481166844" lon="9.5352009157">
				<ele>992.4</ele>
				<extensions>
					<swisstopo:routepoint_id>1259820872</swisstopo:routepoint_id>
				</extensions>
			</trkpt>
			<trkpt lat="47.1481693265" lon="9.5351598101">
				<ele>990.9</ele>
				<extensions>
					<swisstopo:routepoint_id>1319077379</swisstopo:routepoint_id>
				</extensions>
			</trkpt>
			<trkpt lat="47.1482448802" lon="9.5350928660">
				<ele>988.8</ele>
				<extensions>
					<swisstopo:routepoint_id>1070178772</swisstopo:routepoint_id>
				</extensions>
			</trkpt>
			<trkpt lat="47.1483307022" lon="9.5350016612">
				<ele>986.6</ele>
				<extensions>
					<swisstopo:routepoint_id>652345701</swisstopo:routepoint_id>
				</extensions>
			</trkpt>
			<trkpt lat="47.1483893294" lon="9.5349402134">
				<ele>985.1</ele>
				<extensions>
					<swisstopo:routepoint_id>785332709</swisstopo:routepoint_id>
				</extensions>
			</trkpt>
			<trkpt lat="47.1484291774" lon="9.5349088798">
				<ele>984.4</ele>
				<extensions>
					<swisstopo:routepoint_id>224544184</swisstopo:routepoint_id>
				</extensions>
			</trkpt>
			<trkpt lat="47.1484728594" lon="9.5348982586">
				<ele>983.3</ele>
				<extensions>
					<swisstopo:routepoint_id>545093698</swisstopo:routepoint_id>
				</extensions>
			</trkpt>
			<trkpt lat="47.1485273243" lon="9.5349106681">
				<ele>982.6</ele>
				<extensions>
					<swisstopo:routepoint_id>28398076</swisstopo:routepoint_id>
				</extensions>
			</trkpt>
			<trkpt lat="47.1485548657" lon="9.5349068140">
				<ele>982.0</ele>
				<extensions>
					<swisstopo:routepoint_id>534860174</swisstopo:routepoint_id>
				</extensions>
			</trkpt>
			<trkpt lat="47.1485962280" lon="9.5349010367">
				<ele>981.0</ele>
				<extensions>
					<swisstopo:routepoint_id>62385130</swisstopo:routepoint_id>
				</extensions>
			</trkpt>
			<trkpt lat="47.1486494576" lon="9.5349051784">
				<ele>980.0</ele>
				<extensions>
					<swisstopo:routepoint_id>861833735</swisstopo:routepoint_id>
				</extensions>
			</trkpt>
			<trkpt lat="47.1487478664" lon="9.5348925878">
				<ele>977.8</ele>
				<extensions>
					<swisstopo:routepoint_id>2131435506</swisstopo:routepoint_id>
				</extensions>
			</trkpt>
			<trkpt lat="47.1488096909" lon="9.5348867797">
				<ele>976.8</ele>
				<extensions>
					<swisstopo:routepoint_id>1275047496</swisstopo:routepoint_id>
				</extensions>
			</trkpt>
			<trkpt lat="47.1488463588" lon="9.5348758850">
				<ele>975.8</ele>
				<extensions>
					<swisstopo:routepoint_id>139348618</swisstopo:routepoint_id>
				</extensions>
			</trkpt>
			<trkpt lat="47.1488638322" lon="9.5348690378">
				<ele>975.5</ele>
				<extensions>
					<swisstopo:routepoint_id>959329242</swisstopo:routepoint_id>
				</extensions>
			</trkpt>
			<trkpt lat="47.1488845046" lon="9.5348609458">
				<ele>975.1</ele>
				<extensions>
					<swisstopo:routepoint_id>1162281822</swisstopo:routepoint_id>
				</extensions>
			</trkpt>
			<trkpt lat="47.1489206469" lon="9.5348675578">
				<ele>975.7</ele>
				<extensions>
					<swisstopo:routepoint_id>1286872737</swisstopo:routepoint_id>
				</extensions>
			</trkpt>
			<trkpt lat="47.1489730385" lon="9.5348668285">
				<ele>975.9</ele>
				<extensions>
					<swisstopo:routepoint_id>1356516527</swisstopo:routepoint_id>
				</extensions>
			</trkpt>
			<trkpt lat="47.1490108620" lon="9.5348557407">
				<ele>974.9</ele>
				<extensions>
					<swisstopo:routepoint_id>1352176383</swisstopo:routepoint_id>
				</extensions>
			</trkpt>
			<trkpt lat="47.1490548499" lon="9.5348456061">
				<ele>974.0</ele>
				<extensions>
					<swisstopo:routepoint_id>575443032</swisstopo:routepoint_id>
				</extensions>
			</trkpt>
			<trkpt lat="47.1491084874" lon="9.5348288604">
				<ele>972.5</ele>
				<extensions>
					<swisstopo:routepoint_id>464745253</swisstopo:routepoint_id>
				</extensions>
			</trkpt>
			<trkpt lat="47.1491697191" lon="9.5348131108">
				<ele>970.9</ele>
				<extensions>
					<swisstopo:routepoint_id>726290343</swisstopo:routepoint_id>
				</extensions>
			</trkpt>
			<trkpt lat="47.1492376769" lon="9.5347941424">
				<ele>968.3</ele>
				<extensions>
					<swisstopo:routepoint_id>1701854048</swisstopo:routepoint_id>
				</extensions>
			</trkpt>
			<trkpt lat="47.1493102327" lon="9.5347756839">
				<ele>965.6</ele>
				<extensions>
					<swisstopo:routepoint_id>2015339676</swisstopo:routepoint_id>
				</extensions>
			</trkpt>
			<trkpt lat="47.1492611757" lon="9.5347025367">
				<ele>963.3</ele>
				<extensions>
					<swisstopo:routepoint_id>1270185208</swisstopo:routepoint_id>
				</extensions>
			</trkpt>
			<trkpt lat="47.1490979654" lon="9.5346117015">
				<ele>960.9</ele>
				<extensions>
					<swisstopo:routepoint_id>2048535016</swisstopo:routepoint_id>
				</extensions>
			</trkpt>
			<trkpt lat="47.1490020224" lon="9.5345694666">
				<ele>959.1</ele>
				<extensions>
					<swisstopo:routepoint_id>1449580712</swisstopo:routepoint_id>
				</extensions>
			</trkpt>
			<trkpt lat="47.1489226168" lon="9.5345396348">
				<ele>956.6</ele>
				<extensions>
					<swisstopo:routepoint_id>1235397244</swisstopo:routepoint_id>
				</extensions>
			</trkpt>
			<trkpt lat="47.1488349164" lon="9.5345033028">
				<ele>955.5</ele>
				<extensions>
					<swisstopo:routepoint_id>1607715514</swisstopo:routepoint_id>
				</extensions>
			</trkpt>
			<trkpt lat="47.1487280644" lon="9.5344394865">
				<ele>952.8</ele>
				<extensions>
					<swisstopo:routepoint_id>1048474507</swisstopo:routepoint_id>
				</extensions>
			</trkpt>
			<trkpt lat="47.1486540456" lon="9.5344221967">
				<ele>951.9</ele>
				<extensions>
					<swisstopo:routepoint_id>1600676868</swisstopo:routepoint_id>
				</extensions>
			</trkpt>
			<trkpt lat="47.1485785488" lon="9.5344089644">
				<ele>950.7</ele>
				<extensions>
					<swisstopo:routepoint_id>470556046</swisstopo:routepoint_id>
				</extensions>
			</trkpt>
			<trkpt lat="47.1485145642" lon="9.5343797357">
				<ele>949.1</ele>
				<extensions>
					<swisstopo:routepoint_id>269884930</swisstopo:routepoint_id>
				</extensions>
			</trkpt>
			<trkpt lat="47.1484659451" lon="9.5343531537">
				<ele>947.7</ele>
				<extensions>
					<swisstopo:routepoint_id>602849868</swisstopo:routepoint_id>
				</extensions>
			</trkpt>
			<trkpt lat="47.1483971254" lon="9.5343586747">
				<ele>946.8</ele>
				<extensions>
					<swisstopo:routepoint_id>2077116500</swisstopo:routepoint_id>
				</extensions>
			</trkpt>
			<trkpt lat="47.1483156808" lon="9.5343637147">
				<ele>945.2</ele>
				<extensions>
					<swisstopo:routepoint_id>2133679958</swisstopo:routepoint_id>
				</extensions>
			</trkpt>
			<trkpt lat="47.1482626382" lon="9.5343493046">
				<ele>944.6</ele>
				<extensions>
					<swisstopo:routepoint_id>892239216</swisstopo:routepoint_id>
				</extensions>
			</trkpt>
			<trkpt lat="47.1482102689" lon="9.5342979107">
				<ele>943.2</ele>
				<extensions>
					<swisstopo:routepoint_id>1272673848</swisstopo:routepoint_id>
				</extensions>
			</trkpt>
			<trkpt lat="47.1481619672" lon="9.5342548940">
				<ele>942.1</ele>
				<extensions>
					<swisstopo:routepoint_id>379562034</swisstopo:routepoint_id>
				</extensions>
			</trkpt>
			<trkpt lat="47.1481147602" lon="9.5342283669">
				<ele>941.0</ele>
				<extensions>
					<swisstopo:routepoint_id>2143289716</swisstopo:routepoint_id>
				</extensions>
			</trkpt>
			<trkpt lat="47.1480588834" lon="9.5342159036">
				<ele>939.7</ele>
				<extensions>
					<swisstopo:routepoint_id>772771875</swisstopo:routepoint_id>
				</extensions>
			</trkpt>
			<trkpt lat="47.1480309586" lon="9.5342101672">
				<ele>939.2</ele>
				<extensions>
					<swisstopo:routepoint_id>1767276676</swisstopo:routepoint_id>
				</extensions>
			</trkpt>
			<trkpt lat="47.1479848177" lon="9.5342006702">
				<ele>938.4</ele>
				<extensions>
					<swisstopo:routepoint_id>766999710</swisstopo:routepoint_id>
				</extensions>
			</trkpt>
			<trkpt lat="47.1479097241" lon="9.5341648211">
				<ele>936.8</ele>
				<extensions>
					<swisstopo:routepoint_id>1537412402</swisstopo:routepoint_id>
				</extensions>
			</trkpt>
			<trkpt lat="47.1478370322" lon="9.5341517121">
				<ele>935.6</ele>
				<extensions>
					<swisstopo:routepoint_id>1005282993</swisstopo:routepoint_id>
				</extensions>
			</trkpt>
			<trkpt lat="47.1478123630" lon="9.5341198960">
				<ele>934.9</ele>
				<extensions>
					<swisstopo:routepoint_id>1642967217</swisstopo:routepoint_id>
				</extensions>
			</trkpt>
			<trkpt lat="47.1478185025" lon="9.5340920695">
				<ele>933.2</ele>
				<extensions>
					<swisstopo:routepoint_id>1987098302</swisstopo:routepoint_id>
				</extensions>
			</trkpt>
			<trkpt lat="47.1478610297" lon="9.5340662882">
				<ele>931.6</ele>
				<extensions>
					<swisstopo:routepoint_id>1311326488</swisstopo:routepoint_id>
				</extensions>
			</trkpt>
			<trkpt lat="47.1479201979" lon="9.5340521712">
				<ele>930.9</ele>
				<extensions>
					<swisstopo:routepoint_id>310055730</swisstopo:routepoint_id>
				</extensions>
			</trkpt>
			<trkpt lat="47.1479694355" lon="9.5340438125">
				<ele>929.9</ele>
				<extensions>
					<swisstopo:routepoint_id>358933279</swisstopo:routepoint_id>
				</extensions>
			</trkpt>
			<trkpt lat="47.1479920053" lon="9.5340283675">
				<ele>929.1</ele>
				<extensions>
					<swisstopo:routepoint_id>2105723177</swisstopo:routepoint_id>
				</extensions>
			</trkpt>
			<trkpt lat="47.1480376187" lon="9.5339971410">
				<ele>928.0</ele>
				<extensions>
					<swisstopo:routepoint_id>732009999</swisstopo:routepoint_id>
				</extensions>
			</trkpt>
			<trkpt lat="47.1481066633" lon="9.5339792833">
				<ele>927.3</ele>
				<extensions>
					<swisstopo:routepoint_id>459771415</swisstopo:routepoint_id>
				</extensions>
			</trkpt>
			<trkpt lat="47.1482318269" lon="9.5339615782">
				<ele>925.2</ele>
				<extensions>
					<swisstopo:routepoint_id>270395381</swisstopo:routepoint_id>
				</extensions>
			</trkpt>
			<trkpt lat="47.1482922861" lon="9.5339536588">
				<ele>923.9</ele>
				<extensions>
					<swisstopo:routepoint_id>559407021</swisstopo:routepoint_id>
				</extensions>
			</trkpt>
			<trkpt lat="47.1483499641" lon="9.5339526729">
				<ele>922.9</ele>
				<extensions>
					<swisstopo:routepoint_id>71841805</swisstopo:routepoint_id>
				</extensions>
			</trkpt>
			<trkpt lat="47.1483652481" lon="9.5339524141">
				<ele>922.6</ele>
				<extensions>
					<swisstopo:routepoint_id>718217256</swisstopo:routepoint_id>
				</extensions>
			</trkpt>
			<trkpt lat="47.1484244077" lon="9.5339382708">
				<ele>921.6</ele>
				<extensions>
					<swisstopo:routepoint_id>1589285406</swisstopo:routepoint_id>
				</extensions>
			</trkpt>
			<trkpt lat="47.1484724756" lon="9.5339175338">
				<ele>920.9</ele>
				<extensions>
					<swisstopo:routepoint_id>179615863</swisstopo:routepoint_id>
				</extensions>
			</trkpt>
			<trkpt lat="47.1484981533" lon="9.5338979373">
				<ele>920.3</ele>
				<extensions>
					<swisstopo:routepoint_id>207514313</swisstopo:routepoint_id>
				</extensions>
			</trkpt>
			<trkpt lat="47.1485108831" lon="9.5338882136">
				<ele>920.0</ele>
				<extensions>
					<swisstopo:routepoint_id>345383222</swisstopo:routepoint_id>
				</extensions>
			</trkpt>
			<trkpt lat="47.1485562668" lon="9.5338611984">
				<ele>919.0</ele>
				<extensions>
					<swisstopo:routepoint_id>742127114</swisstopo:routepoint_id>
				</extensions>
			</trkpt>
			<trkpt lat="47.1486368698" lon="9.5338252880">
				<ele>917.2</ele>
				<extensions>
					<swisstopo:routepoint_id>41059343</swisstopo:routepoint_id>
				</extensions>
			</trkpt>
			<trkpt lat="47.1487129277" lon="9.5338077038">
				<ele>915.7</ele>
				<extensions>
					<swisstopo:routepoint_id>925335731</swisstopo:routepoint_id>
				</extensions>
			</trkpt>
			<trkpt lat="47.1487505547" lon="9.5338024635">
				<ele>915.0</ele>
				<extensions>
					<swisstopo:routepoint_id>1763197012</swisstopo:routepoint_id>
				</extensions>
			</trkpt>
			<trkpt lat="47.1487705814" lon="9.5337996871">
				<ele>914.9</ele>
				<extensions>
					<swisstopo:routepoint_id>1747402991</swisstopo:routepoint_id>
				</extensions>
			</trkpt>
			<trkpt lat="47.1488129349" lon="9.5337848982">
				<ele>914.1</ele>
				<extensions>
					<swisstopo:routepoint_id>518224168</swisstopo:routepoint_id>
				</extensions>
			</trkpt>
			<trkpt lat="47.1489116054" lon="9.5337579250">
				<ele>912.8</ele>
				<extensions>
					<swisstopo:routepoint_id>1531264488</swisstopo:routepoint_id>
				</extensions>
			</trkpt>
			<trkpt lat="47.1490006157" lon="9.5337223434">
				<ele>911.3</ele>
				<extensions>
					<swisstopo:routepoint_id>1362536407</swisstopo:routepoint_id>
				</extensions>
			</trkpt>
			<trkpt lat="47.1490500861" lon="9.5337016738">
				<ele>910.5</ele>
				<extensions>
					<swisstopo:routepoint_id>190463091</swisstopo:routepoint_id>
				</extensions>
			</trkpt>
			<trkpt lat="47.1490910749" lon="9.5336847600">
				<ele>909.8</ele>
				<extensions>
					<swisstopo:routepoint_id>1015169158</swisstopo:routepoint_id>
				</extensions>
			</trkpt>
			<trkpt lat="47.1491585008" lon="9.5336791835">
				<ele>908.9</ele>
				<extensions>
					<swisstopo:routepoint_id>1475457181</swisstopo:routepoint_id>
				</extensions>
			</trkpt>
			<trkpt lat="47.1492023605" lon="9.5336582941">
				<ele>908.2</ele>
				<extensions>
					<swisstopo:routepoint_id>1525699423</swisstopo:routepoint_id>
				</extensions>
			</trkpt>
			<trkpt lat="47.1492451172" lon="9.5336208872">
				<ele>907.1</ele>
				<extensions>
					<swisstopo:routepoint_id>1544357295</swisstopo:routepoint_id>
				</extensions>
			</trkpt>
			<trkpt lat="47.1492644073" lon="9.5336081492">
				<ele>906.8</ele>
				<extensions>
					<swisstopo:routepoint_id>1248946839</swisstopo:routepoint_id>
				</extensions>
			</trkpt>
			<trkpt lat="47.1492891353" lon="9.5335917868">
				<ele>906.2</ele>
				<extensions>
					<swisstopo:routepoint_id>1164598971</swisstopo:routepoint_id>
				</extensions>
			</trkpt>
			<trkpt lat="47.1493441707" lon="9.5335733788">
				<ele>905.6</ele>
				<extensions>
					<swisstopo:routepoint_id>760702966</swisstopo:routepoint_id>
				</extensions>
			</trkpt>
			<trkpt lat="47.1494780064" lon="9.5335152301">
				<ele>903.8</ele>
				<extensions>
					<swisstopo:routepoint_id>1536389842</swisstopo:routepoint_id>
				</extensions>
			</trkpt>
			<trkpt lat="47.1495998555" lon="9.5334482618">
				<ele>900.7</ele>
				<extensions>
					<swisstopo:routepoint_id>1478426976</swisstopo:routepoint_id>
				</extensions>
			</trkpt>
			<trkpt lat="47.1495390899" lon="9.5334142134">
				<ele>899.9</ele>
				<extensions>
					<swisstopo:routepoint_id>783848582</swisstopo:routepoint_id>
				</extensions>
			</trkpt>
			<trkpt lat="47.1495064514" lon="9.5334024627">
				<ele>899.6</ele>
				<extensions>
					<swisstopo:routepoint_id>1805098193</swisstopo:routepoint_id>
				</extensions>
			</trkpt>
			<trkpt lat="47.1494578055" lon="9.5333803246">
				<ele>898.5</ele>
				<extensions>
					<swisstopo:routepoint_id>1352075300</swisstopo:routepoint_id>
				</extensions>
			</trkpt>
			<trkpt lat="47.1494133851" lon="9.5333618340">
				<ele>896.9</ele>
				<extensions>
					<swisstopo:routepoint_id>627702252</swisstopo:routepoint_id>
				</extensions>
			</trkpt>
			<trkpt lat="47.1493836986" lon="9.5333446069">
				<ele>896.2</ele>
				<extensions>
					<swisstopo:routepoint_id>1469301015</swisstopo:routepoint_id>
				</extensions>
			</trkpt>
			<trkpt lat="47.1494187767" lon="9.5333271449">
				<ele>895.7</ele>
				<extensions>
					<swisstopo:routepoint_id>1471395460</swisstopo:routepoint_id>
				</extensions>
			</trkpt>
			<trkpt lat="47.1494623860" lon="9.5333121019">
				<ele>895.6</ele>
				<extensions>
					<swisstopo:routepoint_id>1751857690</swisstopo:routepoint_id>
				</extensions>
			</trkpt>
			<trkpt lat="47.1495150352" lon="9.5332967133">
				<ele>894.7</ele>
				<extensions>
					<swisstopo:routepoint_id>1039155642</swisstopo:routepoint_id>
				</extensions>
			</trkpt>
			<trkpt lat="47.1495591211" lon="9.5332816881">
				<ele>893.6</ele>
				<extensions>
					<swisstopo:routepoint_id>776411602</swisstopo:routepoint_id>
				</extensions>
			</trkpt>
			<trkpt lat="47.1496084692" lon="9.5332647720">
				<ele>892.5</ele>
				<extensions>
					<swisstopo:routepoint_id>777162608</swisstopo:routepoint_id>
				</extensions>
			</trkpt>
			<trkpt lat="47.1496468360" lon="9.5332495236">
				<ele>892.3</ele>
				<extensions>
					<swisstopo:routepoint_id>663061213</swisstopo:routepoint_id>
				</extensions>
			</trkpt>
			<trkpt lat="47.1496857911" lon="9.5332108722">
				<ele>892.0</ele>
				<extensions>
					<swisstopo:routepoint_id>1747337534</swisstopo:routepoint_id>
				</extensions>
			</trkpt>
			<trkpt lat="47.1496999042" lon="9.5331958214">
				<ele>891.8</ele>
				<extensions>
					<swisstopo:routepoint_id>285676997</swisstopo:routepoint_id>
				</extensions>
			</trkpt>
			<trkpt lat="47.1497357611" lon="9.5331553469">
				<ele>890.8</ele>
				<extensions>
					<swisstopo:routepoint_id>10238851</swisstopo:routepoint_id>
				</extensions>
			</trkpt>
			<trkpt lat="47.1497698918" lon="9.5331113108">
				<ele>889.2</ele>
				<extensions>
					<swisstopo:routepoint_id>1795980269</swisstopo:routepoint_id>
				</extensions>
			</trkpt>
			<trkpt lat="47.1497985139" lon="9.5330757895">
				<ele>887.7</ele>
				<extensions>
					<swisstopo:routepoint_id>448335135</swisstopo:routepoint_id>
				</extensions>
			</trkpt>
			<trkpt lat="47.1498227572" lon="9.5330514403">
				<ele>887.0</ele>
				<extensions>
					<swisstopo:routepoint_id>1633734411</swisstopo:routepoint_id>
				</extensions>
			</trkpt>
			<trkpt lat="47.1498492181" lon="9.5330367672">
				<ele>887.4</ele>
				<extensions>
					<swisstopo:routepoint_id>590281472</swisstopo:routepoint_id>
				</extensions>
			</trkpt>
			<trkpt lat="47.1498668516" lon="9.5330488007">
				<ele>888.2</ele>
				<extensions>
					<swisstopo:routepoint_id>1695329524</swisstopo:routepoint_id>
				</extensions>
			</trkpt>
			<trkpt lat="47.1498841817" lon="9.5330661252">
				<ele>889.2</ele>
				<extensions>
					<swisstopo:routepoint_id>2130590686</swisstopo:routepoint_id>
				</extensions>
			</trkpt>
			<trkpt lat="47.1498943130" lon="9.5330849478">
				<ele>889.5</ele>
				<extensions>
					<swisstopo:routepoint_id>1085943156</swisstopo:routepoint_id>
				</extensions>
			</trkpt>
			<trkpt lat="47.1499042105" lon="9.5331166090">
				<ele>888.9</ele>
				<extensions>
					<swisstopo:routepoint_id>1723085793</swisstopo:routepoint_id>
				</extensions>
			</trkpt>
			<trkpt lat="47.1499168863" lon="9.5331528366">
				<ele>887.4</ele>
				<extensions>
					<swisstopo:routepoint_id>673339348</swisstopo:routepoint_id>
				</extensions>
			</trkpt>
			<trkpt lat="47.1499359167" lon="9.5332072512">
				<ele>886.0</ele>
				<extensions>
					<swisstopo:routepoint_id>727708259</swisstopo:routepoint_id>
				</extensions>
			</trkpt>
			<trkpt lat="47.1499728585" lon="9.5333068445">
				<ele>885.0</ele>
				<extensions>
					<swisstopo:routepoint_id>1504700133</swisstopo:routepoint_id>
				</extensions>
			</trkpt>
			<trkpt lat="47.1499903168" lon="9.5333616202">
				<ele>883.8</ele>
				<extensions>
					<swisstopo:routepoint_id>1622680998</swisstopo:routepoint_id>
				</extensions>
			</trkpt>
			<trkpt lat="47.1500173673" lon="9.5334124049">
				<ele>882.9</ele>
				<extensions>
					<swisstopo:routepoint_id>1052691912</swisstopo:routepoint_id>
				</extensions>
			</trkpt>
			<trkpt lat="47.1500514691" lon="9.5334678325">
				<ele>882.0</ele>
				<extensions>
					<swisstopo:routepoint_id>1306926604</swisstopo:routepoint_id>
				</extensions>
			</trkpt>
			<trkpt lat="47.1500846784" lon="9.5335075291">
				<ele>881.4</ele>
				<extensions>
					<swisstopo:routepoint_id>368958899</swisstopo:routepoint_id>
				</extensions>
			</trkpt>
			<trkpt lat="47.1501146270" lon="9.5335296340">
				<ele>880.2</ele>
				<extensions>
					<swisstopo:routepoint_id>1611624930</swisstopo:routepoint_id>
				</extensions>
			</trkpt>
			<trkpt lat="47.1501372383" lon="9.5335628084">
				<ele>879.8</ele>
				<extensions>
					<swisstopo:routepoint_id>754213132</swisstopo:routepoint_id>
				</extensions>
			</trkpt>
			<trkpt lat="47.1501555597" lon="9.5336027795">
				<ele>879.6</ele>
				<extensions>
					<swisstopo:routepoint_id>188638072</swisstopo:routepoint_id>
				</extensions>
			</trkpt>
			<trkpt lat="47.1501677536" lon="9.5336521126">
				<ele>879.0</ele>
				<extensions>
					<swisstopo:routepoint_id>578695905</swisstopo:routepoint_id>
				</extensions>
			</trkpt>
			<trkpt lat="47.1501838725" lon="9.5337146975">
				<ele>878.4</ele>
				<extensions>
					<swisstopo:routepoint_id>1489614033</swisstopo:routepoint_id>
				</extensions>
			</trkpt>
			<trkpt lat="47.1502014417" lon="9.5337633707">
				<ele>878.9</ele>
				<extensions>
					<swisstopo:routepoint_id>1896498001</swisstopo:routepoint_id>
				</extensions>
			</trkpt>
			<trkpt lat="47.1502182275" lon="9.5337893269">
				<ele>877.7</ele>
				<extensions>
					<swisstopo:routepoint_id>671944161</swisstopo:routepoint_id>
				</extensions>
			</trkpt>
			<trkpt lat="47.1502323446" lon="9.5338308869">
				<ele>877.1</ele>
				<extensions>
					<swisstopo:routepoint_id>656538521</swisstopo:routepoint_id>
				</extensions>
			</trkpt>
			<trkpt lat="47.1502428534" lon="9.5338749179">
				<ele>876.5</ele>
				<extensions>
					<swisstopo:routepoint_id>1598992497</swisstopo:routepoint_id>
				</extensions>
			</trkpt>
			<trkpt lat="47.1502538289" lon="9.5339259583">
				<ele>875.5</ele>
				<extensions>
					<swisstopo:routepoint_id>1881427275</swisstopo:routepoint_id>
				</extensions>
			</trkpt>
			<trkpt lat="47.1502755291" lon="9.5339765341">
				<ele>874.6</ele>
				<extensions>
					<swisstopo:routepoint_id>231764698</swisstopo:routepoint_id>
				</extensions>
			</trkpt>
			<trkpt lat="47.1503075658" lon="9.5340292303">
				<ele>873.9</ele>
				<extensions>
					<swisstopo:routepoint_id>260671054</swisstopo:routepoint_id>
				</extensions>
			</trkpt>
			<trkpt lat="47.1503709986" lon="9.5341070432">
				<ele>872.6</ele>
				<extensions>
					<swisstopo:routepoint_id>554551062</swisstopo:routepoint_id>
				</extensions>
			</trkpt>
			<trkpt lat="47.1504370402" lon="9.5341774796">
				<ele>871.2</ele>
				<extensions>
					<swisstopo:routepoint_id>1259109800</swisstopo:routepoint_id>
				</extensions>
			</trkpt>
			<trkpt lat="47.1505035397" lon="9.5342232696">
				<ele>870.2</ele>
				<extensions>
					<swisstopo:routepoint_id>927069255</swisstopo:routepoint_id>
				</extensions>
			</trkpt>
			<trkpt lat="47.1505640084" lon="9.5342419938">
				<ele>869.0</ele>
				<extensions>
					<swisstopo:routepoint_id>2124284090</swisstopo:routepoint_id>
				</extensions>
			</trkpt>
			<trkpt lat="47.1506073571" lon="9.5342303828">
				<ele>867.9</ele>
				<extensions>
					<swisstopo:routepoint_id>1100508922</swisstopo:routepoint_id>
				</extensions>
			</trkpt>
			<trkpt lat="47.1506593624" lon="9.5341960289">
				<ele>864.9</ele>
				<extensions>
					<swisstopo:routepoint_id>819985903</swisstopo:routepoint_id>
				</extensions>
			</trkpt>
			<trkpt lat="47.1506795268" lon="9.5341629594">
				<ele>864.4</ele>
				<extensions>
					<swisstopo:routepoint_id>1036416960</swisstopo:routepoint_id>
				</extensions>
			</trkpt>
			<trkpt lat="47.1506580365" lon="9.5340998608">
				<ele>863.9</ele>
				<extensions>
					<swisstopo:routepoint_id>937661178</swisstopo:routepoint_id>
				</extensions>
			</trkpt>
			<trkpt lat="47.1505736037" lon="9.5340535793">
				<ele>862.9</ele>
				<extensions>
					<swisstopo:routepoint_id>1638746679</swisstopo:routepoint_id>
				</extensions>
			</trkpt>
			<trkpt lat="47.1505052468" lon="9.5340040514">
				<ele>862.3</ele>
				<extensions>
					<swisstopo:routepoint_id>812734857</swisstopo:routepoint_id>
				</extensions>
			</trkpt>
			<trkpt lat="47.1504664159" lon="9.5339419877">
				<ele>861.8</ele>
				<extensions>
					<swisstopo:routepoint_id>1864386662</swisstopo:routepoint_id>
				</extensions>
			</trkpt>
			<trkpt lat="47.1504321723" lon="9.5338469177">
				<ele>861.0</ele>
				<extensions>
					<swisstopo:routepoint_id>1345562396</swisstopo:routepoint_id>
				</extensions>
			</trkpt>
			<trkpt lat="47.1504034388" lon="9.5337422902">
				<ele>860.0</ele>
				<extensions>
					<swisstopo:routepoint_id>566754063</swisstopo:routepoint_id>
				</extensions>
			</trkpt>
			<trkpt lat="47.1503640422" lon="9.5335650164">
				<ele>858.6</ele>
				<extensions>
					<swisstopo:routepoint_id>196676628</swisstopo:routepoint_id>
				</extensions>
			</trkpt>
			<trkpt lat="47.1503149413" lon="9.5333346029">
				<ele>856.5</ele>
				<extensions>
					<swisstopo:routepoint_id>489127392</swisstopo:routepoint_id>
				</extensions>
			</trkpt>
			<trkpt lat="47.1502741071" lon="9.5331631165">
				<ele>854.8</ele>
				<extensions>
					<swisstopo:routepoint_id>291863020</swisstopo:routepoint_id>
				</extensions>
			</trkpt>
			<trkpt lat="47.1502541032" lon="9.5330178366">
				<ele>853.7</ele>
				<extensions>
					<swisstopo:routepoint_id>674276377</swisstopo:routepoint_id>
				</extensions>
			</trkpt>
			<trkpt lat="47.1502494031" lon="9.5329102334">
				<ele>852.9</ele>
				<extensions>
					<swisstopo:routepoint_id>1051229978</swisstopo:routepoint_id>
				</extensions>
			</trkpt>
			<trkpt lat="47.1502484650" lon="9.5327422745">
				<ele>851.6</ele>
				<extensions>
					<swisstopo:routepoint_id>1871045057</swisstopo:routepoint_id>
				</extensions>
			</trkpt>
			<trkpt lat="47.1502488224" lon="9.5325762927">
				<ele>850.1</ele>
				<extensions>
					<swisstopo:routepoint_id>225503195</swisstopo:routepoint_id>
				</extensions>
			</trkpt>
			<trkpt lat="47.1502551493" lon="9.5324476739">
				<ele>849.0</ele>
				<extensions>
					<swisstopo:routepoint_id>1332559794</swisstopo:routepoint_id>
				</extensions>
			</trkpt>
			<trkpt lat="47.1502745896" lon="9.5323312551">
				<ele>847.9</ele>
				<extensions>
					<swisstopo:routepoint_id>1623565168</swisstopo:routepoint_id>
				</extensions>
			</trkpt>
			<trkpt lat="47.1502967173" lon="9.5322130020">
				<ele>846.8</ele>
				<extensions>
					<swisstopo:routepoint_id>1138555534</swisstopo:routepoint_id>
				</extensions>
			</trkpt>
			<trkpt lat="47.1503144088" lon="9.5321199659">
				<ele>845.9</ele>
				<extensions>
					<swisstopo:routepoint_id>1247261643</swisstopo:routepoint_id>
				</extensions>
			</trkpt>
			<trkpt lat="47.1503059984" lon="9.5320688685">
				<ele>845.4</ele>
				<extensions>
					<swisstopo:routepoint_id>883114580</swisstopo:routepoint_id>
				</extensions>
			</trkpt>
			<trkpt lat="47.1502775735" lon="9.5320208785">
				<ele>844.7</ele>
				<extensions>
					<swisstopo:routepoint_id>968956483</swisstopo:routepoint_id>
				</extensions>
			</trkpt>
			<trkpt lat="47.1502496979" lon="9.5319931437">
				<ele>844.2</ele>
				<extensions>
					<swisstopo:routepoint_id>1297210861</swisstopo:routepoint_id>
				</extensions>
			</trkpt>
			<trkpt lat="47.1501931763" lon="9.5319785203">
				<ele>843.3</ele>
				<extensions>
					<swisstopo:routepoint_id>2120472918</swisstopo:routepoint_id>
				</extensions>
			</trkpt>
			<trkpt lat="47.1501247007" lon="9.5319631654">
				<ele>842.2</ele>
				<extensions>
					<swisstopo:routepoint_id>1414575144</swisstopo:routepoint_id>
				</extensions>
			</trkpt>
			<trkpt lat="47.1500728742" lon="9.5319363007">
				<ele>841.5</ele>
				<extensions>
					<swisstopo:routepoint_id>1716077822</swisstopo:routepoint_id>
				</extensions>
			</trkpt>
			<trkpt lat="47.1499993028" lon="9.5318676702">
				<ele>840.2</ele>
				<extensions>
					<swisstopo:routepoint_id>1133705658</swisstopo:routepoint_id>
				</extensions>
			</trkpt>
			<trkpt lat="47.1499469889" lon="9.5318126920">
				<ele>839.1</ele>
				<extensions>
					<swisstopo:routepoint_id>1168936402</swisstopo:routepoint_id>
				</extensions>
			</trkpt>
			<trkpt lat="47.1498731127" lon="9.5317726846">
				<ele>837.9</ele>
				<extensions>
					<swisstopo:routepoint_id>735659683</swisstopo:routepoint_id>
				</extensions>
			</trkpt>
			<trkpt lat="47.1497469361" lon="9.5317521315">
				<ele>835.9</ele>
				<extensions>
					<swisstopo:routepoint_id>1231266025</swisstopo:routepoint_id>
				</extensions>
			</trkpt>
			<trkpt lat="47.1495849525" lon="9.5317223684">
				<ele>833.5</ele>
				<extensions>
					<swisstopo:routepoint_id>1862750513</swisstopo:routepoint_id>
				</extensions>
			</trkpt>
			<trkpt lat="47.1495236120" lon="9.5317258243">
				<ele>832.6</ele>
				<extensions>
					<swisstopo:routepoint_id>1798645955</swisstopo:routepoint_id>
				</extensions>
			</trkpt>
			<trkpt lat="47.1494646138" lon="9.5317469411">
				<ele>831.6</ele>
				<extensions>
					<swisstopo:routepoint_id>441818862</swisstopo:routepoint_id>
				</extensions>
			</trkpt>
			<trkpt lat="47.1493948892" lon="9.5317715426">
				<ele>830.5</ele>
				<extensions>
					<swisstopo:routepoint_id>752865798</swisstopo:routepoint_id>
				</extensions>
			</trkpt>
			<trkpt lat="47.1493039782" lon="9.5317894713">
				<ele>829.1</ele>
				<extensions>
					<swisstopo:routepoint_id>1565393885</swisstopo:routepoint_id>
				</extensions>
			</trkpt>
			<trkpt lat="47.1492278835" lon="9.5317982202">
				<ele>828.0</ele>
				<extensions>
					<swisstopo:routepoint_id>1547553986</swisstopo:routepoint_id>
				</extensions>
			</trkpt>
			<trkpt lat="47.1491132137" lon="9.5318034936">
				<ele>826.1</ele>
				<extensions>
					<swisstopo:routepoint_id>1544869688</swisstopo:routepoint_id>
				</extensions>
			</trkpt>
			<trkpt lat="47.1489775710" lon="9.5317903646">
				<ele>824.1</ele>
				<extensions>
					<swisstopo:routepoint_id>1167555361</swisstopo:routepoint_id>
				</extensions>
			</trkpt>
			<trkpt lat="47.1488101929" lon="9.5317642954">
				<ele>821.5</ele>
				<extensions>
					<swisstopo:routepoint_id>47473314</swisstopo:routepoint_id>
				</extensions>
			</trkpt>
			<trkpt lat="47.1487266909" lon="9.5317414941">
				<ele>820.2</ele>
				<extensions>
					<swisstopo:routepoint_id>1739634517</swisstopo:routepoint_id>
				</extensions>
			</trkpt>
			<trkpt lat="47.1486314774" lon="9.5317026189">
				<ele>818.7</ele>
				<extensions>
					<swisstopo:routepoint_id>469925448</swisstopo:routepoint_id>
				</extensions>
			</trkpt>
			<trkpt lat="47.1485337532" lon="9.5316558496">
				<ele>817.2</ele>
				<extensions>
					<swisstopo:routepoint_id>1514395556</swisstopo:routepoint_id>
				</extensions>
			</trkpt>
			<trkpt lat="47.1484374663" lon="9.5316032681">
				<ele>815.6</ele>
				<extensions>
					<swisstopo:routepoint_id>356705019</swisstopo:routepoint_id>
				</extensions>
			</trkpt>
			<trkpt lat="47.1483703416" lon="9.5315576706">
				<ele>814.5</ele>
				<extensions>
					<swisstopo:routepoint_id>55602552</swisstopo:routepoint_id>
				</extensions>
			</trkpt>
			<trkpt lat="47.1483088505" lon="9.5314966904">
				<ele>813.3</ele>
				<extensions>
					<swisstopo:routepoint_id>1892835030</swisstopo:routepoint_id>
				</extensions>
			</trkpt>
			<trkpt lat="47.1482528507" lon="9.5314261646">
				<ele>812.1</ele>
				<extensions>
					<swisstopo:routepoint_id>678715921</swisstopo:routepoint_id>
				</extensions>
			</trkpt>
			<trkpt lat="47.1482007284" lon="9.5313616342">
				<ele>811.2</ele>
				<extensions>
					<swisstopo:routepoint_id>1329775750</swisstopo:routepoint_id>
				</extensions>
			</trkpt>
			<trkpt lat="47.1481225452" lon="9.5312868378">
				<ele>809.8</ele>
				<extensions>
					<swisstopo:routepoint_id>19500642</swisstopo:routepoint_id>
				</extensions>
			</trkpt>
			<trkpt lat="47.1480851142" lon="9.5312733981">
				<ele>809.2</ele>
				<extensions>
					<swisstopo:routepoint_id>373865452</swisstopo:routepoint_id>
				</extensions>
			</trkpt>
			<trkpt lat="47.1480492982" lon="9.5312646505">
				<ele>808.6</ele>
				<extensions>
					<swisstopo:routepoint_id>1286825827</swisstopo:routepoint_id>
				</extensions>
			</trkpt>
			<trkpt lat="47.1479884675" lon="9.5312578917">
				<ele>807.9</ele>
				<extensions>
					<swisstopo:routepoint_id>203108130</swisstopo:routepoint_id>
				</extensions>
			</trkpt>
			<trkpt lat="47.1479458517" lon="9.5312386432">
				<ele>807.3</ele>
				<extensions>
					<swisstopo:routepoint_id>406841854</swisstopo:routepoint_id>
				</extensions>
			</trkpt>
			<trkpt lat="47.1479218631" lon="9.5312118807">
				<ele>806.9</ele>
				<extensions>
					<swisstopo:routepoint_id>1447310889</swisstopo:routepoint_id>
				</extensions>
			</trkpt>
			<trkpt lat="47.1478867048" lon="9.5311546218">
				<ele>806.0</ele>
				<extensions>
					<swisstopo:routepoint_id>98088134</swisstopo:routepoint_id>
				</extensions>
			</trkpt>
			<trkpt lat="47.1478372097" lon="9.5310465502">
				<ele>804.8</ele>
				<extensions>
					<swisstopo:routepoint_id>2045909814</swisstopo:routepoint_id>
				</extensions>
			</trkpt>
			<trkpt lat="47.1477944262" lon="9.5309890070">
				<ele>804.0</ele>
				<extensions>
					<swisstopo:routepoint_id>2078224546</swisstopo:routepoint_id>
				</extensions>
			</trkpt>
			<trkpt lat="47.1477340892" lon="9.5309531199">
				<ele>803.1</ele>
				<extensions>
					<swisstopo:routepoint_id>1942914683</swisstopo:routepoint_id>
				</extensions>
			</trkpt>
			<trkpt lat="47.1474744162" lon="9.5308657401">
				<ele>799.1</ele>
				<extensions>
					<swisstopo:routepoint_id>266267112</swisstopo:routepoint_id>
				</extensions>
			</trkpt>
			<trkpt lat="47.1473728293" lon="9.5308457949">
				<ele>797.7</ele>
				<extensions>
					<swisstopo:routepoint_id>228218722</swisstopo:routepoint_id>
				</extensions>
			</trkpt>
			<trkpt lat="47.1472776494" lon="9.5308337633">
				<ele>796.3</ele>
				<extensions>
					<swisstopo:routepoint_id>917169384</swisstopo:routepoint_id>
				</extensions>
			</trkpt>
			<trkpt lat="47.1471106201" lon="9.5307855271">
				<ele>794.0</ele>
				<extensions>
					<swisstopo:routepoint_id>1663916774</swisstopo:routepoint_id>
				</extensions>
			</trkpt>
			<trkpt lat="47.1469197400" lon="9.5306896297">
				<ele>790.7</ele>
				<extensions>
					<swisstopo:routepoint_id>1875425799</swisstopo:routepoint_id>
				</extensions>
			</trkpt>
			<trkpt lat="47.1465763168" lon="9.5305069574">
				<ele>785.1</ele>
				<extensions>
					<swisstopo:routepoint_id>1038268582</swisstopo:routepoint_id>
				</extensions>
			</trkpt>
			<trkpt lat="47.1464468215" lon="9.5304471995">
				<ele>782.9</ele>
				<extensions>
					<swisstopo:routepoint_id>1985529045</swisstopo:routepoint_id>
				</extensions>
			</trkpt>
			<trkpt lat="47.1462869098" lon="9.5303791823">
				<ele>780.4</ele>
				<extensions>
					<swisstopo:routepoint_id>1231340391</swisstopo:routepoint_id>
				</extensions>
			</trkpt>
			<trkpt lat="47.1461826693" lon="9.5303309761">
				<ele>778.7</ele>
				<extensions>
					<swisstopo:routepoint_id>1785192204</swisstopo:routepoint_id>
				</extensions>
			</trkpt>
			<trkpt lat="47.1460220179" lon="9.5302378198">
				<ele>776.1</ele>
				<extensions>
					<swisstopo:routepoint_id>471716983</swisstopo:routepoint_id>
				</extensions>
			</trkpt>
			<trkpt lat="47.1458469771" lon="9.5301362930">
				<ele>773.3</ele>
				<extensions>
					<swisstopo:routepoint_id>265285165</swisstopo:routepoint_id>
				</extensions>
			</trkpt>
			<trkpt lat="47.1456126020" lon="9.5300293484">
				<ele>769.6</ele>
				<extensions>
					<swisstopo:routepoint_id>377713271</swisstopo:routepoint_id>
				</extensions>
			</trkpt>
			<trkpt lat="47.1454709737" lon="9.5299801707">
				<ele>767.5</ele>
				<extensions>
					<swisstopo:routepoint_id>1259610371</swisstopo:routepoint_id>
				</extensions>
			</trkpt>
			<trkpt lat="47.1453588355" lon="9.5299412189">
				<ele>765.8</ele>
				<extensions>
					<swisstopo:routepoint_id>138964380</swisstopo:routepoint_id>
				</extensions>
			</trkpt>
			<trkpt lat="47.1450121999" lon="9.5298243226">
				<ele>760.5</ele>
				<extensions>
					<swisstopo:routepoint_id>375405838</swisstopo:routepoint_id>
				</extensions>
			</trkpt>
			<trkpt lat="47.1449543930" lon="9.5298007240">
				<ele>759.6</ele>
				<extensions>
					<swisstopo:routepoint_id>1452164399</swisstopo:routepoint_id>
				</extensions>
			</trkpt>
			<trkpt lat="47.1448568123" lon="9.5297618275">
				<ele>758.1</ele>
				<extensions>
					<swisstopo:routepoint_id>368584221</swisstopo:routepoint_id>
				</extensions>
			</trkpt>
			<trkpt lat="47.1446090506" lon="9.5296478092">
				<ele>754.2</ele>
				<extensions>
					<swisstopo:routepoint_id>139805777</swisstopo:routepoint_id>
				</extensions>
			</trkpt>
			<trkpt lat="47.1444336698" lon="9.5295516149">
				<ele>751.3</ele>
				<extensions>
					<swisstopo:routepoint_id>1039443046</swisstopo:routepoint_id>
				</extensions>
			</trkpt>
			<trkpt lat="47.1443187840" lon="9.5294801278">
				<ele>749.4</ele>
				<extensions>
					<swisstopo:routepoint_id>1890210331</swisstopo:routepoint_id>
				</extensions>
			</trkpt>
			<trkpt lat="47.1441797709" lon="9.5293741989">
				<ele>747.1</ele>
				<extensions>
					<swisstopo:routepoint_id>699287245</swisstopo:routepoint_id>
				</extensions>
			</trkpt>
			<trkpt lat="47.1439526159" lon="9.5291922496">
				<ele>743.2</ele>
				<extensions>
					<swisstopo:routepoint_id>1238930251</swisstopo:routepoint_id>
				</extensions>
			</trkpt>
			<trkpt lat="47.1438325365" lon="9.5290926412">
				<ele>741.1</ele>
				<extensions>
					<swisstopo:routepoint_id>546687331</swisstopo:routepoint_id>
				</extensions>
			</trkpt>
			<trkpt lat="47.1437103390" lon="9.5290041200">
				<ele>739.5</ele>
				<extensions>
					<swisstopo:routepoint_id>1149224407</swisstopo:routepoint_id>
				</extensions>
			</trkpt>
			<trkpt lat="47.1435918529" lon="9.5289213370">
				<ele>737.4</ele>
				<extensions>
					<swisstopo:routepoint_id>284235905</swisstopo:routepoint_id>
				</extensions>
			</trkpt>
			<trkpt lat="47.1435547026" lon="9.5288696381">
				<ele>736.0</ele>
				<extensions>
					<swisstopo:routepoint_id>456805990</swisstopo:routepoint_id>
				</extensions>
			</trkpt>
			<trkpt lat="47.1435457472" lon="9.5288385721">
				<ele>735.4</ele>
				<extensions>
					<swisstopo:routepoint_id>20087567</swisstopo:routepoint_id>
				</extensions>
			</trkpt>
			<trkpt lat="47.1435555137" lon="9.5288250005">
				<ele>735.3</ele>
				<extensions>
					<swisstopo:routepoint_id>1961063789</swisstopo:routepoint_id>
				</extensions>
			</trkpt>
			<trkpt lat="47.1435824064" lon="9.5288295728">
				<ele>735.3</ele>
				<extensions>
					<swisstopo:routepoint_id>1128098215</swisstopo:routepoint_id>
				</extensions>
			</trkpt>
			<trkpt lat="47.1436383352" lon="9.5288545469">
				<ele>735.5</ele>
				<extensions>
					<swisstopo:routepoint_id>1763081303</swisstopo:routepoint_id>
				</extensions>
			</trkpt>
			<trkpt lat="47.1437587881" lon="9.5289083536">
				<ele>734.7</ele>
				<extensions>
					<swisstopo:routepoint_id>1041584000</swisstopo:routepoint_id>
				</extensions>
			</trkpt>
			<trkpt lat="47.1438664800" lon="9.5289434479">
				<ele>734.6</ele>
				<extensions>
					<swisstopo:routepoint_id>1486319472</swisstopo:routepoint_id>
				</extensions>
			</trkpt>
			<trkpt lat="47.1440388886" lon="9.5289764426">
				<ele>734.3</ele>
				<extensions>
					<swisstopo:routepoint_id>1918474790</swisstopo:routepoint_id>
				</extensions>
			</trkpt>
			<trkpt lat="47.1445242828" lon="9.5290063799">
				<ele>732.3</ele>
				<extensions>
					<swisstopo:routepoint_id>1159144561</swisstopo:routepoint_id>
				</extensions>
			</trkpt>
			<trkpt lat="47.1447615299" lon="9.5290077890">
				<ele>731.2</ele>
				<extensions>
					<swisstopo:routepoint_id>1862107356</swisstopo:routepoint_id>
				</extensions>
			</trkpt>
			<trkpt lat="47.1448973553" lon="9.5290104059">
				<ele>730.6</ele>
				<extensions>
					<swisstopo:routepoint_id>2113095685</swisstopo:routepoint_id>
				</extensions>
			</trkpt>
			<trkpt lat="47.1450606495" lon="9.5290027272">
				<ele>729.8</ele>
				<extensions>
					<swisstopo:routepoint_id>814807451</swisstopo:routepoint_id>
				</extensions>
			</trkpt>
			<trkpt lat="47.1451168394" lon="9.5290019548">
				<ele>729.5</ele>
				<extensions>
					<swisstopo:routepoint_id>1402997873</swisstopo:routepoint_id>
				</extensions>
			</trkpt>
			<trkpt lat="47.1453030298" lon="9.5290024508">
				<ele>728.7</ele>
				<extensions>
					<swisstopo:routepoint_id>1582681945</swisstopo:routepoint_id>
				</extensions>
			</trkpt>
			<trkpt lat="47.1454855081" lon="9.5290220177">
				<ele>728.1</ele>
				<extensions>
					<swisstopo:routepoint_id>1889348241</swisstopo:routepoint_id>
				</extensions>
			</trkpt>
			<trkpt lat="47.1456309593" lon="9.5290638647">
				<ele>727.2</ele>
				<extensions>
					<swisstopo:routepoint_id>1590760592</swisstopo:routepoint_id>
				</extensions>
			</trkpt>
			<trkpt lat="47.1457850801" lon="9.5291193313">
				<ele>726.6</ele>
				<extensions>
					<swisstopo:routepoint_id>1108143568</swisstopo:routepoint_id>
				</extensions>
			</trkpt>
			<trkpt lat="47.1458896317" lon="9.5291350762">
				<ele>725.0</ele>
				<extensions>
					<swisstopo:routepoint_id>126178051</swisstopo:routepoint_id>
				</extensions>
			</trkpt>
			<trkpt lat="47.1460356396" lon="9.5291363765">
				<ele>724.1</ele>
				<extensions>
					<swisstopo:routepoint_id>1645853694</swisstopo:routepoint_id>
				</extensions>
			</trkpt>
			<trkpt lat="47.1462452875" lon="9.5291319463">
				<ele>723.1</ele>
				<extensions>
					<swisstopo:routepoint_id>1232342366</swisstopo:routepoint_id>
				</extensions>
			</trkpt>
			<trkpt lat="47.1464053600" lon="9.5291609657">
				<ele>723.0</ele>
				<extensions>
					<swisstopo:routepoint_id>277852192</swisstopo:routepoint_id>
				</extensions>
			</trkpt>
			<trkpt lat="47.1465023612" lon="9.5291886548">
				<ele>722.5</ele>
				<extensions>
					<swisstopo:routepoint_id>2090002253</swisstopo:routepoint_id>
				</extensions>
			</trkpt>
			<trkpt lat="47.1465485430" lon="9.5292018413">
				<ele>722.2</ele>
				<extensions>
					<swisstopo:routepoint_id>1937037818</swisstopo:routepoint_id>
				</extensions>
			</trkpt>
			<trkpt lat="47.1466883557" lon="9.5292405415">
				<ele>722.0</ele>
				<extensions>
					<swisstopo:routepoint_id>204680095</swisstopo:routepoint_id>
				</extensions>
			</trkpt>
			<trkpt lat="47.1468063218" lon="9.5292732047">
				<ele>720.8</ele>
				<extensions>
					<swisstopo:routepoint_id>692670526</swisstopo:routepoint_id>
				</extensions>
			</trkpt>
			<trkpt lat="47.1468897765" lon="9.5292887584">
				<ele>720.4</ele>
				<extensions>
					<swisstopo:routepoint_id>1599889059</swisstopo:routepoint_id>
				</extensions>
			</trkpt>
			<trkpt lat="47.1469380857" lon="9.5292977681">
				<ele>720.8</ele>
				<extensions>
					<swisstopo:routepoint_id>1891010316</swisstopo:routepoint_id>
				</extensions>
			</trkpt>
			<trkpt lat="47.1470604289" lon="9.5292827122">
				<ele>719.4</ele>
				<extensions>
					<swisstopo:routepoint_id>86998268</swisstopo:routepoint_id>
				</extensions>
			</trkpt>
			<trkpt lat="47.1471979414" lon="9.5292518687">
				<ele>718.5</ele>
				<extensions>
					<swisstopo:routepoint_id>432900672</swisstopo:routepoint_id>
				</extensions>
			</trkpt>
			<trkpt lat="47.1473154869" lon="9.5291943140">
				<ele>717.9</ele>
				<extensions>
					<swisstopo:routepoint_id>1510560158</swisstopo:routepoint_id>
				</extensions>
			</trkpt>
			<trkpt lat="47.1473963814" lon="9.5291373191">
				<ele>717.4</ele>
				<extensions>
					<swisstopo:routepoint_id>328083601</swisstopo:routepoint_id>
				</extensions>
			</trkpt>
			<trkpt lat="47.1474611750" lon="9.5290567055">
				<ele>717.0</ele>
				<extensions>
					<swisstopo:routepoint_id>2025096472</swisstopo:routepoint_id>
				</extensions>
			</trkpt>
			<trkpt lat="47.1476083087" lon="9.5287959512">
				<ele>715.7</ele>
				<extensions>
					<swisstopo:routepoint_id>97611419</swisstopo:routepoint_id>
				</extensions>
			</trkpt>
			<trkpt lat="47.1477090146" lon="9.5286276328">
				<ele>714.9</ele>
				<extensions>
					<swisstopo:routepoint_id>2027254903</swisstopo:routepoint_id>
				</extensions>
			</trkpt>
			<trkpt lat="47.1478247400" lon="9.5284795397">
				<ele>713.9</ele>
				<extensions>
					<swisstopo:routepoint_id>91989528</swisstopo:routepoint_id>
				</extensions>
			</trkpt>
			<trkpt lat="47.1479349226" lon="9.5283621315">
				<ele>713.3</ele>
				<extensions>
					<swisstopo:routepoint_id>1174240894</swisstopo:routepoint_id>
				</extensions>
			</trkpt>
			<trkpt lat="47.1480809580" lon="9.5282524155">
				<ele>712.4</ele>
				<extensions>
					<swisstopo:routepoint_id>1026727277</swisstopo:routepoint_id>
				</extensions>
			</trkpt>
			<trkpt lat="47.1482469953" lon="9.5281506946">
				<ele>711.1</ele>
				<extensions>
					<swisstopo:routepoint_id>1288653496</swisstopo:routepoint_id>
				</extensions>
			</trkpt>
			<trkpt lat="47.1483558393" lon="9.5280668399">
				<ele>709.6</ele>
				<extensions>
					<swisstopo:routepoint_id>804536544</swisstopo:routepoint_id>
				</extensions>
			</trkpt>
			<trkpt lat="47.1484152551" lon="9.5280073274">
				<ele>708.9</ele>
				<extensions>
					<swisstopo:routepoint_id>186980015</swisstopo:routepoint_id>
				</extensions>
			</trkpt>
			<trkpt lat="47.1484168687" lon="9.5279576262">
				<ele>708.5</ele>
				<extensions>
					<swisstopo:routepoint_id>1656718031</swisstopo:routepoint_id>
				</extensions>
			</trkpt>
			<trkpt lat="47.1484090309" lon="9.5278833270">
				<ele>707.8</ele>
				<extensions>
					<swisstopo:routepoint_id>1956689106</swisstopo:routepoint_id>
				</extensions>
			</trkpt>
			<trkpt lat="47.1483826169" lon="9.5277928710">
				<ele>706.9</ele>
				<extensions>
					<swisstopo:routepoint_id>1772713591</swisstopo:routepoint_id>
				</extensions>
			</trkpt>
			<trkpt lat="47.1483084255" lon="9.5276804745">
				<ele>705.4</ele>
				<extensions>
					<swisstopo:routepoint_id>1846427763</swisstopo:routepoint_id>
				</extensions>
			</trkpt>
			<trkpt lat="47.1482158436" lon="9.5275659620">
				<ele>703.6</ele>
				<extensions>
					<swisstopo:routepoint_id>94278686</swisstopo:routepoint_id>
				</extensions>
			</trkpt>
			<trkpt lat="47.1480784007" lon="9.5274076374">
				<ele>701.2</ele>
				<extensions>
					<swisstopo:routepoint_id>391119279</swisstopo:routepoint_id>
				</extensions>
			</trkpt>
			<trkpt lat="47.1480032074" lon="9.5272894390">
				<ele>699.7</ele>
				<extensions>
					<swisstopo:routepoint_id>7434115</swisstopo:routepoint_id>
				</extensions>
			</trkpt>
			<trkpt lat="47.1479560620" lon="9.5272187763">
				<ele>698.9</ele>
				<extensions>
					<swisstopo:routepoint_id>1007619651</swisstopo:routepoint_id>
				</extensions>
			</trkpt>
			<trkpt lat="47.1479093784" lon="9.5271742198">
				<ele>698.1</ele>
				<extensions>
					<swisstopo:routepoint_id>1466512610</swisstopo:routepoint_id>
				</extensions>
			</trkpt>
			<trkpt lat="47.1478433601" lon="9.5271354904">
				<ele>697.1</ele>
				<extensions>
					<swisstopo:routepoint_id>643680707</swisstopo:routepoint_id>
				</extensions>
			</trkpt>
			<trkpt lat="47.1477767024" lon="9.5271270321">
				<ele>696.1</ele>
				<extensions>
					<swisstopo:routepoint_id>1867826479</swisstopo:routepoint_id>
				</extensions>
			</trkpt>
			<trkpt lat="47.1476900095" lon="9.5271272619">
				<ele>694.9</ele>
				<extensions>
					<swisstopo:routepoint_id>50964855</swisstopo:routepoint_id>
				</extensions>
			</trkpt>
			<trkpt lat="47.1475980436" lon="9.5271319810">
				<ele>693.7</ele>
				<extensions>
					<swisstopo:routepoint_id>697133441</swisstopo:routepoint_id>
				</extensions>
			</trkpt>
			<trkpt lat="47.1474223498" lon="9.5271545472">
				<ele>691.5</ele>
				<extensions>
					<swisstopo:routepoint_id>1248129791</swisstopo:routepoint_id>
				</extensions>
			</trkpt>
			<trkpt lat="47.1472349414" lon="9.5271696132">
				<ele>689.1</ele>
				<extensions>
					<swisstopo:routepoint_id>41344996</swisstopo:routepoint_id>
				</extensions>
			</trkpt>
			<trkpt lat="47.1471081704" lon="9.5271802670">
				<ele>687.5</ele>
				<extensions>
					<swisstopo:routepoint_id>360450569</swisstopo:routepoint_id>
				</extensions>
			</trkpt>
			<trkpt lat="47.1469220743" lon="9.5272256662">
				<ele>685.2</ele>
				<extensions>
					<swisstopo:routepoint_id>1318001682</swisstopo:routepoint_id>
				</extensions>
			</trkpt>
			<trkpt lat="47.1468340677" lon="9.5272576302">
				<ele>684.0</ele>
				<extensions>
					<swisstopo:routepoint_id>813482412</swisstopo:routepoint_id>
				</extensions>
			</trkpt>
			<trkpt lat="47.1466801053" lon="9.5273346446">
				<ele>682.0</ele>
				<extensions>
					<swisstopo:routepoint_id>1464967781</swisstopo:routepoint_id>
				</extensions>
			</trkpt>
			<trkpt lat="47.1466010792" lon="9.5273626197">
				<ele>681.0</ele>
				<extensions>
					<swisstopo:routepoint_id>1789294846</swisstopo:routepoint_id>
				</extensions>
			</trkpt>
			<trkpt lat="47.1465503438" lon="9.5273811873">
				<ele>680.4</ele>
				<extensions>
					<swisstopo:routepoint_id>1842212235</swisstopo:routepoint_id>
				</extensions>
			</trkpt>
			<trkpt lat="47.1464991785" lon="9.5274169500">
				<ele>679.7</ele>
				<extensions>
					<swisstopo:routepoint_id>1192872140</swisstopo:routepoint_id>
				</extensions>
			</trkpt>
			<trkpt lat="47.1464572182" lon="9.5274616582">
				<ele>679.1</ele>
				<extensions>
					<swisstopo:routepoint_id>2103089559</swisstopo:routepoint_id>
				</extensions>
			</trkpt>
			<trkpt lat="47.1464323186" lon="9.5275197203">
				<ele>678.5</ele>
				<extensions>
					<swisstopo:routepoint_id>2018302332</swisstopo:routepoint_id>
				</extensions>
			</trkpt>
			<trkpt lat="47.1463969282" lon="9.5276144071">
				<ele>677.3</ele>
				<extensions>
					<swisstopo:routepoint_id>1345699327</swisstopo:routepoint_id>
				</extensions>
			</trkpt>
			<trkpt lat="47.1463660367" lon="9.5276734350">
				<ele>676.7</ele>
				<extensions>
					<swisstopo:routepoint_id>1348853637</swisstopo:routepoint_id>
				</extensions>
			</trkpt>
			<trkpt lat="47.1463275868" lon="9.5277185701">
				<ele>676.1</ele>
				<extensions>
					<swisstopo:routepoint_id>2129036793</swisstopo:routepoint_id>
				</extensions>
			</trkpt>
			<trkpt lat="47.1462550096" lon="9.5277749280">
				<ele>675.2</ele>
				<extensions>
					<swisstopo:routepoint_id>1247576122</swisstopo:routepoint_id>
				</extensions>
			</trkpt>
			<trkpt lat="47.1461847011" lon="9.5278134245">
				<ele>674.4</ele>
				<extensions>
					<swisstopo:routepoint_id>1311921353</swisstopo:routepoint_id>
				</extensions>
			</trkpt>
			<trkpt lat="47.1460872974" lon="9.5278321349">
				<ele>673.5</ele>
				<extensions>
					<swisstopo:routepoint_id>1200251432</swisstopo:routepoint_id>
				</extensions>
			</trkpt>
			<trkpt lat="47.1459989902" lon="9.5278355835">
				<ele>672.7</ele>
				<extensions>
					<swisstopo:routepoint_id>2006876802</swisstopo:routepoint_id>
				</extensions>
			</trkpt>
			<trkpt lat="47.1458919075" lon="9.5278125290">
				<ele>671.6</ele>
				<extensions>
					<swisstopo:routepoint_id>1919527948</swisstopo:routepoint_id>
				</extensions>
			</trkpt>
			<trkpt lat="47.1458109121" lon="9.5277755237">
				<ele>670.8</ele>
				<extensions>
					<swisstopo:routepoint_id>707338699</swisstopo:routepoint_id>
				</extensions>
			</trkpt>
			<trkpt lat="47.1456799110" lon="9.5276985417">
				<ele>669.6</ele>
				<extensions>
					<swisstopo:routepoint_id>393072353</swisstopo:routepoint_id>
				</extensions>
			</trkpt>
			<trkpt lat="47.1456008036" lon="9.5276730058">
				<ele>668.8</ele>
				<extensions>
					<swisstopo:routepoint_id>744813188</swisstopo:routepoint_id>
				</extensions>
			</trkpt>
			<trkpt lat="47.1455217817" lon="9.5276655676">
				<ele>668.1</ele>
				<extensions>
					<swisstopo:routepoint_id>781760562</swisstopo:routepoint_id>
				</extensions>
			</trkpt>
			<trkpt lat="47.1454735330" lon="9.5276447844">
				<ele>667.7</ele>
				<extensions>
					<swisstopo:routepoint_id>648239799</swisstopo:routepoint_id>
				</extensions>
			</trkpt>
			<trkpt lat="47.1454488886" lon="9.5276114827">
				<ele>667.2</ele>
				<extensions>
					<swisstopo:routepoint_id>1707854743</swisstopo:routepoint_id>
				</extensions>
			</trkpt>
			<trkpt lat="47.1454416318" lon="9.5275562286">
				<ele>666.9</ele>
				<extensions>
					<swisstopo:routepoint_id>1324726056</swisstopo:routepoint_id>
				</extensions>
			</trkpt>
			<trkpt lat="47.1454561029" lon="9.5275149589">
				<ele>666.6</ele>
				<extensions>
					<swisstopo:routepoint_id>293957108</swisstopo:routepoint_id>
				</extensions>
			</trkpt>
			<trkpt lat="47.1454703461" lon="9.5274952041">
				<ele>666.4</ele>
				<extensions>
					<swisstopo:routepoint_id>925223005</swisstopo:routepoint_id>
				</extensions>
			</trkpt>
			<trkpt lat="47.1454978411" lon="9.5274795280">
				<ele>666.2</ele>
				<extensions>
					<swisstopo:routepoint_id>1827339136</swisstopo:routepoint_id>
				</extensions>
			</trkpt>
			<trkpt lat="47.1455682207" lon="9.5274876962">
				<ele>665.5</ele>
				<extensions>
					<swisstopo:routepoint_id>2113604709</swisstopo:routepoint_id>
				</extensions>
			</trkpt>
			<trkpt lat="47.1456506099" lon="9.5275198099">
				<ele>665.1</ele>
				<extensions>
					<swisstopo:routepoint_id>2060979196</swisstopo:routepoint_id>
				</extensions>
			</trkpt>
			<trkpt lat="47.1456853041" lon="9.5275333378">
				<ele>664.4</ele>
				<extensions>
					<swisstopo:routepoint_id>386125369</swisstopo:routepoint_id>
				</extensions>
			</trkpt>
			<trkpt lat="47.1457025048" lon="9.5275370164">
				<ele>663.8</ele>
				<extensions>
					<swisstopo:routepoint_id>1248622379</swisstopo:routepoint_id>
				</extensions>
			</trkpt>
			<trkpt lat="47.1457928016" lon="9.5275563290">
				<ele>663.1</ele>
				<extensions>
					<swisstopo:routepoint_id>1697157519</swisstopo:routepoint_id>
				</extensions>
			</trkpt>
			<trkpt lat="47.1458855840" lon="9.5275438219">
				<ele>662.1</ele>
				<extensions>
					<swisstopo:routepoint_id>2073220642</swisstopo:routepoint_id>
				</extensions>
			</trkpt>
			<trkpt lat="47.1459475710" lon="9.5275146682">
				<ele>661.3</ele>
				<extensions>
					<swisstopo:routepoint_id>878052797</swisstopo:routepoint_id>
				</extensions>
			</trkpt>
			<trkpt lat="47.1460055925" lon="9.5274640326">
				<ele>660.5</ele>
				<extensions>
					<swisstopo:routepoint_id>496578777</swisstopo:routepoint_id>
				</extensions>
			</trkpt>
			<trkpt lat="47.1460677847" lon="9.5273720279">
				<ele>659.3</ele>
				<extensions>
					<swisstopo:routepoint_id>218904984</swisstopo:routepoint_id>
				</extensions>
			</trkpt>
			<trkpt lat="47.1461182094" lon="9.5272561005">
				<ele>658.2</ele>
				<extensions>
					<swisstopo:routepoint_id>1707829198</swisstopo:routepoint_id>
				</extensions>
			</trkpt>
			<trkpt lat="47.1461986790" lon="9.5271119476">
				<ele>656.6</ele>
				<extensions>
					<swisstopo:routepoint_id>1829430071</swisstopo:routepoint_id>
				</extensions>
			</trkpt>
			<trkpt lat="47.1462439651" lon="9.5270426399">
				<ele>655.8</ele>
				<extensions>
					<swisstopo:routepoint_id>660185039</swisstopo:routepoint_id>
				</extensions>
			</trkpt>
			<trkpt lat="47.1463790407" lon="9.5268309761">
				<ele>653.5</ele>
				<extensions>
					<swisstopo:routepoint_id>1693672632</swisstopo:routepoint_id>
				</extensions>
			</trkpt>
			<trkpt lat="47.1464015012" lon="9.5267943660">
				<ele>653.0</ele>
				<extensions>
					<swisstopo:routepoint_id>1532478410</swisstopo:routepoint_id>
				</extensions>
			</trkpt>
			<trkpt lat="47.1464927385" lon="9.5266641750">
				<ele>651.5</ele>
				<extensions>
					<swisstopo:routepoint_id>721754038</swisstopo:routepoint_id>
				</extensions>
			</trkpt>
			<trkpt lat="47.1465906058" lon="9.5265419768">
				<ele>649.9</ele>
				<extensions>
					<swisstopo:routepoint_id>1634389545</swisstopo:routepoint_id>
				</extensions>
			</trkpt>
			<trkpt lat="47.1467825024" lon="9.5263177797">
				<ele>647.3</ele>
				<extensions>
					<swisstopo:routepoint_id>129148145</swisstopo:routepoint_id>
				</extensions>
			</trkpt>
			<trkpt lat="47.1468889273" lon="9.5261965838">
				<ele>645.8</ele>
				<extensions>
					<swisstopo:routepoint_id>892631041</swisstopo:routepoint_id>
				</extensions>
			</trkpt>
			<trkpt lat="47.1469193165" lon="9.5261480075">
				<ele>645.3</ele>
				<extensions>
					<swisstopo:routepoint_id>318336074</swisstopo:routepoint_id>
				</extensions>
			</trkpt>
			<trkpt lat="47.1469201766" lon="9.5261005842">
				<ele>645.0</ele>
				<extensions>
					<swisstopo:routepoint_id>697660442</swisstopo:routepoint_id>
				</extensions>
			</trkpt>
			<trkpt lat="47.1469113663" lon="9.5260611621">
				<ele>644.7</ele>
				<extensions>
					<swisstopo:routepoint_id>208950641</swisstopo:routepoint_id>
				</extensions>
			</trkpt>
			<trkpt lat="47.1468944875" lon="9.5260465351">
				<ele>644.5</ele>
				<extensions>
					<swisstopo:routepoint_id>317017664</swisstopo:routepoint_id>
				</extensions>
			</trkpt>
			<trkpt lat="47.1468563796" lon="9.5260478431">
				<ele>644.0</ele>
				<extensions>
					<swisstopo:routepoint_id>1434017135</swisstopo:routepoint_id>
				</extensions>
			</trkpt>
			<trkpt lat="47.1468196535" lon="9.5260771161">
				<ele>643.6</ele>
				<extensions>
					<swisstopo:routepoint_id>435025189</swisstopo:routepoint_id>
				</extensions>
			</trkpt>
			<trkpt lat="47.1467875795" lon="9.5261216984">
				<ele>643.2</ele>
				<extensions>
					<swisstopo:routepoint_id>108633077</swisstopo:routepoint_id>
				</extensions>
			</trkpt>
			<trkpt lat="47.1467327605" lon="9.5262076396">
				<ele>642.6</ele>
				<extensions>
					<swisstopo:routepoint_id>653821768</swisstopo:routepoint_id>
				</extensions>
			</trkpt>
			<trkpt lat="47.1466790120" lon="9.5262641141">
				<ele>642.2</ele>
				<extensions>
					<swisstopo:routepoint_id>631749448</swisstopo:routepoint_id>
				</extensions>
			</trkpt>
			<trkpt lat="47.1465546236" lon="9.5263544174">
				<ele>641.1</ele>
				<extensions>
					<swisstopo:routepoint_id>926520835</swisstopo:routepoint_id>
				</extensions>
			</trkpt>
			<trkpt lat="47.1463807111" lon="9.5264480363">
				<ele>639.6</ele>
				<extensions>
					<swisstopo:routepoint_id>652720473</swisstopo:routepoint_id>
				</extensions>
			</trkpt>
			<trkpt lat="47.1462911048" lon="9.5264985127">
				<ele>638.7</ele>
				<extensions>
					<swisstopo:routepoint_id>1434803748</swisstopo:routepoint_id>
				</extensions>
			</trkpt>
			<trkpt lat="47.1461487406" lon="9.5266264053">
				<ele>637.3</ele>
				<extensions>
					<swisstopo:routepoint_id>1207541814</swisstopo:routepoint_id>
				</extensions>
			</trkpt>
			<trkpt lat="47.1461300085" lon="9.5266432232">
				<ele>637.6</ele>
				<extensions>
					<swisstopo:routepoint_id>695541205</swisstopo:routepoint_id>
				</extensions>
			</trkpt>
			<trkpt lat="47.1460428584" lon="9.5266842314">
				<ele>636.4</ele>
				<extensions>
					<swisstopo:routepoint_id>1704535455</swisstopo:routepoint_id>
				</extensions>
			</trkpt>
			<trkpt lat="47.1459952538" lon="9.5266892833">
				<ele>636.0</ele>
				<extensions>
					<swisstopo:routepoint_id>132474421</swisstopo:routepoint_id>
				</extensions>
			</trkpt>
			<trkpt lat="47.1459338157" lon="9.5266784619">
				<ele>635.4</ele>
				<extensions>
					<swisstopo:routepoint_id>1309171769</swisstopo:routepoint_id>
				</extensions>
			</trkpt>
			<trkpt lat="47.1458714170" lon="9.5266513358">
				<ele>634.7</ele>
				<extensions>
					<swisstopo:routepoint_id>784988470</swisstopo:routepoint_id>
				</extensions>
			</trkpt>
			<trkpt lat="47.1458142418" lon="9.5266051067">
				<ele>634.1</ele>
				<extensions>
					<swisstopo:routepoint_id>439203087</swisstopo:routepoint_id>
				</extensions>
			</trkpt>
			<trkpt lat="47.1457601963" lon="9.5265583108">
				<ele>633.4</ele>
				<extensions>
					<swisstopo:routepoint_id>103650172</swisstopo:routepoint_id>
				</extensions>
			</trkpt>
			<trkpt lat="47.1456972987" lon="9.5265373669">
				<ele>632.6</ele>
				<extensions>
					<swisstopo:routepoint_id>1433365574</swisstopo:routepoint_id>
				</extensions>
			</trkpt>
			<trkpt lat="47.1455214067" lon="9.5265032358">
				<ele>630.3</ele>
				<extensions>
					<swisstopo:routepoint_id>1119378242</swisstopo:routepoint_id>
				</extensions>
			</trkpt>
			<trkpt lat="47.1453828407" lon="9.5264978278">
				<ele>628.7</ele>
				<extensions>
					<swisstopo:routepoint_id>1187462659</swisstopo:routepoint_id>
				</extensions>
			</trkpt>
			<trkpt lat="47.1452381474" lon="9.5264949820">
				<ele>626.7</ele>
				<extensions>
					<swisstopo:routepoint_id>1036055505</swisstopo:routepoint_id>
				</extensions>
			</trkpt>
			<trkpt lat="47.1451614005" lon="9.5264919868">
				<ele>625.7</ele>
				<extensions>
					<swisstopo:routepoint_id>938044476</swisstopo:routepoint_id>
				</extensions>
			</trkpt>
			<trkpt lat="47.1449366810" lon="9.5264775046">
				<ele>622.7</ele>
				<extensions>
					<swisstopo:routepoint_id>1856216635</swisstopo:routepoint_id>
				</extensions>
			</trkpt>
			<trkpt lat="47.1447697808" lon="9.5264752091">
				<ele>620.7</ele>
				<extensions>
					<swisstopo:routepoint_id>725478722</swisstopo:routepoint_id>
				</extensions>
			</trkpt>
			<trkpt lat="47.1446496614" lon="9.5264464428">
				<ele>619.1</ele>
				<extensions>
					<swisstopo:routepoint_id>1442346694</swisstopo:routepoint_id>
				</extensions>
			</trkpt>
			<trkpt lat="47.1445085888" lon="9.5263481533">
				<ele>617.2</ele>
				<extensions>
					<swisstopo:routepoint_id>1774855132</swisstopo:routepoint_id>
				</extensions>
			</trkpt>
			<trkpt lat="47.1444330588" lon="9.5263095554">
				<ele>616.1</ele>
				<extensions>
					<swisstopo:routepoint_id>967731809</swisstopo:routepoint_id>
				</extensions>
			</trkpt>
			<trkpt lat="47.1442634828" lon="9.5262774815">
				<ele>613.9</ele>
				<extensions>
					<swisstopo:routepoint_id>2059633286</swisstopo:routepoint_id>
				</extensions>
			</trkpt>
			<trkpt lat="47.1441879725" lon="9.5262576564">
				<ele>612.8</ele>
				<extensions>
					<swisstopo:routepoint_id>545202884</swisstopo:routepoint_id>
				</extensions>
			</trkpt>
			<trkpt lat="47.1440738070" lon="9.5261671089">
				<ele>611.1</ele>
				<extensions>
					<swisstopo:routepoint_id>1097220639</swisstopo:routepoint_id>
				</extensions>
			</trkpt>
			<trkpt lat="47.1439958210" lon="9.5261219633">
				<ele>610.0</ele>
				<extensions>
					<swisstopo:routepoint_id>1342961287</swisstopo:routepoint_id>
				</extensions>
			</trkpt>
			<trkpt lat="47.1439126888" lon="9.5261110498">
				<ele>609.0</ele>
				<extensions>
					<swisstopo:routepoint_id>1148121826</swisstopo:routepoint_id>
				</extensions>
			</trkpt>
			<trkpt lat="47.1437961565" lon="9.5261344831">
				<ele>608.0</ele>
				<extensions>
					<swisstopo:routepoint_id>1143382626</swisstopo:routepoint_id>
				</extensions>
			</trkpt>
			<trkpt lat="47.1437054112" lon="9.5261324620">
				<ele>606.4</ele>
				<extensions>
					<swisstopo:routepoint_id>1481086829</swisstopo:routepoint_id>
				</extensions>
			</trkpt>
			<trkpt lat="47.1436043481" lon="9.5260908015">
				<ele>605.2</ele>
				<extensions>
					<swisstopo:routepoint_id>1774857437</swisstopo:routepoint_id>
				</extensions>
			</trkpt>
			<trkpt lat="47.1435439825" lon="9.5260915823">
				<ele>604.5</ele>
				<extensions>
					<swisstopo:routepoint_id>815426192</swisstopo:routepoint_id>
				</extensions>
			</trkpt>
			<trkpt lat="47.1434807588" lon="9.5260983048">
				<ele>603.8</ele>
				<extensions>
					<swisstopo:routepoint_id>1722686378</swisstopo:routepoint_id>
				</extensions>
			</trkpt>
			<trkpt lat="47.1434190382" lon="9.5261132191">
				<ele>603.0</ele>
				<extensions>
					<swisstopo:routepoint_id>1090390947</swisstopo:routepoint_id>
				</extensions>
			</trkpt>
			<trkpt lat="47.1433937345" lon="9.5261062300">
				<ele>602.8</ele>
				<extensions>
					<swisstopo:routepoint_id>1817254883</swisstopo:routepoint_id>
				</extensions>
			</trkpt>
			<trkpt lat="47.1433713681" lon="9.5260792575">
				<ele>602.4</ele>
				<extensions>
					<swisstopo:routepoint_id>521167107</swisstopo:routepoint_id>
				</extensions>
			</trkpt>
			<trkpt lat="47.1433572007" lon="9.5260381995">
				<ele>602.1</ele>
				<extensions>
					<swisstopo:routepoint_id>518023435</swisstopo:routepoint_id>
				</extensions>
			</trkpt>
			<trkpt lat="47.1433569743" lon="9.5259963060">
				<ele>601.9</ele>
				<extensions>
					<swisstopo:routepoint_id>202295748</swisstopo:routepoint_id>
				</extensions>
			</trkpt>
			<trkpt lat="47.1433713124" lon="9.5259723510">
				<ele>601.7</ele>
				<extensions>
					<swisstopo:routepoint_id>499477353</swisstopo:routepoint_id>
				</extensions>
			</trkpt>
			<trkpt lat="47.1434054403" lon="9.5259535781">
				<ele>601.3</ele>
				<extensions>
					<swisstopo:routepoint_id>1402851338</swisstopo:routepoint_id>
				</extensions>
			</trkpt>
			<trkpt lat="47.1434794239" lon="9.5259485699">
				<ele>600.8</ele>
				<extensions>
					<swisstopo:routepoint_id>2027715883</swisstopo:routepoint_id>
				</extensions>
			</trkpt>
			<trkpt lat="47.1435853451" lon="9.5259501007">
				<ele>600.1</ele>
				<extensions>
					<swisstopo:routepoint_id>1606868244</swisstopo:routepoint_id>
				</extensions>
			</trkpt>
			<trkpt lat="47.1436694391" lon="9.5259254401">
				<ele>599.4</ele>
				<extensions>
					<swisstopo:routepoint_id>909457249</swisstopo:routepoint_id>
				</extensions>
			</trkpt>
			<trkpt lat="47.1437550323" lon="9.5258723682">
				<ele>598.7</ele>
				<extensions>
					<swisstopo:routepoint_id>11553697</swisstopo:routepoint_id>
				</extensions>
			</trkpt>
			<trkpt lat="47.1438433238" lon="9.5257722950">
				<ele>597.8</ele>
				<extensions>
					<swisstopo:routepoint_id>620594968</swisstopo:routepoint_id>
				</extensions>
			</trkpt>
			<trkpt lat="47.1439175895" lon="9.5256901949">
				<ele>597.1</ele>
				<extensions>
					<swisstopo:routepoint_id>341702378</swisstopo:routepoint_id>
				</extensions>
			</trkpt>
			<trkpt lat="47.1439997350" lon="9.5256411735">
				<ele>596.3</ele>
				<extensions>
					<swisstopo:routepoint_id>1256286126</swisstopo:routepoint_id>
				</extensions>
			</trkpt>
			<trkpt lat="47.1440883127" lon="9.5256018565">
				<ele>595.6</ele>
				<extensions>
					<swisstopo:routepoint_id>413676495</swisstopo:routepoint_id>
				</extensions>
			</trkpt>
			<trkpt lat="47.1442067541" lon="9.5255715028">
				<ele>594.6</ele>
				<extensions>
					<swisstopo:routepoint_id>1129539425</swisstopo:routepoint_id>
				</extensions>
			</trkpt>
			<trkpt lat="47.1443076857" lon="9.5255506470">
				<ele>594.0</ele>
				<extensions>
					<swisstopo:routepoint_id>2066159345</swisstopo:routepoint_id>
				</extensions>
			</trkpt>
			<trkpt lat="47.1443851753" lon="9.5255180195">
				<ele>593.4</ele>
				<extensions>
					<swisstopo:routepoint_id>845597992</swisstopo:routepoint_id>
				</extensions>
			</trkpt>
			<trkpt lat="47.1444680023" lon="9.5254619533">
				<ele>592.7</ele>
				<extensions>
					<swisstopo:routepoint_id>744967886</swisstopo:routepoint_id>
				</extensions>
			</trkpt>
			<trkpt lat="47.1446193938" lon="9.5253444919">
				<ele>591.3</ele>
				<extensions>
					<swisstopo:routepoint_id>19082527</swisstopo:routepoint_id>
				</extensions>
			</trkpt>
			<trkpt lat="47.1448176015" lon="9.5252005403">
				<ele>589.6</ele>
				<extensions>
					<swisstopo:routepoint_id>1085561977</swisstopo:routepoint_id>
				</extensions>
			</trkpt>
			<trkpt lat="47.1449411915" lon="9.5251193184">
				<ele>588.5</ele>
				<extensions>
					<swisstopo:routepoint_id>1518393154</swisstopo:routepoint_id>
				</extensions>
			</trkpt>
			<trkpt lat="47.1449553497" lon="9.5251100177">
				<ele>588.3</ele>
				<extensions>
					<swisstopo:routepoint_id>838410103</swisstopo:routepoint_id>
				</extensions>
			</trkpt>
			<trkpt lat="47.1450960792" lon="9.5250332361">
				<ele>586.8</ele>
				<extensions>
					<swisstopo:routepoint_id>406240788</swisstopo:routepoint_id>
				</extensions>
			</trkpt>
			<trkpt lat="47.1450334353" lon="9.5250265699">
				<ele>587.2</ele>
				<extensions>
					<swisstopo:routepoint_id>1073063242</swisstopo:routepoint_id>
				</extensions>
			</trkpt>
			<trkpt lat="47.1448880861" lon="9.5250492363">
				<ele>587.4</ele>
				<extensions>
					<swisstopo:routepoint_id>778330217</swisstopo:routepoint_id>
				</extensions>
			</trkpt>
			<trkpt lat="47.1446984241" lon="9.5251236698">
				<ele>587.5</ele>
				<extensions>
					<swisstopo:routepoint_id>1733417117</swisstopo:routepoint_id>
				</extensions>
			</trkpt>
			<trkpt lat="47.1444711404" lon="9.5252123227">
				<ele>587.4</ele>
				<extensions>
					<swisstopo:routepoint_id>568310418</swisstopo:routepoint_id>
				</extensions>
			</trkpt>
			<trkpt lat="47.1443329703" lon="9.5252626182">
				<ele>587.2</ele>
				<extensions>
					<swisstopo:routepoint_id>1844695051</swisstopo:routepoint_id>
				</extensions>
			</trkpt>
			<trkpt lat="47.1441241861" lon="9.5253186787">
				<ele>586.9</ele>
				<extensions>
					<swisstopo:routepoint_id>305615404</swisstopo:routepoint_id>
				</extensions>
			</trkpt>
			<trkpt lat="47.1438798623" lon="9.5253802560">
				<ele>586.7</ele>
				<extensions>
					<swisstopo:routepoint_id>936084418</swisstopo:routepoint_id>
				</extensions>
			</trkpt>
			<trkpt lat="47.1435819324" lon="9.5255273078">
				<ele>585.9</ele>
				<extensions>
					<swisstopo:routepoint_id>1082805528</swisstopo:routepoint_id>
				</extensions>
			</trkpt>
			<trkpt lat="47.1433486495" lon="9.5255751019">
				<ele>585.6</ele>
				<extensions>
					<swisstopo:routepoint_id>1076936692</swisstopo:routepoint_id>
				</extensions>
			</trkpt>
			<trkpt lat="47.1430609172" lon="9.5256278937">
				<ele>585.2</ele>
				<extensions>
					<swisstopo:routepoint_id>1047548514</swisstopo:routepoint_id>
				</extensions>
			</trkpt>
			<trkpt lat="47.1428370221" lon="9.5256687313">
				<ele>584.8</ele>
				<extensions>
					<swisstopo:routepoint_id>1503824751</swisstopo:routepoint_id>
				</extensions>
			</trkpt>
			<trkpt lat="47.1426258877" lon="9.5256789634">
				<ele>584.6</ele>
				<extensions>
					<swisstopo:routepoint_id>549003009</swisstopo:routepoint_id>
				</extensions>
			</trkpt>
			<trkpt lat="47.1426085958" lon="9.5256750048">
				<ele>585.3</ele>
				<extensions>
					<swisstopo:routepoint_id>104423344</swisstopo:routepoint_id>
				</extensions>
			</trkpt>
			<trkpt lat="47.1425351137" lon="9.5256581838">
				<ele>585.3</ele>
				<extensions>
					<swisstopo:routepoint_id>950255269</swisstopo:routepoint_id>
				</extensions>
			</trkpt>
			<trkpt lat="47.1424690942" lon="9.5256383182">
				<ele>584.1</ele>
				<extensions>
					<swisstopo:routepoint_id>66498587</swisstopo:routepoint_id>
				</extensions>
			</trkpt>
			<trkpt lat="47.1423414696" lon="9.5255998930">
				<ele>584.0</ele>
				<extensions>
					<swisstopo:routepoint_id>600026757</swisstopo:routepoint_id>
				</extensions>
			</trkpt>
			<trkpt lat="47.1422531437" lon="9.5255797948">
				<ele>584.0</ele>
				<extensions>
					<swisstopo:routepoint_id>1664408997</swisstopo:routepoint_id>
				</extensions>
			</trkpt>
			<trkpt lat="47.1420732298" lon="9.5255813606">
				<ele>583.7</ele>
				<extensions>
					<swisstopo:routepoint_id>830241308</swisstopo:routepoint_id>
				</extensions>
			</trkpt>
			<trkpt lat="47.1419810469" lon="9.5255990085">
				<ele>583.6</ele>
				<extensions>
					<swisstopo:routepoint_id>1024917985</swisstopo:routepoint_id>
				</extensions>
			</trkpt>
			<trkpt lat="47.1417755678" lon="9.5256656387">
				<ele>583.1</ele>
				<extensions>
					<swisstopo:routepoint_id>979442320</swisstopo:routepoint_id>
				</extensions>
			</trkpt>
			<trkpt lat="47.1416356038" lon="9.5256898259">
				<ele>583.1</ele>
				<extensions>
					<swisstopo:routepoint_id>2002263830</swisstopo:routepoint_id>
				</extensions>
			</trkpt>
			<trkpt lat="47.1414659302" lon="9.5256970258">
				<ele>583.0</ele>
				<extensions>
					<swisstopo:routepoint_id>1270184430</swisstopo:routepoint_id>
				</extensions>
			</trkpt>
			<trkpt lat="47.1413091560" lon="9.5257236415">
				<ele>582.8</ele>
				<extensions>
					<swisstopo:routepoint_id>2092488986</swisstopo:routepoint_id>
				</extensions>
			</trkpt>
			<trkpt lat="47.1411025899" lon="9.5257629961">
				<ele>582.5</ele>
				<extensions>
					<swisstopo:routepoint_id>182584586</swisstopo:routepoint_id>
				</extensions>
			</trkpt>
			<trkpt lat="47.1409522190" lon="9.5257868283">
				<ele>582.4</ele>
				<extensions>
					<swisstopo:routepoint_id>116923313</swisstopo:routepoint_id>
				</extensions>
			</trkpt>
			<trkpt lat="47.1408212228" lon="9.5257879832">
				<ele>582.3</ele>
				<extensions>
					<swisstopo:routepoint_id>1449465783</swisstopo:routepoint_id>
				</extensions>
			</trkpt>
			<trkpt lat="47.1407171981" lon="9.5257613425">
				<ele>582.6</ele>
				<extensions>
					<swisstopo:routepoint_id>1153494636</swisstopo:routepoint_id>
				</extensions>
			</trkpt>
			<trkpt lat="47.1406695200" lon="9.5257491345">
				<ele>582.1</ele>
				<extensions>
					<swisstopo:routepoint_id>351572619</swisstopo:routepoint_id>
				</extensions>
			</trkpt>
			<trkpt lat="47.1405264487" lon="9.5256970553">
				<ele>581.8</ele>
				<extensions>
					<swisstopo:routepoint_id>674535476</swisstopo:routepoint_id>
				</extensions>
			</trkpt>
			<trkpt lat="47.1404097826" lon="9.5256653757">
				<ele>582.1</ele>
				<extensions>
					<swisstopo:routepoint_id>131646498</swisstopo:routepoint_id>
				</extensions>
			</trkpt>
			<trkpt lat="47.1403665773" lon="9.5256536385">
				<ele>581.6</ele>
				<extensions>
					<swisstopo:routepoint_id>1109462257</swisstopo:routepoint_id>
				</extensions>
			</trkpt>
			<trkpt lat="47.1401875682" lon="9.5256145174">
				<ele>581.2</ele>
				<extensions>
					<swisstopo:routepoint_id>1289680604</swisstopo:routepoint_id>
				</extensions>
			</trkpt>
			<trkpt lat="47.1400937932" lon="9.5255920310">
				<ele>581.1</ele>
				<extensions>
					<swisstopo:routepoint_id>797636854</swisstopo:routepoint_id>
				</extensions>
			</trkpt>
			<trkpt lat="47.1400193801" lon="9.5255640285">
				<ele>581.0</ele>
				<extensions>
					<swisstopo:routepoint_id>1226286559</swisstopo:routepoint_id>
				</extensions>
			</trkpt>
			<trkpt lat="47.1399473854" lon="9.5255204341">
				<ele>580.8</ele>
				<extensions>
					<swisstopo:routepoint_id>1067873334</swisstopo:routepoint_id>
				</extensions>
			</trkpt>
			<trkpt lat="47.1398819402" lon="9.5254708432">
				<ele>580.7</ele>
				<extensions>
					<swisstopo:routepoint_id>251904453</swisstopo:routepoint_id>
				</extensions>
			</trkpt>
			<trkpt lat="47.1398041430" lon="9.5253925087">
				<ele>580.6</ele>
				<extensions>
					<swisstopo:routepoint_id>653446973</swisstopo:routepoint_id>
				</extensions>
			</trkpt>
			<trkpt lat="47.1397679104" lon="9.5253542375">
				<ele>580.5</ele>
				<extensions>
					<swisstopo:routepoint_id>2098000135</swisstopo:routepoint_id>
				</extensions>
			</trkpt>
			<trkpt lat="47.1397054362" lon="9.5252882591">
				<ele>580.4</ele>
				<extensions>
					<swisstopo:routepoint_id>54683972</swisstopo:routepoint_id>
				</extensions>
			</trkpt>
			<trkpt lat="47.1396173015" lon="9.5251907197">
				<ele>580.3</ele>
				<extensions>
					<swisstopo:routepoint_id>135059493</swisstopo:routepoint_id>
				</extensions>
			</trkpt>
			<trkpt lat="47.1395355293" lon="9.5250965520">
				<ele>580.2</ele>
				<extensions>
					<swisstopo:routepoint_id>159852270</swisstopo:routepoint_id>
				</extensions>
			</trkpt>
			<trkpt lat="47.1394870676" lon="9.5250538829">
				<ele>580.2</ele>
				<extensions>
					<swisstopo:routepoint_id>777637016</swisstopo:routepoint_id>
				</extensions>
			</trkpt>
			<trkpt lat="47.1394398957" lon="9.5250583215">
				<ele>580.3</ele>
				<extensions>
					<swisstopo:routepoint_id>166151388</swisstopo:routepoint_id>
				</extensions>
			</trkpt>
			<trkpt lat="47.1393858380" lon="9.5250977136">
				<ele>579.9</ele>
				<extensions>
					<swisstopo:routepoint_id>1119302844</swisstopo:routepoint_id>
				</extensions>
			</trkpt>
			<trkpt lat="47.1393423210" lon="9.5250651216">
				<ele>579.4</ele>
				<extensions>
					<swisstopo:routepoint_id>241302340</swisstopo:routepoint_id>
				</extensions>
			</trkpt>
			<trkpt lat="47.1392969030" lon="9.5250324362">
				<ele>578.9</ele>
				<extensions>
					<swisstopo:routepoint_id>2101116344</swisstopo:routepoint_id>
				</extensions>
			</trkpt>
			<trkpt lat="47.1392153246" lon="9.5249842842">
				<ele>578.3</ele>
				<extensions>
					<swisstopo:routepoint_id>337573953</swisstopo:routepoint_id>
				</extensions>
			</trkpt>
			<trkpt lat="47.1391795287" lon="9.5249491860">
				<ele>578.0</ele>
				<extensions>
					<swisstopo:routepoint_id>370817821</swisstopo:routepoint_id>
				</extensions>
			</trkpt>
			<trkpt lat="47.1391629532" lon="9.5249120104">
				<ele>577.8</ele>
				<extensions>
					<swisstopo:routepoint_id>844858255</swisstopo:routepoint_id>
				</extensions>
			</trkpt>
			<trkpt lat="47.1391543315" lon="9.5248582748">
				<ele>577.5</ele>
				<extensions>
					<swisstopo:routepoint_id>509481892</swisstopo:routepoint_id>
				</extensions>
			</trkpt>
			<trkpt lat="47.1391590854" lon="9.5248078745">
				<ele>577.2</ele>
				<extensions>
					<swisstopo:routepoint_id>1746433984</swisstopo:routepoint_id>
				</extensions>
			</trkpt>
			<trkpt lat="47.1391829400" lon="9.5247610284">
				<ele>577.0</ele>
				<extensions>
					<swisstopo:routepoint_id>1051804863</swisstopo:routepoint_id>
				</extensions>
			</trkpt>
			<trkpt lat="47.1392101739" lon="9.5247396028">
				<ele>576.8</ele>
				<extensions>
					<swisstopo:routepoint_id>820621871</swisstopo:routepoint_id>
				</extensions>
			</trkpt>
			<trkpt lat="47.1392447679" lon="9.5247353368">
				<ele>576.6</ele>
				<extensions>
					<swisstopo:routepoint_id>2022442541</swisstopo:routepoint_id>
				</extensions>
			</trkpt>
			<trkpt lat="47.1392811232" lon="9.5247395746">
				<ele>576.4</ele>
				<extensions>
					<swisstopo:routepoint_id>985762557</swisstopo:routepoint_id>
				</extensions>
			</trkpt>
			<trkpt lat="47.1393591702" lon="9.5247707246">
				<ele>575.7</ele>
				<extensions>
					<swisstopo:routepoint_id>1310883590</swisstopo:routepoint_id>
				</extensions>
			</trkpt>
			<trkpt lat="47.1394469082" lon="9.5247966119">
				<ele>575.0</ele>
				<extensions>
					<swisstopo:routepoint_id>434506770</swisstopo:routepoint_id>
				</extensions>
			</trkpt>
			<trkpt lat="47.1395483003" lon="9.5248090070">
				<ele>573.9</ele>
				<extensions>
					<swisstopo:routepoint_id>88828205</swisstopo:routepoint_id>
				</extensions>
			</trkpt>
			<trkpt lat="47.1397186773" lon="9.5248240664">
				<ele>572.1</ele>
				<extensions>
					<swisstopo:routepoint_id>337581997</swisstopo:routepoint_id>
				</extensions>
			</trkpt>
			<trkpt lat="47.1399293998" lon="9.5248351034">
				<ele>569.8</ele>
				<extensions>
					<swisstopo:routepoint_id>43335190</swisstopo:routepoint_id>
				</extensions>
			</trkpt>
			<trkpt lat="47.1401036141" lon="9.5248503257">
				<ele>568.0</ele>
				<extensions>
					<swisstopo:routepoint_id>1495970838</swisstopo:routepoint_id>
				</extensions>
			</trkpt>
			<trkpt lat="47.1402701026" lon="9.5248680541">
				<ele>566.2</ele>
				<extensions>
					<swisstopo:routepoint_id>1954635171</swisstopo:routepoint_id>
				</extensions>
			</trkpt>
			<trkpt lat="47.1404095101" lon="9.5248987835">
				<ele>564.8</ele>
				<extensions>
					<swisstopo:routepoint_id>59275276</swisstopo:routepoint_id>
				</extensions>
			</trkpt>
			<trkpt lat="47.1405792252" lon="9.5249503672">
				<ele>563.3</ele>
				<extensions>
					<swisstopo:routepoint_id>2096888999</swisstopo:routepoint_id>
				</extensions>
			</trkpt>
			<trkpt lat="47.1406422122" lon="9.5249668673">
				<ele>562.8</ele>
				<extensions>
					<swisstopo:routepoint_id>1325388069</swisstopo:routepoint_id>
				</extensions>
			</trkpt>
			<trkpt lat="47.1406825071" lon="9.5249656311">
				<ele>562.5</ele>
				<extensions>
					<swisstopo:routepoint_id>239142458</swisstopo:routepoint_id>
				</extensions>
			</trkpt>
			<trkpt lat="47.1407173470" lon="9.5249473177">
				<ele>562.1</ele>
				<extensions>
					<swisstopo:routepoint_id>1824359532</swisstopo:routepoint_id>
				</extensions>
			</trkpt>
			<trkpt lat="47.1407446824" lon="9.5249202890">
				<ele>561.9</ele>
				<extensions>
					<swisstopo:routepoint_id>1124129113</swisstopo:routepoint_id>
				</extensions>
			</trkpt>
			<trkpt lat="47.1407669705" lon="9.5248537065">
				<ele>561.4</ele>
				<extensions>
					<swisstopo:routepoint_id>1598125906</swisstopo:routepoint_id>
				</extensions>
			</trkpt>
			<trkpt lat="47.1407642110" lon="9.5247945826">
				<ele>561.1</ele>
				<extensions>
					<swisstopo:routepoint_id>1895482272</swisstopo:routepoint_id>
				</extensions>
			</trkpt>
			<trkpt lat="47.1407497025" lon="9.5247490576">
				<ele>560.7</ele>
				<extensions>
					<swisstopo:routepoint_id>554903878</swisstopo:routepoint_id>
				</extensions>
			</trkpt>
			<trkpt lat="47.1407255538" lon="9.5247059709">
				<ele>560.4</ele>
				<extensions>
					<swisstopo:routepoint_id>1537016463</swisstopo:routepoint_id>
				</extensions>
			</trkpt>
			<trkpt lat="47.1406953572" lon="9.5246795000">
				<ele>560.2</ele>
				<extensions>
					<swisstopo:routepoint_id>392355079</swisstopo:routepoint_id>
				</extensions>
			</trkpt>
			<trkpt lat="47.1406516411" lon="9.5246581168">
				<ele>559.8</ele>
				<extensions>
					<swisstopo:routepoint_id>1608559766</swisstopo:routepoint_id>
				</extensions>
			</trkpt>
			<trkpt lat="47.1406057140" lon="9.5246535187">
				<ele>559.4</ele>
				<extensions>
					<swisstopo:routepoint_id>540959531</swisstopo:routepoint_id>
				</extensions>
			</trkpt>
			<trkpt lat="47.1405386526" lon="9.5246509040">
				<ele>559.0</ele>
				<extensions>
					<swisstopo:routepoint_id>1537526726</swisstopo:routepoint_id>
				</extensions>
			</trkpt>
			<trkpt lat="47.1404927677" lon="9.5246434997">
				<ele>558.7</ele>
				<extensions>
					<swisstopo:routepoint_id>1993608460</swisstopo:routepoint_id>
				</extensions>
			</trkpt>
			<trkpt lat="47.1404470777" lon="9.5246248475">
				<ele>558.4</ele>
				<extensions>
					<swisstopo:routepoint_id>1361797277</swisstopo:routepoint_id>
				</extensions>
			</trkpt>
			<trkpt lat="47.1404187444" lon="9.5246012569">
				<ele>558.2</ele>
				<extensions>
					<swisstopo:routepoint_id>1863908238</swisstopo:routepoint_id>
				</extensions>
			</trkpt>
			<trkpt lat="47.1403963659" lon="9.5245666813">
				<ele>558.0</ele>
				<extensions>
					<swisstopo:routepoint_id>788599125</swisstopo:routepoint_id>
				</extensions>
			</trkpt>
			<trkpt lat="47.1403818486" lon="9.5245211435">
				<ele>557.8</ele>
				<extensions>
					<swisstopo:routepoint_id>59205898</swisstopo:routepoint_id>
				</extensions>
			</trkpt>
			<trkpt lat="47.1403848827" lon="9.5244594515">
				<ele>557.4</ele>
				<extensions>
					<swisstopo:routepoint_id>1395797618</swisstopo:routepoint_id>
				</extensions>
			</trkpt>
			<trkpt lat="47.1403954388" lon="9.5244064687">
				<ele>557.2</ele>
				<extensions>
					<swisstopo:routepoint_id>1412615429</swisstopo:routepoint_id>
				</extensions>
			</trkpt>
			<trkpt lat="47.1404211056" lon="9.5243653178">
				<ele>556.9</ele>
				<extensions>
					<swisstopo:routepoint_id>592057140</swisstopo:routepoint_id>
				</extensions>
			</trkpt>
			<trkpt lat="47.1404542946" lon="9.5243328828">
				<ele>556.5</ele>
				<extensions>
					<swisstopo:routepoint_id>812672580</swisstopo:routepoint_id>
				</extensions>
			</trkpt>
			<trkpt lat="47.1404870695" lon="9.5243229215">
				<ele>556.2</ele>
				<extensions>
					<swisstopo:routepoint_id>541295496</swisstopo:routepoint_id>
				</extensions>
			</trkpt>
			<trkpt lat="47.1405093100" lon="9.5242743374">
				<ele>556.1</ele>
				<extensions>
					<swisstopo:routepoint_id>7187504</swisstopo:routepoint_id>
				</extensions>
			</trkpt>
			<trkpt lat="47.1405379426" lon="9.5242261417">
				<ele>555.2</ele>
				<extensions>
					<swisstopo:routepoint_id>1696444789</swisstopo:routepoint_id>
				</extensions>
			</trkpt>
			<trkpt lat="47.1405656148" lon="9.5242057389">
				<ele>554.5</ele>
				<extensions>
					<swisstopo:routepoint_id>2067470807</swisstopo:routepoint_id>
				</extensions>
			</trkpt>
			<trkpt lat="47.1406442543" lon="9.5242037109">
				<ele>552.6</ele>
				<extensions>
					<swisstopo:routepoint_id>1357457384</swisstopo:routepoint_id>
				</extensions>
			</trkpt>
			<trkpt lat="47.1406627595" lon="9.5241790356">
				<ele>552.2</ele>
				<extensions>
					<swisstopo:routepoint_id>79300132</swisstopo:routepoint_id>
				</extensions>
			</trkpt>
			<trkpt lat="47.1406845650" lon="9.5241414690">
				<ele>551.4</ele>
				<extensions>
					<swisstopo:routepoint_id>1688399370</swisstopo:routepoint_id>
				</extensions>
			</trkpt>
			<trkpt lat="47.1407116272" lon="9.5241367864">
				<ele>550.9</ele>
				<extensions>
					<swisstopo:routepoint_id>651232526</swisstopo:routepoint_id>
				</extensions>
			</trkpt>
			<trkpt lat="47.1407332421" lon="9.5241640429">
				<ele>550.3</ele>
				<extensions>
					<swisstopo:routepoint_id>840786198</swisstopo:routepoint_id>
				</extensions>
			</trkpt>
			<trkpt lat="47.1407390210" lon="9.5242083324">
				<ele>549.6</ele>
				<extensions>
					<swisstopo:routepoint_id>187876584</swisstopo:routepoint_id>
				</extensions>
			</trkpt>
			<trkpt lat="47.1407374217" lon="9.5242747494">
				<ele>549.0</ele>
				<extensions>
					<swisstopo:routepoint_id>782621837</swisstopo:routepoint_id>
				</extensions>
			</trkpt>
			<trkpt lat="47.1407572363" lon="9.5243281245">
				<ele>548.5</ele>
				<extensions>
					<swisstopo:routepoint_id>1403762597</swisstopo:routepoint_id>
				</extensions>
			</trkpt>
			<trkpt lat="47.1407906811" lon="9.5243625326">
				<ele>548.2</ele>
				<extensions>
					<swisstopo:routepoint_id>1808712726</swisstopo:routepoint_id>
				</extensions>
			</trkpt>
			<trkpt lat="47.1409080462" lon="9.5244172320">
				<ele>547.0</ele>
				<extensions>
					<swisstopo:routepoint_id>1040053437</swisstopo:routepoint_id>
				</extensions>
			</trkpt>
			<trkpt lat="47.1409800075" lon="9.5244365350">
				<ele>542.9</ele>
				<extensions>
					<swisstopo:routepoint_id>1284948867</swisstopo:routepoint_id>
				</extensions>
			</trkpt>
			<trkpt lat="47.1410753665" lon="9.5244254420">
				<ele>544.3</ele>
				<extensions>
					<swisstopo:routepoint_id>1138790933</swisstopo:routepoint_id>
				</extensions>
			</trkpt>
			<trkpt lat="47.1411846715" lon="9.5244085116">
				<ele>544.4</ele>
				<extensions>
					<swisstopo:routepoint_id>1688717955</swisstopo:routepoint_id>
				</extensions>
			</trkpt>
			<trkpt lat="47.1413255107" lon="9.5243636658">
				<ele>542.1</ele>
				<extensions>
					<swisstopo:routepoint_id>2123307222</swisstopo:routepoint_id>
				</extensions>
			</trkpt>
			<trkpt lat="47.1414735296" lon="9.5243614451">
				<ele>540.0</ele>
				<extensions>
					<swisstopo:routepoint_id>1868425608</swisstopo:routepoint_id>
				</extensions>
			</trkpt>
			<trkpt lat="47.1414751229" lon="9.5243370568">
				<ele>538.8</ele>
				<extensions>
					<swisstopo:routepoint_id>1059095192</swisstopo:routepoint_id>
				</extensions>
			</trkpt>
			<trkpt lat="47.1413860363" lon="9.5243302998">
				<ele>538.1</ele>
				<extensions>
					<swisstopo:routepoint_id>64332919</swisstopo:routepoint_id>
				</extensions>
			</trkpt>
			<trkpt lat="47.1413900246" lon="9.5243061207">
				<ele>537.6</ele>
				<extensions>
					<swisstopo:routepoint_id>909621016</swisstopo:routepoint_id>
				</extensions>
			</trkpt>
			<trkpt lat="47.1414688627" lon="9.5243023492">
				<ele>536.9</ele>
				<extensions>
					<swisstopo:routepoint_id>828790894</swisstopo:routepoint_id>
				</extensions>
			</trkpt>
			<trkpt lat="47.1415665964" lon="9.5243124763">
				<ele>536.4</ele>
				<extensions>
					<swisstopo:routepoint_id>231574294</swisstopo:routepoint_id>
				</extensions>
			</trkpt>
			<trkpt lat="47.1416759526" lon="9.5243314986">
				<ele>536.8</ele>
				<extensions>
					<swisstopo:routepoint_id>363145124</swisstopo:routepoint_id>
				</extensions>
			</trkpt>
			<trkpt lat="47.1418229245" lon="9.5243230550">
				<ele>535.7</ele>
				<extensions>
					<swisstopo:routepoint_id>558262581</swisstopo:routepoint_id>
				</extensions>
			</trkpt>
			<trkpt lat="47.1419943295" lon="9.5243114557">
				<ele>533.4</ele>
				<extensions>
					<swisstopo:routepoint_id>1783235559</swisstopo:routepoint_id>
				</extensions>
			</trkpt>
			<trkpt lat="47.1421181226" lon="9.5242980451">
				<ele>531.5</ele>
				<extensions>
					<swisstopo:routepoint_id>178988537</swisstopo:routepoint_id>
				</extensions>
			</trkpt>
			<trkpt lat="47.1422215805" lon="9.5242914982">
				<ele>531.0</ele>
				<extensions>
					<swisstopo:routepoint_id>1018746124</swisstopo:routepoint_id>
				</extensions>
			</trkpt>
			<trkpt lat="47.1422957526" lon="9.5242881951">
				<ele>530.4</ele>
				<extensions>
					<swisstopo:routepoint_id>746383693</swisstopo:routepoint_id>
				</extensions>
			</trkpt>
			<trkpt lat="47.1423391489" lon="9.5242821399">
				<ele>529.9</ele>
				<extensions>
					<swisstopo:routepoint_id>1001019413</swisstopo:routepoint_id>
				</extensions>
			</trkpt>
			<trkpt lat="47.1423782888" lon="9.5242738328">
				<ele>529.4</ele>
				<extensions>
					<swisstopo:routepoint_id>338786230</swisstopo:routepoint_id>
				</extensions>
			</trkpt>
			<trkpt lat="47.1424291448" lon="9.5242707217">
				<ele>528.7</ele>
				<extensions>
					<swisstopo:routepoint_id>1236225565</swisstopo:routepoint_id>
				</extensions>
			</trkpt>
			<trkpt lat="47.1425328731" lon="9.5242768777">
				<ele>527.4</ele>
				<extensions>
					<swisstopo:routepoint_id>1569639159</swisstopo:routepoint_id>
				</extensions>
			</trkpt>
			<trkpt lat="47.1426052213" lon="9.5242680360">
				<ele>526.3</ele>
				<extensions>
					<swisstopo:routepoint_id>1572853326</swisstopo:routepoint_id>
				</extensions>
			</trkpt>
			<trkpt lat="47.1426426011" lon="9.5242569555">
				<ele>525.9</ele>
				<extensions>
					<swisstopo:routepoint_id>859368143</swisstopo:routepoint_id>
				</extensions>
			</trkpt>
			<trkpt lat="47.1426765749" lon="9.5242423726">
				<ele>526.0</ele>
				<extensions>
					<swisstopo:routepoint_id>1609481965</swisstopo:routepoint_id>
				</extensions>
			</trkpt>
			<trkpt lat="47.1426008947" lon="9.5242173063">
				<ele>525.1</ele>
				<extensions>
					<swisstopo:routepoint_id>703103737</swisstopo:routepoint_id>
				</extensions>
			</trkpt>
			<trkpt lat="47.1423722889" lon="9.5241447638">
				<ele>522.5</ele>
				<extensions>
					<swisstopo:routepoint_id>1491026940</swisstopo:routepoint_id>
				</extensions>
			</trkpt>
			<trkpt lat="47.1421693861" lon="9.5241376723">
				<ele>520.5</ele>
				<extensions>
					<swisstopo:routepoint_id>834064187</swisstopo:routepoint_id>
				</extensions>
			</trkpt>
			<trkpt lat="47.1420815403" lon="9.5241133031">
				<ele>519.7</ele>
				<extensions>
					<swisstopo:routepoint_id>595983685</swisstopo:routepoint_id>
				</extensions>
			</trkpt>
			<trkpt lat="47.1420782401" lon="9.5241125221">
				<ele>519.7</ele>
				<extensions>
					<swisstopo:routepoint_id>451522387</swisstopo:routepoint_id>
				</extensions>
			</trkpt>
			<trkpt lat="47.1420815403" lon="9.5241133031">
				<ele>519.7</ele>
				<extensions>
					<swisstopo:routepoint_id>1347778249</swisstopo:routepoint_id>
				</extensions>
			</trkpt>
			<trkpt lat="47.1420964302" lon="9.5241000360">
				<ele>519.7</ele>
				<extensions>
					<swisstopo:routepoint_id>905353092</swisstopo:routepoint_id>
				</extensions>
			</trkpt>
			<trkpt lat="47.1423102930" lon="9.5240575454">
				<ele>517.6</ele>
				<extensions>
					<swisstopo:routepoint_id>609148563</swisstopo:routepoint_id>
				</extensions>
			</trkpt>
			<trkpt lat="47.1424813245" lon="9.5240195285">
				<ele>515.7</ele>
				<extensions>
					<swisstopo:routepoint_id>1824381547</swisstopo:routepoint_id>
				</extensions>
			</trkpt>
			<trkpt lat="47.1426810173" lon="9.5239894289">
				<ele>513.7</ele>
				<extensions>
					<swisstopo:routepoint_id>796774256</swisstopo:routepoint_id>
				</extensions>
			</trkpt>
			<trkpt lat="47.1427053295" lon="9.5239682309">
				<ele>513.3</ele>
				<extensions>
					<swisstopo:routepoint_id>2129898357</swisstopo:routepoint_id>
				</extensions>
			</trkpt>
			<trkpt lat="47.1427068328" lon="9.5239541224">
				<ele>513.1</ele>
				<extensions>
					<swisstopo:routepoint_id>799858990</swisstopo:routepoint_id>
				</extensions>
			</trkpt>
			<trkpt lat="47.1426964154" lon="9.5239349775">
				<ele>512.8</ele>
				<extensions>
					<swisstopo:routepoint_id>514334595</swisstopo:routepoint_id>
				</extensions>
			</trkpt>
			<trkpt lat="47.1426581807" lon="9.5239175686">
				<ele>512.0</ele>
				<extensions>
					<swisstopo:routepoint_id>2040440334</swisstopo:routepoint_id>
				</extensions>
			</trkpt>
			<trkpt lat="47.1425989396" lon="9.5239043123">
				<ele>510.9</ele>
				<extensions>
					<swisstopo:routepoint_id>183220355</swisstopo:routepoint_id>
				</extensions>
			</trkpt>
			<trkpt lat="47.1425482690" lon="9.5238865282">
				<ele>510.1</ele>
				<extensions>
					<swisstopo:routepoint_id>148100004</swisstopo:routepoint_id>
				</extensions>
			</trkpt>
			<trkpt lat="47.1424835850" lon="9.5238545464">
				<ele>508.7</ele>
				<extensions>
					<swisstopo:routepoint_id>2056773509</swisstopo:routepoint_id>
				</extensions>
			</trkpt>
			<trkpt lat="47.1424217580" lon="9.5238239636">
				<ele>507.2</ele>
				<extensions>
					<swisstopo:routepoint_id>1017069026</swisstopo:routepoint_id>
				</extensions>
			</trkpt>
			<trkpt lat="47.1423459529" lon="9.5237762484">
				<ele>505.6</ele>
				<extensions>
					<swisstopo:routepoint_id>990047026</swisstopo:routepoint_id>
				</extensions>
			</trkpt>
			<trkpt lat="47.1422844852" lon="9.5237161420">
				<ele>503.8</ele>
				<extensions>
					<swisstopo:routepoint_id>2086339206</swisstopo:routepoint_id>
				</extensions>
			</trkpt>
			<trkpt lat="47.1421707891" lon="9.5235889036">
				<ele>500.4</ele>
				<extensions>
					<swisstopo:routepoint_id>187056281</swisstopo:routepoint_id>
				</extensions>
			</trkpt>
			<trkpt lat="47.1421502371" lon="9.5235684560">
				<ele>499.9</ele>
				<extensions>
					<swisstopo:routepoint_id>400835560</swisstopo:routepoint_id>
				</extensions>
			</trkpt>
			<trkpt lat="47.1421267726" lon="9.5235482038">
				<ele>499.3</ele>
				<extensions>
					<swisstopo:routepoint_id>1819385999</swisstopo:routepoint_id>
				</extensions>
			</trkpt>
			<trkpt lat="47.1421059070" lon="9.5235338998">
				<ele>498.7</ele>
				<extensions>
					<swisstopo:routepoint_id>512989751</swisstopo:routepoint_id>
				</extensions>
			</trkpt>
			<trkpt lat="47.1420922051" lon="9.5235238613">
				<ele>498.0</ele>
				<extensions>
					<swisstopo:routepoint_id>1692130596</swisstopo:routepoint_id>
				</extensions>
			</trkpt>
			<trkpt lat="47.1420899905" lon="9.5235093186">
				<ele>497.9</ele>
				<extensions>
					<swisstopo:routepoint_id>1072245339</swisstopo:routepoint_id>
				</extensions>
			</trkpt>
			<trkpt lat="47.1421113952" lon="9.5234734863">
				<ele>496.0</ele>
				<extensions>
					<swisstopo:routepoint_id>829567209</swisstopo:routepoint_id>
				</extensions>
			</trkpt>
			<trkpt lat="47.1421117208" lon="9.5234012032">
				<ele>492.8</ele>
				<extensions>
					<swisstopo:routepoint_id>260962169</swisstopo:routepoint_id>
				</extensions>
			</trkpt>
			<trkpt lat="47.1421090961" lon="9.5233641898">
				<ele>492.6</ele>
				<extensions>
					<swisstopo:routepoint_id>729983640</swisstopo:routepoint_id>
				</extensions>
			</trkpt>
			<trkpt lat="47.1420804694" lon="9.5233654483">
				<ele>492.4</ele>
				<extensions>
					<swisstopo:routepoint_id>1080365575</swisstopo:routepoint_id>
				</extensions>
			</trkpt>
			<trkpt lat="47.1420762250" lon="9.5233509638">
				<ele>492.3</ele>
				<extensions>
					<swisstopo:routepoint_id>1375414669</swisstopo:routepoint_id>
				</extensions>
			</trkpt>
			<trkpt lat="47.1420640486" lon="9.5233370345">
				<ele>492.1</ele>
				<extensions>
					<swisstopo:routepoint_id>1377604368</swisstopo:routepoint_id>
				</extensions>
			</trkpt>
			<trkpt lat="47.1420381318" lon="9.5233291373">
				<ele>491.8</ele>
				<extensions>
					<swisstopo:routepoint_id>1791589565</swisstopo:routepoint_id>
				</extensions>
			</trkpt>
			<trkpt lat="47.1419904382" lon="9.5233332932">
				<ele>491.1</ele>
				<extensions>
					<swisstopo:routepoint_id>1572994305</swisstopo:routepoint_id>
				</extensions>
			</trkpt>
			<trkpt lat="47.1418880933" lon="9.5233477735">
				<ele>488.7</ele>
				<extensions>
					<swisstopo:routepoint_id>496364579</swisstopo:routepoint_id>
				</extensions>
			</trkpt>
			<trkpt lat="47.1417828772" lon="9.5233407952">
				<ele>486.2</ele>
				<extensions>
					<swisstopo:routepoint_id>357283313</swisstopo:routepoint_id>
				</extensions>
			</trkpt>
			<trkpt lat="47.1416953131" lon="9.5233198423">
				<ele>484.1</ele>
				<extensions>
					<swisstopo:routepoint_id>297604968</swisstopo:routepoint_id>
				</extensions>
			</trkpt>
			<trkpt lat="47.1414977195" lon="9.5232685161">
				<ele>479.6</ele>
				<extensions>
					<swisstopo:routepoint_id>336827780</swisstopo:routepoint_id>
				</extensions>
			</trkpt>
			<trkpt lat="47.1413120312" lon="9.5232250334">
				<ele>474.9</ele>
				<extensions>
					<swisstopo:routepoint_id>559666520</swisstopo:routepoint_id>
				</extensions>
			</trkpt>
			<trkpt lat="47.1411361231" lon="9.5231679849">
				<ele>470.6</ele>
				<extensions>
					<swisstopo:routepoint_id>1729826458</swisstopo:routepoint_id>
				</extensions>
			</trkpt>
			<trkpt lat="47.1410929902" lon="9.5231328326">
				<ele>469.8</ele>
				<extensions>
					<swisstopo:routepoint_id>1789438378</swisstopo:routepoint_id>
				</extensions>
			</trkpt>
			<trkpt lat="47.1410767931" lon="9.5230820068">
				<ele>468.9</ele>
				<extensions>
					<swisstopo:routepoint_id>390964593</swisstopo:routepoint_id>
				</extensions>
			</trkpt>
			<trkpt lat="47.1410748473" lon="9.5230061828">
				<ele>468.1</ele>
				<extensions>
					<swisstopo:routepoint_id>482366974</swisstopo:routepoint_id>
				</extensions>
			</trkpt>
			<trkpt lat="47.1409506740" lon="9.5229594597">
				<ele>465.6</ele>
				<extensions>
					<swisstopo:routepoint_id>1097727993</swisstopo:routepoint_id>
				</extensions>
			</trkpt>
			<trkpt lat="47.1408591663" lon="9.5229107552">
				<ele>463.5</ele>
				<extensions>
					<swisstopo:routepoint_id>1115652850</swisstopo:routepoint_id>
				</extensions>
			</trkpt>
			<trkpt lat="47.1407508877" lon="9.5228438695">
				<ele>461.0</ele>
				<extensions>
					<swisstopo:routepoint_id>1176601718</swisstopo:routepoint_id>
				</extensions>
			</trkpt>
			<trkpt lat="47.1406497309" lon="9.5227621875">
				<ele>458.8</ele>
				<extensions>
					<swisstopo:routepoint_id>484202543</swisstopo:routepoint_id>
				</extensions>
			</trkpt>
			<trkpt lat="47.1405518634" lon="9.5226852121">
				<ele>456.9</ele>
				<extensions>
					<swisstopo:routepoint_id>529648594</swisstopo:routepoint_id>
				</extensions>
			</trkpt>
			<trkpt lat="47.1405056291" lon="9.5226255801">
				<ele>456.7</ele>
				<extensions>
					<swisstopo:routepoint_id>1660188295</swisstopo:routepoint_id>
				</extensions>
			</trkpt>
			<trkpt lat="47.1404804271" lon="9.5226485717">
				<ele>456.7</ele>
				<extensions>
					<swisstopo:routepoint_id>725083739</swisstopo:routepoint_id>
				</extensions>
			</trkpt>
			<trkpt lat="47.1404614034" lon="9.5226628307">
				<ele>456.7</ele>
				<extensions>
					<swisstopo:routepoint_id>96384111</swisstopo:routepoint_id>
				</extensions>
			</trkpt>
			<trkpt lat="47.1404804271" lon="9.5226485717">
				<ele>456.7</ele>
				<extensions>
					<swisstopo:routepoint_id>1693008587</swisstopo:routepoint_id>
				</extensions>
			</trkpt>
			<trkpt lat="47.1405056291" lon="9.5226255801">
				<ele>456.7</ele>
				<extensions>
					<swisstopo:routepoint_id>430696311</swisstopo:routepoint_id>
				</extensions>
			</trkpt>
			<trkpt lat="47.1405977961" lon="9.5225119302">
				<ele>456.8</ele>
				<extensions>
					<swisstopo:routepoint_id>1201732278</swisstopo:routepoint_id>
				</extensions>
			</trkpt>
			<trkpt lat="47.1407947687" lon="9.5222162213">
				<ele>456.8</ele>
				<extensions>
					<swisstopo:routepoint_id>1075410490</swisstopo:routepoint_id>
				</extensions>
			</trkpt>
			<trkpt lat="47.1408901145" lon="9.5220519518">
				<ele>456.9</ele>
				<extensions>
					<swisstopo:routepoint_id>69828136</swisstopo:routepoint_id>
				</extensions>
			</trkpt>
			<trkpt lat="47.1409363952" lon="9.5218517289">
				<ele>456.8</ele>
				<extensions>
					<swisstopo:routepoint_id>1990965670</swisstopo:routepoint_id>
				</extensions>
			</trkpt>
			<trkpt lat="47.1409777302" lon="9.5217535978">
				<ele>456.8</ele>
				<extensions>
					<swisstopo:routepoint_id>2106331374</swisstopo:routepoint_id>
				</extensions>
			</trkpt>
			<trkpt lat="47.1410047745" lon="9.5216775591">
				<ele>456.9</ele>
				<extensions>
					<swisstopo:routepoint_id>1912378568</swisstopo:routepoint_id>
				</extensions>
			</trkpt>
			<trkpt lat="47.1410332727" lon="9.5215207182">
				<ele>456.9</ele>
				<extensions>
					<swisstopo:routepoint_id>1819987027</swisstopo:routepoint_id>
				</extensions>
			</trkpt>
			<trkpt lat="47.1410756920" lon="9.5213042169">
				<ele>456.8</ele>
				<extensions>
					<swisstopo:routepoint_id>1082602573</swisstopo:routepoint_id>
				</extensions>
			</trkpt>
			<trkpt lat="47.1410789773" lon="9.5211933961">
				<ele>456.6</ele>
				<extensions>
					<swisstopo:routepoint_id>773347631</swisstopo:routepoint_id>
				</extensions>
			</trkpt>
			<trkpt lat="47.1410724326" lon="9.5211292052">
				<ele>456.4</ele>
				<extensions>
					<swisstopo:routepoint_id>590358053</swisstopo:routepoint_id>
				</extensions>
			</trkpt>
			<trkpt lat="47.1410491641" lon="9.5210442164">
				<ele>456.1</ele>
				<extensions>
					<swisstopo:routepoint_id>1476070771</swisstopo:routepoint_id>
				</extensions>
			</trkpt>
			<trkpt lat="47.1410734041" lon="9.5210323678">
				<ele>456.1</ele>
				<extensions>
					<swisstopo:routepoint_id>805953200</swisstopo:routepoint_id>
				</extensions>
			</trkpt>
			<trkpt lat="47.1410891067" lon="9.5210084497">
				<ele>456.2</ele>
				<extensions>
					<swisstopo:routepoint_id>138298522</swisstopo:routepoint_id>
				</extensions>
			</trkpt>
			<trkpt lat="47.1410960672" lon="9.5209863147">
				<ele>456.2</ele>
				<extensions>
					<swisstopo:routepoint_id>1718429575</swisstopo:routepoint_id>
				</extensions>
			</trkpt>
			<trkpt lat="47.1410987255" lon="9.5209597523">
				<ele>456.2</ele>
				<extensions>
					<swisstopo:routepoint_id>490878986</swisstopo:routepoint_id>
				</extensions>
			</trkpt>
			<trkpt lat="47.1410969157" lon="9.5209394124">
				<ele>456.1</ele>
				<extensions>
					<swisstopo:routepoint_id>432541383</swisstopo:routepoint_id>
				</extensions>
			</trkpt>
			<trkpt lat="47.1410935249" lon="9.5209254201">
				<ele>456.0</ele>
				<extensions>
					<swisstopo:routepoint_id>1112546716</swisstopo:routepoint_id>
				</extensions>
			</trkpt>
			<trkpt lat="47.1410795160" lon="9.5208950046">
				<ele>455.9</ele>
				<extensions>
					<swisstopo:routepoint_id>1257481949</swisstopo:routepoint_id>
				</extensions>
			</trkpt>
			<trkpt lat="47.1410632348" lon="9.5208698417">
				<ele>455.8</ele>
				<extensions>
					<swisstopo:routepoint_id>2120342781</swisstopo:routepoint_id>
				</extensions>
			</trkpt>
			<trkpt lat="47.1410460321" lon="9.5208553119">
				<ele>455.6</ele>
				<extensions>
					<swisstopo:routepoint_id>1645333479</swisstopo:routepoint_id>
				</extensions>
			</trkpt>
			<trkpt lat="47.1410261691" lon="9.5208411004">
				<ele>455.5</ele>
				<extensions>
					<swisstopo:routepoint_id>612898013</swisstopo:routepoint_id>
				</extensions>
			</trkpt>
			<trkpt lat="47.1410221616" lon="9.5207377530">
				<ele>455.3</ele>
				<extensions>
					<swisstopo:routepoint_id>1911395298</swisstopo:routepoint_id>
				</extensions>
			</trkpt>
			<trkpt lat="47.1409943286" lon="9.5206240559">
				<ele>455.2</ele>
				<extensions>
					<swisstopo:routepoint_id>1481132525</swisstopo:routepoint_id>
				</extensions>
			</trkpt>
			<trkpt lat="47.1410864892" lon="9.5205655833">
				<ele>454.9</ele>
				<extensions>
					<swisstopo:routepoint_id>1257887199</swisstopo:routepoint_id>
				</extensions>
			</trkpt>
			<trkpt lat="47.1411493621" lon="9.5204946921">
				<ele>454.8</ele>
				<extensions>
					<swisstopo:routepoint_id>1373636407</swisstopo:routepoint_id>
				</extensions>
			</trkpt>
			<trkpt lat="47.1411959083" lon="9.5204043757">
				<ele>454.8</ele>
				<extensions>
					<swisstopo:routepoint_id>1468323212</swisstopo:routepoint_id>
				</extensions>
			</trkpt>
			<trkpt lat="47.1412270272" lon="9.5203153132">
				<ele>454.9</ele>
				<extensions>
					<swisstopo:routepoint_id>321309110</swisstopo:routepoint_id>
				</extensions>
			</trkpt>
			<trkpt lat="47.1412549460" lon="9.5201904008">
				<ele>454.9</ele>
				<extensions>
					<swisstopo:routepoint_id>981700373</swisstopo:routepoint_id>
				</extensions>
			</trkpt>
			<trkpt lat="47.1413133906" lon="9.5198673324">
				<ele>455.0</ele>
				<extensions>
					<swisstopo:routepoint_id>470135898</swisstopo:routepoint_id>
				</extensions>
			</trkpt>
			<trkpt lat="47.1413322323" lon="9.5197477139">
				<ele>455.1</ele>
				<extensions>
					<swisstopo:routepoint_id>1769941906</swisstopo:routepoint_id>
				</extensions>
			</trkpt>
			<trkpt lat="47.1413374557" lon="9.5196726925">
				<ele>455.1</ele>
				<extensions>
					<swisstopo:routepoint_id>957381890</swisstopo:routepoint_id>
				</extensions>
			</trkpt>
			<trkpt lat="47.1413322940" lon="9.5196029142">
				<ele>455.0</ele>
				<extensions>
					<swisstopo:routepoint_id>2089020499</swisstopo:routepoint_id>
				</extensions>
			</trkpt>
			<trkpt lat="47.1413194740" lon="9.5195309517">
				<ele>454.9</ele>
				<extensions>
					<swisstopo:routepoint_id>1037770198</swisstopo:routepoint_id>
				</extensions>
			</trkpt>
			<trkpt lat="47.1412926032" lon="9.5194565688">
				<ele>454.7</ele>
				<extensions>
					<swisstopo:routepoint_id>1871683122</swisstopo:routepoint_id>
				</extensions>
			</trkpt>
			<trkpt lat="47.1412494886" lon="9.5193571040">
				<ele>454.3</ele>
				<extensions>
					<swisstopo:routepoint_id>320183151</swisstopo:routepoint_id>
				</extensions>
			</trkpt>
			<trkpt lat="47.1412673738" lon="9.5193319134">
				<ele>454.3</ele>
				<extensions>
					<swisstopo:routepoint_id>1207347722</swisstopo:routepoint_id>
				</extensions>
			</trkpt>
			<trkpt lat="47.1413196957" lon="9.5192582342">
				<ele>454.2</ele>
				<extensions>
					<swisstopo:routepoint_id>1900697721</swisstopo:routepoint_id>
				</extensions>
			</trkpt>
			<trkpt lat="47.1413751568" lon="9.5191403742">
				<ele>454.1</ele>
				<extensions>
					<swisstopo:routepoint_id>1388368568</swisstopo:routepoint_id>
				</extensions>
			</trkpt>
			<trkpt lat="47.1414255162" lon="9.5189887858">
				<ele>454.0</ele>
				<extensions>
					<swisstopo:routepoint_id>643292738</swisstopo:routepoint_id>
				</extensions>
			</trkpt>
			<trkpt lat="47.1414885504" lon="9.5187679385">
				<ele>454.0</ele>
				<extensions>
					<swisstopo:routepoint_id>1986016637</swisstopo:routepoint_id>
				</extensions>
			</trkpt>
			<trkpt lat="47.1415430139" lon="9.5185997602">
				<ele>454.0</ele>
				<extensions>
					<swisstopo:routepoint_id>994321192</swisstopo:routepoint_id>
				</extensions>
			</trkpt>
			<trkpt lat="47.1416209214" lon="9.5183990273">
				<ele>454.0</ele>
				<extensions>
					<swisstopo:routepoint_id>1522732013</swisstopo:routepoint_id>
				</extensions>
			</trkpt>
			<trkpt lat="47.1417042933" lon="9.5182124411">
				<ele>454.1</ele>
				<extensions>
					<swisstopo:routepoint_id>931429228</swisstopo:routepoint_id>
				</extensions>
			</trkpt>
			<trkpt lat="47.1417556894" lon="9.5181083787">
				<ele>454.3</ele>
				<extensions>
					<swisstopo:routepoint_id>588323088</swisstopo:routepoint_id>
				</extensions>
			</trkpt>
			<trkpt lat="47.1417747590" lon="9.5180485604">
				<ele>454.3</ele>
				<extensions>
					<swisstopo:routepoint_id>1583655658</swisstopo:routepoint_id>
				</extensions>
			</trkpt>
			<trkpt lat="47.1417942063" lon="9.5179891786">
				<ele>454.3</ele>
				<extensions>
					<swisstopo:routepoint_id>896678551</swisstopo:routepoint_id>
				</extensions>
			</trkpt>
			<trkpt lat="47.1418177976" lon="9.5179309754">
				<ele>454.3</ele>
				<extensions>
					<swisstopo:routepoint_id>1551986259</swisstopo:routepoint_id>
				</extensions>
			</trkpt>
			<trkpt lat="47.1418322433" lon="9.5178867633">
				<ele>454.3</ele>
				<extensions>
					<swisstopo:routepoint_id>1511010062</swisstopo:routepoint_id>
				</extensions>
			</trkpt>
			<trkpt lat="47.1418858819" lon="9.5177067733">
				<ele>454.2</ele>
				<extensions>
					<swisstopo:routepoint_id>1143787537</swisstopo:routepoint_id>
				</extensions>
			</trkpt>
			<trkpt lat="47.1419360132" lon="9.5175365571">
				<ele>454.2</ele>
				<extensions>
					<swisstopo:routepoint_id>273247089</swisstopo:routepoint_id>
				</extensions>
			</trkpt>
			<trkpt lat="47.1419472640" lon="9.5174794772">
				<ele>454.1</ele>
				<extensions>
					<swisstopo:routepoint_id>1730320509</swisstopo:routepoint_id>
				</extensions>
			</trkpt>
			<trkpt lat="47.1419519149" lon="9.5174428694">
				<ele>454.2</ele>
				<extensions>
					<swisstopo:routepoint_id>1292400781</swisstopo:routepoint_id>
				</extensions>
			</trkpt>
			<trkpt lat="47.1419525219" lon="9.5173975917">
				<ele>454.2</ele>
				<extensions>
					<swisstopo:routepoint_id>550140388</swisstopo:routepoint_id>
				</extensions>
			</trkpt>
			<trkpt lat="47.1419473782" lon="9.5173364748">
				<ele>454.2</ele>
				<extensions>
					<swisstopo:routepoint_id>1635018200</swisstopo:routepoint_id>
				</extensions>
			</trkpt>
			<trkpt lat="47.1419406045" lon="9.5172716949">
				<ele>454.0</ele>
				<extensions>
					<swisstopo:routepoint_id>1809876444</swisstopo:routepoint_id>
				</extensions>
			</trkpt>
			<trkpt lat="47.1419373487" lon="9.5172262286">
				<ele>454.0</ele>
				<extensions>
					<swisstopo:routepoint_id>922502191</swisstopo:routepoint_id>
				</extensions>
			</trkpt>
			<trkpt lat="47.1419366469" lon="9.5171872426">
				<ele>454.0</ele>
				<extensions>
					<swisstopo:routepoint_id>885267401</swisstopo:routepoint_id>
				</extensions>
			</trkpt>
			<trkpt lat="47.1419418170" lon="9.5171525225">
				<ele>454.0</ele>
				<extensions>
					<swisstopo:routepoint_id>192734611</swisstopo:routepoint_id>
				</extensions>
			</trkpt>
			<trkpt lat="47.1419537744" lon="9.5171153647">
				<ele>454.0</ele>
				<extensions>
					<swisstopo:routepoint_id>831048157</swisstopo:routepoint_id>
				</extensions>
			</trkpt>
			<trkpt lat="47.1419268853" lon="9.5170821005">
				<ele>453.7</ele>
				<extensions>
					<swisstopo:routepoint_id>1178629155</swisstopo:routepoint_id>
				</extensions>
			</trkpt>
			<trkpt lat="47.1418543948" lon="9.5169850176">
				<ele>454.0</ele>
				<extensions>
					<swisstopo:routepoint_id>1215959601</swisstopo:routepoint_id>
				</extensions>
			</trkpt>
			<trkpt lat="47.1418443195" lon="9.5169714255">
				<ele>454.0</ele>
				<extensions>
					<swisstopo:routepoint_id>992486550</swisstopo:routepoint_id>
				</extensions>
			</trkpt>
			<trkpt lat="47.1418630849" lon="9.5169349347">
				<ele>454.0</ele>
				<extensions>
					<swisstopo:routepoint_id>1337333036</swisstopo:routepoint_id>
				</extensions>
			</trkpt>
			<trkpt lat="47.1418764682" lon="9.5168940491">
				<ele>453.9</ele>
				<extensions>
					<swisstopo:routepoint_id>328712160</swisstopo:routepoint_id>
				</extensions>
			</trkpt>
			<trkpt lat="47.1419053180" lon="9.5167553247">
				<ele>453.9</ele>
				<extensions>
					<swisstopo:routepoint_id>1712818885</swisstopo:routepoint_id>
				</extensions>
			</trkpt>
			<trkpt lat="47.1419293674" lon="9.5166901969">
				<ele>453.9</ele>
				<extensions>
					<swisstopo:routepoint_id>203005703</swisstopo:routepoint_id>
				</extensions>
			</trkpt>
			<trkpt lat="47.1419508596" lon="9.5166479647">
				<ele>453.8</ele>
				<extensions>
					<swisstopo:routepoint_id>474306081</swisstopo:routepoint_id>
				</extensions>
			</trkpt>
			<trkpt lat="47.1419914529" lon="9.5166029330">
				<ele>453.8</ele>
				<extensions>
					<swisstopo:routepoint_id>1361706880</swisstopo:routepoint_id>
				</extensions>
			</trkpt>
			<trkpt lat="47.1420491167" lon="9.5165644110">
				<ele>453.8</ele>
				<extensions>
					<swisstopo:routepoint_id>1229642223</swisstopo:routepoint_id>
				</extensions>
			</trkpt>
			<trkpt lat="47.1420653731" lon="9.5165512167">
				<ele>453.8</ele>
				<extensions>
					<swisstopo:routepoint_id>1171114254</swisstopo:routepoint_id>
				</extensions>
			</trkpt>
			<trkpt lat="47.1420832458" lon="9.5165367075">
				<ele>453.8</ele>
				<extensions>
					<swisstopo:routepoint_id>1758228482</swisstopo:routepoint_id>
				</extensions>
			</trkpt>
			<trkpt lat="47.1421093764" lon="9.5165003734">
				<ele>453.8</ele>
				<extensions>
					<swisstopo:routepoint_id>2145416116</swisstopo:routepoint_id>
				</extensions>
			</trkpt>
			<trkpt lat="47.1421343761" lon="9.5164468539">
				<ele>453.8</ele>
				<extensions>
					<swisstopo:routepoint_id>31815396</swisstopo:routepoint_id>
				</extensions>
			</trkpt>
			<trkpt lat="47.1421761676" lon="9.5163768252">
				<ele>453.7</ele>
				<extensions>
					<swisstopo:routepoint_id>1819619589</swisstopo:routepoint_id>
				</extensions>
			</trkpt>
			<trkpt lat="47.1422569110" lon="9.5162791768">
				<ele>453.6</ele>
				<extensions>
					<swisstopo:routepoint_id>1382358405</swisstopo:routepoint_id>
				</extensions>
			</trkpt>
			<trkpt lat="47.1423404658" lon="9.5161674513">
				<ele>453.5</ele>
				<extensions>
					<swisstopo:routepoint_id>731583640</swisstopo:routepoint_id>
				</extensions>
			</trkpt>
			<trkpt lat="47.1424994991" lon="9.5159347475">
				<ele>453.5</ele>
				<extensions>
					<swisstopo:routepoint_id>1283908328</swisstopo:routepoint_id>
				</extensions>
			</trkpt>
			<trkpt lat="47.1428263725" lon="9.5154394698">
				<ele>453.3</ele>
				<extensions>
					<swisstopo:routepoint_id>1081931811</swisstopo:routepoint_id>
				</extensions>
			</trkpt>
			<trkpt lat="47.1428569709" lon="9.5153610263">
				<ele>453.3</ele>
				<extensions>
					<swisstopo:routepoint_id>880804826</swisstopo:routepoint_id>
				</extensions>
			</trkpt>
			<trkpt lat="47.1428675826" lon="9.5153338771">
				<ele>453.2</ele>
				<extensions>
					<swisstopo:routepoint_id>265820598</swisstopo:routepoint_id>
				</extensions>
			</trkpt>
			<trkpt lat="47.1428735711" lon="9.5152962065">
				<ele>453.1</ele>
				<extensions>
					<swisstopo:routepoint_id>1876364799</swisstopo:routepoint_id>
				</extensions>
			</trkpt>
			<trkpt lat="47.1428869480" lon="9.5152721974">
				<ele>453.1</ele>
				<extensions>
					<swisstopo:routepoint_id>1344285377</swisstopo:routepoint_id>
				</extensions>
			</trkpt>
			<trkpt lat="47.1428959547" lon="9.5152493324">
				<ele>453.0</ele>
				<extensions>
					<swisstopo:routepoint_id>935507352</swisstopo:routepoint_id>
				</extensions>
			</trkpt>
			<trkpt lat="47.1429118959" lon="9.5152254100">
				<ele>452.8</ele>
				<extensions>
					<swisstopo:routepoint_id>743823277</swisstopo:routepoint_id>
				</extensions>
			</trkpt>
			<trkpt lat="47.1429809230" lon="9.5151079081">
				<ele>452.8</ele>
				<extensions>
					<swisstopo:routepoint_id>56264451</swisstopo:routepoint_id>
				</extensions>
			</trkpt>
			<trkpt lat="47.1430236134" lon="9.5150479064">
				<ele>452.8</ele>
				<extensions>
					<swisstopo:routepoint_id>276632258</swisstopo:routepoint_id>
				</extensions>
			</trkpt>
			<trkpt lat="47.1430750015" lon="9.5149680539">
				<ele>452.8</ele>
				<extensions>
					<swisstopo:routepoint_id>862229802</swisstopo:routepoint_id>
				</extensions>
			</trkpt>
			<trkpt lat="47.1431161811" lon="9.5149026613">
				<ele>452.8</ele>
				<extensions>
					<swisstopo:routepoint_id>390909425</swisstopo:routepoint_id>
				</extensions>
			</trkpt>
			<trkpt lat="47.1431607691" lon="9.5148597334">
				<ele>452.7</ele>
				<extensions>
					<swisstopo:routepoint_id>1208757435</swisstopo:routepoint_id>
				</extensions>
			</trkpt>
			<trkpt lat="47.1432509067" lon="9.5147678292">
				<ele>453.0</ele>
				<extensions>
					<swisstopo:routepoint_id>1548682725</swisstopo:routepoint_id>
				</extensions>
			</trkpt>
			<trkpt lat="47.1433509238" lon="9.5146124464">
				<ele>453.0</ele>
				<extensions>
					<swisstopo:routepoint_id>1946077505</swisstopo:routepoint_id>
				</extensions>
			</trkpt>
			<trkpt lat="47.1433754620" lon="9.5145805632">
				<ele>452.9</ele>
				<extensions>
					<swisstopo:routepoint_id>234324008</swisstopo:routepoint_id>
				</extensions>
			</trkpt>
			<trkpt lat="47.1434355874" lon="9.5145063744">
				<ele>452.7</ele>
				<extensions>
					<swisstopo:routepoint_id>1240308091</swisstopo:routepoint_id>
				</extensions>
			</trkpt>
			<trkpt lat="47.1434654882" lon="9.5144626698">
				<ele>452.7</ele>
				<extensions>
					<swisstopo:routepoint_id>681488106</swisstopo:routepoint_id>
				</extensions>
			</trkpt>
			<trkpt lat="47.1435030739" lon="9.5143889652">
				<ele>452.7</ele>
				<extensions>
					<swisstopo:routepoint_id>1682685407</swisstopo:routepoint_id>
				</extensions>
			</trkpt>
			<trkpt lat="47.1435601836" lon="9.5142895379">
				<ele>452.7</ele>
				<extensions>
					<swisstopo:routepoint_id>1389505555</swisstopo:routepoint_id>
				</extensions>
			</trkpt>
			<trkpt lat="47.1436661615" lon="9.5141344429">
				<ele>452.7</ele>
				<extensions>
					<swisstopo:routepoint_id>120317226</swisstopo:routepoint_id>
				</extensions>
			</trkpt>
			<trkpt lat="47.1438391933" lon="9.5138975887">
				<ele>452.8</ele>
				<extensions>
					<swisstopo:routepoint_id>2080282119</swisstopo:routepoint_id>
				</extensions>
			</trkpt>
			<trkpt lat="47.1439615887" lon="9.5137096553">
				<ele>452.7</ele>
				<extensions>
					<swisstopo:routepoint_id>889297256</swisstopo:routepoint_id>
				</extensions>
			</trkpt>
			<trkpt lat="47.1442632261" lon="9.5132844214">
				<ele>452.8</ele>
				<extensions>
					<swisstopo:routepoint_id>1717196527</swisstopo:routepoint_id>
				</extensions>
			</trkpt>
			<trkpt lat="47.1443072465" lon="9.5132246808">
				<ele>452.9</ele>
				<extensions>
					<swisstopo:routepoint_id>903841794</swisstopo:routepoint_id>
				</extensions>
			</trkpt>
			<trkpt lat="47.1443312497" lon="9.5131995502">
				<ele>452.9</ele>
				<extensions>
					<swisstopo:routepoint_id>881688642</swisstopo:routepoint_id>
				</extensions>
			</trkpt>
			<trkpt lat="47.1443622870" lon="9.5131799582">
				<ele>453.0</ele>
				<extensions>
					<swisstopo:routepoint_id>250232324</swisstopo:routepoint_id>
				</extensions>
			</trkpt>
			<trkpt lat="47.1443740487" lon="9.5131529699">
				<ele>453.0</ele>
				<extensions>
					<swisstopo:routepoint_id>1289885027</swisstopo:routepoint_id>
				</extensions>
			</trkpt>
			<trkpt lat="47.1443864546" lon="9.5131218640">
				<ele>452.9</ele>
				<extensions>
					<swisstopo:routepoint_id>1691793501</swisstopo:routepoint_id>
				</extensions>
			</trkpt>
			<trkpt lat="47.1444069753" lon="9.5130846914">
				<ele>452.9</ele>
				<extensions>
					<swisstopo:routepoint_id>1065473341</swisstopo:routepoint_id>
				</extensions>
			</trkpt>
			<trkpt lat="47.1445344224" lon="9.5129025783">
				<ele>452.9</ele>
				<extensions>
					<swisstopo:routepoint_id>136652912</swisstopo:routepoint_id>
				</extensions>
			</trkpt>
			<trkpt lat="47.1446513356" lon="9.5127346968">
				<ele>453.1</ele>
				<extensions>
					<swisstopo:routepoint_id>685511181</swisstopo:routepoint_id>
				</extensions>
			</trkpt>
			<trkpt lat="47.1447055522" lon="9.5126682314">
				<ele>453.1</ele>
				<extensions>
					<swisstopo:routepoint_id>426930944</swisstopo:routepoint_id>
				</extensions>
			</trkpt>
			<trkpt lat="47.1448052334" lon="9.5125269436">
				<ele>453.1</ele>
				<extensions>
					<swisstopo:routepoint_id>1964282325</swisstopo:routepoint_id>
				</extensions>
			</trkpt>
			<trkpt lat="47.1449751431" lon="9.5122934424">
				<ele>453.1</ele>
				<extensions>
					<swisstopo:routepoint_id>162261024</swisstopo:routepoint_id>
				</extensions>
			</trkpt>
			<trkpt lat="47.1452517511" lon="9.5119076437">
				<ele>453.3</ele>
				<extensions>
					<swisstopo:routepoint_id>552500836</swisstopo:routepoint_id>
				</extensions>
			</trkpt>
			<trkpt lat="47.1453093036" lon="9.5118234469">
				<ele>453.3</ele>
				<extensions>
					<swisstopo:routepoint_id>86918628</swisstopo:routepoint_id>
				</extensions>
			</trkpt>
			<trkpt lat="47.1453450665" lon="9.5117410828">
				<ele>453.3</ele>
				<extensions>
					<swisstopo:routepoint_id>272928660</swisstopo:routepoint_id>
				</extensions>
			</trkpt>
			<trkpt lat="47.1453503259" lon="9.5116603379">
				<ele>453.3</ele>
				<extensions>
					<swisstopo:routepoint_id>812525819</swisstopo:routepoint_id>
				</extensions>
			</trkpt>
			<trkpt lat="47.1453430773" lon="9.5115344291">
				<ele>453.3</ele>
				<extensions>
					<swisstopo:routepoint_id>678907190</swisstopo:routepoint_id>
				</extensions>
			</trkpt>
			<trkpt lat="47.1453445847" lon="9.5114507440">
				<ele>453.3</ele>
				<extensions>
					<swisstopo:routepoint_id>1244678831</swisstopo:routepoint_id>
				</extensions>
			</trkpt>
			<trkpt lat="47.1453570054" lon="9.5113953790">
				<ele>453.3</ele>
				<extensions>
					<swisstopo:routepoint_id>811689225</swisstopo:routepoint_id>
				</extensions>
			</trkpt>
			<trkpt lat="47.1453824454" lon="9.5113572880">
				<ele>453.3</ele>
				<extensions>
					<swisstopo:routepoint_id>808980226</swisstopo:routepoint_id>
				</extensions>
			</trkpt>
			<trkpt lat="47.1454290293" lon="9.5113088427">
				<ele>453.3</ele>
				<extensions>
					<swisstopo:routepoint_id>1457301123</swisstopo:routepoint_id>
				</extensions>
			</trkpt>
			<trkpt lat="47.1454992129" lon="9.5112786157">
				<ele>453.3</ele>
				<extensions>
					<swisstopo:routepoint_id>576343699</swisstopo:routepoint_id>
				</extensions>
			</trkpt>
			<trkpt lat="47.1456519341" lon="9.5111982252">
				<ele>453.2</ele>
				<extensions>
					<swisstopo:routepoint_id>109919217</swisstopo:routepoint_id>
				</extensions>
			</trkpt>
			<trkpt lat="47.1457254355" lon="9.5111584603">
				<ele>453.0</ele>
				<extensions>
					<swisstopo:routepoint_id>2049743713</swisstopo:routepoint_id>
				</extensions>
			</trkpt>
			<trkpt lat="47.1457546906" lon="9.5111368543">
				<ele>452.9</ele>
				<extensions>
					<swisstopo:routepoint_id>827964318</swisstopo:routepoint_id>
				</extensions>
			</trkpt>
			<trkpt lat="47.1457734830" lon="9.5110794882">
				<ele>452.9</ele>
				<extensions>
					<swisstopo:routepoint_id>2092207128</swisstopo:routepoint_id>
				</extensions>
			</trkpt>
			<trkpt lat="47.1458189620" lon="9.5108127780">
				<ele>453.1</ele>
				<extensions>
					<swisstopo:routepoint_id>2089854659</swisstopo:routepoint_id>
				</extensions>
			</trkpt>
			<trkpt lat="47.1458233862" lon="9.5107905837">
				<ele>453.1</ele>
				<extensions>
					<swisstopo:routepoint_id>2005779774</swisstopo:routepoint_id>
				</extensions>
			</trkpt>
			<trkpt lat="47.1458394272" lon="9.5107766958">
				<ele>453.1</ele>
				<extensions>
					<swisstopo:routepoint_id>621096942</swisstopo:routepoint_id>
				</extensions>
			</trkpt>
			<trkpt lat="47.1460358151" lon="9.5106434040">
				<ele>453.1</ele>
				<extensions>
					<swisstopo:routepoint_id>986956910</swisstopo:routepoint_id>
				</extensions>
			</trkpt>
			<trkpt lat="47.1461730104" lon="9.5105233838">
				<ele>453.3</ele>
				<extensions>
					<swisstopo:routepoint_id>1759111937</swisstopo:routepoint_id>
				</extensions>
			</trkpt>
			<trkpt lat="47.1462266549" lon="9.5104580803">
				<ele>453.6</ele>
				<extensions>
					<swisstopo:routepoint_id>764571534</swisstopo:routepoint_id>
				</extensions>
			</trkpt>
			<trkpt lat="47.1462606881" lon="9.5104223479">
				<ele>453.7</ele>
				<extensions>
					<swisstopo:routepoint_id>1474164539</swisstopo:routepoint_id>
				</extensions>
			</trkpt>
			<trkpt lat="47.1462126871" lon="9.5103060466">
				<ele>453.6</ele>
				<extensions>
					<swisstopo:routepoint_id>2136710639</swisstopo:routepoint_id>
				</extensions>
			</trkpt>
			<trkpt lat="47.1461142815" lon="9.5100593612">
				<ele>453.5</ele>
				<extensions>
					<swisstopo:routepoint_id>1899858605</swisstopo:routepoint_id>
				</extensions>
			</trkpt>
			<trkpt lat="47.1459850204" lon="9.5097474533">
				<ele>453.5</ele>
				<extensions>
					<swisstopo:routepoint_id>1147516095</swisstopo:routepoint_id>
				</extensions>
			</trkpt>
			<trkpt lat="47.1459036727" lon="9.5095127354">
				<ele>453.8</ele>
				<extensions>
					<swisstopo:routepoint_id>960922505</swisstopo:routepoint_id>
				</extensions>
			</trkpt>
			<trkpt lat="47.1457911921" lon="9.5091681563">
				<ele>455.4</ele>
				<extensions>
					<swisstopo:routepoint_id>1133660727</swisstopo:routepoint_id>
				</extensions>
			</trkpt>
			<trkpt lat="47.1457346790" lon="9.5090130337">
				<ele>456.6</ele>
				<extensions>
					<swisstopo:routepoint_id>522020846</swisstopo:routepoint_id>
				</extensions>
			</trkpt>
			<trkpt lat="47.1455657193" lon="9.5092184512">
				<ele>457.0</ele>
				<extensions>
					<swisstopo:routepoint_id>1588890413</swisstopo:routepoint_id>
				</extensions>
			</trkpt>
			<trkpt lat="47.1454657294" lon="9.5093400228">
				<ele>457.2</ele>
				<extensions>
					<swisstopo:routepoint_id>1936752456</swisstopo:routepoint_id>
				</extensions>
			</trkpt>
			<trkpt lat="47.1452980288" lon="9.5095144281">
				<ele>457.3</ele>
				<extensions>
					<swisstopo:routepoint_id>234195680</swisstopo:routepoint_id>
				</extensions>
			</trkpt>
			<trkpt lat="47.1449611842" lon="9.5098647515">
				<ele>457.5</ele>
				<extensions>
					<swisstopo:routepoint_id>572060554</swisstopo:routepoint_id>
				</extensions>
			</trkpt>
			<trkpt lat="47.1446613737" lon="9.5101765414">
				<ele>457.1</ele>
				<extensions>
					<swisstopo:routepoint_id>1230489652</swisstopo:routepoint_id>
				</extensions>
			</trkpt>
			<trkpt lat="47.1444491963" lon="9.5103932520">
				<ele>457.4</ele>
				<extensions>
					<swisstopo:routepoint_id>1792475224</swisstopo:routepoint_id>
				</extensions>
			</trkpt>
			<trkpt lat="47.1442997508" lon="9.5105352816">
				<ele>457.4</ele>
				<extensions>
					<swisstopo:routepoint_id>1745871455</swisstopo:routepoint_id>
				</extensions>
			</trkpt>
			<trkpt lat="47.1441980932" lon="9.5105795521">
				<ele>457.4</ele>
				<extensions>
					<swisstopo:routepoint_id>741699349</swisstopo:routepoint_id>
				</extensions>
			</trkpt>
			<trkpt lat="47.1439277985" lon="9.5106140779">
				<ele>457.3</ele>
				<extensions>
					<swisstopo:routepoint_id>1651256790</swisstopo:routepoint_id>
				</extensions>
			</trkpt>
			<trkpt lat="47.1435785828" lon="9.5106487345">
				<ele>457.3</ele>
				<extensions>
					<swisstopo:routepoint_id>1500794115</swisstopo:routepoint_id>
				</extensions>
			</trkpt>
			<trkpt lat="47.1432606747" lon="9.5106678474">
				<ele>457.6</ele>
				<extensions>
					<swisstopo:routepoint_id>609822857</swisstopo:routepoint_id>
				</extensions>
			</trkpt>
			<trkpt lat="47.1431660271" lon="9.5106624689">
				<ele>457.7</ele>
				<extensions>
					<swisstopo:routepoint_id>59961900</swisstopo:routepoint_id>
				</extensions>
			</trkpt>
			<trkpt lat="47.1430879691" lon="9.5106463863">
				<ele>457.6</ele>
				<extensions>
					<swisstopo:routepoint_id>1027044298</swisstopo:routepoint_id>
				</extensions>
			</trkpt>
			<trkpt lat="47.1429177711" lon="9.5106022911">
				<ele>457.5</ele>
				<extensions>
					<swisstopo:routepoint_id>177154720</swisstopo:routepoint_id>
				</extensions>
			</trkpt>
			<trkpt lat="47.1428107469" lon="9.5105839535">
				<ele>457.5</ele>
				<extensions>
					<swisstopo:routepoint_id>378219120</swisstopo:routepoint_id>
				</extensions>
			</trkpt>
			<trkpt lat="47.1426766632" lon="9.5105780203">
				<ele>457.6</ele>
				<extensions>
					<swisstopo:routepoint_id>2044776523</swisstopo:routepoint_id>
				</extensions>
			</trkpt>
			<trkpt lat="47.1425722629" lon="9.5105826849">
				<ele>457.8</ele>
				<extensions>
					<swisstopo:routepoint_id>2022515377</swisstopo:routepoint_id>
				</extensions>
			</trkpt>
			<trkpt lat="47.1423144311" lon="9.5106274271">
				<ele>457.9</ele>
				<extensions>
					<swisstopo:routepoint_id>1088492189</swisstopo:routepoint_id>
				</extensions>
			</trkpt>
			<trkpt lat="47.1420796246" lon="9.5106743565">
				<ele>457.9</ele>
				<extensions>
					<swisstopo:routepoint_id>1456040022</swisstopo:routepoint_id>
				</extensions>
			</trkpt>
			<trkpt lat="47.1417433206" lon="9.5107532285">
				<ele>458.2</ele>
				<extensions>
					<swisstopo:routepoint_id>1503210190</swisstopo:routepoint_id>
				</extensions>
			</trkpt>
			<trkpt lat="47.1413897977" lon="9.5108538223">
				<ele>458.3</ele>
				<extensions>
					<swisstopo:routepoint_id>213981724</swisstopo:routepoint_id>
				</extensions>
			</trkpt>
			<trkpt lat="47.1412101662" lon="9.5108939298">
				<ele>458.5</ele>
				<extensions>
					<swisstopo:routepoint_id>1066407598</swisstopo:routepoint_id>
				</extensions>
			</trkpt>
			<trkpt lat="47.1411159214" lon="9.5109100868">
				<ele>458.4</ele>
				<extensions>
					<swisstopo:routepoint_id>357317230</swisstopo:routepoint_id>
				</extensions>
			</trkpt>
			<trkpt lat="47.1410074971" lon="9.5109192360">
				<ele>458.5</ele>
				<extensions>
					<swisstopo:routepoint_id>1621973864</swisstopo:routepoint_id>
				</extensions>
			</trkpt>
			<trkpt lat="47.1409682542" lon="9.5109108710">
				<ele>458.5</ele>
				<extensions>
					<swisstopo:routepoint_id>1437416881</swisstopo:routepoint_id>
				</extensions>
			</trkpt>
			<trkpt lat="47.1409373613" lon="9.5108951538">
				<ele>458.5</ele>
				<extensions>
					<swisstopo:routepoint_id>68316397</swisstopo:routepoint_id>
				</extensions>
			</trkpt>
			<trkpt lat="47.1407978112" lon="9.5109496854">
				<ele>458.5</ele>
				<extensions>
					<swisstopo:routepoint_id>2100722732</swisstopo:routepoint_id>
				</extensions>
			</trkpt>
			<trkpt lat="47.1403034996" lon="9.5110560334">
				<ele>458.6</ele>
				<extensions>
					<swisstopo:routepoint_id>476463364</swisstopo:routepoint_id>
				</extensions>
			</trkpt>
			<trkpt lat="47.1399827252" lon="9.5111220567">
				<ele>458.3</ele>
				<extensions>
					<swisstopo:routepoint_id>250591533</swisstopo:routepoint_id>
				</extensions>
			</trkpt>
			<trkpt lat="47.1397999396" lon="9.5111665153">
				<ele>457.6</ele>
				<extensions>
					<swisstopo:routepoint_id>742888113</swisstopo:routepoint_id>
				</extensions>
			</trkpt>
			<trkpt lat="47.1397689165" lon="9.5111764985">
				<ele>457.6</ele>
				<extensions>
					<swisstopo:routepoint_id>825331098</swisstopo:routepoint_id>
				</extensions>
			</trkpt>
			<trkpt lat="47.1396598581" lon="9.5112115702">
				<ele>457.6</ele>
				<extensions>
					<swisstopo:routepoint_id>993229947</swisstopo:routepoint_id>
				</extensions>
			</trkpt>
			<trkpt lat="47.1395633839" lon="9.5112363729">
				<ele>457.9</ele>
				<extensions>
					<swisstopo:routepoint_id>1857369877</swisstopo:routepoint_id>
				</extensions>
			</trkpt>
			<trkpt lat="47.1393151976" lon="9.5113001452">
				<ele>458.7</ele>
				<extensions>
					<swisstopo:routepoint_id>553879425</swisstopo:routepoint_id>
				</extensions>
			</trkpt>
			<trkpt lat="47.1385272130" lon="9.5115236129">
				<ele>459.2</ele>
				<extensions>
					<swisstopo:routepoint_id>157321726</swisstopo:routepoint_id>
				</extensions>
			</trkpt>
			<trkpt lat="47.1378194547" lon="9.5117003260">
				<ele>459.4</ele>
				<extensions>
					<swisstopo:routepoint_id>82934147</swisstopo:routepoint_id>
				</extensions>
			</trkpt>
			<trkpt lat="47.1375009375" lon="9.5117590636">
				<ele>459.7</ele>
				<extensions>
					<swisstopo:routepoint_id>226035670</swisstopo:routepoint_id>
				</extensions>
			</trkpt>
			<trkpt lat="47.1371173889" lon="9.5118298005">
				<ele>460.0</ele>
				<extensions>
					<swisstopo:routepoint_id>745953208</swisstopo:routepoint_id>
				</extensions>
			</trkpt>
			<trkpt lat="47.1368175549" lon="9.5118972189">
				<ele>460.0</ele>
				<extensions>
					<swisstopo:routepoint_id>545635814</swisstopo:routepoint_id>
				</extensions>
			</trkpt>
			<trkpt lat="47.1366333760" lon="9.5119414315">
				<ele>459.6</ele>
				<extensions>
					<swisstopo:routepoint_id>906583097</swisstopo:routepoint_id>
				</extensions>
			</trkpt>
			<trkpt lat="47.1364794430" lon="9.5119973399">
				<ele>459.1</ele>
				<extensions>
					<swisstopo:routepoint_id>864950520</swisstopo:routepoint_id>
				</extensions>
			</trkpt>
			<trkpt lat="47.1360950124" lon="9.5120897026">
				<ele>460.2</ele>
				<extensions>
					<swisstopo:routepoint_id>1487458921</swisstopo:routepoint_id>
				</extensions>
			</trkpt>
			<trkpt lat="47.1354940566" lon="9.5122340640">
				<ele>460.2</ele>
				<extensions>
					<swisstopo:routepoint_id>1057667020</swisstopo:routepoint_id>
				</extensions>
			</trkpt>
			<trkpt lat="47.1349513634" lon="9.5123641203">
				<ele>460.2</ele>
				<extensions>
					<swisstopo:routepoint_id>658733615</swisstopo:routepoint_id>
				</extensions>
			</trkpt>
			<trkpt lat="47.1345793782" lon="9.5124504472">
				<ele>460.1</ele>
				<extensions>
					<swisstopo:routepoint_id>780733255</swisstopo:routepoint_id>
				</extensions>
			</trkpt>
			<trkpt lat="47.1340983360" lon="9.5125493182">
				<ele>460.7</ele>
				<extensions>
					<swisstopo:routepoint_id>1847774246</swisstopo:routepoint_id>
				</extensions>
			</trkpt>
			<trkpt lat="47.1335240223" lon="9.5126435922">
				<ele>462.2</ele>
				<extensions>
					<swisstopo:routepoint_id>1227754546</swisstopo:routepoint_id>
				</extensions>
			</trkpt>
			<trkpt lat="47.1335271981" lon="9.5126671203">
				<ele>462.1</ele>
				<extensions>
					<swisstopo:routepoint_id>2105008232</swisstopo:routepoint_id>
				</extensions>
			</trkpt>
			<trkpt lat="47.1335579303" lon="9.5126819200">
				<ele>461.9</ele>
				<extensions>
					<swisstopo:routepoint_id>867960608</swisstopo:routepoint_id>
				</extensions>
			</trkpt>
			<trkpt lat="47.1335984562" lon="9.5126890285">
				<ele>461.6</ele>
				<extensions>
					<swisstopo:routepoint_id>936884516</swisstopo:routepoint_id>
				</extensions>
			</trkpt>
			<trkpt lat="47.1337247644" lon="9.5126672671">
				<ele>460.7</ele>
				<extensions>
					<swisstopo:routepoint_id>1341154281</swisstopo:routepoint_id>
				</extensions>
			</trkpt>
			<trkpt lat="47.1335984562" lon="9.5126890285">
				<ele>461.6</ele>
				<extensions>
					<swisstopo:routepoint_id>1858029444</swisstopo:routepoint_id>
				</extensions>
			</trkpt>
			<trkpt lat="47.1335579303" lon="9.5126819200">
				<ele>461.9</ele>
				<extensions>
					<swisstopo:routepoint_id>1884892563</swisstopo:routepoint_id>
				</extensions>
			</trkpt>
			<trkpt lat="47.1335271981" lon="9.5126671203">
				<ele>462.1</ele>
				<extensions>
					<swisstopo:routepoint_id>1638547492</swisstopo:routepoint_id>
				</extensions>
			</trkpt>
			<trkpt lat="47.1335240223" lon="9.5126435922">
				<ele>462.2</ele>
				<extensions>
					<swisstopo:routepoint_id>351473706</swisstopo:routepoint_id>
				</extensions>
			</trkpt>
			<trkpt lat="47.1334778644" lon="9.5126511660">
				<ele>462.3</ele>
				<extensions>
					<swisstopo:routepoint_id>1664138662</swisstopo:routepoint_id>
				</extensions>
			</trkpt>
			<trkpt lat="47.1332900624" lon="9.5126886784">
				<ele>462.9</ele>
				<extensions>
					<swisstopo:routepoint_id>1308112943</swisstopo:routepoint_id>
				</extensions>
			</trkpt>
			<trkpt lat="47.1331481052" lon="9.5127251348">
				<ele>463.6</ele>
				<extensions>
					<swisstopo:routepoint_id>425306937</swisstopo:routepoint_id>
				</extensions>
			</trkpt>
			<trkpt lat="47.1330938004" lon="9.5127454304">
				<ele>463.7</ele>
				<extensions>
					<swisstopo:routepoint_id>461669764</swisstopo:routepoint_id>
				</extensions>
			</trkpt>
			<trkpt lat="47.1330327679" lon="9.5127682370">
				<ele>463.7</ele>
				<extensions>
					<swisstopo:routepoint_id>417334638</swisstopo:routepoint_id>
				</extensions>
			</trkpt>
			<trkpt lat="47.1328670146" lon="9.5128369827">
				<ele>463.6</ele>
				<extensions>
					<swisstopo:routepoint_id>1643954420</swisstopo:routepoint_id>
				</extensions>
			</trkpt>
			<trkpt lat="47.1328494272" lon="9.5127194887">
				<ele>463.6</ele>
				<extensions>
					<swisstopo:routepoint_id>359268191</swisstopo:routepoint_id>
				</extensions>
			</trkpt>
			<trkpt lat="47.1328375194" lon="9.5126504511">
				<ele>463.8</ele>
				<extensions>
					<swisstopo:routepoint_id>55219385</swisstopo:routepoint_id>
				</extensions>
			</trkpt>
			<trkpt lat="47.1328197521" lon="9.5125562072">
				<ele>464.2</ele>
				<extensions>
					<swisstopo:routepoint_id>1397458432</swisstopo:routepoint_id>
				</extensions>
			</trkpt>
			<trkpt lat="47.1327304103" lon="9.5125871059">
				<ele>464.0</ele>
				<extensions>
					<swisstopo:routepoint_id>797132174</swisstopo:routepoint_id>
				</extensions>
			</trkpt>
			<trkpt lat="47.1326242614" lon="9.5125963899">
				<ele>464.0</ele>
				<extensions>
					<swisstopo:routepoint_id>1043059805</swisstopo:routepoint_id>
				</extensions>
			</trkpt>
			<trkpt lat="47.1326190548" lon="9.5125658057">
				<ele>464.1</ele>
				<extensions>
					<swisstopo:routepoint_id>1888549495</swisstopo:routepoint_id>
				</extensions>
			</trkpt>
			<trkpt lat="47.1326148912" lon="9.5125413332">
				<ele>464.2</ele>
				<extensions>
					<swisstopo:routepoint_id>410647558</swisstopo:routepoint_id>
				</extensions>
			</trkpt>
			<trkpt lat="47.1325953467" lon="9.5124413666">
				<ele>463.9</ele>
				<extensions>
					<swisstopo:routepoint_id>536799515</swisstopo:routepoint_id>
				</extensions>
			</trkpt>
			<trkpt lat="47.1323031981" lon="9.5109468290">
				<ele>464.0</ele>
				<extensions>
					<swisstopo:routepoint_id>819313497</swisstopo:routepoint_id>
				</extensions>
			</trkpt>
			<trkpt lat="47.1322932289" lon="9.5108958496">
				<ele>464.0</ele>
				<extensions>
					<swisstopo:routepoint_id>1910257621</swisstopo:routepoint_id>
				</extensions>
			</trkpt>
			<trkpt lat="47.1322814666" lon="9.5108270907">
				<ele>464.2</ele>
				<extensions>
					<swisstopo:routepoint_id>1369586481</swisstopo:routepoint_id>
				</extensions>
			</trkpt>
			<trkpt lat="47.1322729796" lon="9.5107835808">
				<ele>463.9</ele>
				<extensions>
					<swisstopo:routepoint_id>901137875</swisstopo:routepoint_id>
				</extensions>
			</trkpt>
			<trkpt lat="47.1322693391" lon="9.5107649427">
				<ele>464.0</ele>
				<extensions>
					<swisstopo:routepoint_id>1408625029</swisstopo:routepoint_id>
				</extensions>
			</trkpt>
			<trkpt lat="47.1322336315" lon="9.5107786190">
				<ele>464.0</ele>
				<extensions>
					<swisstopo:routepoint_id>741551510</swisstopo:routepoint_id>
				</extensions>
			</trkpt>
			<trkpt lat="47.1321303153" lon="9.5108120113">
				<ele>464.5</ele>
				<extensions>
					<swisstopo:routepoint_id>436517266</swisstopo:routepoint_id>
				</extensions>
			</trkpt>
			<trkpt lat="47.1320500288" lon="9.5108284293">
				<ele>465.1</ele>
				<extensions>
					<swisstopo:routepoint_id>1170428198</swisstopo:routepoint_id>
				</extensions>
			</trkpt>
			<trkpt lat="47.1319566609" lon="9.5108304037">
				<ele>465.3</ele>
				<extensions>
					<swisstopo:routepoint_id>1377208852</swisstopo:routepoint_id>
				</extensions>
			</trkpt>
			<trkpt lat="47.1318261322" lon="9.5108867420">
				<ele>465.4</ele>
				<extensions>
					<swisstopo:routepoint_id>1773062432</swisstopo:routepoint_id>
				</extensions>
			</trkpt>
			<trkpt lat="47.1315919306" lon="9.5109892969">
				<ele>465.4</ele>
				<extensions>
					<swisstopo:routepoint_id>803159861</swisstopo:routepoint_id>
				</extensions>
			</trkpt>
			<trkpt lat="47.1313944750" lon="9.5110598153">
				<ele>465.5</ele>
				<extensions>
					<swisstopo:routepoint_id>941863814</swisstopo:routepoint_id>
				</extensions>
			</trkpt>
			<trkpt lat="47.1311342166" lon="9.5111278686">
				<ele>465.4</ele>
				<extensions>
					<swisstopo:routepoint_id>1152570022</swisstopo:routepoint_id>
				</extensions>
			</trkpt>
			<trkpt lat="47.1310771346" lon="9.5111392811">
				<ele>465.4</ele>
				<extensions>
					<swisstopo:routepoint_id>1393215337</swisstopo:routepoint_id>
				</extensions>
			</trkpt>
			<trkpt lat="47.1309738477" lon="9.5111618851">
				<ele>465.4</ele>
				<extensions>
					<swisstopo:routepoint_id>1493367918</swisstopo:routepoint_id>
				</extensions>
			</trkpt>
			<trkpt lat="47.1308478292" lon="9.5111793404">
				<ele>465.0</ele>
				<extensions>
					<swisstopo:routepoint_id>148561276</swisstopo:routepoint_id>
				</extensions>
			</trkpt>
			<trkpt lat="47.1307067789" lon="9.5111850325">
				<ele>463.9</ele>
				<extensions>
					<swisstopo:routepoint_id>148992354</swisstopo:routepoint_id>
				</extensions>
			</trkpt>
			<trkpt lat="47.1307037130" lon="9.5111664544">
				<ele>463.9</ele>
				<extensions>
					<swisstopo:routepoint_id>2133181917</swisstopo:routepoint_id>
				</extensions>
			</trkpt>
			<trkpt lat="47.1306842618" lon="9.5111453432">
				<ele>463.8</ele>
				<extensions>
					<swisstopo:routepoint_id>427783718</swisstopo:routepoint_id>
				</extensions>
			</trkpt>
			<trkpt lat="47.1306643700" lon="9.5111331285">
				<ele>463.7</ele>
				<extensions>
					<swisstopo:routepoint_id>1836509207</swisstopo:routepoint_id>
				</extensions>
			</trkpt>
			<trkpt lat="47.1306312561" lon="9.5111142437">
				<ele>464.0</ele>
				<extensions>
					<swisstopo:routepoint_id>1716358473</swisstopo:routepoint_id>
				</extensions>
			</trkpt>
			<trkpt lat="47.1306009846" lon="9.5110883632">
				<ele>464.4</ele>
				<extensions>
					<swisstopo:routepoint_id>967345009</swisstopo:routepoint_id>
				</extensions>
			</trkpt>
			<trkpt lat="47.1305757726" lon="9.5110568633">
				<ele>464.8</ele>
				<extensions>
					<swisstopo:routepoint_id>632279195</swisstopo:routepoint_id>
				</extensions>
			</trkpt>
			<trkpt lat="47.1305537366" lon="9.5110138700">
				<ele>465.2</ele>
				<extensions>
					<swisstopo:routepoint_id>2045302732</swisstopo:routepoint_id>
				</extensions>
			</trkpt>
			<trkpt lat="47.1305419867" lon="9.5109813360">
				<ele>465.4</ele>
				<extensions>
					<swisstopo:routepoint_id>647165020</swisstopo:routepoint_id>
				</extensions>
			</trkpt>
			<trkpt lat="47.1305353902" lon="9.5109499110">
				<ele>465.7</ele>
				<extensions>
					<swisstopo:routepoint_id>913488889</swisstopo:routepoint_id>
				</extensions>
			</trkpt>
			<trkpt lat="47.1305326951" lon="9.5109156844">
				<ele>465.9</ele>
				<extensions>
					<swisstopo:routepoint_id>1683593623</swisstopo:routepoint_id>
				</extensions>
			</trkpt>
			<trkpt lat="47.1305325489" lon="9.5109101105">
				<ele>466.0</ele>
				<extensions>
					<swisstopo:routepoint_id>1839267163</swisstopo:routepoint_id>
				</extensions>
			</trkpt>
			<trkpt lat="47.1305325489" lon="9.5109101105">
				<ele>466.0</ele>
				<extensions>
					<swisstopo:routepoint_id>346681558</swisstopo:routepoint_id>
				</extensions>
			</trkpt>
			<trkpt lat="47.1305326951" lon="9.5109156844">
				<ele>465.9</ele>
				<extensions>
					<swisstopo:routepoint_id>1034983294</swisstopo:routepoint_id>
				</extensions>
			</trkpt>
			<trkpt lat="47.1305316574" lon="9.5108761446">
				<ele>466.2</ele>
				<extensions>
					<swisstopo:routepoint_id>843236721</swisstopo:routepoint_id>
				</extensions>
			</trkpt>
			<trkpt lat="47.1305316574" lon="9.5108761446">
				<ele>466.2</ele>
				<extensions>
					<swisstopo:routepoint_id>1894445287</swisstopo:routepoint_id>
				</extensions>
			</trkpt>
			<trkpt lat="47.1305297551" lon="9.5108036694">
				<ele>466.6</ele>
				<extensions>
					<swisstopo:routepoint_id>1892688893</swisstopo:routepoint_id>
				</extensions>
			</trkpt>
			<trkpt lat="47.1305287155" lon="9.5106960920">
				<ele>467.3</ele>
				<extensions>
					<swisstopo:routepoint_id>885963992</swisstopo:routepoint_id>
				</extensions>
			</trkpt>
			<trkpt lat="47.1305225454" lon="9.5106569699">
				<ele>467.5</ele>
				<extensions>
					<swisstopo:routepoint_id>2076366706</swisstopo:routepoint_id>
				</extensions>
			</trkpt>
			<trkpt lat="47.1305116450" lon="9.5106197151">
				<ele>467.6</ele>
				<extensions>
					<swisstopo:routepoint_id>1102805988</swisstopo:routepoint_id>
				</extensions>
			</trkpt>
			<trkpt lat="47.1305116450" lon="9.5106197151">
				<ele>467.6</ele>
				<extensions>
					<swisstopo:routepoint_id>930497513</swisstopo:routepoint_id>
				</extensions>
			</trkpt>
			<trkpt lat="47.1305056695" lon="9.5105992921">
				<ele>467.7</ele>
				<extensions>
					<swisstopo:routepoint_id>974836868</swisstopo:routepoint_id>
				</extensions>
			</trkpt>
			<trkpt lat="47.1305000279" lon="9.5105838051">
				<ele>467.7</ele>
				<extensions>
					<swisstopo:routepoint_id>2137064249</swisstopo:routepoint_id>
				</extensions>
			</trkpt>
			<trkpt lat="47.1304858207" lon="9.5105447550">
				<ele>467.7</ele>
				<extensions>
					<swisstopo:routepoint_id>1034323181</swisstopo:routepoint_id>
				</extensions>
			</trkpt>
			<trkpt lat="47.1304788026" lon="9.5105287931">
				<ele>467.7</ele>
				<extensions>
					<swisstopo:routepoint_id>1867210856</swisstopo:routepoint_id>
				</extensions>
			</trkpt>
			<trkpt lat="47.1304715330" lon="9.5105122276">
				<ele>467.6</ele>
				<extensions>
					<swisstopo:routepoint_id>1559071529</swisstopo:routepoint_id>
				</extensions>
			</trkpt>
			<trkpt lat="47.1304654811" lon="9.5104625760">
				<ele>467.6</ele>
				<extensions>
					<swisstopo:routepoint_id>78673262</swisstopo:routepoint_id>
				</extensions>
			</trkpt>
			<trkpt lat="47.1304660874" lon="9.5103170237">
				<ele>467.3</ele>
				<extensions>
					<swisstopo:routepoint_id>155249081</swisstopo:routepoint_id>
				</extensions>
			</trkpt>
			<trkpt lat="47.1304699685" lon="9.5102821810">
				<ele>459.5</ele>
				<extensions>
					<swisstopo:routepoint_id>1615932341</swisstopo:routepoint_id>
				</extensions>
			</trkpt>
			<trkpt lat="47.1303613195" lon="9.5103407631">
				<ele>459.3</ele>
				<extensions>
					<swisstopo:routepoint_id>1896655225</swisstopo:routepoint_id>
				</extensions>
			</trkpt>
			<trkpt lat="47.1303525806" lon="9.5102397960">
				<ele>467.2</ele>
				<extensions>
					<swisstopo:routepoint_id>238806242</swisstopo:routepoint_id>
				</extensions>
			</trkpt>
			<trkpt lat="47.1303457227" lon="9.5101849444">
				<ele>467.2</ele>
				<extensions>
					<swisstopo:routepoint_id>67606215</swisstopo:routepoint_id>
				</extensions>
			</trkpt>
			<trkpt lat="47.1303404347" lon="9.5100936641">
				<ele>467.0</ele>
				<extensions>
					<swisstopo:routepoint_id>410794760</swisstopo:routepoint_id>
				</extensions>
			</trkpt>
			<trkpt lat="47.1302946988" lon="9.5093042318">
				<ele>465.2</ele>
				<extensions>
					<swisstopo:routepoint_id>394232786</swisstopo:routepoint_id>
				</extensions>
			</trkpt>
			<trkpt lat="47.1302683433" lon="9.5089303416">
				<ele>464.2</ele>
				<extensions>
					<swisstopo:routepoint_id>2088092580</swisstopo:routepoint_id>
				</extensions>
			</trkpt>
			<trkpt lat="47.1302393630" lon="9.5085092540">
				<ele>463.1</ele>
				<extensions>
					<swisstopo:routepoint_id>2026862242</swisstopo:routepoint_id>
				</extensions>
			</trkpt>
			<trkpt lat="47.1302133975" lon="9.5080825477">
				<ele>462.0</ele>
				<extensions>
					<swisstopo:routepoint_id>1049393858</swisstopo:routepoint_id>
				</extensions>
			</trkpt>
			<trkpt lat="47.1301988105" lon="9.5077830288">
				<ele>461.2</ele>
				<extensions>
					<swisstopo:routepoint_id>2050694023</swisstopo:routepoint_id>
				</extensions>
			</trkpt>
			<trkpt lat="47.1301954406" lon="9.5077367641">
				<ele>461.1</ele>
				<extensions>
					<swisstopo:routepoint_id>517092255</swisstopo:routepoint_id>
				</extensions>
			</trkpt>
			<trkpt lat="47.1301665422" lon="9.5073794168">
				<ele>460.2</ele>
				<extensions>
					<swisstopo:routepoint_id>2076728078</swisstopo:routepoint_id>
				</extensions>
			</trkpt>
			<trkpt lat="47.1301484254" lon="9.5071659913">
				<ele>459.7</ele>
				<extensions>
					<swisstopo:routepoint_id>229348628</swisstopo:routepoint_id>
				</extensions>
			</trkpt>
			<trkpt lat="47.1301289241" lon="9.5069995034">
				<ele>459.3</ele>
				<extensions>
					<swisstopo:routepoint_id>1252446246</swisstopo:routepoint_id>
				</extensions>
			</trkpt>
			<trkpt lat="47.1301094224" lon="9.5068320396">
				<ele>458.9</ele>
				<extensions>
					<swisstopo:routepoint_id>483695963</swisstopo:routepoint_id>
				</extensions>
			</trkpt>
			<trkpt lat="47.1300733435" lon="9.5066036410">
				<ele>458.5</ele>
				<extensions>
					<swisstopo:routepoint_id>1524746002</swisstopo:routepoint_id>
				</extensions>
			</trkpt>
			<trkpt lat="47.1300272967" lon="9.5063470904">
				<ele>458.1</ele>
				<extensions>
					<swisstopo:routepoint_id>1291238591</swisstopo:routepoint_id>
				</extensions>
			</trkpt>
			<trkpt lat="47.1299842706" lon="9.5061472068">
				<ele>457.8</ele>
				<extensions>
					<swisstopo:routepoint_id>1967016987</swisstopo:routepoint_id>
				</extensions>
			</trkpt>
			<trkpt lat="47.1299521048" lon="9.5060004032">
				<ele>457.6</ele>
				<extensions>
					<swisstopo:routepoint_id>1906364940</swisstopo:routepoint_id>
				</extensions>
			</trkpt>
			<trkpt lat="47.1299373325" lon="9.5059471855">
				<ele>457.5</ele>
				<extensions>
					<swisstopo:routepoint_id>1242835266</swisstopo:routepoint_id>
				</extensions>
			</trkpt>
			<trkpt lat="47.1298968512" lon="9.5057924269">
				<ele>457.3</ele>
				<extensions>
					<swisstopo:routepoint_id>556270551</swisstopo:routepoint_id>
				</extensions>
			</trkpt>
			<trkpt lat="47.1298764712" lon="9.5057293018">
				<ele>457.2</ele>
				<extensions>
					<swisstopo:routepoint_id>1723054278</swisstopo:routepoint_id>
				</extensions>
			</trkpt>
			<trkpt lat="47.1298310461" lon="9.5055859139">
				<ele>457.1</ele>
				<extensions>
					<swisstopo:routepoint_id>449864074</swisstopo:routepoint_id>
				</extensions>
			</trkpt>
			<trkpt lat="47.1298118824" lon="9.5055338553">
				<ele>457.1</ele>
				<extensions>
					<swisstopo:routepoint_id>1216147401</swisstopo:routepoint_id>
				</extensions>
			</trkpt>
			<trkpt lat="47.1297974215" lon="9.5054858170">
				<ele>457.0</ele>
				<extensions>
					<swisstopo:routepoint_id>1053689909</swisstopo:routepoint_id>
				</extensions>
			</trkpt>
			<trkpt lat="47.1297699098" lon="9.5053978921">
				<ele>457.0</ele>
				<extensions>
					<swisstopo:routepoint_id>697831968</swisstopo:routepoint_id>
				</extensions>
			</trkpt>
			<trkpt lat="47.1296708922" lon="9.5055096734">
				<ele>456.5</ele>
				<extensions>
					<swisstopo:routepoint_id>1090202196</swisstopo:routepoint_id>
				</extensions>
			</trkpt>
			<trkpt lat="47.1295740705" lon="9.5055903692">
				<ele>456.3</ele>
				<extensions>
					<swisstopo:routepoint_id>937536605</swisstopo:routepoint_id>
				</extensions>
			</trkpt>
			<trkpt lat="47.1294997178" lon="9.5056369799">
				<ele>456.3</ele>
				<extensions>
					<swisstopo:routepoint_id>163988758</swisstopo:routepoint_id>
				</extensions>
			</trkpt>
			<trkpt lat="47.1293494517" lon="9.5057068827">
				<ele>456.2</ele>
				<extensions>
					<swisstopo:routepoint_id>164198279</swisstopo:routepoint_id>
				</extensions>
			</trkpt>
			<trkpt lat="47.1289332716" lon="9.5058683779">
				<ele>456.5</ele>
				<extensions>
					<swisstopo:routepoint_id>505352652</swisstopo:routepoint_id>
				</extensions>
			</trkpt>
			<trkpt lat="47.1285228957" lon="9.5060388623">
				<ele>456.5</ele>
				<extensions>
					<swisstopo:routepoint_id>360478177</swisstopo:routepoint_id>
				</extensions>
			</trkpt>
			<trkpt lat="47.1282066137" lon="9.5061692864">
				<ele>456.6</ele>
				<extensions>
					<swisstopo:routepoint_id>1453057923</swisstopo:routepoint_id>
				</extensions>
			</trkpt>
			<trkpt lat="47.1274838333" lon="9.5064761512">
				<ele>456.8</ele>
				<extensions>
					<swisstopo:routepoint_id>1642866086</swisstopo:routepoint_id>
				</extensions>
			</trkpt>
			<trkpt lat="47.1272557011" lon="9.5065663230">
				<ele>456.6</ele>
				<extensions>
					<swisstopo:routepoint_id>1042854579</swisstopo:routepoint_id>
				</extensions>
			</trkpt>
			<trkpt lat="47.1271594626" lon="9.5066150118">
				<ele>456.5</ele>
				<extensions>
					<swisstopo:routepoint_id>206160170</swisstopo:routepoint_id>
				</extensions>
			</trkpt>
			<trkpt lat="47.1269714048" lon="9.5066863352">
				<ele>456.8</ele>
				<extensions>
					<swisstopo:routepoint_id>1068962596</swisstopo:routepoint_id>
				</extensions>
			</trkpt>
			<trkpt lat="47.1266050768" lon="9.5068381139">
				<ele>457.0</ele>
				<extensions>
					<swisstopo:routepoint_id>222516689</swisstopo:routepoint_id>
				</extensions>
			</trkpt>
			<trkpt lat="47.1264569974" lon="9.5068964524">
				<ele>457.1</ele>
				<extensions>
					<swisstopo:routepoint_id>1919932873</swisstopo:routepoint_id>
				</extensions>
			</trkpt>
			<trkpt lat="47.1261707228" lon="9.5070163848">
				<ele>457.1</ele>
				<extensions>
					<swisstopo:routepoint_id>2027107783</swisstopo:routepoint_id>
				</extensions>
			</trkpt>
			<trkpt lat="47.1257284105" lon="9.5071943317">
				<ele>457.2</ele>
				<extensions>
					<swisstopo:routepoint_id>1679698914</swisstopo:routepoint_id>
				</extensions>
			</trkpt>
			<trkpt lat="47.1254599937" lon="9.5073149510">
				<ele>457.0</ele>
				<extensions>
					<swisstopo:routepoint_id>949326811</swisstopo:routepoint_id>
				</extensions>
			</trkpt>
			<trkpt lat="47.1251957690" lon="9.5074241028">
				<ele>457.0</ele>
				<extensions>
					<swisstopo:routepoint_id>379415022</swisstopo:routepoint_id>
				</extensions>
			</trkpt>
			<trkpt lat="47.1249133453" lon="9.5075500053">
				<ele>456.9</ele>
				<extensions>
					<swisstopo:routepoint_id>1141292518</swisstopo:routepoint_id>
				</extensions>
			</trkpt>
			<trkpt lat="47.1246928450" lon="9.5076259884">
				<ele>457.6</ele>
				<extensions>
					<swisstopo:routepoint_id>999765178</swisstopo:routepoint_id>
				</extensions>
			</trkpt>
			<trkpt lat="47.1243838803" lon="9.5077436640">
				<ele>457.0</ele>
				<extensions>
					<swisstopo:routepoint_id>552039574</swisstopo:routepoint_id>
				</extensions>
			</trkpt>
			<trkpt lat="47.1239661294" lon="9.5079027602">
				<ele>457.7</ele>
				<extensions>
					<swisstopo:routepoint_id>1039084254</swisstopo:routepoint_id>
				</extensions>
			</trkpt>
			<trkpt lat="47.1236572522" lon="9.5080275422">
				<ele>457.9</ele>
				<extensions>
					<swisstopo:routepoint_id>1027996967</swisstopo:routepoint_id>
				</extensions>
			</trkpt>
			<trkpt lat="47.1232083688" lon="9.5082055217">
				<ele>457.8</ele>
				<extensions>
					<swisstopo:routepoint_id>566607395</swisstopo:routepoint_id>
				</extensions>
			</trkpt>
			<trkpt lat="47.1228626649" lon="9.5083651558">
				<ele>457.9</ele>
				<extensions>
					<swisstopo:routepoint_id>251746855</swisstopo:routepoint_id>
				</extensions>
			</trkpt>
			<trkpt lat="47.1224981159" lon="9.5085129065">
				<ele>458.1</ele>
				<extensions>
					<swisstopo:routepoint_id>1519237955</swisstopo:routepoint_id>
				</extensions>
			</trkpt>
			<trkpt lat="47.1218976727" lon="9.5087519848">
				<ele>458.1</ele>
				<extensions>
					<swisstopo:routepoint_id>51455207</swisstopo:routepoint_id>
				</extensions>
			</trkpt>
			<trkpt lat="47.1212394179" lon="9.5090278819">
				<ele>458.2</ele>
				<extensions>
					<swisstopo:routepoint_id>850716819</swisstopo:routepoint_id>
				</extensions>
			</trkpt>
			<trkpt lat="47.1210895556" lon="9.5091002188">
				<ele>458.3</ele>
				<extensions>
					<swisstopo:routepoint_id>2035604968</swisstopo:routepoint_id>
				</extensions>
			</trkpt>
			<trkpt lat="47.1207867295" lon="9.5092056978">
				<ele>458.5</ele>
				<extensions>
					<swisstopo:routepoint_id>781198497</swisstopo:routepoint_id>
				</extensions>
			</trkpt>
			<trkpt lat="47.1206425769" lon="9.5092782411">
				<ele>458.6</ele>
				<extensions>
					<swisstopo:routepoint_id>665233597</swisstopo:routepoint_id>
				</extensions>
			</trkpt>
			<trkpt lat="47.1205017028" lon="9.5093297422">
				<ele>458.7</ele>
				<extensions>
					<swisstopo:routepoint_id>740179397</swisstopo:routepoint_id>
				</extensions>
			</trkpt>
			<trkpt lat="47.1204355148" lon="9.5093539395">
				<ele>458.8</ele>
				<extensions>
					<swisstopo:routepoint_id>414284653</swisstopo:routepoint_id>
				</extensions>
			</trkpt>
			<trkpt lat="47.1200116665" lon="9.5095161236">
				<ele>458.7</ele>
				<extensions>
					<swisstopo:routepoint_id>1097596169</swisstopo:routepoint_id>
				</extensions>
			</trkpt>
			<trkpt lat="47.1197465516" lon="9.5096425932">
				<ele>459.0</ele>
				<extensions>
					<swisstopo:routepoint_id>1712225767</swisstopo:routepoint_id>
				</extensions>
			</trkpt>
			<trkpt lat="47.1195239648" lon="9.5097344300">
				<ele>459.0</ele>
				<extensions>
					<swisstopo:routepoint_id>1803236833</swisstopo:routepoint_id>
				</extensions>
			</trkpt>
			<trkpt lat="47.1193429140" lon="9.5097937176">
				<ele>460.1</ele>
				<extensions>
					<swisstopo:routepoint_id>1881183881</swisstopo:routepoint_id>
				</extensions>
			</trkpt>
			<trkpt lat="47.1193473878" lon="9.5097246725">
				<ele>459.8</ele>
				<extensions>
					<swisstopo:routepoint_id>374487313</swisstopo:routepoint_id>
				</extensions>
			</trkpt>
			<trkpt lat="47.1193655322" lon="9.5095635176">
				<ele>459.4</ele>
				<extensions>
					<swisstopo:routepoint_id>1954696217</swisstopo:routepoint_id>
				</extensions>
			</trkpt>
			<trkpt lat="47.1193764626" lon="9.5092737748">
				<ele>459.3</ele>
				<extensions>
					<swisstopo:routepoint_id>1551282571</swisstopo:routepoint_id>
				</extensions>
			</trkpt>
			<trkpt lat="47.1193870441" lon="9.5085794086">
				<ele>459.4</ele>
				<extensions>
					<swisstopo:routepoint_id>1585118458</swisstopo:routepoint_id>
				</extensions>
			</trkpt>
			<trkpt lat="47.1193979316" lon="9.5079743241">
				<ele>459.3</ele>
				<extensions>
					<swisstopo:routepoint_id>1757614249</swisstopo:routepoint_id>
				</extensions>
			</trkpt>
			<trkpt lat="47.1194036075" lon="9.5073411482">
				<ele>459.3</ele>
				<extensions>
					<swisstopo:routepoint_id>1819466726</swisstopo:routepoint_id>
				</extensions>
			</trkpt>
			<trkpt lat="47.1194059022" lon="9.5070079730">
				<ele>459.3</ele>
				<extensions>
					<swisstopo:routepoint_id>1809504099</swisstopo:routepoint_id>
				</extensions>
			</trkpt>
			<trkpt lat="47.1194501786" lon="9.5037591203">
				<ele>458.9</ele>
				<extensions>
					<swisstopo:routepoint_id>58627775</swisstopo:routepoint_id>
				</extensions>
			</trkpt>
			<trkpt lat="47.1194578922" lon="9.5024334880">
				<ele>458.7</ele>
				<extensions>
					<swisstopo:routepoint_id>1348393738</swisstopo:routepoint_id>
				</extensions>
			</trkpt>
			<trkpt lat="47.1194790375" lon="9.5012460877">
				<ele>458.7</ele>
				<extensions>
					<swisstopo:routepoint_id>1894573001</swisstopo:routepoint_id>
				</extensions>
			</trkpt>
			<trkpt lat="47.1194848165" lon="9.5005775061">
				<ele>458.8</ele>
				<extensions>
					<swisstopo:routepoint_id>1064590994</swisstopo:routepoint_id>
				</extensions>
			</trkpt>
			<trkpt lat="47.1194914629" lon="9.4998095754">
				<ele>458.7</ele>
				<extensions>
					<swisstopo:routepoint_id>3002125</swisstopo:routepoint_id>
				</extensions>
			</trkpt>
			<trkpt lat="47.1195032746" lon="9.4990809707">
				<ele>458.3</ele>
				<extensions>
					<swisstopo:routepoint_id>2129595582</swisstopo:routepoint_id>
				</extensions>
			</trkpt>
			<trkpt lat="47.1195049563" lon="9.4989911440">
				<ele>458.5</ele>
				<extensions>
					<swisstopo:routepoint_id>328120433</swisstopo:routepoint_id>
				</extensions>
			</trkpt>
			<trkpt lat="47.1195080607" lon="9.4987736115">
				<ele>458.6</ele>
				<extensions>
					<swisstopo:routepoint_id>739187304</swisstopo:routepoint_id>
				</extensions>
			</trkpt>
			<trkpt lat="47.1195093109" lon="9.4986862084">
				<ele>458.6</ele>
				<extensions>
					<swisstopo:routepoint_id>1186673399</swisstopo:routepoint_id>
				</extensions>
			</trkpt>
			<trkpt lat="47.1195099470" lon="9.4985552675">
				<ele>458.7</ele>
				<extensions>
					<swisstopo:routepoint_id>26647425</swisstopo:routepoint_id>
				</extensions>
			</trkpt>
			<trkpt lat="47.1195047869" lon="9.4984183541">
				<ele>458.7</ele>
				<extensions>
					<swisstopo:routepoint_id>688698965</swisstopo:routepoint_id>
				</extensions>
			</trkpt>
			<trkpt lat="47.1194850925" lon="9.4982418107">
				<ele>458.9</ele>
				<extensions>
					<swisstopo:routepoint_id>1700829626</swisstopo:routepoint_id>
				</extensions>
			</trkpt>
			<trkpt lat="47.1194617354" lon="9.4980567557">
				<ele>458.9</ele>
				<extensions>
					<swisstopo:routepoint_id>1323958999</swisstopo:routepoint_id>
				</extensions>
			</trkpt>
			<trkpt lat="47.1194256094" lon="9.4978405065">
				<ele>458.9</ele>
				<extensions>
					<swisstopo:routepoint_id>1607465237</swisstopo:routepoint_id>
				</extensions>
			</trkpt>
			<trkpt lat="47.1193618826" lon="9.4974641528">
				<ele>458.9</ele>
				<extensions>
					<swisstopo:routepoint_id>1596621386</swisstopo:routepoint_id>
				</extensions>
			</trkpt>
			<trkpt lat="47.1192763426" lon="9.4969223536">
				<ele>458.9</ele>
				<extensions>
					<swisstopo:routepoint_id>2132884730</swisstopo:routepoint_id>
				</extensions>
			</trkpt>
			<trkpt lat="47.1192452258" lon="9.4967453721">
				<ele>458.9</ele>
				<extensions>
					<swisstopo:routepoint_id>1970005847</swisstopo:routepoint_id>
				</extensions>
			</trkpt>
			<trkpt lat="47.1192359013" lon="9.4966278251">
				<ele>459.0</ele>
				<extensions>
					<swisstopo:routepoint_id>1423382540</swisstopo:routepoint_id>
				</extensions>
			</trkpt>
			<trkpt lat="47.1192393958" lon="9.4965386639">
				<ele>459.0</ele>
				<extensions>
					<swisstopo:routepoint_id>1940192484</swisstopo:routepoint_id>
				</extensions>
			</trkpt>
			<trkpt lat="47.1192545767" lon="9.4964360168">
				<ele>459.2</ele>
				<extensions>
					<swisstopo:routepoint_id>1754185500</swisstopo:routepoint_id>
				</extensions>
			</trkpt>
			<trkpt lat="47.1192884071" lon="9.4962756895">
				<ele>459.6</ele>
				<extensions>
					<swisstopo:routepoint_id>1141757635</swisstopo:routepoint_id>
				</extensions>
			</trkpt>
			<trkpt lat="47.1193429494" lon="9.4959771508">
				<ele>459.7</ele>
				<extensions>
					<swisstopo:routepoint_id>2098742230</swisstopo:routepoint_id>
				</extensions>
			</trkpt>
			<trkpt lat="47.1193492028" lon="9.4959167805">
				<ele>459.6</ele>
				<extensions>
					<swisstopo:routepoint_id>1730301351</swisstopo:routepoint_id>
				</extensions>
			</trkpt>
			<trkpt lat="47.1193477362" lon="9.4958056372">
				<ele>459.2</ele>
				<extensions>
					<swisstopo:routepoint_id>1116073807</swisstopo:routepoint_id>
				</extensions>
			</trkpt>
			<trkpt lat="47.1193435560" lon="9.4956539740">
				<ele>458.9</ele>
				<extensions>
					<swisstopo:routepoint_id>320904832</swisstopo:routepoint_id>
				</extensions>
			</trkpt>
			<trkpt lat="47.1193129002" lon="9.4949584206">
				<ele>458.6</ele>
				<extensions>
					<swisstopo:routepoint_id>2043367608</swisstopo:routepoint_id>
				</extensions>
			</trkpt>
			<trkpt lat="47.1192909190" lon="9.4943628468">
				<ele>458.5</ele>
				<extensions>
					<swisstopo:routepoint_id>419345345</swisstopo:routepoint_id>
				</extensions>
			</trkpt>
			<trkpt lat="47.1192614232" lon="9.4936744843">
				<ele>458.6</ele>
				<extensions>
					<swisstopo:routepoint_id>1245174480</swisstopo:routepoint_id>
				</extensions>
			</trkpt>
			<trkpt lat="47.1192388602" lon="9.4931483731">
				<ele>458.6</ele>
				<extensions>
					<swisstopo:routepoint_id>1367119219</swisstopo:routepoint_id>
				</extensions>
			</trkpt>
			<trkpt lat="47.1192258610" lon="9.4929588144">
				<ele>458.7</ele>
				<extensions>
					<swisstopo:routepoint_id>1053187799</swisstopo:routepoint_id>
				</extensions>
			</trkpt>
			<trkpt lat="47.1191910942" lon="9.4927263960">
				<ele>458.8</ele>
				<extensions>
					<swisstopo:routepoint_id>1882033666</swisstopo:routepoint_id>
				</extensions>
			</trkpt>
			<trkpt lat="47.1191474936" lon="9.4925296380">
				<ele>458.9</ele>
				<extensions>
					<swisstopo:routepoint_id>1768109315</swisstopo:routepoint_id>
				</extensions>
			</trkpt>
			<trkpt lat="47.1190577578" lon="9.4921630671">
				<ele>458.9</ele>
				<extensions>
					<swisstopo:routepoint_id>1699488345</swisstopo:routepoint_id>
				</extensions>
			</trkpt>
			<trkpt lat="47.1189190043" lon="9.4916646788">
				<ele>459.1</ele>
				<extensions>
					<swisstopo:routepoint_id>7000869</swisstopo:routepoint_id>
				</extensions>
			</trkpt>
			<trkpt lat="47.1188825756" lon="9.4915252262">
				<ele>459.0</ele>
				<extensions>
					<swisstopo:routepoint_id>901440122</swisstopo:routepoint_id>
				</extensions>
			</trkpt>
			<trkpt lat="47.1187720953" lon="9.4911728764">
				<ele>459.4</ele>
				<extensions>
					<swisstopo:routepoint_id>1656249448</swisstopo:routepoint_id>
				</extensions>
			</trkpt>
			<trkpt lat="47.1186731913" lon="9.4908599626">
				<ele>459.8</ele>
				<extensions>
					<swisstopo:routepoint_id>932076038</swisstopo:routepoint_id>
				</extensions>
			</trkpt>
			<trkpt lat="47.1186578879" lon="9.4907993445">
				<ele>459.9</ele>
				<extensions>
					<swisstopo:routepoint_id>1442103440</swisstopo:routepoint_id>
				</extensions>
			</trkpt>
			<trkpt lat="47.1186505379" lon="9.4907629311">
				<ele>460.0</ele>
				<extensions>
					<swisstopo:routepoint_id>1423862223</swisstopo:routepoint_id>
				</extensions>
			</trkpt>
			<trkpt lat="47.1186239829" lon="9.4906313572">
				<ele>460.2</ele>
				<extensions>
					<swisstopo:routepoint_id>941006333</swisstopo:routepoint_id>
				</extensions>
			</trkpt>
			<trkpt lat="47.1185989295" lon="9.4904675586">
				<ele>460.4</ele>
				<extensions>
					<swisstopo:routepoint_id>331755135</swisstopo:routepoint_id>
				</extensions>
			</trkpt>
			<trkpt lat="47.1185573765" lon="9.4901406598">
				<ele>460.2</ele>
				<extensions>
					<swisstopo:routepoint_id>2130765101</swisstopo:routepoint_id>
				</extensions>
			</trkpt>
			<trkpt lat="47.1185314055" lon="9.4899778306">
				<ele>461.7</ele>
				<extensions>
					<swisstopo:routepoint_id>1412020293</swisstopo:routepoint_id>
				</extensions>
			</trkpt>
			<trkpt lat="47.1185211650" lon="9.4898850192">
				<ele>461.9</ele>
				<extensions>
					<swisstopo:routepoint_id>473483604</swisstopo:routepoint_id>
				</extensions>
			</trkpt>
			<trkpt lat="47.1185101333" lon="9.4897695016">
				<ele>462.1</ele>
				<extensions>
					<swisstopo:routepoint_id>854319578</swisstopo:routepoint_id>
				</extensions>
			</trkpt>
			<trkpt lat="47.1185163355" lon="9.4896215090">
				<ele>462.5</ele>
				<extensions>
					<swisstopo:routepoint_id>2013372651</swisstopo:routepoint_id>
				</extensions>
			</trkpt>
			<trkpt lat="47.1185317586" lon="9.4894913194">
				<ele>462.7</ele>
				<extensions>
					<swisstopo:routepoint_id>768930950</swisstopo:routepoint_id>
				</extensions>
			</trkpt>
			<trkpt lat="47.1185720224" lon="9.4892320574">
				<ele>463.1</ele>
				<extensions>
					<swisstopo:routepoint_id>1841129339</swisstopo:routepoint_id>
				</extensions>
			</trkpt>
			<trkpt lat="47.1185799521" lon="9.4891809649">
				<ele>463.3</ele>
				<extensions>
					<swisstopo:routepoint_id>1044782973</swisstopo:routepoint_id>
				</extensions>
			</trkpt>
			<trkpt lat="47.1186160102" lon="9.4889486419">
				<ele>463.8</ele>
				<extensions>
					<swisstopo:routepoint_id>1465620409</swisstopo:routepoint_id>
				</extensions>
			</trkpt>
			<trkpt lat="47.1186587492" lon="9.4887341978">
				<ele>464.4</ele>
				<extensions>
					<swisstopo:routepoint_id>2005231540</swisstopo:routepoint_id>
				</extensions>
			</trkpt>
			<trkpt lat="47.1186960169" lon="9.4885975709">
				<ele>464.6</ele>
				<extensions>
					<swisstopo:routepoint_id>1131934038</swisstopo:routepoint_id>
				</extensions>
			</trkpt>
			<trkpt lat="47.1187391401" lon="9.4884761814">
				<ele>464.9</ele>
				<extensions>
					<swisstopo:routepoint_id>906490208</swisstopo:routepoint_id>
				</extensions>
			</trkpt>
			<trkpt lat="47.1187865854" lon="9.4883429467">
				<ele>465.2</ele>
				<extensions>
					<swisstopo:routepoint_id>1287879703</swisstopo:routepoint_id>
				</extensions>
			</trkpt>
			<trkpt lat="47.1188769048" lon="9.4881033156">
				<ele>465.7</ele>
				<extensions>
					<swisstopo:routepoint_id>1146074178</swisstopo:routepoint_id>
				</extensions>
			</trkpt>
			<trkpt lat="47.1190057208" lon="9.4877721166">
				<ele>466.6</ele>
				<extensions>
					<swisstopo:routepoint_id>1862617671</swisstopo:routepoint_id>
				</extensions>
			</trkpt>
			<trkpt lat="47.1191214952" lon="9.4874824414">
				<ele>467.2</ele>
				<extensions>
					<swisstopo:routepoint_id>1751625421</swisstopo:routepoint_id>
				</extensions>
			</trkpt>
			<trkpt lat="47.1191846628" lon="9.4872717692">
				<ele>467.5</ele>
				<extensions>
					<swisstopo:routepoint_id>2137749333</swisstopo:routepoint_id>
				</extensions>
			</trkpt>
			<trkpt lat="47.1192242806" lon="9.4871172490">
				<ele>467.9</ele>
				<extensions>
					<swisstopo:routepoint_id>1100381950</swisstopo:routepoint_id>
				</extensions>
			</trkpt>
			<trkpt lat="47.1192649595" lon="9.4868914924">
				<ele>468.5</ele>
				<extensions>
					<swisstopo:routepoint_id>319881713</swisstopo:routepoint_id>
				</extensions>
			</trkpt>
			<trkpt lat="47.1192924788" lon="9.4867387088">
				<ele>468.9</ele>
				<extensions>
					<swisstopo:routepoint_id>1604083393</swisstopo:routepoint_id>
				</extensions>
			</trkpt>
			<trkpt lat="47.1192929890" lon="9.4867354208">
				<ele>468.9</ele>
				<extensions>
					<swisstopo:routepoint_id>1225293946</swisstopo:routepoint_id>
				</extensions>
			</trkpt>
			<trkpt lat="47.1193086813" lon="9.4866342799">
				<ele>469.2</ele>
				<extensions>
					<swisstopo:routepoint_id>2140145707</swisstopo:routepoint_id>
				</extensions>
			</trkpt>
			<trkpt lat="47.1193128674" lon="9.4865144036">
				<ele>469.5</ele>
				<extensions>
					<swisstopo:routepoint_id>663781175</swisstopo:routepoint_id>
				</extensions>
			</trkpt>
			<trkpt lat="47.1193021647" lon="9.4863099211">
				<ele>470.3</ele>
				<extensions>
					<swisstopo:routepoint_id>853180942</swisstopo:routepoint_id>
				</extensions>
			</trkpt>
			<trkpt lat="47.1192898898" lon="9.4860769449">
				<ele>471.1</ele>
				<extensions>
					<swisstopo:routepoint_id>559313923</swisstopo:routepoint_id>
				</extensions>
			</trkpt>
			<trkpt lat="47.1196030436" lon="9.4859389597">
				<ele>470.9</ele>
				<extensions>
					<swisstopo:routepoint_id>495537627</swisstopo:routepoint_id>
				</extensions>
			</trkpt>
			<trkpt lat="47.1196424583" lon="9.4859211027">
				<ele>470.9</ele>
				<extensions>
					<swisstopo:routepoint_id>1212341309</swisstopo:routepoint_id>
				</extensions>
			</trkpt>
			<trkpt lat="47.1197408927" lon="9.4858758979">
				<ele>470.8</ele>
				<extensions>
					<swisstopo:routepoint_id>1246371621</swisstopo:routepoint_id>
				</extensions>
			</trkpt>
			<trkpt lat="47.1197631802" lon="9.4858673914">
				<ele>470.8</ele>
				<extensions>
					<swisstopo:routepoint_id>818716850</swisstopo:routepoint_id>
				</extensions>
			</trkpt>
			<trkpt lat="47.1198994637" lon="9.4858078510">
				<ele>470.8</ele>
				<extensions>
					<swisstopo:routepoint_id>800547615</swisstopo:routepoint_id>
				</extensions>
			</trkpt>
			<trkpt lat="47.1200486074" lon="9.4857426914">
				<ele>470.7</ele>
				<extensions>
					<swisstopo:routepoint_id>855105677</swisstopo:routepoint_id>
				</extensions>
			</trkpt>
			<trkpt lat="47.1201037988" lon="9.4857185785">
				<ele>470.6</ele>
				<extensions>
					<swisstopo:routepoint_id>1643907452</swisstopo:routepoint_id>
				</extensions>
			</trkpt>
			<trkpt lat="47.1201731986" lon="9.4856985596">
				<ele>470.6</ele>
				<extensions>
					<swisstopo:routepoint_id>1312456027</swisstopo:routepoint_id>
				</extensions>
			</trkpt>
			<trkpt lat="47.1202472075" lon="9.4856874289">
				<ele>470.5</ele>
				<extensions>
					<swisstopo:routepoint_id>1571432519</swisstopo:routepoint_id>
				</extensions>
			</trkpt>
			<trkpt lat="47.1203493468" lon="9.4857000509">
				<ele>470.3</ele>
				<extensions>
					<swisstopo:routepoint_id>943826123</swisstopo:routepoint_id>
				</extensions>
			</trkpt>
			<trkpt lat="47.1203770895" lon="9.4857055276">
				<ele>470.2</ele>
				<extensions>
					<swisstopo:routepoint_id>921045157</swisstopo:routepoint_id>
				</extensions>
			</trkpt>
			<trkpt lat="47.1204066360" lon="9.4855681740">
				<ele>470.4</ele>
				<extensions>
					<swisstopo:routepoint_id>1349211690</swisstopo:routepoint_id>
				</extensions>
			</trkpt>
			<trkpt lat="47.1204308852" lon="9.4854691131">
				<ele>470.3</ele>
				<extensions>
					<swisstopo:routepoint_id>2100032305</swisstopo:routepoint_id>
				</extensions>
			</trkpt>
			<trkpt lat="47.1202035576" lon="9.4848993411">
				<ele>471.8</ele>
				<extensions>
					<swisstopo:routepoint_id>628386045</swisstopo:routepoint_id>
				</extensions>
			</trkpt>
			<trkpt lat="47.1201527035" lon="9.4847718829">
				<ele>472.1</ele>
				<extensions>
					<swisstopo:routepoint_id>995518146</swisstopo:routepoint_id>
				</extensions>
			</trkpt>
			<trkpt lat="47.1200110581" lon="9.4844565375">
				<ele>473.1</ele>
				<extensions>
					<swisstopo:routepoint_id>1879219225</swisstopo:routepoint_id>
				</extensions>
			</trkpt>
			<trkpt lat="47.1199646343" lon="9.4843848830">
				<ele>473.4</ele>
				<extensions>
					<swisstopo:routepoint_id>1765425911</swisstopo:routepoint_id>
				</extensions>
			</trkpt>
			<trkpt lat="47.1199220842" lon="9.4843285641">
				<ele>473.7</ele>
				<extensions>
					<swisstopo:routepoint_id>1359994876</swisstopo:routepoint_id>
				</extensions>
			</trkpt>
			<trkpt lat="47.1198762298" lon="9.4842805284">
				<ele>474.0</ele>
				<extensions>
					<swisstopo:routepoint_id>1673270563</swisstopo:routepoint_id>
				</extensions>
			</trkpt>
			<trkpt lat="47.1198342171" lon="9.4842491308">
				<ele>474.4</ele>
				<extensions>
					<swisstopo:routepoint_id>2068108294</swisstopo:routepoint_id>
				</extensions>
			</trkpt>
			<trkpt lat="47.1197778581" lon="9.4842281268">
				<ele>474.7</ele>
				<extensions>
					<swisstopo:routepoint_id>1711133553</swisstopo:routepoint_id>
				</extensions>
			</trkpt>
			<trkpt lat="47.1196454068" lon="9.4842133614">
				<ele>475.9</ele>
				<extensions>
					<swisstopo:routepoint_id>1750977542</swisstopo:routepoint_id>
				</extensions>
			</trkpt>
			<trkpt lat="47.1195384302" lon="9.4841995567">
				<ele>476.9</ele>
				<extensions>
					<swisstopo:routepoint_id>1863292528</swisstopo:routepoint_id>
				</extensions>
			</trkpt>
			<trkpt lat="47.1194657191" lon="9.4841948533">
				<ele>477.4</ele>
				<extensions>
					<swisstopo:routepoint_id>87891031</swisstopo:routepoint_id>
				</extensions>
			</trkpt>
			<trkpt lat="47.1194140536" lon="9.4841967536">
				<ele>477.7</ele>
				<extensions>
					<swisstopo:routepoint_id>2059325390</swisstopo:routepoint_id>
				</extensions>
			</trkpt>
			<trkpt lat="47.1193886792" lon="9.4842093619">
				<ele>477.9</ele>
				<extensions>
					<swisstopo:routepoint_id>462150306</swisstopo:routepoint_id>
				</extensions>
			</trkpt>
			<trkpt lat="47.1193270165" lon="9.4841723890">
				<ele>478.5</ele>
				<extensions>
					<swisstopo:routepoint_id>1726881873</swisstopo:routepoint_id>
				</extensions>
			</trkpt>
			<trkpt lat="47.1192766181" lon="9.4841146511">
				<ele>479.0</ele>
				<extensions>
					<swisstopo:routepoint_id>753708897</swisstopo:routepoint_id>
				</extensions>
			</trkpt>
			<trkpt lat="47.1191803120" lon="9.4839602964">
				<ele>480.0</ele>
				<extensions>
					<swisstopo:routepoint_id>1503935041</swisstopo:routepoint_id>
				</extensions>
			</trkpt>
			<trkpt lat="47.1190275050" lon="9.4836642672">
				<ele>482.3</ele>
				<extensions>
					<swisstopo:routepoint_id>915073144</swisstopo:routepoint_id>
				</extensions>
			</trkpt>
			<trkpt lat="47.1189777516" lon="9.4835702911">
				<ele>483.4</ele>
				<extensions>
					<swisstopo:routepoint_id>44008416</swisstopo:routepoint_id>
				</extensions>
			</trkpt>
			<trkpt lat="47.1189393489" lon="9.4835914419">
				<ele>483.5</ele>
				<extensions>
					<swisstopo:routepoint_id>1718551738</swisstopo:routepoint_id>
				</extensions>
			</trkpt>
			<trkpt lat="47.1188958579" lon="9.4836118606">
				<ele>483.5</ele>
				<extensions>
					<swisstopo:routepoint_id>340745520</swisstopo:routepoint_id>
				</extensions>
			</trkpt>
			<trkpt lat="47.1188164542" lon="9.4836449714">
				<ele>483.2</ele>
				<extensions>
					<swisstopo:routepoint_id>1097975113</swisstopo:routepoint_id>
				</extensions>
			</trkpt>
			<trkpt lat="47.1187740184" lon="9.4835543969">
				<ele>483.8</ele>
				<extensions>
					<swisstopo:routepoint_id>1822366261</swisstopo:routepoint_id>
				</extensions>
			</trkpt>
			<trkpt lat="47.1187299396" lon="9.4834899406">
				<ele>484.4</ele>
				<extensions>
					<swisstopo:routepoint_id>40995843</swisstopo:routepoint_id>
				</extensions>
			</trkpt>
			<trkpt lat="47.1186946841" lon="9.4834641832">
				<ele>484.8</ele>
				<extensions>
					<swisstopo:routepoint_id>295158459</swisstopo:routepoint_id>
				</extensions>
			</trkpt>
			<trkpt lat="47.1186579011" lon="9.4834575416">
				<ele>485.1</ele>
				<extensions>
					<swisstopo:routepoint_id>1789608563</swisstopo:routepoint_id>
				</extensions>
			</trkpt>
			<trkpt lat="47.1186194880" lon="9.4834752549">
				<ele>485.4</ele>
				<extensions>
					<swisstopo:routepoint_id>1215484861</swisstopo:routepoint_id>
				</extensions>
			</trkpt>
			<trkpt lat="47.1185806810" lon="9.4835156258">
				<ele>485.8</ele>
				<extensions>
					<swisstopo:routepoint_id>144583774</swisstopo:routepoint_id>
				</extensions>
			</trkpt>
			<trkpt lat="47.1185280162" lon="9.4835990586">
				<ele>486.3</ele>
				<extensions>
					<swisstopo:routepoint_id>1689680986</swisstopo:routepoint_id>
				</extensions>
			</trkpt>
			<trkpt lat="47.1184499895" lon="9.4837440076">
				<ele>487.2</ele>
				<extensions>
					<swisstopo:routepoint_id>1005419826</swisstopo:routepoint_id>
				</extensions>
			</trkpt>
			<trkpt lat="47.1184069877" lon="9.4837333987">
				<ele>487.7</ele>
				<extensions>
					<swisstopo:routepoint_id>1911674199</swisstopo:routepoint_id>
				</extensions>
			</trkpt>
			<trkpt lat="47.1183188455" lon="9.4837635135">
				<ele>488.9</ele>
				<extensions>
					<swisstopo:routepoint_id>1043764985</swisstopo:routepoint_id>
				</extensions>
			</trkpt>
			<trkpt lat="47.1182341024" lon="9.4838160732">
				<ele>490.1</ele>
				<extensions>
					<swisstopo:routepoint_id>1829518333</swisstopo:routepoint_id>
				</extensions>
			</trkpt>
			<trkpt lat="47.1181569352" lon="9.4838717191">
				<ele>491.0</ele>
				<extensions>
					<swisstopo:routepoint_id>233678207</swisstopo:routepoint_id>
				</extensions>
			</trkpt>
			<trkpt lat="47.1180932334" lon="9.4839195088">
				<ele>491.5</ele>
				<extensions>
					<swisstopo:routepoint_id>1245930072</swisstopo:routepoint_id>
				</extensions>
			</trkpt>
			<trkpt lat="47.1180311803" lon="9.4839813186">
				<ele>492.0</ele>
				<extensions>
					<swisstopo:routepoint_id>1523896942</swisstopo:routepoint_id>
				</extensions>
			</trkpt>
			<trkpt lat="47.1179880740" lon="9.4840494170">
				<ele>492.3</ele>
				<extensions>
					<swisstopo:routepoint_id>408709264</swisstopo:routepoint_id>
				</extensions>
			</trkpt>
			<trkpt lat="47.1179463691" lon="9.4841454897">
				<ele>492.7</ele>
				<extensions>
					<swisstopo:routepoint_id>443908306</swisstopo:routepoint_id>
				</extensions>
			</trkpt>
			<trkpt lat="47.1178857478" lon="9.4843412804">
				<ele>493.9</ele>
				<extensions>
					<swisstopo:routepoint_id>692045894</swisstopo:routepoint_id>
				</extensions>
			</trkpt>
			<trkpt lat="47.1178801977" lon="9.4843614751">
				<ele>494.4</ele>
				<extensions>
					<swisstopo:routepoint_id>89354621</swisstopo:routepoint_id>
				</extensions>
			</trkpt>
			<trkpt lat="47.1178758674" lon="9.4843772331">
				<ele>494.8</ele>
				<extensions>
					<swisstopo:routepoint_id>441078295</swisstopo:routepoint_id>
				</extensions>
			</trkpt>
			<trkpt lat="47.1178594063" lon="9.4844371613">
				<ele>494.0</ele>
				<extensions>
					<swisstopo:routepoint_id>376573772</swisstopo:routepoint_id>
				</extensions>
			</trkpt>
			<trkpt lat="47.1178083576" lon="9.4846229190">
				<ele>495.1</ele>
				<extensions>
					<swisstopo:routepoint_id>456044845</swisstopo:routepoint_id>
				</extensions>
			</trkpt>
			<trkpt lat="47.1177410220" lon="9.4847682057">
				<ele>496.0</ele>
				<extensions>
					<swisstopo:routepoint_id>2020887571</swisstopo:routepoint_id>
				</extensions>
			</trkpt>
			<trkpt lat="47.1176912273" lon="9.4848314066">
				<ele>496.7</ele>
				<extensions>
					<swisstopo:routepoint_id>1202721305</swisstopo:routepoint_id>
				</extensions>
			</trkpt>
			<trkpt lat="47.1176324786" lon="9.4848976120">
				<ele>497.1</ele>
				<extensions>
					<swisstopo:routepoint_id>807470214</swisstopo:routepoint_id>
				</extensions>
			</trkpt>
			<trkpt lat="47.1175644040" lon="9.4849539733">
				<ele>497.8</ele>
				<extensions>
					<swisstopo:routepoint_id>1673748781</swisstopo:routepoint_id>
				</extensions>
			</trkpt>
			<trkpt lat="47.1174470496" lon="9.4850192572">
				<ele>498.8</ele>
				<extensions>
					<swisstopo:routepoint_id>406418263</swisstopo:routepoint_id>
				</extensions>
			</trkpt>
			<trkpt lat="47.1173659696" lon="9.4850803119">
				<ele>499.4</ele>
				<extensions>
					<swisstopo:routepoint_id>1038564497</swisstopo:routepoint_id>
				</extensions>
			</trkpt>
			<trkpt lat="47.1172593586" lon="9.4851850524">
				<ele>500.4</ele>
				<extensions>
					<swisstopo:routepoint_id>879524514</swisstopo:routepoint_id>
				</extensions>
			</trkpt>
			<trkpt lat="47.1170794719" lon="9.4853400163">
				<ele>502.0</ele>
				<extensions>
					<swisstopo:routepoint_id>1571406760</swisstopo:routepoint_id>
				</extensions>
			</trkpt>
			<trkpt lat="47.1169264870" lon="9.4854820250">
				<ele>503.5</ele>
				<extensions>
					<swisstopo:routepoint_id>853362718</swisstopo:routepoint_id>
				</extensions>
			</trkpt>
			<trkpt lat="47.1167682196" lon="9.4855987451">
				<ele>505.1</ele>
				<extensions>
					<swisstopo:routepoint_id>1187191285</swisstopo:routepoint_id>
				</extensions>
			</trkpt>
			<trkpt lat="47.1166816771" lon="9.4856456579">
				<ele>505.9</ele>
				<extensions>
					<swisstopo:routepoint_id>1373887747</swisstopo:routepoint_id>
				</extensions>
			</trkpt>
			<trkpt lat="47.1166186193" lon="9.4856572067">
				<ele>506.5</ele>
				<extensions>
					<swisstopo:routepoint_id>484725374</swisstopo:routepoint_id>
				</extensions>
			</trkpt>
			<trkpt lat="47.1165558102" lon="9.4856548046">
				<ele>507.0</ele>
				<extensions>
					<swisstopo:routepoint_id>697670342</swisstopo:routepoint_id>
				</extensions>
			</trkpt>
			<trkpt lat="47.1164913526" lon="9.4856383794">
				<ele>507.5</ele>
				<extensions>
					<swisstopo:routepoint_id>1189865258</swisstopo:routepoint_id>
				</extensions>
			</trkpt>
			<trkpt lat="47.1163998314" lon="9.4855807694">
				<ele>508.3</ele>
				<extensions>
					<swisstopo:routepoint_id>1655499970</swisstopo:routepoint_id>
				</extensions>
			</trkpt>
			<trkpt lat="47.1162965016" lon="9.4855087095">
				<ele>509.4</ele>
				<extensions>
					<swisstopo:routepoint_id>198019139</swisstopo:routepoint_id>
				</extensions>
			</trkpt>
			<trkpt lat="47.1162227604" lon="9.4854718289">
				<ele>510.0</ele>
				<extensions>
					<swisstopo:routepoint_id>229492393</swisstopo:routepoint_id>
				</extensions>
			</trkpt>
			<trkpt lat="47.1161488478" lon="9.4854451564">
				<ele>510.7</ele>
				<extensions>
					<swisstopo:routepoint_id>1372425260</swisstopo:routepoint_id>
				</extensions>
			</trkpt>
			<trkpt lat="47.1160492491" lon="9.4854243303">
				<ele>511.6</ele>
				<extensions>
					<swisstopo:routepoint_id>2140026688</swisstopo:routepoint_id>
				</extensions>
			</trkpt>
			<trkpt lat="47.1159610866" lon="9.4854141334">
				<ele>512.5</ele>
				<extensions>
					<swisstopo:routepoint_id>586606174</swisstopo:routepoint_id>
				</extensions>
			</trkpt>
			<trkpt lat="47.1158864466" lon="9.4854283221">
				<ele>513.2</ele>
				<extensions>
					<swisstopo:routepoint_id>935590044</swisstopo:routepoint_id>
				</extensions>
			</trkpt>
			<trkpt lat="47.1158207221" lon="9.4854632707">
				<ele>513.7</ele>
				<extensions>
					<swisstopo:routepoint_id>19221642</swisstopo:routepoint_id>
				</extensions>
			</trkpt>
			<trkpt lat="47.1157335563" lon="9.4855280453">
				<ele>514.6</ele>
				<extensions>
					<swisstopo:routepoint_id>1037647047</swisstopo:routepoint_id>
				</extensions>
			</trkpt>
			<trkpt lat="47.1156882035" lon="9.4855944185">
				<ele>515.2</ele>
				<extensions>
					<swisstopo:routepoint_id>658860197</swisstopo:routepoint_id>
				</extensions>
			</trkpt>
			<trkpt lat="47.1156184724" lon="9.4857245656">
				<ele>516.2</ele>
				<extensions>
					<swisstopo:routepoint_id>2042621077</swisstopo:routepoint_id>
				</extensions>
			</trkpt>
			<trkpt lat="47.1155635184" lon="9.4858076016">
				<ele>516.8</ele>
				<extensions>
					<swisstopo:routepoint_id>1318485089</swisstopo:routepoint_id>
				</extensions>
			</trkpt>
			<trkpt lat="47.1155163900" lon="9.4858432735">
				<ele>517.2</ele>
				<extensions>
					<swisstopo:routepoint_id>2143345581</swisstopo:routepoint_id>
				</extensions>
			</trkpt>
			<trkpt lat="47.1154666892" lon="9.4858389592">
				<ele>517.7</ele>
				<extensions>
					<swisstopo:routepoint_id>1944707382</swisstopo:routepoint_id>
				</extensions>
			</trkpt>
			<trkpt lat="47.1154259373" lon="9.4858813466">
				<ele>518.0</ele>
				<extensions>
					<swisstopo:routepoint_id>1170645707</swisstopo:routepoint_id>
				</extensions>
			</trkpt>
			<trkpt lat="47.1153789146" lon="9.4859015209">
				<ele>518.3</ele>
				<extensions>
					<swisstopo:routepoint_id>2017863533</swisstopo:routepoint_id>
				</extensions>
			</trkpt>
			<trkpt lat="47.1153238333" lon="9.4859067321">
				<ele>518.7</ele>
				<extensions>
					<swisstopo:routepoint_id>1249613878</swisstopo:routepoint_id>
				</extensions>
			</trkpt>
			<trkpt lat="47.1152471781" lon="9.4859062653">
				<ele>519.3</ele>
				<extensions>
					<swisstopo:routepoint_id>135769456</swisstopo:routepoint_id>
				</extensions>
			</trkpt>
			<trkpt lat="47.1151756084" lon="9.4859010629">
				<ele>519.9</ele>
				<extensions>
					<swisstopo:routepoint_id>658678763</swisstopo:routepoint_id>
				</extensions>
			</trkpt>
			<trkpt lat="47.1150739381" lon="9.4859020753">
				<ele>520.9</ele>
				<extensions>
					<swisstopo:routepoint_id>1803940787</swisstopo:routepoint_id>
				</extensions>
			</trkpt>
			<trkpt lat="47.1149939566" lon="9.4859014555">
				<ele>521.7</ele>
				<extensions>
					<swisstopo:routepoint_id>439519260</swisstopo:routepoint_id>
				</extensions>
			</trkpt>
			<trkpt lat="47.1149275514" lon="9.4858866967">
				<ele>522.3</ele>
				<extensions>
					<swisstopo:routepoint_id>1430446775</swisstopo:routepoint_id>
				</extensions>
			</trkpt>
			<trkpt lat="47.1148761889" lon="9.4858700902">
				<ele>522.9</ele>
				<extensions>
					<swisstopo:routepoint_id>1674169167</swisstopo:routepoint_id>
				</extensions>
			</trkpt>
			<trkpt lat="47.1148331955" lon="9.4858513613">
				<ele>523.3</ele>
				<extensions>
					<swisstopo:routepoint_id>1073522002</swisstopo:routepoint_id>
				</extensions>
			</trkpt>
			<trkpt lat="47.1147964918" lon="9.4858250980">
				<ele>523.6</ele>
				<extensions>
					<swisstopo:routepoint_id>1838975318</swisstopo:routepoint_id>
				</extensions>
			</trkpt>
			<trkpt lat="47.1147574951" lon="9.4857971930">
				<ele>524.0</ele>
				<extensions>
					<swisstopo:routepoint_id>530751387</swisstopo:routepoint_id>
				</extensions>
			</trkpt>
			<trkpt lat="47.1146894235" lon="9.4857426408">
				<ele>524.7</ele>
				<extensions>
					<swisstopo:routepoint_id>728338641</swisstopo:routepoint_id>
				</extensions>
			</trkpt>
			<trkpt lat="47.1145933479" lon="9.4856831597">
				<ele>525.7</ele>
				<extensions>
					<swisstopo:routepoint_id>1144635381</swisstopo:routepoint_id>
				</extensions>
			</trkpt>
			<trkpt lat="47.1144968738" lon="9.4856459898">
				<ele>526.7</ele>
				<extensions>
					<swisstopo:routepoint_id>965011075</swisstopo:routepoint_id>
				</extensions>
			</trkpt>
			<trkpt lat="47.1143984942" lon="9.4856087472">
				<ele>528.0</ele>
				<extensions>
					<swisstopo:routepoint_id>2062571907</swisstopo:routepoint_id>
				</extensions>
			</trkpt>
			<trkpt lat="47.1142889913" lon="9.4855543396">
				<ele>529.4</ele>
				<extensions>
					<swisstopo:routepoint_id>708880488</swisstopo:routepoint_id>
				</extensions>
			</trkpt>
			<trkpt lat="47.1141703230" lon="9.4854800642">
				<ele>531.1</ele>
				<extensions>
					<swisstopo:routepoint_id>1991770332</swisstopo:routepoint_id>
				</extensions>
			</trkpt>
			<trkpt lat="47.1140683390" lon="9.4854315052">
				<ele>532.5</ele>
				<extensions>
					<swisstopo:routepoint_id>1014509695</swisstopo:routepoint_id>
				</extensions>
			</trkpt>
			<trkpt lat="47.1139623516" lon="9.4853939724">
				<ele>534.0</ele>
				<extensions>
					<swisstopo:routepoint_id>513964047</swisstopo:routepoint_id>
				</extensions>
			</trkpt>
			<trkpt lat="47.1138446868" lon="9.4853699531">
				<ele>535.5</ele>
				<extensions>
					<swisstopo:routepoint_id>1036398752</swisstopo:routepoint_id>
				</extensions>
			</trkpt>
			<trkpt lat="47.1136198542" lon="9.4853752900">
				<ele>538.5</ele>
				<extensions>
					<swisstopo:routepoint_id>172172123</swisstopo:routepoint_id>
				</extensions>
			</trkpt>
			<trkpt lat="47.1134272655" lon="9.4853874718">
				<ele>541.0</ele>
				<extensions>
					<swisstopo:routepoint_id>930582232</swisstopo:routepoint_id>
				</extensions>
			</trkpt>
			<trkpt lat="47.1133145758" lon="9.4854054666">
				<ele>542.5</ele>
				<extensions>
					<swisstopo:routepoint_id>1753231017</swisstopo:routepoint_id>
				</extensions>
			</trkpt>
			<trkpt lat="47.1132474174" lon="9.4854335944">
				<ele>543.4</ele>
				<extensions>
					<swisstopo:routepoint_id>584283243</swisstopo:routepoint_id>
				</extensions>
			</trkpt>
			<trkpt lat="47.1131664853" lon="9.4854863084">
				<ele>544.6</ele>
				<extensions>
					<swisstopo:routepoint_id>1236367945</swisstopo:routepoint_id>
				</extensions>
			</trkpt>
			<trkpt lat="47.1130539566" lon="9.4856019603">
				<ele>546.5</ele>
				<extensions>
					<swisstopo:routepoint_id>1972124649</swisstopo:routepoint_id>
				</extensions>
			</trkpt>
			<trkpt lat="47.1129528964" lon="9.4857152733">
				<ele>548.1</ele>
				<extensions>
					<swisstopo:routepoint_id>1768625768</swisstopo:routepoint_id>
				</extensions>
			</trkpt>
			<trkpt lat="47.1128225524" lon="9.4858693116">
				<ele>550.4</ele>
				<extensions>
					<swisstopo:routepoint_id>185248553</swisstopo:routepoint_id>
				</extensions>
			</trkpt>
			<trkpt lat="47.1127546960" lon="9.4859568049">
				<ele>551.5</ele>
				<extensions>
					<swisstopo:routepoint_id>527714209</swisstopo:routepoint_id>
				</extensions>
			</trkpt>
			<trkpt lat="47.1127017184" lon="9.4860440629">
				<ele>552.7</ele>
				<extensions>
					<swisstopo:routepoint_id>176102825</swisstopo:routepoint_id>
				</extensions>
			</trkpt>
			<trkpt lat="47.1126659692" lon="9.4861263932">
				<ele>553.6</ele>
				<extensions>
					<swisstopo:routepoint_id>609616266</swisstopo:routepoint_id>
				</extensions>
			</trkpt>
			<trkpt lat="47.1126195558" lon="9.4862724906">
				<ele>555.1</ele>
				<extensions>
					<swisstopo:routepoint_id>1043815287</swisstopo:routepoint_id>
				</extensions>
			</trkpt>
			<trkpt lat="47.1125907877" lon="9.4863913471">
				<ele>556.2</ele>
				<extensions>
					<swisstopo:routepoint_id>1819679802</swisstopo:routepoint_id>
				</extensions>
			</trkpt>
			<trkpt lat="47.1125552368" lon="9.4864625313">
				<ele>557.0</ele>
				<extensions>
					<swisstopo:routepoint_id>658012315</swisstopo:routepoint_id>
				</extensions>
			</trkpt>
			<trkpt lat="47.1125180696" lon="9.4865168886">
				<ele>557.6</ele>
				<extensions>
					<swisstopo:routepoint_id>1546222266</swisstopo:routepoint_id>
				</extensions>
			</trkpt>
			<trkpt lat="47.1124579799" lon="9.4865759871">
				<ele>558.4</ele>
				<extensions>
					<swisstopo:routepoint_id>747692809</swisstopo:routepoint_id>
				</extensions>
			</trkpt>
			<trkpt lat="47.1123269099" lon="9.4866630365">
				<ele>560.2</ele>
				<extensions>
					<swisstopo:routepoint_id>1932485891</swisstopo:routepoint_id>
				</extensions>
			</trkpt>
			<trkpt lat="47.1122058597" lon="9.4867225534">
				<ele>561.9</ele>
				<extensions>
					<swisstopo:routepoint_id>1787150519</swisstopo:routepoint_id>
				</extensions>
			</trkpt>
			<trkpt lat="47.1121138385" lon="9.4867708339">
				<ele>563.2</ele>
				<extensions>
					<swisstopo:routepoint_id>90441964</swisstopo:routepoint_id>
				</extensions>
			</trkpt>
			<trkpt lat="47.1118592195" lon="9.4868491099">
				<ele>565.7</ele>
				<extensions>
					<swisstopo:routepoint_id>613955457</swisstopo:routepoint_id>
				</extensions>
			</trkpt>
			<trkpt lat="47.1116707699" lon="9.4869088013">
				<ele>567.3</ele>
				<extensions>
					<swisstopo:routepoint_id>334163366</swisstopo:routepoint_id>
				</extensions>
			</trkpt>
			<trkpt lat="47.1115635206" lon="9.4869264727">
				<ele>568.2</ele>
				<extensions>
					<swisstopo:routepoint_id>129965195</swisstopo:routepoint_id>
				</extensions>
			</trkpt>
			<trkpt lat="47.1114869802" lon="9.4869351667">
				<ele>568.8</ele>
				<extensions>
					<swisstopo:routepoint_id>536271722</swisstopo:routepoint_id>
				</extensions>
			</trkpt>
			<trkpt lat="47.1113803449" lon="9.4869178803">
				<ele>569.7</ele>
				<extensions>
					<swisstopo:routepoint_id>1522321440</swisstopo:routepoint_id>
				</extensions>
			</trkpt>
			<trkpt lat="47.1112960037" lon="9.4869073131">
				<ele>570.4</ele>
				<extensions>
					<swisstopo:routepoint_id>1183908985</swisstopo:routepoint_id>
				</extensions>
			</trkpt>
			<trkpt lat="47.1112256464" lon="9.4869118677">
				<ele>571.0</ele>
				<extensions>
					<swisstopo:routepoint_id>1597490597</swisstopo:routepoint_id>
				</extensions>
			</trkpt>
			<trkpt lat="47.1111830175" lon="9.4869197420">
				<ele>571.4</ele>
				<extensions>
					<swisstopo:routepoint_id>855664187</swisstopo:routepoint_id>
				</extensions>
			</trkpt>
			<trkpt lat="47.1110950729" lon="9.4869387019">
				<ele>572.3</ele>
				<extensions>
					<swisstopo:routepoint_id>122585380</swisstopo:routepoint_id>
				</extensions>
			</trkpt>
			<trkpt lat="47.1109953947" lon="9.4869739552">
				<ele>573.2</ele>
				<extensions>
					<swisstopo:routepoint_id>1004304400</swisstopo:routepoint_id>
				</extensions>
			</trkpt>
			<trkpt lat="47.1109033888" lon="9.4870066928">
				<ele>574.1</ele>
				<extensions>
					<swisstopo:routepoint_id>824580013</swisstopo:routepoint_id>
				</extensions>
			</trkpt>
			<trkpt lat="47.1108593272" lon="9.4870217456">
				<ele>574.6</ele>
				<extensions>
					<swisstopo:routepoint_id>1569997986</swisstopo:routepoint_id>
				</extensions>
			</trkpt>
			<trkpt lat="47.1108078375" lon="9.4870253647">
				<ele>575.1</ele>
				<extensions>
					<swisstopo:routepoint_id>164154162</swisstopo:routepoint_id>
				</extensions>
			</trkpt>
			<trkpt lat="47.1107625568" lon="9.4870013038">
				<ele>575.7</ele>
				<extensions>
					<swisstopo:routepoint_id>1098731245</swisstopo:routepoint_id>
				</extensions>
			</trkpt>
			<trkpt lat="47.1107407041" lon="9.4869590423">
				<ele>576.3</ele>
				<extensions>
					<swisstopo:routepoint_id>1915512946</swisstopo:routepoint_id>
				</extensions>
			</trkpt>
			<trkpt lat="47.1106525265" lon="9.4869331173">
				<ele>577.2</ele>
				<extensions>
					<swisstopo:routepoint_id>1656054238</swisstopo:routepoint_id>
				</extensions>
			</trkpt>
			<trkpt lat="47.1105246458" lon="9.4868950904">
				<ele>579.1</ele>
				<extensions>
					<swisstopo:routepoint_id>312376158</swisstopo:routepoint_id>
				</extensions>
			</trkpt>
			<trkpt lat="47.1103965725" lon="9.4868675175">
				<ele>580.8</ele>
				<extensions>
					<swisstopo:routepoint_id>663289105</swisstopo:routepoint_id>
				</extensions>
			</trkpt>
			<trkpt lat="47.1102943303" lon="9.4868601271">
				<ele>582.0</ele>
				<extensions>
					<swisstopo:routepoint_id>377098086</swisstopo:routepoint_id>
				</extensions>
			</trkpt>
			<trkpt lat="47.1101917799" lon="9.4868701489">
				<ele>584.0</ele>
				<extensions>
					<swisstopo:routepoint_id>854952709</swisstopo:routepoint_id>
				</extensions>
			</trkpt>
			<trkpt lat="47.1101401588" lon="9.4868943341">
				<ele>585.0</ele>
				<extensions>
					<swisstopo:routepoint_id>1591849005</swisstopo:routepoint_id>
				</extensions>
			</trkpt>
			<trkpt lat="47.1101086770" lon="9.4869245124">
				<ele>586.1</ele>
				<extensions>
					<swisstopo:routepoint_id>2109374183</swisstopo:routepoint_id>
				</extensions>
			</trkpt>
			<trkpt lat="47.1100693562" lon="9.4869264863">
				<ele>586.9</ele>
				<extensions>
					<swisstopo:routepoint_id>584176660</swisstopo:routepoint_id>
				</extensions>
			</trkpt>
			<trkpt lat="47.1100191154" lon="9.4869402632">
				<ele>587.6</ele>
				<extensions>
					<swisstopo:routepoint_id>743674600</swisstopo:routepoint_id>
				</extensions>
			</trkpt>
			<trkpt lat="47.1098846005" lon="9.4869403481">
				<ele>589.4</ele>
				<extensions>
					<swisstopo:routepoint_id>324204777</swisstopo:routepoint_id>
				</extensions>
			</trkpt>
			<trkpt lat="47.1098045845" lon="9.4869547232">
				<ele>590.2</ele>
				<extensions>
					<swisstopo:routepoint_id>337084909</swisstopo:routepoint_id>
				</extensions>
			</trkpt>
			<trkpt lat="47.1097378169" lon="9.4869608790">
				<ele>590.6</ele>
				<extensions>
					<swisstopo:routepoint_id>1065264964</swisstopo:routepoint_id>
				</extensions>
			</trkpt>
			<trkpt lat="47.1096487231" lon="9.4869504968">
				<ele>591.1</ele>
				<extensions>
					<swisstopo:routepoint_id>1712734936</swisstopo:routepoint_id>
				</extensions>
			</trkpt>
			<trkpt lat="47.1095645706" lon="9.4869298401">
				<ele>591.8</ele>
				<extensions>
					<swisstopo:routepoint_id>1004143466</swisstopo:routepoint_id>
				</extensions>
			</trkpt>
			<trkpt lat="47.1094748610" lon="9.4869125827">
				<ele>592.6</ele>
				<extensions>
					<swisstopo:routepoint_id>79151337</swisstopo:routepoint_id>
				</extensions>
			</trkpt>
			<trkpt lat="47.1094108475" lon="9.4868979301">
				<ele>592.4</ele>
				<extensions>
					<swisstopo:routepoint_id>1206694515</swisstopo:routepoint_id>
				</extensions>
			</trkpt>
			<trkpt lat="47.1092579798" lon="9.4868589448">
				<ele>591.6</ele>
				<extensions>
					<swisstopo:routepoint_id>536080240</swisstopo:routepoint_id>
				</extensions>
			</trkpt>
			<trkpt lat="47.1091322237" lon="9.4868349589">
				<ele>590.6</ele>
				<extensions>
					<swisstopo:routepoint_id>272444292</swisstopo:routepoint_id>
				</extensions>
			</trkpt>
			<trkpt lat="47.1090241030" lon="9.4868238495">
				<ele>589.3</ele>
				<extensions>
					<swisstopo:routepoint_id>1767246907</swisstopo:routepoint_id>
				</extensions>
			</trkpt>
			<trkpt lat="47.1089349143" lon="9.4868186833">
				<ele>588.8</ele>
				<extensions>
					<swisstopo:routepoint_id>1626274268</swisstopo:routepoint_id>
				</extensions>
			</trkpt>
			<trkpt lat="47.1088039376" lon="9.4868206575">
				<ele>588.4</ele>
				<extensions>
					<swisstopo:routepoint_id>931690935</swisstopo:routepoint_id>
				</extensions>
			</trkpt>
			<trkpt lat="47.1086335780" lon="9.4868280846">
				<ele>589.3</ele>
				<extensions>
					<swisstopo:routepoint_id>840802885</swisstopo:routepoint_id>
				</extensions>
			</trkpt>
			<trkpt lat="47.1085011259" lon="9.4868456853">
				<ele>589.9</ele>
				<extensions>
					<swisstopo:routepoint_id>917844698</swisstopo:routepoint_id>
				</extensions>
			</trkpt>
			<trkpt lat="47.1084191713" lon="9.4868355769">
				<ele>590.2</ele>
				<extensions>
					<swisstopo:routepoint_id>1210960931</swisstopo:routepoint_id>
				</extensions>
			</trkpt>
			<trkpt lat="47.1083370615" lon="9.4868341762">
				<ele>590.7</ele>
				<extensions>
					<swisstopo:routepoint_id>1840133454</swisstopo:routepoint_id>
				</extensions>
			</trkpt>
			<trkpt lat="47.1082901732" lon="9.4868602824">
				<ele>591.0</ele>
				<extensions>
					<swisstopo:routepoint_id>402850514</swisstopo:routepoint_id>
				</extensions>
			</trkpt>
			<trkpt lat="47.1082607877" lon="9.4869062225">
				<ele>591.6</ele>
				<extensions>
					<swisstopo:routepoint_id>1230351811</swisstopo:routepoint_id>
				</extensions>
			</trkpt>
			<trkpt lat="47.1082415096" lon="9.4869856941">
				<ele>592.2</ele>
				<extensions>
					<swisstopo:routepoint_id>2072042909</swisstopo:routepoint_id>
				</extensions>
			</trkpt>
			<trkpt lat="47.1082373774" lon="9.4870990385">
				<ele>593.1</ele>
				<extensions>
					<swisstopo:routepoint_id>1334714032</swisstopo:routepoint_id>
				</extensions>
			</trkpt>
			<trkpt lat="47.1082517943" lon="9.4872262303">
				<ele>594.1</ele>
				<extensions>
					<swisstopo:routepoint_id>513344233</swisstopo:routepoint_id>
				</extensions>
			</trkpt>
			<trkpt lat="47.1082447933" lon="9.4873296734">
				<ele>594.8</ele>
				<extensions>
					<swisstopo:routepoint_id>2107776735</swisstopo:routepoint_id>
				</extensions>
			</trkpt>
			<trkpt lat="47.1082100241" lon="9.4874751862">
				<ele>595.9</ele>
				<extensions>
					<swisstopo:routepoint_id>32196476</swisstopo:routepoint_id>
				</extensions>
			</trkpt>
			<trkpt lat="47.1081704954" lon="9.4876483685">
				<ele>597.4</ele>
				<extensions>
					<swisstopo:routepoint_id>103242636</swisstopo:routepoint_id>
				</extensions>
			</trkpt>
			<trkpt lat="47.1081390744" lon="9.4877630105">
				<ele>598.3</ele>
				<extensions>
					<swisstopo:routepoint_id>1160953154</swisstopo:routepoint_id>
				</extensions>
			</trkpt>
			<trkpt lat="47.1081175528" lon="9.4878416336">
				<ele>598.6</ele>
				<extensions>
					<swisstopo:routepoint_id>1752605858</swisstopo:routepoint_id>
				</extensions>
			</trkpt>
			<trkpt lat="47.1080370684" lon="9.4879752375">
				<ele>598.5</ele>
				<extensions>
					<swisstopo:routepoint_id>257311667</swisstopo:routepoint_id>
				</extensions>
			</trkpt>
			<trkpt lat="47.1079642873" lon="9.4880224789">
				<ele>598.2</ele>
				<extensions>
					<swisstopo:routepoint_id>1677421469</swisstopo:routepoint_id>
				</extensions>
			</trkpt>
			<trkpt lat="47.1078562854" lon="9.4880706531">
				<ele>597.4</ele>
				<extensions>
					<swisstopo:routepoint_id>1473707760</swisstopo:routepoint_id>
				</extensions>
			</trkpt>
			<trkpt lat="47.1076431843" lon="9.4881392122">
				<ele>595.4</ele>
				<extensions>
					<swisstopo:routepoint_id>102945085</swisstopo:routepoint_id>
				</extensions>
			</trkpt>
			<trkpt lat="47.1073466451" lon="9.4882540371">
				<ele>593.4</ele>
				<extensions>
					<swisstopo:routepoint_id>1409855269</swisstopo:routepoint_id>
				</extensions>
			</trkpt>
			<trkpt lat="47.1073208587" lon="9.4882640283">
				<ele>593.4</ele>
				<extensions>
					<swisstopo:routepoint_id>1088966829</swisstopo:routepoint_id>
				</extensions>
			</trkpt>
			<trkpt lat="47.1073036708" lon="9.4882706835">
				<ele>594.2</ele>
				<extensions>
					<swisstopo:routepoint_id>1122679853</swisstopo:routepoint_id>
				</extensions>
			</trkpt>
			<trkpt lat="47.1072907766" lon="9.4882756726">
				<ele>593.7</ele>
				<extensions>
					<swisstopo:routepoint_id>1766403083</swisstopo:routepoint_id>
				</extensions>
			</trkpt>
			<trkpt lat="47.1072347643" lon="9.4882927981">
				<ele>592.2</ele>
				<extensions>
					<swisstopo:routepoint_id>1176640437</swisstopo:routepoint_id>
				</extensions>
			</trkpt>
			<trkpt lat="47.1071184219" lon="9.4883283416">
				<ele>591.3</ele>
				<extensions>
					<swisstopo:routepoint_id>1195004683</swisstopo:routepoint_id>
				</extensions>
			</trkpt>
			<trkpt lat="47.1070249513" lon="9.4883631130">
				<ele>591.0</ele>
				<extensions>
					<swisstopo:routepoint_id>805297611</swisstopo:routepoint_id>
				</extensions>
			</trkpt>
			<trkpt lat="47.1069575311" lon="9.4884058703">
				<ele>591.2</ele>
				<extensions>
					<swisstopo:routepoint_id>56523655</swisstopo:routepoint_id>
				</extensions>
			</trkpt>
			<trkpt lat="47.1068439750" lon="9.4884991655">
				<ele>591.0</ele>
				<extensions>
					<swisstopo:routepoint_id>1134245782</swisstopo:routepoint_id>
				</extensions>
			</trkpt>
			<trkpt lat="47.1067973941" lon="9.4885337691">
				<ele>591.7</ele>
				<extensions>
					<swisstopo:routepoint_id>420696758</swisstopo:routepoint_id>
				</extensions>
			</trkpt>
			<trkpt lat="47.1067547004" lon="9.4885654777">
				<ele>591.3</ele>
				<extensions>
					<swisstopo:routepoint_id>1559113236</swisstopo:routepoint_id>
				</extensions>
			</trkpt>
			<trkpt lat="47.1066414551" lon="9.4886413356">
				<ele>591.4</ele>
				<extensions>
					<swisstopo:routepoint_id>7886929</swisstopo:routepoint_id>
				</extensions>
			</trkpt>
			<trkpt lat="47.1065349390" lon="9.4886895771">
				<ele>592.0</ele>
				<extensions>
					<swisstopo:routepoint_id>764595111</swisstopo:routepoint_id>
				</extensions>
			</trkpt>
			<trkpt lat="47.1065093745" lon="9.4887011595">
				<ele>591.4</ele>
				<extensions>
					<swisstopo:routepoint_id>915029154</swisstopo:routepoint_id>
				</extensions>
			</trkpt>
			<trkpt lat="47.1064710315" lon="9.4887185231">
				<ele>591.4</ele>
				<extensions>
					<swisstopo:routepoint_id>1171223308</swisstopo:routepoint_id>
				</extensions>
			</trkpt>
			<trkpt lat="47.1063190857" lon="9.4887958101">
				<ele>590.4</ele>
				<extensions>
					<swisstopo:routepoint_id>1697280687</swisstopo:routepoint_id>
				</extensions>
			</trkpt>
			<trkpt lat="47.1061587062" lon="9.4888774002">
				<ele>590.3</ele>
				<extensions>
					<swisstopo:routepoint_id>1446748803</swisstopo:routepoint_id>
				</extensions>
			</trkpt>
			<trkpt lat="47.1060903335" lon="9.4889093762">
				<ele>590.6</ele>
				<extensions>
					<swisstopo:routepoint_id>618635990</swisstopo:routepoint_id>
				</extensions>
			</trkpt>
			<trkpt lat="47.1060646915" lon="9.4889213640">
				<ele>591.8</ele>
				<extensions>
					<swisstopo:routepoint_id>1588512842</swisstopo:routepoint_id>
				</extensions>
			</trkpt>
			<trkpt lat="47.1060305003" lon="9.4889373584">
				<ele>591.3</ele>
				<extensions>
					<swisstopo:routepoint_id>1831850662</swisstopo:routepoint_id>
				</extensions>
			</trkpt>
			<trkpt lat="47.1059963207" lon="9.4889533403">
				<ele>592.2</ele>
				<extensions>
					<swisstopo:routepoint_id>782080786</swisstopo:routepoint_id>
				</extensions>
			</trkpt>
			<trkpt lat="47.1059450343" lon="9.4889773251">
				<ele>591.4</ele>
				<extensions>
					<swisstopo:routepoint_id>757996970</swisstopo:routepoint_id>
				</extensions>
			</trkpt>
			<trkpt lat="47.1057073215" lon="9.4890902573">
				<ele>594.0</ele>
				<extensions>
					<swisstopo:routepoint_id>1043440796</swisstopo:routepoint_id>
				</extensions>
			</trkpt>
			<trkpt lat="47.1056039715" lon="9.4891455904">
				<ele>595.2</ele>
				<extensions>
					<swisstopo:routepoint_id>1590454715</swisstopo:routepoint_id>
				</extensions>
			</trkpt>
			<trkpt lat="47.1055004803" lon="9.4892078615">
				<ele>596.4</ele>
				<extensions>
					<swisstopo:routepoint_id>2004089009</swisstopo:routepoint_id>
				</extensions>
			</trkpt>
			<trkpt lat="47.1053876694" lon="9.4892593410">
				<ele>597.7</ele>
				<extensions>
					<swisstopo:routepoint_id>1449194748</swisstopo:routepoint_id>
				</extensions>
			</trkpt>
			<trkpt lat="47.1051960300" lon="9.4893252201">
				<ele>600.3</ele>
				<extensions>
					<swisstopo:routepoint_id>1952460244</swisstopo:routepoint_id>
				</extensions>
			</trkpt>
			<trkpt lat="47.1050499758" lon="9.4893719315">
				<ele>602.5</ele>
				<extensions>
					<swisstopo:routepoint_id>1913263825</swisstopo:routepoint_id>
				</extensions>
			</trkpt>
			<trkpt lat="47.1048891354" lon="9.4894459619">
				<ele>605.2</ele>
				<extensions>
					<swisstopo:routepoint_id>894909338</swisstopo:routepoint_id>
				</extensions>
			</trkpt>
			<trkpt lat="47.1048100670" lon="9.4894743127">
				<ele>606.6</ele>
				<extensions>
					<swisstopo:routepoint_id>838884099</swisstopo:routepoint_id>
				</extensions>
			</trkpt>
			<trkpt lat="47.1047195282" lon="9.4894778292">
				<ele>608.0</ele>
				<extensions>
					<swisstopo:routepoint_id>1914475300</swisstopo:routepoint_id>
				</extensions>
			</trkpt>
			<trkpt lat="47.1046208748" lon="9.4894872287">
				<ele>609.0</ele>
				<extensions>
					<swisstopo:routepoint_id>232277757</swisstopo:routepoint_id>
				</extensions>
			</trkpt>
			<trkpt lat="47.1045395941" lon="9.4895038827">
				<ele>609.5</ele>
				<extensions>
					<swisstopo:routepoint_id>1389291484</swisstopo:routepoint_id>
				</extensions>
			</trkpt>
			<trkpt lat="47.1042931719" lon="9.4895446501">
				<ele>611.2</ele>
				<extensions>
					<swisstopo:routepoint_id>792531854</swisstopo:routepoint_id>
				</extensions>
			</trkpt>
			<trkpt lat="47.1041375222" lon="9.4895743490">
				<ele>610.1</ele>
				<extensions>
					<swisstopo:routepoint_id>1241235716</swisstopo:routepoint_id>
				</extensions>
			</trkpt>
			<trkpt lat="47.1041063905" lon="9.4895802989">
				<ele>608.9</ele>
				<extensions>
					<swisstopo:routepoint_id>299701933</swisstopo:routepoint_id>
				</extensions>
			</trkpt>
			<trkpt lat="47.1040619224" lon="9.4895887816">
				<ele>609.4</ele>
				<extensions>
					<swisstopo:routepoint_id>320345166</swisstopo:routepoint_id>
				</extensions>
			</trkpt>
			<trkpt lat="47.1040062026" lon="9.4896136378">
				<ele>608.7</ele>
				<extensions>
					<swisstopo:routepoint_id>1085707675</swisstopo:routepoint_id>
				</extensions>
			</trkpt>
			<trkpt lat="47.1038776123" lon="9.4896709936">
				<ele>608.8</ele>
				<extensions>
					<swisstopo:routepoint_id>1816232419</swisstopo:routepoint_id>
				</extensions>
			</trkpt>
			<trkpt lat="47.1038057090" lon="9.4897168792">
				<ele>609.1</ele>
				<extensions>
					<swisstopo:routepoint_id>839833329</swisstopo:routepoint_id>
				</extensions>
			</trkpt>
			<trkpt lat="47.1036972937" lon="9.4898073871">
				<ele>610.2</ele>
				<extensions>
					<swisstopo:routepoint_id>1730865313</swisstopo:routepoint_id>
				</extensions>
			</trkpt>
			<trkpt lat="47.1035638809" lon="9.4898975126">
				<ele>612.0</ele>
				<extensions>
					<swisstopo:routepoint_id>2140175788</swisstopo:routepoint_id>
				</extensions>
			</trkpt>
			<trkpt lat="47.1033759702" lon="9.4899793336">
				<ele>613.8</ele>
				<extensions>
					<swisstopo:routepoint_id>913066629</swisstopo:routepoint_id>
				</extensions>
			</trkpt>
			<trkpt lat="47.1032077333" lon="9.4900230296">
				<ele>614.5</ele>
				<extensions>
					<swisstopo:routepoint_id>139710400</swisstopo:routepoint_id>
				</extensions>
			</trkpt>
			<trkpt lat="47.1031820509" lon="9.4900327207">
				<ele>614.7</ele>
				<extensions>
					<swisstopo:routepoint_id>1707824486</swisstopo:routepoint_id>
				</extensions>
			</trkpt>
			<trkpt lat="47.1030493704" lon="9.4900827753">
				<ele>613.2</ele>
				<extensions>
					<swisstopo:routepoint_id>284908007</swisstopo:routepoint_id>
				</extensions>
			</trkpt>
			<trkpt lat="47.1027919428" lon="9.4901154888">
				<ele>609.7</ele>
				<extensions>
					<swisstopo:routepoint_id>1145886729</swisstopo:routepoint_id>
				</extensions>
			</trkpt>
			<trkpt lat="47.1025582532" lon="9.4901955248">
				<ele>607.3</ele>
				<extensions>
					<swisstopo:routepoint_id>1974802502</swisstopo:routepoint_id>
				</extensions>
			</trkpt>
			<trkpt lat="47.1023837934" lon="9.4902551896">
				<ele>605.9</ele>
				<extensions>
					<swisstopo:routepoint_id>638600023</swisstopo:routepoint_id>
				</extensions>
			</trkpt>
			<trkpt lat="47.1023130404" lon="9.4902602286">
				<ele>605.6</ele>
				<extensions>
					<swisstopo:routepoint_id>67374456</swisstopo:routepoint_id>
				</extensions>
			</trkpt>
			<trkpt lat="47.1022269623" lon="9.4902427355">
				<ele>605.5</ele>
				<extensions>
					<swisstopo:routepoint_id>17636706</swisstopo:routepoint_id>
				</extensions>
			</trkpt>
			<trkpt lat="47.1021328954" lon="9.4902094287">
				<ele>605.9</ele>
				<extensions>
					<swisstopo:routepoint_id>1826901816</swisstopo:routepoint_id>
				</extensions>
			</trkpt>
			<trkpt lat="47.1019329893" lon="9.4900985711">
				<ele>605.9</ele>
				<extensions>
					<swisstopo:routepoint_id>912664670</swisstopo:routepoint_id>
				</extensions>
			</trkpt>
			<trkpt lat="47.1017863857" lon="9.4899903777">
				<ele>606.0</ele>
				<extensions>
					<swisstopo:routepoint_id>1429197195</swisstopo:routepoint_id>
				</extensions>
			</trkpt>
			<trkpt lat="47.1017427967" lon="9.4899582144">
				<ele>605.5</ele>
				<extensions>
					<swisstopo:routepoint_id>503766867</swisstopo:routepoint_id>
				</extensions>
			</trkpt>
			<trkpt lat="47.1016291358" lon="9.4898414521">
				<ele>606.0</ele>
				<extensions>
					<swisstopo:routepoint_id>32867678</swisstopo:routepoint_id>
				</extensions>
			</trkpt>
			<trkpt lat="47.1016181358" lon="9.4898301467">
				<ele>605.5</ele>
				<extensions>
					<swisstopo:routepoint_id>898375105</swisstopo:routepoint_id>
				</extensions>
			</trkpt>
			<trkpt lat="47.1015825385" lon="9.4897711555">
				<ele>606.7</ele>
				<extensions>
					<swisstopo:routepoint_id>65601088</swisstopo:routepoint_id>
				</extensions>
			</trkpt>
			<trkpt lat="47.1014698106" lon="9.4895843356">
				<ele>607.2</ele>
				<extensions>
					<swisstopo:routepoint_id>152053974</swisstopo:routepoint_id>
				</extensions>
			</trkpt>
			<trkpt lat="47.1014213157" lon="9.4895034109">
				<ele>606.9</ele>
				<extensions>
					<swisstopo:routepoint_id>2143659499</swisstopo:routepoint_id>
				</extensions>
			</trkpt>
			<trkpt lat="47.1014127612" lon="9.4894891301">
				<ele>607.3</ele>
				<extensions>
					<swisstopo:routepoint_id>793215604</swisstopo:routepoint_id>
				</extensions>
			</trkpt>
			<trkpt lat="47.1014013845" lon="9.4894701245">
				<ele>607.7</ele>
				<extensions>
					<swisstopo:routepoint_id>366883963</swisstopo:routepoint_id>
				</extensions>
			</trkpt>
			<trkpt lat="47.1013778969" lon="9.4894126786">
				<ele>607.8</ele>
				<extensions>
					<swisstopo:routepoint_id>1680877864</swisstopo:routepoint_id>
				</extensions>
			</trkpt>
			<trkpt lat="47.1012681459" lon="9.4891442634">
				<ele>609.0</ele>
				<extensions>
					<swisstopo:routepoint_id>2091107917</swisstopo:routepoint_id>
				</extensions>
			</trkpt>
			<trkpt lat="47.1012501688" lon="9.4891003127">
				<ele>609.3</ele>
				<extensions>
					<swisstopo:routepoint_id>881631510</swisstopo:routepoint_id>
				</extensions>
			</trkpt>
			<trkpt lat="47.1011823802" lon="9.4889345617">
				<ele>610.0</ele>
				<extensions>
					<swisstopo:routepoint_id>110448474</swisstopo:routepoint_id>
				</extensions>
			</trkpt>
			<trkpt lat="47.1011502504" lon="9.4888768497">
				<ele>610.2</ele>
				<extensions>
					<swisstopo:routepoint_id>601562650</swisstopo:routepoint_id>
				</extensions>
			</trkpt>
			<trkpt lat="47.1010919383" lon="9.4887721098">
				<ele>610.7</ele>
				<extensions>
					<swisstopo:routepoint_id>1476326984</swisstopo:routepoint_id>
				</extensions>
			</trkpt>
			<trkpt lat="47.1010846254" lon="9.4887629727">
				<ele>610.7</ele>
				<extensions>
					<swisstopo:routepoint_id>369607844</swisstopo:routepoint_id>
				</extensions>
			</trkpt>
			<trkpt lat="47.1010584474" lon="9.4887302390">
				<ele>610.9</ele>
				<extensions>
					<swisstopo:routepoint_id>1378694482</swisstopo:routepoint_id>
				</extensions>
			</trkpt>
			<trkpt lat="47.1010136893" lon="9.4886742860">
				<ele>611.3</ele>
				<extensions>
					<swisstopo:routepoint_id>659647128</swisstopo:routepoint_id>
				</extensions>
			</trkpt>
			<trkpt lat="47.1010146128" lon="9.4886717492">
				<ele>611.3</ele>
				<extensions>
					<swisstopo:routepoint_id>34925918</swisstopo:routepoint_id>
				</extensions>
			</trkpt>
			<trkpt lat="47.1009184631" lon="9.4885966699">
				<ele>612.1</ele>
				<extensions>
					<swisstopo:routepoint_id>314962939</swisstopo:routepoint_id>
				</extensions>
			</trkpt>
			<trkpt lat="47.1007185579" lon="9.4884858229">
				<ele>613.6</ele>
				<extensions>
					<swisstopo:routepoint_id>52277966</swisstopo:routepoint_id>
				</extensions>
			</trkpt>
			<trkpt lat="47.1005809465" lon="9.4884052449">
				<ele>614.6</ele>
				<extensions>
					<swisstopo:routepoint_id>1038543426</swisstopo:routepoint_id>
				</extensions>
			</trkpt>
			<trkpt lat="47.1004794604" lon="9.4883288309">
				<ele>615.2</ele>
				<extensions>
					<swisstopo:routepoint_id>761589878</swisstopo:routepoint_id>
				</extensions>
			</trkpt>
			<trkpt lat="47.1003803370" lon="9.4882274045">
				<ele>616.1</ele>
				<extensions>
					<swisstopo:routepoint_id>296990158</swisstopo:routepoint_id>
				</extensions>
			</trkpt>
			<trkpt lat="47.1003225643" lon="9.4881554712">
				<ele>616.8</ele>
				<extensions>
					<swisstopo:routepoint_id>1677551603</swisstopo:routepoint_id>
				</extensions>
			</trkpt>
			<trkpt lat="47.1002591003" lon="9.4880833200">
				<ele>617.5</ele>
				<extensions>
					<swisstopo:routepoint_id>1314885719</swisstopo:routepoint_id>
				</extensions>
			</trkpt>
			<trkpt lat="47.1001950899" lon="9.4880418120">
				<ele>618.1</ele>
				<extensions>
					<swisstopo:routepoint_id>1074267264</swisstopo:routepoint_id>
				</extensions>
			</trkpt>
			<trkpt lat="47.1001814250" lon="9.4880375729">
				<ele>618.1</ele>
				<extensions>
					<swisstopo:routepoint_id>1304116878</swisstopo:routepoint_id>
				</extensions>
			</trkpt>
			<trkpt lat="47.1001439489" lon="9.4880258999">
				<ele>618.4</ele>
				<extensions>
					<swisstopo:routepoint_id>1838861265</swisstopo:routepoint_id>
				</extensions>
			</trkpt>
			<trkpt lat="47.1000849842" lon="9.4880208622">
				<ele>618.6</ele>
				<extensions>
					<swisstopo:routepoint_id>918287401</swisstopo:routepoint_id>
				</extensions>
			</trkpt>
			<trkpt lat="47.1000203274" lon="9.4880156071">
				<ele>618.6</ele>
				<extensions>
					<swisstopo:routepoint_id>1467401707</swisstopo:routepoint_id>
				</extensions>
			</trkpt>
			<trkpt lat="47.0999577174" lon="9.4880020363">
				<ele>617.9</ele>
				<extensions>
					<swisstopo:routepoint_id>2129427166</swisstopo:routepoint_id>
				</extensions>
			</trkpt>
			<trkpt lat="47.0999029125" lon="9.4879776426">
				<ele>616.9</ele>
				<extensions>
					<swisstopo:routepoint_id>750666292</swisstopo:routepoint_id>
				</extensions>
			</trkpt>
			<trkpt lat="47.0998652378" lon="9.4879538783">
				<ele>616.1</ele>
				<extensions>
					<swisstopo:routepoint_id>87952604</swisstopo:routepoint_id>
				</extensions>
			</trkpt>
			<trkpt lat="47.0998129951" lon="9.4878933054">
				<ele>614.7</ele>
				<extensions>
					<swisstopo:routepoint_id>220286176</swisstopo:routepoint_id>
				</extensions>
			</trkpt>
			<trkpt lat="47.0997351108" lon="9.4878098378">
				<ele>613.0</ele>
				<extensions>
					<swisstopo:routepoint_id>206877867</swisstopo:routepoint_id>
				</extensions>
			</trkpt>
			<trkpt lat="47.0996997135" lon="9.4877718897">
				<ele>612.8</ele>
				<extensions>
					<swisstopo:routepoint_id>799616799</swisstopo:routepoint_id>
				</extensions>
			</trkpt>
			<trkpt lat="47.0996690404" lon="9.4876758920">
				<ele>612.8</ele>
				<extensions>
					<swisstopo:routepoint_id>1875374374</swisstopo:routepoint_id>
				</extensions>
			</trkpt>
			<trkpt lat="47.0996055174" lon="9.4875005225">
				<ele>612.9</ele>
				<extensions>
					<swisstopo:routepoint_id>774800305</swisstopo:routepoint_id>
				</extensions>
			</trkpt>
			<trkpt lat="47.0995049964" lon="9.4872623845">
				<ele>613.2</ele>
				<extensions>
					<swisstopo:routepoint_id>162956890</swisstopo:routepoint_id>
				</extensions>
			</trkpt>
			<trkpt lat="47.0994301023" lon="9.4870838007">
				<ele>613.4</ele>
				<extensions>
					<swisstopo:routepoint_id>1925040256</swisstopo:routepoint_id>
				</extensions>
			</trkpt>
			<trkpt lat="47.0993383582" lon="9.4868878378">
				<ele>613.8</ele>
				<extensions>
					<swisstopo:routepoint_id>2136993012</swisstopo:routepoint_id>
				</extensions>
			</trkpt>
			<trkpt lat="47.0992600322" lon="9.4867402219">
				<ele>614.3</ele>
				<extensions>
					<swisstopo:routepoint_id>1244254493</swisstopo:routepoint_id>
				</extensions>
			</trkpt>
			<trkpt lat="47.0992006139" lon="9.4866929491">
				<ele>614.4</ele>
				<extensions>
					<swisstopo:routepoint_id>1135210863</swisstopo:routepoint_id>
				</extensions>
			</trkpt>
			<trkpt lat="47.0991332866" lon="9.4866234338">
				<ele>614.4</ele>
				<extensions>
					<swisstopo:routepoint_id>970121441</swisstopo:routepoint_id>
				</extensions>
			</trkpt>
			<trkpt lat="47.0990881035" lon="9.4865938228">
				<ele>614.5</ele>
				<extensions>
					<swisstopo:routepoint_id>794934604</swisstopo:routepoint_id>
				</extensions>
			</trkpt>
			<trkpt lat="47.0990427725" lon="9.4865725474">
				<ele>614.5</ele>
				<extensions>
					<swisstopo:routepoint_id>1819026128</swisstopo:routepoint_id>
				</extensions>
			</trkpt>
			<trkpt lat="47.0989820767" lon="9.4865590780">
				<ele>614.6</ele>
				<extensions>
					<swisstopo:routepoint_id>1185715463</swisstopo:routepoint_id>
				</extensions>
			</trkpt>
			<trkpt lat="47.0988603528" lon="9.4865488355">
				<ele>614.7</ele>
				<extensions>
					<swisstopo:routepoint_id>663468841</swisstopo:routepoint_id>
				</extensions>
			</trkpt>
			<trkpt lat="47.0987518641" lon="9.4865446861">
				<ele>614.4</ele>
				<extensions>
					<swisstopo:routepoint_id>529531487</swisstopo:routepoint_id>
				</extensions>
			</trkpt>
			<trkpt lat="47.0987359259" lon="9.4864771370">
				<ele>614.2</ele>
				<extensions>
					<swisstopo:routepoint_id>116943956</swisstopo:routepoint_id>
				</extensions>
			</trkpt>
			<trkpt lat="47.0987276130" lon="9.4864098797">
				<ele>613.9</ele>
				<extensions>
					<swisstopo:routepoint_id>377065579</swisstopo:routepoint_id>
				</extensions>
			</trkpt>
			<trkpt lat="47.0987229959" lon="9.4863483508">
				<ele>613.5</ele>
				<extensions>
					<swisstopo:routepoint_id>80263985</swisstopo:routepoint_id>
				</extensions>
			</trkpt>
			<trkpt lat="47.0987306418" lon="9.4862398667">
				<ele>612.8</ele>
				<extensions>
					<swisstopo:routepoint_id>187320241</swisstopo:routepoint_id>
				</extensions>
			</trkpt>
			<trkpt lat="47.0987465408" lon="9.4860954479">
				<ele>611.8</ele>
				<extensions>
					<swisstopo:routepoint_id>316249738</swisstopo:routepoint_id>
				</extensions>
			</trkpt>
			<trkpt lat="47.0987655174" lon="9.4857782111">
				<ele>609.5</ele>
				<extensions>
					<swisstopo:routepoint_id>1394407407</swisstopo:routepoint_id>
				</extensions>
			</trkpt>
			<trkpt lat="47.0987807388" lon="9.4856727969">
				<ele>609.1</ele>
				<extensions>
					<swisstopo:routepoint_id>850541177</swisstopo:routepoint_id>
				</extensions>
			</trkpt>
			<trkpt lat="47.0988053164" lon="9.4855761076">
				<ele>608.9</ele>
				<extensions>
					<swisstopo:routepoint_id>1066701019</swisstopo:routepoint_id>
				</extensions>
			</trkpt>
			<trkpt lat="47.0988199233" lon="9.4855041658">
				<ele>609.0</ele>
				<extensions>
					<swisstopo:routepoint_id>1788121191</swisstopo:routepoint_id>
				</extensions>
			</trkpt>
			<trkpt lat="47.0988290197" lon="9.4854208390">
				<ele>609.3</ele>
				<extensions>
					<swisstopo:routepoint_id>434407392</swisstopo:routepoint_id>
				</extensions>
			</trkpt>
			<trkpt lat="47.0988171423" lon="9.4853394911">
				<ele>610.1</ele>
				<extensions>
					<swisstopo:routepoint_id>1491138726</swisstopo:routepoint_id>
				</extensions>
			</trkpt>
			<trkpt lat="47.0988012805" lon="9.4852337454">
				<ele>610.6</ele>
				<extensions>
					<swisstopo:routepoint_id>403468615</swisstopo:routepoint_id>
				</extensions>
			</trkpt>
			<trkpt lat="47.0987265694" lon="9.4852595216">
				<ele>609.9</ele>
				<extensions>
					<swisstopo:routepoint_id>432408409</swisstopo:routepoint_id>
				</extensions>
			</trkpt>
			<trkpt lat="47.0986536601" lon="9.4852902050">
				<ele>609.4</ele>
				<extensions>
					<swisstopo:routepoint_id>2083239471</swisstopo:routepoint_id>
				</extensions>
			</trkpt>
			<trkpt lat="47.0985978126" lon="9.4853243212">
				<ele>609.0</ele>
				<extensions>
					<swisstopo:routepoint_id>1446643994</swisstopo:routepoint_id>
				</extensions>
			</trkpt>
			<trkpt lat="47.0985360571" lon="9.4853693846">
				<ele>608.6</ele>
				<extensions>
					<swisstopo:routepoint_id>1968942831</swisstopo:routepoint_id>
				</extensions>
			</trkpt>
			<trkpt lat="47.0984123660" lon="9.4854706258">
				<ele>607.8</ele>
				<extensions>
					<swisstopo:routepoint_id>2034649316</swisstopo:routepoint_id>
				</extensions>
			</trkpt>
			<trkpt lat="47.0983292878" lon="9.4855371955">
				<ele>607.3</ele>
				<extensions>
					<swisstopo:routepoint_id>1769268354</swisstopo:routepoint_id>
				</extensions>
			</trkpt>
			<trkpt lat="47.0982658336" lon="9.4855710196">
				<ele>606.9</ele>
				<extensions>
					<swisstopo:routepoint_id>1393599448</swisstopo:routepoint_id>
				</extensions>
			</trkpt>
			<trkpt lat="47.0982082384" lon="9.4855967001">
				<ele>606.5</ele>
				<extensions>
					<swisstopo:routepoint_id>1543455023</swisstopo:routepoint_id>
				</extensions>
			</trkpt>
			<trkpt lat="47.0981337114" lon="9.4856105859">
				<ele>605.9</ele>
				<extensions>
					<swisstopo:routepoint_id>1434984519</swisstopo:routepoint_id>
				</extensions>
			</trkpt>
			<trkpt lat="47.0980727990" lon="9.4856082573">
				<ele>605.4</ele>
				<extensions>
					<swisstopo:routepoint_id>164273902</swisstopo:routepoint_id>
				</extensions>
			</trkpt>
			<trkpt lat="47.0980081921" lon="9.4856002268">
				<ele>604.9</ele>
				<extensions>
					<swisstopo:routepoint_id>351258215</swisstopo:routepoint_id>
				</extensions>
			</trkpt>
			<trkpt lat="47.0979115697" lon="9.4855714312">
				<ele>604.2</ele>
				<extensions>
					<swisstopo:routepoint_id>594805000</swisstopo:routepoint_id>
				</extensions>
			</trkpt>
			<trkpt lat="47.0978227040" lon="9.4855345649">
				<ele>603.5</ele>
				<extensions>
					<swisstopo:routepoint_id>1049308652</swisstopo:routepoint_id>
				</extensions>
			</trkpt>
			<trkpt lat="47.0977678990" lon="9.4855101483">
				<ele>603.1</ele>
				<extensions>
					<swisstopo:routepoint_id>780884267</swisstopo:routepoint_id>
				</extensions>
			</trkpt>
			<trkpt lat="47.0977102102" lon="9.4855051759">
				<ele>602.7</ele>
				<extensions>
					<swisstopo:routepoint_id>708165363</swisstopo:routepoint_id>
				</extensions>
			</trkpt>
			<trkpt lat="47.0976782568" lon="9.4855178690">
				<ele>602.4</ele>
				<extensions>
					<swisstopo:routepoint_id>1447640</swisstopo:routepoint_id>
				</extensions>
			</trkpt>
			<trkpt lat="47.0976552970" lon="9.4854969496">
				<ele>602.5</ele>
				<extensions>
					<swisstopo:routepoint_id>22615937</swisstopo:routepoint_id>
				</extensions>
			</trkpt>
			<trkpt lat="47.0976045718" lon="9.4854673262">
				<ele>602.7</ele>
				<extensions>
					<swisstopo:routepoint_id>382681986</swisstopo:routepoint_id>
				</extensions>
			</trkpt>
			<trkpt lat="47.0975757587" lon="9.4854602819">
				<ele>602.7</ele>
				<extensions>
					<swisstopo:routepoint_id>1436320959</swisstopo:routepoint_id>
				</extensions>
			</trkpt>
			<trkpt lat="47.0975335687" lon="9.4854525816">
				<ele>602.6</ele>
				<extensions>
					<swisstopo:routepoint_id>882486963</swisstopo:routepoint_id>
				</extensions>
			</trkpt>
			<trkpt lat="47.0973866111" lon="9.4854692855">
				<ele>602.1</ele>
				<extensions>
					<swisstopo:routepoint_id>168074224</swisstopo:routepoint_id>
				</extensions>
			</trkpt>
			<trkpt lat="47.0972548363" lon="9.4854893498">
				<ele>601.3</ele>
				<extensions>
					<swisstopo:routepoint_id>1792923104</swisstopo:routepoint_id>
				</extensions>
			</trkpt>
			<trkpt lat="47.0971328319" lon="9.4854958336">
				<ele>600.7</ele>
				<extensions>
					<swisstopo:routepoint_id>986643313</swisstopo:routepoint_id>
				</extensions>
			</trkpt>
			<trkpt lat="47.0969478195" lon="9.4855110824">
				<ele>600.1</ele>
				<extensions>
					<swisstopo:routepoint_id>1655871198</swisstopo:routepoint_id>
				</extensions>
			</trkpt>
			<trkpt lat="47.0967912890" lon="9.4855302003">
				<ele>600.7</ele>
				<extensions>
					<swisstopo:routepoint_id>644714159</swisstopo:routepoint_id>
				</extensions>
			</trkpt>
			<trkpt lat="47.0966251051" lon="9.4855573160">
				<ele>601.5</ele>
				<extensions>
					<swisstopo:routepoint_id>779326916</swisstopo:routepoint_id>
				</extensions>
			</trkpt>
			<trkpt lat="47.0964779171" lon="9.4855879379">
				<ele>602.4</ele>
				<extensions>
					<swisstopo:routepoint_id>1468160078</swisstopo:routepoint_id>
				</extensions>
			</trkpt>
			<trkpt lat="47.0963460922" lon="9.4856108064">
				<ele>603.5</ele>
				<extensions>
					<swisstopo:routepoint_id>1505383055</swisstopo:routepoint_id>
				</extensions>
			</trkpt>
			<trkpt lat="47.0962237415" lon="9.4856352491">
				<ele>604.3</ele>
				<extensions>
					<swisstopo:routepoint_id>1275393566</swisstopo:routepoint_id>
				</extensions>
			</trkpt>
			<trkpt lat="47.0961206656" lon="9.4856480437">
				<ele>604.6</ele>
				<extensions>
					<swisstopo:routepoint_id>400900315</swisstopo:routepoint_id>
				</extensions>
			</trkpt>
			<trkpt lat="47.0960289577" lon="9.4856640642">
				<ele>604.5</ele>
				<extensions>
					<swisstopo:routepoint_id>1705156790</swisstopo:routepoint_id>
				</extensions>
			</trkpt>
			<trkpt lat="47.0959527723" lon="9.4856639441">
				<ele>604.1</ele>
				<extensions>
					<swisstopo:routepoint_id>1244101026</swisstopo:routepoint_id>
				</extensions>
			</trkpt>
			<trkpt lat="47.0958956248" lon="9.4856645421">
				<ele>603.8</ele>
				<extensions>
					<swisstopo:routepoint_id>1728972769</swisstopo:routepoint_id>
				</extensions>
			</trkpt>
			<trkpt lat="47.0958439863" lon="9.4856765196">
				<ele>603.4</ele>
				<extensions>
					<swisstopo:routepoint_id>235461049</swisstopo:routepoint_id>
				</extensions>
			</trkpt>
			<trkpt lat="47.0957806324" lon="9.4857047738">
				<ele>602.7</ele>
				<extensions>
					<swisstopo:routepoint_id>1569962934</swisstopo:routepoint_id>
				</extensions>
			</trkpt>
			<trkpt lat="47.0957171768" lon="9.4857386086">
				<ele>601.9</ele>
				<extensions>
					<swisstopo:routepoint_id>1001707281</swisstopo:routepoint_id>
				</extensions>
			</trkpt>
			<trkpt lat="47.0956398495" lon="9.4858025889">
				<ele>601.0</ele>
				<extensions>
					<swisstopo:routepoint_id>219957224</swisstopo:routepoint_id>
				</extensions>
			</trkpt>
			<trkpt lat="47.0955177572" lon="9.4859206316">
				<ele>600.0</ele>
				<extensions>
					<swisstopo:routepoint_id>1793692830</swisstopo:routepoint_id>
				</extensions>
			</trkpt>
			<trkpt lat="47.0954168451" lon="9.4860255417">
				<ele>599.6</ele>
				<extensions>
					<swisstopo:routepoint_id>814149581</swisstopo:routepoint_id>
				</extensions>
			</trkpt>
			<trkpt lat="47.0953221008" lon="9.4861055893">
				<ele>599.3</ele>
				<extensions>
					<swisstopo:routepoint_id>898038271</swisstopo:routepoint_id>
				</extensions>
			</trkpt>
			<trkpt lat="47.0952295490" lon="9.4861689833">
				<ele>599.0</ele>
				<extensions>
					<swisstopo:routepoint_id>242822453</swisstopo:routepoint_id>
				</extensions>
			</trkpt>
			<trkpt lat="47.0951468117" lon="9.4862160217">
				<ele>598.9</ele>
				<extensions>
					<swisstopo:routepoint_id>193335252</swisstopo:routepoint_id>
				</extensions>
			</trkpt>
			<trkpt lat="47.0949299036" lon="9.4863109232">
				<ele>599.6</ele>
				<extensions>
					<swisstopo:routepoint_id>2090508317</swisstopo:routepoint_id>
				</extensions>
			</trkpt>
			<trkpt lat="47.0948066952" lon="9.4863692582">
				<ele>600.3</ele>
				<extensions>
					<swisstopo:routepoint_id>430081096</swisstopo:routepoint_id>
				</extensions>
			</trkpt>
			<trkpt lat="47.0947126461" lon="9.4864102789">
				<ele>600.9</ele>
				<extensions>
					<swisstopo:routepoint_id>1516437556</swisstopo:routepoint_id>
				</extensions>
			</trkpt>
			<trkpt lat="47.0946814571" lon="9.4864204285">
				<ele>601.1</ele>
				<extensions>
					<swisstopo:routepoint_id>1209718815</swisstopo:routepoint_id>
				</extensions>
			</trkpt>
			<trkpt lat="47.0946590028" lon="9.4864277406">
				<ele>601.3</ele>
				<extensions>
					<swisstopo:routepoint_id>2080858030</swisstopo:routepoint_id>
				</extensions>
			</trkpt>
			<trkpt lat="47.0946093193" lon="9.4864370124">
				<ele>601.6</ele>
				<extensions>
					<swisstopo:routepoint_id>1006465286</swisstopo:routepoint_id>
				</extensions>
			</trkpt>
			<trkpt lat="47.0945673447" lon="9.4864409691">
				<ele>601.9</ele>
				<extensions>
					<swisstopo:routepoint_id>1364805099</swisstopo:routepoint_id>
				</extensions>
			</trkpt>
			<trkpt lat="47.0945311789" lon="9.4864395861">
				<ele>602.0</ele>
				<extensions>
					<swisstopo:routepoint_id>530467628</swisstopo:routepoint_id>
				</extensions>
			</trkpt>
			<trkpt lat="47.0944933152" lon="9.4864269887">
				<ele>602.1</ele>
				<extensions>
					<swisstopo:routepoint_id>258772229</swisstopo:routepoint_id>
				</extensions>
			</trkpt>
			<trkpt lat="47.0944288973" lon="9.4864077915">
				<ele>602.2</ele>
				<extensions>
					<swisstopo:routepoint_id>368257669</swisstopo:routepoint_id>
				</extensions>
			</trkpt>
			<trkpt lat="47.0943741516" lon="9.4863806006">
				<ele>602.4</ele>
				<extensions>
					<swisstopo:routepoint_id>12160362</swisstopo:routepoint_id>
				</extensions>
			</trkpt>
			<trkpt lat="47.0943103792" lon="9.4863251813">
				<ele>602.1</ele>
				<extensions>
					<swisstopo:routepoint_id>1313381125</swisstopo:routepoint_id>
				</extensions>
			</trkpt>
			<trkpt lat="47.0942187112" lon="9.4862324198">
				<ele>601.4</ele>
				<extensions>
					<swisstopo:routepoint_id>222786778</swisstopo:routepoint_id>
				</extensions>
			</trkpt>
			<trkpt lat="47.0941535299" lon="9.4861490416">
				<ele>600.8</ele>
				<extensions>
					<swisstopo:routepoint_id>898386405</swisstopo:routepoint_id>
				</extensions>
			</trkpt>
			<trkpt lat="47.0940885559" lon="9.4860545222">
				<ele>600.2</ele>
				<extensions>
					<swisstopo:routepoint_id>404327759</swisstopo:routepoint_id>
				</extensions>
			</trkpt>
			<trkpt lat="47.0940556361" lon="9.4859779653">
				<ele>599.8</ele>
				<extensions>
					<swisstopo:routepoint_id>1462899066</swisstopo:routepoint_id>
				</extensions>
			</trkpt>
			<trkpt lat="47.0940342354" lon="9.4858962871">
				<ele>599.2</ele>
				<extensions>
					<swisstopo:routepoint_id>1578852314</swisstopo:routepoint_id>
				</extensions>
			</trkpt>
			<trkpt lat="47.0940169375" lon="9.4857980033">
				<ele>598.6</ele>
				<extensions>
					<swisstopo:routepoint_id>298316516</swisstopo:routepoint_id>
				</extensions>
			</trkpt>
			<trkpt lat="47.0940130640" lon="9.4856946773">
				<ele>598.0</ele>
				<extensions>
					<swisstopo:routepoint_id>768190040</swisstopo:routepoint_id>
				</extensions>
			</trkpt>
			<trkpt lat="47.0940177988" lon="9.4855358887">
				<ele>596.8</ele>
				<extensions>
					<swisstopo:routepoint_id>1815446888</swisstopo:routepoint_id>
				</extensions>
			</trkpt>
			<trkpt lat="47.0940216922" lon="9.4854244640">
				<ele>595.8</ele>
				<extensions>
					<swisstopo:routepoint_id>607924981</swisstopo:routepoint_id>
				</extensions>
			</trkpt>
			<trkpt lat="47.0940246700" lon="9.4852572446">
				<ele>594.1</ele>
				<extensions>
					<swisstopo:routepoint_id>24313073</swisstopo:routepoint_id>
				</extensions>
			</trkpt>
			<trkpt lat="47.0940319161" lon="9.4851710741">
				<ele>593.1</ele>
				<extensions>
					<swisstopo:routepoint_id>2120524955</swisstopo:routepoint_id>
				</extensions>
			</trkpt>
			<trkpt lat="47.0940427211" lon="9.4850989682">
				<ele>592.3</ele>
				<extensions>
					<swisstopo:routepoint_id>2035424974</swisstopo:routepoint_id>
				</extensions>
			</trkpt>
			<trkpt lat="47.0940797601" lon="9.4849441966">
				<ele>590.6</ele>
				<extensions>
					<swisstopo:routepoint_id>372835439</swisstopo:routepoint_id>
				</extensions>
			</trkpt>
			<trkpt lat="47.0941638956" lon="9.4846043778">
				<ele>586.6</ele>
				<extensions>
					<swisstopo:routepoint_id>800904405</swisstopo:routepoint_id>
				</extensions>
			</trkpt>
			<trkpt lat="47.0942229664" lon="9.4843891000">
				<ele>584.6</ele>
				<extensions>
					<swisstopo:routepoint_id>1046509905</swisstopo:routepoint_id>
				</extensions>
			</trkpt>
			<trkpt lat="47.0942895464" lon="9.4841796929">
				<ele>582.3</ele>
				<extensions>
					<swisstopo:routepoint_id>1696762174</swisstopo:routepoint_id>
				</extensions>
			</trkpt>
			<trkpt lat="47.0943400993" lon="9.4840142900">
				<ele>580.6</ele>
				<extensions>
					<swisstopo:routepoint_id>101808398</swisstopo:routepoint_id>
				</extensions>
			</trkpt>
			<trkpt lat="47.0943699391" lon="9.4839429106">
				<ele>579.9</ele>
				<extensions>
					<swisstopo:routepoint_id>1181652322</swisstopo:routepoint_id>
				</extensions>
			</trkpt>
			<trkpt lat="47.0944214635" lon="9.4838305505">
				<ele>578.7</ele>
				<extensions>
					<swisstopo:routepoint_id>1295562465</swisstopo:routepoint_id>
				</extensions>
			</trkpt>
			<trkpt lat="47.0944966628" lon="9.4836716468">
				<ele>577.1</ele>
				<extensions>
					<swisstopo:routepoint_id>604571946</swisstopo:routepoint_id>
				</extensions>
			</trkpt>
			<trkpt lat="47.0945800717" lon="9.4834796175">
				<ele>575.6</ele>
				<extensions>
					<swisstopo:routepoint_id>589581372</swisstopo:routepoint_id>
				</extensions>
			</trkpt>
			<trkpt lat="47.0946085508" lon="9.4833775229">
				<ele>574.9</ele>
				<extensions>
					<swisstopo:routepoint_id>1632976176</swisstopo:routepoint_id>
				</extensions>
			</trkpt>
			<trkpt lat="47.0946275157" lon="9.4832750390">
				<ele>574.5</ele>
				<extensions>
					<swisstopo:routepoint_id>1532353000</swisstopo:routepoint_id>
				</extensions>
			</trkpt>
			<trkpt lat="47.0946414642" lon="9.4831333375">
				<ele>574.2</ele>
				<extensions>
					<swisstopo:routepoint_id>2137352967</swisstopo:routepoint_id>
				</extensions>
			</trkpt>
			<trkpt lat="47.0945545340" lon="9.4831645927">
				<ele>574.2</ele>
				<extensions>
					<swisstopo:routepoint_id>704796196</swisstopo:routepoint_id>
				</extensions>
			</trkpt>
			<trkpt lat="47.0943328512" lon="9.4832442749">
				<ele>572.6</ele>
				<extensions>
					<swisstopo:routepoint_id>1560918964</swisstopo:routepoint_id>
				</extensions>
			</trkpt>
			<trkpt lat="47.0941104834" lon="9.4833250371">
				<ele>569.6</ele>
				<extensions>
					<swisstopo:routepoint_id>2025553144</swisstopo:routepoint_id>
				</extensions>
			</trkpt>
			<trkpt lat="47.0938778491" lon="9.4834472147">
				<ele>565.8</ele>
				<extensions>
					<swisstopo:routepoint_id>1833793263</swisstopo:routepoint_id>
				</extensions>
			</trkpt>
			<trkpt lat="47.0936659115" lon="9.4835841615">
				<ele>562.5</ele>
				<extensions>
					<swisstopo:routepoint_id>1393475514</swisstopo:routepoint_id>
				</extensions>
			</trkpt>
			<trkpt lat="47.0935963498" lon="9.4836400723">
				<ele>561.3</ele>
				<extensions>
					<swisstopo:routepoint_id>1926135656</swisstopo:routepoint_id>
				</extensions>
			</trkpt>
			<trkpt lat="47.0935420104" lon="9.4836965611">
				<ele>560.2</ele>
				<extensions>
					<swisstopo:routepoint_id>954835720</swisstopo:routepoint_id>
				</extensions>
			</trkpt>
			<trkpt lat="47.0934990955" lon="9.4837534894">
				<ele>559.2</ele>
				<extensions>
					<swisstopo:routepoint_id>1708511851</swisstopo:routepoint_id>
				</extensions>
			</trkpt>
			<trkpt lat="47.0934557886" lon="9.4838326944">
				<ele>558.0</ele>
				<extensions>
					<swisstopo:routepoint_id>774151511</swisstopo:routepoint_id>
				</extensions>
			</trkpt>
			<trkpt lat="47.0934239960" lon="9.4839067805">
				<ele>557.1</ele>
				<extensions>
					<swisstopo:routepoint_id>354233285</swisstopo:routepoint_id>
				</extensions>
			</trkpt>
			<trkpt lat="47.0933791711" lon="9.4839636356">
				<ele>556.3</ele>
				<extensions>
					<swisstopo:routepoint_id>1498161480</swisstopo:routepoint_id>
				</extensions>
			</trkpt>
			<trkpt lat="47.0932963418" lon="9.4840162562">
				<ele>555.0</ele>
				<extensions>
					<swisstopo:routepoint_id>515653875</swisstopo:routepoint_id>
				</extensions>
			</trkpt>
			<trkpt lat="47.0932482104" lon="9.4840451054">
				<ele>554.1</ele>
				<extensions>
					<swisstopo:routepoint_id>1917394851</swisstopo:routepoint_id>
				</extensions>
			</trkpt>
			<trkpt lat="47.0932039974" lon="9.4840688062">
				<ele>553.4</ele>
				<extensions>
					<swisstopo:routepoint_id>1688636508</swisstopo:routepoint_id>
				</extensions>
			</trkpt>
			<trkpt lat="47.0931763331" lon="9.4840765633">
				<ele>553.0</ele>
				<extensions>
					<swisstopo:routepoint_id>911634258</swisstopo:routepoint_id>
				</extensions>
			</trkpt>
			<trkpt lat="47.0931444601" lon="9.4840791383">
				<ele>552.5</ele>
				<extensions>
					<swisstopo:routepoint_id>1920868287</swisstopo:routepoint_id>
				</extensions>
			</trkpt>
			<trkpt lat="47.0930915936" lon="9.4840671730">
				<ele>551.8</ele>
				<extensions>
					<swisstopo:routepoint_id>989973028</swisstopo:routepoint_id>
				</extensions>
			</trkpt>
			<trkpt lat="47.0930417271" lon="9.4840478497">
				<ele>551.2</ele>
				<extensions>
					<swisstopo:routepoint_id>497990941</swisstopo:routepoint_id>
				</extensions>
			</trkpt>
			<trkpt lat="47.0929957479" lon="9.4840325479">
				<ele>550.6</ele>
				<extensions>
					<swisstopo:routepoint_id>1224479906</swisstopo:routepoint_id>
				</extensions>
			</trkpt>
			<trkpt lat="47.0929416757" lon="9.4840266097">
				<ele>550.0</ele>
				<extensions>
					<swisstopo:routepoint_id>471555848</swisstopo:routepoint_id>
				</extensions>
			</trkpt>
			<trkpt lat="47.0928846251" lon="9.4840399126">
				<ele>549.4</ele>
				<extensions>
					<swisstopo:routepoint_id>44620893</swisstopo:routepoint_id>
				</extensions>
			</trkpt>
			<trkpt lat="47.0928220561" lon="9.4840665341">
				<ele>548.8</ele>
				<extensions>
					<swisstopo:routepoint_id>1917366825</swisstopo:routepoint_id>
				</extensions>
			</trkpt>
			<trkpt lat="47.0927713638" lon="9.4840936251">
				<ele>548.2</ele>
				<extensions>
					<swisstopo:routepoint_id>1555113545</swisstopo:routepoint_id>
				</extensions>
			</trkpt>
			<trkpt lat="47.0927244896" lon="9.4841285951">
				<ele>547.6</ele>
				<extensions>
					<swisstopo:routepoint_id>1753268176</swisstopo:routepoint_id>
				</extensions>
			</trkpt>
			<trkpt lat="47.0926828287" lon="9.4841676369">
				<ele>547.2</ele>
				<extensions>
					<swisstopo:routepoint_id>47252617</swisstopo:routepoint_id>
				</extensions>
			</trkpt>
			<trkpt lat="47.0926193995" lon="9.4842425945">
				<ele>546.3</ele>
				<extensions>
					<swisstopo:routepoint_id>1665526066</swisstopo:routepoint_id>
				</extensions>
			</trkpt>
			<trkpt lat="47.0925600247" lon="9.4843119202">
				<ele>545.5</ele>
				<extensions>
					<swisstopo:routepoint_id>1890758675</swisstopo:routepoint_id>
				</extensions>
			</trkpt>
			<trkpt lat="47.0925045672" lon="9.4843833219">
				<ele>544.7</ele>
				<extensions>
					<swisstopo:routepoint_id>414097565</swisstopo:routepoint_id>
				</extensions>
			</trkpt>
			<trkpt lat="47.0924358602" lon="9.4844580902">
				<ele>543.8</ele>
				<extensions>
					<swisstopo:routepoint_id>427553661</swisstopo:routepoint_id>
				</extensions>
			</trkpt>
			<trkpt lat="47.0923670067" lon="9.4845405858">
				<ele>542.8</ele>
				<extensions>
					<swisstopo:routepoint_id>717855101</swisstopo:routepoint_id>
				</extensions>
			</trkpt>
			<trkpt lat="47.0923359050" lon="9.4845800305">
				<ele>542.3</ele>
				<extensions>
					<swisstopo:routepoint_id>1910762677</swisstopo:routepoint_id>
				</extensions>
			</trkpt>
			<trkpt lat="47.0922833535" lon="9.4846379974">
				<ele>541.6</ele>
				<extensions>
					<swisstopo:routepoint_id>410904426</swisstopo:routepoint_id>
				</extensions>
			</trkpt>
			<trkpt lat="47.0922365478" lon="9.4846691091">
				<ele>540.8</ele>
				<extensions>
					<swisstopo:routepoint_id>858404596</swisstopo:routepoint_id>
				</extensions>
			</trkpt>
			<trkpt lat="47.0921789032" lon="9.4847152723">
				<ele>539.9</ele>
				<extensions>
					<swisstopo:routepoint_id>68026400</swisstopo:routepoint_id>
				</extensions>
			</trkpt>
			<trkpt lat="47.0921175135" lon="9.4847496867">
				<ele>539.0</ele>
				<extensions>
					<swisstopo:routepoint_id>1602662903</swisstopo:routepoint_id>
				</extensions>
			</trkpt>
			<trkpt lat="47.0920575444" lon="9.4847783459">
				<ele>537.9</ele>
				<extensions>
					<swisstopo:routepoint_id>1117855037</swisstopo:routepoint_id>
				</extensions>
			</trkpt>
			<trkpt lat="47.0920176267" lon="9.4847942355">
				<ele>537.2</ele>
				<extensions>
					<swisstopo:routepoint_id>1359828573</swisstopo:routepoint_id>
				</extensions>
			</trkpt>
			<trkpt lat="47.0919671751" lon="9.4848077766">
				<ele>536.2</ele>
				<extensions>
					<swisstopo:routepoint_id>104982680</swisstopo:routepoint_id>
				</extensions>
			</trkpt>
			<trkpt lat="47.0918886478" lon="9.4848396124">
				<ele>534.9</ele>
				<extensions>
					<swisstopo:routepoint_id>1230972954</swisstopo:routepoint_id>
				</extensions>
			</trkpt>
			<trkpt lat="47.0918168966" lon="9.4848620088">
				<ele>533.9</ele>
				<extensions>
					<swisstopo:routepoint_id>1345141389</swisstopo:routepoint_id>
				</extensions>
			</trkpt>
			<trkpt lat="47.0917598760" lon="9.4848733751">
				<ele>532.9</ele>
				<extensions>
					<swisstopo:routepoint_id>1905561300</swisstopo:routepoint_id>
				</extensions>
			</trkpt>
			<trkpt lat="47.0917070221" lon="9.4848732919">
				<ele>532.1</ele>
				<extensions>
					<swisstopo:routepoint_id>19023808</swisstopo:routepoint_id>
				</extensions>
			</trkpt>
			<trkpt lat="47.0916491742" lon="9.4848541236">
				<ele>531.2</ele>
				<extensions>
					<swisstopo:routepoint_id>345372007</swisstopo:routepoint_id>
				</extensions>
			</trkpt>
			<trkpt lat="47.0916026508" lon="9.4848301479">
				<ele>530.3</ele>
				<extensions>
					<swisstopo:routepoint_id>1944344858</swisstopo:routepoint_id>
				</extensions>
			</trkpt>
			<trkpt lat="47.0915569281" lon="9.4848033916">
				<ele>529.9</ele>
				<extensions>
					<swisstopo:routepoint_id>1750352552</swisstopo:routepoint_id>
				</extensions>
			</trkpt>
			<trkpt lat="47.0915153581" lon="9.4847790777">
				<ele>528.8</ele>
				<extensions>
					<swisstopo:routepoint_id>1063049135</swisstopo:routepoint_id>
				</extensions>
			</trkpt>
			<trkpt lat="47.0914557005" lon="9.4847507502">
				<ele>527.9</ele>
				<extensions>
					<swisstopo:routepoint_id>798645555</swisstopo:routepoint_id>
				</extensions>
			</trkpt>
			<trkpt lat="47.0913839977" lon="9.4847227923">
				<ele>526.4</ele>
				<extensions>
					<swisstopo:routepoint_id>1646532571</swisstopo:routepoint_id>
				</extensions>
			</trkpt>
			<trkpt lat="47.0913027643" lon="9.4847084627">
				<ele>525.3</ele>
				<extensions>
					<swisstopo:routepoint_id>1958221778</swisstopo:routepoint_id>
				</extensions>
			</trkpt>
			<trkpt lat="47.0912347652" lon="9.4847044556">
				<ele>524.6</ele>
				<extensions>
					<swisstopo:routepoint_id>794993395</swisstopo:routepoint_id>
				</extensions>
			</trkpt>
			<trkpt lat="47.0911455611" lon="9.4847089152">
				<ele>523.8</ele>
				<extensions>
					<swisstopo:routepoint_id>832745042</swisstopo:routepoint_id>
				</extensions>
			</trkpt>
			<trkpt lat="47.0911110368" lon="9.4847088731">
				<ele>523.6</ele>
				<extensions>
					<swisstopo:routepoint_id>1776863232</swisstopo:routepoint_id>
				</extensions>
			</trkpt>
			<trkpt lat="47.0909969661" lon="9.4847073324">
				<ele>522.7</ele>
				<extensions>
					<swisstopo:routepoint_id>804565592</swisstopo:routepoint_id>
				</extensions>
			</trkpt>
			<trkpt lat="47.0908465472" lon="9.4847015854">
				<ele>521.5</ele>
				<extensions>
					<swisstopo:routepoint_id>152353488</swisstopo:routepoint_id>
				</extensions>
			</trkpt>
			<trkpt lat="47.0907911053" lon="9.4846958453">
				<ele>521.1</ele>
				<extensions>
					<swisstopo:routepoint_id>1353254695</swisstopo:routepoint_id>
				</extensions>
			</trkpt>
			<trkpt lat="47.0907434293" lon="9.4846995851">
				<ele>521.0</ele>
				<extensions>
					<swisstopo:routepoint_id>1120523434</swisstopo:routepoint_id>
				</extensions>
			</trkpt>
			<trkpt lat="47.0907017585" lon="9.4846868444">
				<ele>520.6</ele>
				<extensions>
					<swisstopo:routepoint_id>1487218581</swisstopo:routepoint_id>
				</extensions>
			</trkpt>
			<trkpt lat="47.0906622369" lon="9.4846602356">
				<ele>520.3</ele>
				<extensions>
					<swisstopo:routepoint_id>983686341</swisstopo:routepoint_id>
				</extensions>
			</trkpt>
			<trkpt lat="47.0906249594" lon="9.4846142008">
				<ele>519.9</ele>
				<extensions>
					<swisstopo:routepoint_id>1292356357</swisstopo:routepoint_id>
				</extensions>
			</trkpt>
			<trkpt lat="47.0905709466" lon="9.4845452102">
				<ele>519.2</ele>
				<extensions>
					<swisstopo:routepoint_id>630893028</swisstopo:routepoint_id>
				</extensions>
			</trkpt>
			<trkpt lat="47.0905052335" lon="9.4844925021">
				<ele>518.2</ele>
				<extensions>
					<swisstopo:routepoint_id>1149868283</swisstopo:routepoint_id>
				</extensions>
			</trkpt>
			<trkpt lat="47.0904371642" lon="9.4844648030">
				<ele>517.0</ele>
				<extensions>
					<swisstopo:routepoint_id>624751438</swisstopo:routepoint_id>
				</extensions>
			</trkpt>
			<trkpt lat="47.0903311679" lon="9.4844272886">
				<ele>515.3</ele>
				<extensions>
					<swisstopo:routepoint_id>189269235</swisstopo:routepoint_id>
				</extensions>
			</trkpt>
			<trkpt lat="47.0902288338" lon="9.4843982806">
				<ele>514.1</ele>
				<extensions>
					<swisstopo:routepoint_id>102740889</swisstopo:routepoint_id>
				</extensions>
			</trkpt>
			<trkpt lat="47.0901549033" lon="9.4843787241">
				<ele>513.4</ele>
				<extensions>
					<swisstopo:routepoint_id>83314219</swisstopo:routepoint_id>
				</extensions>
			</trkpt>
			<trkpt lat="47.0900845856" lon="9.4843704540">
				<ele>512.7</ele>
				<extensions>
					<swisstopo:routepoint_id>1205417031</swisstopo:routepoint_id>
				</extensions>
			</trkpt>
			<trkpt lat="47.0900018794" lon="9.4843788741">
				<ele>511.5</ele>
				<extensions>
					<swisstopo:routepoint_id>1317540864</swisstopo:routepoint_id>
				</extensions>
			</trkpt>
			<trkpt lat="47.0899844622" lon="9.4843806468">
				<ele>511.8</ele>
				<extensions>
					<swisstopo:routepoint_id>1856494761</swisstopo:routepoint_id>
				</extensions>
			</trkpt>
			<trkpt lat="47.0899452834" lon="9.4843846440">
				<ele>510.6</ele>
				<extensions>
					<swisstopo:routepoint_id>260128858</swisstopo:routepoint_id>
				</extensions>
			</trkpt>
			<trkpt lat="47.0898729696" lon="9.4843818815">
				<ele>509.4</ele>
				<extensions>
					<swisstopo:routepoint_id>878839332</swisstopo:routepoint_id>
				</extensions>
			</trkpt>
			<trkpt lat="47.0898084950" lon="9.4843654910">
				<ele>508.1</ele>
				<extensions>
					<swisstopo:routepoint_id>991955399</swisstopo:routepoint_id>
				</extensions>
			</trkpt>
			<trkpt lat="47.0897120719" lon="9.4843255383">
				<ele>506.3</ele>
				<extensions>
					<swisstopo:routepoint_id>1672482026</swisstopo:routepoint_id>
				</extensions>
			</trkpt>
			<trkpt lat="47.0896383846" lon="9.4842920671">
				<ele>504.9</ele>
				<extensions>
					<swisstopo:routepoint_id>901922536</swisstopo:routepoint_id>
				</extensions>
			</trkpt>
			<trkpt lat="47.0895302933" lon="9.4842656188">
				<ele>502.8</ele>
				<extensions>
					<swisstopo:routepoint_id>1027222167</swisstopo:routepoint_id>
				</extensions>
			</trkpt>
			<trkpt lat="47.0894202058" lon="9.4842446815">
				<ele>500.9</ele>
				<extensions>
					<swisstopo:routepoint_id>716613049</swisstopo:routepoint_id>
				</extensions>
			</trkpt>
			<trkpt lat="47.0891414088" lon="9.4841782520">
				<ele>496.5</ele>
				<extensions>
					<swisstopo:routepoint_id>2048502079</swisstopo:routepoint_id>
				</extensions>
			</trkpt>
			<trkpt lat="47.0890848087" lon="9.4841482130">
				<ele>495.6</ele>
				<extensions>
					<swisstopo:routepoint_id>964170442</swisstopo:routepoint_id>
				</extensions>
			</trkpt>
			<trkpt lat="47.0890588971" lon="9.4841053931">
				<ele>495.0</ele>
				<extensions>
					<swisstopo:routepoint_id>974455552</swisstopo:routepoint_id>
				</extensions>
			</trkpt>
			<trkpt lat="47.0890336346" lon="9.4840263548">
				<ele>494.3</ele>
				<extensions>
					<swisstopo:routepoint_id>206667193</swisstopo:routepoint_id>
				</extensions>
			</trkpt>
			<trkpt lat="47.0890100880" lon="9.4839585272">
				<ele>494.0</ele>
				<extensions>
					<swisstopo:routepoint_id>904518558</swisstopo:routepoint_id>
				</extensions>
			</trkpt>
			<trkpt lat="47.0889901862" lon="9.4838992051">
				<ele>493.7</ele>
				<extensions>
					<swisstopo:routepoint_id>1450918149</swisstopo:routepoint_id>
				</extensions>
			</trkpt>
			<trkpt lat="47.0889639495" lon="9.4838758873">
				<ele>493.6</ele>
				<extensions>
					<swisstopo:routepoint_id>953274167</swisstopo:routepoint_id>
				</extensions>
			</trkpt>
			<trkpt lat="47.0888916674" lon="9.4838703477">
				<ele>493.1</ele>
				<extensions>
					<swisstopo:routepoint_id>1579716404</swisstopo:routepoint_id>
				</extensions>
			</trkpt>
			<trkpt lat="47.0888230976" lon="9.4838705081">
				<ele>492.8</ele>
				<extensions>
					<swisstopo:routepoint_id>1557265599</swisstopo:routepoint_id>
				</extensions>
			</trkpt>
			<trkpt lat="47.0887410123" lon="9.4838813261">
				<ele>492.4</ele>
				<extensions>
					<swisstopo:routepoint_id>1473061745</swisstopo:routepoint_id>
				</extensions>
			</trkpt>
			<trkpt lat="47.0885957544" lon="9.4839092394">
				<ele>491.8</ele>
				<extensions>
					<swisstopo:routepoint_id>1660883293</swisstopo:routepoint_id>
				</extensions>
			</trkpt>
			<trkpt lat="47.0885286569" lon="9.4839345537">
				<ele>491.6</ele>
				<extensions>
					<swisstopo:routepoint_id>4698655</swisstopo:routepoint_id>
				</extensions>
			</trkpt>
			<trkpt lat="47.0884651997" lon="9.4839683761">
				<ele>491.3</ele>
				<extensions>
					<swisstopo:routepoint_id>1218700763</swisstopo:routepoint_id>
				</extensions>
			</trkpt>
			<trkpt lat="47.0883940211" lon="9.4840074840">
				<ele>491.1</ele>
				<extensions>
					<swisstopo:routepoint_id>61786952</swisstopo:routepoint_id>
				</extensions>
			</trkpt>
			<trkpt lat="47.0883632289" lon="9.4840258478">
				<ele>491.0</ele>
				<extensions>
					<swisstopo:routepoint_id>672218317</swisstopo:routepoint_id>
				</extensions>
			</trkpt>
			<trkpt lat="47.0883211615" lon="9.4840353861">
				<ele>490.8</ele>
				<extensions>
					<swisstopo:routepoint_id>1613431798</swisstopo:routepoint_id>
				</extensions>
			</trkpt>
			<trkpt lat="47.0882428740" lon="9.4840463489">
				<ele>490.4</ele>
				<extensions>
					<swisstopo:routepoint_id>1205891391</swisstopo:routepoint_id>
				</extensions>
			</trkpt>
			<trkpt lat="47.0881340882" lon="9.4840589258">
				<ele>490.0</ele>
				<extensions>
					<swisstopo:routepoint_id>1971611743</swisstopo:routepoint_id>
				</extensions>
			</trkpt>
			<trkpt lat="47.0877393542" lon="9.4840856755">
				<ele>488.9</ele>
				<extensions>
					<swisstopo:routepoint_id>1266221638</swisstopo:routepoint_id>
				</extensions>
			</trkpt>
			<trkpt lat="47.0874571185" lon="9.4841055544">
				<ele>488.3</ele>
				<extensions>
					<swisstopo:routepoint_id>229555950</swisstopo:routepoint_id>
				</extensions>
			</trkpt>
			<trkpt lat="47.0873045576" lon="9.4841164590">
				<ele>488.0</ele>
				<extensions>
					<swisstopo:routepoint_id>635812946</swisstopo:routepoint_id>
				</extensions>
			</trkpt>
			<trkpt lat="47.0871691700" lon="9.4841252374">
				<ele>487.9</ele>
				<extensions>
					<swisstopo:routepoint_id>323942813</swisstopo:routepoint_id>
				</extensions>
			</trkpt>
			<trkpt lat="47.0870757144" lon="9.4841328158">
				<ele>487.9</ele>
				<extensions>
					<swisstopo:routepoint_id>1236352455</swisstopo:routepoint_id>
				</extensions>
			</trkpt>
			<trkpt lat="47.0870316828" lon="9.4841450834">
				<ele>487.8</ele>
				<extensions>
					<swisstopo:routepoint_id>456862640</swisstopo:routepoint_id>
				</extensions>
			</trkpt>
			<trkpt lat="47.0870007916" lon="9.4841690007">
				<ele>487.7</ele>
				<extensions>
					<swisstopo:routepoint_id>264389869</swisstopo:routepoint_id>
				</extensions>
			</trkpt>
			<trkpt lat="47.0869745826" lon="9.4841429025">
				<ele>487.8</ele>
				<extensions>
					<swisstopo:routepoint_id>75785220</swisstopo:routepoint_id>
				</extensions>
			</trkpt>
			<trkpt lat="47.0869424304" lon="9.4841305298">
				<ele>488.0</ele>
				<extensions>
					<swisstopo:routepoint_id>1213721839</swisstopo:routepoint_id>
				</extensions>
			</trkpt>
			<trkpt lat="47.0868949440" lon="9.4841231293">
				<ele>488.2</ele>
				<extensions>
					<swisstopo:routepoint_id>2018632735</swisstopo:routepoint_id>
				</extensions>
			</trkpt>
			<trkpt lat="47.0868319828" lon="9.4841290903">
				<ele>488.5</ele>
				<extensions>
					<swisstopo:routepoint_id>41263067</swisstopo:routepoint_id>
				</extensions>
			</trkpt>
			<trkpt lat="47.0867421350" lon="9.4841479768">
				<ele>489.1</ele>
				<extensions>
					<swisstopo:routepoint_id>1400779704</swisstopo:routepoint_id>
				</extensions>
			</trkpt>
			<trkpt lat="47.0866770700" lon="9.4841650020">
				<ele>489.7</ele>
				<extensions>
					<swisstopo:routepoint_id>944327062</swisstopo:routepoint_id>
				</extensions>
			</trkpt>
			<trkpt lat="47.0866255331" lon="9.4841713992">
				<ele>490.4</ele>
				<extensions>
					<swisstopo:routepoint_id>614517355</swisstopo:routepoint_id>
				</extensions>
			</trkpt>
			<trkpt lat="47.0865894754" lon="9.4841644351">
				<ele>490.9</ele>
				<extensions>
					<swisstopo:routepoint_id>1458311738</swisstopo:routepoint_id>
				</extensions>
			</trkpt>
			<trkpt lat="47.0865497551" lon="9.4841489946">
				<ele>491.6</ele>
				<extensions>
					<swisstopo:routepoint_id>198390726</swisstopo:routepoint_id>
				</extensions>
			</trkpt>
			<trkpt lat="47.0865102789" lon="9.4841070032">
				<ele>492.8</ele>
				<extensions>
					<swisstopo:routepoint_id>1373573368</swisstopo:routepoint_id>
				</extensions>
			</trkpt>
			<trkpt lat="47.0864600315" lon="9.4840535459">
				<ele>493.0</ele>
				<extensions>
					<swisstopo:routepoint_id>1237181546</swisstopo:routepoint_id>
				</extensions>
			</trkpt>
			<trkpt lat="47.0864134872" lon="9.4839932120">
				<ele>493.5</ele>
				<extensions>
					<swisstopo:routepoint_id>1998318197</swisstopo:routepoint_id>
				</extensions>
			</trkpt>
			<trkpt lat="47.0863748089" lon="9.4839192232">
				<ele>493.8</ele>
				<extensions>
					<swisstopo:routepoint_id>988316585</swisstopo:routepoint_id>
				</extensions>
			</trkpt>
			<trkpt lat="47.0863365724" lon="9.4838201578">
				<ele>494.0</ele>
				<extensions>
					<swisstopo:routepoint_id>1528992541</swisstopo:routepoint_id>
				</extensions>
			</trkpt>
			<trkpt lat="47.0862949839" lon="9.4836958934">
				<ele>494.4</ele>
				<extensions>
					<swisstopo:routepoint_id>1763999568</swisstopo:routepoint_id>
				</extensions>
			</trkpt>
			<trkpt lat="47.0862754787" lon="9.4836142749">
				<ele>494.6</ele>
				<extensions>
					<swisstopo:routepoint_id>1762735819</swisstopo:routepoint_id>
				</extensions>
			</trkpt>
			<trkpt lat="47.0862498850" lon="9.4834409940">
				<ele>495.1</ele>
				<extensions>
					<swisstopo:routepoint_id>1045033855</swisstopo:routepoint_id>
				</extensions>
			</trkpt>
			<trkpt lat="47.0862261847" lon="9.4832805510">
				<ele>494.5</ele>
				<extensions>
					<swisstopo:routepoint_id>11050671</swisstopo:routepoint_id>
				</extensions>
			</trkpt>
			<trkpt lat="47.0861965072" lon="9.4831288407">
				<ele>493.3</ele>
				<extensions>
					<swisstopo:routepoint_id>862852866</swisstopo:routepoint_id>
				</extensions>
			</trkpt>
			<trkpt lat="47.0861466835" lon="9.4829317548">
				<ele>491.7</ele>
				<extensions>
					<swisstopo:routepoint_id>129613332</swisstopo:routepoint_id>
				</extensions>
			</trkpt>
			<trkpt lat="47.0860894986" lon="9.4827204360">
				<ele>490.4</ele>
				<extensions>
					<swisstopo:routepoint_id>1744750331</swisstopo:routepoint_id>
				</extensions>
			</trkpt>
			<trkpt lat="47.0860684921" lon="9.4826164687">
				<ele>490.0</ele>
				<extensions>
					<swisstopo:routepoint_id>1709964355</swisstopo:routepoint_id>
				</extensions>
			</trkpt>
			<trkpt lat="47.0860479596" lon="9.4823786480">
				<ele>489.8</ele>
				<extensions>
					<swisstopo:routepoint_id>1559828812</swisstopo:routepoint_id>
				</extensions>
			</trkpt>
			<trkpt lat="47.0860384223" lon="9.4822723397">
				<ele>489.7</ele>
				<extensions>
					<swisstopo:routepoint_id>1205377109</swisstopo:routepoint_id>
				</extensions>
			</trkpt>
			<trkpt lat="47.0860195195" lon="9.4821572827">
				<ele>489.7</ele>
				<extensions>
					<swisstopo:routepoint_id>1535905207</swisstopo:routepoint_id>
				</extensions>
			</trkpt>
			<trkpt lat="47.0859989093" lon="9.4820310130">
				<ele>489.8</ele>
				<extensions>
					<swisstopo:routepoint_id>245543642</swisstopo:routepoint_id>
				</extensions>
			</trkpt>
			<trkpt lat="47.0859652211" lon="9.4818902954">
				<ele>489.6</ele>
				<extensions>
					<swisstopo:routepoint_id>733304825</swisstopo:routepoint_id>
				</extensions>
			</trkpt>
			<trkpt lat="47.0858869790" lon="9.4817598397">
				<ele>488.9</ele>
				<extensions>
					<swisstopo:routepoint_id>1166229342</swisstopo:routepoint_id>
				</extensions>
			</trkpt>
			<trkpt lat="47.0858727123" lon="9.4817292331">
				<ele>489.0</ele>
				<extensions>
					<swisstopo:routepoint_id>1417968243</swisstopo:routepoint_id>
				</extensions>
			</trkpt>
			<trkpt lat="47.0858473989" lon="9.4816665600">
				<ele>489.1</ele>
				<extensions>
					<swisstopo:routepoint_id>1106600009</swisstopo:routepoint_id>
				</extensions>
			</trkpt>
			<trkpt lat="47.0858036939" lon="9.4815453023">
				<ele>488.2</ele>
				<extensions>
					<swisstopo:routepoint_id>167704239</swisstopo:routepoint_id>
				</extensions>
			</trkpt>
			<trkpt lat="47.0857765057" lon="9.4814808210">
				<ele>487.7</ele>
				<extensions>
					<swisstopo:routepoint_id>889566779</swisstopo:routepoint_id>
				</extensions>
			</trkpt>
			<trkpt lat="47.0857330624" lon="9.4813937817">
				<ele>487.0</ele>
				<extensions>
					<swisstopo:routepoint_id>666901096</swisstopo:routepoint_id>
				</extensions>
			</trkpt>
			<trkpt lat="47.0856763760" lon="9.4813013263">
				<ele>486.3</ele>
				<extensions>
					<swisstopo:routepoint_id>1605381772</swisstopo:routepoint_id>
				</extensions>
			</trkpt>
			<trkpt lat="47.0856047038" lon="9.4812083284">
				<ele>485.9</ele>
				<extensions>
					<swisstopo:routepoint_id>22328050</swisstopo:routepoint_id>
				</extensions>
			</trkpt>
			<trkpt lat="47.0850178743" lon="9.4805637825">
				<ele>485.3</ele>
				<extensions>
					<swisstopo:routepoint_id>113208356</swisstopo:routepoint_id>
				</extensions>
			</trkpt>
			<trkpt lat="47.0845063420" lon="9.4799953126">
				<ele>483.7</ele>
				<extensions>
					<swisstopo:routepoint_id>1759954362</swisstopo:routepoint_id>
				</extensions>
			</trkpt>
			<trkpt lat="47.0843740511" lon="9.4798438736">
				<ele>483.2</ele>
				<extensions>
					<swisstopo:routepoint_id>1116586664</swisstopo:routepoint_id>
				</extensions>
			</trkpt>
			<trkpt lat="47.0842694959" lon="9.4797079299">
				<ele>482.9</ele>
				<extensions>
					<swisstopo:routepoint_id>566612666</swisstopo:routepoint_id>
				</extensions>
			</trkpt>
			<trkpt lat="47.0841981239" lon="9.4796151437">
				<ele>482.6</ele>
				<extensions>
					<swisstopo:routepoint_id>561213470</swisstopo:routepoint_id>
				</extensions>
			</trkpt>
			<trkpt lat="47.0841866997" lon="9.4795987416">
				<ele>482.6</ele>
				<extensions>
					<swisstopo:routepoint_id>1264859989</swisstopo:routepoint_id>
				</extensions>
			</trkpt>
			<trkpt lat="47.0839194611" lon="9.4792148431">
				<ele>482.0</ele>
				<extensions>
					<swisstopo:routepoint_id>549116564</swisstopo:routepoint_id>
				</extensions>
			</trkpt>
			<trkpt lat="47.0838932900" lon="9.4791755772">
				<ele>482.0</ele>
				<extensions>
					<swisstopo:routepoint_id>920893899</swisstopo:routepoint_id>
				</extensions>
			</trkpt>
			<trkpt lat="47.0838493603" lon="9.4791132926">
				<ele>482.1</ele>
				<extensions>
					<swisstopo:routepoint_id>1945145740</swisstopo:routepoint_id>
				</extensions>
			</trkpt>
			<trkpt lat="47.0837698742" lon="9.4790005962">
				<ele>482.3</ele>
				<extensions>
					<swisstopo:routepoint_id>1103948139</swisstopo:routepoint_id>
				</extensions>
			</trkpt>
			<trkpt lat="47.0835951556" lon="9.4787528694">
				<ele>483.1</ele>
				<extensions>
					<swisstopo:routepoint_id>1027745280</swisstopo:routepoint_id>
				</extensions>
			</trkpt>
			<trkpt lat="47.0835201976" lon="9.4786435875">
				<ele>483.6</ele>
				<extensions>
					<swisstopo:routepoint_id>565074102</swisstopo:routepoint_id>
				</extensions>
			</trkpt>
			<trkpt lat="47.0835058043" lon="9.4786226073">
				<ele>483.7</ele>
				<extensions>
					<swisstopo:routepoint_id>1087894380</swisstopo:routepoint_id>
				</extensions>
			</trkpt>
			<trkpt lat="47.0833816802" lon="9.4783860969">
				<ele>484.7</ele>
				<extensions>
					<swisstopo:routepoint_id>1008195030</swisstopo:routepoint_id>
				</extensions>
			</trkpt>
			<trkpt lat="47.0833561097" lon="9.4783241311">
				<ele>485.0</ele>
				<extensions>
					<swisstopo:routepoint_id>23825796</swisstopo:routepoint_id>
				</extensions>
			</trkpt>
			<trkpt lat="47.0833209524" lon="9.4782030610">
				<ele>485.6</ele>
				<extensions>
					<swisstopo:routepoint_id>1246684225</swisstopo:routepoint_id>
				</extensions>
			</trkpt>
			<trkpt lat="47.0833080750" lon="9.4781574918">
				<ele>485.7</ele>
				<extensions>
					<swisstopo:routepoint_id>1110550786</swisstopo:routepoint_id>
				</extensions>
			</trkpt>
			<trkpt lat="47.0832904771" lon="9.4780975287">
				<ele>486.1</ele>
				<extensions>
					<swisstopo:routepoint_id>225202400</swisstopo:routepoint_id>
				</extensions>
			</trkpt>
			<trkpt lat="47.0832744404" lon="9.4780428817">
				<ele>486.3</ele>
				<extensions>
					<swisstopo:routepoint_id>627507431</swisstopo:routepoint_id>
				</extensions>
			</trkpt>
			<trkpt lat="47.0832367208" lon="9.4779145747">
				<ele>486.9</ele>
				<extensions>
					<swisstopo:routepoint_id>827624150</swisstopo:routepoint_id>
				</extensions>
			</trkpt>
			<trkpt lat="47.0831972077" lon="9.4777935234">
				<ele>487.4</ele>
				<extensions>
					<swisstopo:routepoint_id>1326079188</swisstopo:routepoint_id>
				</extensions>
			</trkpt>
			<trkpt lat="47.0831377574" lon="9.4776692634">
				<ele>487.7</ele>
				<extensions>
					<swisstopo:routepoint_id>190588695</swisstopo:routepoint_id>
				</extensions>
			</trkpt>
			<trkpt lat="47.0830149022" lon="9.4774798062">
				<ele>488.1</ele>
				<extensions>
					<swisstopo:routepoint_id>2105968707</swisstopo:routepoint_id>
				</extensions>
			</trkpt>
			<trkpt lat="47.0829475844" lon="9.4773759954">
				<ele>488.3</ele>
				<extensions>
					<swisstopo:routepoint_id>910253584</swisstopo:routepoint_id>
				</extensions>
			</trkpt>
			<trkpt lat="47.0829398593" lon="9.4773640824">
				<ele>488.4</ele>
				<extensions>
					<swisstopo:routepoint_id>306581991</swisstopo:routepoint_id>
				</extensions>
			</trkpt>
			<trkpt lat="47.0828443192" lon="9.4772067424">
				<ele>488.6</ele>
				<extensions>
					<swisstopo:routepoint_id>1880711512</swisstopo:routepoint_id>
				</extensions>
			</trkpt>
			<trkpt lat="47.0827844790" lon="9.4771044286">
				<ele>488.7</ele>
				<extensions>
					<swisstopo:routepoint_id>2086647746</swisstopo:routepoint_id>
				</extensions>
			</trkpt>
			<trkpt lat="47.0827488942" lon="9.4770560856">
				<ele>488.8</ele>
				<extensions>
					<swisstopo:routepoint_id>575997825</swisstopo:routepoint_id>
				</extensions>
			</trkpt>
			<trkpt lat="47.0827161300" lon="9.4770115656">
				<ele>488.8</ele>
				<extensions>
					<swisstopo:routepoint_id>875152704</swisstopo:routepoint_id>
				</extensions>
			</trkpt>
			<trkpt lat="47.0825839467" lon="9.4768528188">
				<ele>489.0</ele>
				<extensions>
					<swisstopo:routepoint_id>612852188</swisstopo:routepoint_id>
				</extensions>
			</trkpt>
			<trkpt lat="47.0823771513" lon="9.4766199675">
				<ele>489.3</ele>
				<extensions>
					<swisstopo:routepoint_id>1226658884</swisstopo:routepoint_id>
				</extensions>
			</trkpt>
			<trkpt lat="47.0823311737" lon="9.4765406693">
				<ele>489.7</ele>
				<extensions>
					<swisstopo:routepoint_id>1695495161</swisstopo:routepoint_id>
				</extensions>
			</trkpt>
			<trkpt lat="47.0823002222" lon="9.4765004600">
				<ele>490.0</ele>
				<extensions>
					<swisstopo:routepoint_id>341383014</swisstopo:routepoint_id>
				</extensions>
			</trkpt>
			<trkpt lat="47.0822478434" lon="9.4764472242">
				<ele>490.2</ele>
				<extensions>
					<swisstopo:routepoint_id>567972047</swisstopo:routepoint_id>
				</extensions>
			</trkpt>
			<trkpt lat="47.0821738891" lon="9.4763882937">
				<ele>490.5</ele>
				<extensions>
					<swisstopo:routepoint_id>938399945</swisstopo:routepoint_id>
				</extensions>
			</trkpt>
			<trkpt lat="47.0819977596" lon="9.4762644864">
				<ele>491.3</ele>
				<extensions>
					<swisstopo:routepoint_id>79658518</swisstopo:routepoint_id>
				</extensions>
			</trkpt>
			<trkpt lat="47.0819370965" lon="9.4762085255">
				<ele>491.7</ele>
				<extensions>
					<swisstopo:routepoint_id>116917189</swisstopo:routepoint_id>
				</extensions>
			</trkpt>
			<trkpt lat="47.0818748049" lon="9.4761500393">
				<ele>492.2</ele>
				<extensions>
					<swisstopo:routepoint_id>834876841</swisstopo:routepoint_id>
				</extensions>
			</trkpt>
			<trkpt lat="47.0818307437" lon="9.4760971206">
				<ele>492.6</ele>
				<extensions>
					<swisstopo:routepoint_id>1139403020</swisstopo:routepoint_id>
				</extensions>
			</trkpt>
			<trkpt lat="47.0817950609" lon="9.4760420974">
				<ele>492.9</ele>
				<extensions>
					<swisstopo:routepoint_id>501833027</swisstopo:routepoint_id>
				</extensions>
			</trkpt>
			<trkpt lat="47.0817743679" lon="9.4759876309">
				<ele>493.3</ele>
				<extensions>
					<swisstopo:routepoint_id>1228568876</swisstopo:routepoint_id>
				</extensions>
			</trkpt>
			<trkpt lat="47.0817506327" lon="9.4759159765">
				<ele>493.6</ele>
				<extensions>
					<swisstopo:routepoint_id>1830551514</swisstopo:routepoint_id>
				</extensions>
			</trkpt>
			<trkpt lat="47.0817073646" lon="9.4758589131">
				<ele>493.8</ele>
				<extensions>
					<swisstopo:routepoint_id>2064284457</swisstopo:routepoint_id>
				</extensions>
			</trkpt>
			<trkpt lat="47.0816596032" lon="9.4758131914">
				<ele>493.8</ele>
				<extensions>
					<swisstopo:routepoint_id>57748522</swisstopo:routepoint_id>
				</extensions>
			</trkpt>
			<trkpt lat="47.0816032816" lon="9.4757671314">
				<ele>493.9</ele>
				<extensions>
					<swisstopo:routepoint_id>1470544835</swisstopo:routepoint_id>
				</extensions>
			</trkpt>
			<trkpt lat="47.0815384736" lon="9.4757165727">
				<ele>494.0</ele>
				<extensions>
					<swisstopo:routepoint_id>1173045185</swisstopo:routepoint_id>
				</extensions>
			</trkpt>
			<trkpt lat="47.0814677616" lon="9.4756762352">
				<ele>494.1</ele>
				<extensions>
					<swisstopo:routepoint_id>881449113</swisstopo:routepoint_id>
				</extensions>
			</trkpt>
			<trkpt lat="47.0813757963" lon="9.4756267385">
				<ele>494.3</ele>
				<extensions>
					<swisstopo:routepoint_id>1488482088</swisstopo:routepoint_id>
				</extensions>
			</trkpt>
			<trkpt lat="47.0812708982" lon="9.4755809259">
				<ele>494.5</ele>
				<extensions>
					<swisstopo:routepoint_id>345970531</swisstopo:routepoint_id>
				</extensions>
			</trkpt>
			<trkpt lat="47.0811928331" lon="9.4755528635">
				<ele>494.6</ele>
				<extensions>
					<swisstopo:routepoint_id>1711414407</swisstopo:routepoint_id>
				</extensions>
			</trkpt>
			<trkpt lat="47.0811400880" lon="9.4755466680">
				<ele>494.7</ele>
				<extensions>
					<swisstopo:routepoint_id>1727722842</swisstopo:routepoint_id>
				</extensions>
			</trkpt>
			<trkpt lat="47.0810885869" lon="9.4755509798">
				<ele>494.8</ele>
				<extensions>
					<swisstopo:routepoint_id>227411265</swisstopo:routepoint_id>
				</extensions>
			</trkpt>
			<trkpt lat="47.0810526011" lon="9.4755663407">
				<ele>494.8</ele>
				<extensions>
					<swisstopo:routepoint_id>1741817367</swisstopo:routepoint_id>
				</extensions>
			</trkpt>
			<trkpt lat="47.0810207562" lon="9.4755902231">
				<ele>494.8</ele>
				<extensions>
					<swisstopo:routepoint_id>1905712675</swisstopo:routepoint_id>
				</extensions>
			</trkpt>
			<trkpt lat="47.0809869629" lon="9.4756433153">
				<ele>494.8</ele>
				<extensions>
					<swisstopo:routepoint_id>912541586</swisstopo:routepoint_id>
				</extensions>
			</trkpt>
			<trkpt lat="47.0809478823" lon="9.4755916414">
				<ele>494.9</ele>
				<extensions>
					<swisstopo:routepoint_id>41452802</swisstopo:routepoint_id>
				</extensions>
			</trkpt>
			<trkpt lat="47.0809228869" lon="9.4755509614">
				<ele>495.3</ele>
				<extensions>
					<swisstopo:routepoint_id>160230020</swisstopo:routepoint_id>
				</extensions>
			</trkpt>
			<trkpt lat="47.0809106667" lon="9.4755149442">
				<ele>495.6</ele>
				<extensions>
					<swisstopo:routepoint_id>1601135111</swisstopo:routepoint_id>
				</extensions>
			</trkpt>
			<trkpt lat="47.0809140818" lon="9.4754837104">
				<ele>495.7</ele>
				<extensions>
					<swisstopo:routepoint_id>1759148480</swisstopo:routepoint_id>
				</extensions>
			</trkpt>
			<trkpt lat="47.0809263169" lon="9.4754381631">
				<ele>495.9</ele>
				<extensions>
					<swisstopo:routepoint_id>681902296</swisstopo:routepoint_id>
				</extensions>
			</trkpt>
			<trkpt lat="47.0809341605" lon="9.4753987330">
				<ele>496.0</ele>
				<extensions>
					<swisstopo:routepoint_id>1314187613</swisstopo:routepoint_id>
				</extensions>
			</trkpt>
			<trkpt lat="47.0809291173" lon="9.4753608943">
				<ele>496.1</ele>
				<extensions>
					<swisstopo:routepoint_id>1158725287</swisstopo:routepoint_id>
				</extensions>
			</trkpt>
			<trkpt lat="47.0809120425" lon="9.4753297110">
				<ele>496.3</ele>
				<extensions>
					<swisstopo:routepoint_id>1016248954</swisstopo:routepoint_id>
				</extensions>
			</trkpt>
			<trkpt lat="47.0808469256" lon="9.4752427587">
				<ele>496.9</ele>
				<extensions>
					<swisstopo:routepoint_id>1511617052</swisstopo:routepoint_id>
				</extensions>
			</trkpt>
			<trkpt lat="47.0807814283" lon="9.4751503524">
				<ele>497.7</ele>
				<extensions>
					<swisstopo:routepoint_id>1917581883</swisstopo:routepoint_id>
				</extensions>
			</trkpt>
			<trkpt lat="47.0807155981" lon="9.4750767309">
				<ele>498.4</ele>
				<extensions>
					<swisstopo:routepoint_id>838178308</swisstopo:routepoint_id>
				</extensions>
			</trkpt>
			<trkpt lat="47.0806483376" lon="9.4750030811">
				<ele>499.3</ele>
				<extensions>
					<swisstopo:routepoint_id>876318262</swisstopo:routepoint_id>
				</extensions>
			</trkpt>
			<trkpt lat="47.0805784397" lon="9.4749167784">
				<ele>500.3</ele>
				<extensions>
					<swisstopo:routepoint_id>755702660</swisstopo:routepoint_id>
				</extensions>
			</trkpt>
			<trkpt lat="47.0805365824" lon="9.4748608111">
				<ele>500.9</ele>
				<extensions>
					<swisstopo:routepoint_id>1526934330</swisstopo:routepoint_id>
				</extensions>
			</trkpt>
			<trkpt lat="47.0804978348" lon="9.4747903272">
				<ele>501.6</ele>
				<extensions>
					<swisstopo:routepoint_id>220371794</swisstopo:routepoint_id>
				</extensions>
			</trkpt>
			<trkpt lat="47.0804710253" lon="9.4746910280">
				<ele>502.3</ele>
				<extensions>
					<swisstopo:routepoint_id>1619026933</swisstopo:routepoint_id>
				</extensions>
			</trkpt>
			<trkpt lat="47.0804472515" lon="9.4745813853">
				<ele>503.3</ele>
				<extensions>
					<swisstopo:routepoint_id>821294486</swisstopo:routepoint_id>
				</extensions>
			</trkpt>
			<trkpt lat="47.0804313803" lon="9.4745096898">
				<ele>503.9</ele>
				<extensions>
					<swisstopo:routepoint_id>1147835241</swisstopo:routepoint_id>
				</extensions>
			</trkpt>
			<trkpt lat="47.0804163839" lon="9.4744693787">
				<ele>504.3</ele>
				<extensions>
					<swisstopo:routepoint_id>1865812105</swisstopo:routepoint_id>
				</extensions>
			</trkpt>
			<trkpt lat="47.0803983053" lon="9.4744415169">
				<ele>504.6</ele>
				<extensions>
					<swisstopo:routepoint_id>1048873183</swisstopo:routepoint_id>
				</extensions>
			</trkpt>
			<trkpt lat="47.0803730226" lon="9.4744175435">
				<ele>504.9</ele>
				<extensions>
					<swisstopo:routepoint_id>292407417</swisstopo:routepoint_id>
				</extensions>
			</trkpt>
			<trkpt lat="47.0802920603" lon="9.4743914672">
				<ele>505.6</ele>
				<extensions>
					<swisstopo:routepoint_id>1975646133</swisstopo:routepoint_id>
				</extensions>
			</trkpt>
			<trkpt lat="47.0802169194" lon="9.4743593420">
				<ele>506.2</ele>
				<extensions>
					<swisstopo:routepoint_id>2136996023</swisstopo:routepoint_id>
				</extensions>
			</trkpt>
			<trkpt lat="47.0801856923" lon="9.4743407413">
				<ele>506.4</ele>
				<extensions>
					<swisstopo:routepoint_id>626982315</swisstopo:routepoint_id>
				</extensions>
			</trkpt>
			<trkpt lat="47.0801193919" lon="9.4743012597">
				<ele>507.0</ele>
				<extensions>
					<swisstopo:routepoint_id>1048160608</swisstopo:routepoint_id>
				</extensions>
			</trkpt>
			<trkpt lat="47.0800854283" lon="9.4742832401">
				<ele>507.3</ele>
				<extensions>
					<swisstopo:routepoint_id>1580744235</swisstopo:routepoint_id>
				</extensions>
			</trkpt>
			<trkpt lat="47.0800527739" lon="9.4742715401">
				<ele>507.6</ele>
				<extensions>
					<swisstopo:routepoint_id>1393588231</swisstopo:routepoint_id>
				</extensions>
			</trkpt>
			<trkpt lat="47.0800144559" lon="9.4742575437">
				<ele>508.0</ele>
				<extensions>
					<swisstopo:routepoint_id>2077802414</swisstopo:routepoint_id>
				</extensions>
			</trkpt>
			<trkpt lat="47.0799730939" lon="9.4742538776">
				<ele>508.2</ele>
				<extensions>
					<swisstopo:routepoint_id>193061112</swisstopo:routepoint_id>
				</extensions>
			</trkpt>
			<trkpt lat="47.0798416532" lon="9.4742551519">
				<ele>509.0</ele>
				<extensions>
					<swisstopo:routepoint_id>34126923</swisstopo:routepoint_id>
				</extensions>
			</trkpt>
			<trkpt lat="47.0797100280" lon="9.4742668787">
				<ele>509.8</ele>
				<extensions>
					<swisstopo:routepoint_id>810595013</swisstopo:routepoint_id>
				</extensions>
			</trkpt>
			<trkpt lat="47.0796471442" lon="9.4742686776">
				<ele>510.2</ele>
				<extensions>
					<swisstopo:routepoint_id>1421652505</swisstopo:routepoint_id>
				</extensions>
			</trkpt>
			<trkpt lat="47.0795885868" lon="9.4742685465">
				<ele>510.5</ele>
				<extensions>
					<swisstopo:routepoint_id>1669057717</swisstopo:routepoint_id>
				</extensions>
			</trkpt>
			<trkpt lat="47.0794959084" lon="9.4742587412">
				<ele>511.0</ele>
				<extensions>
					<swisstopo:routepoint_id>1132680675</swisstopo:routepoint_id>
				</extensions>
			</trkpt>
			<trkpt lat="47.0794659289" lon="9.4742576019">
				<ele>511.0</ele>
				<extensions>
					<swisstopo:routepoint_id>1044740821</swisstopo:routepoint_id>
				</extensions>
			</trkpt>
			<trkpt lat="47.0794258110" lon="9.4742644413">
				<ele>511.0</ele>
				<extensions>
					<swisstopo:routepoint_id>37883019</swisstopo:routepoint_id>
				</extensions>
			</trkpt>
			<trkpt lat="47.0793798349" lon="9.4742794230">
				<ele>510.9</ele>
				<extensions>
					<swisstopo:routepoint_id>1880184432</swisstopo:routepoint_id>
				</extensions>
			</trkpt>
			<trkpt lat="47.0792792855" lon="9.4743111534">
				<ele>510.8</ele>
				<extensions>
					<swisstopo:routepoint_id>1441009893</swisstopo:routepoint_id>
				</extensions>
			</trkpt>
			<trkpt lat="47.0791600564" lon="9.4743484436">
				<ele>510.7</ele>
				<extensions>
					<swisstopo:routepoint_id>1838869410</swisstopo:routepoint_id>
				</extensions>
			</trkpt>
			<trkpt lat="47.0791011289" lon="9.4743692026">
				<ele>510.8</ele>
				<extensions>
					<swisstopo:routepoint_id>1032261068</swisstopo:routepoint_id>
				</extensions>
			</trkpt>
			<trkpt lat="47.0790004596" lon="9.4744071979">
				<ele>510.9</ele>
				<extensions>
					<swisstopo:routepoint_id>831098108</swisstopo:routepoint_id>
				</extensions>
			</trkpt>
			<trkpt lat="47.0789011829" lon="9.4744473407">
				<ele>511.0</ele>
				<extensions>
					<swisstopo:routepoint_id>995402434</swisstopo:routepoint_id>
				</extensions>
			</trkpt>
			<trkpt lat="47.0788279758" lon="9.4744675567">
				<ele>511.1</ele>
				<extensions>
					<swisstopo:routepoint_id>1245336528</swisstopo:routepoint_id>
				</extensions>
			</trkpt>
			<trkpt lat="47.0787449822" lon="9.4744748611">
				<ele>511.2</ele>
				<extensions>
					<swisstopo:routepoint_id>454179938</swisstopo:routepoint_id>
				</extensions>
			</trkpt>
			<trkpt lat="47.0786284983" lon="9.4744785868">
				<ele>511.4</ele>
				<extensions>
					<swisstopo:routepoint_id>271672780</swisstopo:routepoint_id>
				</extensions>
			</trkpt>
			<trkpt lat="47.0784505979" lon="9.4744744331">
				<ele>511.8</ele>
				<extensions>
					<swisstopo:routepoint_id>384485629</swisstopo:routepoint_id>
				</extensions>
			</trkpt>
			<trkpt lat="47.0783065592" lon="9.4744686561">
				<ele>512.0</ele>
				<extensions>
					<swisstopo:routepoint_id>1910103976</swisstopo:routepoint_id>
				</extensions>
			</trkpt>
			<trkpt lat="47.0781724164" lon="9.4744614634">
				<ele>512.2</ele>
				<extensions>
					<swisstopo:routepoint_id>504945439</swisstopo:routepoint_id>
				</extensions>
			</trkpt>
			<trkpt lat="47.0780688706" lon="9.4744418929">
				<ele>512.5</ele>
				<extensions>
					<swisstopo:routepoint_id>1648687240</swisstopo:routepoint_id>
				</extensions>
			</trkpt>
			<trkpt lat="47.0779138476" lon="9.4744075230">
				<ele>513.0</ele>
				<extensions>
					<swisstopo:routepoint_id>1966399389</swisstopo:routepoint_id>
				</extensions>
			</trkpt>
			<trkpt lat="47.0778414656" lon="9.4743933785">
				<ele>513.3</ele>
				<extensions>
					<swisstopo:routepoint_id>2096235832</swisstopo:routepoint_id>
				</extensions>
			</trkpt>
			<trkpt lat="47.0777807215" lon="9.4743815729">
				<ele>513.5</ele>
				<extensions>
					<swisstopo:routepoint_id>433275766</swisstopo:routepoint_id>
				</extensions>
			</trkpt>
			<trkpt lat="47.0777445974" lon="9.4743707163">
				<ele>513.6</ele>
				<extensions>
					<swisstopo:routepoint_id>165492033</swisstopo:routepoint_id>
				</extensions>
			</trkpt>
			<trkpt lat="47.0776994336" lon="9.4743576062">
				<ele>513.8</ele>
				<extensions>
					<swisstopo:routepoint_id>1863070420</swisstopo:routepoint_id>
				</extensions>
			</trkpt>
			<trkpt lat="47.0776608881" lon="9.4743371607">
				<ele>513.9</ele>
				<extensions>
					<swisstopo:routepoint_id>203909055</swisstopo:routepoint_id>
				</extensions>
			</trkpt>
			<trkpt lat="47.0775966205" lon="9.4743043308">
				<ele>514.1</ele>
				<extensions>
					<swisstopo:routepoint_id>161006325</swisstopo:routepoint_id>
				</extensions>
			</trkpt>
			<trkpt lat="47.0775081351" lon="9.4742478200">
				<ele>514.4</ele>
				<extensions>
					<swisstopo:routepoint_id>438654868</swisstopo:routepoint_id>
				</extensions>
			</trkpt>
			<trkpt lat="47.0774313798" lon="9.4741879487">
				<ele>514.7</ele>
				<extensions>
					<swisstopo:routepoint_id>254805798</swisstopo:routepoint_id>
				</extensions>
			</trkpt>
			<trkpt lat="47.0773430690" lon="9.4741058389">
				<ele>515.0</ele>
				<extensions>
					<swisstopo:routepoint_id>2012187022</swisstopo:routepoint_id>
				</extensions>
			</trkpt>
			<trkpt lat="47.0772013700" lon="9.4739603602">
				<ele>515.8</ele>
				<extensions>
					<swisstopo:routepoint_id>1583357057</swisstopo:routepoint_id>
				</extensions>
			</trkpt>
			<trkpt lat="47.0770332543" lon="9.4737741399">
				<ele>516.9</ele>
				<extensions>
					<swisstopo:routepoint_id>553479802</swisstopo:routepoint_id>
				</extensions>
			</trkpt>
			<trkpt lat="47.0769074493" lon="9.4736188088">
				<ele>517.7</ele>
				<extensions>
					<swisstopo:routepoint_id>1982816964</swisstopo:routepoint_id>
				</extensions>
			</trkpt>
			<trkpt lat="47.0768406319" lon="9.4735200914">
				<ele>518.1</ele>
				<extensions>
					<swisstopo:routepoint_id>1336114228</swisstopo:routepoint_id>
				</extensions>
			</trkpt>
			<trkpt lat="47.0768045115" lon="9.4734622523">
				<ele>518.4</ele>
				<extensions>
					<swisstopo:routepoint_id>1449793870</swisstopo:routepoint_id>
				</extensions>
			</trkpt>
			<trkpt lat="47.0767659483" lon="9.4733813367">
				<ele>518.8</ele>
				<extensions>
					<swisstopo:routepoint_id>1696786169</swisstopo:routepoint_id>
				</extensions>
			</trkpt>
			<trkpt lat="47.0767373745" lon="9.4733007869">
				<ele>519.1</ele>
				<extensions>
					<swisstopo:routepoint_id>1688623382</swisstopo:routepoint_id>
				</extensions>
			</trkpt>
			<trkpt lat="47.0767173705" lon="9.4732205765">
				<ele>519.4</ele>
				<extensions>
					<swisstopo:routepoint_id>692631046</swisstopo:routepoint_id>
				</extensions>
			</trkpt>
			<trkpt lat="47.0766988703" lon="9.4731362344">
				<ele>519.8</ele>
				<extensions>
					<swisstopo:routepoint_id>1241229772</swisstopo:routepoint_id>
				</extensions>
			</trkpt>
			<trkpt lat="47.0766792640" lon="9.4730330282">
				<ele>520.1</ele>
				<extensions>
					<swisstopo:routepoint_id>1811386292</swisstopo:routepoint_id>
				</extensions>
			</trkpt>
			<trkpt lat="47.0766664737" lon="9.4729489030">
				<ele>520.4</ele>
				<extensions>
					<swisstopo:routepoint_id>1775260409</swisstopo:routepoint_id>
				</extensions>
			</trkpt>
			<trkpt lat="47.0766325210" lon="9.4726883319">
				<ele>521.2</ele>
				<extensions>
					<swisstopo:routepoint_id>1721082436</swisstopo:routepoint_id>
				</extensions>
			</trkpt>
			<trkpt lat="47.0766098176" lon="9.4725180970">
				<ele>521.7</ele>
				<extensions>
					<swisstopo:routepoint_id>921858042</swisstopo:routepoint_id>
				</extensions>
			</trkpt>
			<trkpt lat="47.0765942414" lon="9.4724296911">
				<ele>522.0</ele>
				<extensions>
					<swisstopo:routepoint_id>648503681</swisstopo:routepoint_id>
				</extensions>
			</trkpt>
			<trkpt lat="47.0765824273" lon="9.4723706951">
				<ele>522.2</ele>
				<extensions>
					<swisstopo:routepoint_id>1346128918</swisstopo:routepoint_id>
				</extensions>
			</trkpt>
			<trkpt lat="47.0765676519" lon="9.4723178564">
				<ele>522.4</ele>
				<extensions>
					<swisstopo:routepoint_id>1766416378</swisstopo:routepoint_id>
				</extensions>
			</trkpt>
			<trkpt lat="47.0765416046" lon="9.4722562257">
				<ele>522.7</ele>
				<extensions>
					<swisstopo:routepoint_id>922371832</swisstopo:routepoint_id>
				</extensions>
			</trkpt>
			<trkpt lat="47.0765153716" lon="9.4722050464">
				<ele>522.9</ele>
				<extensions>
					<swisstopo:routepoint_id>2144344198</swisstopo:routepoint_id>
				</extensions>
			</trkpt>
			<trkpt lat="47.0764848130" lon="9.4721557972">
				<ele>523.3</ele>
				<extensions>
					<swisstopo:routepoint_id>69508417</swisstopo:routepoint_id>
				</extensions>
			</trkpt>
			<trkpt lat="47.0764540412" lon="9.4721190790">
				<ele>523.6</ele>
				<extensions>
					<swisstopo:routepoint_id>1941006342</swisstopo:routepoint_id>
				</extensions>
			</trkpt>
			<trkpt lat="47.0764203361" lon="9.4720864379">
				<ele>523.9</ele>
				<extensions>
					<swisstopo:routepoint_id>628631705</swisstopo:routepoint_id>
				</extensions>
			</trkpt>
			<trkpt lat="47.0763175320" lon="9.4720030854">
				<ele>524.9</ele>
				<extensions>
					<swisstopo:routepoint_id>1635661736</swisstopo:routepoint_id>
				</extensions>
			</trkpt>
			<trkpt lat="47.0762781169" lon="9.4719702150">
				<ele>525.3</ele>
				<extensions>
					<swisstopo:routepoint_id>281581611</swisstopo:routepoint_id>
				</extensions>
			</trkpt>
			<trkpt lat="47.0762528983" lon="9.4719420848">
				<ele>525.6</ele>
				<extensions>
					<swisstopo:routepoint_id>1459314114</swisstopo:routepoint_id>
				</extensions>
			</trkpt>
			<trkpt lat="47.0762306131" lon="9.4719098645">
				<ele>525.8</ele>
				<extensions>
					<swisstopo:routepoint_id>528812200</swisstopo:routepoint_id>
				</extensions>
			</trkpt>
			<trkpt lat="47.0761736454" lon="9.4718198883">
				<ele>526.5</ele>
				<extensions>
					<swisstopo:routepoint_id>2005303574</swisstopo:routepoint_id>
				</extensions>
			</trkpt>
			<trkpt lat="47.0760932497" lon="9.4716809211">
				<ele>527.6</ele>
				<extensions>
					<swisstopo:routepoint_id>1854107992</swisstopo:routepoint_id>
				</extensions>
			</trkpt>
			<trkpt lat="47.0760448427" lon="9.4715912701">
				<ele>528.3</ele>
				<extensions>
					<swisstopo:routepoint_id>877273121</swisstopo:routepoint_id>
				</extensions>
			</trkpt>
			<trkpt lat="47.0760072268" lon="9.4715375653">
				<ele>528.7</ele>
				<extensions>
					<swisstopo:routepoint_id>171268243</swisstopo:routepoint_id>
				</extensions>
			</trkpt>
			<trkpt lat="47.0758840471" lon="9.4713948811">
				<ele>530.2</ele>
				<extensions>
					<swisstopo:routepoint_id>1019767850</swisstopo:routepoint_id>
				</extensions>
			</trkpt>
			<trkpt lat="47.0758351874" lon="9.4713303053">
				<ele>530.9</ele>
				<extensions>
					<swisstopo:routepoint_id>944176619</swisstopo:routepoint_id>
				</extensions>
			</trkpt>
			<trkpt lat="47.0758060301" lon="9.4712831910">
				<ele>531.3</ele>
				<extensions>
					<swisstopo:routepoint_id>1710938907</swisstopo:routepoint_id>
				</extensions>
			</trkpt>
			<trkpt lat="47.0757840772" lon="9.4712321753">
				<ele>531.7</ele>
				<extensions>
					<swisstopo:routepoint_id>492156272</swisstopo:routepoint_id>
				</extensions>
			</trkpt>
			<trkpt lat="47.0757639891" lon="9.4711561390">
				<ele>532.3</ele>
				<extensions>
					<swisstopo:routepoint_id>103908869</swisstopo:routepoint_id>
				</extensions>
			</trkpt>
			<trkpt lat="47.0757447593" lon="9.4710320470">
				<ele>533.2</ele>
				<extensions>
					<swisstopo:routepoint_id>1563310902</swisstopo:routepoint_id>
				</extensions>
			</trkpt>
			<trkpt lat="47.0757335364" lon="9.4709396196">
				<ele>534.0</ele>
				<extensions>
					<swisstopo:routepoint_id>2016225845</swisstopo:routepoint_id>
				</extensions>
			</trkpt>
			<trkpt lat="47.0757232619" lon="9.4708744136">
				<ele>534.6</ele>
				<extensions>
					<swisstopo:routepoint_id>742770563</swisstopo:routepoint_id>
				</extensions>
			</trkpt>
			<trkpt lat="47.0757073514" lon="9.4708048057">
				<ele>535.2</ele>
				<extensions>
					<swisstopo:routepoint_id>598917036</swisstopo:routepoint_id>
				</extensions>
			</trkpt>
			<trkpt lat="47.0756777625" lon="9.4707012235">
				<ele>536.3</ele>
				<extensions>
					<swisstopo:routepoint_id>1933243678</swisstopo:routepoint_id>
				</extensions>
			</trkpt>
			<trkpt lat="47.0756518987" lon="9.4706291571">
				<ele>537.0</ele>
				<extensions>
					<swisstopo:routepoint_id>1565975209</swisstopo:routepoint_id>
				</extensions>
			</trkpt>
			<trkpt lat="47.0756203532" lon="9.4705547809">
				<ele>537.8</ele>
				<extensions>
					<swisstopo:routepoint_id>859813</swisstopo:routepoint_id>
				</extensions>
			</trkpt>
			<trkpt lat="47.0755940821" lon="9.4705056827">
				<ele>538.3</ele>
				<extensions>
					<swisstopo:routepoint_id>21082624</swisstopo:routepoint_id>
				</extensions>
			</trkpt>
			<trkpt lat="47.0755565406" lon="9.4704478068">
				<ele>539.0</ele>
				<extensions>
					<swisstopo:routepoint_id>982576922</swisstopo:routepoint_id>
				</extensions>
			</trkpt>
			<trkpt lat="47.0754979478" lon="9.4703682163">
				<ele>539.8</ele>
				<extensions>
					<swisstopo:routepoint_id>1477882932</swisstopo:routepoint_id>
				</extensions>
			</trkpt>
			<trkpt lat="47.0754464681" lon="9.4702909902">
				<ele>540.6</ele>
				<extensions>
					<swisstopo:routepoint_id>323737369</swisstopo:routepoint_id>
				</extensions>
			</trkpt>
			<trkpt lat="47.0754214703" lon="9.4702503177">
				<ele>541.1</ele>
				<extensions>
					<swisstopo:routepoint_id>1918022298</swisstopo:routepoint_id>
				</extensions>
			</trkpt>
			<trkpt lat="47.0754037978" lon="9.4701994649">
				<ele>541.5</ele>
				<extensions>
					<swisstopo:routepoint_id>1555113584</swisstopo:routepoint_id>
				</extensions>
			</trkpt>
			<trkpt lat="47.0753877020" lon="9.4701403085">
				<ele>542.0</ele>
				<extensions>
					<swisstopo:routepoint_id>818096354</swisstopo:routepoint_id>
				</extensions>
			</trkpt>
			<trkpt lat="47.0753565080" lon="9.4699655817">
				<ele>543.2</ele>
				<extensions>
					<swisstopo:routepoint_id>1761401807</swisstopo:routepoint_id>
				</extensions>
			</trkpt>
			<trkpt lat="47.0753490567" lon="9.4699025646">
				<ele>543.8</ele>
				<extensions>
					<swisstopo:routepoint_id>1520094417</swisstopo:routepoint_id>
				</extensions>
			</trkpt>
			<trkpt lat="47.0753422234" lon="9.4698040351">
				<ele>544.6</ele>
				<extensions>
					<swisstopo:routepoint_id>968483290</swisstopo:routepoint_id>
				</extensions>
			</trkpt>
			<trkpt lat="47.0753339315" lon="9.4697075446">
				<ele>545.4</ele>
				<extensions>
					<swisstopo:routepoint_id>577209027</swisstopo:routepoint_id>
				</extensions>
			</trkpt>
			<trkpt lat="47.0753048802" lon="9.4694116190">
				<ele>547.7</ele>
				<extensions>
					<swisstopo:routepoint_id>316272936</swisstopo:routepoint_id>
				</extensions>
			</trkpt>
			<trkpt lat="47.0752819433" lon="9.4690929286">
				<ele>549.2</ele>
				<extensions>
					<swisstopo:routepoint_id>2049117125</swisstopo:routepoint_id>
				</extensions>
			</trkpt>
			<trkpt lat="47.0752220139" lon="9.4689275585">
				<ele>549.3</ele>
				<extensions>
					<swisstopo:routepoint_id>1122736981</swisstopo:routepoint_id>
				</extensions>
			</trkpt>
			<trkpt lat="47.0751798248" lon="9.4689009210">
				<ele>549.2</ele>
				<extensions>
					<swisstopo:routepoint_id>570446227</swisstopo:routepoint_id>
				</extensions>
			</trkpt>
			<trkpt lat="47.0750989175" lon="9.4688416137">
				<ele>549.3</ele>
				<extensions>
					<swisstopo:routepoint_id>257496876</swisstopo:routepoint_id>
				</extensions>
			</trkpt>
			<trkpt lat="47.0750298356" lon="9.4688015894">
				<ele>549.1</ele>
				<extensions>
					<swisstopo:routepoint_id>874750434</swisstopo:routepoint_id>
				</extensions>
			</trkpt>
			<trkpt lat="47.0750073236" lon="9.4687897911">
				<ele>548.8</ele>
				<extensions>
					<swisstopo:routepoint_id>53972324</swisstopo:routepoint_id>
				</extensions>
			</trkpt>
			<trkpt lat="47.0749773810" lon="9.4687865622">
				<ele>548.3</ele>
				<extensions>
					<swisstopo:routepoint_id>669917935</swisstopo:routepoint_id>
				</extensions>
			</trkpt>
			<trkpt lat="47.0749414418" lon="9.4687998331">
				<ele>547.6</ele>
				<extensions>
					<swisstopo:routepoint_id>1667096392</swisstopo:routepoint_id>
				</extensions>
			</trkpt>
			<trkpt lat="47.0748807073" lon="9.4688414438">
				<ele>546.8</ele>
				<extensions>
					<swisstopo:routepoint_id>1391421225</swisstopo:routepoint_id>
				</extensions>
			</trkpt>
			<trkpt lat="47.0748480877" lon="9.4689092108">
				<ele>546.1</ele>
				<extensions>
					<swisstopo:routepoint_id>111245445</swisstopo:routepoint_id>
				</extensions>
			</trkpt>
			<trkpt lat="47.0748286792" lon="9.4689565628">
				<ele>545.6</ele>
				<extensions>
					<swisstopo:routepoint_id>678482145</swisstopo:routepoint_id>
				</extensions>
			</trkpt>
			<trkpt lat="47.0748164097" lon="9.4690041853">
				<ele>545.3</ele>
				<extensions>
					<swisstopo:routepoint_id>625490030</swisstopo:routepoint_id>
				</extensions>
			</trkpt>
			<trkpt lat="47.0748070278" lon="9.4690498362">
				<ele>545.0</ele>
				<extensions>
					<swisstopo:routepoint_id>1394809126</swisstopo:routepoint_id>
				</extensions>
			</trkpt>
			<trkpt lat="47.0748034387" lon="9.4690915184">
				<ele>544.7</ele>
				<extensions>
					<swisstopo:routepoint_id>1020990608</swisstopo:routepoint_id>
				</extensions>
			</trkpt>
			<trkpt lat="47.0747989544" lon="9.4691833484">
				<ele>544.2</ele>
				<extensions>
					<swisstopo:routepoint_id>312082826</swisstopo:routepoint_id>
				</extensions>
			</trkpt>
			<trkpt lat="47.0747920995" lon="9.4692479031">
				<ele>543.8</ele>
				<extensions>
					<swisstopo:routepoint_id>2109170265</swisstopo:routepoint_id>
				</extensions>
			</trkpt>
			<trkpt lat="47.0747853565" lon="9.4693061931">
				<ele>543.6</ele>
				<extensions>
					<swisstopo:routepoint_id>1897301503</swisstopo:routepoint_id>
				</extensions>
			</trkpt>
			<trkpt lat="47.0747760940" lon="9.4693455659">
				<ele>543.5</ele>
				<extensions>
					<swisstopo:routepoint_id>909857849</swisstopo:routepoint_id>
				</extensions>
			</trkpt>
			<trkpt lat="47.0747611496" lon="9.4693826421">
				<ele>543.3</ele>
				<extensions>
					<swisstopo:routepoint_id>1244437026</swisstopo:routepoint_id>
				</extensions>
			</trkpt>
			<trkpt lat="47.0747282016" lon="9.4694323782">
				<ele>543.1</ele>
				<extensions>
					<swisstopo:routepoint_id>75204666</swisstopo:routepoint_id>
				</extensions>
			</trkpt>
			<trkpt lat="47.0746699190" lon="9.4694970776">
				<ele>542.8</ele>
				<extensions>
					<swisstopo:routepoint_id>44980630</swisstopo:routepoint_id>
				</extensions>
			</trkpt>
			<trkpt lat="47.0746525583" lon="9.4695293469">
				<ele>542.6</ele>
				<extensions>
					<swisstopo:routepoint_id>1594484049</swisstopo:routepoint_id>
				</extensions>
			</trkpt>
			<trkpt lat="47.0746340069" lon="9.4695688943">
				<ele>542.4</ele>
				<extensions>
					<swisstopo:routepoint_id>273273905</swisstopo:routepoint_id>
				</extensions>
			</trkpt>
			<trkpt lat="47.0746193947" lon="9.4696075506">
				<ele>542.2</ele>
				<extensions>
					<swisstopo:routepoint_id>1529205543</swisstopo:routepoint_id>
				</extensions>
			</trkpt>
			<trkpt lat="47.0746064999" lon="9.4696788568">
				<ele>542.0</ele>
				<extensions>
					<swisstopo:routepoint_id>1671108487</swisstopo:routepoint_id>
				</extensions>
			</trkpt>
			<trkpt lat="47.0745914601" lon="9.4697696540">
				<ele>541.7</ele>
				<extensions>
					<swisstopo:routepoint_id>1429497868</swisstopo:routepoint_id>
				</extensions>
			</trkpt>
			<trkpt lat="47.0745767502" lon="9.4698407992">
				<ele>541.6</ele>
				<extensions>
					<swisstopo:routepoint_id>1270916990</swisstopo:routepoint_id>
				</extensions>
			</trkpt>
			<trkpt lat="47.0745601748" lon="9.4699090421">
				<ele>541.5</ele>
				<extensions>
					<swisstopo:routepoint_id>1193221468</swisstopo:routepoint_id>
				</extensions>
			</trkpt>
			<trkpt lat="47.0745416587" lon="9.4699786334">
				<ele>541.3</ele>
				<extensions>
					<swisstopo:routepoint_id>1551237264</swisstopo:routepoint_id>
				</extensions>
			</trkpt>
			<trkpt lat="47.0745277626" lon="9.4700582258">
				<ele>541.2</ele>
				<extensions>
					<swisstopo:routepoint_id>2080111711</swisstopo:routepoint_id>
				</extensions>
			</trkpt>
			<trkpt lat="47.0745238164" lon="9.4701185310">
				<ele>541.1</ele>
				<extensions>
					<swisstopo:routepoint_id>1832902097</swisstopo:routepoint_id>
				</extensions>
			</trkpt>
			<trkpt lat="47.0745253782" lon="9.4701930854">
				<ele>540.8</ele>
				<extensions>
					<swisstopo:routepoint_id>1559325034</swisstopo:routepoint_id>
				</extensions>
			</trkpt>
			<trkpt lat="47.0745384761" lon="9.4703215123">
				<ele>540.1</ele>
				<extensions>
					<swisstopo:routepoint_id>1583968978</swisstopo:routepoint_id>
				</extensions>
			</trkpt>
			<trkpt lat="47.0745557790" lon="9.4704838164">
				<ele>539.2</ele>
				<extensions>
					<swisstopo:routepoint_id>1915414044</swisstopo:routepoint_id>
				</extensions>
			</trkpt>
			<trkpt lat="47.0745705598" lon="9.4706249512">
				<ele>538.6</ele>
				<extensions>
					<swisstopo:routepoint_id>950235248</swisstopo:routepoint_id>
				</extensions>
			</trkpt>
			<trkpt lat="47.0745845854" lon="9.4707014010">
				<ele>538.5</ele>
				<extensions>
					<swisstopo:routepoint_id>540664815</swisstopo:routepoint_id>
				</extensions>
			</trkpt>
			<trkpt lat="47.0746091250" lon="9.4707796461">
				<ele>538.1</ele>
				<extensions>
					<swisstopo:routepoint_id>378624068</swisstopo:routepoint_id>
				</extensions>
			</trkpt>
			<trkpt lat="47.0746487506" lon="9.4709176408">
				<ele>537.5</ele>
				<extensions>
					<swisstopo:routepoint_id>1381378255</swisstopo:routepoint_id>
				</extensions>
			</trkpt>
			<trkpt lat="47.0746822224" lon="9.4710189184">
				<ele>536.9</ele>
				<extensions>
					<swisstopo:routepoint_id>740911023</swisstopo:routepoint_id>
				</extensions>
			</trkpt>
			<trkpt lat="47.0747132784" lon="9.4711204599">
				<ele>536.2</ele>
				<extensions>
					<swisstopo:routepoint_id>1152174746</swisstopo:routepoint_id>
				</extensions>
			</trkpt>
			<trkpt lat="47.0747541415" lon="9.4712138920">
				<ele>535.3</ele>
				<extensions>
					<swisstopo:routepoint_id>128678215</swisstopo:routepoint_id>
				</extensions>
			</trkpt>
			<trkpt lat="47.0747890889" lon="9.4713009615">
				<ele>534.5</ele>
				<extensions>
					<swisstopo:routepoint_id>2102642921</swisstopo:routepoint_id>
				</extensions>
			</trkpt>
			<trkpt lat="47.0748222289" lon="9.4713823521">
				<ele>533.9</ele>
				<extensions>
					<swisstopo:routepoint_id>913192169</swisstopo:routepoint_id>
				</extensions>
			</trkpt>
			<trkpt lat="47.0748349175" lon="9.4714250074">
				<ele>533.5</ele>
				<extensions>
					<swisstopo:routepoint_id>1333495123</swisstopo:routepoint_id>
				</extensions>
			</trkpt>
			<trkpt lat="47.0748429869" lon="9.4714576356">
				<ele>533.3</ele>
				<extensions>
					<swisstopo:routepoint_id>1192969645</swisstopo:routepoint_id>
				</extensions>
			</trkpt>
			<trkpt lat="47.0748458483" lon="9.4715125753">
				<ele>532.8</ele>
				<extensions>
					<swisstopo:routepoint_id>1231676554</swisstopo:routepoint_id>
				</extensions>
			</trkpt>
			<trkpt lat="47.0748407497" lon="9.4715840720">
				<ele>532.1</ele>
				<extensions>
					<swisstopo:routepoint_id>1949508519</swisstopo:routepoint_id>
				</extensions>
			</trkpt>
			<trkpt lat="47.0748287269" lon="9.4716665540">
				<ele>531.4</ele>
				<extensions>
					<swisstopo:routepoint_id>287222304</swisstopo:routepoint_id>
				</extensions>
			</trkpt>
			<trkpt lat="47.0748046537" lon="9.4717246863">
				<ele>530.8</ele>
				<extensions>
					<swisstopo:routepoint_id>1719332848</swisstopo:routepoint_id>
				</extensions>
			</trkpt>
			<trkpt lat="47.0747718064" lon="9.4717895190">
				<ele>530.0</ele>
				<extensions>
					<swisstopo:routepoint_id>640245874</swisstopo:routepoint_id>
				</extensions>
			</trkpt>
			<trkpt lat="47.0747420441" lon="9.4718432075">
				<ele>529.5</ele>
				<extensions>
					<swisstopo:routepoint_id>1048033624</swisstopo:routepoint_id>
				</extensions>
			</trkpt>
			<trkpt lat="47.0747084423" lon="9.4718967366">
				<ele>528.7</ele>
				<extensions>
					<swisstopo:routepoint_id>1368385221</swisstopo:routepoint_id>
				</extensions>
			</trkpt>
			<trkpt lat="47.0746710091" lon="9.4719501468">
				<ele>527.9</ele>
				<extensions>
					<swisstopo:routepoint_id>1433824144</swisstopo:routepoint_id>
				</extensions>
			</trkpt>
			<trkpt lat="47.0746453856" lon="9.4719871334">
				<ele>527.4</ele>
				<extensions>
					<swisstopo:routepoint_id>1009365571</swisstopo:routepoint_id>
				</extensions>
			</trkpt>
			<trkpt lat="47.0746244876" lon="9.4720285138">
				<ele>526.8</ele>
				<extensions>
					<swisstopo:routepoint_id>939576166</swisstopo:routepoint_id>
				</extensions>
			</trkpt>
			<trkpt lat="47.0745984663" lon="9.4720879811">
				<ele>526.0</ele>
				<extensions>
					<swisstopo:routepoint_id>1519151107</swisstopo:routepoint_id>
				</extensions>
			</trkpt>
			<trkpt lat="47.0745637524" lon="9.4721499105">
				<ele>525.2</ele>
				<extensions>
					<swisstopo:routepoint_id>215899270</swisstopo:routepoint_id>
				</extensions>
			</trkpt>
			<trkpt lat="47.0745402171" lon="9.4721771372">
				<ele>524.7</ele>
				<extensions>
					<swisstopo:routepoint_id>454502007</swisstopo:routepoint_id>
				</extensions>
			</trkpt>
			<trkpt lat="47.0745158125" lon="9.4722001029">
				<ele>524.3</ele>
				<extensions>
					<swisstopo:routepoint_id>1237765728</swisstopo:routepoint_id>
				</extensions>
			</trkpt>
			<trkpt lat="47.0744799711" lon="9.4722170105">
				<ele>523.6</ele>
				<extensions>
					<swisstopo:routepoint_id>1355619193</swisstopo:routepoint_id>
				</extensions>
			</trkpt>
			<trkpt lat="47.0744395596" lon="9.4722211136">
				<ele>522.9</ele>
				<extensions>
					<swisstopo:routepoint_id>1242674724</swisstopo:routepoint_id>
				</extensions>
			</trkpt>
			<trkpt lat="47.0743790310" lon="9.4722230305">
				<ele>521.8</ele>
				<extensions>
					<swisstopo:routepoint_id>1864412243</swisstopo:routepoint_id>
				</extensions>
			</trkpt>
			<trkpt lat="47.0743088156" lon="9.4722287942">
				<ele>520.5</ele>
				<extensions>
					<swisstopo:routepoint_id>2125106500</swisstopo:routepoint_id>
				</extensions>
			</trkpt>
			<trkpt lat="47.0742664230" lon="9.4722365888">
				<ele>519.8</ele>
				<extensions>
					<swisstopo:routepoint_id>1782817692</swisstopo:routepoint_id>
				</extensions>
			</trkpt>
			<trkpt lat="47.0741758604" lon="9.4722688704">
				<ele>518.3</ele>
				<extensions>
					<swisstopo:routepoint_id>2102230248</swisstopo:routepoint_id>
				</extensions>
			</trkpt>
			<trkpt lat="47.0741212785" lon="9.4722856198">
				<ele>517.5</ele>
				<extensions>
					<swisstopo:routepoint_id>2128953845</swisstopo:routepoint_id>
				</extensions>
			</trkpt>
			<trkpt lat="47.0740696302" lon="9.4722982916">
				<ele>516.7</ele>
				<extensions>
					<swisstopo:routepoint_id>236634806</swisstopo:routepoint_id>
				</extensions>
			</trkpt>
			<trkpt lat="47.0740152050" lon="9.4723066833">
				<ele>515.9</ele>
				<extensions>
					<swisstopo:routepoint_id>531933781</swisstopo:routepoint_id>
				</extensions>
			</trkpt>
			<trkpt lat="47.0739408273" lon="9.4723122227">
				<ele>514.8</ele>
				<extensions>
					<swisstopo:routepoint_id>891632821</swisstopo:routepoint_id>
				</extensions>
			</trkpt>
			<trkpt lat="47.0738863924" lon="9.4723206138">
				<ele>514.1</ele>
				<extensions>
					<swisstopo:routepoint_id>548072172</swisstopo:routepoint_id>
				</extensions>
			</trkpt>
			<trkpt lat="47.0738546966" lon="9.4723361379">
				<ele>513.8</ele>
				<extensions>
					<swisstopo:routepoint_id>1628246099</swisstopo:routepoint_id>
				</extensions>
			</trkpt>
			<trkpt lat="47.0738239773" lon="9.4723767889">
				<ele>513.4</ele>
				<extensions>
					<swisstopo:routepoint_id>7635496</swisstopo:routepoint_id>
				</extensions>
			</trkpt>
			<trkpt lat="47.0738146768" lon="9.4724182530">
				<ele>513.1</ele>
				<extensions>
					<swisstopo:routepoint_id>1830734416</swisstopo:routepoint_id>
				</extensions>
			</trkpt>
			<trkpt lat="47.0738111147" lon="9.4724578414">
				<ele>512.9</ele>
				<extensions>
					<swisstopo:routepoint_id>746048686</swisstopo:routepoint_id>
				</extensions>
			</trkpt>
			<trkpt lat="47.0736934360" lon="9.4724889212">
				<ele>512.2</ele>
				<extensions>
					<swisstopo:routepoint_id>318710672</swisstopo:routepoint_id>
				</extensions>
			</trkpt>
			<trkpt lat="47.0736446002" lon="9.4725037941">
				<ele>512.0</ele>
				<extensions>
					<swisstopo:routepoint_id>1224469239</swisstopo:routepoint_id>
				</extensions>
			</trkpt>
			<trkpt lat="47.0736042240" lon="9.4725252573">
				<ele>511.9</ele>
				<extensions>
					<swisstopo:routepoint_id>2134140319</swisstopo:routepoint_id>
				</extensions>
			</trkpt>
			<trkpt lat="47.0735617415" lon="9.4725411086">
				<ele>512.0</ele>
				<extensions>
					<swisstopo:routepoint_id>785931967</swisstopo:routepoint_id>
				</extensions>
			</trkpt>
			<trkpt lat="47.0734967321" lon="9.4725766116">
				<ele>512.3</ele>
				<extensions>
					<swisstopo:routepoint_id>286897526</swisstopo:routepoint_id>
				</extensions>
			</trkpt>
			<trkpt lat="47.0733944953" lon="9.4726152320">
				<ele>512.9</ele>
				<extensions>
					<swisstopo:routepoint_id>1287203972</swisstopo:routepoint_id>
				</extensions>
			</trkpt>
			<trkpt lat="47.0733825837" lon="9.4726192967">
				<ele>513.0</ele>
				<extensions>
					<swisstopo:routepoint_id>860756652</swisstopo:routepoint_id>
				</extensions>
			</trkpt>
			<trkpt lat="47.0733409992" lon="9.4726281634">
				<ele>513.4</ele>
				<extensions>
					<swisstopo:routepoint_id>749568622</swisstopo:routepoint_id>
				</extensions>
			</trkpt>
			<trkpt lat="47.0733095883" lon="9.4726269706">
				<ele>513.7</ele>
				<extensions>
					<swisstopo:routepoint_id>1298986632</swisstopo:routepoint_id>
				</extensions>
			</trkpt>
			<trkpt lat="47.0732740901" lon="9.4726151773">
				<ele>514.0</ele>
				<extensions>
					<swisstopo:routepoint_id>199658978</swisstopo:routepoint_id>
				</extensions>
			</trkpt>
			<trkpt lat="47.0732359144" lon="9.4725928124">
				<ele>514.5</ele>
				<extensions>
					<swisstopo:routepoint_id>1489080388</swisstopo:routepoint_id>
				</extensions>
			</trkpt>
			<trkpt lat="47.0731738695" lon="9.4725465458">
				<ele>515.2</ele>
				<extensions>
					<swisstopo:routepoint_id>473488189</swisstopo:routepoint_id>
				</extensions>
			</trkpt>
			<trkpt lat="47.0731019230" lon="9.4724957280">
				<ele>516.2</ele>
				<extensions>
					<swisstopo:routepoint_id>1865005343</swisstopo:routepoint_id>
				</extensions>
			</trkpt>
			<trkpt lat="47.0730214384" lon="9.4724424930">
				<ele>517.4</ele>
				<extensions>
					<swisstopo:routepoint_id>956493134</swisstopo:routepoint_id>
				</extensions>
			</trkpt>
			<trkpt lat="47.0729636504" lon="9.4723984816">
				<ele>518.4</ele>
				<extensions>
					<swisstopo:routepoint_id>1732277759</swisstopo:routepoint_id>
				</extensions>
			</trkpt>
			<trkpt lat="47.0729045510" lon="9.4723481518">
				<ele>519.3</ele>
				<extensions>
					<swisstopo:routepoint_id>678706368</swisstopo:routepoint_id>
				</extensions>
			</trkpt>
			<trkpt lat="47.0728496582" lon="9.4723021573">
				<ele>520.0</ele>
				<extensions>
					<swisstopo:routepoint_id>1333992264</swisstopo:routepoint_id>
				</extensions>
			</trkpt>
			<trkpt lat="47.0727988202" lon="9.4722688684">
				<ele>520.6</ele>
				<extensions>
					<swisstopo:routepoint_id>1763476873</swisstopo:routepoint_id>
				</extensions>
			</trkpt>
			<trkpt lat="47.0727420569" lon="9.4722478917">
				<ele>521.3</ele>
				<extensions>
					<swisstopo:routepoint_id>1912741488</swisstopo:routepoint_id>
				</extensions>
			</trkpt>
			<trkpt lat="47.0726793548" lon="9.4722392428">
				<ele>522.2</ele>
				<extensions>
					<swisstopo:routepoint_id>334623962</swisstopo:routepoint_id>
				</extensions>
			</trkpt>
			<trkpt lat="47.0726266090" lon="9.4722330523">
				<ele>523.0</ele>
				<extensions>
					<swisstopo:routepoint_id>115271308</swisstopo:routepoint_id>
				</extensions>
			</trkpt>
			<trkpt lat="47.0725840042" lon="9.4722188963">
				<ele>523.8</ele>
				<extensions>
					<swisstopo:routepoint_id>573580613</swisstopo:routepoint_id>
				</extensions>
			</trkpt>
			<trkpt lat="47.0724428297" lon="9.4722051737">
				<ele>525.1</ele>
				<extensions>
					<swisstopo:routepoint_id>617561852</swisstopo:routepoint_id>
				</extensions>
			</trkpt>
			<trkpt lat="47.0722989120" lon="9.4721850783">
				<ele>526.6</ele>
				<extensions>
					<swisstopo:routepoint_id>1171972248</swisstopo:routepoint_id>
				</extensions>
			</trkpt>
			<trkpt lat="47.0721580701" lon="9.4721525486">
				<ele>528.2</ele>
				<extensions>
					<swisstopo:routepoint_id>1015355330</swisstopo:routepoint_id>
				</extensions>
			</trkpt>
			<trkpt lat="47.0720430335" lon="9.4721147285">
				<ele>529.7</ele>
				<extensions>
					<swisstopo:routepoint_id>1203555889</swisstopo:routepoint_id>
				</extensions>
			</trkpt>
			<trkpt lat="47.0719507721" lon="9.4720819482">
				<ele>530.6</ele>
				<extensions>
					<swisstopo:routepoint_id>1630073924</swisstopo:routepoint_id>
				</extensions>
			</trkpt>
			<trkpt lat="47.0718614620" lon="9.4720430245">
				<ele>531.4</ele>
				<extensions>
					<swisstopo:routepoint_id>1163343916</swisstopo:routepoint_id>
				</extensions>
			</trkpt>
			<trkpt lat="47.0718003024" lon="9.4720281516">
				<ele>532.1</ele>
				<extensions>
					<swisstopo:routepoint_id>2025018396</swisstopo:routepoint_id>
				</extensions>
			</trkpt>
			<trkpt lat="47.0717489510" lon="9.4720241092">
				<ele>532.8</ele>
				<extensions>
					<swisstopo:routepoint_id>373729232</swisstopo:routepoint_id>
				</extensions>
			</trkpt>
			<trkpt lat="47.0717030114" lon="9.4720370101">
				<ele>533.6</ele>
				<extensions>
					<swisstopo:routepoint_id>635693751</swisstopo:routepoint_id>
				</extensions>
			</trkpt>
			<trkpt lat="47.0715333518" lon="9.4720995565">
				<ele>536.5</ele>
				<extensions>
					<swisstopo:routepoint_id>1603718864</swisstopo:routepoint_id>
				</extensions>
			</trkpt>
			<trkpt lat="47.0714528558" lon="9.4721278719">
				<ele>537.8</ele>
				<extensions>
					<swisstopo:routepoint_id>1457220636</swisstopo:routepoint_id>
				</extensions>
			</trkpt>
			<trkpt lat="47.0713928601" lon="9.4721276765">
				<ele>538.8</ele>
				<extensions>
					<swisstopo:routepoint_id>2114860419</swisstopo:routepoint_id>
				</extensions>
			</trkpt>
			<trkpt lat="47.0713331687" lon="9.4721107775">
				<ele>539.8</ele>
				<extensions>
					<swisstopo:routepoint_id>1554614203</swisstopo:routepoint_id>
				</extensions>
			</trkpt>
			<trkpt lat="47.0712768075" lon="9.4720668236">
				<ele>540.8</ele>
				<extensions>
					<swisstopo:routepoint_id>1704586569</swisstopo:routepoint_id>
				</extensions>
			</trkpt>
			<trkpt lat="47.0712248753" lon="9.4720146731">
				<ele>541.5</ele>
				<extensions>
					<swisstopo:routepoint_id>695059686</swisstopo:routepoint_id>
				</extensions>
			</trkpt>
			<trkpt lat="47.0711758057" lon="9.4719626329">
				<ele>541.9</ele>
				<extensions>
					<swisstopo:routepoint_id>1631576947</swisstopo:routepoint_id>
				</extensions>
			</trkpt>
			<trkpt lat="47.0710923341" lon="9.4718361117">
				<ele>542.0</ele>
				<extensions>
					<swisstopo:routepoint_id>314930165</swisstopo:routepoint_id>
				</extensions>
			</trkpt>
			<trkpt lat="47.0710491486" lon="9.4717738373">
				<ele>541.7</ele>
				<extensions>
					<swisstopo:routepoint_id>1384952114</swisstopo:routepoint_id>
				</extensions>
			</trkpt>
			<trkpt lat="47.0710126302" lon="9.4717390002">
				<ele>541.5</ele>
				<extensions>
					<swisstopo:routepoint_id>783587474</swisstopo:routepoint_id>
				</extensions>
			</trkpt>
			<trkpt lat="47.0709615745" lon="9.4717182414">
				<ele>541.5</ele>
				<extensions>
					<swisstopo:routepoint_id>790068125</swisstopo:routepoint_id>
				</extensions>
			</trkpt>
			<trkpt lat="47.0709159307" lon="9.4717144288">
				<ele>541.6</ele>
				<extensions>
					<swisstopo:routepoint_id>1144000188</swisstopo:routepoint_id>
				</extensions>
			</trkpt>
			<trkpt lat="47.0708629263" lon="9.4717228606">
				<ele>541.8</ele>
				<extensions>
					<swisstopo:routepoint_id>6967818</swisstopo:routepoint_id>
				</extensions>
			</trkpt>
			<trkpt lat="47.0707425732" lon="9.4717433825">
				<ele>542.6</ele>
				<extensions>
					<swisstopo:routepoint_id>1002125377</swisstopo:routepoint_id>
				</extensions>
			</trkpt>
			<trkpt lat="47.0705873993" lon="9.4717642290">
				<ele>542.8</ele>
				<extensions>
					<swisstopo:routepoint_id>679685110</swisstopo:routepoint_id>
				</extensions>
			</trkpt>
			<trkpt lat="47.0704877083" lon="9.4717776186">
				<ele>542.9</ele>
				<extensions>
					<swisstopo:routepoint_id>1442855062</swisstopo:routepoint_id>
				</extensions>
			</trkpt>
			<trkpt lat="47.0704062251" lon="9.4717807961">
				<ele>542.9</ele>
				<extensions>
					<swisstopo:routepoint_id>855399440</swisstopo:routepoint_id>
				</extensions>
			</trkpt>
			<trkpt lat="47.0702558184" lon="9.4718043633">
				<ele>542.5</ele>
				<extensions>
					<swisstopo:routepoint_id>466934054</swisstopo:routepoint_id>
				</extensions>
			</trkpt>
			<trkpt lat="47.0700869352" lon="9.4718230427">
				<ele>542.5</ele>
				<extensions>
					<swisstopo:routepoint_id>1914197623</swisstopo:routepoint_id>
				</extensions>
			</trkpt>
			<trkpt lat="47.0699879249" lon="9.4718486152">
				<ele>542.6</ele>
				<extensions>
					<swisstopo:routepoint_id>1384408403</swisstopo:routepoint_id>
				</extensions>
			</trkpt>
			<trkpt lat="47.0698759906" lon="9.4718626458">
				<ele>542.2</ele>
				<extensions>
					<swisstopo:routepoint_id>928482215</swisstopo:routepoint_id>
				</extensions>
			</trkpt>
			<trkpt lat="47.0697080696" lon="9.4718564961">
				<ele>541.2</ele>
				<extensions>
					<swisstopo:routepoint_id>506803631</swisstopo:routepoint_id>
				</extensions>
			</trkpt>
			<trkpt lat="47.0695619831" lon="9.4718358077">
				<ele>540.6</ele>
				<extensions>
					<swisstopo:routepoint_id>1922377478</swisstopo:routepoint_id>
				</extensions>
			</trkpt>
			<trkpt lat="47.0694571948" lon="9.4718152238">
				<ele>540.0</ele>
				<extensions>
					<swisstopo:routepoint_id>416910456</swisstopo:routepoint_id>
				</extensions>
			</trkpt>
			<trkpt lat="47.0693718601" lon="9.4717962078">
				<ele>539.3</ele>
				<extensions>
					<swisstopo:routepoint_id>374272417</swisstopo:routepoint_id>
				</extensions>
			</trkpt>
			<trkpt lat="47.0692700819" lon="9.4717606973">
				<ele>538.1</ele>
				<extensions>
					<swisstopo:routepoint_id>934555225</swisstopo:routepoint_id>
				</extensions>
			</trkpt>
			<trkpt lat="47.0692207175" lon="9.4717357384">
				<ele>538.1</ele>
				<extensions>
					<swisstopo:routepoint_id>958609917</swisstopo:routepoint_id>
				</extensions>
			</trkpt>
			<trkpt lat="47.0692074953" lon="9.4717149804">
				<ele>538.1</ele>
				<extensions>
					<swisstopo:routepoint_id>1098522968</swisstopo:routepoint_id>
				</extensions>
			</trkpt>
			<trkpt lat="47.0692037278" lon="9.4716833360">
				<ele>538.1</ele>
				<extensions>
					<swisstopo:routepoint_id>377890621</swisstopo:routepoint_id>
				</extensions>
			</trkpt>
			<trkpt lat="47.0692102742" lon="9.4716383987">
				<ele>538.7</ele>
				<extensions>
					<swisstopo:routepoint_id>1359145680</swisstopo:routepoint_id>
				</extensions>
			</trkpt>
			<trkpt lat="47.0685327504" lon="9.4696264597">
				<ele>541.9</ele>
				<extensions>
					<swisstopo:routepoint_id>472713819</swisstopo:routepoint_id>
				</extensions>
			</trkpt>
			<trkpt lat="47.0685069458" lon="9.4695427507">
				<ele>542.0</ele>
				<extensions>
					<swisstopo:routepoint_id>1725732543</swisstopo:routepoint_id>
				</extensions>
			</trkpt>
			<trkpt lat="47.0684837744" lon="9.4695109098">
				<ele>541.8</ele>
				<extensions>
					<swisstopo:routepoint_id>1609661286</swisstopo:routepoint_id>
				</extensions>
			</trkpt>
			<trkpt lat="47.0683919055" lon="9.4694409736">
				<ele>540.7</ele>
				<extensions>
					<swisstopo:routepoint_id>785134122</swisstopo:routepoint_id>
				</extensions>
			</trkpt>
			<trkpt lat="47.0683204231" lon="9.4694048274">
				<ele>540.5</ele>
				<extensions>
					<swisstopo:routepoint_id>408409762</swisstopo:routepoint_id>
				</extensions>
			</trkpt>
			<trkpt lat="47.0682450139" lon="9.4693472495">
				<ele>540.1</ele>
				<extensions>
					<swisstopo:routepoint_id>946567934</swisstopo:routepoint_id>
				</extensions>
			</trkpt>
			<trkpt lat="47.0681666258" lon="9.4693103015">
				<ele>539.5</ele>
				<extensions>
					<swisstopo:routepoint_id>892168584</swisstopo:routepoint_id>
				</extensions>
			</trkpt>
			<trkpt lat="47.0680917798" lon="9.4692894610">
				<ele>539.5</ele>
				<extensions>
					<swisstopo:routepoint_id>576182301</swisstopo:routepoint_id>
				</extensions>
			</trkpt>
			<trkpt lat="47.0680214686" lon="9.4692740494">
				<ele>541.0</ele>
				<extensions>
					<swisstopo:routepoint_id>1184874876</swisstopo:routepoint_id>
				</extensions>
			</trkpt>
			<trkpt lat="47.0679276652" lon="9.4692608532">
				<ele>544.6</ele>
				<extensions>
					<swisstopo:routepoint_id>2051468723</swisstopo:routepoint_id>
				</extensions>
			</trkpt>
			<trkpt lat="47.0678698116" lon="9.4692443576">
				<ele>545.2</ele>
				<extensions>
					<swisstopo:routepoint_id>1333307303</swisstopo:routepoint_id>
				</extensions>
			</trkpt>
			<trkpt lat="47.0678094362" lon="9.4692017590">
				<ele>545.9</ele>
				<extensions>
					<swisstopo:routepoint_id>895513697</swisstopo:routepoint_id>
				</extensions>
			</trkpt>
			<trkpt lat="47.0677734658" lon="9.4691609793">
				<ele>545.9</ele>
				<extensions>
					<swisstopo:routepoint_id>276298873</swisstopo:routepoint_id>
				</extensions>
			</trkpt>
			<trkpt lat="47.0677202240" lon="9.4691386013">
				<ele>546.9</ele>
				<extensions>
					<swisstopo:routepoint_id>656898300</swisstopo:routepoint_id>
				</extensions>
			</trkpt>
			<trkpt lat="47.0676915993" lon="9.4691132596">
				<ele>546.4</ele>
				<extensions>
					<swisstopo:routepoint_id>269001605</swisstopo:routepoint_id>
				</extensions>
			</trkpt>
			<trkpt lat="47.0676788844" lon="9.4690918646">
				<ele>545.9</ele>
				<extensions>
					<swisstopo:routepoint_id>298110808</swisstopo:routepoint_id>
				</extensions>
			</trkpt>
			<trkpt lat="47.0676533535" lon="9.4690543117">
				<ele>544.3</ele>
				<extensions>
					<swisstopo:routepoint_id>1337802814</swisstopo:routepoint_id>
				</extensions>
			</trkpt>
			<trkpt lat="47.0676242000" lon="9.4690201131">
				<ele>542.6</ele>
				<extensions>
					<swisstopo:routepoint_id>2047644627</swisstopo:routepoint_id>
				</extensions>
			</trkpt>
			<trkpt lat="47.0675900454" lon="9.4689996435">
				<ele>540.9</ele>
				<extensions>
					<swisstopo:routepoint_id>163799262</swisstopo:routepoint_id>
				</extensions>
			</trkpt>
			<trkpt lat="47.0675660983" lon="9.4690074537">
				<ele>539.9</ele>
				<extensions>
					<swisstopo:routepoint_id>684618384</swisstopo:routepoint_id>
				</extensions>
			</trkpt>
			<trkpt lat="47.0675584052" lon="9.4690385196">
				<ele>539.0</ele>
				<extensions>
					<swisstopo:routepoint_id>331612107</swisstopo:routepoint_id>
				</extensions>
			</trkpt>
			<trkpt lat="47.0675576974" lon="9.4690785666">
				<ele>538.0</ele>
				<extensions>
					<swisstopo:routepoint_id>86649939</swisstopo:routepoint_id>
				</extensions>
			</trkpt>
			<trkpt lat="47.0675400897" lon="9.4691319059">
				<ele>536.2</ele>
				<extensions>
					<swisstopo:routepoint_id>652287182</swisstopo:routepoint_id>
				</extensions>
			</trkpt>
			<trkpt lat="47.0675220656" lon="9.4691416799">
				<ele>535.6</ele>
				<extensions>
					<swisstopo:routepoint_id>260184982</swisstopo:routepoint_id>
				</extensions>
			</trkpt>
			<trkpt lat="47.0674926573" lon="9.4691213901">
				<ele>534.3</ele>
				<extensions>
					<swisstopo:routepoint_id>1566897849</swisstopo:routepoint_id>
				</extensions>
			</trkpt>
			<trkpt lat="47.0674373412" lon="9.4690744391">
				<ele>531.9</ele>
				<extensions>
					<swisstopo:routepoint_id>325787036</swisstopo:routepoint_id>
				</extensions>
			</trkpt>
			<trkpt lat="47.0674060853" lon="9.4690582687">
				<ele>531.0</ele>
				<extensions>
					<swisstopo:routepoint_id>30301625</swisstopo:routepoint_id>
				</extensions>
			</trkpt>
			<trkpt lat="47.0673088779" lon="9.4690104536">
				<ele>530.6</ele>
				<extensions>
					<swisstopo:routepoint_id>1977930455</swisstopo:routepoint_id>
				</extensions>
			</trkpt>
			<trkpt lat="47.0672371372" lon="9.4689451681">
				<ele>530.9</ele>
				<extensions>
					<swisstopo:routepoint_id>1351063398</swisstopo:routepoint_id>
				</extensions>
			</trkpt>
			<trkpt lat="47.0671849740" lon="9.4688806504">
				<ele>530.9</ele>
				<extensions>
					<swisstopo:routepoint_id>1801554293</swisstopo:routepoint_id>
				</extensions>
			</trkpt>
			<trkpt lat="47.0671549529" lon="9.4687729746">
				<ele>530.2</ele>
				<extensions>
					<swisstopo:routepoint_id>1620782063</swisstopo:routepoint_id>
				</extensions>
			</trkpt>
			<trkpt lat="47.0671570312" lon="9.4687006228">
				<ele>529.6</ele>
				<extensions>
					<swisstopo:routepoint_id>640751103</swisstopo:routepoint_id>
				</extensions>
			</trkpt>
			<trkpt lat="47.0671676743" lon="9.4686172300">
				<ele>528.9</ele>
				<extensions>
					<swisstopo:routepoint_id>951820458</swisstopo:routepoint_id>
				</extensions>
			</trkpt>
			<trkpt lat="47.0672045359" lon="9.4685277735">
				<ele>528.8</ele>
				<extensions>
					<swisstopo:routepoint_id>1055335233</swisstopo:routepoint_id>
				</extensions>
			</trkpt>
			<trkpt lat="47.0672345406" lon="9.4684593508">
				<ele>529.0</ele>
				<extensions>
					<swisstopo:routepoint_id>714570351</swisstopo:routepoint_id>
				</extensions>
			</trkpt>
			<trkpt lat="47.0672379401" lon="9.4684211296">
				<ele>529.2</ele>
				<extensions>
					<swisstopo:routepoint_id>36968962</swisstopo:routepoint_id>
				</extensions>
			</trkpt>
			<trkpt lat="47.0672090241" lon="9.4683617870">
				<ele>528.2</ele>
				<extensions>
					<swisstopo:routepoint_id>1903950187</swisstopo:routepoint_id>
				</extensions>
			</trkpt>
			<trkpt lat="47.0671506064" lon="9.4682799799">
				<ele>526.5</ele>
				<extensions>
					<swisstopo:routepoint_id>719348450</swisstopo:routepoint_id>
				</extensions>
			</trkpt>
			<trkpt lat="47.0670688577" lon="9.4681390407">
				<ele>526.5</ele>
				<extensions>
					<swisstopo:routepoint_id>388856553</swisstopo:routepoint_id>
				</extensions>
			</trkpt>
			<trkpt lat="47.0670335296" lon="9.4680723310">
				<ele>526.0</ele>
				<extensions>
					<swisstopo:routepoint_id>1207351808</swisstopo:routepoint_id>
				</extensions>
			</trkpt>
			<trkpt lat="47.0669736979" lon="9.4679024217">
				<ele>525.4</ele>
				<extensions>
					<swisstopo:routepoint_id>560229408</swisstopo:routepoint_id>
				</extensions>
			</trkpt>
			<trkpt lat="47.0669258687" lon="9.4677997212">
				<ele>524.6</ele>
				<extensions>
					<swisstopo:routepoint_id>589834280</swisstopo:routepoint_id>
				</extensions>
			</trkpt>
			<trkpt lat="47.0668730029" lon="9.4677209693">
				<ele>524.4</ele>
				<extensions>
					<swisstopo:routepoint_id>273725222</swisstopo:routepoint_id>
				</extensions>
			</trkpt>
			<trkpt lat="47.0668200410" lon="9.4676479031">
				<ele>524.9</ele>
				<extensions>
					<swisstopo:routepoint_id>675169710</swisstopo:routepoint_id>
				</extensions>
			</trkpt>
			<trkpt lat="47.0667283592" lon="9.4675449249">
				<ele>524.5</ele>
				<extensions>
					<swisstopo:routepoint_id>1894660718</swisstopo:routepoint_id>
				</extensions>
			</trkpt>
			<trkpt lat="47.0666686323" lon="9.4674872089">
				<ele>524.3</ele>
				<extensions>
					<swisstopo:routepoint_id>105781141</swisstopo:routepoint_id>
				</extensions>
			</trkpt>
			<trkpt lat="47.0666326093" lon="9.4674048547">
				<ele>524.0</ele>
				<extensions>
					<swisstopo:routepoint_id>655099330</swisstopo:routepoint_id>
				</extensions>
			</trkpt>
			<trkpt lat="47.0665934363" lon="9.4673451105">
				<ele>523.8</ele>
				<extensions>
					<swisstopo:routepoint_id>127428827</swisstopo:routepoint_id>
				</extensions>
			</trkpt>
			<trkpt lat="47.0665426053" lon="9.4672834912">
				<ele>523.8</ele>
				<extensions>
					<swisstopo:routepoint_id>623285099</swisstopo:routepoint_id>
				</extensions>
			</trkpt>
			<trkpt lat="47.0664972761" lon="9.4672384626">
				<ele>523.7</ele>
				<extensions>
					<swisstopo:routepoint_id>1868975224</swisstopo:routepoint_id>
				</extensions>
			</trkpt>
			<trkpt lat="47.0664768266" lon="9.4672159188">
				<ele>523.8</ele>
				<extensions>
					<swisstopo:routepoint_id>337687914</swisstopo:routepoint_id>
				</extensions>
			</trkpt>
			<trkpt lat="47.0664335907" lon="9.4671571030">
				<ele>523.9</ele>
				<extensions>
					<swisstopo:routepoint_id>1473500274</swisstopo:routepoint_id>
				</extensions>
			</trkpt>
			<trkpt lat="47.0663524179" lon="9.4670645860">
				<ele>523.6</ele>
				<extensions>
					<swisstopo:routepoint_id>1788784261</swisstopo:routepoint_id>
				</extensions>
			</trkpt>
			<trkpt lat="47.0662927568" lon="9.4669807316">
				<ele>522.7</ele>
				<extensions>
					<swisstopo:routepoint_id>88014371</swisstopo:routepoint_id>
				</extensions>
			</trkpt>
			<trkpt lat="47.0662635919" lon="9.4669200249">
				<ele>521.9</ele>
				<extensions>
					<swisstopo:routepoint_id>887645440</swisstopo:routepoint_id>
				</extensions>
			</trkpt>
			<trkpt lat="47.0662222862" lon="9.4668954540">
				<ele>521.3</ele>
				<extensions>
					<swisstopo:routepoint_id>604292129</swisstopo:routepoint_id>
				</extensions>
			</trkpt>
			<trkpt lat="47.0661629444" lon="9.4668452868">
				<ele>520.7</ele>
				<extensions>
					<swisstopo:routepoint_id>85005112</swisstopo:routepoint_id>
				</extensions>
			</trkpt>
			<trkpt lat="47.0660962991" lon="9.4667772616">
				<ele>519.9</ele>
				<extensions>
					<swisstopo:routepoint_id>171348877</swisstopo:routepoint_id>
				</extensions>
			</trkpt>
			<trkpt lat="47.0660686889" lon="9.4667190639">
				<ele>519.4</ele>
				<extensions>
					<swisstopo:routepoint_id>251340018</swisstopo:routepoint_id>
				</extensions>
			</trkpt>
			<trkpt lat="47.0660610087" lon="9.4666518869">
				<ele>518.9</ele>
				<extensions>
					<swisstopo:routepoint_id>1665538209</swisstopo:routepoint_id>
				</extensions>
			</trkpt>
			<trkpt lat="47.0660742269" lon="9.4665591776">
				<ele>517.8</ele>
				<extensions>
					<swisstopo:routepoint_id>1342739555</swisstopo:routepoint_id>
				</extensions>
			</trkpt>
			<trkpt lat="47.0660852119" lon="9.4664834638">
				<ele>516.7</ele>
				<extensions>
					<swisstopo:routepoint_id>122231041</swisstopo:routepoint_id>
				</extensions>
			</trkpt>
			<trkpt lat="47.0660803136" lon="9.4663871062">
				<ele>515.5</ele>
				<extensions>
					<swisstopo:routepoint_id>23006443</swisstopo:routepoint_id>
				</extensions>
			</trkpt>
			<trkpt lat="47.0660545060" lon="9.4661986575">
				<ele>513.3</ele>
				<extensions>
					<swisstopo:routepoint_id>275735867</swisstopo:routepoint_id>
				</extensions>
			</trkpt>
			<trkpt lat="47.0660377628" lon="9.4661052485">
				<ele>512.1</ele>
				<extensions>
					<swisstopo:routepoint_id>1047245297</swisstopo:routepoint_id>
				</extensions>
			</trkpt>
			<trkpt lat="47.0660359769" lon="9.4659958398">
				<ele>510.8</ele>
				<extensions>
					<swisstopo:routepoint_id>1609109824</swisstopo:routepoint_id>
				</extensions>
			</trkpt>
			<trkpt lat="47.0660433857" lon="9.4658897161">
				<ele>509.6</ele>
				<extensions>
					<swisstopo:routepoint_id>1390012270</swisstopo:routepoint_id>
				</extensions>
			</trkpt>
			<trkpt lat="47.0660440460" lon="9.4657848238">
				<ele>508.4</ele>
				<extensions>
					<swisstopo:routepoint_id>183053882</swisstopo:routepoint_id>
				</extensions>
			</trkpt>
			<trkpt lat="47.0660535011" lon="9.4657432524">
				<ele>507.9</ele>
				<extensions>
					<swisstopo:routepoint_id>1940374232</swisstopo:routepoint_id>
				</extensions>
			</trkpt>
			<trkpt lat="47.0660774731" lon="9.4656548336">
				<ele>506.7</ele>
				<extensions>
					<swisstopo:routepoint_id>1621812508</swisstopo:routepoint_id>
				</extensions>
			</trkpt>
			<trkpt lat="47.0660850901" lon="9.4655767418">
				<ele>505.7</ele>
				<extensions>
					<swisstopo:routepoint_id>1505264424</swisstopo:routepoint_id>
				</extensions>
			</trkpt>
			<trkpt lat="47.0661034079" lon="9.4655263909">
				<ele>504.9</ele>
				<extensions>
					<swisstopo:routepoint_id>1916048227</swisstopo:routepoint_id>
				</extensions>
			</trkpt>
			<trkpt lat="47.0661467584" lon="9.4654696935">
				<ele>503.7</ele>
				<extensions>
					<swisstopo:routepoint_id>1788682819</swisstopo:routepoint_id>
				</extensions>
			</trkpt>
			<trkpt lat="47.0662332662" lon="9.4653672466">
				<ele>501.6</ele>
				<extensions>
					<swisstopo:routepoint_id>1590371283</swisstopo:routepoint_id>
				</extensions>
			</trkpt>
			<trkpt lat="47.0662802799" lon="9.4653143335">
				<ele>501.0</ele>
				<extensions>
					<swisstopo:routepoint_id>429795792</swisstopo:routepoint_id>
				</extensions>
			</trkpt>
			<trkpt lat="47.0663058866" lon="9.4652752020">
				<ele>500.7</ele>
				<extensions>
					<swisstopo:routepoint_id>1586840555</swisstopo:routepoint_id>
				</extensions>
			</trkpt>
			<trkpt lat="47.0663631207" lon="9.4651911114">
				<ele>500.1</ele>
				<extensions>
					<swisstopo:routepoint_id>1246138357</swisstopo:routepoint_id>
				</extensions>
			</trkpt>
			<trkpt lat="47.0664036861" lon="9.4651416030">
				<ele>499.9</ele>
				<extensions>
					<swisstopo:routepoint_id>1438033385</swisstopo:routepoint_id>
				</extensions>
			</trkpt>
			<trkpt lat="47.0664129537" lon="9.4651208433">
				<ele>500.0</ele>
				<extensions>
					<swisstopo:routepoint_id>1773066051</swisstopo:routepoint_id>
				</extensions>
			</trkpt>
			<trkpt lat="47.0664133174" lon="9.4651012227">
				<ele>499.9</ele>
				<extensions>
					<swisstopo:routepoint_id>1355012177</swisstopo:routepoint_id>
				</extensions>
			</trkpt>
			<trkpt lat="47.0663834396" lon="9.4650014167">
				<ele>499.4</ele>
				<extensions>
					<swisstopo:routepoint_id>376500377</swisstopo:routepoint_id>
				</extensions>
			</trkpt>
			<trkpt lat="47.0663553889" lon="9.4648535617">
				<ele>499.0</ele>
				<extensions>
					<swisstopo:routepoint_id>1588370662</swisstopo:routepoint_id>
				</extensions>
			</trkpt>
			<trkpt lat="47.0663546800" lon="9.4647684622">
				<ele>499.2</ele>
				<extensions>
					<swisstopo:routepoint_id>1644407415</swisstopo:routepoint_id>
				</extensions>
			</trkpt>
			<trkpt lat="47.0663628938" lon="9.4646557452">
				<ele>498.9</ele>
				<extensions>
					<swisstopo:routepoint_id>1502710305</swisstopo:routepoint_id>
				</extensions>
			</trkpt>
			<trkpt lat="47.0663749771" lon="9.4645635307">
				<ele>499.2</ele>
				<extensions>
					<swisstopo:routepoint_id>300867449</swisstopo:routepoint_id>
				</extensions>
			</trkpt>
			<trkpt lat="47.0663815993" lon="9.4645001883">
				<ele>499.5</ele>
				<extensions>
					<swisstopo:routepoint_id>1470303754</swisstopo:routepoint_id>
				</extensions>
			</trkpt>
			<trkpt lat="47.0663903073" lon="9.4643935599">
				<ele>500.3</ele>
				<extensions>
					<swisstopo:routepoint_id>1687459948</swisstopo:routepoint_id>
				</extensions>
			</trkpt>
			<trkpt lat="47.0663895659" lon="9.4642811341">
				<ele>500.7</ele>
				<extensions>
					<swisstopo:routepoint_id>1158491950</swisstopo:routepoint_id>
				</extensions>
			</trkpt>
			<trkpt lat="47.0663853804" lon="9.4641138480">
				<ele>501.6</ele>
				<extensions>
					<swisstopo:routepoint_id>1954359545</swisstopo:routepoint_id>
				</extensions>
			</trkpt>
			<trkpt lat="47.0663835825" lon="9.4639890574">
				<ele>501.7</ele>
				<extensions>
					<swisstopo:routepoint_id>2138911354</swisstopo:routepoint_id>
				</extensions>
			</trkpt>
			<trkpt lat="47.0663734229" lon="9.4639178772">
				<ele>501.8</ele>
				<extensions>
					<swisstopo:routepoint_id>156777168</swisstopo:routepoint_id>
				</extensions>
			</trkpt>
			<trkpt lat="47.0663640806" lon="9.4638117899">
				<ele>502.2</ele>
				<extensions>
					<swisstopo:routepoint_id>1926317620</swisstopo:routepoint_id>
				</extensions>
			</trkpt>
			<trkpt lat="47.0663722932" lon="9.4636990845">
				<ele>502.8</ele>
				<extensions>
					<swisstopo:routepoint_id>2085500501</swisstopo:routepoint_id>
				</extensions>
			</trkpt>
			<trkpt lat="47.0663880779" lon="9.4636204173">
				<ele>502.9</ele>
				<extensions>
					<swisstopo:routepoint_id>828349765</swisstopo:routepoint_id>
				</extensions>
			</trkpt>
			<trkpt lat="47.0663987456" lon="9.4635511305">
				<ele>502.8</ele>
				<extensions>
					<swisstopo:routepoint_id>1603091461</swisstopo:routepoint_id>
				</extensions>
			</trkpt>
			<trkpt lat="47.0664062230" lon="9.4635025559">
				<ele>502.8</ele>
				<extensions>
					<swisstopo:routepoint_id>1251505797</swisstopo:routepoint_id>
				</extensions>
			</trkpt>
			<trkpt lat="47.0664246685" lon="9.4634052759">
				<ele>502.7</ele>
				<extensions>
					<swisstopo:routepoint_id>563170818</swisstopo:routepoint_id>
				</extensions>
			</trkpt>
			<trkpt lat="47.0664274238" lon="9.4633224942">
				<ele>502.7</ele>
				<extensions>
					<swisstopo:routepoint_id>1164558168</swisstopo:routepoint_id>
				</extensions>
			</trkpt>
			<trkpt lat="47.0664103832" lon="9.4631937293">
				<ele>503.0</ele>
				<extensions>
					<swisstopo:routepoint_id>2061178275</swisstopo:routepoint_id>
				</extensions>
			</trkpt>
			<trkpt lat="47.0663571252" lon="9.4630014388">
				<ele>502.9</ele>
				<extensions>
					<swisstopo:routepoint_id>1289609457</swisstopo:routepoint_id>
				</extensions>
			</trkpt>
			<trkpt lat="47.0663019216" lon="9.4628467382">
				<ele>503.1</ele>
				<extensions>
					<swisstopo:routepoint_id>996962993</swisstopo:routepoint_id>
				</extensions>
			</trkpt>
			<trkpt lat="47.0662754061" lon="9.4627440057">
				<ele>503.6</ele>
				<extensions>
					<swisstopo:routepoint_id>155048172</swisstopo:routepoint_id>
				</extensions>
			</trkpt>
			<trkpt lat="47.0662050384" lon="9.4625736679">
				<ele>504.1</ele>
				<extensions>
					<swisstopo:routepoint_id>1795222246</swisstopo:routepoint_id>
				</extensions>
			</trkpt>
			<trkpt lat="47.0661768716" lon="9.4624915880">
				<ele>503.9</ele>
				<extensions>
					<swisstopo:routepoint_id>1317703730</swisstopo:routepoint_id>
				</extensions>
			</trkpt>
			<trkpt lat="47.0661307360" lon="9.4624069473">
				<ele>504.2</ele>
				<extensions>
					<swisstopo:routepoint_id>1372106688</swisstopo:routepoint_id>
				</extensions>
			</trkpt>
			<trkpt lat="47.0659554581" lon="9.4622722194">
				<ele>505.2</ele>
				<extensions>
					<swisstopo:routepoint_id>1787883816</swisstopo:routepoint_id>
				</extensions>
			</trkpt>
			<trkpt lat="47.0658960884" lon="9.4622078075">
				<ele>505.6</ele>
				<extensions>
					<swisstopo:routepoint_id>1562005592</swisstopo:routepoint_id>
				</extensions>
			</trkpt>
			<trkpt lat="47.0658627798" lon="9.4621255342">
				<ele>505.4</ele>
				<extensions>
					<swisstopo:routepoint_id>731722102</swisstopo:routepoint_id>
				</extensions>
			</trkpt>
			<trkpt lat="47.0658091196" lon="9.4620293108">
				<ele>505.2</ele>
				<extensions>
					<swisstopo:routepoint_id>1145913314</swisstopo:routepoint_id>
				</extensions>
			</trkpt>
			<trkpt lat="47.0657550240" lon="9.4619575528">
				<ele>504.9</ele>
				<extensions>
					<swisstopo:routepoint_id>870331233</swisstopo:routepoint_id>
				</extensions>
			</trkpt>
			<trkpt lat="47.0656941729" lon="9.4619043968">
				<ele>504.3</ele>
				<extensions>
					<swisstopo:routepoint_id>1601688454</swisstopo:routepoint_id>
				</extensions>
			</trkpt>
			<trkpt lat="47.0656543654" lon="9.4618256452">
				<ele>504.8</ele>
				<extensions>
					<swisstopo:routepoint_id>1147370581</swisstopo:routepoint_id>
				</extensions>
			</trkpt>
			<trkpt lat="47.0655994186" lon="9.4617293739">
				<ele>504.4</ele>
				<extensions>
					<swisstopo:routepoint_id>1977613600</swisstopo:routepoint_id>
				</extensions>
			</trkpt>
			<trkpt lat="47.0655910806" lon="9.4616913837">
				<ele>504.3</ele>
				<extensions>
					<swisstopo:routepoint_id>2061226651</swisstopo:routepoint_id>
				</extensions>
			</trkpt>
			<trkpt lat="47.0655808575" lon="9.4616137492">
				<ele>504.1</ele>
				<extensions>
					<swisstopo:routepoint_id>218231440</swisstopo:routepoint_id>
				</extensions>
			</trkpt>
			<trkpt lat="47.0655856873" lon="9.4615592946">
				<ele>504.0</ele>
				<extensions>
					<swisstopo:routepoint_id>520560874</swisstopo:routepoint_id>
				</extensions>
			</trkpt>
			<trkpt lat="47.0655987487" lon="9.4614750074">
				<ele>503.9</ele>
				<extensions>
					<swisstopo:routepoint_id>203829177</swisstopo:routepoint_id>
				</extensions>
			</trkpt>
			<trkpt lat="47.0655911403" lon="9.4613955885">
				<ele>503.7</ele>
				<extensions>
					<swisstopo:routepoint_id>2128840892</swisstopo:routepoint_id>
				</extensions>
			</trkpt>
			<trkpt lat="47.0655804570" lon="9.4613443276">
				<ele>503.2</ele>
				<extensions>
					<swisstopo:routepoint_id>733161333</swisstopo:routepoint_id>
				</extensions>
			</trkpt>
			<trkpt lat="47.0655631714" lon="9.4613022195">
				<ele>503.6</ele>
				<extensions>
					<swisstopo:routepoint_id>942498515</swisstopo:routepoint_id>
				</extensions>
			</trkpt>
			<trkpt lat="47.0655366571" lon="9.4612729584">
				<ele>503.4</ele>
				<extensions>
					<swisstopo:routepoint_id>1023263613</swisstopo:routepoint_id>
				</extensions>
			</trkpt>
			<trkpt lat="47.0654909783" lon="9.4612354419">
				<ele>503.0</ele>
				<extensions>
					<swisstopo:routepoint_id>1026718294</swisstopo:routepoint_id>
				</extensions>
			</trkpt>
			<trkpt lat="47.0654375430" lon="9.4611995149">
				<ele>502.8</ele>
				<extensions>
					<swisstopo:routepoint_id>509876032</swisstopo:routepoint_id>
				</extensions>
			</trkpt>
			<trkpt lat="47.0653778746" lon="9.4611520408">
				<ele>502.4</ele>
				<extensions>
					<swisstopo:routepoint_id>1831658711</swisstopo:routepoint_id>
				</extensions>
			</trkpt>
			<trkpt lat="47.0653003956" lon="9.4610660611">
				<ele>501.8</ele>
				<extensions>
					<swisstopo:routepoint_id>756653914</swisstopo:routepoint_id>
				</extensions>
			</trkpt>
			<trkpt lat="47.0652689507" lon="9.4610316099">
				<ele>501.5</ele>
				<extensions>
					<swisstopo:routepoint_id>770772774</swisstopo:routepoint_id>
				</extensions>
			</trkpt>
			<trkpt lat="47.0652402042" lon="9.4610001189">
				<ele>501.9</ele>
				<extensions>
					<swisstopo:routepoint_id>1609732240</swisstopo:routepoint_id>
				</extensions>
			</trkpt>
			<trkpt lat="47.0652186391" lon="9.4609764831">
				<ele>501.2</ele>
				<extensions>
					<swisstopo:routepoint_id>1634570152</swisstopo:routepoint_id>
				</extensions>
			</trkpt>
			<trkpt lat="47.0650712943" lon="9.4608150446">
				<ele>500.4</ele>
				<extensions>
					<swisstopo:routepoint_id>155086109</swisstopo:routepoint_id>
				</extensions>
			</trkpt>
			<trkpt lat="47.0649131688" lon="9.4606417957">
				<ele>500.3</ele>
				<extensions>
					<swisstopo:routepoint_id>1214237650</swisstopo:routepoint_id>
				</extensions>
			</trkpt>
			<trkpt lat="47.0647600921" lon="9.4604792336">
				<ele>500.8</ele>
				<extensions>
					<swisstopo:routepoint_id>866374330</swisstopo:routepoint_id>
				</extensions>
			</trkpt>
			<trkpt lat="47.0646939307" lon="9.4604112238">
				<ele>500.8</ele>
				<extensions>
					<swisstopo:routepoint_id>261730998</swisstopo:routepoint_id>
				</extensions>
			</trkpt>
			<trkpt lat="47.0644513452" lon="9.4601618759">
				<ele>502.4</ele>
				<extensions>
					<swisstopo:routepoint_id>591605344</swisstopo:routepoint_id>
				</extensions>
			</trkpt>
			<trkpt lat="47.0643105278" lon="9.4599827399">
				<ele>502.0</ele>
				<extensions>
					<swisstopo:routepoint_id>1699290571</swisstopo:routepoint_id>
				</extensions>
			</trkpt>
			<trkpt lat="47.0642572068" lon="9.4598768815">
				<ele>502.1</ele>
				<extensions>
					<swisstopo:routepoint_id>23483596</swisstopo:routepoint_id>
				</extensions>
			</trkpt>
			<trkpt lat="47.0641638814" lon="9.4596916369">
				<ele>501.2</ele>
				<extensions>
					<swisstopo:routepoint_id>529110089</swisstopo:routepoint_id>
				</extensions>
			</trkpt>
			<trkpt lat="47.0640305690" lon="9.4594270070">
				<ele>501.2</ele>
				<extensions>
					<swisstopo:routepoint_id>809857825</swisstopo:routepoint_id>
				</extensions>
			</trkpt>
			<trkpt lat="47.0639564865" lon="9.4592050784">
				<ele>501.8</ele>
				<extensions>
					<swisstopo:routepoint_id>909665374</swisstopo:routepoint_id>
				</extensions>
			</trkpt>
			<trkpt lat="47.0639114020" lon="9.4590553003">
				<ele>501.8</ele>
				<extensions>
					<swisstopo:routepoint_id>183153075</swisstopo:routepoint_id>
				</extensions>
			</trkpt>
			<trkpt lat="47.0638921889" lon="9.4589970825">
				<ele>501.9</ele>
				<extensions>
					<swisstopo:routepoint_id>2110823645</swisstopo:routepoint_id>
				</extensions>
			</trkpt>
			<trkpt lat="47.0638636800" lon="9.4589263207">
				<ele>501.9</ele>
				<extensions>
					<swisstopo:routepoint_id>1298812079</swisstopo:routepoint_id>
				</extensions>
			</trkpt>
			<trkpt lat="47.0638236350" lon="9.4588342392">
				<ele>501.9</ele>
				<extensions>
					<swisstopo:routepoint_id>1035167718</swisstopo:routepoint_id>
				</extensions>
			</trkpt>
			<trkpt lat="47.0637951784" lon="9.4587599899">
				<ele>502.0</ele>
				<extensions>
					<swisstopo:routepoint_id>968198891</swisstopo:routepoint_id>
				</extensions>
			</trkpt>
			<trkpt lat="47.0637772209" lon="9.4586983305">
				<ele>501.7</ele>
				<extensions>
					<swisstopo:routepoint_id>1137494355</swisstopo:routepoint_id>
				</extensions>
			</trkpt>
			<trkpt lat="47.0637687380" lon="9.4586387929">
				<ele>501.4</ele>
				<extensions>
					<swisstopo:routepoint_id>43382784</swisstopo:routepoint_id>
				</extensions>
			</trkpt>
			<trkpt lat="47.0637676925" lon="9.4585638385">
				<ele>501.2</ele>
				<extensions>
					<swisstopo:routepoint_id>1280289732</swisstopo:routepoint_id>
				</extensions>
			</trkpt>
			<trkpt lat="47.0637302668" lon="9.4583899756">
				<ele>500.7</ele>
				<extensions>
					<swisstopo:routepoint_id>751254635</swisstopo:routepoint_id>
				</extensions>
			</trkpt>
			<trkpt lat="47.0637129442" lon="9.4583239288">
				<ele>500.4</ele>
				<extensions>
					<swisstopo:routepoint_id>601345231</swisstopo:routepoint_id>
				</extensions>
			</trkpt>
			<trkpt lat="47.0637034898" lon="9.4582879134">
				<ele>500.9</ele>
				<extensions>
					<swisstopo:routepoint_id>825067130</swisstopo:routepoint_id>
				</extensions>
			</trkpt>
			<trkpt lat="47.0636672898" lon="9.4582112523">
				<ele>501.1</ele>
				<extensions>
					<swisstopo:routepoint_id>553818004</swisstopo:routepoint_id>
				</extensions>
			</trkpt>
			<trkpt lat="47.0636293816" lon="9.4581605350">
				<ele>500.1</ele>
				<extensions>
					<swisstopo:routepoint_id>1214900240</swisstopo:routepoint_id>
				</extensions>
			</trkpt>
			<trkpt lat="47.0635803125" lon="9.4581063805">
				<ele>499.4</ele>
				<extensions>
					<swisstopo:routepoint_id>1292370114</swisstopo:routepoint_id>
				</extensions>
			</trkpt>
			<trkpt lat="47.0635319727" lon="9.4580687146">
				<ele>499.0</ele>
				<extensions>
					<swisstopo:routepoint_id>35853382</swisstopo:routepoint_id>
				</extensions>
			</trkpt>
			<trkpt lat="47.0634483350" lon="9.4580057917">
				<ele>498.7</ele>
				<extensions>
					<swisstopo:routepoint_id>930446348</swisstopo:routepoint_id>
				</extensions>
			</trkpt>
			<trkpt lat="47.0633606656" lon="9.4579457720">
				<ele>498.3</ele>
				<extensions>
					<swisstopo:routepoint_id>1635168601</swisstopo:routepoint_id>
				</extensions>
			</trkpt>
			<trkpt lat="47.0633178474" lon="9.4579104212">
				<ele>498.7</ele>
				<extensions>
					<swisstopo:routepoint_id>1720563008</swisstopo:routepoint_id>
				</extensions>
			</trkpt>
			<trkpt lat="47.0632633449" lon="9.4578654258">
				<ele>498.2</ele>
				<extensions>
					<swisstopo:routepoint_id>42650837</swisstopo:routepoint_id>
				</extensions>
			</trkpt>
			<trkpt lat="47.0631990381" lon="9.4577985447">
				<ele>498.3</ele>
				<extensions>
					<swisstopo:routepoint_id>1797132156</swisstopo:routepoint_id>
				</extensions>
			</trkpt>
			<trkpt lat="47.0631462543" lon="9.4577547460">
				<ele>498.4</ele>
				<extensions>
					<swisstopo:routepoint_id>1987363021</swisstopo:routepoint_id>
				</extensions>
			</trkpt>
			<trkpt lat="47.0630932956" lon="9.4577196458">
				<ele>498.0</ele>
				<extensions>
					<swisstopo:routepoint_id>206727460</swisstopo:routepoint_id>
				</extensions>
			</trkpt>
			<trkpt lat="47.0630260755" lon="9.4576840340">
				<ele>497.7</ele>
				<extensions>
					<swisstopo:routepoint_id>1032802823</swisstopo:routepoint_id>
				</extensions>
			</trkpt>
			<trkpt lat="47.0629565854" lon="9.4576413317">
				<ele>497.5</ele>
				<extensions>
					<swisstopo:routepoint_id>344026821</swisstopo:routepoint_id>
				</extensions>
			</trkpt>
			<trkpt lat="47.0628520278" lon="9.4575625055">
				<ele>496.7</ele>
				<extensions>
					<swisstopo:routepoint_id>1206838048</swisstopo:routepoint_id>
				</extensions>
			</trkpt>
			<trkpt lat="47.0627557738" lon="9.4574857036">
				<ele>496.5</ele>
				<extensions>
					<swisstopo:routepoint_id>492509598</swisstopo:routepoint_id>
				</extensions>
			</trkpt>
			<trkpt lat="47.0627051683" lon="9.4574524432">
				<ele>496.5</ele>
				<extensions>
					<swisstopo:routepoint_id>1037547434</swisstopo:routepoint_id>
				</extensions>
			</trkpt>
			<trkpt lat="47.0626485613" lon="9.4574224342">
				<ele>496.5</ele>
				<extensions>
					<swisstopo:routepoint_id>1969557356</swisstopo:routepoint_id>
				</extensions>
			</trkpt>
			<trkpt lat="47.0625682786" lon="9.4573845798">
				<ele>496.5</ele>
				<extensions>
					<swisstopo:routepoint_id>1085422482</swisstopo:routepoint_id>
				</extensions>
			</trkpt>
			<trkpt lat="47.0624396311" lon="9.4573222279">
				<ele>496.7</ele>
				<extensions>
					<swisstopo:routepoint_id>1372476187</swisstopo:routepoint_id>
				</extensions>
			</trkpt>
			<trkpt lat="47.0623463256" lon="9.4572803934">
				<ele>497.1</ele>
				<extensions>
					<swisstopo:routepoint_id>1460017887</swisstopo:routepoint_id>
				</extensions>
			</trkpt>
			<trkpt lat="47.0622721411" lon="9.4572340528">
				<ele>497.3</ele>
				<extensions>
					<swisstopo:routepoint_id>1995648219</swisstopo:routepoint_id>
				</extensions>
			</trkpt>
			<trkpt lat="47.0622015878" lon="9.4571843459">
				<ele>496.8</ele>
				<extensions>
					<swisstopo:routepoint_id>116647869</swisstopo:routepoint_id>
				</extensions>
			</trkpt>
			<trkpt lat="47.0621335185" lon="9.4571295310">
				<ele>496.1</ele>
				<extensions>
					<swisstopo:routepoint_id>2028278221</swisstopo:routepoint_id>
				</extensions>
			</trkpt>
			<trkpt lat="47.0620761062" lon="9.4570768425">
				<ele>495.6</ele>
				<extensions>
					<swisstopo:routepoint_id>1486122633</swisstopo:routepoint_id>
				</extensions>
			</trkpt>
			<trkpt lat="47.0620258063" lon="9.4570261870">
				<ele>495.0</ele>
				<extensions>
					<swisstopo:routepoint_id>1705476906</swisstopo:routepoint_id>
				</extensions>
			</trkpt>
			<trkpt lat="47.0619991251" lon="9.4569868638">
				<ele>494.7</ele>
				<extensions>
					<swisstopo:routepoint_id>1796081134</swisstopo:routepoint_id>
				</extensions>
			</trkpt>
			<trkpt lat="47.0619577665" lon="9.4569016899">
				<ele>493.6</ele>
				<extensions>
					<swisstopo:routepoint_id>612651436</swisstopo:routepoint_id>
				</extensions>
			</trkpt>
			<trkpt lat="47.0619119326" lon="9.4568006517">
				<ele>493.0</ele>
				<extensions>
					<swisstopo:routepoint_id>1069114555</swisstopo:routepoint_id>
				</extensions>
			</trkpt>
			<trkpt lat="47.0618040439" lon="9.4566398118">
				<ele>491.3</ele>
				<extensions>
					<swisstopo:routepoint_id>713165666</swisstopo:routepoint_id>
				</extensions>
			</trkpt>
			<trkpt lat="47.0617644344" lon="9.4565690971">
				<ele>490.9</ele>
				<extensions>
					<swisstopo:routepoint_id>82839446</swisstopo:routepoint_id>
				</extensions>
			</trkpt>
			<trkpt lat="47.0617418054" lon="9.4565286888">
				<ele>491.6</ele>
				<extensions>
					<swisstopo:routepoint_id>1148813489</swisstopo:routepoint_id>
				</extensions>
			</trkpt>
			<trkpt lat="47.0617163393" lon="9.4564832226">
				<ele>491.4</ele>
				<extensions>
					<swisstopo:routepoint_id>219454884</swisstopo:routepoint_id>
				</extensions>
			</trkpt>
			<trkpt lat="47.0616406660" lon="9.4563863020">
				<ele>491.3</ele>
				<extensions>
					<swisstopo:routepoint_id>1334731578</swisstopo:routepoint_id>
				</extensions>
			</trkpt>
			<trkpt lat="47.0615716646" lon="9.4563157578">
				<ele>491.2</ele>
				<extensions>
					<swisstopo:routepoint_id>1404562086</swisstopo:routepoint_id>
				</extensions>
			</trkpt>
			<trkpt lat="47.0613846665" lon="9.4561867834">
				<ele>491.2</ele>
				<extensions>
					<swisstopo:routepoint_id>920817024</swisstopo:routepoint_id>
				</extensions>
			</trkpt>
			<trkpt lat="47.0612777243" lon="9.4561078458">
				<ele>491.6</ele>
				<extensions>
					<swisstopo:routepoint_id>624226717</swisstopo:routepoint_id>
				</extensions>
			</trkpt>
			<trkpt lat="47.0612284655" lon="9.4560659346">
				<ele>491.8</ele>
				<extensions>
					<swisstopo:routepoint_id>243956120</swisstopo:routepoint_id>
				</extensions>
			</trkpt>
			<trkpt lat="47.0611664285" lon="9.4560061088">
				<ele>492.1</ele>
				<extensions>
					<swisstopo:routepoint_id>1254619259</swisstopo:routepoint_id>
				</extensions>
			</trkpt>
			<trkpt lat="47.0611009701" lon="9.4559374509">
				<ele>492.4</ele>
				<extensions>
					<swisstopo:routepoint_id>1575390046</swisstopo:routepoint_id>
				</extensions>
			</trkpt>
			<trkpt lat="47.0610263685" lon="9.4558475382">
				<ele>492.6</ele>
				<extensions>
					<swisstopo:routepoint_id>205936309</swisstopo:routepoint_id>
				</extensions>
			</trkpt>
			<trkpt lat="47.0609567006" lon="9.4557473699">
				<ele>492.3</ele>
				<extensions>
					<swisstopo:routepoint_id>985910023</swisstopo:routepoint_id>
				</extensions>
			</trkpt>
			<trkpt lat="47.0608676172" lon="9.4556011746">
				<ele>491.4</ele>
				<extensions>
					<swisstopo:routepoint_id>1448111982</swisstopo:routepoint_id>
				</extensions>
			</trkpt>
			<trkpt lat="47.0607527711" lon="9.4554296233">
				<ele>490.1</ele>
				<extensions>
					<swisstopo:routepoint_id>118787435</swisstopo:routepoint_id>
				</extensions>
			</trkpt>
			<trkpt lat="47.0605997236" lon="9.4551974212">
				<ele>488.2</ele>
				<extensions>
					<swisstopo:routepoint_id>1978830132</swisstopo:routepoint_id>
				</extensions>
			</trkpt>
			<trkpt lat="47.0605406207" lon="9.4551063424">
				<ele>487.7</ele>
				<extensions>
					<swisstopo:routepoint_id>1112894265</swisstopo:routepoint_id>
				</extensions>
			</trkpt>
			<trkpt lat="47.0604708824" lon="9.4550096498">
				<ele>486.7</ele>
				<extensions>
					<swisstopo:routepoint_id>414179056</swisstopo:routepoint_id>
				</extensions>
			</trkpt>
			<trkpt lat="47.0604639825" lon="9.4549997512">
				<ele>486.6</ele>
				<extensions>
					<swisstopo:routepoint_id>1299988862</swisstopo:routepoint_id>
				</extensions>
			</trkpt>
			<trkpt lat="47.0602733202" lon="9.4553074226">
				<ele>482.5</ele>
				<extensions>
					<swisstopo:routepoint_id>1167668564</swisstopo:routepoint_id>
				</extensions>
			</trkpt>
			<trkpt lat="47.0602212961" lon="9.4553867076">
				<ele>481.4</ele>
				<extensions>
					<swisstopo:routepoint_id>1430362326</swisstopo:routepoint_id>
				</extensions>
			</trkpt>
			<trkpt lat="47.0601600987" lon="9.4554799732">
				<ele>481.0</ele>
				<extensions>
					<swisstopo:routepoint_id>863959499</swisstopo:routepoint_id>
				</extensions>
			</trkpt>
			<trkpt lat="47.0600399629" lon="9.4556649560">
				<ele>480.9</ele>
				<extensions>
					<swisstopo:routepoint_id>1608587826</swisstopo:routepoint_id>
				</extensions>
			</trkpt>
			<trkpt lat="47.0600325990" lon="9.4556759764">
				<ele>480.9</ele>
				<extensions>
					<swisstopo:routepoint_id>1290860260</swisstopo:routepoint_id>
				</extensions>
			</trkpt>
			<trkpt lat="47.0599913639" lon="9.4556127351">
				<ele>480.9</ele>
				<extensions>
					<swisstopo:routepoint_id>1474451399</swisstopo:routepoint_id>
				</extensions>
			</trkpt>
			<trkpt lat="47.0599464152" lon="9.4555365420">
				<ele>481.0</ele>
				<extensions>
					<swisstopo:routepoint_id>1978399700</swisstopo:routepoint_id>
				</extensions>
			</trkpt>
			<trkpt lat="47.0598594918" lon="9.4554049412">
				<ele>481.0</ele>
				<extensions>
					<swisstopo:routepoint_id>102464021</swisstopo:routepoint_id>
				</extensions>
			</trkpt>
			<trkpt lat="47.0597530165" lon="9.4552478245">
				<ele>481.1</ele>
				<extensions>
					<swisstopo:routepoint_id>1879804955</swisstopo:routepoint_id>
				</extensions>
			</trkpt>
			<trkpt lat="47.0596631730" lon="9.4551071086">
				<ele>481.2</ele>
				<extensions>
					<swisstopo:routepoint_id>510821202</swisstopo:routepoint_id>
				</extensions>
			</trkpt>
			<trkpt lat="47.0596177197" lon="9.4550488710">
				<ele>481.1</ele>
				<extensions>
					<swisstopo:routepoint_id>933413391</swisstopo:routepoint_id>
				</extensions>
			</trkpt>
			<trkpt lat="47.0595574814" lon="9.4549518788">
				<ele>481.2</ele>
				<extensions>
					<swisstopo:routepoint_id>1026712948</swisstopo:routepoint_id>
				</extensions>
			</trkpt>
			<trkpt lat="47.0594629089" lon="9.4548177275">
				<ele>481.1</ele>
				<extensions>
					<swisstopo:routepoint_id>1998816767</swisstopo:routepoint_id>
				</extensions>
			</trkpt>
			<trkpt lat="47.0593803099" lon="9.4547020398">
				<ele>481.1</ele>
				<extensions>
					<swisstopo:routepoint_id>937079574</swisstopo:routepoint_id>
				</extensions>
			</trkpt>
			<trkpt lat="47.0592913266" lon="9.4545996352">
				<ele>481.1</ele>
				<extensions>
					<swisstopo:routepoint_id>2025388253</swisstopo:routepoint_id>
				</extensions>
			</trkpt>
			<trkpt lat="47.0591315029" lon="9.4544134957">
				<ele>481.0</ele>
				<extensions>
					<swisstopo:routepoint_id>1483055905</swisstopo:routepoint_id>
				</extensions>
			</trkpt>
			<trkpt lat="47.0589910774" lon="9.4542618603">
				<ele>480.9</ele>
				<extensions>
					<swisstopo:routepoint_id>1056133480</swisstopo:routepoint_id>
				</extensions>
			</trkpt>
			<trkpt lat="47.0589096634" lon="9.4541664968">
				<ele>480.9</ele>
				<extensions>
					<swisstopo:routepoint_id>1691012954</swisstopo:routepoint_id>
				</extensions>
			</trkpt>
			<trkpt lat="47.0587779492" lon="9.4540444609">
				<ele>480.9</ele>
				<extensions>
					<swisstopo:routepoint_id>866658244</swisstopo:routepoint_id>
				</extensions>
			</trkpt>
			<trkpt lat="47.0586636170" lon="9.4539311244">
				<ele>480.9</ele>
				<extensions>
					<swisstopo:routepoint_id>2025384063</swisstopo:routepoint_id>
				</extensions>
			</trkpt>
			<trkpt lat="47.0586934345" lon="9.4538738895">
				<ele>481.0</ele>
				<extensions>
					<swisstopo:routepoint_id>306520567</swisstopo:routepoint_id>
				</extensions>
			</trkpt>
			<trkpt lat="47.0587084681" lon="9.4538308982">
				<ele>481.0</ele>
				<extensions>
					<swisstopo:routepoint_id>862742673</swisstopo:routepoint_id>
				</extensions>
			</trkpt>
			<trkpt lat="47.0587199621" lon="9.4537860492">
				<ele>481.2</ele>
				<extensions>
					<swisstopo:routepoint_id>1016742436</swisstopo:routepoint_id>
				</extensions>
			</trkpt>
			<trkpt lat="47.0587278650" lon="9.4537428028">
				<ele>481.3</ele>
				<extensions>
					<swisstopo:routepoint_id>1057766786</swisstopo:routepoint_id>
				</extensions>
			</trkpt>
			<trkpt lat="47.0587310016" lon="9.4536952432">
				<ele>481.4</ele>
				<extensions>
					<swisstopo:routepoint_id>2121736403</swisstopo:routepoint_id>
				</extensions>
			</trkpt>
			<trkpt lat="47.0587269794" lon="9.4536532865">
				<ele>481.4</ele>
				<extensions>
					<swisstopo:routepoint_id>2020220039</swisstopo:routepoint_id>
				</extensions>
			</trkpt>
			<trkpt lat="47.0587157262" lon="9.4536162856">
				<ele>481.5</ele>
				<extensions>
					<swisstopo:routepoint_id>1884007801</swisstopo:routepoint_id>
				</extensions>
			</trkpt>
			<trkpt lat="47.0586950480" lon="9.4535778238">
				<ele>481.6</ele>
				<extensions>
					<swisstopo:routepoint_id>1431554906</swisstopo:routepoint_id>
				</extensions>
			</trkpt>
			<trkpt lat="47.0586649180" lon="9.4535314091">
				<ele>481.6</ele>
				<extensions>
					<swisstopo:routepoint_id>876864660</swisstopo:routepoint_id>
				</extensions>
			</trkpt>
			<trkpt lat="47.0585314147" lon="9.4533382593">
				<ele>481.9</ele>
				<extensions>
					<swisstopo:routepoint_id>1320204552</swisstopo:routepoint_id>
				</extensions>
			</trkpt>
			<trkpt lat="47.0583281194" lon="9.4529839828">
				<ele>483.7</ele>
				<extensions>
					<swisstopo:routepoint_id>367426411</swisstopo:routepoint_id>
				</extensions>
			</trkpt>
			<trkpt lat="47.0581739868" lon="9.4526768509">
				<ele>483.5</ele>
				<extensions>
					<swisstopo:routepoint_id>1756391839</swisstopo:routepoint_id>
				</extensions>
			</trkpt>
			<trkpt lat="47.0579717102" lon="9.4522651179">
				<ele>482.2</ele>
				<extensions>
					<swisstopo:routepoint_id>549401356</swisstopo:routepoint_id>
				</extensions>
			</trkpt>
			<trkpt lat="47.0579222016" lon="9.4521692070">
				<ele>481.8</ele>
				<extensions>
					<swisstopo:routepoint_id>1674372292</swisstopo:routepoint_id>
				</extensions>
			</trkpt>
			<trkpt lat="47.0578852284" lon="9.4521051041">
				<ele>481.6</ele>
				<extensions>
					<swisstopo:routepoint_id>164032599</swisstopo:routepoint_id>
				</extensions>
			</trkpt>
			<trkpt lat="47.0578527227" lon="9.4520585887">
				<ele>481.5</ele>
				<extensions>
					<swisstopo:routepoint_id>1893991440</swisstopo:routepoint_id>
				</extensions>
			</trkpt>
			<trkpt lat="47.0578190442" lon="9.4520103045">
				<ele>481.4</ele>
				<extensions>
					<swisstopo:routepoint_id>1851801452</swisstopo:routepoint_id>
				</extensions>
			</trkpt>
			<trkpt lat="47.0577265722" lon="9.4519070259">
				<ele>481.2</ele>
				<extensions>
					<swisstopo:routepoint_id>1847454654</swisstopo:routepoint_id>
				</extensions>
			</trkpt>
			<trkpt lat="47.0576544270" lon="9.4518264470">
				<ele>481.0</ele>
				<extensions>
					<swisstopo:routepoint_id>1711631517</swisstopo:routepoint_id>
				</extensions>
			</trkpt>
			<trkpt lat="47.0574863921" lon="9.4516337589">
				<ele>480.7</ele>
				<extensions>
					<swisstopo:routepoint_id>1198486390</swisstopo:routepoint_id>
				</extensions>
			</trkpt>
			<trkpt lat="47.0574026602" lon="9.4515208689">
				<ele>480.5</ele>
				<extensions>
					<swisstopo:routepoint_id>1494250744</swisstopo:routepoint_id>
				</extensions>
			</trkpt>
			<trkpt lat="47.0574233937" lon="9.4514920358">
				<ele>480.4</ele>
				<extensions>
					<swisstopo:routepoint_id>249629905</swisstopo:routepoint_id>
				</extensions>
			</trkpt>
			<trkpt lat="47.0574357285" lon="9.4514681144">
				<ele>480.5</ele>
				<extensions>
					<swisstopo:routepoint_id>1146651269</swisstopo:routepoint_id>
				</extensions>
			</trkpt>
			<trkpt lat="47.0574421310" lon="9.4514422321">
				<ele>480.7</ele>
				<extensions>
					<swisstopo:routepoint_id>886302923</swisstopo:routepoint_id>
				</extensions>
			</trkpt>
			<trkpt lat="47.0574469118" lon="9.4513048064">
				<ele>482.1</ele>
				<extensions>
					<swisstopo:routepoint_id>1007799716</swisstopo:routepoint_id>
				</extensions>
			</trkpt>
			<trkpt lat="47.0574393278" lon="9.4512627173">
				<ele>482.5</ele>
				<extensions>
					<swisstopo:routepoint_id>888211259</swisstopo:routepoint_id>
				</extensions>
			</trkpt>
			<trkpt lat="47.0574280607" lon="9.4512257170">
				<ele>482.8</ele>
				<extensions>
					<swisstopo:routepoint_id>49501064</swisstopo:routepoint_id>
				</extensions>
			</trkpt>
			<trkpt lat="47.0572927869" lon="9.4508618182">
				<ele>486.4</ele>
				<extensions>
					<swisstopo:routepoint_id>692661293</swisstopo:routepoint_id>
				</extensions>
			</trkpt>
			<trkpt lat="47.0570525459" lon="9.4501699894">
				<ele>493.7</ele>
				<extensions>
					<swisstopo:routepoint_id>1089179703</swisstopo:routepoint_id>
				</extensions>
			</trkpt>
			<trkpt lat="47.0569675937" lon="9.4499229419">
				<ele>496.2</ele>
				<extensions>
					<swisstopo:routepoint_id>1235759120</swisstopo:routepoint_id>
				</extensions>
			</trkpt>
			<trkpt lat="47.0568747082" lon="9.4497208915">
				<ele>498.5</ele>
				<extensions>
					<swisstopo:routepoint_id>1533862644</swisstopo:routepoint_id>
				</extensions>
			</trkpt>
			<trkpt lat="47.0568520210" lon="9.4496573268">
				<ele>499.2</ele>
				<extensions>
					<swisstopo:routepoint_id>1439328236</swisstopo:routepoint_id>
				</extensions>
			</trkpt>
			<trkpt lat="47.0568329160" lon="9.4495921722">
				<ele>499.8</ele>
				<extensions>
					<swisstopo:routepoint_id>1164226979</swisstopo:routepoint_id>
				</extensions>
			</trkpt>
			<trkpt lat="47.0568150166" lon="9.4495270516">
				<ele>500.4</ele>
				<extensions>
					<swisstopo:routepoint_id>738087093</swisstopo:routepoint_id>
				</extensions>
			</trkpt>
			<trkpt lat="47.0567077560" lon="9.4490579584">
				<ele>504.5</ele>
				<extensions>
					<swisstopo:routepoint_id>1050722682</swisstopo:routepoint_id>
				</extensions>
			</trkpt>
			<trkpt lat="47.0566327209" lon="9.4487207138">
				<ele>507.3</ele>
				<extensions>
					<swisstopo:routepoint_id>2139240908</swisstopo:routepoint_id>
				</extensions>
			</trkpt>
			<trkpt lat="47.0565884245" lon="9.4485309300">
				<ele>508.8</ele>
				<extensions>
					<swisstopo:routepoint_id>2030442934</swisstopo:routepoint_id>
				</extensions>
			</trkpt>
			<trkpt lat="47.0565445323" lon="9.4483185268">
				<ele>510.5</ele>
				<extensions>
					<swisstopo:routepoint_id>1169756396</swisstopo:routepoint_id>
				</extensions>
			</trkpt>
			<trkpt lat="47.0565137838" lon="9.4481710558">
				<ele>511.7</ele>
				<extensions>
					<swisstopo:routepoint_id>2084433301</swisstopo:routepoint_id>
				</extensions>
			</trkpt>
			<trkpt lat="47.0564876090" lon="9.4480342229">
				<ele>512.9</ele>
				<extensions>
					<swisstopo:routepoint_id>119208615</swisstopo:routepoint_id>
				</extensions>
			</trkpt>
			<trkpt lat="47.0564715255" lon="9.4479325922">
				<ele>513.7</ele>
				<extensions>
					<swisstopo:routepoint_id>1502491784</swisstopo:routepoint_id>
				</extensions>
			</trkpt>
			<trkpt lat="47.0564527334" lon="9.4478500328">
				<ele>514.4</ele>
				<extensions>
					<swisstopo:routepoint_id>1020230376</swisstopo:routepoint_id>
				</extensions>
			</trkpt>
			<trkpt lat="47.0564358886" lon="9.4477919025">
				<ele>514.9</ele>
				<extensions>
					<swisstopo:routepoint_id>1179279277</swisstopo:routepoint_id>
				</extensions>
			</trkpt>
			<trkpt lat="47.0564211835" lon="9.4477478097">
				<ele>515.3</ele>
				<extensions>
					<swisstopo:routepoint_id>2108966316</swisstopo:routepoint_id>
				</extensions>
			</trkpt>
			<trkpt lat="47.0564018124" lon="9.4476983151">
				<ele>515.8</ele>
				<extensions>
					<swisstopo:routepoint_id>374628639</swisstopo:routepoint_id>
				</extensions>
			</trkpt>
			<trkpt lat="47.0563775414" lon="9.4476573531">
				<ele>516.2</ele>
				<extensions>
					<swisstopo:routepoint_id>429340137</swisstopo:routepoint_id>
				</extensions>
			</trkpt>
			<trkpt lat="47.0563390425" lon="9.4476123554">
				<ele>516.8</ele>
				<extensions>
					<swisstopo:routepoint_id>1234058809</swisstopo:routepoint_id>
				</extensions>
			</trkpt>
			<trkpt lat="47.0562723262" lon="9.4475483134">
				<ele>517.7</ele>
				<extensions>
					<swisstopo:routepoint_id>1482497729</swisstopo:routepoint_id>
				</extensions>
			</trkpt>
			<trkpt lat="47.0561973790" lon="9.4474764074">
				<ele>518.8</ele>
				<extensions>
					<swisstopo:routepoint_id>1593164075</swisstopo:routepoint_id>
				</extensions>
			</trkpt>
			<trkpt lat="47.0561000759" lon="9.4473908911">
				<ele>520.0</ele>
				<extensions>
					<swisstopo:routepoint_id>573540773</swisstopo:routepoint_id>
				</extensions>
			</trkpt>
			<trkpt lat="47.0560392234" lon="9.4473311389">
				<ele>520.7</ele>
				<extensions>
					<swisstopo:routepoint_id>301323257</swisstopo:routepoint_id>
				</extensions>
			</trkpt>
			<trkpt lat="47.0560042120" lon="9.4472914991">
				<ele>521.1</ele>
				<extensions>
					<swisstopo:routepoint_id>301818153</swisstopo:routepoint_id>
				</extensions>
			</trkpt>
			<trkpt lat="47.0559821835" lon="9.4472575872">
				<ele>521.5</ele>
				<extensions>
					<swisstopo:routepoint_id>1733388765</swisstopo:routepoint_id>
				</extensions>
			</trkpt>
			<trkpt lat="47.0559637653" lon="9.4472220572">
				<ele>521.7</ele>
				<extensions>
					<swisstopo:routepoint_id>1093585913</swisstopo:routepoint_id>
				</extensions>
			</trkpt>
			<trkpt lat="47.0559466465" lon="9.4471796135">
				<ele>522.0</ele>
				<extensions>
					<swisstopo:routepoint_id>526873842</swisstopo:routepoint_id>
				</extensions>
			</trkpt>
			<trkpt lat="47.0559366763" lon="9.4471374361">
				<ele>522.2</ele>
				<extensions>
					<swisstopo:routepoint_id>2015397539</swisstopo:routepoint_id>
				</extensions>
			</trkpt>
			<trkpt lat="47.0559280360" lon="9.4470866070">
				<ele>522.4</ele>
				<extensions>
					<swisstopo:routepoint_id>1777189145</swisstopo:routepoint_id>
				</extensions>
			</trkpt>
			<trkpt lat="47.0559197004" lon="9.4470183560">
				<ele>522.6</ele>
				<extensions>
					<swisstopo:routepoint_id>1222256100</swisstopo:routepoint_id>
				</extensions>
			</trkpt>
			<trkpt lat="47.0559054608" lon="9.4468802206">
				<ele>522.9</ele>
				<extensions>
					<swisstopo:routepoint_id>1857511277</swisstopo:routepoint_id>
				</extensions>
			</trkpt>
			<trkpt lat="47.0558929158" lon="9.4467804775">
				<ele>523.1</ele>
				<extensions>
					<swisstopo:routepoint_id>117406289</swisstopo:routepoint_id>
				</extensions>
			</trkpt>
			<trkpt lat="47.0558822975" lon="9.4467069144">
				<ele>523.3</ele>
				<extensions>
					<swisstopo:routepoint_id>1660930406</swisstopo:routepoint_id>
				</extensions>
			</trkpt>
			<trkpt lat="47.0558692048" lon="9.4466384852">
				<ele>523.5</ele>
				<extensions>
					<swisstopo:routepoint_id>1301213001</swisstopo:routepoint_id>
				</extensions>
			</trkpt>
			<trkpt lat="47.0558525204" lon="9.4465716863">
				<ele>523.8</ele>
				<extensions>
					<swisstopo:routepoint_id>1064811236</swisstopo:routepoint_id>
				</extensions>
			</trkpt>
			<trkpt lat="47.0558344365" lon="9.4465170135">
				<ele>524.1</ele>
				<extensions>
					<swisstopo:routepoint_id>1681686029</swisstopo:routepoint_id>
				</extensions>
			</trkpt>
			<trkpt lat="47.0558127731" lon="9.4464622074">
				<ele>524.4</ele>
				<extensions>
					<swisstopo:routepoint_id>1469363726</swisstopo:routepoint_id>
				</extensions>
			</trkpt>
			<trkpt lat="47.0557864234" lon="9.4464037230">
				<ele>524.7</ele>
				<extensions>
					<swisstopo:routepoint_id>1693465231</swisstopo:routepoint_id>
				</extensions>
			</trkpt>
			<trkpt lat="47.0557611295" lon="9.4463522695">
				<ele>525.1</ele>
				<extensions>
					<swisstopo:routepoint_id>1406627801</swisstopo:routepoint_id>
				</extensions>
			</trkpt>
			<trkpt lat="47.0557218385" lon="9.4462846236">
				<ele>525.6</ele>
				<extensions>
					<swisstopo:routepoint_id>53109558</swisstopo:routepoint_id>
				</extensions>
			</trkpt>
			<trkpt lat="47.0556582981" lon="9.4461742404">
				<ele>526.4</ele>
				<extensions>
					<swisstopo:routepoint_id>1306994903</swisstopo:routepoint_id>
				</extensions>
			</trkpt>
			<trkpt lat="47.0556341692" lon="9.4461245818">
				<ele>526.7</ele>
				<extensions>
					<swisstopo:routepoint_id>457505709</swisstopo:routepoint_id>
				</extensions>
			</trkpt>
			<trkpt lat="47.0556135501" lon="9.4460785173">
				<ele>527.0</ele>
				<extensions>
					<swisstopo:routepoint_id>628415665</swisstopo:routepoint_id>
				</extensions>
			</trkpt>
			<trkpt lat="47.0555953959" lon="9.4460273181">
				<ele>527.3</ele>
				<extensions>
					<swisstopo:routepoint_id>845767994</swisstopo:routepoint_id>
				</extensions>
			</trkpt>
			<trkpt lat="47.0555762979" lon="9.4459621544">
				<ele>527.7</ele>
				<extensions>
					<swisstopo:routepoint_id>1662634794</swisstopo:routepoint_id>
				</extensions>
			</trkpt>
			<trkpt lat="47.0554877561" lon="9.4455791241">
				<ele>530.7</ele>
				<extensions>
					<swisstopo:routepoint_id>227918485</swisstopo:routepoint_id>
				</extensions>
			</trkpt>
			<trkpt lat="47.0554587483" lon="9.4454683238">
				<ele>531.5</ele>
				<extensions>
					<swisstopo:routepoint_id>1864351866</swisstopo:routepoint_id>
				</extensions>
			</trkpt>
			<trkpt lat="47.0554345902" lon="9.4453883826">
				<ele>532.1</ele>
				<extensions>
					<swisstopo:routepoint_id>1771174819</swisstopo:routepoint_id>
				</extensions>
			</trkpt>
			<trkpt lat="47.0553966459" lon="9.4452441483">
				<ele>533.4</ele>
				<extensions>
					<swisstopo:routepoint_id>1634068665</swisstopo:routepoint_id>
				</extensions>
			</trkpt>
			<trkpt lat="47.0553878838" lon="9.4452002668">
				<ele>533.7</ele>
				<extensions>
					<swisstopo:routepoint_id>1247184</swisstopo:routepoint_id>
				</extensions>
			</trkpt>
			<trkpt lat="47.0553815650" lon="9.4451530132">
				<ele>534.1</ele>
				<extensions>
					<swisstopo:routepoint_id>2073119737</swisstopo:routepoint_id>
				</extensions>
			</trkpt>
			<trkpt lat="47.0553787550" lon="9.4451093544">
				<ele>534.5</ele>
				<extensions>
					<swisstopo:routepoint_id>241231318</swisstopo:routepoint_id>
				</extensions>
			</trkpt>
			<trkpt lat="47.0553785696" lon="9.4449160022">
				<ele>535.9</ele>
				<extensions>
					<swisstopo:routepoint_id>18924782</swisstopo:routepoint_id>
				</extensions>
			</trkpt>
			<trkpt lat="47.0553784681" lon="9.4448533009">
				<ele>536.4</ele>
				<extensions>
					<swisstopo:routepoint_id>1181264071</swisstopo:routepoint_id>
				</extensions>
			</trkpt>
			<trkpt lat="47.0553748364" lon="9.4447887170">
				<ele>536.8</ele>
				<extensions>
					<swisstopo:routepoint_id>1733313318</swisstopo:routepoint_id>
				</extensions>
			</trkpt>
			<trkpt lat="47.0553612842" lon="9.4446105453">
				<ele>538.4</ele>
				<extensions>
					<swisstopo:routepoint_id>2038212945</swisstopo:routepoint_id>
				</extensions>
			</trkpt>
			<trkpt lat="47.0553559481" lon="9.4445755207">
				<ele>538.7</ele>
				<extensions>
					<swisstopo:routepoint_id>154087940</swisstopo:routepoint_id>
				</extensions>
			</trkpt>
			<trkpt lat="47.0553505424" lon="9.4445439700">
				<ele>539.1</ele>
				<extensions>
					<swisstopo:routepoint_id>221056750</swisstopo:routepoint_id>
				</extensions>
			</trkpt>
			<trkpt lat="47.0553304999" lon="9.4444648287">
				<ele>539.3</ele>
				<extensions>
					<swisstopo:routepoint_id>1891056050</swisstopo:routepoint_id>
				</extensions>
			</trkpt>
			<trkpt lat="47.0552946274" lon="9.4444739399">
				<ele>538.9</ele>
				<extensions>
					<swisstopo:routepoint_id>1522146502</swisstopo:routepoint_id>
				</extensions>
			</trkpt>
			<trkpt lat="47.0552661682" lon="9.4444676610">
				<ele>538.6</ele>
				<extensions>
					<swisstopo:routepoint_id>1229651769</swisstopo:routepoint_id>
				</extensions>
			</trkpt>
			<trkpt lat="47.0552637047" lon="9.4444665302">
				<ele>538.6</ele>
				<extensions>
					<swisstopo:routepoint_id>2050576975</swisstopo:routepoint_id>
				</extensions>
			</trkpt>
			<trkpt lat="47.0552301766" lon="9.4444534714">
				<ele>538.2</ele>
				<extensions>
					<swisstopo:routepoint_id>109261624</swisstopo:routepoint_id>
				</extensions>
			</trkpt>
			<trkpt lat="47.0551772931" lon="9.4444149158">
				<ele>537.6</ele>
				<extensions>
					<swisstopo:routepoint_id>629289357</swisstopo:routepoint_id>
				</extensions>
			</trkpt>
			<trkpt lat="47.0550269022" lon="9.4443012979">
				<ele>536.0</ele>
				<extensions>
					<swisstopo:routepoint_id>209713212</swisstopo:routepoint_id>
				</extensions>
			</trkpt>
			<trkpt lat="47.0548213055" lon="9.4441455497">
				<ele>533.9</ele>
				<extensions>
					<swisstopo:routepoint_id>2061377009</swisstopo:routepoint_id>
				</extensions>
			</trkpt>
			<trkpt lat="47.0547590810" lon="9.4440962040">
				<ele>533.1</ele>
				<extensions>
					<swisstopo:routepoint_id>1875832767</swisstopo:routepoint_id>
				</extensions>
			</trkpt>
			<trkpt lat="47.0547110362" lon="9.4440526039">
				<ele>532.6</ele>
				<extensions>
					<swisstopo:routepoint_id>614061686</swisstopo:routepoint_id>
				</extensions>
			</trkpt>
			<trkpt lat="47.0546631131" lon="9.4440020298">
				<ele>532.1</ele>
				<extensions>
					<swisstopo:routepoint_id>725404815</swisstopo:routepoint_id>
				</extensions>
			</trkpt>
			<trkpt lat="47.0544796257" lon="9.4438070465">
				<ele>530.2</ele>
				<extensions>
					<swisstopo:routepoint_id>1251070256</swisstopo:routepoint_id>
				</extensions>
			</trkpt>
			<trkpt lat="47.0544945434" lon="9.4437710433">
				<ele>530.2</ele>
				<extensions>
					<swisstopo:routepoint_id>1801165024</swisstopo:routepoint_id>
				</extensions>
			</trkpt>
			<trkpt lat="47.0544997772" lon="9.4437433537">
				<ele>530.3</ele>
				<extensions>
					<swisstopo:routepoint_id>1414939465</swisstopo:routepoint_id>
				</extensions>
			</trkpt>
			<trkpt lat="47.0544967022" lon="9.4437153799">
				<ele>530.5</ele>
				<extensions>
					<swisstopo:routepoint_id>996203811</swisstopo:routepoint_id>
				</extensions>
			</trkpt>
			<trkpt lat="47.0544796427" lon="9.4436694503">
				<ele>530.8</ele>
				<extensions>
					<swisstopo:routepoint_id>1614345487</swisstopo:routepoint_id>
				</extensions>
			</trkpt>
			<trkpt lat="47.0544347705" lon="9.4435806913">
				<ele>531.4</ele>
				<extensions>
					<swisstopo:routepoint_id>700548563</swisstopo:routepoint_id>
				</extensions>
			</trkpt>
			<trkpt lat="47.0543566103" lon="9.4434210127">
				<ele>532.4</ele>
				<extensions>
					<swisstopo:routepoint_id>835294886</swisstopo:routepoint_id>
				</extensions>
			</trkpt>
			<trkpt lat="47.0542750100" lon="9.4432542275">
				<ele>533.3</ele>
				<extensions>
					<swisstopo:routepoint_id>674564257</swisstopo:routepoint_id>
				</extensions>
			</trkpt>
			<trkpt lat="47.0542381211" lon="9.4431849245">
				<ele>533.7</ele>
				<extensions>
					<swisstopo:routepoint_id>56899196</swisstopo:routepoint_id>
				</extensions>
			</trkpt>
			<trkpt lat="47.0542000853" lon="9.4431138147">
				<ele>534.1</ele>
				<extensions>
					<swisstopo:routepoint_id>1955571733</swisstopo:routepoint_id>
				</extensions>
			</trkpt>
			<trkpt lat="47.0541631052" lon="9.4430497349">
				<ele>534.6</ele>
				<extensions>
					<swisstopo:routepoint_id>127633977</swisstopo:routepoint_id>
				</extensions>
			</trkpt>
			<trkpt lat="47.0541202415" lon="9.4429819597">
				<ele>535.3</ele>
				<extensions>
					<swisstopo:routepoint_id>548921127</swisstopo:routepoint_id>
				</extensions>
			</trkpt>
			<trkpt lat="47.0540343338" lon="9.4428568043">
				<ele>536.8</ele>
				<extensions>
					<swisstopo:routepoint_id>733578422</swisstopo:routepoint_id>
				</extensions>
			</trkpt>
			<trkpt lat="47.0539936406" lon="9.4428013017">
				<ele>537.5</ele>
				<extensions>
					<swisstopo:routepoint_id>1210694421</swisstopo:routepoint_id>
				</extensions>
			</trkpt>
			<trkpt lat="47.0539751598" lon="9.4427692628">
				<ele>537.8</ele>
				<extensions>
					<swisstopo:routepoint_id>793543413</swisstopo:routepoint_id>
				</extensions>
			</trkpt>
			<trkpt lat="47.0539404415" lon="9.4427122207">
				<ele>538.1</ele>
				<extensions>
					<swisstopo:routepoint_id>417993250</swisstopo:routepoint_id>
				</extensions>
			</trkpt>
			<trkpt lat="47.0538908935" lon="9.4426180604">
				<ele>538.0</ele>
				<extensions>
					<swisstopo:routepoint_id>820711933</swisstopo:routepoint_id>
				</extensions>
			</trkpt>
			<trkpt lat="47.0538809212" lon="9.4425758869">
				<ele>538.0</ele>
				<extensions>
					<swisstopo:routepoint_id>1383832249</swisstopo:routepoint_id>
				</extensions>
			</trkpt>
			<trkpt lat="47.0538843278" lon="9.4425167807">
				<ele>538.1</ele>
				<extensions>
					<swisstopo:routepoint_id>195703058</swisstopo:routepoint_id>
				</extensions>
			</trkpt>
			<trkpt lat="47.0538925905" lon="9.4424526692">
				<ele>538.1</ele>
				<extensions>
					<swisstopo:routepoint_id>916145264</swisstopo:routepoint_id>
				</extensions>
			</trkpt>
			<trkpt lat="47.0538972617" lon="9.4424258010">
				<ele>538.2</ele>
				<extensions>
					<swisstopo:routepoint_id>889227991</swisstopo:routepoint_id>
				</extensions>
			</trkpt>
			<trkpt lat="47.0539058327" lon="9.4423765135">
				<ele>538.2</ele>
				<extensions>
					<swisstopo:routepoint_id>1169816268</swisstopo:routepoint_id>
				</extensions>
			</trkpt>
			<trkpt lat="47.0539152633" lon="9.4423475981">
				<ele>538.1</ele>
				<extensions>
					<swisstopo:routepoint_id>231083492</swisstopo:routepoint_id>
				</extensions>
			</trkpt>
			<trkpt lat="47.0539322308" lon="9.4422956481">
				<ele>537.7</ele>
				<extensions>
					<swisstopo:routepoint_id>262587611</swisstopo:routepoint_id>
				</extensions>
			</trkpt>
			<trkpt lat="47.0539525752" lon="9.4422270510">
				<ele>537.4</ele>
				<extensions>
					<swisstopo:routepoint_id>1466979374</swisstopo:routepoint_id>
				</extensions>
			</trkpt>
			<trkpt lat="47.0539780798" lon="9.4421644005">
				<ele>537.0</ele>
				<extensions>
					<swisstopo:routepoint_id>904337999</swisstopo:routepoint_id>
				</extensions>
			</trkpt>
			<trkpt lat="47.0540122977" lon="9.4421216798">
				<ele>536.8</ele>
				<extensions>
					<swisstopo:routepoint_id>273999481</swisstopo:routepoint_id>
				</extensions>
			</trkpt>
			<trkpt lat="47.0540457056" lon="9.4420696989">
				<ele>536.8</ele>
				<extensions>
					<swisstopo:routepoint_id>593905991</swisstopo:routepoint_id>
				</extensions>
			</trkpt>
			<trkpt lat="47.0540805921" lon="9.4419886644">
				<ele>537.2</ele>
				<extensions>
					<swisstopo:routepoint_id>1017876399</swisstopo:routepoint_id>
				</extensions>
			</trkpt>
			<trkpt lat="47.0541013519" lon="9.4419106823">
				<ele>537.8</ele>
				<extensions>
					<swisstopo:routepoint_id>32131628</swisstopo:routepoint_id>
				</extensions>
			</trkpt>
			<trkpt lat="47.0541050268" lon="9.4418661083">
				<ele>538.2</ele>
				<extensions>
					<swisstopo:routepoint_id>300013312</swisstopo:routepoint_id>
				</extensions>
			</trkpt>
			<trkpt lat="47.0541020664" lon="9.4418134659">
				<ele>538.7</ele>
				<extensions>
					<swisstopo:routepoint_id>637222643</swisstopo:routepoint_id>
				</extensions>
			</trkpt>
			<trkpt lat="47.0540920781" lon="9.4417747793">
				<ele>539.0</ele>
				<extensions>
					<swisstopo:routepoint_id>1071415934</swisstopo:routepoint_id>
				</extensions>
			</trkpt>
			<trkpt lat="47.0540670553" lon="9.4417355050">
				<ele>539.3</ele>
				<extensions>
					<swisstopo:routepoint_id>1806648581</swisstopo:routepoint_id>
				</extensions>
			</trkpt>
			<trkpt lat="47.0539719474" lon="9.4416424876">
				<ele>541.1</ele>
				<extensions>
					<swisstopo:routepoint_id>52494493</swisstopo:routepoint_id>
				</extensions>
			</trkpt>
			<trkpt lat="47.0539346154" lon="9.4415964597">
				<ele>541.8</ele>
				<extensions>
					<swisstopo:routepoint_id>172369128</swisstopo:routepoint_id>
				</extensions>
			</trkpt>
			<trkpt lat="47.0538732474" lon="9.4415294423">
				<ele>542.5</ele>
				<extensions>
					<swisstopo:routepoint_id>742244593</swisstopo:routepoint_id>
				</extensions>
			</trkpt>
			<trkpt lat="47.0537891370" lon="9.4414548868">
				<ele>543.1</ele>
				<extensions>
					<swisstopo:routepoint_id>1254137814</swisstopo:routepoint_id>
				</extensions>
			</trkpt>
			<trkpt lat="47.0537154881" lon="9.4413918747">
				<ele>543.7</ele>
				<extensions>
					<swisstopo:routepoint_id>443830835</swisstopo:routepoint_id>
				</extensions>
			</trkpt>
			<trkpt lat="47.0536610840" lon="9.4413630621">
				<ele>544.2</ele>
				<extensions>
					<swisstopo:routepoint_id>61740848</swisstopo:routepoint_id>
				</extensions>
			</trkpt>
			<trkpt lat="47.0536067093" lon="9.4413320120">
				<ele>544.6</ele>
				<extensions>
					<swisstopo:routepoint_id>235106304</swisstopo:routepoint_id>
				</extensions>
			</trkpt>
			<trkpt lat="47.0535461216" lon="9.4413074314">
				<ele>545.4</ele>
				<extensions>
					<swisstopo:routepoint_id>302453079</swisstopo:routepoint_id>
				</extensions>
			</trkpt>
			<trkpt lat="47.0534993725" lon="9.4412766800">
				<ele>545.8</ele>
				<extensions>
					<swisstopo:routepoint_id>503827600</swisstopo:routepoint_id>
				</extensions>
			</trkpt>
			<trkpt lat="47.0534845583" lon="9.4412515723">
				<ele>545.9</ele>
				<extensions>
					<swisstopo:routepoint_id>1156121608</swisstopo:routepoint_id>
				</extensions>
			</trkpt>
			<trkpt lat="47.0534759967" lon="9.4412177722">
				<ele>545.5</ele>
				<extensions>
					<swisstopo:routepoint_id>230188265</swisstopo:routepoint_id>
				</extensions>
			</trkpt>
			<trkpt lat="47.0534614934" lon="9.4411748233">
				<ele>545.5</ele>
				<extensions>
					<swisstopo:routepoint_id>453608445</swisstopo:routepoint_id>
				</extensions>
			</trkpt>
			<trkpt lat="47.0534408547" lon="9.4411338831">
				<ele>545.6</ele>
				<extensions>
					<swisstopo:routepoint_id>158849038</swisstopo:routepoint_id>
				</extensions>
			</trkpt>
			<trkpt lat="47.0534152501" lon="9.4411150603">
				<ele>545.4</ele>
				<extensions>
					<swisstopo:routepoint_id>214029509</swisstopo:routepoint_id>
				</extensions>
			</trkpt>
			<trkpt lat="47.0533743258" lon="9.4411001548">
				<ele>545.5</ele>
				<extensions>
					<swisstopo:routepoint_id>1281577617</swisstopo:routepoint_id>
				</extensions>
			</trkpt>
			<trkpt lat="47.0533118293" lon="9.4410978192">
				<ele>546.1</ele>
				<extensions>
					<swisstopo:routepoint_id>1822249412</swisstopo:routepoint_id>
				</extensions>
			</trkpt>
			<trkpt lat="47.0532066083" lon="9.4410961121">
				<ele>547.9</ele>
				<extensions>
					<swisstopo:routepoint_id>901164808</swisstopo:routepoint_id>
				</extensions>
			</trkpt>
			<trkpt lat="47.0531454463" lon="9.4411049775">
				<ele>547.3</ele>
				<extensions>
					<swisstopo:routepoint_id>549478244</swisstopo:routepoint_id>
				</extensions>
			</trkpt>
			<trkpt lat="47.0530600823" lon="9.4411017874">
				<ele>546.5</ele>
				<extensions>
					<swisstopo:routepoint_id>1967739492</swisstopo:routepoint_id>
				</extensions>
			</trkpt>
			<trkpt lat="47.0529867177" lon="9.4411102234">
				<ele>545.7</ele>
				<extensions>
					<swisstopo:routepoint_id>879579799</swisstopo:routepoint_id>
				</extensions>
			</trkpt>
			<trkpt lat="47.0529304053" lon="9.4411036429">
				<ele>544.8</ele>
				<extensions>
					<swisstopo:routepoint_id>186984480</swisstopo:routepoint_id>
				</extensions>
			</trkpt>
			<trkpt lat="47.0528701973" lon="9.4410567614">
				<ele>544.4</ele>
				<extensions>
					<swisstopo:routepoint_id>1249888262</swisstopo:routepoint_id>
				</extensions>
			</trkpt>
			<trkpt lat="47.0528297869" lon="9.4410128449">
				<ele>544.0</ele>
				<extensions>
					<swisstopo:routepoint_id>2067955330</swisstopo:routepoint_id>
				</extensions>
			</trkpt>
			<trkpt lat="47.0527807583" lon="9.4409373647">
				<ele>543.1</ele>
				<extensions>
					<swisstopo:routepoint_id>1696822949</swisstopo:routepoint_id>
				</extensions>
			</trkpt>
			<trkpt lat="47.0527540612" lon="9.4408939744">
				<ele>542.2</ele>
				<extensions>
					<swisstopo:routepoint_id>217954212</swisstopo:routepoint_id>
				</extensions>
			</trkpt>
			<trkpt lat="47.0527232156" lon="9.4408258619">
				<ele>541.5</ele>
				<extensions>
					<swisstopo:routepoint_id>211988655</swisstopo:routepoint_id>
				</extensions>
			</trkpt>
			<trkpt lat="47.0526895923" lon="9.4407420436">
				<ele>540.7</ele>
				<extensions>
					<swisstopo:routepoint_id>866186924</swisstopo:routepoint_id>
				</extensions>
			</trkpt>
			<trkpt lat="47.0526591052" lon="9.4406538542">
				<ele>540.4</ele>
				<extensions>
					<swisstopo:routepoint_id>774484713</swisstopo:routepoint_id>
				</extensions>
			</trkpt>
			<trkpt lat="47.0526341993" lon="9.4405949035">
				<ele>540.1</ele>
				<extensions>
					<swisstopo:routepoint_id>652711427</swisstopo:routepoint_id>
				</extensions>
			</trkpt>
			<trkpt lat="47.0526104252" lon="9.4405582968">
				<ele>539.9</ele>
				<extensions>
					<swisstopo:routepoint_id>19204811</swisstopo:routepoint_id>
				</extensions>
			</trkpt>
			<trkpt lat="47.0525462890" lon="9.4404755651">
				<ele>539.7</ele>
				<extensions>
					<swisstopo:routepoint_id>1613137398</swisstopo:routepoint_id>
				</extensions>
			</trkpt>
			<trkpt lat="47.0524833520" lon="9.4404107308">
				<ele>539.4</ele>
				<extensions>
					<swisstopo:routepoint_id>343805804</swisstopo:routepoint_id>
				</extensions>
			</trkpt>
			<trkpt lat="47.0524384041" lon="9.4403644204">
				<ele>539.2</ele>
				<extensions>
					<swisstopo:routepoint_id>1647655467</swisstopo:routepoint_id>
				</extensions>
			</trkpt>
			<trkpt lat="47.0524070519" lon="9.4403252934">
				<ele>539.0</ele>
				<extensions>
					<swisstopo:routepoint_id>17602958</swisstopo:routepoint_id>
				</extensions>
			</trkpt>
			<trkpt lat="47.0523610409" lon="9.4402521649">
				<ele>538.7</ele>
				<extensions>
					<swisstopo:routepoint_id>29261103</swisstopo:routepoint_id>
				</extensions>
			</trkpt>
			<trkpt lat="47.0523316063" lon="9.4401908077">
				<ele>538.7</ele>
				<extensions>
					<swisstopo:routepoint_id>81776569</swisstopo:routepoint_id>
				</extensions>
			</trkpt>
			<trkpt lat="47.0522869902" lon="9.4401244197">
				<ele>537.9</ele>
				<extensions>
					<swisstopo:routepoint_id>2006171388</swisstopo:routepoint_id>
				</extensions>
			</trkpt>
			<trkpt lat="47.0522589668" lon="9.4400698160">
				<ele>537.7</ele>
				<extensions>
					<swisstopo:routepoint_id>1147139101</swisstopo:routepoint_id>
				</extensions>
			</trkpt>
			<trkpt lat="47.0522212032" lon="9.4399612782">
				<ele>536.9</ele>
				<extensions>
					<swisstopo:routepoint_id>1336831145</swisstopo:routepoint_id>
				</extensions>
			</trkpt>
			<trkpt lat="47.0521979342" lon="9.4398956750">
				<ele>536.1</ele>
				<extensions>
					<swisstopo:routepoint_id>556531690</swisstopo:routepoint_id>
				</extensions>
			</trkpt>
			<trkpt lat="47.0522005670" lon="9.4398937595">
				<ele>536.1</ele>
				<extensions>
					<swisstopo:routepoint_id>1714804566</swisstopo:routepoint_id>
				</extensions>
			</trkpt>
			<trkpt lat="47.0521747774" lon="9.4398178780">
				<ele>536.1</ele>
				<extensions>
					<swisstopo:routepoint_id>748852798</swisstopo:routepoint_id>
				</extensions>
			</trkpt>
			<trkpt lat="47.0521411934" lon="9.4397317996">
				<ele>535.8</ele>
				<extensions>
					<swisstopo:routepoint_id>1037434913</swisstopo:routepoint_id>
				</extensions>
			</trkpt>
			<trkpt lat="47.0521104561" lon="9.4396388633">
				<ele>535.0</ele>
				<extensions>
					<swisstopo:routepoint_id>697192135</swisstopo:routepoint_id>
				</extensions>
			</trkpt>
			<trkpt lat="47.0520965042" lon="9.4395647349">
				<ele>534.1</ele>
				<extensions>
					<swisstopo:routepoint_id>1156133113</swisstopo:routepoint_id>
				</extensions>
			</trkpt>
			<trkpt lat="47.0520852046" lon="9.4395129944">
				<ele>533.8</ele>
				<extensions>
					<swisstopo:routepoint_id>1379891238</swisstopo:routepoint_id>
				</extensions>
			</trkpt>
			<trkpt lat="47.0520635590" lon="9.4394430421">
				<ele>534.1</ele>
				<extensions>
					<swisstopo:routepoint_id>1468962450</swisstopo:routepoint_id>
				</extensions>
			</trkpt>
			<trkpt lat="47.0520416247" lon="9.4393886668">
				<ele>533.8</ele>
				<extensions>
					<swisstopo:routepoint_id>206185523</swisstopo:routepoint_id>
				</extensions>
			</trkpt>
			<trkpt lat="47.0520134642" lon="9.4393429981">
				<ele>532.6</ele>
				<extensions>
					<swisstopo:routepoint_id>873214103</swisstopo:routepoint_id>
				</extensions>
			</trkpt>
			<trkpt lat="47.0519792673" lon="9.4392926544">
				<ele>532.7</ele>
				<extensions>
					<swisstopo:routepoint_id>7335026</swisstopo:routepoint_id>
				</extensions>
			</trkpt>
			<trkpt lat="47.0519462965" lon="9.4392601821">
				<ele>533.1</ele>
				<extensions>
					<swisstopo:routepoint_id>1206690242</swisstopo:routepoint_id>
				</extensions>
			</trkpt>
			<trkpt lat="47.0518815080" lon="9.4392153977">
				<ele>531.8</ele>
				<extensions>
					<swisstopo:routepoint_id>633954487</swisstopo:routepoint_id>
				</extensions>
			</trkpt>
			<trkpt lat="47.0518303643" lon="9.4391755458">
				<ele>532.1</ele>
				<extensions>
					<swisstopo:routepoint_id>10131800</swisstopo:routepoint_id>
				</extensions>
			</trkpt>
			<trkpt lat="47.0517564687" lon="9.4391281835">
				<ele>531.2</ele>
				<extensions>
					<swisstopo:routepoint_id>1787930553</swisstopo:routepoint_id>
				</extensions>
			</trkpt>
			<trkpt lat="47.0517097858" lon="9.4390952000">
				<ele>530.9</ele>
				<extensions>
					<swisstopo:routepoint_id>1852945100</swisstopo:routepoint_id>
				</extensions>
			</trkpt>
			<trkpt lat="47.0516586416" lon="9.4390553748">
				<ele>530.6</ele>
				<extensions>
					<swisstopo:routepoint_id>1947373340</swisstopo:routepoint_id>
				</extensions>
			</trkpt>
			<trkpt lat="47.0516285162" lon="9.4390341734">
				<ele>530.2</ele>
				<extensions>
					<swisstopo:routepoint_id>1800184268</swisstopo:routepoint_id>
				</extensions>
			</trkpt>
			<trkpt lat="47.0516107701" lon="9.4390022830">
				<ele>530.0</ele>
				<extensions>
					<swisstopo:routepoint_id>923012707</swisstopo:routepoint_id>
				</extensions>
			</trkpt>
			<trkpt lat="47.0515932360" lon="9.4389592365">
				<ele>529.8</ele>
				<extensions>
					<swisstopo:routepoint_id>2146516380</swisstopo:routepoint_id>
				</extensions>
			</trkpt>
			<trkpt lat="47.0515716108" lon="9.4388870345">
				<ele>529.7</ele>
				<extensions>
					<swisstopo:routepoint_id>1760203115</swisstopo:routepoint_id>
				</extensions>
			</trkpt>
			<trkpt lat="47.0515544857" lon="9.4388194897">
				<ele>529.5</ele>
				<extensions>
					<swisstopo:routepoint_id>604855138</swisstopo:routepoint_id>
				</extensions>
			</trkpt>
			<trkpt lat="47.0515253397" lon="9.4387425441">
				<ele>529.4</ele>
				<extensions>
					<swisstopo:routepoint_id>1770205468</swisstopo:routepoint_id>
				</extensions>
			</trkpt>
			<trkpt lat="47.0514943161" lon="9.4386856186">
				<ele>529.3</ele>
				<extensions>
					<swisstopo:routepoint_id>1110581935</swisstopo:routepoint_id>
				</extensions>
			</trkpt>
			<trkpt lat="47.0514628956" lon="9.4386509803">
				<ele>528.4</ele>
				<extensions>
					<swisstopo:routepoint_id>634970954</swisstopo:routepoint_id>
				</extensions>
			</trkpt>
			<trkpt lat="47.0514280471" lon="9.4386385286">
				<ele>528.2</ele>
				<extensions>
					<swisstopo:routepoint_id>1758196582</swisstopo:routepoint_id>
				</extensions>
			</trkpt>
			<trkpt lat="47.0513919628" lon="9.4386396568">
				<ele>528.2</ele>
				<extensions>
					<swisstopo:routepoint_id>1132174886</swisstopo:routepoint_id>
				</extensions>
			</trkpt>
			<trkpt lat="47.0512683833" lon="9.4385304883">
				<ele>528.3</ele>
				<extensions>
					<swisstopo:routepoint_id>968332436</swisstopo:routepoint_id>
				</extensions>
			</trkpt>
			<trkpt lat="47.0512683832" lon="9.4385304883">
				<ele>528.3</ele>
				<extensions>
					<swisstopo:routepoint_id>1354403740</swisstopo:routepoint_id>
				</extensions>
			</trkpt>
			<trkpt lat="47.0511305326" lon="9.4384087136">
				<ele>528.4</ele>
				<extensions>
					<swisstopo:routepoint_id>656068034</swisstopo:routepoint_id>
				</extensions>
			</trkpt>
			<trkpt lat="47.0509618667" lon="9.4382509031">
				<ele>528.1</ele>
				<extensions>
					<swisstopo:routepoint_id>416962885</swisstopo:routepoint_id>
				</extensions>
			</trkpt>
			<trkpt lat="47.0508598515" lon="9.4381617478">
				<ele>528.0</ele>
				<extensions>
					<swisstopo:routepoint_id>901208968</swisstopo:routepoint_id>
				</extensions>
			</trkpt>
			<trkpt lat="47.0508293820" lon="9.4381344786">
				<ele>527.9</ele>
				<extensions>
					<swisstopo:routepoint_id>356668535</swisstopo:routepoint_id>
				</extensions>
			</trkpt>
			<trkpt lat="47.0507188574" lon="9.4380554727">
				<ele>527.8</ele>
				<extensions>
					<swisstopo:routepoint_id>1586836204</swisstopo:routepoint_id>
				</extensions>
			</trkpt>
			<trkpt lat="47.0508454566" lon="9.4376892318">
				<ele>531.8</ele>
				<extensions>
					<swisstopo:routepoint_id>1066872601</swisstopo:routepoint_id>
				</extensions>
			</trkpt>
			<trkpt lat="47.0508639728" lon="9.4376515989">
				<ele>532.2</ele>
				<extensions>
					<swisstopo:routepoint_id>2042389807</swisstopo:routepoint_id>
				</extensions>
			</trkpt>
			<trkpt lat="47.0508821465" lon="9.4376331219">
				<ele>532.6</ele>
				<extensions>
					<swisstopo:routepoint_id>2084612995</swisstopo:routepoint_id>
				</extensions>
			</trkpt>
			<trkpt lat="47.0508551144" lon="9.4374771085">
				<ele>533.0</ele>
				<extensions>
					<swisstopo:routepoint_id>1278750132</swisstopo:routepoint_id>
				</extensions>
			</trkpt>
			<trkpt lat="47.0508455559" lon="9.4374105718">
				<ele>533.0</ele>
				<extensions>
					<swisstopo:routepoint_id>1065959858</swisstopo:routepoint_id>
				</extensions>
			</trkpt>
			<trkpt lat="47.0508255602" lon="9.4373279657">
				<ele>533.0</ele>
				<extensions>
					<swisstopo:routepoint_id>622829848</swisstopo:routepoint_id>
				</extensions>
			</trkpt>
			<trkpt lat="47.0508084216" lon="9.4373552100">
				<ele>532.8</ele>
				<extensions>
					<swisstopo:routepoint_id>1134535023</swisstopo:routepoint_id>
				</extensions>
			</trkpt>
			<trkpt lat="47.0508043154" lon="9.4373864025">
				<ele>532.2</ele>
				<extensions>
					<swisstopo:routepoint_id>1866833499</swisstopo:routepoint_id>
				</extensions>
			</trkpt>
			<trkpt lat="47.0508024229" lon="9.4374263803">
				<ele>531.5</ele>
				<extensions>
					<swisstopo:routepoint_id>2049337155</swisstopo:routepoint_id>
				</extensions>
			</trkpt>
			<trkpt lat="47.0507882790" lon="9.4374868063">
				<ele>530.5</ele>
				<extensions>
					<swisstopo:routepoint_id>726640171</swisstopo:routepoint_id>
				</extensions>
			</trkpt>
			<trkpt lat="47.0507552554" lon="9.4376057450">
				<ele>528.6</ele>
				<extensions>
					<swisstopo:routepoint_id>613865537</swisstopo:routepoint_id>
				</extensions>
			</trkpt>
			<trkpt lat="47.0507151095" lon="9.4377244306">
				<ele>526.8</ele>
				<extensions>
					<swisstopo:routepoint_id>1146928487</swisstopo:routepoint_id>
				</extensions>
			</trkpt>
			<trkpt lat="47.0506838483" lon="9.4378103507">
				<ele>525.3</ele>
				<extensions>
					<swisstopo:routepoint_id>3007024</swisstopo:routepoint_id>
				</extensions>
			</trkpt>
			<trkpt lat="47.0506356305" lon="9.4379130425">
				<ele>523.5</ele>
				<extensions>
					<swisstopo:routepoint_id>621744418</swisstopo:routepoint_id>
				</extensions>
			</trkpt>
			<trkpt lat="47.0505971170" lon="9.4380056560">
				<ele>522.1</ele>
				<extensions>
					<swisstopo:routepoint_id>903265523</swisstopo:routepoint_id>
				</extensions>
			</trkpt>
			<trkpt lat="47.0505525296" lon="9.4381049940">
				<ele>520.5</ele>
				<extensions>
					<swisstopo:routepoint_id>806941304</swisstopo:routepoint_id>
				</extensions>
			</trkpt>
			<trkpt lat="47.0505031333" lon="9.4382076546">
				<ele>519.0</ele>
				<extensions>
					<swisstopo:routepoint_id>1959577328</swisstopo:routepoint_id>
				</extensions>
			</trkpt>
			<trkpt lat="47.0504464763" lon="9.4383169949">
				<ele>517.4</ele>
				<extensions>
					<swisstopo:routepoint_id>693030487</swisstopo:routepoint_id>
				</extensions>
			</trkpt>
			<trkpt lat="47.0503972224" lon="9.4384109451">
				<ele>516.3</ele>
				<extensions>
					<swisstopo:routepoint_id>916558174</swisstopo:routepoint_id>
				</extensions>
			</trkpt>
			<trkpt lat="47.0503471452" lon="9.4384839716">
				<ele>515.4</ele>
				<extensions>
					<swisstopo:routepoint_id>432950030</swisstopo:routepoint_id>
				</extensions>
			</trkpt>
			<trkpt lat="47.0503033153" lon="9.4385372072">
				<ele>514.7</ele>
				<extensions>
					<swisstopo:routepoint_id>1946011120</swisstopo:routepoint_id>
				</extensions>
			</trkpt>
			<trkpt lat="47.0502516189" lon="9.4385972844">
				<ele>514.0</ele>
				<extensions>
					<swisstopo:routepoint_id>1495061860</swisstopo:routepoint_id>
				</extensions>
			</trkpt>
			<trkpt lat="47.0501731153" lon="9.4386533335">
				<ele>513.2</ele>
				<extensions>
					<swisstopo:routepoint_id>449339416</swisstopo:routepoint_id>
				</extensions>
			</trkpt>
			<trkpt lat="47.0500861230" lon="9.4387018381">
				<ele>512.6</ele>
				<extensions>
					<swisstopo:routepoint_id>1381765782</swisstopo:routepoint_id>
				</extensions>
			</trkpt>
			<trkpt lat="47.0500609078" lon="9.4387205915">
				<ele>512.4</ele>
				<extensions>
					<swisstopo:routepoint_id>1199744495</swisstopo:routepoint_id>
				</extensions>
			</trkpt>
			<trkpt lat="47.0499426257" lon="9.4388137151">
				<ele>511.7</ele>
				<extensions>
					<swisstopo:routepoint_id>824974961</swisstopo:routepoint_id>
				</extensions>
			</trkpt>
			<trkpt lat="47.0498459451" lon="9.4388971918">
				<ele>510.9</ele>
				<extensions>
					<swisstopo:routepoint_id>891905803</swisstopo:routepoint_id>
				</extensions>
			</trkpt>
			<trkpt lat="47.0497662733" lon="9.4389603842">
				<ele>510.0</ele>
				<extensions>
					<swisstopo:routepoint_id>307091992</swisstopo:routepoint_id>
				</extensions>
			</trkpt>
			<trkpt lat="47.0497361112" lon="9.4389836527">
				<ele>509.7</ele>
				<extensions>
					<swisstopo:routepoint_id>1890294530</swisstopo:routepoint_id>
				</extensions>
			</trkpt>
			<trkpt lat="47.0497060495" lon="9.4390016855">
				<ele>509.5</ele>
				<extensions>
					<swisstopo:routepoint_id>1777565021</swisstopo:routepoint_id>
				</extensions>
			</trkpt>
			<trkpt lat="47.0496723696" lon="9.4390213210">
				<ele>509.3</ele>
				<extensions>
					<swisstopo:routepoint_id>1168974711</swisstopo:routepoint_id>
				</extensions>
			</trkpt>
			<trkpt lat="47.0496340933" lon="9.4390320826">
				<ele>509.1</ele>
				<extensions>
					<swisstopo:routepoint_id>1971992866</swisstopo:routepoint_id>
				</extensions>
			</trkpt>
			<trkpt lat="47.0496112743" lon="9.4390434346">
				<ele>509.0</ele>
				<extensions>
					<swisstopo:routepoint_id>2097897216</swisstopo:routepoint_id>
				</extensions>
			</trkpt>
			<trkpt lat="47.0495858998" lon="9.4390651308">
				<ele>508.8</ele>
				<extensions>
					<swisstopo:routepoint_id>1182282180</swisstopo:routepoint_id>
				</extensions>
			</trkpt>
			<trkpt lat="47.0495494449" lon="9.4391009867">
				<ele>508.4</ele>
				<extensions>
					<swisstopo:routepoint_id>2047124281</swisstopo:routepoint_id>
				</extensions>
			</trkpt>
			<trkpt lat="47.0494895679" lon="9.4391636928">
				<ele>508.0</ele>
				<extensions>
					<swisstopo:routepoint_id>1969745198</swisstopo:routepoint_id>
				</extensions>
			</trkpt>
			<trkpt lat="47.0494186040" lon="9.4392435339">
				<ele>507.4</ele>
				<extensions>
					<swisstopo:routepoint_id>139517725</swisstopo:routepoint_id>
				</extensions>
			</trkpt>
			<trkpt lat="47.0493548859" lon="9.4393201300">
				<ele>507.1</ele>
				<extensions>
					<swisstopo:routepoint_id>431498292</swisstopo:routepoint_id>
				</extensions>
			</trkpt>
			<trkpt lat="47.0492665143" lon="9.4394276377">
				<ele>506.1</ele>
				<extensions>
					<swisstopo:routepoint_id>1404125025</swisstopo:routepoint_id>
				</extensions>
			</trkpt>
			<trkpt lat="47.0492067104" lon="9.4395124889">
				<ele>505.7</ele>
				<extensions>
					<swisstopo:routepoint_id>1383483642</swisstopo:routepoint_id>
				</extensions>
			</trkpt>
			<trkpt lat="47.0491588508" lon="9.4395263679">
				<ele>505.6</ele>
				<extensions>
					<swisstopo:routepoint_id>2070390969</swisstopo:routepoint_id>
				</extensions>
			</trkpt>
			<trkpt lat="47.0490705133" lon="9.4395404999">
				<ele>505.4</ele>
				<extensions>
					<swisstopo:routepoint_id>1763520688</swisstopo:routepoint_id>
				</extensions>
			</trkpt>
			<trkpt lat="47.0490347717" lon="9.4395426409">
				<ele>505.2</ele>
				<extensions>
					<swisstopo:routepoint_id>1402671001</swisstopo:routepoint_id>
				</extensions>
			</trkpt>
			<trkpt lat="47.0489990815" lon="9.4395413085">
				<ele>505.1</ele>
				<extensions>
					<swisstopo:routepoint_id>1969962400</swisstopo:routepoint_id>
				</extensions>
			</trkpt>
			<trkpt lat="47.0489670916" lon="9.4395331501">
				<ele>505.0</ele>
				<extensions>
					<swisstopo:routepoint_id>267546453</swisstopo:routepoint_id>
				</extensions>
			</trkpt>
			<trkpt lat="47.0489548522" lon="9.4395518475">
				<ele>505.0</ele>
				<extensions>
					<swisstopo:routepoint_id>15348699</swisstopo:routepoint_id>
				</extensions>
			</trkpt>
			<trkpt lat="47.0489344466" lon="9.4395615383">
				<ele>505.1</ele>
				<extensions>
					<swisstopo:routepoint_id>1496096946</swisstopo:routepoint_id>
				</extensions>
			</trkpt>
			<trkpt lat="47.0489070013" lon="9.4395657400">
				<ele>505.2</ele>
				<extensions>
					<swisstopo:routepoint_id>1697555563</swisstopo:routepoint_id>
				</extensions>
			</trkpt>
			<trkpt lat="47.0488877221" lon="9.4395789481">
				<ele>505.3</ele>
				<extensions>
					<swisstopo:routepoint_id>171317049</swisstopo:routepoint_id>
				</extensions>
			</trkpt>
			<trkpt lat="47.0488619229" lon="9.4396250090">
				<ele>505.4</ele>
				<extensions>
					<swisstopo:routepoint_id>1806595026</swisstopo:routepoint_id>
				</extensions>
			</trkpt>
			<trkpt lat="47.0487870508" lon="9.4397545697">
				<ele>505.8</ele>
				<extensions>
					<swisstopo:routepoint_id>1471671075</swisstopo:routepoint_id>
				</extensions>
			</trkpt>
			<trkpt lat="47.0487610394" lon="9.4398127987">
				<ele>505.5</ele>
				<extensions>
					<swisstopo:routepoint_id>1367643788</swisstopo:routepoint_id>
				</extensions>
			</trkpt>
			<trkpt lat="47.0487389482" lon="9.4398644872">
				<ele>504.3</ele>
				<extensions>
					<swisstopo:routepoint_id>1779961614</swisstopo:routepoint_id>
				</extensions>
			</trkpt>
			<trkpt lat="47.0487247009" lon="9.4398827538">
				<ele>503.7</ele>
				<extensions>
					<swisstopo:routepoint_id>1923475415</swisstopo:routepoint_id>
				</extensions>
			</trkpt>
			<trkpt lat="47.0487070378" lon="9.4398925469">
				<ele>503.3</ele>
				<extensions>
					<swisstopo:routepoint_id>1393480850</swisstopo:routepoint_id>
				</extensions>
			</trkpt>
			<trkpt lat="47.0486525238" lon="9.4399056636">
				<ele>501.6</ele>
				<extensions>
					<swisstopo:routepoint_id>1392810450</swisstopo:routepoint_id>
				</extensions>
			</trkpt>
			<trkpt lat="47.0486023812" lon="9.4399142438">
				<ele>500.1</ele>
				<extensions>
					<swisstopo:routepoint_id>2125717306</swisstopo:routepoint_id>
				</extensions>
			</trkpt>
			<trkpt lat="47.0485801651" lon="9.4399390063">
				<ele>498.6</ele>
				<extensions>
					<swisstopo:routepoint_id>1247959244</swisstopo:routepoint_id>
				</extensions>
			</trkpt>
			<trkpt lat="47.0485611732" lon="9.4399837541">
				<ele>496.6</ele>
				<extensions>
					<swisstopo:routepoint_id>738858714</swisstopo:routepoint_id>
				</extensions>
			</trkpt>
			<trkpt lat="47.0485948958" lon="9.4399745736">
				<ele>495.5</ele>
				<extensions>
					<swisstopo:routepoint_id>1251454376</swisstopo:routepoint_id>
				</extensions>
			</trkpt>
			<trkpt lat="47.0486149587" lon="9.4399711367">
				<ele>495.0</ele>
				<extensions>
					<swisstopo:routepoint_id>1635443247</swisstopo:routepoint_id>
				</extensions>
			</trkpt>
			<trkpt lat="47.0485821467" lon="9.4400096153">
				<ele>493.8</ele>
				<extensions>
					<swisstopo:routepoint_id>949451951</swisstopo:routepoint_id>
				</extensions>
			</trkpt>
			<trkpt lat="47.0486167577" lon="9.4400114348">
				<ele>493.0</ele>
				<extensions>
					<swisstopo:routepoint_id>1143115259</swisstopo:routepoint_id>
				</extensions>
			</trkpt>
			<trkpt lat="47.0486253740" lon="9.4400906512">
				<ele>488.5</ele>
				<extensions>
					<swisstopo:routepoint_id>941117402</swisstopo:routepoint_id>
				</extensions>
			</trkpt>
			<trkpt lat="47.0486323142" lon="9.4401431601">
				<ele>486.9</ele>
				<extensions>
					<swisstopo:routepoint_id>2061548300</swisstopo:routepoint_id>
				</extensions>
			</trkpt>
			<trkpt lat="47.0486800480" lon="9.4401297904">
				<ele>486.9</ele>
				<extensions>
					<swisstopo:routepoint_id>517987313</swisstopo:routepoint_id>
				</extensions>
			</trkpt>
			<trkpt lat="47.0487024739" lon="9.4401337607">
				<ele>486.9</ele>
				<extensions>
					<swisstopo:routepoint_id>211495414</swisstopo:routepoint_id>
				</extensions>
			</trkpt>
			<trkpt lat="47.0487116448" lon="9.4401403698">
				<ele>486.9</ele>
				<extensions>
					<swisstopo:routepoint_id>1267777964</swisstopo:routepoint_id>
				</extensions>
			</trkpt>
			<trkpt lat="47.0487140585" lon="9.4401655387">
				<ele>486.8</ele>
				<extensions>
					<swisstopo:routepoint_id>1857130666</swisstopo:routepoint_id>
				</extensions>
			</trkpt>
			<trkpt lat="47.0487231983" lon="9.4402353617">
				<ele>483.6</ele>
				<extensions>
					<swisstopo:routepoint_id>609332966</swisstopo:routepoint_id>
				</extensions>
			</trkpt>
			<trkpt lat="47.0487121203" lon="9.4402968744">
				<ele>483.5</ele>
				<extensions>
					<swisstopo:routepoint_id>305414128</swisstopo:routepoint_id>
				</extensions>
			</trkpt>
			<trkpt lat="47.0487032866" lon="9.4403261510">
				<ele>483.5</ele>
				<extensions>
					<swisstopo:routepoint_id>1890166657</swisstopo:routepoint_id>
				</extensions>
			</trkpt>
			<trkpt lat="47.0487027102" lon="9.4403592254">
				<ele>483.4</ele>
				<extensions>
					<swisstopo:routepoint_id>2123319208</swisstopo:routepoint_id>
				</extensions>
			</trkpt>
			<trkpt lat="47.0487156926" lon="9.4404119866">
				<ele>483.4</ele>
				<extensions>
					<swisstopo:routepoint_id>1505933129</swisstopo:routepoint_id>
				</extensions>
			</trkpt>
			<trkpt lat="47.0486499811" lon="9.4404418377">
				<ele>483.3</ele>
				<extensions>
					<swisstopo:routepoint_id>1024958188</swisstopo:routepoint_id>
				</extensions>
			</trkpt>
			<trkpt lat="47.0484181190" lon="9.4405502092">
				<ele>482.9</ele>
				<extensions>
					<swisstopo:routepoint_id>1181323929</swisstopo:routepoint_id>
				</extensions>
			</trkpt>
			<trkpt lat="47.0482741296" lon="9.4406158786">
				<ele>482.8</ele>
				<extensions>
					<swisstopo:routepoint_id>1647321979</swisstopo:routepoint_id>
				</extensions>
			</trkpt>
			<trkpt lat="47.0482194424" lon="9.4406389142">
				<ele>482.8</ele>
				<extensions>
					<swisstopo:routepoint_id>850428452</swisstopo:routepoint_id>
				</extensions>
			</trkpt>
			<trkpt lat="47.0481620143" lon="9.4406555804">
				<ele>482.7</ele>
				<extensions>
					<swisstopo:routepoint_id>391036496</swisstopo:routepoint_id>
				</extensions>
			</trkpt>
			<trkpt lat="47.0481204432" lon="9.4406633084">
				<ele>482.7</ele>
				<extensions>
					<swisstopo:routepoint_id>1482447570</swisstopo:routepoint_id>
				</extensions>
			</trkpt>
			<trkpt lat="47.0481027137" lon="9.4406665954">
				<ele>482.7</ele>
				<extensions>
					<swisstopo:routepoint_id>1037350788</swisstopo:routepoint_id>
				</extensions>
			</trkpt>
			<trkpt lat="47.0480279001" lon="9.4406755564">
				<ele>482.8</ele>
				<extensions>
					<swisstopo:routepoint_id>707797303</swisstopo:routepoint_id>
				</extensions>
			</trkpt>
			<trkpt lat="47.0479986035" lon="9.4406744621">
				<ele>482.9</ele>
				<extensions>
					<swisstopo:routepoint_id>899437448</swisstopo:routepoint_id>
				</extensions>
			</trkpt>
			<trkpt lat="47.0479751086" lon="9.4406691572">
				<ele>482.9</ele>
				<extensions>
					<swisstopo:routepoint_id>1275485286</swisstopo:routepoint_id>
				</extensions>
			</trkpt>
			<trkpt lat="47.0479493795" lon="9.4406649689">
				<ele>482.9</ele>
				<extensions>
					<swisstopo:routepoint_id>1294985495</swisstopo:routepoint_id>
				</extensions>
			</trkpt>
			<trkpt lat="47.0479127754" lon="9.4406479230">
				<ele>482.9</ele>
				<extensions>
					<swisstopo:routepoint_id>111111934</swisstopo:routepoint_id>
				</extensions>
			</trkpt>
			<trkpt lat="47.0478763224" lon="9.4406221936">
				<ele>482.9</ele>
				<extensions>
					<swisstopo:routepoint_id>1640869644</swisstopo:routepoint_id>
				</extensions>
			</trkpt>
			<trkpt lat="47.0478589604" lon="9.4406062177">
				<ele>482.9</ele>
				<extensions>
					<swisstopo:routepoint_id>834456422</swisstopo:routepoint_id>
				</extensions>
			</trkpt>
			<trkpt lat="47.0477362242" lon="9.4407619512">
				<ele>482.6</ele>
				<extensions>
					<swisstopo:routepoint_id>403709656</swisstopo:routepoint_id>
				</extensions>
			</trkpt>
			<trkpt lat="47.0477045018" lon="9.4408060512">
				<ele>482.6</ele>
				<extensions>
					<swisstopo:routepoint_id>1592972115</swisstopo:routepoint_id>
				</extensions>
			</trkpt>
			<trkpt lat="47.0476644226" lon="9.4408515640">
				<ele>482.5</ele>
				<extensions>
					<swisstopo:routepoint_id>763922783</swisstopo:routepoint_id>
				</extensions>
			</trkpt>
			<trkpt lat="47.0476208341" lon="9.4408934691">
				<ele>482.5</ele>
				<extensions>
					<swisstopo:routepoint_id>2066009818</swisstopo:routepoint_id>
				</extensions>
			</trkpt>
			<trkpt lat="47.0475833890" lon="9.4409251656">
				<ele>482.4</ele>
				<extensions>
					<swisstopo:routepoint_id>736479697</swisstopo:routepoint_id>
				</extensions>
			</trkpt>
			<trkpt lat="47.0475435829" lon="9.4409550221">
				<ele>482.4</ele>
				<extensions>
					<swisstopo:routepoint_id>668808585</swisstopo:routepoint_id>
				</extensions>
			</trkpt>
			<trkpt lat="47.0475048930" lon="9.4409853550">
				<ele>482.3</ele>
				<extensions>
					<swisstopo:routepoint_id>198088205</swisstopo:routepoint_id>
				</extensions>
			</trkpt>
			<trkpt lat="47.0470764569" lon="9.4413176704">
				<ele>482.3</ele>
				<extensions>
					<swisstopo:routepoint_id>1969507409</swisstopo:routepoint_id>
				</extensions>
			</trkpt>
			<trkpt lat="47.0469136609" lon="9.4414452412">
				<ele>482.3</ele>
				<extensions>
					<swisstopo:routepoint_id>456906262</swisstopo:routepoint_id>
				</extensions>
			</trkpt>
			<trkpt lat="47.0468017100" lon="9.4415244784">
				<ele>482.3</ele>
				<extensions>
					<swisstopo:routepoint_id>803081551</swisstopo:routepoint_id>
				</extensions>
			</trkpt>
			<trkpt lat="47.0466846661" lon="9.4416073288">
				<ele>482.2</ele>
				<extensions>
					<swisstopo:routepoint_id>386561618</swisstopo:routepoint_id>
				</extensions>
			</trkpt>
			<trkpt lat="47.0466421508" lon="9.4416427457">
				<ele>482.2</ele>
				<extensions>
					<swisstopo:routepoint_id>213531965</swisstopo:routepoint_id>
				</extensions>
			</trkpt>
			<trkpt lat="47.0466206320" lon="9.4416606720">
				<ele>482.2</ele>
				<extensions>
					<swisstopo:routepoint_id>1474925740</swisstopo:routepoint_id>
				</extensions>
			</trkpt>
			<trkpt lat="47.0465769911" lon="9.4417060759">
				<ele>482.2</ele>
				<extensions>
					<swisstopo:routepoint_id>1656411343</swisstopo:routepoint_id>
				</extensions>
			</trkpt>
			<trkpt lat="47.0465367384" lon="9.4417620323">
				<ele>482.2</ele>
				<extensions>
					<swisstopo:routepoint_id>1540404104</swisstopo:routepoint_id>
				</extensions>
			</trkpt>
			<trkpt lat="47.0464915072" lon="9.4418299924">
				<ele>482.3</ele>
				<extensions>
					<swisstopo:routepoint_id>378300232</swisstopo:routepoint_id>
				</extensions>
			</trkpt>
			<trkpt lat="47.0464644593" lon="9.4418794914">
				<ele>482.2</ele>
				<extensions>
					<swisstopo:routepoint_id>1983573180</swisstopo:routepoint_id>
				</extensions>
			</trkpt>
			<trkpt lat="47.0464178961" lon="9.4418633761">
				<ele>482.1</ele>
				<extensions>
					<swisstopo:routepoint_id>1562528328</swisstopo:routepoint_id>
				</extensions>
			</trkpt>
			<trkpt lat="47.0463690312" lon="9.4418667623">
				<ele>482.1</ele>
				<extensions>
					<swisstopo:routepoint_id>314414964</swisstopo:routepoint_id>
				</extensions>
			</trkpt>
			<trkpt lat="47.0463020519" lon="9.4418851631">
				<ele>482.0</ele>
				<extensions>
					<swisstopo:routepoint_id>79238072</swisstopo:routepoint_id>
				</extensions>
			</trkpt>
			<trkpt lat="47.0462528744" lon="9.4419059664">
				<ele>481.9</ele>
				<extensions>
					<swisstopo:routepoint_id>888539330</swisstopo:routepoint_id>
				</extensions>
			</trkpt>
			<trkpt lat="47.0462035329" lon="9.4419372029">
				<ele>481.8</ele>
				<extensions>
					<swisstopo:routepoint_id>1692280714</swisstopo:routepoint_id>
				</extensions>
			</trkpt>
			<trkpt lat="47.0461647308" lon="9.4419775485">
				<ele>481.7</ele>
				<extensions>
					<swisstopo:routepoint_id>2042299245</swisstopo:routepoint_id>
				</extensions>
			</trkpt>
			<trkpt lat="47.0461219735" lon="9.4420403869">
				<ele>481.8</ele>
				<extensions>
					<swisstopo:routepoint_id>1111875856</swisstopo:routepoint_id>
				</extensions>
			</trkpt>
			<trkpt lat="47.0460973083" lon="9.4420899752">
				<ele>481.8</ele>
				<extensions>
					<swisstopo:routepoint_id>851546552</swisstopo:routepoint_id>
				</extensions>
			</trkpt>
			<trkpt lat="47.0460784875" lon="9.4421449943">
				<ele>481.9</ele>
				<extensions>
					<swisstopo:routepoint_id>1067595491</swisstopo:routepoint_id>
				</extensions>
			</trkpt>
			<trkpt lat="47.0460231685" lon="9.4423135828">
				<ele>482.0</ele>
				<extensions>
					<swisstopo:routepoint_id>1805370622</swisstopo:routepoint_id>
				</extensions>
			</trkpt>
			<trkpt lat="47.0459493743" lon="9.4425488139">
				<ele>482.1</ele>
				<extensions>
					<swisstopo:routepoint_id>54794334</swisstopo:routepoint_id>
				</extensions>
			</trkpt>
			<trkpt lat="47.0459261921" lon="9.4426227177">
				<ele>482.0</ele>
				<extensions>
					<swisstopo:routepoint_id>922142219</swisstopo:routepoint_id>
				</extensions>
			</trkpt>
			<trkpt lat="47.0459139489" lon="9.4426617379">
				<ele>482.0</ele>
				<extensions>
					<swisstopo:routepoint_id>1116536815</swisstopo:routepoint_id>
				</extensions>
			</trkpt>
			<trkpt lat="47.0458646333" lon="9.4428270750">
				<ele>481.8</ele>
				<extensions>
					<swisstopo:routepoint_id>451489038</swisstopo:routepoint_id>
				</extensions>
			</trkpt>
			<trkpt lat="47.0458520428" lon="9.4428730859">
				<ele>481.8</ele>
				<extensions>
					<swisstopo:routepoint_id>720028669</swisstopo:routepoint_id>
				</extensions>
			</trkpt>
			<trkpt lat="47.0458264833" lon="9.4429666993">
				<ele>481.7</ele>
				<extensions>
					<swisstopo:routepoint_id>431660605</swisstopo:routepoint_id>
				</extensions>
			</trkpt>
			<trkpt lat="47.0457777500" lon="9.4431641637">
				<ele>481.5</ele>
				<extensions>
					<swisstopo:routepoint_id>2010919813</swisstopo:routepoint_id>
				</extensions>
			</trkpt>
			<trkpt lat="47.0456856508" lon="9.4434958306">
				<ele>481.4</ele>
				<extensions>
					<swisstopo:routepoint_id>796146489</swisstopo:routepoint_id>
				</extensions>
			</trkpt>
			<trkpt lat="47.0456597835" lon="9.4435817702">
				<ele>481.4</ele>
				<extensions>
					<swisstopo:routepoint_id>630863504</swisstopo:routepoint_id>
				</extensions>
			</trkpt>
			<trkpt lat="47.0456032776" lon="9.4437646341">
				<ele>481.4</ele>
				<extensions>
					<swisstopo:routepoint_id>1145140674</swisstopo:routepoint_id>
				</extensions>
			</trkpt>
			<trkpt lat="47.0454952910" lon="9.4441037734">
				<ele>481.4</ele>
				<extensions>
					<swisstopo:routepoint_id>765812735</swisstopo:routepoint_id>
				</extensions>
			</trkpt>
			<trkpt lat="47.0454437503" lon="9.4442645093">
				<ele>481.6</ele>
				<extensions>
					<swisstopo:routepoint_id>1699173163</swisstopo:routepoint_id>
				</extensions>
			</trkpt>
			<trkpt lat="47.0453842727" lon="9.4444427714">
				<ele>481.6</ele>
				<extensions>
					<swisstopo:routepoint_id>2118708010</swisstopo:routepoint_id>
				</extensions>
			</trkpt>
			<trkpt lat="47.0453730154" lon="9.4444778895">
				<ele>481.6</ele>
				<extensions>
					<swisstopo:routepoint_id>552106150</swisstopo:routepoint_id>
				</extensions>
			</trkpt>
		</trkseg>
	</trk>
</gpx>
