<?xml version="1.0"?>
<gpx version="1.1" creator="Generated by Swisstopo App. See https://www.swisstopo.ch/app for more information." xmlns="http://www.topografix.com/GPX/1/1" xmlns:xsi="http://www.w3.org/2001/XMLSchema-instance" xmlns:swisstopo="https://prod-static.swisstopo-app.ch/xmlschemas/SwisstopoExtensions" xsi:schemaLocation="http://www.topografix.com/GPX/1/1 http://www.topografix.com/GPX/1/1/gpx.xsd https://swisstopo-app.ch/xmlschemas/SwisstopoExtensions https://prod-static.swisstopo-app.ch/xmlschemas/SwisstopoExtensions.xsd">
	<metadata>
		<name>Via Alpina - Stg 19 - L'Etivaz – Rossinière</name>
		<desc>SM - 14km</desc>
		<time>2026-07-07T12:19:56Z</time>
		<extensions>
			<swisstopo:tour_type>0</swisstopo:tour_type>
		</extensions>
	</metadata>
	<wpt lat="46.4235120122" lon="7.1464675643">
		<ele>1139.7</ele>
		<name>Starting point</name>
		<extensions>
			<swisstopo:waypoint_id>1073388253</swisstopo:waypoint_id>
			<swisstopo:waypoint_routepoint_id>1872503771</swisstopo:waypoint_routepoint_id>
			<swisstopo:waypoint_meters_into_tour>0.000000</swisstopo:waypoint_meters_into_tour>
			<swisstopo:waypoint_is_controlpoint>1</swisstopo:waypoint_is_controlpoint>
		</extensions>
	</wpt>
	<wpt lat="46.4297208134" lon="7.1318988515">
		<ele>1116.4</ele>
		<name>Waypoint</name>
		<extensions>
			<swisstopo:waypoint_id>1704366436</swisstopo:waypoint_id>
			<swisstopo:waypoint_routepoint_id>276282200</swisstopo:waypoint_routepoint_id>
			<swisstopo:waypoint_meters_into_tour>1500.541067</swisstopo:waypoint_meters_into_tour>
			<swisstopo:waypoint_is_controlpoint>1</swisstopo:waypoint_is_controlpoint>
		</extensions>
	</wpt>
	<wpt lat="46.4402987177" lon="7.1215494473">
		<ele>1037.2</ele>
		<name>Waypoint</name>
		<extensions>
			<swisstopo:waypoint_id>893157516</swisstopo:waypoint_id>
			<swisstopo:waypoint_routepoint_id>291650043</swisstopo:waypoint_routepoint_id>
			<swisstopo:waypoint_meters_into_tour>3187.633600</swisstopo:waypoint_meters_into_tour>
			<swisstopo:waypoint_is_controlpoint>1</swisstopo:waypoint_is_controlpoint>
		</extensions>
	</wpt>
	<wpt lat="46.4472604284" lon="7.1195885653">
		<ele>1093.5</ele>
		<name>Waypoint</name>
		<extensions>
			<swisstopo:waypoint_id>602308665</swisstopo:waypoint_id>
			<swisstopo:waypoint_routepoint_id>1781070789</swisstopo:waypoint_routepoint_id>
			<swisstopo:waypoint_meters_into_tour>4072.663971</swisstopo:waypoint_meters_into_tour>
			<swisstopo:waypoint_is_controlpoint>1</swisstopo:waypoint_is_controlpoint>
		</extensions>
	</wpt>
	<wpt lat="46.4525299814" lon="7.1144590517">
		<ele>1046.2</ele>
		<name>Waypoint</name>
		<extensions>
			<swisstopo:waypoint_id>1030832440</swisstopo:waypoint_id>
			<swisstopo:waypoint_routepoint_id>1523017511</swisstopo:waypoint_routepoint_id>
			<swisstopo:waypoint_meters_into_tour>4979.707785</swisstopo:waypoint_meters_into_tour>
			<swisstopo:waypoint_is_controlpoint>1</swisstopo:waypoint_is_controlpoint>
		</extensions>
	</wpt>
	<wpt lat="46.4578358975" lon="7.1216686355">
		<ele>996.5</ele>
		<name>Waypoint</name>
		<extensions>
			<swisstopo:waypoint_id>1766645370</swisstopo:waypoint_id>
			<swisstopo:waypoint_routepoint_id>262819687</swisstopo:waypoint_routepoint_id>
			<swisstopo:waypoint_meters_into_tour>5835.308411</swisstopo:waypoint_meters_into_tour>
			<swisstopo:waypoint_is_controlpoint>1</swisstopo:waypoint_is_controlpoint>
		</extensions>
	</wpt>
	<wpt lat="46.4679230290" lon="7.1339765499">
		<ele>903.0</ele>
		<name>Waypoint</name>
		<extensions>
			<swisstopo:waypoint_id>909502103</swisstopo:waypoint_id>
			<swisstopo:waypoint_routepoint_id>292437139</swisstopo:waypoint_routepoint_id>
			<swisstopo:waypoint_meters_into_tour>7664.125681</swisstopo:waypoint_meters_into_tour>
			<swisstopo:waypoint_is_controlpoint>1</swisstopo:waypoint_is_controlpoint>
		</extensions>
	</wpt>
	<wpt lat="46.4744224005" lon="7.1270595874">
		<ele>957.0</ele>
		<name>Waypoint</name>
		<extensions>
			<swisstopo:waypoint_id>1368766689</swisstopo:waypoint_id>
			<swisstopo:waypoint_routepoint_id>1035952692</swisstopo:waypoint_routepoint_id>
			<swisstopo:waypoint_meters_into_tour>9040.870951</swisstopo:waypoint_meters_into_tour>
			<swisstopo:waypoint_is_controlpoint>1</swisstopo:waypoint_is_controlpoint>
		</extensions>
	</wpt>
	<wpt lat="46.4623923631" lon="7.0851730326">
		<ele>880.9</ele>
		<name>Waypoint</name>
		<extensions>
			<swisstopo:waypoint_id>339411917</swisstopo:waypoint_id>
			<swisstopo:waypoint_routepoint_id>1365560621</swisstopo:waypoint_routepoint_id>
			<swisstopo:waypoint_meters_into_tour>13151.548870</swisstopo:waypoint_meters_into_tour>
			<swisstopo:waypoint_is_controlpoint>1</swisstopo:waypoint_is_controlpoint>
		</extensions>
	</wpt>
	<wpt lat="46.4650018375" lon="7.0819496770">
		<ele>893.0</ele>
		<name>Destination</name>
		<extensions>
			<swisstopo:waypoint_id>708970565</swisstopo:waypoint_id>
			<swisstopo:waypoint_routepoint_id>733394023</swisstopo:waypoint_routepoint_id>
			<swisstopo:waypoint_meters_into_tour>13860.744054</swisstopo:waypoint_meters_into_tour>
			<swisstopo:waypoint_is_controlpoint>1</swisstopo:waypoint_is_controlpoint>
			<swisstopo:waypoint_stage_before distance="13860.744054" duration="12926.940317" ascent="281.350000" descent="528.050000" />
		</extensions>
	</wpt>
	<trk>
		<name>Swisstopo Route</name>
		<trkseg>
			<trkpt lat="46.4235120122" lon="7.1464675643">
				<ele>1139.7</ele>
				<extensions>
					<swisstopo:routepoint_id>1872503771</swisstopo:routepoint_id>
				</extensions>
			</trkpt>
			<trkpt lat="46.4235148855" lon="7.1464607375">
				<ele>1139.7</ele>
				<extensions>
					<swisstopo:routepoint_id>279423559</swisstopo:routepoint_id>
				</extensions>
			</trkpt>
			<trkpt lat="46.4235292185" lon="7.1464266694">
				<ele>1139.7</ele>
				<extensions>
					<swisstopo:routepoint_id>251090902</swisstopo:routepoint_id>
				</extensions>
			</trkpt>
			<trkpt lat="46.4235764752" lon="7.1462942495">
				<ele>1139.4</ele>
				<extensions>
					<swisstopo:routepoint_id>144143074</swisstopo:routepoint_id>
				</extensions>
			</trkpt>
			<trkpt lat="46.4236349381" lon="7.1460279894">
				<ele>1139.3</ele>
				<extensions>
					<swisstopo:routepoint_id>1364242699</swisstopo:routepoint_id>
				</extensions>
			</trkpt>
			<trkpt lat="46.4235266624" lon="7.1459666763">
				<ele>1138.1</ele>
				<extensions>
					<swisstopo:routepoint_id>1422068766</swisstopo:routepoint_id>
				</extensions>
			</trkpt>
			<trkpt lat="46.4234744575" lon="7.1459303638">
				<ele>1137.4</ele>
				<extensions>
					<swisstopo:routepoint_id>316834297</swisstopo:routepoint_id>
				</extensions>
			</trkpt>
			<trkpt lat="46.4233687132" lon="7.1458567835">
				<ele>1136.1</ele>
				<extensions>
					<swisstopo:routepoint_id>1017476594</swisstopo:routepoint_id>
				</extensions>
			</trkpt>
			<trkpt lat="46.4232920076" lon="7.1458115879">
				<ele>1135.5</ele>
				<extensions>
					<swisstopo:routepoint_id>1210966859</swisstopo:routepoint_id>
				</extensions>
			</trkpt>
			<trkpt lat="46.4232716314" lon="7.1457693549">
				<ele>1135.4</ele>
				<extensions>
					<swisstopo:routepoint_id>1427937212</swisstopo:routepoint_id>
				</extensions>
			</trkpt>
			<trkpt lat="46.4232715142" lon="7.1457237610">
				<ele>1135.2</ele>
				<extensions>
					<swisstopo:routepoint_id>1108006107</swisstopo:routepoint_id>
				</extensions>
			</trkpt>
			<trkpt lat="46.4233004933" lon="7.1456063340">
				<ele>1134.8</ele>
				<extensions>
					<swisstopo:routepoint_id>599577633</swisstopo:routepoint_id>
				</extensions>
			</trkpt>
			<trkpt lat="46.4234253623" lon="7.1452845352">
				<ele>1134.3</ele>
				<extensions>
					<swisstopo:routepoint_id>1472621444</swisstopo:routepoint_id>
				</extensions>
			</trkpt>
			<trkpt lat="46.4234744913" lon="7.1451355844">
				<ele>1134.4</ele>
				<extensions>
					<swisstopo:routepoint_id>357852492</swisstopo:routepoint_id>
				</extensions>
			</trkpt>
			<trkpt lat="46.4235198419" lon="7.1450004150">
				<ele>1134.4</ele>
				<extensions>
					<swisstopo:routepoint_id>778543209</swisstopo:routepoint_id>
				</extensions>
			</trkpt>
			<trkpt lat="46.4235688383" lon="7.1448074179">
				<ele>1134.2</ele>
				<extensions>
					<swisstopo:routepoint_id>448657918</swisstopo:routepoint_id>
				</extensions>
			</trkpt>
			<trkpt lat="46.4235990165" lon="7.1446916076">
				<ele>1133.6</ele>
				<extensions>
					<swisstopo:routepoint_id>511374916</swisstopo:routepoint_id>
				</extensions>
			</trkpt>
			<trkpt lat="46.4236330628" lon="7.1446033051">
				<ele>1133.1</ele>
				<extensions>
					<swisstopo:routepoint_id>731276271</swisstopo:routepoint_id>
				</extensions>
			</trkpt>
			<trkpt lat="46.4236728710" lon="7.1445342619">
				<ele>1132.3</ele>
				<extensions>
					<swisstopo:routepoint_id>17292888</swisstopo:routepoint_id>
				</extensions>
			</trkpt>
			<trkpt lat="46.4237184106" lon="7.1444734356">
				<ele>1131.5</ele>
				<extensions>
					<swisstopo:routepoint_id>1968091147</swisstopo:routepoint_id>
				</extensions>
			</trkpt>
			<trkpt lat="46.4237601802" lon="7.1444291507">
				<ele>1131.2</ele>
				<extensions>
					<swisstopo:routepoint_id>1079544829</swisstopo:routepoint_id>
				</extensions>
			</trkpt>
			<trkpt lat="46.4238134329" lon="7.1444040814">
				<ele>1131.0</ele>
				<extensions>
					<swisstopo:routepoint_id>162975022</swisstopo:routepoint_id>
				</extensions>
			</trkpt>
			<trkpt lat="46.4238781384" lon="7.1443899676">
				<ele>1130.9</ele>
				<extensions>
					<swisstopo:routepoint_id>933776014</swisstopo:routepoint_id>
				</extensions>
			</trkpt>
			<trkpt lat="46.4240113945" lon="7.1443809875">
				<ele>1130.2</ele>
				<extensions>
					<swisstopo:routepoint_id>220592048</swisstopo:routepoint_id>
				</extensions>
			</trkpt>
			<trkpt lat="46.4241122799" lon="7.1443666814">
				<ele>1129.7</ele>
				<extensions>
					<swisstopo:routepoint_id>862482014</swisstopo:routepoint_id>
				</extensions>
			</trkpt>
			<trkpt lat="46.4241750793" lon="7.1443525650">
				<ele>1129.6</ele>
				<extensions>
					<swisstopo:routepoint_id>688493150</swisstopo:routepoint_id>
				</extensions>
			</trkpt>
			<trkpt lat="46.4242187693" lon="7.1443137859">
				<ele>1129.5</ele>
				<extensions>
					<swisstopo:routepoint_id>1972858690</swisstopo:routepoint_id>
				</extensions>
			</trkpt>
			<trkpt lat="46.4242642968" lon="7.1442474549">
				<ele>1129.1</ele>
				<extensions>
					<swisstopo:routepoint_id>432374013</swisstopo:routepoint_id>
				</extensions>
			</trkpt>
			<trkpt lat="46.4243116593" lon="7.1441535751">
				<ele>1128.7</ele>
				<extensions>
					<swisstopo:routepoint_id>791452733</swisstopo:routepoint_id>
				</extensions>
			</trkpt>
			<trkpt lat="46.4243722299" lon="7.1440155765">
				<ele>1127.7</ele>
				<extensions>
					<swisstopo:routepoint_id>51795224</swisstopo:routepoint_id>
				</extensions>
			</trkpt>
			<trkpt lat="46.4244327577" lon="7.1438610566">
				<ele>1126.9</ele>
				<extensions>
					<swisstopo:routepoint_id>1658498812</swisstopo:routepoint_id>
				</extensions>
			</trkpt>
			<trkpt lat="46.4244799795" lon="7.1437121122">
				<ele>1126.5</ele>
				<extensions>
					<swisstopo:routepoint_id>161348418</swisstopo:routepoint_id>
				</extensions>
			</trkpt>
			<trkpt lat="46.4245422705" lon="7.1435025045">
				<ele>1126.3</ele>
				<extensions>
					<swisstopo:routepoint_id>858645294</swisstopo:routepoint_id>
				</extensions>
			</trkpt>
			<trkpt lat="46.4245554873" lon="7.1434583727">
				<ele>1126.3</ele>
				<extensions>
					<swisstopo:routepoint_id>1579199681</swisstopo:routepoint_id>
				</extensions>
			</trkpt>
			<trkpt lat="46.4245553233" lon="7.1433950321">
				<ele>1126.2</ele>
				<extensions>
					<swisstopo:routepoint_id>955837263</swisstopo:routepoint_id>
				</extensions>
			</trkpt>
			<trkpt lat="46.4244779035" lon="7.1429108507">
				<ele>1126.0</ele>
				<extensions>
					<swisstopo:routepoint_id>1970063587</swisstopo:routepoint_id>
				</extensions>
			</trkpt>
			<trkpt lat="46.4245272267" lon="7.1428417282">
				<ele>1126.1</ele>
				<extensions>
					<swisstopo:routepoint_id>584807237</swisstopo:routepoint_id>
				</extensions>
			</trkpt>
			<trkpt lat="46.4245423065" lon="7.1427810776">
				<ele>1126.0</ele>
				<extensions>
					<swisstopo:routepoint_id>2718032</swisstopo:routepoint_id>
				</extensions>
			</trkpt>
			<trkpt lat="46.4245325744" lon="7.1427012675">
				<ele>1125.9</ele>
				<extensions>
					<swisstopo:routepoint_id>1794829863</swisstopo:routepoint_id>
				</extensions>
			</trkpt>
			<trkpt lat="46.4245304482" lon="7.1426131843">
				<ele>1125.5</ele>
				<extensions>
					<swisstopo:routepoint_id>619806659</swisstopo:routepoint_id>
				</extensions>
			</trkpt>
			<trkpt lat="46.4245568006" lon="7.1424973946">
				<ele>1123.9</ele>
				<extensions>
					<swisstopo:routepoint_id>150809217</swisstopo:routepoint_id>
				</extensions>
			</trkpt>
			<trkpt lat="46.4246078603" lon="7.1423621766">
				<ele>1122.6</ele>
				<extensions>
					<swisstopo:routepoint_id>2003620032</swisstopo:routepoint_id>
				</extensions>
			</trkpt>
			<trkpt lat="46.4246723365" lon="7.1422599536">
				<ele>1122.3</ele>
				<extensions>
					<swisstopo:routepoint_id>1998108253</swisstopo:routepoint_id>
				</extensions>
			</trkpt>
			<trkpt lat="46.4247235943" lon="7.1422018530">
				<ele>1122.6</ele>
				<extensions>
					<swisstopo:routepoint_id>52761431</swisstopo:routepoint_id>
				</extensions>
			</trkpt>
			<trkpt lat="46.4248755802" lon="7.1420715986">
				<ele>1122.6</ele>
				<extensions>
					<swisstopo:routepoint_id>261810362</swisstopo:routepoint_id>
				</extensions>
			</trkpt>
			<trkpt lat="46.4250503769" lon="7.1419274735">
				<ele>1122.0</ele>
				<extensions>
					<swisstopo:routepoint_id>927265463</swisstopo:routepoint_id>
				</extensions>
			</trkpt>
			<trkpt lat="46.4251112261" lon="7.1418940990">
				<ele>1121.8</ele>
				<extensions>
					<swisstopo:routepoint_id>1003841185</swisstopo:routepoint_id>
				</extensions>
			</trkpt>
			<trkpt lat="46.4252480887" lon="7.1418052323">
				<ele>1121.3</ele>
				<extensions>
					<swisstopo:routepoint_id>1362632799</swisstopo:routepoint_id>
				</extensions>
			</trkpt>
			<trkpt lat="46.4253601673" lon="7.1417054921">
				<ele>1121.0</ele>
				<extensions>
					<swisstopo:routepoint_id>237611396</swisstopo:routepoint_id>
				</extensions>
			</trkpt>
			<trkpt lat="46.4254095206" lon="7.1416474007">
				<ele>1120.8</ele>
				<extensions>
					<swisstopo:routepoint_id>1419318496</swisstopo:routepoint_id>
				</extensions>
			</trkpt>
			<trkpt lat="46.4254264328" lon="7.1415619562">
				<ele>1120.5</ele>
				<extensions>
					<swisstopo:routepoint_id>602790485</swisstopo:routepoint_id>
				</extensions>
			</trkpt>
			<trkpt lat="46.4254320087" lon="7.1415096168">
				<ele>1120.0</ele>
				<extensions>
					<swisstopo:routepoint_id>794784975</swisstopo:routepoint_id>
				</extensions>
			</trkpt>
			<trkpt lat="46.4254208112" lon="7.1414585789">
				<ele>1119.6</ele>
				<extensions>
					<swisstopo:routepoint_id>2008258182</swisstopo:routepoint_id>
				</extensions>
			</trkpt>
			<trkpt lat="46.4253666045" lon="7.1413003470">
				<ele>1118.9</ele>
				<extensions>
					<swisstopo:routepoint_id>921364036</swisstopo:routepoint_id>
				</extensions>
			</trkpt>
			<trkpt lat="46.4253723301" lon="7.1412566043">
				<ele>1119.3</ele>
				<extensions>
					<swisstopo:routepoint_id>66496868</swisstopo:routepoint_id>
				</extensions>
			</trkpt>
			<trkpt lat="46.4254368807" lon="7.1411874214">
				<ele>1119.0</ele>
				<extensions>
					<swisstopo:routepoint_id>1017333926</swisstopo:routepoint_id>
				</extensions>
			</trkpt>
			<trkpt lat="46.4254954999" lon="7.1410301489">
				<ele>1118.6</ele>
				<extensions>
					<swisstopo:routepoint_id>1271914652</swisstopo:routepoint_id>
				</extensions>
			</trkpt>
			<trkpt lat="46.4255503510" lon="7.1408866456">
				<ele>1117.9</ele>
				<extensions>
					<swisstopo:routepoint_id>1458734172</swisstopo:routepoint_id>
				</extensions>
			</trkpt>
			<trkpt lat="46.4255802989" lon="7.1406909690">
				<ele>1117.6</ele>
				<extensions>
					<swisstopo:routepoint_id>1864936191</swisstopo:routepoint_id>
				</extensions>
			</trkpt>
			<trkpt lat="46.4256200161" lon="7.1405888807">
				<ele>1117.5</ele>
				<extensions>
					<swisstopo:routepoint_id>562823997</swisstopo:routepoint_id>
				</extensions>
			</trkpt>
			<trkpt lat="46.4256688951" lon="7.1403463077">
				<ele>1117.3</ele>
				<extensions>
					<swisstopo:routepoint_id>299533795</swisstopo:routepoint_id>
				</extensions>
			</trkpt>
			<trkpt lat="46.4257085566" lon="7.1402221776">
				<ele>1117.2</ele>
				<extensions>
					<swisstopo:routepoint_id>1235073271</swisstopo:routepoint_id>
				</extensions>
			</trkpt>
			<trkpt lat="46.4257196638" lon="7.1401009511">
				<ele>1116.9</ele>
				<extensions>
					<swisstopo:routepoint_id>484206022</swisstopo:routepoint_id>
				</extensions>
			</trkpt>
			<trkpt lat="46.4257556113" lon="7.1400154014">
				<ele>1116.8</ele>
				<extensions>
					<swisstopo:routepoint_id>1575216434</swisstopo:routepoint_id>
				</extensions>
			</trkpt>
			<trkpt lat="46.4258560488" lon="7.1398303451">
				<ele>1116.1</ele>
				<extensions>
					<swisstopo:routepoint_id>668091850</swisstopo:routepoint_id>
				</extensions>
			</trkpt>
			<trkpt lat="46.4259471467" lon="7.1397169657">
				<ele>1115.6</ele>
				<extensions>
					<swisstopo:routepoint_id>1738010392</swisstopo:routepoint_id>
				</extensions>
			</trkpt>
			<trkpt lat="46.4262519498" lon="7.1395051429">
				<ele>1114.9</ele>
				<extensions>
					<swisstopo:routepoint_id>365151353</swisstopo:routepoint_id>
				</extensions>
			</trkpt>
			<trkpt lat="46.4265666233" lon="7.1394383694">
				<ele>1113.1</ele>
				<extensions>
					<swisstopo:routepoint_id>1593864233</swisstopo:routepoint_id>
				</extensions>
			</trkpt>
			<trkpt lat="46.4268693867" lon="7.1392897011">
				<ele>1110.9</ele>
				<extensions>
					<swisstopo:routepoint_id>676781535</swisstopo:routepoint_id>
				</extensions>
			</trkpt>
			<trkpt lat="46.4269091658" lon="7.1391664657">
				<ele>1111.0</ele>
				<extensions>
					<swisstopo:routepoint_id>585496927</swisstopo:routepoint_id>
				</extensions>
			</trkpt>
			<trkpt lat="46.4269488186" lon="7.1390395625">
				<ele>1110.2</ele>
				<extensions>
					<swisstopo:routepoint_id>575908508</swisstopo:routepoint_id>
				</extensions>
			</trkpt>
			<trkpt lat="46.4269655769" lon="7.1388962914">
				<ele>1111.0</ele>
				<extensions>
					<swisstopo:routepoint_id>113624613</swisstopo:routepoint_id>
				</extensions>
			</trkpt>
			<trkpt lat="46.4269958727" lon="7.1388300363">
				<ele>1111.1</ele>
				<extensions>
					<swisstopo:routepoint_id>1219473883</swisstopo:routepoint_id>
				</extensions>
			</trkpt>
			<trkpt lat="46.4271001323" lon="7.1386559833">
				<ele>1110.6</ele>
				<extensions>
					<swisstopo:routepoint_id>1541400292</swisstopo:routepoint_id>
				</extensions>
			</trkpt>
			<trkpt lat="46.4271856183" lon="7.1385811628">
				<ele>1109.9</ele>
				<extensions>
					<swisstopo:routepoint_id>197117938</swisstopo:routepoint_id>
				</extensions>
			</trkpt>
			<trkpt lat="46.4273299484" lon="7.1384316712">
				<ele>1109.3</ele>
				<extensions>
					<swisstopo:routepoint_id>504076879</swisstopo:routepoint_id>
				</extensions>
			</trkpt>
			<trkpt lat="46.4275978034" lon="7.1381961423">
				<ele>1107.5</ele>
				<extensions>
					<swisstopo:routepoint_id>200633867</swisstopo:routepoint_id>
				</extensions>
			</trkpt>
			<trkpt lat="46.4277818884" lon="7.1379665616">
				<ele>1108.0</ele>
				<extensions>
					<swisstopo:routepoint_id>214670861</swisstopo:routepoint_id>
				</extensions>
			</trkpt>
			<trkpt lat="46.4278652957" lon="7.1378848585">
				<ele>1108.6</ele>
				<extensions>
					<swisstopo:routepoint_id>583297288</swisstopo:routepoint_id>
				</extensions>
			</trkpt>
			<trkpt lat="46.4278443308" lon="7.1378175189">
				<ele>1108.4</ele>
				<extensions>
					<swisstopo:routepoint_id>855987163</swisstopo:routepoint_id>
				</extensions>
			</trkpt>
			<trkpt lat="46.4278270051" lon="7.1377460112">
				<ele>1108.1</ele>
				<extensions>
					<swisstopo:routepoint_id>98947363</swisstopo:routepoint_id>
				</extensions>
			</trkpt>
			<trkpt lat="46.4278210602" lon="7.1376579280">
				<ele>1107.8</ele>
				<extensions>
					<swisstopo:routepoint_id>322377592</swisstopo:routepoint_id>
				</extensions>
			</trkpt>
			<trkpt lat="46.4278245091" lon="7.1375202288">
				<ele>1107.3</ele>
				<extensions>
					<swisstopo:routepoint_id>299008396</swisstopo:routepoint_id>
				</extensions>
			</trkpt>
			<trkpt lat="46.4278761274" lon="7.1368810843">
				<ele>1105.5</ele>
				<extensions>
					<swisstopo:routepoint_id>367493424</swisstopo:routepoint_id>
				</extensions>
			</trkpt>
			<trkpt lat="46.4278873259" lon="7.1367956535">
				<ele>1105.4</ele>
				<extensions>
					<swisstopo:routepoint_id>1901031070</swisstopo:routepoint_id>
				</extensions>
			</trkpt>
			<trkpt lat="46.4279062289" lon="7.1367459816">
				<ele>1105.4</ele>
				<extensions>
					<swisstopo:routepoint_id>309451951</swisstopo:routepoint_id>
				</extensions>
			</trkpt>
			<trkpt lat="46.4279594157" lon="7.1366933755">
				<ele>1105.3</ele>
				<extensions>
					<swisstopo:routepoint_id>1330392645</swisstopo:routepoint_id>
				</extensions>
			</trkpt>
			<trkpt lat="46.4279916794" lon="7.1366573949">
				<ele>1105.2</ele>
				<extensions>
					<swisstopo:routepoint_id>222660017</swisstopo:routepoint_id>
				</extensions>
			</trkpt>
			<trkpt lat="46.4280143971" lon="7.1366077017">
				<ele>1105.2</ele>
				<extensions>
					<swisstopo:routepoint_id>1065385929</swisstopo:routepoint_id>
				</extensions>
			</trkpt>
			<trkpt lat="46.4280313659" lon="7.1365442780">
				<ele>1105.2</ele>
				<extensions>
					<swisstopo:routepoint_id>940218365</swisstopo:routepoint_id>
				</extensions>
			</trkpt>
			<trkpt lat="46.4280463914" lon="7.1364643299">
				<ele>1105.3</ele>
				<extensions>
					<swisstopo:routepoint_id>1269865693</swisstopo:routepoint_id>
				</extensions>
			</trkpt>
			<trkpt lat="46.4281013514" lon="7.1363648904">
				<ele>1105.3</ele>
				<extensions>
					<swisstopo:routepoint_id>1401874990</swisstopo:routepoint_id>
				</extensions>
			</trkpt>
			<trkpt lat="46.4282189241" lon="7.1361880110">
				<ele>1105.4</ele>
				<extensions>
					<swisstopo:routepoint_id>348265295</swisstopo:routepoint_id>
				</extensions>
			</trkpt>
			<trkpt lat="46.4283061722" lon="7.1360553496">
				<ele>1105.4</ele>
				<extensions>
					<swisstopo:routepoint_id>363152067</swisstopo:routepoint_id>
				</extensions>
			</trkpt>
			<trkpt lat="46.4283535411" lon="7.1359697171">
				<ele>1105.4</ele>
				<extensions>
					<swisstopo:routepoint_id>861596084</swisstopo:routepoint_id>
				</extensions>
			</trkpt>
			<trkpt lat="46.4283838025" lon="7.1358951975">
				<ele>1105.5</ele>
				<extensions>
					<swisstopo:routepoint_id>1287238166</swisstopo:routepoint_id>
				</extensions>
			</trkpt>
			<trkpt lat="46.4283988589" lon="7.1358262667">
				<ele>1105.9</ele>
				<extensions>
					<swisstopo:routepoint_id>1269630794</swisstopo:routepoint_id>
				</extensions>
			</trkpt>
			<trkpt lat="46.4284100493" lon="7.1357380906">
				<ele>1106.4</ele>
				<extensions>
					<swisstopo:routepoint_id>424282462</swisstopo:routepoint_id>
				</extensions>
			</trkpt>
			<trkpt lat="46.4284249716" lon="7.1356195929">
				<ele>1107.1</ele>
				<extensions>
					<swisstopo:routepoint_id>325335732</swisstopo:routepoint_id>
				</extensions>
			</trkpt>
			<trkpt lat="46.4284513982" lon="7.1355368330">
				<ele>1107.6</ele>
				<extensions>
					<swisstopo:routepoint_id>2004269282</swisstopo:routepoint_id>
				</extensions>
			</trkpt>
			<trkpt lat="46.4284873744" lon="7.1354567802">
				<ele>1108.1</ele>
				<extensions>
					<swisstopo:routepoint_id>1609933405</swisstopo:routepoint_id>
				</extensions>
			</trkpt>
			<trkpt lat="46.4285291186" lon="7.1354042232">
				<ele>1108.4</ele>
				<extensions>
					<swisstopo:routepoint_id>1194647144</swisstopo:routepoint_id>
				</extensions>
			</trkpt>
			<trkpt lat="46.4286183585" lon="7.1353073510">
				<ele>1108.7</ele>
				<extensions>
					<swisstopo:routepoint_id>678291060</swisstopo:routepoint_id>
				</extensions>
			</trkpt>
			<trkpt lat="46.4286562878" lon="7.1352548151">
				<ele>1109.1</ele>
				<extensions>
					<swisstopo:routepoint_id>2025117309</swisstopo:routepoint_id>
				</extensions>
			</trkpt>
			<trkpt lat="46.4286808980" lon="7.1351968488">
				<ele>1109.6</ele>
				<extensions>
					<swisstopo:routepoint_id>1531609693</swisstopo:routepoint_id>
				</extensions>
			</trkpt>
			<trkpt lat="46.4286958851" lon="7.1351086509">
				<ele>1110.0</ele>
				<extensions>
					<swisstopo:routepoint_id>1606710953</swisstopo:routepoint_id>
				</extensions>
			</trkpt>
			<trkpt lat="46.4287047959" lon="7.1348772876">
				<ele>1111.6</ele>
				<extensions>
					<swisstopo:routepoint_id>140390537</swisstopo:routepoint_id>
				</extensions>
			</trkpt>
			<trkpt lat="46.4287170678" lon="7.1344834263">
				<ele>1115.2</ele>
				<extensions>
					<swisstopo:routepoint_id>137747829</swisstopo:routepoint_id>
				</extensions>
			</trkpt>
			<trkpt lat="46.4287148006" lon="7.1343457565">
				<ele>1116.2</ele>
				<extensions>
					<swisstopo:routepoint_id>347678988</swisstopo:routepoint_id>
				</extensions>
			</trkpt>
			<trkpt lat="46.4287202996" lon="7.1342658728">
				<ele>1116.5</ele>
				<extensions>
					<swisstopo:routepoint_id>1136946342</swisstopo:routepoint_id>
				</extensions>
			</trkpt>
			<trkpt lat="46.4287501015" lon="7.1341307681">
				<ele>1115.7</ele>
				<extensions>
					<swisstopo:routepoint_id>265708065</swisstopo:routepoint_id>
				</extensions>
			</trkpt>
			<trkpt lat="46.4287627018" lon="7.1340652455">
				<ele>1115.2</ele>
				<extensions>
					<swisstopo:routepoint_id>891744754</swisstopo:routepoint_id>
				</extensions>
			</trkpt>
			<trkpt lat="46.4287772129" lon="7.1340153772">
				<ele>1115.2</ele>
				<extensions>
					<swisstopo:routepoint_id>887565488</swisstopo:routepoint_id>
				</extensions>
			</trkpt>
			<trkpt lat="46.4288030301" lon="7.1339548912">
				<ele>1115.2</ele>
				<extensions>
					<swisstopo:routepoint_id>1483243752</swisstopo:routepoint_id>
				</extensions>
			</trkpt>
			<trkpt lat="46.4288316968" lon="7.1339070653">
				<ele>1115.1</ele>
				<extensions>
					<swisstopo:routepoint_id>706162782</swisstopo:routepoint_id>
				</extensions>
			</trkpt>
			<trkpt lat="46.4288658296" lon="7.1338575001">
				<ele>1115.2</ele>
				<extensions>
					<swisstopo:routepoint_id>1685625658</swisstopo:routepoint_id>
				</extensions>
			</trkpt>
			<trkpt lat="46.4289399121" lon="7.1337909980">
				<ele>1115.5</ele>
				<extensions>
					<swisstopo:routepoint_id>406674516</swisstopo:routepoint_id>
				</extensions>
			</trkpt>
			<trkpt lat="46.4289930705" lon="7.1337356280">
				<ele>1115.6</ele>
				<extensions>
					<swisstopo:routepoint_id>1074724319</swisstopo:routepoint_id>
				</extensions>
			</trkpt>
			<trkpt lat="46.4290351490" lon="7.1336803104">
				<ele>1115.3</ele>
				<extensions>
					<swisstopo:routepoint_id>1014710678</swisstopo:routepoint_id>
				</extensions>
			</trkpt>
			<trkpt lat="46.4290939072" lon="7.1336091801">
				<ele>1115.2</ele>
				<extensions>
					<swisstopo:routepoint_id>1574864679</swisstopo:routepoint_id>
				</extensions>
			</trkpt>
			<trkpt lat="46.4292083675" lon="7.1334739399">
				<ele>1115.2</ele>
				<extensions>
					<swisstopo:routepoint_id>1434347522</swisstopo:routepoint_id>
				</extensions>
			</trkpt>
			<trkpt lat="46.4292405482" lon="7.1334049242">
				<ele>1115.2</ele>
				<extensions>
					<swisstopo:routepoint_id>230077046</swisstopo:routepoint_id>
				</extensions>
			</trkpt>
			<trkpt lat="46.4292631318" lon="7.1333056639">
				<ele>1114.9</ele>
				<extensions>
					<swisstopo:routepoint_id>173146333</swisstopo:routepoint_id>
				</extensions>
			</trkpt>
			<trkpt lat="46.4292877027" lon="7.1332366907">
				<ele>1114.7</ele>
				<extensions>
					<swisstopo:routepoint_id>1621196267</swisstopo:routepoint_id>
				</extensions>
			</trkpt>
			<trkpt lat="46.4293313520" lon="7.1331841079">
				<ele>1114.6</ele>
				<extensions>
					<swisstopo:routepoint_id>652378486</swisstopo:routepoint_id>
				</extensions>
			</trkpt>
			<trkpt lat="46.4293769615" lon="7.1331508065">
				<ele>1114.6</ele>
				<extensions>
					<swisstopo:routepoint_id>2052203679</swisstopo:routepoint_id>
				</extensions>
			</trkpt>
			<trkpt lat="46.4294130159" lon="7.1331038086">
				<ele>1115.0</ele>
				<extensions>
					<swisstopo:routepoint_id>1678805995</swisstopo:routepoint_id>
				</extensions>
			</trkpt>
			<trkpt lat="46.4294866032" lon="7.1329838194">
				<ele>1116.2</ele>
				<extensions>
					<swisstopo:routepoint_id>916105734</swisstopo:routepoint_id>
				</extensions>
			</trkpt>
			<trkpt lat="46.4295248652" lon="7.1329214295">
				<ele>1115.5</ele>
				<extensions>
					<swisstopo:routepoint_id>1013679055</swisstopo:routepoint_id>
				</extensions>
			</trkpt>
			<trkpt lat="46.4295911875" lon="7.1327998830">
				<ele>1115.0</ele>
				<extensions>
					<swisstopo:routepoint_id>324220842</swisstopo:routepoint_id>
				</extensions>
			</trkpt>
			<trkpt lat="46.4296138500" lon="7.1327302560">
				<ele>1115.2</ele>
				<extensions>
					<swisstopo:routepoint_id>1665286999</swisstopo:routepoint_id>
				</extensions>
			</trkpt>
			<trkpt lat="46.4296459508" lon="7.1326316052">
				<ele>1114.3</ele>
				<extensions>
					<swisstopo:routepoint_id>640753751</swisstopo:routepoint_id>
				</extensions>
			</trkpt>
			<trkpt lat="46.4296661780" lon="7.1325392370">
				<ele>1114.6</ele>
				<extensions>
					<swisstopo:routepoint_id>448905266</swisstopo:routepoint_id>
				</extensions>
			</trkpt>
			<trkpt lat="46.4296796599" lon="7.1324776623">
				<ele>1114.1</ele>
				<extensions>
					<swisstopo:routepoint_id>45897277</swisstopo:routepoint_id>
				</extensions>
			</trkpt>
			<trkpt lat="46.4296985243" lon="7.1323914445">
				<ele>1115.0</ele>
				<extensions>
					<swisstopo:routepoint_id>1026915688</swisstopo:routepoint_id>
				</extensions>
			</trkpt>
			<trkpt lat="46.4297268374" lon="7.1322621352">
				<ele>1115.4</ele>
				<extensions>
					<swisstopo:routepoint_id>299561408</swisstopo:routepoint_id>
				</extensions>
			</trkpt>
			<trkpt lat="46.4297341880" lon="7.1321657036">
				<ele>1115.6</ele>
				<extensions>
					<swisstopo:routepoint_id>1966063571</swisstopo:routepoint_id>
				</extensions>
			</trkpt>
			<trkpt lat="46.4297304577" lon="7.1320860891">
				<ele>1115.9</ele>
				<extensions>
					<swisstopo:routepoint_id>101696648</swisstopo:routepoint_id>
				</extensions>
			</trkpt>
			<trkpt lat="46.4297210793" lon="7.1319976606">
				<ele>1116.3</ele>
				<extensions>
					<swisstopo:routepoint_id>749012366</swisstopo:routepoint_id>
				</extensions>
			</trkpt>
			<trkpt lat="46.4297208134" lon="7.1318988515">
				<ele>1116.4</ele>
				<extensions>
					<swisstopo:routepoint_id>276282200</swisstopo:routepoint_id>
				</extensions>
			</trkpt>
			<trkpt lat="46.4297351895" lon="7.1317518871">
				<ele>1116.6</ele>
				<extensions>
					<swisstopo:routepoint_id>307055363</swisstopo:routepoint_id>
				</extensions>
			</trkpt>
			<trkpt lat="46.4297385980" lon="7.1316450563">
				<ele>1117.0</ele>
				<extensions>
					<swisstopo:routepoint_id>1171826000</swisstopo:routepoint_id>
				</extensions>
			</trkpt>
			<trkpt lat="46.4297198857" lon="7.1315543523">
				<ele>1117.4</ele>
				<extensions>
					<swisstopo:routepoint_id>1736762632</swisstopo:routepoint_id>
				</extensions>
			</trkpt>
			<trkpt lat="46.4296920315" lon="7.1314957673">
				<ele>1117.1</ele>
				<extensions>
					<swisstopo:routepoint_id>1366381829</swisstopo:routepoint_id>
				</extensions>
			</trkpt>
			<trkpt lat="46.4296789752" lon="7.1314477714">
				<ele>1117.1</ele>
				<extensions>
					<swisstopo:routepoint_id>1805771719</swisstopo:routepoint_id>
				</extensions>
			</trkpt>
			<trkpt lat="46.4296917652" lon="7.1313969584">
				<ele>1117.1</ele>
				<extensions>
					<swisstopo:routepoint_id>823477741</swisstopo:routepoint_id>
				</extensions>
			</trkpt>
			<trkpt lat="46.4297101968" lon="7.1313834950">
				<ele>1117.1</ele>
				<extensions>
					<swisstopo:routepoint_id>1462157366</swisstopo:routepoint_id>
				</extensions>
			</trkpt>
			<trkpt lat="46.4297599852" lon="7.1313591825">
				<ele>1116.8</ele>
				<extensions>
					<swisstopo:routepoint_id>1884869009</swisstopo:routepoint_id>
				</extensions>
			</trkpt>
			<trkpt lat="46.4298156758" lon="7.1313115769">
				<ele>1116.7</ele>
				<extensions>
					<swisstopo:routepoint_id>214515525</swisstopo:routepoint_id>
				</extensions>
			</trkpt>
			<trkpt lat="46.4298744744" lon="7.1312258733">
				<ele>1117.1</ele>
				<extensions>
					<swisstopo:routepoint_id>896213769</swisstopo:routepoint_id>
				</extensions>
			</trkpt>
			<trkpt lat="46.4299332175" lon="7.1311236498">
				<ele>1118.2</ele>
				<extensions>
					<swisstopo:routepoint_id>1725885514</swisstopo:routepoint_id>
				</extensions>
			</trkpt>
			<trkpt lat="46.4299786182" lon="7.1310132496">
				<ele>1119.4</ele>
				<extensions>
					<swisstopo:routepoint_id>740292655</swisstopo:routepoint_id>
				</extensions>
			</trkpt>
			<trkpt lat="46.4300276754" lon="7.1308449851">
				<ele>1120.2</ele>
				<extensions>
					<swisstopo:routepoint_id>1909997373</swisstopo:routepoint_id>
				</extensions>
			</trkpt>
			<trkpt lat="46.4300785204" lon="7.1306354058">
				<ele>1121.0</ele>
				<extensions>
					<swisstopo:routepoint_id>1923483152</swisstopo:routepoint_id>
				</extensions>
			</trkpt>
			<trkpt lat="46.4301442953" lon="7.1303155973">
				<ele>1121.8</ele>
				<extensions>
					<swisstopo:routepoint_id>553372266</swisstopo:routepoint_id>
				</extensions>
			</trkpt>
			<trkpt lat="46.4302100246" lon="7.1299792650">
				<ele>1121.0</ele>
				<extensions>
					<swisstopo:routepoint_id>3738347</swisstopo:routepoint_id>
				</extensions>
			</trkpt>
			<trkpt lat="46.4302457963" lon="7.1298275974">
				<ele>1121.1</ele>
				<extensions>
					<swisstopo:routepoint_id>35265617</swisstopo:routepoint_id>
				</extensions>
			</trkpt>
			<trkpt lat="46.4302627071" lon="7.1297448892">
				<ele>1121.2</ele>
				<extensions>
					<swisstopo:routepoint_id>158057508</swisstopo:routepoint_id>
				</extensions>
			</trkpt>
			<trkpt lat="46.4302739151" lon="7.1296649670">
				<ele>1121.4</ele>
				<extensions>
					<swisstopo:routepoint_id>1380981812</swisstopo:routepoint_id>
				</extensions>
			</trkpt>
			<trkpt lat="46.4302774673" lon="7.1295713127">
				<ele>1121.8</ele>
				<extensions>
					<swisstopo:routepoint_id>1475862266</swisstopo:routepoint_id>
				</extensions>
			</trkpt>
			<trkpt lat="46.4302809833" lon="7.1294611385">
				<ele>1122.4</ele>
				<extensions>
					<swisstopo:routepoint_id>440521925</swisstopo:routepoint_id>
				</extensions>
			</trkpt>
			<trkpt lat="46.4302939615" lon="7.1293343971">
				<ele>1123.1</ele>
				<extensions>
					<swisstopo:routepoint_id>557628319</swisstopo:routepoint_id>
				</extensions>
			</trkpt>
			<trkpt lat="46.4303222911" lon="7.1292488636">
				<ele>1123.0</ele>
				<extensions>
					<swisstopo:routepoint_id>1407454632</swisstopo:routepoint_id>
				</extensions>
			</trkpt>
			<trkpt lat="46.4303621177" lon="7.1291908064">
				<ele>1122.6</ele>
				<extensions>
					<swisstopo:routepoint_id>667826322</swisstopo:routepoint_id>
				</extensions>
			</trkpt>
			<trkpt lat="46.4304102598" lon="7.1291499683">
				<ele>1122.4</ele>
				<extensions>
					<swisstopo:routepoint_id>50765683</swisstopo:routepoint_id>
				</extensions>
			</trkpt>
			<trkpt lat="46.4304915494" lon="7.1290485219">
				<ele>1121.1</ele>
				<extensions>
					<swisstopo:routepoint_id>2023674467</swisstopo:routepoint_id>
				</extensions>
			</trkpt>
			<trkpt lat="46.4305888765" lon="7.1289207413">
				<ele>1119.8</ele>
				<extensions>
					<swisstopo:routepoint_id>1707169941</swisstopo:routepoint_id>
				</extensions>
			</trkpt>
			<trkpt lat="46.4306484261" lon="7.1288469599">
				<ele>1118.1</ele>
				<extensions>
					<swisstopo:routepoint_id>939106592</swisstopo:routepoint_id>
				</extensions>
			</trkpt>
			<trkpt lat="46.4306819775" lon="7.1287733801">
				<ele>1117.3</ele>
				<extensions>
					<swisstopo:routepoint_id>1351001589</swisstopo:routepoint_id>
				</extensions>
			</trkpt>
			<trkpt lat="46.4307357858" lon="7.1285501022">
				<ele>1116.2</ele>
				<extensions>
					<swisstopo:routepoint_id>2141303145</swisstopo:routepoint_id>
				</extensions>
			</trkpt>
			<trkpt lat="46.4307674110" lon="7.1283708882">
				<ele>1114.9</ele>
				<extensions>
					<swisstopo:routepoint_id>1524844628</swisstopo:routepoint_id>
				</extensions>
			</trkpt>
			<trkpt lat="46.4307795130" lon="7.1282985736">
				<ele>1114.9</ele>
				<extensions>
					<swisstopo:routepoint_id>25262041</swisstopo:routepoint_id>
				</extensions>
			</trkpt>
			<trkpt lat="46.4308228392" lon="7.1281814441">
				<ele>1114.9</ele>
				<extensions>
					<swisstopo:routepoint_id>345244605</swisstopo:routepoint_id>
				</extensions>
			</trkpt>
			<trkpt lat="46.4308480934" lon="7.1281161186">
				<ele>1114.7</ele>
				<extensions>
					<swisstopo:routepoint_id>1733519122</swisstopo:routepoint_id>
				</extensions>
			</trkpt>
			<trkpt lat="46.4308791972" lon="7.1280157342">
				<ele>1114.6</ele>
				<extensions>
					<swisstopo:routepoint_id>1314122410</swisstopo:routepoint_id>
				</extensions>
			</trkpt>
			<trkpt lat="46.4309647124" lon="7.1276868160">
				<ele>1113.6</ele>
				<extensions>
					<swisstopo:routepoint_id>1993850714</swisstopo:routepoint_id>
				</extensions>
			</trkpt>
			<trkpt lat="46.4309757654" lon="7.1276367033">
				<ele>1113.5</ele>
				<extensions>
					<swisstopo:routepoint_id>637578971</swisstopo:routepoint_id>
				</extensions>
			</trkpt>
			<trkpt lat="46.4310299102" lon="7.1275873959">
				<ele>1113.5</ele>
				<extensions>
					<swisstopo:routepoint_id>1603591203</swisstopo:routepoint_id>
				</extensions>
			</trkpt>
			<trkpt lat="46.4310762740" lon="7.1275309003">
				<ele>1113.5</ele>
				<extensions>
					<swisstopo:routepoint_id>1730271890</swisstopo:routepoint_id>
				</extensions>
			</trkpt>
			<trkpt lat="46.4312038361" lon="7.1273112097">
				<ele>1111.3</ele>
				<extensions>
					<swisstopo:routepoint_id>1748167671</swisstopo:routepoint_id>
				</extensions>
			</trkpt>
			<trkpt lat="46.4312138059" lon="7.1272995718">
				<ele>1111.2</ele>
				<extensions>
					<swisstopo:routepoint_id>1083492712</swisstopo:routepoint_id>
				</extensions>
			</trkpt>
			<trkpt lat="46.4312342146" lon="7.1272519019">
				<ele>1110.8</ele>
				<extensions>
					<swisstopo:routepoint_id>179713542</swisstopo:routepoint_id>
				</extensions>
			</trkpt>
			<trkpt lat="46.4312409208" lon="7.1272113110">
				<ele>1110.7</ele>
				<extensions>
					<swisstopo:routepoint_id>1606247197</swisstopo:routepoint_id>
				</extensions>
			</trkpt>
			<trkpt lat="46.4312643008" lon="7.1271515380">
				<ele>1110.6</ele>
				<extensions>
					<swisstopo:routepoint_id>1481881008</swisstopo:routepoint_id>
				</extensions>
			</trkpt>
			<trkpt lat="46.4313017261" lon="7.1270774768">
				<ele>1110.6</ele>
				<extensions>
					<swisstopo:routepoint_id>1512666942</swisstopo:routepoint_id>
				</extensions>
			</trkpt>
			<trkpt lat="46.4313560817" lon="7.1269672160">
				<ele>1109.8</ele>
				<extensions>
					<swisstopo:routepoint_id>1087311895</swisstopo:routepoint_id>
				</extensions>
			</trkpt>
			<trkpt lat="46.4315978869" lon="7.1264023619">
				<ele>1105.9</ele>
				<extensions>
					<swisstopo:routepoint_id>329463923</swisstopo:routepoint_id>
				</extensions>
			</trkpt>
			<trkpt lat="46.4316396420" lon="7.1263552996">
				<ele>1105.8</ele>
				<extensions>
					<swisstopo:routepoint_id>2058317578</swisstopo:routepoint_id>
				</extensions>
			</trkpt>
			<trkpt lat="46.4316872098" lon="7.1263385034">
				<ele>1105.7</ele>
				<extensions>
					<swisstopo:routepoint_id>1631274740</swisstopo:routepoint_id>
				</extensions>
			</trkpt>
			<trkpt lat="46.4317348582" lon="7.1263575236">
				<ele>1105.3</ele>
				<extensions>
					<swisstopo:routepoint_id>539810924</swisstopo:routepoint_id>
				</extensions>
			</trkpt>
			<trkpt lat="46.4317824915" lon="7.1263710011">
				<ele>1104.6</ele>
				<extensions>
					<swisstopo:routepoint_id>89217790</swisstopo:routepoint_id>
				</extensions>
			</trkpt>
			<trkpt lat="46.4318243795" lon="7.1263652722">
				<ele>1104.1</ele>
				<extensions>
					<swisstopo:routepoint_id>840241666</swisstopo:routepoint_id>
				</extensions>
			</trkpt>
			<trkpt lat="46.4318585979" lon="7.1263457826">
				<ele>1103.8</ele>
				<extensions>
					<swisstopo:routepoint_id>2123640058</swisstopo:routepoint_id>
				</extensions>
			</trkpt>
			<trkpt lat="46.4319665431" lon="7.1261836249">
				<ele>1103.0</ele>
				<extensions>
					<swisstopo:routepoint_id>205713383</swisstopo:routepoint_id>
				</extensions>
			</trkpt>
			<trkpt lat="46.4320179789" lon="7.1260980974">
				<ele>1103.0</ele>
				<extensions>
					<swisstopo:routepoint_id>673376839</swisstopo:routepoint_id>
				</extensions>
			</trkpt>
			<trkpt lat="46.4320398776" lon="7.1260725732">
				<ele>1103.0</ele>
				<extensions>
					<swisstopo:routepoint_id>1535490234</swisstopo:routepoint_id>
				</extensions>
			</trkpt>
			<trkpt lat="46.4321199175" lon="7.1260321737">
				<ele>1102.7</ele>
				<extensions>
					<swisstopo:routepoint_id>62061347</swisstopo:routepoint_id>
				</extensions>
			</trkpt>
			<trkpt lat="46.4321922807" lon="7.1260002453">
				<ele>1102.0</ele>
				<extensions>
					<swisstopo:routepoint_id>908982015</swisstopo:routepoint_id>
				</extensions>
			</trkpt>
			<trkpt lat="46.4322222087" lon="7.1259802845">
				<ele>1101.5</ele>
				<extensions>
					<swisstopo:routepoint_id>1703398196</swisstopo:routepoint_id>
				</extensions>
			</trkpt>
			<trkpt lat="46.4322447035" lon="7.1259495157">
				<ele>1101.3</ele>
				<extensions>
					<swisstopo:routepoint_id>19395099</swisstopo:routepoint_id>
				</extensions>
			</trkpt>
			<trkpt lat="46.4323501719" lon="7.1257701570">
				<ele>1100.0</ele>
				<extensions>
					<swisstopo:routepoint_id>1428888500</swisstopo:routepoint_id>
				</extensions>
			</trkpt>
			<trkpt lat="46.4324419569" lon="7.1256656876">
				<ele>1098.6</ele>
				<extensions>
					<swisstopo:routepoint_id>968222317</swisstopo:routepoint_id>
				</extensions>
			</trkpt>
			<trkpt lat="46.4324994029" lon="7.1256264051">
				<ele>1098.1</ele>
				<extensions>
					<swisstopo:routepoint_id>620013023</swisstopo:routepoint_id>
				</extensions>
			</trkpt>
			<trkpt lat="46.4325325461" lon="7.1256176541">
				<ele>1097.7</ele>
				<extensions>
					<swisstopo:routepoint_id>1746823880</swisstopo:routepoint_id>
				</extensions>
			</trkpt>
			<trkpt lat="46.4325933828" lon="7.1255814839">
				<ele>1097.2</ele>
				<extensions>
					<swisstopo:routepoint_id>1255347544</swisstopo:routepoint_id>
				</extensions>
			</trkpt>
			<trkpt lat="46.4326887758" lon="7.1255041197">
				<ele>1096.5</ele>
				<extensions>
					<swisstopo:routepoint_id>106126422</swisstopo:routepoint_id>
				</extensions>
			</trkpt>
			<trkpt lat="46.4327751724" lon="7.1253929938">
				<ele>1095.8</ele>
				<extensions>
					<swisstopo:routepoint_id>508543526</swisstopo:routepoint_id>
				</extensions>
			</trkpt>
			<trkpt lat="46.4328427851" lon="7.1253147374">
				<ele>1095.3</ele>
				<extensions>
					<swisstopo:routepoint_id>554438037</swisstopo:routepoint_id>
				</extensions>
			</trkpt>
			<trkpt lat="46.4329638226" lon="7.1252108254">
				<ele>1093.2</ele>
				<extensions>
					<swisstopo:routepoint_id>1334623736</swisstopo:routepoint_id>
				</extensions>
			</trkpt>
			<trkpt lat="46.4330339418" lon="7.1251017424">
				<ele>1092.2</ele>
				<extensions>
					<swisstopo:routepoint_id>320534516</swisstopo:routepoint_id>
				</extensions>
			</trkpt>
			<trkpt lat="46.4330806503" lon="7.1250145241">
				<ele>1091.2</ele>
				<extensions>
					<swisstopo:routepoint_id>1202875682</swisstopo:routepoint_id>
				</extensions>
			</trkpt>
			<trkpt lat="46.4331547000" lon="7.1247520708">
				<ele>1088.8</ele>
				<extensions>
					<swisstopo:routepoint_id>1299524696</swisstopo:routepoint_id>
				</extensions>
			</trkpt>
			<trkpt lat="46.4331601826" lon="7.1246981377">
				<ele>1088.1</ele>
				<extensions>
					<swisstopo:routepoint_id>887206431</swisstopo:routepoint_id>
				</extensions>
			</trkpt>
			<trkpt lat="46.4331571536" lon="7.1246309791">
				<ele>1087.5</ele>
				<extensions>
					<swisstopo:routepoint_id>1248779966</swisstopo:routepoint_id>
				</extensions>
			</trkpt>
			<trkpt lat="46.4331522782" lon="7.1245816576">
				<ele>1087.4</ele>
				<extensions>
					<swisstopo:routepoint_id>379305066</swisstopo:routepoint_id>
				</extensions>
			</trkpt>
			<trkpt lat="46.4331350174" lon="7.1245104580">
				<ele>1087.4</ele>
				<extensions>
					<swisstopo:routepoint_id>640421690</swisstopo:routepoint_id>
				</extensions>
			</trkpt>
			<trkpt lat="46.4331244335" lon="7.1244529455">
				<ele>1087.5</ele>
				<extensions>
					<swisstopo:routepoint_id>2139599815</swisstopo:routepoint_id>
				</extensions>
			</trkpt>
			<trkpt lat="46.4331214383" lon="7.1243981211">
				<ele>1087.7</ele>
				<extensions>
					<swisstopo:routepoint_id>1566754126</swisstopo:routepoint_id>
				</extensions>
			</trkpt>
			<trkpt lat="46.4331194399" lon="7.1243583728">
				<ele>1087.6</ele>
				<extensions>
					<swisstopo:routepoint_id>1346183553</swisstopo:routepoint_id>
				</extensions>
			</trkpt>
			<trkpt lat="46.4331306772" lon="7.1243103241">
				<ele>1088.2</ele>
				<extensions>
					<swisstopo:routepoint_id>219977720</swisstopo:routepoint_id>
				</extensions>
			</trkpt>
			<trkpt lat="46.4331370495" lon="7.1242884142">
				<ele>1088.5</ele>
				<extensions>
					<swisstopo:routepoint_id>2098687385</swisstopo:routepoint_id>
				</extensions>
			</trkpt>
			<trkpt lat="46.4332562507" lon="7.1240439032">
				<ele>1090.8</ele>
				<extensions>
					<swisstopo:routepoint_id>1869829648</swisstopo:routepoint_id>
				</extensions>
			</trkpt>
			<trkpt lat="46.4332953097" lon="7.1239553746">
				<ele>1090.4</ele>
				<extensions>
					<swisstopo:routepoint_id>1447142389</swisstopo:routepoint_id>
				</extensions>
			</trkpt>
			<trkpt lat="46.4333411500" lon="7.1240074266">
				<ele>1088.8</ele>
				<extensions>
					<swisstopo:routepoint_id>387366578</swisstopo:routepoint_id>
				</extensions>
			</trkpt>
			<trkpt lat="46.4333945666" lon="7.1240401662">
				<ele>1087.5</ele>
				<extensions>
					<swisstopo:routepoint_id>1997628768</swisstopo:routepoint_id>
				</extensions>
			</trkpt>
			<trkpt lat="46.4336063087" lon="7.1240763084">
				<ele>1084.7</ele>
				<extensions>
					<swisstopo:routepoint_id>599119472</swisstopo:routepoint_id>
				</extensions>
			</trkpt>
			<trkpt lat="46.4337393623" lon="7.1240987795">
				<ele>1082.3</ele>
				<extensions>
					<swisstopo:routepoint_id>1796909719</swisstopo:routepoint_id>
				</extensions>
			</trkpt>
			<trkpt lat="46.4339393649" lon="7.1241251555">
				<ele>1077.6</ele>
				<extensions>
					<swisstopo:routepoint_id>686632150</swisstopo:routepoint_id>
				</extensions>
			</trkpt>
			<trkpt lat="46.4340955012" lon="7.1241215095">
				<ele>1075.6</ele>
				<extensions>
					<swisstopo:routepoint_id>312062932</swisstopo:routepoint_id>
				</extensions>
			</trkpt>
			<trkpt lat="46.4342363371" lon="7.1241013989">
				<ele>1074.0</ele>
				<extensions>
					<swisstopo:routepoint_id>969689145</swisstopo:routepoint_id>
				</extensions>
			</trkpt>
			<trkpt lat="46.4343543112" lon="7.1240704421">
				<ele>1072.7</ele>
				<extensions>
					<swisstopo:routepoint_id>99592994</swisstopo:routepoint_id>
				</extensions>
			</trkpt>
			<trkpt lat="46.4344284922" lon="7.1240424572">
				<ele>1071.7</ele>
				<extensions>
					<swisstopo:routepoint_id>1529834075</swisstopo:routepoint_id>
				</extensions>
			</trkpt>
			<trkpt lat="46.4344912206" lon="7.1240035538">
				<ele>1070.9</ele>
				<extensions>
					<swisstopo:routepoint_id>2006257546</swisstopo:routepoint_id>
				</extensions>
			</trkpt>
			<trkpt lat="46.4345520113" lon="7.1239508595">
				<ele>1070.5</ele>
				<extensions>
					<swisstopo:routepoint_id>348173482</swisstopo:routepoint_id>
				</extensions>
			</trkpt>
			<trkpt lat="46.4346545750" lon="7.1238580166">
				<ele>1069.8</ele>
				<extensions>
					<swisstopo:routepoint_id>1470562115</swisstopo:routepoint_id>
				</extensions>
			</trkpt>
			<trkpt lat="46.4348388021" lon="7.1236903314">
				<ele>1067.1</ele>
				<extensions>
					<swisstopo:routepoint_id>1284335616</swisstopo:routepoint_id>
				</extensions>
			</trkpt>
			<trkpt lat="46.4348824733" lon="7.1236432531">
				<ele>1066.2</ele>
				<extensions>
					<swisstopo:routepoint_id>172186875</swisstopo:routepoint_id>
				</extensions>
			</trkpt>
			<trkpt lat="46.4349165717" lon="7.1235797022">
				<ele>1065.7</ele>
				<extensions>
					<swisstopo:routepoint_id>814819742</swisstopo:routepoint_id>
				</extensions>
			</trkpt>
			<trkpt lat="46.4349657831" lon="7.1234775258">
				<ele>1065.0</ele>
				<extensions>
					<swisstopo:routepoint_id>885260994</swisstopo:routepoint_id>
				</extensions>
			</trkpt>
			<trkpt lat="46.4350203507" lon="7.1233602135">
				<ele>1063.8</ele>
				<extensions>
					<swisstopo:routepoint_id>637513011</swisstopo:routepoint_id>
				</extensions>
			</trkpt>
			<trkpt lat="46.4351096490" lon="7.1231682502">
				<ele>1063.0</ele>
				<extensions>
					<swisstopo:routepoint_id>1979116542</swisstopo:routepoint_id>
				</extensions>
			</trkpt>
			<trkpt lat="46.4352024470" lon="7.1229886896">
				<ele>1062.6</ele>
				<extensions>
					<swisstopo:routepoint_id>1007609191</swisstopo:routepoint_id>
				</extensions>
			</trkpt>
			<trkpt lat="46.4352498441" lon="7.1229167986">
				<ele>1062.4</ele>
				<extensions>
					<swisstopo:routepoint_id>312976442</swisstopo:routepoint_id>
				</extensions>
			</trkpt>
			<trkpt lat="46.4352972742" lon="7.1228504283">
				<ele>1062.1</ele>
				<extensions>
					<swisstopo:routepoint_id>1893233663</swisstopo:routepoint_id>
				</extensions>
			</trkpt>
			<trkpt lat="46.4353618691" lon="7.1228004798">
				<ele>1061.7</ele>
				<extensions>
					<swisstopo:routepoint_id>1117361233</swisstopo:routepoint_id>
				</extensions>
			</trkpt>
			<trkpt lat="46.4354911300" lon="7.1227198799">
				<ele>1060.9</ele>
				<extensions>
					<swisstopo:routepoint_id>1660734356</swisstopo:routepoint_id>
				</extensions>
			</trkpt>
			<trkpt lat="46.4356222349" lon="7.1226199710">
				<ele>1060.3</ele>
				<extensions>
					<swisstopo:routepoint_id>1496322618</swisstopo:routepoint_id>
				</extensions>
			</trkpt>
			<trkpt lat="46.4358104446" lon="7.1225142157">
				<ele>1059.6</ele>
				<extensions>
					<swisstopo:routepoint_id>2020566147</swisstopo:routepoint_id>
				</extensions>
			</trkpt>
			<trkpt lat="46.4359358982" lon="7.1224363812">
				<ele>1059.6</ele>
				<extensions>
					<swisstopo:routepoint_id>1950194323</swisstopo:routepoint_id>
				</extensions>
			</trkpt>
			<trkpt lat="46.4360176526" lon="7.1223945944">
				<ele>1059.7</ele>
				<extensions>
					<swisstopo:routepoint_id>268439689</swisstopo:routepoint_id>
				</extensions>
			</trkpt>
			<trkpt lat="46.4361830995" lon="7.1223192749">
				<ele>1058.8</ele>
				<extensions>
					<swisstopo:routepoint_id>1753063847</swisstopo:routepoint_id>
				</extensions>
			</trkpt>
			<trkpt lat="46.4363371600" lon="7.1222577727">
				<ele>1057.6</ele>
				<extensions>
					<swisstopo:routepoint_id>478231503</swisstopo:routepoint_id>
				</extensions>
			</trkpt>
			<trkpt lat="46.4363846955" lon="7.1222327092">
				<ele>1056.9</ele>
				<extensions>
					<swisstopo:routepoint_id>947083181</swisstopo:routepoint_id>
				</extensions>
			</trkpt>
			<trkpt lat="46.4364245360" lon="7.1221801581">
				<ele>1056.6</ele>
				<extensions>
					<swisstopo:routepoint_id>379031569</swisstopo:routepoint_id>
				</extensions>
			</trkpt>
			<trkpt lat="46.4364661528" lon="7.1220807663">
				<ele>1056.4</ele>
				<extensions>
					<swisstopo:routepoint_id>1777219556</swisstopo:routepoint_id>
				</extensions>
			</trkpt>
			<trkpt lat="46.4365096134" lon="7.1219620938">
				<ele>1055.9</ele>
				<extensions>
					<swisstopo:routepoint_id>1000155</swisstopo:routepoint_id>
				</extensions>
			</trkpt>
			<trkpt lat="46.4365418254" lon="7.1219068169">
				<ele>1055.4</ele>
				<extensions>
					<swisstopo:routepoint_id>615994506</swisstopo:routepoint_id>
				</extensions>
			</trkpt>
			<trkpt lat="46.4365873933" lon="7.1218597213">
				<ele>1054.9</ele>
				<extensions>
					<swisstopo:routepoint_id>365723460</swisstopo:routepoint_id>
				</extensions>
			</trkpt>
			<trkpt lat="46.4366500597" lon="7.1217987745">
				<ele>1054.5</ele>
				<extensions>
					<swisstopo:routepoint_id>584456234</swisstopo:routepoint_id>
				</extensions>
			</trkpt>
			<trkpt lat="46.4367127086" lon="7.1217323130">
				<ele>1054.0</ele>
				<extensions>
					<swisstopo:routepoint_id>632639733</swisstopo:routepoint_id>
				</extensions>
			</trkpt>
			<trkpt lat="46.4367697086" lon="7.1216879223">
				<ele>1053.6</ele>
				<extensions>
					<swisstopo:routepoint_id>1842782281</swisstopo:routepoint_id>
				</extensions>
			</trkpt>
			<trkpt lat="46.4368191579" lon="7.1216655931">
				<ele>1053.1</ele>
				<extensions>
					<swisstopo:routepoint_id>211574238</swisstopo:routepoint_id>
				</extensions>
			</trkpt>
			<trkpt lat="46.4369029409" lon="7.1216678518">
				<ele>1052.1</ele>
				<extensions>
					<swisstopo:routepoint_id>1667069121</swisstopo:routepoint_id>
				</extensions>
			</trkpt>
			<trkpt lat="46.4369710928" lon="7.1216777859">
				<ele>1050.7</ele>
				<extensions>
					<swisstopo:routepoint_id>1049627997</swisstopo:routepoint_id>
				</extensions>
			</trkpt>
			<trkpt lat="46.4371267548" lon="7.1217390117">
				<ele>1050.7</ele>
				<extensions>
					<swisstopo:routepoint_id>493139110</swisstopo:routepoint_id>
				</extensions>
			</trkpt>
			<trkpt lat="46.4371926080" lon="7.1217570534">
				<ele>1050.6</ele>
				<extensions>
					<swisstopo:routepoint_id>64171472</swisstopo:routepoint_id>
				</extensions>
			</trkpt>
			<trkpt lat="46.4372344388" lon="7.1217347939">
				<ele>1050.3</ele>
				<extensions>
					<swisstopo:routepoint_id>1727880379</swisstopo:routepoint_id>
				</extensions>
			</trkpt>
			<trkpt lat="46.4372743020" lon="7.1216904787">
				<ele>1050.1</ele>
				<extensions>
					<swisstopo:routepoint_id>1540152810</swisstopo:routepoint_id>
				</extensions>
			</trkpt>
			<trkpt lat="46.4373121890" lon="7.1216186662">
				<ele>1050.0</ele>
				<extensions>
					<swisstopo:routepoint_id>1690530660</swisstopo:routepoint_id>
				</extensions>
			</trkpt>
			<trkpt lat="46.4373594934" lon="7.1215137244">
				<ele>1049.6</ele>
				<extensions>
					<swisstopo:routepoint_id>765717412</swisstopo:routepoint_id>
				</extensions>
			</trkpt>
			<trkpt lat="46.4374314238" lon="7.1213590631">
				<ele>1049.7</ele>
				<extensions>
					<swisstopo:routepoint_id>1072701311</swisstopo:routepoint_id>
				</extensions>
			</trkpt>
			<trkpt lat="46.4374634614" lon="7.1212404546">
				<ele>1049.4</ele>
				<extensions>
					<swisstopo:routepoint_id>739359379</swisstopo:routepoint_id>
				</extensions>
			</trkpt>
			<trkpt lat="46.4375334544" lon="7.1210747965">
				<ele>1049.0</ele>
				<extensions>
					<swisstopo:routepoint_id>1788485034</swisstopo:routepoint_id>
				</extensions>
			</trkpt>
			<trkpt lat="46.4375922036" lon="7.1209780482">
				<ele>1049.0</ele>
				<extensions>
					<swisstopo:routepoint_id>1154792539</swisstopo:routepoint_id>
				</extensions>
			</trkpt>
			<trkpt lat="46.4376567067" lon="7.1208923020">
				<ele>1048.8</ele>
				<extensions>
					<swisstopo:routepoint_id>1005643547</swisstopo:routepoint_id>
				</extensions>
			</trkpt>
			<trkpt lat="46.4377136987" lon="7.1208451397">
				<ele>1049.0</ele>
				<extensions>
					<swisstopo:routepoint_id>340958649</swisstopo:routepoint_id>
				</extensions>
			</trkpt>
			<trkpt lat="46.4378031019" lon="7.1208143262">
				<ele>1050.2</ele>
				<extensions>
					<swisstopo:routepoint_id>1538920331</swisstopo:routepoint_id>
				</extensions>
			</trkpt>
			<trkpt lat="46.4379287846" lon="7.1208190966">
				<ele>1051.6</ele>
				<extensions>
					<swisstopo:routepoint_id>2060306137</swisstopo:routepoint_id>
				</extensions>
			</trkpt>
			<trkpt lat="46.4380602334" lon="7.1208431178">
				<ele>1053.8</ele>
				<extensions>
					<swisstopo:routepoint_id>1169885946</swisstopo:routepoint_id>
				</extensions>
			</trkpt>
			<trkpt lat="46.4380991285" lon="7.1208581536">
				<ele>1054.1</ele>
				<extensions>
					<swisstopo:routepoint_id>180996414</swisstopo:routepoint_id>
				</extensions>
			</trkpt>
			<trkpt lat="46.4381405747" lon="7.1208854719">
				<ele>1053.9</ele>
				<extensions>
					<swisstopo:routepoint_id>476221369</swisstopo:routepoint_id>
				</extensions>
			</trkpt>
			<trkpt lat="46.4382054374" lon="7.1209319095">
				<ele>1053.3</ele>
				<extensions>
					<swisstopo:routepoint_id>490932849</swisstopo:routepoint_id>
				</extensions>
			</trkpt>
			<trkpt lat="46.4382798657" lon="7.1209920739">
				<ele>1052.1</ele>
				<extensions>
					<swisstopo:routepoint_id>933667754</swisstopo:routepoint_id>
				</extensions>
			</trkpt>
			<trkpt lat="46.4383390458" lon="7.1210468076">
				<ele>1050.5</ele>
				<extensions>
					<swisstopo:routepoint_id>1285581403</swisstopo:routepoint_id>
				</extensions>
			</trkpt>
			<trkpt lat="46.4384020647" lon="7.1211125425">
				<ele>1049.0</ele>
				<extensions>
					<swisstopo:routepoint_id>668074617</swisstopo:routepoint_id>
				</extensions>
			</trkpt>
			<trkpt lat="46.4384665382" lon="7.1211714233">
				<ele>1047.4</ele>
				<extensions>
					<swisstopo:routepoint_id>1215545904</swisstopo:routepoint_id>
				</extensions>
			</trkpt>
			<trkpt lat="46.4385305154" lon="7.1212161242">
				<ele>1046.1</ele>
				<extensions>
					<swisstopo:routepoint_id>1708527363</swisstopo:routepoint_id>
				</extensions>
			</trkpt>
			<trkpt lat="46.4386106055" lon="7.1212590270">
				<ele>1044.5</ele>
				<extensions>
					<swisstopo:routepoint_id>1046052815</swisstopo:routepoint_id>
				</extensions>
			</trkpt>
			<trkpt lat="46.4386777395" lon="7.1213071836">
				<ele>1042.9</ele>
				<extensions>
					<swisstopo:routepoint_id>2109597255</swisstopo:routepoint_id>
				</extensions>
			</trkpt>
			<trkpt lat="46.4387944431" lon="7.1213825992">
				<ele>1040.9</ele>
				<extensions>
					<swisstopo:routepoint_id>259121732</swisstopo:routepoint_id>
				</extensions>
			</trkpt>
			<trkpt lat="46.4388979568" lon="7.1214472129">
				<ele>1039.9</ele>
				<extensions>
					<swisstopo:routepoint_id>1346744616</swisstopo:routepoint_id>
				</extensions>
			</trkpt>
			<trkpt lat="46.4390194510" lon="7.1214952234">
				<ele>1039.4</ele>
				<extensions>
					<swisstopo:routepoint_id>607386001</swisstopo:routepoint_id>
				</extensions>
			</trkpt>
			<trkpt lat="46.4391044769" lon="7.1215140259">
				<ele>1039.4</ele>
				<extensions>
					<swisstopo:routepoint_id>542305467</swisstopo:routepoint_id>
				</extensions>
			</trkpt>
			<trkpt lat="46.4391945035" lon="7.1215327724">
				<ele>1039.7</ele>
				<extensions>
					<swisstopo:routepoint_id>1470829212</swisstopo:routepoint_id>
				</extensions>
			</trkpt>
			<trkpt lat="46.4392495295" lon="7.1215517242">
				<ele>1040.4</ele>
				<extensions>
					<swisstopo:routepoint_id>1856120562</swisstopo:routepoint_id>
				</extensions>
			</trkpt>
			<trkpt lat="46.4393546186" lon="7.1215944953">
				<ele>1041.2</ele>
				<extensions>
					<swisstopo:routepoint_id>903211194</swisstopo:routepoint_id>
				</extensions>
			</trkpt>
			<trkpt lat="46.4394413696" lon="7.1216349652">
				<ele>1041.2</ele>
				<extensions>
					<swisstopo:routepoint_id>1458328915</swisstopo:routepoint_id>
				</extensions>
			</trkpt>
			<trkpt lat="46.4394698679" lon="7.1216449494">
				<ele>1041.0</ele>
				<extensions>
					<swisstopo:routepoint_id>1347838153</swisstopo:routepoint_id>
				</extensions>
			</trkpt>
			<trkpt lat="46.4395079551" lon="7.1216447277">
				<ele>1040.8</ele>
				<extensions>
					<swisstopo:routepoint_id>1147994343</swisstopo:routepoint_id>
				</extensions>
			</trkpt>
			<trkpt lat="46.4395536072" lon="7.1216279361">
				<ele>1040.6</ele>
				<extensions>
					<swisstopo:routepoint_id>727353181</swisstopo:routepoint_id>
				</extensions>
			</trkpt>
			<trkpt lat="46.4396201527" lon="7.1215972432">
				<ele>1040.5</ele>
				<extensions>
					<swisstopo:routepoint_id>1779667971</swisstopo:routepoint_id>
				</extensions>
			</trkpt>
			<trkpt lat="46.4396962659" lon="7.1215747830">
				<ele>1040.0</ele>
				<extensions>
					<swisstopo:routepoint_id>1520989916</swisstopo:routepoint_id>
				</extensions>
			</trkpt>
			<trkpt lat="46.4397742731" lon="7.1215578045">
				<ele>1039.8</ele>
				<extensions>
					<swisstopo:routepoint_id>1413517290</swisstopo:routepoint_id>
				</extensions>
			</trkpt>
			<trkpt lat="46.4398256834" lon="7.1215575051">
				<ele>1039.8</ele>
				<extensions>
					<swisstopo:routepoint_id>1671357150</swisstopo:routepoint_id>
				</extensions>
			</trkpt>
			<trkpt lat="46.4399190241" lon="7.1215679697">
				<ele>1038.3</ele>
				<extensions>
					<swisstopo:routepoint_id>928371515</swisstopo:routepoint_id>
				</extensions>
			</trkpt>
			<trkpt lat="46.4399462159" lon="7.1215831794">
				<ele>1038.1</ele>
				<extensions>
					<swisstopo:routepoint_id>666264539</swisstopo:routepoint_id>
				</extensions>
			</trkpt>
			<trkpt lat="46.4399738244" lon="7.1215898633">
				<ele>1037.9</ele>
				<extensions>
					<swisstopo:routepoint_id>426290933</swisstopo:routepoint_id>
				</extensions>
			</trkpt>
			<trkpt lat="46.4400091571" lon="7.1215890715">
				<ele>1037.6</ele>
				<extensions>
					<swisstopo:routepoint_id>571810294</swisstopo:routepoint_id>
				</extensions>
			</trkpt>
			<trkpt lat="46.4400423683" lon="7.1215792237">
				<ele>1037.4</ele>
				<extensions>
					<swisstopo:routepoint_id>2086825414</swisstopo:routepoint_id>
				</extensions>
			</trkpt>
			<trkpt lat="46.4400744232" lon="7.1215642677">
				<ele>1037.2</ele>
				<extensions>
					<swisstopo:routepoint_id>1640220558</swisstopo:routepoint_id>
				</extensions>
			</trkpt>
			<trkpt lat="46.4401147002" lon="7.1215554049">
				<ele>1037.2</ele>
				<extensions>
					<swisstopo:routepoint_id>153425394</swisstopo:routepoint_id>
				</extensions>
			</trkpt>
			<trkpt lat="46.4401878399" lon="7.1215508030">
				<ele>1037.1</ele>
				<extensions>
					<swisstopo:routepoint_id>1603306850</swisstopo:routepoint_id>
				</extensions>
			</trkpt>
			<trkpt lat="46.4402987177" lon="7.1215494473">
				<ele>1037.2</ele>
				<extensions>
					<swisstopo:routepoint_id>291650043</swisstopo:routepoint_id>
				</extensions>
			</trkpt>
			<trkpt lat="46.4403321525" lon="7.1215490384">
				<ele>1037.3</ele>
				<extensions>
					<swisstopo:routepoint_id>1599354106</swisstopo:routepoint_id>
				</extensions>
			</trkpt>
			<trkpt lat="46.4404613463" lon="7.1215385793">
				<ele>1038.1</ele>
				<extensions>
					<swisstopo:routepoint_id>1767453630</swisstopo:routepoint_id>
				</extensions>
			</trkpt>
			<trkpt lat="46.4405507049" lon="7.1215240838">
				<ele>1038.6</ele>
				<extensions>
					<swisstopo:routepoint_id>1772191239</swisstopo:routepoint_id>
				</extensions>
			</trkpt>
			<trkpt lat="46.4406151453" lon="7.1215190370">
				<ele>1039.0</ele>
				<extensions>
					<swisstopo:routepoint_id>1645823857</swisstopo:routepoint_id>
				</extensions>
			</trkpt>
			<trkpt lat="46.4406919747" lon="7.1215179654">
				<ele>1039.4</ele>
				<extensions>
					<swisstopo:routepoint_id>858861392</swisstopo:routepoint_id>
				</extensions>
			</trkpt>
			<trkpt lat="46.4407776098" lon="7.1215133924">
				<ele>1040.2</ele>
				<extensions>
					<swisstopo:routepoint_id>262497190</swisstopo:routepoint_id>
				</extensions>
			</trkpt>
			<trkpt lat="46.4408803822" lon="7.1214962692">
				<ele>1041.1</ele>
				<extensions>
					<swisstopo:routepoint_id>1408203711</swisstopo:routepoint_id>
				</extensions>
			</trkpt>
			<trkpt lat="46.4410021145" lon="7.1214487277">
				<ele>1042.4</ele>
				<extensions>
					<swisstopo:routepoint_id>231992088</swisstopo:routepoint_id>
				</extensions>
			</trkpt>
			<trkpt lat="46.4410449233" lon="7.1214381454">
				<ele>1042.8</ele>
				<extensions>
					<swisstopo:routepoint_id>906181116</swisstopo:routepoint_id>
				</extensions>
			</trkpt>
			<trkpt lat="46.4411048650" lon="7.1214233397">
				<ele>1042.0</ele>
				<extensions>
					<swisstopo:routepoint_id>1250314373</swisstopo:routepoint_id>
				</extensions>
			</trkpt>
			<trkpt lat="46.4411905247" lon="7.1214145776">
				<ele>1041.7</ele>
				<extensions>
					<swisstopo:routepoint_id>32273231</swisstopo:routepoint_id>
				</extensions>
			</trkpt>
			<trkpt lat="46.4412781215" lon="7.1214168393">
				<ele>1042.7</ele>
				<extensions>
					<swisstopo:routepoint_id>6646125</swisstopo:routepoint_id>
				</extensions>
			</trkpt>
			<trkpt lat="46.4413695776" lon="7.1214383245">
				<ele>1043.4</ele>
				<extensions>
					<swisstopo:routepoint_id>1041607267</swisstopo:routepoint_id>
				</extensions>
			</trkpt>
			<trkpt lat="46.4414953831" lon="7.1214871699">
				<ele>1045.0</ele>
				<extensions>
					<swisstopo:routepoint_id>486494428</swisstopo:routepoint_id>
				</extensions>
			</trkpt>
			<trkpt lat="46.4416040757" lon="7.1215443799">
				<ele>1046.5</ele>
				<extensions>
					<swisstopo:routepoint_id>928428790</swisstopo:routepoint_id>
				</extensions>
			</trkpt>
			<trkpt lat="46.4417242300" lon="7.1216153020">
				<ele>1047.8</ele>
				<extensions>
					<swisstopo:routepoint_id>240396571</swisstopo:routepoint_id>
				</extensions>
			</trkpt>
			<trkpt lat="46.4418653337" lon="7.1216888506">
				<ele>1049.5</ele>
				<extensions>
					<swisstopo:routepoint_id>1673203948</swisstopo:routepoint_id>
				</extensions>
			</trkpt>
			<trkpt lat="46.4419358483" lon="7.1217104839">
				<ele>1049.5</ele>
				<extensions>
					<swisstopo:routepoint_id>1685683196</swisstopo:routepoint_id>
				</extensions>
			</trkpt>
			<trkpt lat="46.4420672662" lon="7.1217234739">
				<ele>1049.7</ele>
				<extensions>
					<swisstopo:routepoint_id>832670264</swisstopo:routepoint_id>
				</extensions>
			</trkpt>
			<trkpt lat="46.4421512491" lon="7.1217328625">
				<ele>1049.6</ele>
				<extensions>
					<swisstopo:routepoint_id>1712082231</swisstopo:routepoint_id>
				</extensions>
			</trkpt>
			<trkpt lat="46.4423015420" lon="7.1217496728">
				<ele>1050.7</ele>
				<extensions>
					<swisstopo:routepoint_id>1918743769</swisstopo:routepoint_id>
				</extensions>
			</trkpt>
			<trkpt lat="46.4424786963" lon="7.1217761772">
				<ele>1051.7</ele>
				<extensions>
					<swisstopo:routepoint_id>984223109</swisstopo:routepoint_id>
				</extensions>
			</trkpt>
			<trkpt lat="46.4425644085" lon="7.1217866870">
				<ele>1052.2</ele>
				<extensions>
					<swisstopo:routepoint_id>844128113</swisstopo:routepoint_id>
				</extensions>
			</trkpt>
			<trkpt lat="46.4427452988" lon="7.1217884083">
				<ele>1054.1</ele>
				<extensions>
					<swisstopo:routepoint_id>1410154915</swisstopo:routepoint_id>
				</extensions>
			</trkpt>
			<trkpt lat="46.4428569222" lon="7.1217741452">
				<ele>1055.6</ele>
				<extensions>
					<swisstopo:routepoint_id>1428332383</swisstopo:routepoint_id>
				</extensions>
			</trkpt>
			<trkpt lat="46.4429328195" lon="7.1217644521">
				<ele>1057.6</ele>
				<extensions>
					<swisstopo:routepoint_id>809272462</swisstopo:routepoint_id>
				</extensions>
			</trkpt>
			<trkpt lat="46.4431069501" lon="7.1217422131">
				<ele>1058.5</ele>
				<extensions>
					<swisstopo:routepoint_id>1238170156</swisstopo:routepoint_id>
				</extensions>
			</trkpt>
			<trkpt lat="46.4432135899" lon="7.1217471112">
				<ele>1059.0</ele>
				<extensions>
					<swisstopo:routepoint_id>992104552</swisstopo:routepoint_id>
				</extensions>
			</trkpt>
			<trkpt lat="46.4433183080" lon="7.1217437569">
				<ele>1059.9</ele>
				<extensions>
					<swisstopo:routepoint_id>1443895836</swisstopo:routepoint_id>
				</extensions>
			</trkpt>
			<trkpt lat="46.4434591819" lon="7.1217346736">
				<ele>1062.0</ele>
				<extensions>
					<swisstopo:routepoint_id>1003871924</swisstopo:routepoint_id>
				</extensions>
			</trkpt>
			<trkpt lat="46.4435295893" lon="7.1217177368">
				<ele>1062.9</ele>
				<extensions>
					<swisstopo:routepoint_id>150448749</swisstopo:routepoint_id>
				</extensions>
			</trkpt>
			<trkpt lat="46.4436557895" lon="7.1217048612">
				<ele>1064.4</ele>
				<extensions>
					<swisstopo:routepoint_id>1959282721</swisstopo:routepoint_id>
				</extensions>
			</trkpt>
			<trkpt lat="46.4437083509" lon="7.1216916198">
				<ele>1064.7</ele>
				<extensions>
					<swisstopo:routepoint_id>499581892</swisstopo:routepoint_id>
				</extensions>
			</trkpt>
			<trkpt lat="46.4437626419" lon="7.1216859283">
				<ele>1065.0</ele>
				<extensions>
					<swisstopo:routepoint_id>84360016</swisstopo:routepoint_id>
				</extensions>
			</trkpt>
			<trkpt lat="46.4438159421" lon="7.1216828603">
				<ele>1064.8</ele>
				<extensions>
					<swisstopo:routepoint_id>451810944</swisstopo:routepoint_id>
				</extensions>
			</trkpt>
			<trkpt lat="46.4438521601" lon="7.1216964175">
				<ele>1064.7</ele>
				<extensions>
					<swisstopo:routepoint_id>2015520846</swisstopo:routepoint_id>
				</extensions>
			</trkpt>
			<trkpt lat="46.4438922138" lon="7.1217209753">
				<ele>1064.5</ele>
				<extensions>
					<swisstopo:routepoint_id>1396808429</swisstopo:routepoint_id>
				</extensions>
			</trkpt>
			<trkpt lat="46.4439303840" lon="7.1217538061">
				<ele>1064.3</ele>
				<extensions>
					<swisstopo:routepoint_id>2061447640</swisstopo:routepoint_id>
				</extensions>
			</trkpt>
			<trkpt lat="46.4440333567" lon="7.1218083076">
				<ele>1064.3</ele>
				<extensions>
					<swisstopo:routepoint_id>1164647314</swisstopo:routepoint_id>
				</extensions>
			</trkpt>
			<trkpt lat="46.4441015158" lon="7.1218599649">
				<ele>1065.0</ele>
				<extensions>
					<swisstopo:routepoint_id>480624183</swisstopo:routepoint_id>
				</extensions>
			</trkpt>
			<trkpt lat="46.4441337144" lon="7.1219061698">
				<ele>1065.4</ele>
				<extensions>
					<swisstopo:routepoint_id>1757037440</swisstopo:routepoint_id>
				</extensions>
			</trkpt>
			<trkpt lat="46.4441677789" lon="7.1219441797">
				<ele>1065.6</ele>
				<extensions>
					<swisstopo:routepoint_id>328737132</swisstopo:routepoint_id>
				</extensions>
			</trkpt>
			<trkpt lat="46.4442452884" lon="7.1220037734">
				<ele>1066.4</ele>
				<extensions>
					<swisstopo:routepoint_id>2063045142</swisstopo:routepoint_id>
				</extensions>
			</trkpt>
			<trkpt lat="46.4442869077" lon="7.1220444718">
				<ele>1066.8</ele>
				<extensions>
					<swisstopo:routepoint_id>421774206</swisstopo:routepoint_id>
				</extensions>
			</trkpt>
			<trkpt lat="46.4443762306" lon="7.1221562704">
				<ele>1067.4</ele>
				<extensions>
					<swisstopo:routepoint_id>1347009840</swisstopo:routepoint_id>
				</extensions>
			</trkpt>
			<trkpt lat="46.4444327735" lon="7.1221710269">
				<ele>1067.7</ele>
				<extensions>
					<swisstopo:routepoint_id>1710068463</swisstopo:routepoint_id>
				</extensions>
			</trkpt>
			<trkpt lat="46.4444924028" lon="7.1221666327">
				<ele>1067.9</ele>
				<extensions>
					<swisstopo:routepoint_id>1270422591</swisstopo:routepoint_id>
				</extensions>
			</trkpt>
			<trkpt lat="46.4445437431" lon="7.1221415432">
				<ele>1067.9</ele>
				<extensions>
					<swisstopo:routepoint_id>1444934581</swisstopo:routepoint_id>
				</extensions>
			</trkpt>
			<trkpt lat="46.4445875043" lon="7.1221275064">
				<ele>1068.2</ele>
				<extensions>
					<swisstopo:routepoint_id>1128961918</swisstopo:routepoint_id>
				</extensions>
			</trkpt>
			<trkpt lat="46.4446350999" lon="7.1221272298">
				<ele>1068.5</ele>
				<extensions>
					<swisstopo:routepoint_id>1564394077</swisstopo:routepoint_id>
				</extensions>
			</trkpt>
			<trkpt lat="46.4446804394" lon="7.1221374572">
				<ele>1069.1</ele>
				<extensions>
					<swisstopo:routepoint_id>1916690611</swisstopo:routepoint_id>
				</extensions>
			</trkpt>
			<trkpt lat="46.4447272287" lon="7.1221513427">
				<ele>1070.1</ele>
				<extensions>
					<swisstopo:routepoint_id>2114121118</swisstopo:routepoint_id>
				</extensions>
			</trkpt>
			<trkpt lat="46.4447911181" lon="7.1221618373">
				<ele>1071.3</ele>
				<extensions>
					<swisstopo:routepoint_id>885977167</swisstopo:routepoint_id>
				</extensions>
			</trkpt>
			<trkpt lat="46.4449196536" lon="7.1221281781">
				<ele>1071.5</ele>
				<extensions>
					<swisstopo:routepoint_id>404582567</swisstopo:routepoint_id>
				</extensions>
			</trkpt>
			<trkpt lat="46.4450470896" lon="7.1220806156">
				<ele>1071.2</ele>
				<extensions>
					<swisstopo:routepoint_id>1072807597</swisstopo:routepoint_id>
				</extensions>
			</trkpt>
			<trkpt lat="46.4451098086" lon="7.1220389320">
				<ele>1071.2</ele>
				<extensions>
					<swisstopo:routepoint_id>1911294889</swisstopo:routepoint_id>
				</extensions>
			</trkpt>
			<trkpt lat="46.4451554300" lon="7.1220111175">
				<ele>1071.2</ele>
				<extensions>
					<swisstopo:routepoint_id>1119917771</swisstopo:routepoint_id>
				</extensions>
			</trkpt>
			<trkpt lat="46.4451972609" lon="7.1219888406">
				<ele>1071.4</ele>
				<extensions>
					<swisstopo:routepoint_id>390030345</swisstopo:routepoint_id>
				</extensions>
			</trkpt>
			<trkpt lat="46.4452467240" lon="7.1219745639">
				<ele>1071.8</ele>
				<extensions>
					<swisstopo:routepoint_id>45893774</swisstopo:routepoint_id>
				</extensions>
			</trkpt>
			<trkpt lat="46.4453410903" lon="7.1219716355">
				<ele>1072.9</ele>
				<extensions>
					<swisstopo:routepoint_id>556838200</swisstopo:routepoint_id>
				</extensions>
			</trkpt>
			<trkpt lat="46.4455333493" lon="7.1219567349">
				<ele>1074.4</ele>
				<extensions>
					<swisstopo:routepoint_id>236796813</swisstopo:routepoint_id>
				</extensions>
			</trkpt>
			<trkpt lat="46.4456265991" lon="7.1219341461">
				<ele>1075.7</ele>
				<extensions>
					<swisstopo:routepoint_id>2033779616</swisstopo:routepoint_id>
				</extensions>
			</trkpt>
			<trkpt lat="46.4456912614" lon="7.1219089783">
				<ele>1076.8</ele>
				<extensions>
					<swisstopo:routepoint_id>1887202937</swisstopo:routepoint_id>
				</extensions>
			</trkpt>
			<trkpt lat="46.4457368830" lon="7.1218811762">
				<ele>1077.6</ele>
				<extensions>
					<swisstopo:routepoint_id>1075579048</swisstopo:routepoint_id>
				</extensions>
			</trkpt>
			<trkpt lat="46.4457843484" lon="7.1218340649">
				<ele>1078.3</ele>
				<extensions>
					<swisstopo:routepoint_id>1968920753</swisstopo:routepoint_id>
				</extensions>
			</trkpt>
			<trkpt lat="46.4458450922" lon="7.1217648549">
				<ele>1079.0</ele>
				<extensions>
					<swisstopo:routepoint_id>1725182700</swisstopo:routepoint_id>
				</extensions>
			</trkpt>
			<trkpt lat="46.4458754471" lon="7.1217206134">
				<ele>1079.6</ele>
				<extensions>
					<swisstopo:routepoint_id>615969320</swisstopo:routepoint_id>
				</extensions>
			</trkpt>
			<trkpt lat="46.4459038311" lon="7.1216570834">
				<ele>1080.3</ele>
				<extensions>
					<swisstopo:routepoint_id>1567813430</swisstopo:routepoint_id>
				</extensions>
			</trkpt>
			<trkpt lat="46.4459302541" lon="7.1215770370">
				<ele>1081.2</ele>
				<extensions>
					<swisstopo:routepoint_id>265605928</swisstopo:routepoint_id>
				</extensions>
			</trkpt>
			<trkpt lat="46.4459471227" lon="7.1214805450">
				<ele>1082.3</ele>
				<extensions>
					<swisstopo:routepoint_id>1163646051</swisstopo:routepoint_id>
				</extensions>
			</trkpt>
			<trkpt lat="46.4459621462" lon="7.1214033115">
				<ele>1082.9</ele>
				<extensions>
					<swisstopo:routepoint_id>1379125046</swisstopo:routepoint_id>
				</extensions>
			</trkpt>
			<trkpt lat="46.4459848343" lon="7.1213453316">
				<ele>1083.1</ele>
				<extensions>
					<swisstopo:routepoint_id>652364083</swisstopo:routepoint_id>
				</extensions>
			</trkpt>
			<trkpt lat="46.4460109449" lon="7.1213216379">
				<ele>1083.0</ele>
				<extensions>
					<swisstopo:routepoint_id>1673484006</swisstopo:routepoint_id>
				</extensions>
			</trkpt>
			<trkpt lat="46.4460206781" lon="7.1212275941">
				<ele>1082.9</ele>
				<extensions>
					<swisstopo:routepoint_id>2138000230</swisstopo:routepoint_id>
				</extensions>
			</trkpt>
			<trkpt lat="46.4460437305" lon="7.1211262254">
				<ele>1082.8</ele>
				<extensions>
					<swisstopo:routepoint_id>1433614389</swisstopo:routepoint_id>
				</extensions>
			</trkpt>
			<trkpt lat="46.4460751501" lon="7.1210416852">
				<ele>1082.7</ele>
				<extensions>
					<swisstopo:routepoint_id>1984274836</swisstopo:routepoint_id>
				</extensions>
			</trkpt>
			<trkpt lat="46.4461049645" lon="7.1209812568">
				<ele>1082.6</ele>
				<extensions>
					<swisstopo:routepoint_id>1536973736</swisstopo:routepoint_id>
				</extensions>
			</trkpt>
			<trkpt lat="46.4461497660" lon="7.1209110852">
				<ele>1082.5</ele>
				<extensions>
					<swisstopo:routepoint_id>1299161255</swisstopo:routepoint_id>
				</extensions>
			</trkpt>
			<trkpt lat="46.4463489524" lon="7.1206448013">
				<ele>1082.0</ele>
				<extensions>
					<swisstopo:routepoint_id>1264776123</swisstopo:routepoint_id>
				</extensions>
			</trkpt>
			<trkpt lat="46.4464153132" lon="7.1205479938">
				<ele>1081.9</ele>
				<extensions>
					<swisstopo:routepoint_id>75844742</swisstopo:routepoint_id>
				</extensions>
			</trkpt>
			<trkpt lat="46.4464633792" lon="7.1204585404">
				<ele>1081.7</ele>
				<extensions>
					<swisstopo:routepoint_id>594660840</swisstopo:routepoint_id>
				</extensions>
			</trkpt>
			<trkpt lat="46.4465031026" lon="7.1203642950">
				<ele>1081.6</ele>
				<extensions>
					<swisstopo:routepoint_id>1095179211</swisstopo:routepoint_id>
				</extensions>
			</trkpt>
			<trkpt lat="46.4465328512" lon="7.1202773440">
				<ele>1081.5</ele>
				<extensions>
					<swisstopo:routepoint_id>374823866</swisstopo:routepoint_id>
				</extensions>
			</trkpt>
			<trkpt lat="46.4465591840" lon="7.1201590882">
				<ele>1081.3</ele>
				<extensions>
					<swisstopo:routepoint_id>1357228900</swisstopo:routepoint_id>
				</extensions>
			</trkpt>
			<trkpt lat="46.4465929351" lon="7.1199915558">
				<ele>1081.1</ele>
				<extensions>
					<swisstopo:routepoint_id>1328410616</swisstopo:routepoint_id>
				</extensions>
			</trkpt>
			<trkpt lat="46.4466193103" lon="7.1199883561">
				<ele>1081.0</ele>
				<extensions>
					<swisstopo:routepoint_id>1584849651</swisstopo:routepoint_id>
				</extensions>
			</trkpt>
			<trkpt lat="46.4466451316" lon="7.1199736039">
				<ele>1081.2</ele>
				<extensions>
					<swisstopo:routepoint_id>1387327590</swisstopo:routepoint_id>
				</extensions>
			</trkpt>
			<trkpt lat="46.4466635416" lon="7.1199524516">
				<ele>1081.6</ele>
				<extensions>
					<swisstopo:routepoint_id>1091520952</swisstopo:routepoint_id>
				</extensions>
			</trkpt>
			<trkpt lat="46.4466946772" lon="7.1199111715">
				<ele>1082.2</ele>
				<extensions>
					<swisstopo:routepoint_id>1926117690</swisstopo:routepoint_id>
				</extensions>
			</trkpt>
			<trkpt lat="46.4467377885" lon="7.1198580558">
				<ele>1083.3</ele>
				<extensions>
					<swisstopo:routepoint_id>1544764439</swisstopo:routepoint_id>
				</extensions>
			</trkpt>
			<trkpt lat="46.4467769835" lon="7.1198133828">
				<ele>1084.3</ele>
				<extensions>
					<swisstopo:routepoint_id>1615272538</swisstopo:routepoint_id>
				</extensions>
			</trkpt>
			<trkpt lat="46.4468249517" lon="7.1197727983">
				<ele>1085.5</ele>
				<extensions>
					<swisstopo:routepoint_id>1913499309</swisstopo:routepoint_id>
				</extensions>
			</trkpt>
			<trkpt lat="46.4468725789" lon="7.1197449931">
				<ele>1086.6</ele>
				<extensions>
					<swisstopo:routepoint_id>729826418</swisstopo:routepoint_id>
				</extensions>
			</trkpt>
			<trkpt lat="46.4470529061" lon="7.1196808315">
				<ele>1090.4</ele>
				<extensions>
					<swisstopo:routepoint_id>804247748</swisstopo:routepoint_id>
				</extensions>
			</trkpt>
			<trkpt lat="46.4471421227" lon="7.1196442992">
				<ele>1092.0</ele>
				<extensions>
					<swisstopo:routepoint_id>239366997</swisstopo:routepoint_id>
				</extensions>
			</trkpt>
			<trkpt lat="46.4472568723" lon="7.1195900211">
				<ele>1093.4</ele>
				<extensions>
					<swisstopo:routepoint_id>682195190</swisstopo:routepoint_id>
				</extensions>
			</trkpt>
			<trkpt lat="46.4472604284" lon="7.1195885653">
				<ele>1093.5</ele>
				<extensions>
					<swisstopo:routepoint_id>1781070789</swisstopo:routepoint_id>
				</extensions>
			</trkpt>
			<trkpt lat="46.4473460878" lon="7.1195534758">
				<ele>1094.3</ele>
				<extensions>
					<swisstopo:routepoint_id>793571248</swisstopo:routepoint_id>
				</extensions>
			</trkpt>
			<trkpt lat="46.4474222932" lon="7.1195288230">
				<ele>1094.6</ele>
				<extensions>
					<swisstopo:routepoint_id>120665088</swisstopo:routepoint_id>
				</extensions>
			</trkpt>
			<trkpt lat="46.4474694217" lon="7.1195158710">
				<ele>1094.4</ele>
				<extensions>
					<swisstopo:routepoint_id>1605732591</swisstopo:routepoint_id>
				</extensions>
			</trkpt>
			<trkpt lat="46.4474983390" lon="7.1195079187">
				<ele>1094.1</ele>
				<extensions>
					<swisstopo:routepoint_id>225359636</swisstopo:routepoint_id>
				</extensions>
			</trkpt>
			<trkpt lat="46.4475989249" lon="7.1194971253">
				<ele>1093.6</ele>
				<extensions>
					<swisstopo:routepoint_id>1283750435</swisstopo:routepoint_id>
				</extensions>
			</trkpt>
			<trkpt lat="46.4476884615" lon="7.1194913564">
				<ele>1093.5</ele>
				<extensions>
					<swisstopo:routepoint_id>1147351664</swisstopo:routepoint_id>
				</extensions>
			</trkpt>
			<trkpt lat="46.4477813172" lon="7.1194764189">
				<ele>1093.0</ele>
				<extensions>
					<swisstopo:routepoint_id>1749027400</swisstopo:routepoint_id>
				</extensions>
			</trkpt>
			<trkpt lat="46.4478365040" lon="7.1194565216">
				<ele>1092.2</ele>
				<extensions>
					<swisstopo:routepoint_id>971307921</swisstopo:routepoint_id>
				</extensions>
			</trkpt>
			<trkpt lat="46.4479183411" lon="7.1194030598">
				<ele>1090.8</ele>
				<extensions>
					<swisstopo:routepoint_id>1765244118</swisstopo:routepoint_id>
				</extensions>
			</trkpt>
			<trkpt lat="46.4479991048" lon="7.1193549025">
				<ele>1089.5</ele>
				<extensions>
					<swisstopo:routepoint_id>423928631</swisstopo:routepoint_id>
				</extensions>
			</trkpt>
			<trkpt lat="46.4480764598" lon="7.1193039132">
				<ele>1088.5</ele>
				<extensions>
					<swisstopo:routepoint_id>1479382971</swisstopo:routepoint_id>
				</extensions>
			</trkpt>
			<trkpt lat="46.4482111304" lon="7.1192223950">
				<ele>1087.6</ele>
				<extensions>
					<swisstopo:routepoint_id>1592652797</swisstopo:routepoint_id>
				</extensions>
			</trkpt>
			<trkpt lat="46.4482823523" lon="7.1191784442">
				<ele>1087.3</ele>
				<extensions>
					<swisstopo:routepoint_id>404241294</swisstopo:routepoint_id>
				</extensions>
			</trkpt>
			<trkpt lat="46.4483501136" lon="7.1191421791">
				<ele>1087.0</ele>
				<extensions>
					<swisstopo:routepoint_id>1749238732</swisstopo:routepoint_id>
				</extensions>
			</trkpt>
			<trkpt lat="46.4483891698" lon="7.1191343100">
				<ele>1087.6</ele>
				<extensions>
					<swisstopo:routepoint_id>1552420305</swisstopo:routepoint_id>
				</extensions>
			</trkpt>
			<trkpt lat="46.4484142974" lon="7.1191451340">
				<ele>1088.5</ele>
				<extensions>
					<swisstopo:routepoint_id>329874916</swisstopo:routepoint_id>
				</extensions>
			</trkpt>
			<trkpt lat="46.4484377538" lon="7.1191657939">
				<ele>1089.9</ele>
				<extensions>
					<swisstopo:routepoint_id>324691249</swisstopo:routepoint_id>
				</extensions>
			</trkpt>
			<trkpt lat="46.4484619017" lon="7.1191608893">
				<ele>1090.5</ele>
				<extensions>
					<swisstopo:routepoint_id>1902306255</swisstopo:routepoint_id>
				</extensions>
			</trkpt>
			<trkpt lat="46.4485320165" lon="7.1191327697">
				<ele>1091.5</ele>
				<extensions>
					<swisstopo:routepoint_id>1683908003</swisstopo:routepoint_id>
				</extensions>
			</trkpt>
			<trkpt lat="46.4485767146" lon="7.1191291363">
				<ele>1092.0</ele>
				<extensions>
					<swisstopo:routepoint_id>347004344</swisstopo:routepoint_id>
				</extensions>
			</trkpt>
			<trkpt lat="46.4486532919" lon="7.1191247311">
				<ele>1093.4</ele>
				<extensions>
					<swisstopo:routepoint_id>1988171152</swisstopo:routepoint_id>
				</extensions>
			</trkpt>
			<trkpt lat="46.4487132265" lon="7.1191106103">
				<ele>1093.9</ele>
				<extensions>
					<swisstopo:routepoint_id>1116089150</swisstopo:routepoint_id>
				</extensions>
			</trkpt>
			<trkpt lat="46.4487675179" lon="7.1190890254">
				<ele>1094.1</ele>
				<extensions>
					<swisstopo:routepoint_id>1066077953</swisstopo:routepoint_id>
				</extensions>
			</trkpt>
			<trkpt lat="46.4488306392" lon="7.1190948763">
				<ele>1095.9</ele>
				<extensions>
					<swisstopo:routepoint_id>1381546931</swisstopo:routepoint_id>
				</extensions>
			</trkpt>
			<trkpt lat="46.4488779471" lon="7.1190883775">
				<ele>1097.0</ele>
				<extensions>
					<swisstopo:routepoint_id>1242165174</swisstopo:routepoint_id>
				</extensions>
			</trkpt>
			<trkpt lat="46.4489267202" lon="7.1190943126">
				<ele>1099.6</ele>
				<extensions>
					<swisstopo:routepoint_id>1061996713</swisstopo:routepoint_id>
				</extensions>
			</trkpt>
			<trkpt lat="46.4489597010" lon="7.1190920490">
				<ele>1101.7</ele>
				<extensions>
					<swisstopo:routepoint_id>66121916</swisstopo:routepoint_id>
				</extensions>
			</trkpt>
			<trkpt lat="46.4489912136" lon="7.1190794087">
				<ele>1102.4</ele>
				<extensions>
					<swisstopo:routepoint_id>389073233</swisstopo:routepoint_id>
				</extensions>
			</trkpt>
			<trkpt lat="46.4490283956" lon="7.1190418386">
				<ele>1101.9</ele>
				<extensions>
					<swisstopo:routepoint_id>967393810</swisstopo:routepoint_id>
				</extensions>
			</trkpt>
			<trkpt lat="46.4490755988" lon="7.1189980025">
				<ele>1102.0</ele>
				<extensions>
					<swisstopo:routepoint_id>823172312</swisstopo:routepoint_id>
				</extensions>
			</trkpt>
			<trkpt lat="46.4491228254" lon="7.1189624417">
				<ele>1103.6</ele>
				<extensions>
					<swisstopo:routepoint_id>1637206589</swisstopo:routepoint_id>
				</extensions>
			</trkpt>
			<trkpt lat="46.4492030390" lon="7.1189267016">
				<ele>1105.8</ele>
				<extensions>
					<swisstopo:routepoint_id>707960767</swisstopo:routepoint_id>
				</extensions>
			</trkpt>
			<trkpt lat="46.4493127930" lon="7.1188714994">
				<ele>1108.2</ele>
				<extensions>
					<swisstopo:routepoint_id>392305751</swisstopo:routepoint_id>
				</extensions>
			</trkpt>
			<trkpt lat="46.4494150132" lon="7.1188273255">
				<ele>1109.7</ele>
				<extensions>
					<swisstopo:routepoint_id>453745864</swisstopo:routepoint_id>
				</extensions>
			</trkpt>
			<trkpt lat="46.4494298528" lon="7.1188261073">
				<ele>1110.0</ele>
				<extensions>
					<swisstopo:routepoint_id>692557572</swisstopo:routepoint_id>
				</extensions>
			</trkpt>
			<trkpt lat="46.4494665004" lon="7.1188066813">
				<ele>1110.1</ele>
				<extensions>
					<swisstopo:routepoint_id>688738586</swisstopo:routepoint_id>
				</extensions>
			</trkpt>
			<trkpt lat="46.4495138797" lon="7.1187676971">
				<ele>1110.4</ele>
				<extensions>
					<swisstopo:routepoint_id>825966742</swisstopo:routepoint_id>
				</extensions>
			</trkpt>
			<trkpt lat="46.4495422461" lon="7.1187463943">
				<ele>1110.7</ele>
				<extensions>
					<swisstopo:routepoint_id>1158440692</swisstopo:routepoint_id>
				</extensions>
			</trkpt>
			<trkpt lat="46.4495727493" lon="7.1187235314">
				<ele>1110.9</ele>
				<extensions>
					<swisstopo:routepoint_id>549749098</swisstopo:routepoint_id>
				</extensions>
			</trkpt>
			<trkpt lat="46.4496071624" lon="7.1186995239">
				<ele>1110.9</ele>
				<extensions>
					<swisstopo:routepoint_id>1929790877</swisstopo:routepoint_id>
				</extensions>
			</trkpt>
			<trkpt lat="46.4496392591" lon="7.1186868544">
				<ele>1110.8</ele>
				<extensions>
					<swisstopo:routepoint_id>668240720</swisstopo:routepoint_id>
				</extensions>
			</trkpt>
			<trkpt lat="46.4496627068" lon="7.1186629128">
				<ele>1110.7</ele>
				<extensions>
					<swisstopo:routepoint_id>421307897</swisstopo:routepoint_id>
				</extensions>
			</trkpt>
			<trkpt lat="46.4497198618" lon="7.1186007964">
				<ele>1110.1</ele>
				<extensions>
					<swisstopo:routepoint_id>1629260742</swisstopo:routepoint_id>
				</extensions>
			</trkpt>
			<trkpt lat="46.4497805075" lon="7.1185258908">
				<ele>1107.9</ele>
				<extensions>
					<swisstopo:routepoint_id>395810443</swisstopo:routepoint_id>
				</extensions>
			</trkpt>
			<trkpt lat="46.4498089473" lon="7.1184826835">
				<ele>1106.7</ele>
				<extensions>
					<swisstopo:routepoint_id>462434648</swisstopo:routepoint_id>
				</extensions>
			</trkpt>
			<trkpt lat="46.4498350038" lon="7.1184394774">
				<ele>1105.8</ele>
				<extensions>
					<swisstopo:routepoint_id>385902484</swisstopo:routepoint_id>
				</extensions>
			</trkpt>
			<trkpt lat="46.4498480093" lon="7.1184066939">
				<ele>1105.0</ele>
				<extensions>
					<swisstopo:routepoint_id>668787726</swisstopo:routepoint_id>
				</extensions>
			</trkpt>
			<trkpt lat="46.4498621786" lon="7.1183687258">
				<ele>1104.1</ele>
				<extensions>
					<swisstopo:routepoint_id>7450636</swisstopo:routepoint_id>
				</extensions>
			</trkpt>
			<trkpt lat="46.4498668018" lon="7.1183204904">
				<ele>1102.7</ele>
				<extensions>
					<swisstopo:routepoint_id>2138923288</swisstopo:routepoint_id>
				</extensions>
			</trkpt>
			<trkpt lat="46.4498665840" lon="7.1182430143">
				<ele>1100.3</ele>
				<extensions>
					<swisstopo:routepoint_id>1757008334</swisstopo:routepoint_id>
				</extensions>
			</trkpt>
			<trkpt lat="46.4498663081" lon="7.1181448709">
				<ele>1097.7</ele>
				<extensions>
					<swisstopo:routepoint_id>322476245</swisstopo:routepoint_id>
				</extensions>
			</trkpt>
			<trkpt lat="46.4498660032" lon="7.1180364073">
				<ele>1095.8</ele>
				<extensions>
					<swisstopo:routepoint_id>533088847</swisstopo:routepoint_id>
				</extensions>
			</trkpt>
			<trkpt lat="46.4498694488" lon="7.1179916167">
				<ele>1094.9</ele>
				<extensions>
					<swisstopo:routepoint_id>2079923359</swisstopo:routepoint_id>
				</extensions>
			</trkpt>
			<trkpt lat="46.4498725999" lon="7.1179350348">
				<ele>1094.0</ele>
				<extensions>
					<swisstopo:routepoint_id>2123074952</swisstopo:routepoint_id>
				</extensions>
			</trkpt>
			<trkpt lat="46.4498895581" lon="7.1178363482">
				<ele>1092.4</ele>
				<extensions>
					<swisstopo:routepoint_id>1559342299</swisstopo:routepoint_id>
				</extensions>
			</trkpt>
			<trkpt lat="46.4499018944" lon="7.1177671532">
				<ele>1091.2</ele>
				<extensions>
					<swisstopo:routepoint_id>2054940879</swisstopo:routepoint_id>
				</extensions>
			</trkpt>
			<trkpt lat="46.4499119117" lon="7.1177081635">
				<ele>1090.7</ele>
				<extensions>
					<swisstopo:routepoint_id>546863656</swisstopo:routepoint_id>
				</extensions>
			</trkpt>
			<trkpt lat="46.4499332562" lon="7.1176498871">
				<ele>1091.1</ele>
				<extensions>
					<swisstopo:routepoint_id>1488845500</swisstopo:routepoint_id>
				</extensions>
			</trkpt>
			<trkpt lat="46.4499938403" lon="7.1176110717">
				<ele>1091.7</ele>
				<extensions>
					<swisstopo:routepoint_id>2095440779</swisstopo:routepoint_id>
				</extensions>
			</trkpt>
			<trkpt lat="46.4500699474" lon="7.1175483337">
				<ele>1091.9</ele>
				<extensions>
					<swisstopo:routepoint_id>893897992</swisstopo:routepoint_id>
				</extensions>
			</trkpt>
			<trkpt lat="46.4501198595" lon="7.1175049989">
				<ele>1092.0</ele>
				<extensions>
					<swisstopo:routepoint_id>849616985</swisstopo:routepoint_id>
				</extensions>
			</trkpt>
			<trkpt lat="46.4501852902" lon="7.1174366233">
				<ele>1092.0</ele>
				<extensions>
					<swisstopo:routepoint_id>17938795</swisstopo:routepoint_id>
				</extensions>
			</trkpt>
			<trkpt lat="46.4502564118" lon="7.1173477794">
				<ele>1092.0</ele>
				<extensions>
					<swisstopo:routepoint_id>852375876</swisstopo:routepoint_id>
				</extensions>
			</trkpt>
			<trkpt lat="46.4503621791" lon="7.1172123731">
				<ele>1091.2</ele>
				<extensions>
					<swisstopo:routepoint_id>2032794057</swisstopo:routepoint_id>
				</extensions>
			</trkpt>
			<trkpt lat="46.4504266634" lon="7.1171210830">
				<ele>1089.9</ele>
				<extensions>
					<swisstopo:routepoint_id>601165935</swisstopo:routepoint_id>
				</extensions>
			</trkpt>
			<trkpt lat="46.4504569217" lon="7.1170465243">
				<ele>1088.8</ele>
				<extensions>
					<swisstopo:routepoint_id>1575223393</swisstopo:routepoint_id>
				</extensions>
			</trkpt>
			<trkpt lat="46.4505097165" lon="7.1168643918">
				<ele>1086.7</ele>
				<extensions>
					<swisstopo:routepoint_id>2019420883</swisstopo:routepoint_id>
				</extensions>
			</trkpt>
			<trkpt lat="46.4505246979" lon="7.1167733938">
				<ele>1085.7</ele>
				<extensions>
					<swisstopo:routepoint_id>1229425810</swisstopo:routepoint_id>
				</extensions>
			</trkpt>
			<trkpt lat="46.4505470874" lon="7.1166107169">
				<ele>1084.1</ele>
				<extensions>
					<swisstopo:routepoint_id>1451193027</swisstopo:routepoint_id>
				</extensions>
			</trkpt>
			<trkpt lat="46.4505618815" lon="7.1164563639">
				<ele>1082.8</ele>
				<extensions>
					<swisstopo:routepoint_id>345712766</swisstopo:routepoint_id>
				</extensions>
			</trkpt>
			<trkpt lat="46.4505690801" lon="7.1163075591">
				<ele>1081.8</ele>
				<extensions>
					<swisstopo:routepoint_id>1423924762</swisstopo:routepoint_id>
				</extensions>
			</trkpt>
			<trkpt lat="46.4505819741" lon="7.1161559625">
				<ele>1081.7</ele>
				<extensions>
					<swisstopo:routepoint_id>1708284215</swisstopo:routepoint_id>
				</extensions>
			</trkpt>
			<trkpt lat="46.4505871324" lon="7.1159603414">
				<ele>1081.7</ele>
				<extensions>
					<swisstopo:routepoint_id>1732450263</swisstopo:routepoint_id>
				</extensions>
			</trkpt>
			<trkpt lat="46.4506115607" lon="7.1158444946">
				<ele>1081.8</ele>
				<extensions>
					<swisstopo:routepoint_id>1731046196</swisstopo:routepoint_id>
				</extensions>
			</trkpt>
			<trkpt lat="46.4506322449" lon="7.1157534606">
				<ele>1081.8</ele>
				<extensions>
					<swisstopo:routepoint_id>1990425645</swisstopo:routepoint_id>
				</extensions>
			</trkpt>
			<trkpt lat="46.4506605247" lon="7.1156541185">
				<ele>1081.8</ele>
				<extensions>
					<swisstopo:routepoint_id>480673316</swisstopo:routepoint_id>
				</extensions>
			</trkpt>
			<trkpt lat="46.4507436067" lon="7.1154056901">
				<ele>1082.0</ele>
				<extensions>
					<swisstopo:routepoint_id>1145259511</swisstopo:routepoint_id>
				</extensions>
			</trkpt>
			<trkpt lat="46.4507680876" lon="7.1153118751">
				<ele>1082.1</ele>
				<extensions>
					<swisstopo:routepoint_id>196327729</swisstopo:routepoint_id>
				</extensions>
			</trkpt>
			<trkpt lat="46.4507962497" lon="7.1151712098">
				<ele>1082.6</ele>
				<extensions>
					<swisstopo:routepoint_id>1491507880</swisstopo:routepoint_id>
				</extensions>
			</trkpt>
			<trkpt lat="46.4508170287" lon="7.1151104754">
				<ele>1082.8</ele>
				<extensions>
					<swisstopo:routepoint_id>1905825555</swisstopo:routepoint_id>
				</extensions>
			</trkpt>
			<trkpt lat="46.4507818325" lon="7.1150991788">
				<ele>1082.4</ele>
				<extensions>
					<swisstopo:routepoint_id>734809115</swisstopo:routepoint_id>
				</extensions>
			</trkpt>
			<trkpt lat="46.4507557846" lon="7.1150720023">
				<ele>1081.9</ele>
				<extensions>
					<swisstopo:routepoint_id>1433147581</swisstopo:routepoint_id>
				</extensions>
			</trkpt>
			<trkpt lat="46.4507485462" lon="7.1150191002">
				<ele>1082.0</ele>
				<extensions>
					<swisstopo:routepoint_id>2062855307</swisstopo:routepoint_id>
				</extensions>
			</trkpt>
			<trkpt lat="46.4507530697" lon="7.1149490396">
				<ele>1081.7</ele>
				<extensions>
					<swisstopo:routepoint_id>481060945</swisstopo:routepoint_id>
				</extensions>
			</trkpt>
			<trkpt lat="46.4507704229" lon="7.1148225337">
				<ele>1081.5</ele>
				<extensions>
					<swisstopo:routepoint_id>1305742634</swisstopo:routepoint_id>
				</extensions>
			</trkpt>
			<trkpt lat="46.4507748983" lon="7.1147353975">
				<ele>1081.9</ele>
				<extensions>
					<swisstopo:routepoint_id>57320070</swisstopo:routepoint_id>
				</extensions>
			</trkpt>
			<trkpt lat="46.4507711359" lon="7.1146585672">
				<ele>1082.4</ele>
				<extensions>
					<swisstopo:routepoint_id>226800785</swisstopo:routepoint_id>
				</extensions>
			</trkpt>
			<trkpt lat="46.4507672999" lon="7.1145560965">
				<ele>1082.4</ele>
				<extensions>
					<swisstopo:routepoint_id>1617877357</swisstopo:routepoint_id>
				</extensions>
			</trkpt>
			<trkpt lat="46.4507611705" lon="7.1144758549">
				<ele>1082.2</ele>
				<extensions>
					<swisstopo:routepoint_id>1133572042</swisstopo:routepoint_id>
				</extensions>
			</trkpt>
			<trkpt lat="46.4507598126" lon="7.1144126625">
				<ele>1081.4</ele>
				<extensions>
					<swisstopo:routepoint_id>354126897</swisstopo:routepoint_id>
				</extensions>
			</trkpt>
			<trkpt lat="46.4507631235" lon="7.1143306617">
				<ele>1080.6</ele>
				<extensions>
					<swisstopo:routepoint_id>624576319</swisstopo:routepoint_id>
				</extensions>
			</trkpt>
			<trkpt lat="46.4507853407" lon="7.1142570717">
				<ele>1080.4</ele>
				<extensions>
					<swisstopo:routepoint_id>996029012</swisstopo:routepoint_id>
				</extensions>
			</trkpt>
			<trkpt lat="46.4508169440" lon="7.1141595311">
				<ele>1080.4</ele>
				<extensions>
					<swisstopo:routepoint_id>1906179394</swisstopo:routepoint_id>
				</extensions>
			</trkpt>
			<trkpt lat="46.4508420725" lon="7.1140787266">
				<ele>1080.2</ele>
				<extensions>
					<swisstopo:routepoint_id>104759641</swisstopo:routepoint_id>
				</extensions>
			</trkpt>
			<trkpt lat="46.4508822598" lon="7.1139820719">
				<ele>1079.5</ele>
				<extensions>
					<swisstopo:routepoint_id>764728648</swisstopo:routepoint_id>
				</extensions>
			</trkpt>
			<trkpt lat="46.4509385479" lon="7.1138722790">
				<ele>1077.4</ele>
				<extensions>
					<swisstopo:routepoint_id>45021656</swisstopo:routepoint_id>
				</extensions>
			</trkpt>
			<trkpt lat="46.4510220080" lon="7.1137453524">
				<ele>1074.6</ele>
				<extensions>
					<swisstopo:routepoint_id>673367278</swisstopo:routepoint_id>
				</extensions>
			</trkpt>
			<trkpt lat="46.4510623329" lon="7.1136969041">
				<ele>1073.4</ele>
				<extensions>
					<swisstopo:routepoint_id>1015708983</swisstopo:routepoint_id>
				</extensions>
			</trkpt>
			<trkpt lat="46.4511133767" lon="7.1136535584">
				<ele>1072.2</ele>
				<extensions>
					<swisstopo:routepoint_id>738589349</swisstopo:routepoint_id>
				</extensions>
			</trkpt>
			<trkpt lat="46.4511728036" lon="7.1136256497">
				<ele>1071.2</ele>
				<extensions>
					<swisstopo:routepoint_id>1376416519</swisstopo:routepoint_id>
				</extensions>
			</trkpt>
			<trkpt lat="46.4512310733" lon="7.1136115321">
				<ele>1069.9</ele>
				<extensions>
					<swisstopo:routepoint_id>4298410</swisstopo:routepoint_id>
				</extensions>
			</trkpt>
			<trkpt lat="46.4512882149" lon="7.1136180767">
				<ele>1068.8</ele>
				<extensions>
					<swisstopo:routepoint_id>1494946330</swisstopo:routepoint_id>
				</extensions>
			</trkpt>
			<trkpt lat="46.4513447684" lon="7.1136425319">
				<ele>1067.3</ele>
				<extensions>
					<swisstopo:routepoint_id>462116726</swisstopo:routepoint_id>
				</extensions>
			</trkpt>
			<trkpt lat="46.4514467071" lon="7.1136928912">
				<ele>1065.2</ele>
				<extensions>
					<swisstopo:routepoint_id>195775990</swisstopo:routepoint_id>
				</extensions>
			</trkpt>
			<trkpt lat="46.4515530441" lon="7.1137430816">
				<ele>1063.6</ele>
				<extensions>
					<swisstopo:routepoint_id>864397135</swisstopo:routepoint_id>
				</extensions>
			</trkpt>
			<trkpt lat="46.4516083373" lon="7.1137703042">
				<ele>1062.5</ele>
				<extensions>
					<swisstopo:routepoint_id>958861289</swisstopo:routepoint_id>
				</extensions>
			</trkpt>
			<trkpt lat="46.4516731803" lon="7.1138057236">
				<ele>1061.5</ele>
				<extensions>
					<swisstopo:routepoint_id>63432543</swisstopo:routepoint_id>
				</extensions>
			</trkpt>
			<trkpt lat="46.4517247151" lon="7.1138494985">
				<ele>1060.5</ele>
				<extensions>
					<swisstopo:routepoint_id>729077475</swisstopo:routepoint_id>
				</extensions>
			</trkpt>
			<trkpt lat="46.4517857376" lon="7.1138794341">
				<ele>1059.0</ele>
				<extensions>
					<swisstopo:routepoint_id>1558109399</swisstopo:routepoint_id>
				</extensions>
			</trkpt>
			<trkpt lat="46.4518486890" lon="7.1139203829">
				<ele>1057.6</ele>
				<extensions>
					<swisstopo:routepoint_id>350702281</swisstopo:routepoint_id>
				</extensions>
			</trkpt>
			<trkpt lat="46.4519021374" lon="7.1139696517">
				<ele>1056.5</ele>
				<extensions>
					<swisstopo:routepoint_id>342708505</swisstopo:routepoint_id>
				</extensions>
			</trkpt>
			<trkpt lat="46.4519670903" lon="7.1140436467">
				<ele>1055.6</ele>
				<extensions>
					<swisstopo:routepoint_id>1120846627</swisstopo:routepoint_id>
				</extensions>
			</trkpt>
			<trkpt lat="46.4520205402" lon="7.1140901702">
				<ele>1055.3</ele>
				<extensions>
					<swisstopo:routepoint_id>1986811690</swisstopo:routepoint_id>
				</extensions>
			</trkpt>
			<trkpt lat="46.4520758802" lon="7.1141339102">
				<ele>1054.9</ele>
				<extensions>
					<swisstopo:routepoint_id>533698966</swisstopo:routepoint_id>
				</extensions>
			</trkpt>
			<trkpt lat="46.4521350110" lon="7.1141693771">
				<ele>1054.5</ele>
				<extensions>
					<swisstopo:routepoint_id>838607061</swisstopo:routepoint_id>
				</extensions>
			</trkpt>
			<trkpt lat="46.4521902805" lon="7.1141883357">
				<ele>1054.2</ele>
				<extensions>
					<swisstopo:routepoint_id>629077206</swisstopo:routepoint_id>
				</extensions>
			</trkpt>
			<trkpt lat="46.4522455108" lon="7.1141935134">
				<ele>1053.5</ele>
				<extensions>
					<swisstopo:routepoint_id>2087339914</swisstopo:routepoint_id>
				</extensions>
			</trkpt>
			<trkpt lat="46.4523026949" lon="7.1142152077">
				<ele>1052.2</ele>
				<extensions>
					<swisstopo:routepoint_id>1859351573</swisstopo:routepoint_id>
				</extensions>
			</trkpt>
			<trkpt lat="46.4523503776" lon="7.1142424765">
				<ele>1050.8</ele>
				<extensions>
					<swisstopo:routepoint_id>734167484</swisstopo:routepoint_id>
				</extensions>
			</trkpt>
			<trkpt lat="46.4524248318" lon="7.1143109106">
				<ele>1049.0</ele>
				<extensions>
					<swisstopo:routepoint_id>231568664</swisstopo:routepoint_id>
				</extensions>
			</trkpt>
			<trkpt lat="46.4524955359" lon="7.1143986441">
				<ele>1047.2</ele>
				<extensions>
					<swisstopo:routepoint_id>1503776201</swisstopo:routepoint_id>
				</extensions>
			</trkpt>
			<trkpt lat="46.4525299812" lon="7.1144590519">
				<ele>1046.2</ele>
				<extensions>
					<swisstopo:routepoint_id>1497718784</swisstopo:routepoint_id>
				</extensions>
			</trkpt>
			<trkpt lat="46.4525299814" lon="7.1144590517">
				<ele>1046.2</ele>
				<extensions>
					<swisstopo:routepoint_id>1523017511</swisstopo:routepoint_id>
				</extensions>
			</trkpt>
			<trkpt lat="46.4525930521" lon="7.1145357540">
				<ele>1044.6</ele>
				<extensions>
					<swisstopo:routepoint_id>605743555</swisstopo:routepoint_id>
				</extensions>
			</trkpt>
			<trkpt lat="46.4526185367" lon="7.1145514809">
				<ele>1043.8</ele>
				<extensions>
					<swisstopo:routepoint_id>1665814842</swisstopo:routepoint_id>
				</extensions>
			</trkpt>
			<trkpt lat="46.4527284127" lon="7.1146316528">
				<ele>1040.8</ele>
				<extensions>
					<swisstopo:routepoint_id>1602119104</swisstopo:routepoint_id>
				</extensions>
			</trkpt>
			<trkpt lat="46.4527876944" lon="7.1146916796">
				<ele>1039.7</ele>
				<extensions>
					<swisstopo:routepoint_id>1941225304</swisstopo:routepoint_id>
				</extensions>
			</trkpt>
			<trkpt lat="46.4528221473" lon="7.1147548475">
				<ele>1038.7</ele>
				<extensions>
					<swisstopo:routepoint_id>72051795</swisstopo:routepoint_id>
				</extensions>
			</trkpt>
			<trkpt lat="46.4528834336" lon="7.1148812147">
				<ele>1036.7</ele>
				<extensions>
					<swisstopo:routepoint_id>1982405000</swisstopo:routepoint_id>
				</extensions>
			</trkpt>
			<trkpt lat="46.4529268392" lon="7.1149799016">
				<ele>1035.7</ele>
				<extensions>
					<swisstopo:routepoint_id>2014973049</swisstopo:routepoint_id>
				</extensions>
			</trkpt>
			<trkpt lat="46.4529674775" lon="7.1150416397">
				<ele>1034.3</ele>
				<extensions>
					<swisstopo:routepoint_id>734687836</swisstopo:routepoint_id>
				</extensions>
			</trkpt>
			<trkpt lat="46.4530068445" lon="7.1150741275">
				<ele>1033.3</ele>
				<extensions>
					<swisstopo:routepoint_id>429233787</swisstopo:routepoint_id>
				</extensions>
			</trkpt>
			<trkpt lat="46.4530497353" lon="7.1150928097">
				<ele>1032.5</ele>
				<extensions>
					<swisstopo:routepoint_id>165108473</swisstopo:routepoint_id>
				</extensions>
			</trkpt>
			<trkpt lat="46.4530937879" lon="7.1150994339">
				<ele>1031.5</ele>
				<extensions>
					<swisstopo:routepoint_id>53930101</swisstopo:routepoint_id>
				</extensions>
			</trkpt>
			<trkpt lat="46.4531473041" lon="7.1150870631">
				<ele>1030.2</ele>
				<extensions>
					<swisstopo:routepoint_id>228844954</swisstopo:routepoint_id>
				</extensions>
			</trkpt>
			<trkpt lat="46.4532591733" lon="7.1150327485">
				<ele>1027.0</ele>
				<extensions>
					<swisstopo:routepoint_id>2000558119</swisstopo:routepoint_id>
				</extensions>
			</trkpt>
			<trkpt lat="46.4532878993" lon="7.1150844450">
				<ele>1027.6</ele>
				<extensions>
					<swisstopo:routepoint_id>1855129895</swisstopo:routepoint_id>
				</extensions>
			</trkpt>
			<trkpt lat="46.4533805624" lon="7.1151917027">
				<ele>1028.9</ele>
				<extensions>
					<swisstopo:routepoint_id>1125791995</swisstopo:routepoint_id>
				</extensions>
			</trkpt>
			<trkpt lat="46.4534593758" lon="7.1152876685">
				<ele>1029.2</ele>
				<extensions>
					<swisstopo:routepoint_id>70853319</swisstopo:routepoint_id>
				</extensions>
			</trkpt>
			<trkpt lat="46.4535787732" lon="7.1154264226">
				<ele>1028.3</ele>
				<extensions>
					<swisstopo:routepoint_id>182719847</swisstopo:routepoint_id>
				</extensions>
			</trkpt>
			<trkpt lat="46.4536981747" lon="7.1155634723">
				<ele>1028.3</ele>
				<extensions>
					<swisstopo:routepoint_id>1573026352</swisstopo:routepoint_id>
				</extensions>
			</trkpt>
			<trkpt lat="46.4537721227" lon="7.1156250142">
				<ele>1028.4</ele>
				<extensions>
					<swisstopo:routepoint_id>132211050</swisstopo:routepoint_id>
				</extensions>
			</trkpt>
			<trkpt lat="46.4538413741" lon="7.1157021007">
				<ele>1028.6</ele>
				<extensions>
					<swisstopo:routepoint_id>1586822849</swisstopo:routepoint_id>
				</extensions>
			</trkpt>
			<trkpt lat="46.4538867462" lon="7.1157586454">
				<ele>1028.5</ele>
				<extensions>
					<swisstopo:routepoint_id>612383439</swisstopo:routepoint_id>
				</extensions>
			</trkpt>
			<trkpt lat="46.4539417956" lon="7.1158650734">
				<ele>1028.2</ele>
				<extensions>
					<swisstopo:routepoint_id>603381339</swisstopo:routepoint_id>
				</extensions>
			</trkpt>
			<trkpt lat="46.4539945345" lon="7.1160008025">
				<ele>1027.7</ele>
				<extensions>
					<swisstopo:routepoint_id>1227041640</swisstopo:routepoint_id>
				</extensions>
			</trkpt>
			<trkpt lat="46.4540210762" lon="7.1161263262">
				<ele>1027.2</ele>
				<extensions>
					<swisstopo:routepoint_id>1308725802</swisstopo:routepoint_id>
				</extensions>
			</trkpt>
			<trkpt lat="46.4540415652" lon="7.1162174713">
				<ele>1026.6</ele>
				<extensions>
					<swisstopo:routepoint_id>1485824274</swisstopo:routepoint_id>
				</extensions>
			</trkpt>
			<trkpt lat="46.4540715076" lon="7.1162827260">
				<ele>1026.2</ele>
				<extensions>
					<swisstopo:routepoint_id>570212284</swisstopo:routepoint_id>
				</extensions>
			</trkpt>
			<trkpt lat="46.4541192733" lon="7.1163427067">
				<ele>1026.7</ele>
				<extensions>
					<swisstopo:routepoint_id>694353326</swisstopo:routepoint_id>
				</extensions>
			</trkpt>
			<trkpt lat="46.4541754467" lon="7.1164301916">
				<ele>1027.3</ele>
				<extensions>
					<swisstopo:routepoint_id>636607240</swisstopo:routepoint_id>
				</extensions>
			</trkpt>
			<trkpt lat="46.4542472181" lon="7.1165588978">
				<ele>1027.1</ele>
				<extensions>
					<swisstopo:routepoint_id>883333793</swisstopo:routepoint_id>
				</extensions>
			</trkpt>
			<trkpt lat="46.4543070643" lon="7.1166790965">
				<ele>1027.5</ele>
				<extensions>
					<swisstopo:routepoint_id>1551985465</swisstopo:routepoint_id>
				</extensions>
			</trkpt>
			<trkpt lat="46.4543609945" lon="7.1168165251">
				<ele>1027.1</ele>
				<extensions>
					<swisstopo:routepoint_id>506968502</swisstopo:routepoint_id>
				</extensions>
			</trkpt>
			<trkpt lat="46.4543826648" lon="7.1169024845">
				<ele>1026.1</ele>
				<extensions>
					<swisstopo:routepoint_id>2036862247</swisstopo:routepoint_id>
				</extensions>
			</trkpt>
			<trkpt lat="46.4544162169" lon="7.1169815003">
				<ele>1025.9</ele>
				<extensions>
					<swisstopo:routepoint_id>1306857388</swisstopo:routepoint_id>
				</extensions>
			</trkpt>
			<trkpt lat="46.4544605267" lon="7.1170793792">
				<ele>1025.8</ele>
				<extensions>
					<swisstopo:routepoint_id>78274936</swisstopo:routepoint_id>
				</extensions>
			</trkpt>
			<trkpt lat="46.4544833566" lon="7.1171618953">
				<ele>1025.7</ele>
				<extensions>
					<swisstopo:routepoint_id>229229722</swisstopo:routepoint_id>
				</extensions>
			</trkpt>
			<trkpt lat="46.4545002826" lon="7.1172530643">
				<ele>1025.2</ele>
				<extensions>
					<swisstopo:routepoint_id>1328982367</swisstopo:routepoint_id>
				</extensions>
			</trkpt>
			<trkpt lat="46.4545088988" lon="7.1173546020">
				<ele>1024.2</ele>
				<extensions>
					<swisstopo:routepoint_id>1953603050</swisstopo:routepoint_id>
				</extensions>
			</trkpt>
			<trkpt lat="46.4545245991" lon="7.1174354428">
				<ele>1024.4</ele>
				<extensions>
					<swisstopo:routepoint_id>12638008</swisstopo:routepoint_id>
				</extensions>
			</trkpt>
			<trkpt lat="46.4545545123" lon="7.1174938127">
				<ele>1024.8</ele>
				<extensions>
					<swisstopo:routepoint_id>1914298366</swisstopo:routepoint_id>
				</extensions>
			</trkpt>
			<trkpt lat="46.4545785236" lon="7.1175711409">
				<ele>1025.6</ele>
				<extensions>
					<swisstopo:routepoint_id>1610822464</swisstopo:routepoint_id>
				</extensions>
			</trkpt>
			<trkpt lat="46.4545954738" lon="7.1176709264">
				<ele>1025.2</ele>
				<extensions>
					<swisstopo:routepoint_id>728275131</swisstopo:routepoint_id>
				</extensions>
			</trkpt>
			<trkpt lat="46.4546278390" lon="7.1177568235">
				<ele>1025.3</ele>
				<extensions>
					<swisstopo:routepoint_id>1470073638</swisstopo:routepoint_id>
				</extensions>
			</trkpt>
			<trkpt lat="46.4546817571" lon="7.1178839311">
				<ele>1025.9</ele>
				<extensions>
					<swisstopo:routepoint_id>1267725075</swisstopo:routepoint_id>
				</extensions>
			</trkpt>
			<trkpt lat="46.4547322738" lon="7.1180747742">
				<ele>1026.9</ele>
				<extensions>
					<swisstopo:routepoint_id>191351862</swisstopo:routepoint_id>
				</extensions>
			</trkpt>
			<trkpt lat="46.4547911630" lon="7.1182776074">
				<ele>1027.2</ele>
				<extensions>
					<swisstopo:routepoint_id>1012230428</swisstopo:routepoint_id>
				</extensions>
			</trkpt>
			<trkpt lat="46.4548655350" lon="7.1184906855">
				<ele>1028.0</ele>
				<extensions>
					<swisstopo:routepoint_id>346325514</swisstopo:routepoint_id>
				</extensions>
			</trkpt>
			<trkpt lat="46.4549432496" lon="7.1186159243">
				<ele>1026.9</ele>
				<extensions>
					<swisstopo:routepoint_id>851117683</swisstopo:routepoint_id>
				</extensions>
			</trkpt>
			<trkpt lat="46.4549791848" lon="7.1186983648">
				<ele>1026.6</ele>
				<extensions>
					<swisstopo:routepoint_id>1233061719</swisstopo:routepoint_id>
				</extensions>
			</trkpt>
			<trkpt lat="46.4550056372" lon="7.1187963637">
				<ele>1026.8</ele>
				<extensions>
					<swisstopo:routepoint_id>1101861400</swisstopo:routepoint_id>
				</extensions>
			</trkpt>
			<trkpt lat="46.4550511139" lon="7.1188873648">
				<ele>1026.1</ele>
				<extensions>
					<swisstopo:routepoint_id>1366344053</swisstopo:routepoint_id>
				</extensions>
			</trkpt>
			<trkpt lat="46.4551407350" lon="7.1190211385">
				<ele>1026.4</ele>
				<extensions>
					<swisstopo:routepoint_id>1389486733</swisstopo:routepoint_id>
				</extensions>
			</trkpt>
			<trkpt lat="46.4552673757" lon="7.1191943174">
				<ele>1027.2</ele>
				<extensions>
					<swisstopo:routepoint_id>477059912</swisstopo:routepoint_id>
				</extensions>
			</trkpt>
			<trkpt lat="46.4553690233" lon="7.1193727964">
				<ele>1028.5</ele>
				<extensions>
					<swisstopo:routepoint_id>1586715594</swisstopo:routepoint_id>
				</extensions>
			</trkpt>
			<trkpt lat="46.4554420462" lon="7.1195256212">
				<ele>1028.7</ele>
				<extensions>
					<swisstopo:routepoint_id>1201034421</swisstopo:routepoint_id>
				</extensions>
			</trkpt>
			<trkpt lat="46.4554983571" lon="7.1196630543">
				<ele>1028.3</ele>
				<extensions>
					<swisstopo:routepoint_id>1631607052</swisstopo:routepoint_id>
				</extensions>
			</trkpt>
			<trkpt lat="46.4555570892" lon="7.1198107822">
				<ele>1028.5</ele>
				<extensions>
					<swisstopo:routepoint_id>2136208914</swisstopo:routepoint_id>
				</extensions>
			</trkpt>
			<trkpt lat="46.4555834824" lon="7.1198846764">
				<ele>1029.2</ele>
				<extensions>
					<swisstopo:routepoint_id>1726342612</swisstopo:routepoint_id>
				</extensions>
			</trkpt>
			<trkpt lat="46.4556157017" lon="7.1199189302">
				<ele>1029.2</ele>
				<extensions>
					<swisstopo:routepoint_id>851455339</swisstopo:routepoint_id>
				</extensions>
			</trkpt>
			<trkpt lat="46.4556836807" lon="7.1199667441">
				<ele>1029.4</ele>
				<extensions>
					<swisstopo:routepoint_id>672648621</swisstopo:routepoint_id>
				</extensions>
			</trkpt>
			<trkpt lat="46.4557635772" lon="7.1200299913">
				<ele>1029.6</ele>
				<extensions>
					<swisstopo:routepoint_id>682348743</swisstopo:routepoint_id>
				</extensions>
			</trkpt>
			<trkpt lat="46.4558518072" lon="7.1200880085">
				<ele>1029.7</ele>
				<extensions>
					<swisstopo:routepoint_id>1988446651</swisstopo:routepoint_id>
				</extensions>
			</trkpt>
			<trkpt lat="46.4559531640" lon="7.1201597471">
				<ele>1029.5</ele>
				<extensions>
					<swisstopo:routepoint_id>650100420</swisstopo:routepoint_id>
				</extensions>
			</trkpt>
			<trkpt lat="46.4560498152" lon="7.1202504518">
				<ele>1029.9</ele>
				<extensions>
					<swisstopo:routepoint_id>287528310</swisstopo:routepoint_id>
				</extensions>
			</trkpt>
			<trkpt lat="46.4561333686" lon="7.1203412205">
				<ele>1029.6</ele>
				<extensions>
					<swisstopo:routepoint_id>2025094059</swisstopo:routepoint_id>
				</extensions>
			</trkpt>
			<trkpt lat="46.4562432082" lon="7.1204645596">
				<ele>1029.8</ele>
				<extensions>
					<swisstopo:routepoint_id>692139973</swisstopo:routepoint_id>
				</extensions>
			</trkpt>
			<trkpt lat="46.4563887482" lon="7.1205963073">
				<ele>1030.5</ele>
				<extensions>
					<swisstopo:routepoint_id>1912294425</swisstopo:routepoint_id>
				</extensions>
			</trkpt>
			<trkpt lat="46.4564782223" lon="7.1206715538">
				<ele>1030.9</ele>
				<extensions>
					<swisstopo:routepoint_id>114726312</swisstopo:routepoint_id>
				</extensions>
			</trkpt>
			<trkpt lat="46.4565330034" lon="7.1206867227">
				<ele>1030.5</ele>
				<extensions>
					<swisstopo:routepoint_id>34761128</swisstopo:routepoint_id>
				</extensions>
			</trkpt>
			<trkpt lat="46.4565723258" lon="7.1207037010">
				<ele>1030.3</ele>
				<extensions>
					<swisstopo:routepoint_id>405681879</swisstopo:routepoint_id>
				</extensions>
			</trkpt>
			<trkpt lat="46.4566856122" lon="7.1207856938">
				<ele>1029.6</ele>
				<extensions>
					<swisstopo:routepoint_id>575003397</swisstopo:routepoint_id>
				</extensions>
			</trkpt>
			<trkpt lat="46.4567810766" lon="7.1208833068">
				<ele>1028.8</ele>
				<extensions>
					<swisstopo:routepoint_id>371726360</swisstopo:routepoint_id>
				</extensions>
			</trkpt>
			<trkpt lat="46.4569040816" lon="7.1210375637">
				<ele>1023.5</ele>
				<extensions>
					<swisstopo:routepoint_id>707757699</swisstopo:routepoint_id>
				</extensions>
			</trkpt>
			<trkpt lat="46.4570533149" lon="7.1212037221">
				<ele>1018.8</ele>
				<extensions>
					<swisstopo:routepoint_id>2082489215</swisstopo:routepoint_id>
				</extensions>
			</trkpt>
			<trkpt lat="46.4571571849" lon="7.1213253805">
				<ele>1015.4</ele>
				<extensions>
					<swisstopo:routepoint_id>756541065</swisstopo:routepoint_id>
				</extensions>
			</trkpt>
			<trkpt lat="46.4572215550" lon="7.1213663337">
				<ele>1013.5</ele>
				<extensions>
					<swisstopo:routepoint_id>1636819305</swisstopo:routepoint_id>
				</extensions>
			</trkpt>
			<trkpt lat="46.4573387985" lon="7.1214028906">
				<ele>1010.4</ele>
				<extensions>
					<swisstopo:routepoint_id>864738422</swisstopo:routepoint_id>
				</extensions>
			</trkpt>
			<trkpt lat="46.4574091308" lon="7.1214431324">
				<ele>1008.4</ele>
				<extensions>
					<swisstopo:routepoint_id>662555331</swisstopo:routepoint_id>
				</extensions>
			</trkpt>
			<trkpt lat="46.4574917086" lon="7.1214680601">
				<ele>1005.8</ele>
				<extensions>
					<swisstopo:routepoint_id>1753470616</swisstopo:routepoint_id>
				</extensions>
			</trkpt>
			<trkpt lat="46.4575777914" lon="7.1214853391">
				<ele>1003.3</ele>
				<extensions>
					<swisstopo:routepoint_id>1246659364</swisstopo:routepoint_id>
				</extensions>
			</trkpt>
			<trkpt lat="46.4576673805" lon="7.1215051495">
				<ele>1000.6</ele>
				<extensions>
					<swisstopo:routepoint_id>246165298</swisstopo:routepoint_id>
				</extensions>
			</trkpt>
			<trkpt lat="46.4577095530" lon="7.1215150564">
				<ele>999.6</ele>
				<extensions>
					<swisstopo:routepoint_id>590198913</swisstopo:routepoint_id>
				</extensions>
			</trkpt>
			<trkpt lat="46.4577412298" lon="7.1215453576">
				<ele>998.8</ele>
				<extensions>
					<swisstopo:routepoint_id>662411223</swisstopo:routepoint_id>
				</extensions>
			</trkpt>
			<trkpt lat="46.4577835129" lon="7.1215984535">
				<ele>997.9</ele>
				<extensions>
					<swisstopo:routepoint_id>1984101177</swisstopo:routepoint_id>
				</extensions>
			</trkpt>
			<trkpt lat="46.4578358975" lon="7.1216686355">
				<ele>996.5</ele>
				<extensions>
					<swisstopo:routepoint_id>262819687</swisstopo:routepoint_id>
				</extensions>
			</trkpt>
			<trkpt lat="46.4578628093" lon="7.1217046903">
				<ele>995.7</ele>
				<extensions>
					<swisstopo:routepoint_id>1829519837</swisstopo:routepoint_id>
				</extensions>
			</trkpt>
			<trkpt lat="46.4579350383" lon="7.1217931873">
				<ele>994.3</ele>
				<extensions>
					<swisstopo:routepoint_id>2108493912</swisstopo:routepoint_id>
				</extensions>
			</trkpt>
			<trkpt lat="46.4580142063" lon="7.1218536975">
				<ele>993.0</ele>
				<extensions>
					<swisstopo:routepoint_id>62734306</swisstopo:routepoint_id>
				</extensions>
			</trkpt>
			<trkpt lat="46.4580846093" lon="7.1219193348">
				<ele>991.4</ele>
				<extensions>
					<swisstopo:routepoint_id>1091442140</swisstopo:routepoint_id>
				</extensions>
			</trkpt>
			<trkpt lat="46.4581972702" lon="7.1220228268">
				<ele>989.8</ele>
				<extensions>
					<swisstopo:routepoint_id>1239081357</swisstopo:routepoint_id>
				</extensions>
			</trkpt>
			<trkpt lat="46.4582940876" lon="7.1221187969">
				<ele>988.7</ele>
				<extensions>
					<swisstopo:routepoint_id>732213981</swisstopo:routepoint_id>
				</extensions>
			</trkpt>
			<trkpt lat="46.4583890685" lon="7.1221817673">
				<ele>987.3</ele>
				<extensions>
					<swisstopo:routepoint_id>1191145045</swisstopo:routepoint_id>
				</extensions>
			</trkpt>
			<trkpt lat="46.4584488456" lon="7.1222144435">
				<ele>986.5</ele>
				<extensions>
					<swisstopo:routepoint_id>53863376</swisstopo:routepoint_id>
				</extensions>
			</trkpt>
			<trkpt lat="46.4584909412" lon="7.1222424063">
				<ele>985.8</ele>
				<extensions>
					<swisstopo:routepoint_id>1768256087</swisstopo:routepoint_id>
				</extensions>
			</trkpt>
			<trkpt lat="46.4585410163" lon="7.1222702712">
				<ele>985.3</ele>
				<extensions>
					<swisstopo:routepoint_id>2013938122</swisstopo:routepoint_id>
				</extensions>
			</trkpt>
			<trkpt lat="46.4585770576" lon="7.1222715848">
				<ele>984.8</ele>
				<extensions>
					<swisstopo:routepoint_id>2116299048</swisstopo:routepoint_id>
				</extensions>
			</trkpt>
			<trkpt lat="46.4586648265" lon="7.1222674314">
				<ele>983.3</ele>
				<extensions>
					<swisstopo:routepoint_id>38202322</swisstopo:routepoint_id>
				</extensions>
			</trkpt>
			<trkpt lat="46.4586766957" lon="7.1222269824">
				<ele>982.7</ele>
				<extensions>
					<swisstopo:routepoint_id>452063744</swisstopo:routepoint_id>
				</extensions>
			</trkpt>
			<trkpt lat="46.4587071709" lon="7.1221710018">
				<ele>981.9</ele>
				<extensions>
					<swisstopo:routepoint_id>1098492829</swisstopo:routepoint_id>
				</extensions>
			</trkpt>
			<trkpt lat="46.4587602367" lon="7.1220839093">
				<ele>980.6</ele>
				<extensions>
					<swisstopo:routepoint_id>87717753</swisstopo:routepoint_id>
				</extensions>
			</trkpt>
			<trkpt lat="46.4587883700" lon="7.1220138312">
				<ele>979.9</ele>
				<extensions>
					<swisstopo:routepoint_id>239196591</swisstopo:routepoint_id>
				</extensions>
			</trkpt>
			<trkpt lat="46.4588060624" lon="7.1219642902">
				<ele>979.5</ele>
				<extensions>
					<swisstopo:routepoint_id>146186737</swisstopo:routepoint_id>
				</extensions>
			</trkpt>
			<trkpt lat="46.4588875664" lon="7.1217360061">
				<ele>977.5</ele>
				<extensions>
					<swisstopo:routepoint_id>279448618</swisstopo:routepoint_id>
				</extensions>
			</trkpt>
			<trkpt lat="46.4589275858" lon="7.1217478264">
				<ele>977.4</ele>
				<extensions>
					<swisstopo:routepoint_id>662648280</swisstopo:routepoint_id>
				</extensions>
			</trkpt>
			<trkpt lat="46.4589692351" lon="7.1217475840">
				<ele>977.2</ele>
				<extensions>
					<swisstopo:routepoint_id>2039299200</swisstopo:routepoint_id>
				</extensions>
			</trkpt>
			<trkpt lat="46.4590758260" lon="7.1217349103">
				<ele>976.7</ele>
				<extensions>
					<swisstopo:routepoint_id>2077713060</swisstopo:routepoint_id>
				</extensions>
			</trkpt>
			<trkpt lat="46.4591607951" lon="7.1217368239">
				<ele>976.4</ele>
				<extensions>
					<swisstopo:routepoint_id>1034575196</swisstopo:routepoint_id>
				</extensions>
			</trkpt>
			<trkpt lat="46.4592524730" lon="7.1217507518">
				<ele>976.0</ele>
				<extensions>
					<swisstopo:routepoint_id>1877816044</swisstopo:routepoint_id>
				</extensions>
			</trkpt>
			<trkpt lat="46.4593258338" lon="7.1217672214">
				<ele>975.9</ele>
				<extensions>
					<swisstopo:routepoint_id>1538628453</swisstopo:routepoint_id>
				</extensions>
			</trkpt>
			<trkpt lat="46.4593992037" lon="7.1217932974">
				<ele>975.8</ele>
				<extensions>
					<swisstopo:routepoint_id>1569146059</swisstopo:routepoint_id>
				</extensions>
			</trkpt>
			<trkpt lat="46.4594642277" lon="7.1218073805">
				<ele>975.7</ele>
				<extensions>
					<swisstopo:routepoint_id>740922195</swisstopo:routepoint_id>
				</extensions>
			</trkpt>
			<trkpt lat="46.4595292150" lon="7.1218118321">
				<ele>975.8</ele>
				<extensions>
					<swisstopo:routepoint_id>1696871765</swisstopo:routepoint_id>
				</extensions>
			</trkpt>
			<trkpt lat="46.4597174075" lon="7.1217866286">
				<ele>975.4</ele>
				<extensions>
					<swisstopo:routepoint_id>49165859</swisstopo:routepoint_id>
				</extensions>
			</trkpt>
			<trkpt lat="46.4597990349" lon="7.1217837454">
				<ele>975.2</ele>
				<extensions>
					<swisstopo:routepoint_id>463180662</swisstopo:routepoint_id>
				</extensions>
			</trkpt>
			<trkpt lat="46.4598923629" lon="7.1217928483">
				<ele>975.0</ele>
				<extensions>
					<swisstopo:routepoint_id>1862193720</swisstopo:routepoint_id>
				</extensions>
			</trkpt>
			<trkpt lat="46.4599640668" lon="7.1218117098">
				<ele>974.8</ele>
				<extensions>
					<swisstopo:routepoint_id>1385299721</swisstopo:routepoint_id>
				</extensions>
			</trkpt>
			<trkpt lat="46.4601775221" lon="7.1218852131">
				<ele>974.2</ele>
				<extensions>
					<swisstopo:routepoint_id>2128655642</swisstopo:routepoint_id>
				</extensions>
			</trkpt>
			<trkpt lat="46.4603025727" lon="7.1219182262">
				<ele>973.5</ele>
				<extensions>
					<swisstopo:routepoint_id>1803133837</swisstopo:routepoint_id>
				</extensions>
			</trkpt>
			<trkpt lat="46.4604109216" lon="7.1219393085">
				<ele>972.8</ele>
				<extensions>
					<swisstopo:routepoint_id>1991835439</swisstopo:routepoint_id>
				</extensions>
			</trkpt>
			<trkpt lat="46.4604875833" lon="7.1219460880">
				<ele>972.2</ele>
				<extensions>
					<swisstopo:routepoint_id>333862029</swisstopo:routepoint_id>
				</extensions>
			</trkpt>
			<trkpt lat="46.4605858848" lon="7.1219479371">
				<ele>971.4</ele>
				<extensions>
					<swisstopo:routepoint_id>968157164</swisstopo:routepoint_id>
				</extensions>
			</trkpt>
			<trkpt lat="46.4606775065" lon="7.1219449832">
				<ele>970.7</ele>
				<extensions>
					<swisstopo:routepoint_id>972028099</swisstopo:routepoint_id>
				</extensions>
			</trkpt>
			<trkpt lat="46.4607841463" lon="7.1219467838">
				<ele>970.0</ele>
				<extensions>
					<swisstopo:routepoint_id>2134125299</swisstopo:routepoint_id>
				</extensions>
			</trkpt>
			<trkpt lat="46.4608491480" lon="7.1219560385">
				<ele>969.4</ele>
				<extensions>
					<swisstopo:routepoint_id>1601380329</swisstopo:routepoint_id>
				</extensions>
			</trkpt>
			<trkpt lat="46.4609108323" lon="7.1219725506">
				<ele>968.9</ele>
				<extensions>
					<swisstopo:routepoint_id>828832053</swisstopo:routepoint_id>
				</extensions>
			</trkpt>
			<trkpt lat="46.4609675596" lon="7.1219987498">
				<ele>968.4</ele>
				<extensions>
					<swisstopo:routepoint_id>1847904881</swisstopo:routepoint_id>
				</extensions>
			</trkpt>
			<trkpt lat="46.4610126336" lon="7.1220298214">
				<ele>968.2</ele>
				<extensions>
					<swisstopo:routepoint_id>1940473289</swisstopo:routepoint_id>
				</extensions>
			</trkpt>
			<trkpt lat="46.4610461002" lon="7.1220826726">
				<ele>968.1</ele>
				<extensions>
					<swisstopo:routepoint_id>1474234504</swisstopo:routepoint_id>
				</extensions>
			</trkpt>
			<trkpt lat="46.4610930318" lon="7.1221836636">
				<ele>968.3</ele>
				<extensions>
					<swisstopo:routepoint_id>215513278</swisstopo:routepoint_id>
				</extensions>
			</trkpt>
			<trkpt lat="46.4611970414" lon="7.1224434355">
				<ele>968.7</ele>
				<extensions>
					<swisstopo:routepoint_id>411314653</swisstopo:routepoint_id>
				</extensions>
			</trkpt>
			<trkpt lat="46.4613010720" lon="7.1227080389">
				<ele>969.0</ele>
				<extensions>
					<swisstopo:routepoint_id>1028470708</swisstopo:routepoint_id>
				</extensions>
			</trkpt>
			<trkpt lat="46.4613900999" lon="7.1229703340">
				<ele>968.1</ele>
				<extensions>
					<swisstopo:routepoint_id>1746975956</swisstopo:routepoint_id>
				</extensions>
			</trkpt>
			<trkpt lat="46.4615178219" lon="7.1233673859">
				<ele>967.7</ele>
				<extensions>
					<swisstopo:routepoint_id>1087964702</swisstopo:routepoint_id>
				</extensions>
			</trkpt>
			<trkpt lat="46.4616371323" lon="7.1237355895">
				<ele>969.0</ele>
				<extensions>
					<swisstopo:routepoint_id>1263996918</swisstopo:routepoint_id>
				</extensions>
			</trkpt>
			<trkpt lat="46.4616422779" lon="7.1237910150">
				<ele>969.2</ele>
				<extensions>
					<swisstopo:routepoint_id>1341437932</swisstopo:routepoint_id>
				</extensions>
			</trkpt>
			<trkpt lat="46.4616224696" lon="7.1238562178">
				<ele>969.7</ele>
				<extensions>
					<swisstopo:routepoint_id>622335146</swisstopo:routepoint_id>
				</extensions>
			</trkpt>
			<trkpt lat="46.4616035502" lon="7.1239045442">
				<ele>970.2</ele>
				<extensions>
					<swisstopo:routepoint_id>61879242</swisstopo:routepoint_id>
				</extensions>
			</trkpt>
			<trkpt lat="46.4615975506" lon="7.1239341555">
				<ele>970.5</ele>
				<extensions>
					<swisstopo:routepoint_id>1011839405</swisstopo:routepoint_id>
				</extensions>
			</trkpt>
			<trkpt lat="46.4615976521" lon="7.1239709164">
				<ele>970.7</ele>
				<extensions>
					<swisstopo:routepoint_id>681218966</swisstopo:routepoint_id>
				</extensions>
			</trkpt>
			<trkpt lat="46.4616116304" lon="7.1240323834">
				<ele>970.8</ele>
				<extensions>
					<swisstopo:routepoint_id>707392794</swisstopo:routepoint_id>
				</extensions>
			</trkpt>
			<trkpt lat="46.4616316738" lon="7.1240882170">
				<ele>971.0</ele>
				<extensions>
					<swisstopo:routepoint_id>1057748380</swisstopo:routepoint_id>
				</extensions>
			</trkpt>
			<trkpt lat="46.4616611147" lon="7.1241495813">
				<ele>971.1</ele>
				<extensions>
					<swisstopo:routepoint_id>1809075458</swisstopo:routepoint_id>
				</extensions>
			</trkpt>
			<trkpt lat="46.4616971992" lon="7.1242157110">
				<ele>971.2</ele>
				<extensions>
					<swisstopo:routepoint_id>1199386600</swisstopo:routepoint_id>
				</extensions>
			</trkpt>
			<trkpt lat="46.4617472126" lon="7.1243257340">
				<ele>971.1</ele>
				<extensions>
					<swisstopo:routepoint_id>2076129808</swisstopo:routepoint_id>
				</extensions>
			</trkpt>
			<trkpt lat="46.4618000603" lon="7.1244621020">
				<ele>970.8</ele>
				<extensions>
					<swisstopo:routepoint_id>1529951677</swisstopo:routepoint_id>
				</extensions>
			</trkpt>
			<trkpt lat="46.4618562685" lon="7.1246168316">
				<ele>970.3</ele>
				<extensions>
					<swisstopo:routepoint_id>269947963</swisstopo:routepoint_id>
				</extensions>
			</trkpt>
			<trkpt lat="46.4619086175" lon="7.1247715966">
				<ele>970.1</ele>
				<extensions>
					<swisstopo:routepoint_id>977864122</swisstopo:routepoint_id>
				</extensions>
			</trkpt>
			<trkpt lat="46.4619536890" lon="7.1248936251">
				<ele>969.9</ele>
				<extensions>
					<swisstopo:routepoint_id>136392153</swisstopo:routepoint_id>
				</extensions>
			</trkpt>
			<trkpt lat="46.4619887276" lon="7.1249821398">
				<ele>969.7</ele>
				<extensions>
					<swisstopo:routepoint_id>1323482597</swisstopo:routepoint_id>
				</extensions>
			</trkpt>
			<trkpt lat="46.4620132009" lon="7.1250427383">
				<ele>969.5</ele>
				<extensions>
					<swisstopo:routepoint_id>1957563691</swisstopo:routepoint_id>
				</extensions>
			</trkpt>
			<trkpt lat="46.4620310395" lon="7.1251049782">
				<ele>969.4</ele>
				<extensions>
					<swisstopo:routepoint_id>1914286314</swisstopo:routepoint_id>
				</extensions>
			</trkpt>
			<trkpt lat="46.4620416075" lon="7.1251304969">
				<ele>969.2</ele>
				<extensions>
					<swisstopo:routepoint_id>1408429764</swisstopo:routepoint_id>
				</extensions>
			</trkpt>
			<trkpt lat="46.4620565530" lon="7.1251416059">
				<ele>968.9</ele>
				<extensions>
					<swisstopo:routepoint_id>9027922</swisstopo:routepoint_id>
				</extensions>
			</trkpt>
			<trkpt lat="46.4620797480" lon="7.1251430742">
				<ele>968.4</ele>
				<extensions>
					<swisstopo:routepoint_id>103624577</swisstopo:routepoint_id>
				</extensions>
			</trkpt>
			<trkpt lat="46.4621244721" lon="7.1251356180">
				<ele>967.2</ele>
				<extensions>
					<swisstopo:routepoint_id>273696293</swisstopo:routepoint_id>
				</extensions>
			</trkpt>
			<trkpt lat="46.4621609132" lon="7.1251322062">
				<ele>966.3</ele>
				<extensions>
					<swisstopo:routepoint_id>719634771</swisstopo:routepoint_id>
				</extensions>
			</trkpt>
			<trkpt lat="46.4622062165" lon="7.1251359419">
				<ele>965.2</ele>
				<extensions>
					<swisstopo:routepoint_id>1701853652</swisstopo:routepoint_id>
				</extensions>
			</trkpt>
			<trkpt lat="46.4622377338" lon="7.1251477485">
				<ele>964.4</ele>
				<extensions>
					<swisstopo:routepoint_id>773512249</swisstopo:routepoint_id>
				</extensions>
			</trkpt>
			<trkpt lat="46.4622658452" lon="7.1251640941">
				<ele>963.8</ele>
				<extensions>
					<swisstopo:routepoint_id>1044847224</swisstopo:routepoint_id>
				</extensions>
			</trkpt>
			<trkpt lat="46.4623126223" lon="7.1252096206">
				<ele>962.8</ele>
				<extensions>
					<swisstopo:routepoint_id>551786710</swisstopo:routepoint_id>
				</extensions>
			</trkpt>
			<trkpt lat="46.4623527992" lon="7.1252793221">
				<ele>961.6</ele>
				<extensions>
					<swisstopo:routepoint_id>2059097445</swisstopo:routepoint_id>
				</extensions>
			</trkpt>
			<trkpt lat="46.4623830159" lon="7.1253611214">
				<ele>960.2</ele>
				<extensions>
					<swisstopo:routepoint_id>239952752</swisstopo:routepoint_id>
				</extensions>
			</trkpt>
			<trkpt lat="46.4624167127" lon="7.1254983426">
				<ele>958.4</ele>
				<extensions>
					<swisstopo:routepoint_id>259777129</swisstopo:routepoint_id>
				</extensions>
			</trkpt>
			<trkpt lat="46.4624655503" lon="7.1256885400">
				<ele>956.2</ele>
				<extensions>
					<swisstopo:routepoint_id>1737475005</swisstopo:routepoint_id>
				</extensions>
			</trkpt>
			<trkpt lat="46.4625126711" lon="7.1258594542">
				<ele>953.8</ele>
				<extensions>
					<swisstopo:routepoint_id>1342616062</swisstopo:routepoint_id>
				</extensions>
			</trkpt>
			<trkpt lat="46.4625529340" lon="7.1259604754">
				<ele>952.5</ele>
				<extensions>
					<swisstopo:routepoint_id>667694691</swisstopo:routepoint_id>
				</extensions>
			</trkpt>
			<trkpt lat="46.4626266219" lon="7.1260999039">
				<ele>950.2</ele>
				<extensions>
					<swisstopo:routepoint_id>1746060078</swisstopo:routepoint_id>
				</extensions>
			</trkpt>
			<trkpt lat="46.4626887096" lon="7.1262079734">
				<ele>948.6</ele>
				<extensions>
					<swisstopo:routepoint_id>1827387975</swisstopo:routepoint_id>
				</extensions>
			</trkpt>
			<trkpt lat="46.4627279133" lon="7.1262640121">
				<ele>947.8</ele>
				<extensions>
					<swisstopo:routepoint_id>2109132651</swisstopo:routepoint_id>
				</extensions>
			</trkpt>
			<trkpt lat="46.4627653370" lon="7.1262975387">
				<ele>947.3</ele>
				<extensions>
					<swisstopo:routepoint_id>1891423935</swisstopo:routepoint_id>
				</extensions>
			</trkpt>
			<trkpt lat="46.4628186576" lon="7.1263249738">
				<ele>946.8</ele>
				<extensions>
					<swisstopo:routepoint_id>1241301099</swisstopo:routepoint_id>
				</extensions>
			</trkpt>
			<trkpt lat="46.4628764406" lon="7.1263394449">
				<ele>946.1</ele>
				<extensions>
					<swisstopo:routepoint_id>1590849807</swisstopo:routepoint_id>
				</extensions>
			</trkpt>
			<trkpt lat="46.4629337453" lon="7.1263501033">
				<ele>945.3</ele>
				<extensions>
					<swisstopo:routepoint_id>20538361</swisstopo:routepoint_id>
				</extensions>
			</trkpt>
			<trkpt lat="46.4629862425" lon="7.1263462870">
				<ele>944.6</ele>
				<extensions>
					<swisstopo:routepoint_id>1478847877</swisstopo:routepoint_id>
				</extensions>
			</trkpt>
			<trkpt lat="46.4630745019" lon="7.1263373839">
				<ele>943.2</ele>
				<extensions>
					<swisstopo:routepoint_id>555134635</swisstopo:routepoint_id>
				</extensions>
			</trkpt>
			<trkpt lat="46.4631865050" lon="7.1263170190">
				<ele>941.7</ele>
				<extensions>
					<swisstopo:routepoint_id>187092949</swisstopo:routepoint_id>
				</extensions>
			</trkpt>
			<trkpt lat="46.4632833659" lon="7.1262922627">
				<ele>940.8</ele>
				<extensions>
					<swisstopo:routepoint_id>184132268</swisstopo:routepoint_id>
				</extensions>
			</trkpt>
			<trkpt lat="46.4633823197" lon="7.1262696555">
				<ele>939.8</ele>
				<extensions>
					<swisstopo:routepoint_id>1426853931</swisstopo:routepoint_id>
				</extensions>
			</trkpt>
			<trkpt lat="46.4634432240" lon="7.1262610394">
				<ele>939.1</ele>
				<extensions>
					<swisstopo:routepoint_id>170150984</swisstopo:routepoint_id>
				</extensions>
			</trkpt>
			<trkpt lat="46.4634927188" lon="7.1262579967">
				<ele>938.5</ele>
				<extensions>
					<swisstopo:routepoint_id>936076358</swisstopo:routepoint_id>
				</extensions>
			</trkpt>
			<trkpt lat="46.4635633624" lon="7.1262779258">
				<ele>937.8</ele>
				<extensions>
					<swisstopo:routepoint_id>362292629</swisstopo:routepoint_id>
				</extensions>
			</trkpt>
			<trkpt lat="46.4636990683" lon="7.1263458311">
				<ele>936.4</ele>
				<extensions>
					<swisstopo:routepoint_id>438411298</swisstopo:routepoint_id>
				</extensions>
			</trkpt>
			<trkpt lat="46.4637316572" lon="7.1263351892">
				<ele>936.4</ele>
				<extensions>
					<swisstopo:routepoint_id>1754479465</swisstopo:routepoint_id>
				</extensions>
			</trkpt>
			<trkpt lat="46.4637614457" lon="7.1262313546">
				<ele>936.2</ele>
				<extensions>
					<swisstopo:routepoint_id>1697187617</swisstopo:routepoint_id>
				</extensions>
			</trkpt>
			<trkpt lat="46.4637964693" lon="7.1261965264">
				<ele>936.2</ele>
				<extensions>
					<swisstopo:routepoint_id>483211332</swisstopo:routepoint_id>
				</extensions>
			</trkpt>
			<trkpt lat="46.4639648783" lon="7.1260819764">
				<ele>935.3</ele>
				<extensions>
					<swisstopo:routepoint_id>1627603374</swisstopo:routepoint_id>
				</extensions>
			</trkpt>
			<trkpt lat="46.4639976988" lon="7.1260606858">
				<ele>935.3</ele>
				<extensions>
					<swisstopo:routepoint_id>700677125</swisstopo:routepoint_id>
				</extensions>
			</trkpt>
			<trkpt lat="46.4640329207" lon="7.1261472887">
				<ele>935.4</ele>
				<extensions>
					<swisstopo:routepoint_id>1863868902</swisstopo:routepoint_id>
				</extensions>
			</trkpt>
			<trkpt lat="46.4641470650" lon="7.1264552434">
				<ele>935.9</ele>
				<extensions>
					<swisstopo:routepoint_id>1271965020</swisstopo:routepoint_id>
				</extensions>
			</trkpt>
			<trkpt lat="46.4642411162" lon="7.1267319812">
				<ele>936.7</ele>
				<extensions>
					<swisstopo:routepoint_id>2013780820</swisstopo:routepoint_id>
				</extensions>
			</trkpt>
			<trkpt lat="46.4644209052" lon="7.1272855186">
				<ele>939.2</ele>
				<extensions>
					<swisstopo:routepoint_id>895170865</swisstopo:routepoint_id>
				</extensions>
			</trkpt>
			<trkpt lat="46.4645603687" lon="7.1277187127">
				<ele>941.4</ele>
				<extensions>
					<swisstopo:routepoint_id>1112574242</swisstopo:routepoint_id>
				</extensions>
			</trkpt>
			<trkpt lat="46.4648242035" lon="7.1285490306">
				<ele>943.9</ele>
				<extensions>
					<swisstopo:routepoint_id>1927141128</swisstopo:routepoint_id>
				</extensions>
			</trkpt>
			<trkpt lat="46.4648821098" lon="7.1287351763">
				<ele>944.1</ele>
				<extensions>
					<swisstopo:routepoint_id>61445784</swisstopo:routepoint_id>
				</extensions>
			</trkpt>
			<trkpt lat="46.4649033790" lon="7.1288035196">
				<ele>944.1</ele>
				<extensions>
					<swisstopo:routepoint_id>978362809</swisstopo:routepoint_id>
				</extensions>
			</trkpt>
			<trkpt lat="46.4649420123" lon="7.1289190355">
				<ele>943.7</ele>
				<extensions>
					<swisstopo:routepoint_id>1574606970</swisstopo:routepoint_id>
				</extensions>
			</trkpt>
			<trkpt lat="46.4650058582" lon="7.1291187898">
				<ele>942.6</ele>
				<extensions>
					<swisstopo:routepoint_id>519874938</swisstopo:routepoint_id>
				</extensions>
			</trkpt>
			<trkpt lat="46.4651789799" lon="7.1296723694">
				<ele>940.2</ele>
				<extensions>
					<swisstopo:routepoint_id>1240325081</swisstopo:routepoint_id>
				</extensions>
			</trkpt>
			<trkpt lat="46.4653066818" lon="7.1300767162">
				<ele>939.1</ele>
				<extensions>
					<swisstopo:routepoint_id>588341467</swisstopo:routepoint_id>
				</extensions>
			</trkpt>
			<trkpt lat="46.4653335913" lon="7.1301681988">
				<ele>938.9</ele>
				<extensions>
					<swisstopo:routepoint_id>396259602</swisstopo:routepoint_id>
				</extensions>
			</trkpt>
			<trkpt lat="46.4653487912" lon="7.1302404457">
				<ele>938.8</ele>
				<extensions>
					<swisstopo:routepoint_id>530793320</swisstopo:routepoint_id>
				</extensions>
			</trkpt>
			<trkpt lat="46.4653623239" lon="7.1303199232">
				<ele>938.4</ele>
				<extensions>
					<swisstopo:routepoint_id>964974552</swisstopo:routepoint_id>
				</extensions>
			</trkpt>
			<trkpt lat="46.4653759175" lon="7.1304187121">
				<ele>938.0</ele>
				<extensions>
					<swisstopo:routepoint_id>234010087</swisstopo:routepoint_id>
				</extensions>
			</trkpt>
			<trkpt lat="46.4654101910" lon="7.1307681312">
				<ele>937.7</ele>
				<extensions>
					<swisstopo:routepoint_id>316252516</swisstopo:routepoint_id>
				</extensions>
			</trkpt>
			<trkpt lat="46.4654495028" lon="7.1311392239">
				<ele>938.3</ele>
				<extensions>
					<swisstopo:routepoint_id>1353392220</swisstopo:routepoint_id>
				</extensions>
			</trkpt>
			<trkpt lat="46.4654835793" lon="7.1314163118">
				<ele>938.9</ele>
				<extensions>
					<swisstopo:routepoint_id>544138678</swisstopo:routepoint_id>
				</extensions>
			</trkpt>
			<trkpt lat="46.4655364123" lon="7.1318572660">
				<ele>938.9</ele>
				<extensions>
					<swisstopo:routepoint_id>1610102075</swisstopo:routepoint_id>
				</extensions>
			</trkpt>
			<trkpt lat="46.4655837135" lon="7.1322834888">
				<ele>939.2</ele>
				<extensions>
					<swisstopo:routepoint_id>1839773883</swisstopo:routepoint_id>
				</extensions>
			</trkpt>
			<trkpt lat="46.4656389999" lon="7.1322781654">
				<ele>938.8</ele>
				<extensions>
					<swisstopo:routepoint_id>324397767</swisstopo:routepoint_id>
				</extensions>
			</trkpt>
			<trkpt lat="46.4657160954" lon="7.1322715369">
				<ele>938.9</ele>
				<extensions>
					<swisstopo:routepoint_id>502551174</swisstopo:routepoint_id>
				</extensions>
			</trkpt>
			<trkpt lat="46.4658424449" lon="7.1322573877">
				<ele>939.3</ele>
				<extensions>
					<swisstopo:routepoint_id>906197214</swisstopo:routepoint_id>
				</extensions>
			</trkpt>
			<trkpt lat="46.4659545045" lon="7.1322443646">
				<ele>939.7</ele>
				<extensions>
					<swisstopo:routepoint_id>1787217229</swisstopo:routepoint_id>
				</extensions>
			</trkpt>
			<trkpt lat="46.4660465960" lon="7.1322345368">
				<ele>939.3</ele>
				<extensions>
					<swisstopo:routepoint_id>1058195948</swisstopo:routepoint_id>
				</extensions>
			</trkpt>
			<trkpt lat="46.4661122571" lon="7.1322259003">
				<ele>938.9</ele>
				<extensions>
					<swisstopo:routepoint_id>2088770951</swisstopo:routepoint_id>
				</extensions>
			</trkpt>
			<trkpt lat="46.4661807542" lon="7.1322069243">
				<ele>939.4</ele>
				<extensions>
					<swisstopo:routepoint_id>1285266811</swisstopo:routepoint_id>
				</extensions>
			</trkpt>
			<trkpt lat="46.4662820256" lon="7.1321577819">
				<ele>939.6</ele>
				<extensions>
					<swisstopo:routepoint_id>85556722</swisstopo:routepoint_id>
				</extensions>
			</trkpt>
			<trkpt lat="46.4663485553" lon="7.1321193268">
				<ele>939.8</ele>
				<extensions>
					<swisstopo:routepoint_id>1744236617</swisstopo:routepoint_id>
				</extensions>
			</trkpt>
			<trkpt lat="46.4663260383" lon="7.1320468873">
				<ele>938.8</ele>
				<extensions>
					<swisstopo:routepoint_id>1970877135</swisstopo:routepoint_id>
				</extensions>
			</trkpt>
			<trkpt lat="46.4663133346" lon="7.1319257152">
				<ele>936.8</ele>
				<extensions>
					<swisstopo:routepoint_id>1166047430</swisstopo:routepoint_id>
				</extensions>
			</trkpt>
			<trkpt lat="46.4663111333" lon="7.1318127510">
				<ele>934.7</ele>
				<extensions>
					<swisstopo:routepoint_id>472063464</swisstopo:routepoint_id>
				</extensions>
			</trkpt>
			<trkpt lat="46.4663175933" lon="7.1317355523">
				<ele>933.4</ele>
				<extensions>
					<swisstopo:routepoint_id>1408982819</swisstopo:routepoint_id>
				</extensions>
			</trkpt>
			<trkpt lat="46.4663815594" lon="7.1318054665">
				<ele>929.7</ele>
				<extensions>
					<swisstopo:routepoint_id>2008166953</swisstopo:routepoint_id>
				</extensions>
			</trkpt>
			<trkpt lat="46.4664445766" lon="7.1318753734">
				<ele>927.0</ele>
				<extensions>
					<swisstopo:routepoint_id>1625905283</swisstopo:routepoint_id>
				</extensions>
			</trkpt>
			<trkpt lat="46.4665000322" lon="7.1319591111">
				<ele>925.3</ele>
				<extensions>
					<swisstopo:routepoint_id>1103545825</swisstopo:routepoint_id>
				</extensions>
			</trkpt>
			<trkpt lat="46.4665564350" lon="7.1320455898">
				<ele>923.8</ele>
				<extensions>
					<swisstopo:routepoint_id>808103179</swisstopo:routepoint_id>
				</extensions>
			</trkpt>
			<trkpt lat="46.4666109301" lon="7.1321348543">
				<ele>922.2</ele>
				<extensions>
					<swisstopo:routepoint_id>1653560658</swisstopo:routepoint_id>
				</extensions>
			</trkpt>
			<trkpt lat="46.4666873392" lon="7.1322226002">
				<ele>919.9</ele>
				<extensions>
					<swisstopo:routepoint_id>1609018126</swisstopo:routepoint_id>
				</extensions>
			</trkpt>
			<trkpt lat="46.4667761801" lon="7.1323336983">
				<ele>917.0</ele>
				<extensions>
					<swisstopo:routepoint_id>1171520146</swisstopo:routepoint_id>
				</extensions>
			</trkpt>
			<trkpt lat="46.4668678684" lon="7.1324420345">
				<ele>913.8</ele>
				<extensions>
					<swisstopo:routepoint_id>649540721</swisstopo:routepoint_id>
				</extensions>
			</trkpt>
			<trkpt lat="46.4669252233" lon="7.1325299012">
				<ele>913.4</ele>
				<extensions>
					<swisstopo:routepoint_id>121167611</swisstopo:routepoint_id>
				</extensions>
			</trkpt>
			<trkpt lat="46.4669758528" lon="7.1325929916">
				<ele>913.8</ele>
				<extensions>
					<swisstopo:routepoint_id>1971547203</swisstopo:routepoint_id>
				</extensions>
			</trkpt>
			<trkpt lat="46.4670111830" lon="7.1326313699">
				<ele>913.6</ele>
				<extensions>
					<swisstopo:routepoint_id>1235811620</swisstopo:routepoint_id>
				</extensions>
			</trkpt>
			<trkpt lat="46.4670521678" lon="7.1326490533">
				<ele>912.7</ele>
				<extensions>
					<swisstopo:routepoint_id>1074134786</swisstopo:routepoint_id>
				</extensions>
			</trkpt>
			<trkpt lat="46.4671045751" lon="7.1326708109">
				<ele>912.1</ele>
				<extensions>
					<swisstopo:routepoint_id>402932711</swisstopo:routepoint_id>
				</extensions>
			</trkpt>
			<trkpt lat="46.4671503544" lon="7.1327008634">
				<ele>910.9</ele>
				<extensions>
					<swisstopo:routepoint_id>1637820451</swisstopo:routepoint_id>
				</extensions>
			</trkpt>
			<trkpt lat="46.4671875761" lon="7.1327337229">
				<ele>911.3</ele>
				<extensions>
					<swisstopo:routepoint_id>624269378</swisstopo:routepoint_id>
				</extensions>
			</trkpt>
			<trkpt lat="46.4672343980" lon="7.1327954558">
				<ele>910.2</ele>
				<extensions>
					<swisstopo:routepoint_id>919748412</swisstopo:routepoint_id>
				</extensions>
			</trkpt>
			<trkpt lat="46.4672841214" lon="7.1328778452">
				<ele>908.5</ele>
				<extensions>
					<swisstopo:routepoint_id>845018689</swisstopo:routepoint_id>
				</extensions>
			</trkpt>
			<trkpt lat="46.4673376058" lon="7.1329409363">
				<ele>906.7</ele>
				<extensions>
					<swisstopo:routepoint_id>1791046784</swisstopo:routepoint_id>
				</extensions>
			</trkpt>
			<trkpt lat="46.4673910813" lon="7.1330040116">
				<ele>905.0</ele>
				<extensions>
					<swisstopo:routepoint_id>892474376</swisstopo:routepoint_id>
				</extensions>
			</trkpt>
			<trkpt lat="46.4674492973" lon="7.1330560470">
				<ele>903.6</ele>
				<extensions>
					<swisstopo:routepoint_id>286776092</swisstopo:routepoint_id>
				</extensions>
			</trkpt>
			<trkpt lat="46.4675132173" lon="7.1331025327">
				<ele>902.7</ele>
				<extensions>
					<swisstopo:routepoint_id>1136687172</swisstopo:routepoint_id>
				</extensions>
			</trkpt>
			<trkpt lat="46.4675608955" lon="7.1331298257">
				<ele>902.0</ele>
				<extensions>
					<swisstopo:routepoint_id>24472307</swisstopo:routepoint_id>
				</extensions>
			</trkpt>
			<trkpt lat="46.4676066821" lon="7.1331626378">
				<ele>902.0</ele>
				<extensions>
					<swisstopo:routepoint_id>2111836389</swisstopo:routepoint_id>
				</extensions>
			</trkpt>
			<trkpt lat="46.4676458307" lon="7.1332065006">
				<ele>902.0</ele>
				<extensions>
					<swisstopo:routepoint_id>2125504541</swisstopo:routepoint_id>
				</extensions>
			</trkpt>
			<trkpt lat="46.4676764325" lon="7.1332573119">
				<ele>901.8</ele>
				<extensions>
					<swisstopo:routepoint_id>2100334040</swisstopo:routepoint_id>
				</extensions>
			</trkpt>
			<trkpt lat="46.4676985528" lon="7.1333426193">
				<ele>902.0</ele>
				<extensions>
					<swisstopo:routepoint_id>751431200</swisstopo:routepoint_id>
				</extensions>
			</trkpt>
			<trkpt lat="46.4677216119" lon="7.1334210211">
				<ele>901.9</ele>
				<extensions>
					<swisstopo:routepoint_id>1628513745</swisstopo:routepoint_id>
				</extensions>
			</trkpt>
			<trkpt lat="46.4677665162" lon="7.1334786401">
				<ele>902.3</ele>
				<extensions>
					<swisstopo:routepoint_id>299980522</swisstopo:routepoint_id>
				</extensions>
			</trkpt>
			<trkpt lat="46.4678181012" lon="7.1335444988">
				<ele>902.5</ele>
				<extensions>
					<swisstopo:routepoint_id>921901261</swisstopo:routepoint_id>
				</extensions>
			</trkpt>
			<trkpt lat="46.4678746059" lon="7.1336695581">
				<ele>902.7</ele>
				<extensions>
					<swisstopo:routepoint_id>829047171</swisstopo:routepoint_id>
				</extensions>
			</trkpt>
			<trkpt lat="46.4679004574" lon="7.1337245349">
				<ele>902.6</ele>
				<extensions>
					<swisstopo:routepoint_id>1839727411</swisstopo:routepoint_id>
				</extensions>
			</trkpt>
			<trkpt lat="46.4679149866" lon="7.1338195194">
				<ele>902.8</ele>
				<extensions>
					<swisstopo:routepoint_id>1553192328</swisstopo:routepoint_id>
				</extensions>
			</trkpt>
			<trkpt lat="46.4679230290" lon="7.1339765499">
				<ele>903.0</ele>
				<extensions>
					<swisstopo:routepoint_id>292437139</swisstopo:routepoint_id>
				</extensions>
			</trkpt>
			<trkpt lat="46.4679230314" lon="7.1339765497">
				<ele>903.0</ele>
				<extensions>
					<swisstopo:routepoint_id>1527545632</swisstopo:routepoint_id>
				</extensions>
			</trkpt>
			<trkpt lat="46.4679128286" lon="7.1340771937">
				<ele>903.0</ele>
				<extensions>
					<swisstopo:routepoint_id>2108603718</swisstopo:routepoint_id>
				</extensions>
			</trkpt>
			<trkpt lat="46.4678930907" lon="7.1341765116">
				<ele>903.1</ele>
				<extensions>
					<swisstopo:routepoint_id>2012936187</swisstopo:routepoint_id>
				</extensions>
			</trkpt>
			<trkpt lat="46.4678895149" lon="7.1342619634">
				<ele>903.5</ele>
				<extensions>
					<swisstopo:routepoint_id>1948660591</swisstopo:routepoint_id>
				</extensions>
			</trkpt>
			<trkpt lat="46.4679030854" lon="7.1343500655">
				<ele>903.6</ele>
				<extensions>
					<swisstopo:routepoint_id>1609674550</swisstopo:routepoint_id>
				</extensions>
			</trkpt>
			<trkpt lat="46.4679470867" lon="7.1344283636">
				<ele>903.4</ele>
				<extensions>
					<swisstopo:routepoint_id>1990035104</swisstopo:routepoint_id>
				</extensions>
			</trkpt>
			<trkpt lat="46.4679729436" lon="7.1344888365">
				<ele>903.4</ele>
				<extensions>
					<swisstopo:routepoint_id>711048316</swisstopo:routepoint_id>
				</extensions>
			</trkpt>
			<trkpt lat="46.4679732118" lon="7.1345894220">
				<ele>903.8</ele>
				<extensions>
					<swisstopo:routepoint_id>1427651921</swisstopo:routepoint_id>
				</extensions>
			</trkpt>
			<trkpt lat="46.4679782500" lon="7.1346899777">
				<ele>903.6</ele>
				<extensions>
					<swisstopo:routepoint_id>150857283</swisstopo:routepoint_id>
				</extensions>
			</trkpt>
			<trkpt lat="46.4679984592" lon="7.1347739174">
				<ele>903.7</ele>
				<extensions>
					<swisstopo:routepoint_id>491552356</swisstopo:routepoint_id>
				</extensions>
			</trkpt>
			<trkpt lat="46.4680406360" lon="7.1348797744">
				<ele>903.8</ele>
				<extensions>
					<swisstopo:routepoint_id>1497147465</swisstopo:routepoint_id>
				</extensions>
			</trkpt>
			<trkpt lat="46.4680942021" lon="7.1349773038">
				<ele>903.9</ele>
				<extensions>
					<swisstopo:routepoint_id>1532856011</swisstopo:routepoint_id>
				</extensions>
			</trkpt>
			<trkpt lat="46.4681458523" lon="7.1350679531">
				<ele>904.1</ele>
				<extensions>
					<swisstopo:routepoint_id>107292892</swisstopo:routepoint_id>
				</extensions>
			</trkpt>
			<trkpt lat="46.4681935777" lon="7.1351131653">
				<ele>904.4</ele>
				<extensions>
					<swisstopo:routepoint_id>257597092</swisstopo:routepoint_id>
				</extensions>
			</trkpt>
			<trkpt lat="46.4682727135" lon="7.1351568071">
				<ele>904.4</ele>
				<extensions>
					<swisstopo:routepoint_id>137243710</swisstopo:routepoint_id>
				</extensions>
			</trkpt>
			<trkpt lat="46.4683403720" lon="7.1351757235">
				<ele>904.4</ele>
				<extensions>
					<swisstopo:routepoint_id>1744750785</swisstopo:routepoint_id>
				</extensions>
			</trkpt>
			<trkpt lat="46.4683909399" lon="7.1352195375">
				<ele>904.5</ele>
				<extensions>
					<swisstopo:routepoint_id>845195549</swisstopo:routepoint_id>
				</extensions>
			</trkpt>
			<trkpt lat="46.4684368029" lon="7.1352812792">
				<ele>905.1</ele>
				<extensions>
					<swisstopo:routepoint_id>1471102780</swisstopo:routepoint_id>
				</extensions>
			</trkpt>
			<trkpt lat="46.4684707717" lon="7.1353366190">
				<ele>906.0</ele>
				<extensions>
					<swisstopo:routepoint_id>1880141934</swisstopo:routepoint_id>
				</extensions>
			</trkpt>
			<trkpt lat="46.4685289769" lon="7.1353056981">
				<ele>906.6</ele>
				<extensions>
					<swisstopo:routepoint_id>435818372</swisstopo:routepoint_id>
				</extensions>
			</trkpt>
			<trkpt lat="46.4686660850" lon="7.1352011832">
				<ele>908.0</ele>
				<extensions>
					<swisstopo:routepoint_id>106972073</swisstopo:routepoint_id>
				</extensions>
			</trkpt>
			<trkpt lat="46.4687146065" lon="7.1351626113">
				<ele>908.0</ele>
				<extensions>
					<swisstopo:routepoint_id>98647251</swisstopo:routepoint_id>
				</extensions>
			</trkpt>
			<trkpt lat="46.4688947977" lon="7.1350358376">
				<ele>907.2</ele>
				<extensions>
					<swisstopo:routepoint_id>1135526020</swisstopo:routepoint_id>
				</extensions>
			</trkpt>
			<trkpt lat="46.4688249572" lon="7.1348903058">
				<ele>907.2</ele>
				<extensions>
					<swisstopo:routepoint_id>173711299</swisstopo:routepoint_id>
				</extensions>
			</trkpt>
			<trkpt lat="46.4688242780" lon="7.1346848254">
				<ele>910.7</ele>
				<extensions>
					<swisstopo:routepoint_id>761282875</swisstopo:routepoint_id>
				</extensions>
			</trkpt>
			<trkpt lat="46.4688240632" lon="7.1346042121">
				<ele>911.4</ele>
				<extensions>
					<swisstopo:routepoint_id>991565085</swisstopo:routepoint_id>
				</extensions>
			</trkpt>
			<trkpt lat="46.4688294372" lon="7.1344781141">
				<ele>912.7</ele>
				<extensions>
					<swisstopo:routepoint_id>1470472623</swisstopo:routepoint_id>
				</extensions>
			</trkpt>
			<trkpt lat="46.4688391861" lon="7.1343850486">
				<ele>913.7</ele>
				<extensions>
					<swisstopo:routepoint_id>1139951930</swisstopo:routepoint_id>
				</extensions>
			</trkpt>
			<trkpt lat="46.4688560659" lon="7.1342878175">
				<ele>914.3</ele>
				<extensions>
					<swisstopo:routepoint_id>245392310</swisstopo:routepoint_id>
				</extensions>
			</trkpt>
			<trkpt lat="46.4688830442" lon="7.1342318543">
				<ele>914.9</ele>
				<extensions>
					<swisstopo:routepoint_id>240355931</swisstopo:routepoint_id>
				</extensions>
			</trkpt>
			<trkpt lat="46.4689257691" lon="7.1341840800">
				<ele>915.8</ele>
				<extensions>
					<swisstopo:routepoint_id>496796381</swisstopo:routepoint_id>
				</extensions>
			</trkpt>
			<trkpt lat="46.4689470429" lon="7.1341302307">
				<ele>916.2</ele>
				<extensions>
					<swisstopo:routepoint_id>1444888551</swisstopo:routepoint_id>
				</extensions>
			</trkpt>
			<trkpt lat="46.4689582478" lon="7.1340495501">
				<ele>917.1</ele>
				<extensions>
					<swisstopo:routepoint_id>1780732849</swisstopo:routepoint_id>
				</extensions>
			</trkpt>
			<trkpt lat="46.4689651523" lon="7.1339606419">
				<ele>918.0</ele>
				<extensions>
					<swisstopo:routepoint_id>2074247800</swisstopo:routepoint_id>
				</extensions>
			</trkpt>
			<trkpt lat="46.4689864039" lon="7.1338985250">
				<ele>918.5</ele>
				<extensions>
					<swisstopo:routepoint_id>388042756</swisstopo:routepoint_id>
				</extensions>
			</trkpt>
			<trkpt lat="46.4690148889" lon="7.1338673524">
				<ele>919.0</ele>
				<extensions>
					<swisstopo:routepoint_id>154373076</swisstopo:routepoint_id>
				</extensions>
			</trkpt>
			<trkpt lat="46.4690348940" lon="7.1338713820">
				<ele>919.4</ele>
				<extensions>
					<swisstopo:routepoint_id>2031602568</swisstopo:routepoint_id>
				</extensions>
			</trkpt>
			<trkpt lat="46.4690407145" lon="7.1339126868">
				<ele>919.7</ele>
				<extensions>
					<swisstopo:routepoint_id>913060169</swisstopo:routepoint_id>
				</extensions>
			</trkpt>
			<trkpt lat="46.4690380991" lon="7.1340057095">
				<ele>920.7</ele>
				<extensions>
					<swisstopo:routepoint_id>1139535445</swisstopo:routepoint_id>
				</extensions>
			</trkpt>
			<trkpt lat="46.4690285303" lon="7.1341628448">
				<ele>922.2</ele>
				<extensions>
					<swisstopo:routepoint_id>1958063839</swisstopo:routepoint_id>
				</extensions>
			</trkpt>
			<trkpt lat="46.4690374705" lon="7.1343033384">
				<ele>923.4</ele>
				<extensions>
					<swisstopo:routepoint_id>531780658</swisstopo:routepoint_id>
				</extensions>
			</trkpt>
			<trkpt lat="46.4690505375" lon="7.1343838675">
				<ele>924.1</ele>
				<extensions>
					<swisstopo:routepoint_id>394978505</swisstopo:routepoint_id>
				</extensions>
			</trkpt>
			<trkpt lat="46.4690621947" lon="7.1344726752">
				<ele>925.1</ele>
				<extensions>
					<swisstopo:routepoint_id>616529040</swisstopo:routepoint_id>
				</extensions>
			</trkpt>
			<trkpt lat="46.4690455659" lon="7.1346608442">
				<ele>926.6</ele>
				<extensions>
					<swisstopo:routepoint_id>1230620071</swisstopo:routepoint_id>
				</extensions>
			</trkpt>
			<trkpt lat="46.4690343738" lon="7.1347497921">
				<ele>927.6</ele>
				<extensions>
					<swisstopo:routepoint_id>1242156194</swisstopo:routepoint_id>
				</extensions>
			</trkpt>
			<trkpt lat="46.4690472951" lon="7.1347724531">
				<ele>927.9</ele>
				<extensions>
					<swisstopo:routepoint_id>211282955</swisstopo:routepoint_id>
				</extensions>
			</trkpt>
			<trkpt lat="46.4690643757" lon="7.1347537505">
				<ele>928.1</ele>
				<extensions>
					<swisstopo:routepoint_id>1225101713</swisstopo:routepoint_id>
				</extensions>
			</trkpt>
			<trkpt lat="46.4691397675" lon="7.1346417267">
				<ele>929.8</ele>
				<extensions>
					<swisstopo:routepoint_id>286795883</swisstopo:routepoint_id>
				</extensions>
			</trkpt>
			<trkpt lat="46.4691681447" lon="7.1345733591">
				<ele>930.6</ele>
				<extensions>
					<swisstopo:routepoint_id>1166841641</swisstopo:routepoint_id>
				</extensions>
			</trkpt>
			<trkpt lat="46.4692162956" lon="7.1344222094">
				<ele>932.2</ele>
				<extensions>
					<swisstopo:routepoint_id>158380382</swisstopo:routepoint_id>
				</extensions>
			</trkpt>
			<trkpt lat="46.4692530977" lon="7.1342979945">
				<ele>933.9</ele>
				<extensions>
					<swisstopo:routepoint_id>1655694144</swisstopo:routepoint_id>
				</extensions>
			</trkpt>
			<trkpt lat="46.4692614311" lon="7.1342111440">
				<ele>934.5</ele>
				<extensions>
					<swisstopo:routepoint_id>605743332</swisstopo:routepoint_id>
				</extensions>
			</trkpt>
			<trkpt lat="46.4692524301" lon="7.1340479042">
				<ele>936.4</ele>
				<extensions>
					<swisstopo:routepoint_id>1286456304</swisstopo:routepoint_id>
				</extensions>
			</trkpt>
			<trkpt lat="46.4692445814" lon="7.1337833948">
				<ele>939.0</ele>
				<extensions>
					<swisstopo:routepoint_id>1106464411</swisstopo:routepoint_id>
				</extensions>
			</trkpt>
			<trkpt lat="46.4692558801" lon="7.1337378682">
				<ele>939.6</ele>
				<extensions>
					<swisstopo:routepoint_id>1065821834</swisstopo:routepoint_id>
				</extensions>
			</trkpt>
			<trkpt lat="46.4692800892" lon="7.1337108577">
				<ele>940.1</ele>
				<extensions>
					<swisstopo:routepoint_id>995544173</swisstopo:routepoint_id>
				</extensions>
			</trkpt>
			<trkpt lat="46.4693628837" lon="7.1337000572">
				<ele>940.9</ele>
				<extensions>
					<swisstopo:routepoint_id>1269996758</swisstopo:routepoint_id>
				</extensions>
			</trkpt>
			<trkpt lat="46.4694628372" lon="7.1336932991">
				<ele>941.2</ele>
				<extensions>
					<swisstopo:routepoint_id>1825315279</swisstopo:routepoint_id>
				</extensions>
			</trkpt>
			<trkpt lat="46.4695670655" lon="7.1336885894">
				<ele>941.4</ele>
				<extensions>
					<swisstopo:routepoint_id>721388142</swisstopo:routepoint_id>
				</extensions>
			</trkpt>
			<trkpt lat="46.4696598604" lon="7.1336756635">
				<ele>940.9</ele>
				<extensions>
					<swisstopo:routepoint_id>1466112260</swisstopo:routepoint_id>
				</extensions>
			</trkpt>
			<trkpt lat="46.4697484070" lon="7.1336772368">
				<ele>940.3</ele>
				<extensions>
					<swisstopo:routepoint_id>1290212917</swisstopo:routepoint_id>
				</extensions>
			</trkpt>
			<trkpt lat="46.4698626499" lon="7.1336724551">
				<ele>939.6</ele>
				<extensions>
					<swisstopo:routepoint_id>1948106497</swisstopo:routepoint_id>
				</extensions>
			</trkpt>
			<trkpt lat="46.4699526252" lon="7.1336760929">
				<ele>939.0</ele>
				<extensions>
					<swisstopo:routepoint_id>1617979773</swisstopo:routepoint_id>
				</extensions>
			</trkpt>
			<trkpt lat="46.4699911979" lon="7.1336820720">
				<ele>938.8</ele>
				<extensions>
					<swisstopo:routepoint_id>614046344</swisstopo:routepoint_id>
				</extensions>
			</trkpt>
			<trkpt lat="46.4700426669" lon="7.1337045172">
				<ele>938.4</ele>
				<extensions>
					<swisstopo:routepoint_id>1387908694</swisstopo:routepoint_id>
				</extensions>
			</trkpt>
			<trkpt lat="46.4701782219" lon="7.1336603632">
				<ele>936.6</ele>
				<extensions>
					<swisstopo:routepoint_id>1241015594</swisstopo:routepoint_id>
				</extensions>
			</trkpt>
			<trkpt lat="46.4703294309" lon="7.1335995732">
				<ele>934.8</ele>
				<extensions>
					<swisstopo:routepoint_id>38533563</swisstopo:routepoint_id>
				</extensions>
			</trkpt>
			<trkpt lat="46.4704663726" lon="7.1335450613">
				<ele>933.5</ele>
				<extensions>
					<swisstopo:routepoint_id>1959914928</swisstopo:routepoint_id>
				</extensions>
			</trkpt>
			<trkpt lat="46.4705505383" lon="7.1335115189">
				<ele>932.8</ele>
				<extensions>
					<swisstopo:routepoint_id>759600328</swisstopo:routepoint_id>
				</extensions>
			</trkpt>
			<trkpt lat="46.4706032899" lon="7.1334781524">
				<ele>932.4</ele>
				<extensions>
					<swisstopo:routepoint_id>1614842502</swisstopo:routepoint_id>
				</extensions>
			</trkpt>
			<trkpt lat="46.4706574291" lon="7.1334282427">
				<ele>932.0</ele>
				<extensions>
					<swisstopo:routepoint_id>2144896492</swisstopo:routepoint_id>
				</extensions>
			</trkpt>
			<trkpt lat="46.4707015404" lon="7.1333701246">
				<ele>931.5</ele>
				<extensions>
					<swisstopo:routepoint_id>273306654</swisstopo:routepoint_id>
				</extensions>
			</trkpt>
			<trkpt lat="46.4707355993" lon="7.1332913982">
				<ele>930.7</ele>
				<extensions>
					<swisstopo:routepoint_id>1511828394</swisstopo:routepoint_id>
				</extensions>
			</trkpt>
			<trkpt lat="46.4707781325" lon="7.1331754115">
				<ele>929.3</ele>
				<extensions>
					<swisstopo:routepoint_id>1543078738</swisstopo:routepoint_id>
				</extensions>
			</trkpt>
			<trkpt lat="46.4708108789" lon="7.1331380182">
				<ele>928.8</ele>
				<extensions>
					<swisstopo:routepoint_id>1273990304</swisstopo:routepoint_id>
				</extensions>
			</trkpt>
			<trkpt lat="46.4708793873" lon="7.1331231676">
				<ele>928.0</ele>
				<extensions>
					<swisstopo:routepoint_id>2116382795</swisstopo:routepoint_id>
				</extensions>
			</trkpt>
			<trkpt lat="46.4709322019" lon="7.1331166727">
				<ele>927.4</ele>
				<extensions>
					<swisstopo:routepoint_id>501635610</swisstopo:routepoint_id>
				</extensions>
			</trkpt>
			<trkpt lat="46.4709735775" lon="7.1330999082">
				<ele>927.1</ele>
				<extensions>
					<swisstopo:routepoint_id>1274567205</swisstopo:routepoint_id>
				</extensions>
			</trkpt>
			<trkpt lat="46.4710263401" lon="7.1330706670">
				<ele>926.6</ele>
				<extensions>
					<swisstopo:routepoint_id>2116893922</swisstopo:routepoint_id>
				</extensions>
			</trkpt>
			<trkpt lat="46.4710576742" lon="7.1330603225">
				<ele>926.5</ele>
				<extensions>
					<swisstopo:routepoint_id>712589142</swisstopo:routepoint_id>
				</extensions>
			</trkpt>
			<trkpt lat="46.4711219313" lon="7.1330391318">
				<ele>926.4</ele>
				<extensions>
					<swisstopo:routepoint_id>348096510</swisstopo:routepoint_id>
				</extensions>
			</trkpt>
			<trkpt lat="46.4712060968" lon="7.1330055882">
				<ele>926.5</ele>
				<extensions>
					<swisstopo:routepoint_id>1043927500</swisstopo:routepoint_id>
				</extensions>
			</trkpt>
			<trkpt lat="46.4712125936" lon="7.1329057406">
				<ele>926.6</ele>
				<extensions>
					<swisstopo:routepoint_id>1171742070</swisstopo:routepoint_id>
				</extensions>
			</trkpt>
			<trkpt lat="46.4712291183" lon="7.1328403638">
				<ele>926.9</ele>
				<extensions>
					<swisstopo:routepoint_id>1366475984</swisstopo:routepoint_id>
				</extensions>
			</trkpt>
			<trkpt lat="46.4712561025" lon="7.1327868831">
				<ele>927.0</ele>
				<extensions>
					<swisstopo:routepoint_id>1090497526</swisstopo:routepoint_id>
				</extensions>
			</trkpt>
			<trkpt lat="46.4712872188" lon="7.1327509956">
				<ele>927.4</ele>
				<extensions>
					<swisstopo:routepoint_id>974207522</swisstopo:routepoint_id>
				</extensions>
			</trkpt>
			<trkpt lat="46.4714890629" lon="7.1325492751">
				<ele>929.9</ele>
				<extensions>
					<swisstopo:routepoint_id>561621041</swisstopo:routepoint_id>
				</extensions>
			</trkpt>
			<trkpt lat="46.4716927118" lon="7.1323393545">
				<ele>932.6</ele>
				<extensions>
					<swisstopo:routepoint_id>1413843528</swisstopo:routepoint_id>
				</extensions>
			</trkpt>
			<trkpt lat="46.4718579599" lon="7.1321875334">
				<ele>934.8</ele>
				<extensions>
					<swisstopo:routepoint_id>22572200</swisstopo:routepoint_id>
				</extensions>
			</trkpt>
			<trkpt lat="46.4719961718" lon="7.1320730771">
				<ele>936.9</ele>
				<extensions>
					<swisstopo:routepoint_id>1169892476</swisstopo:routepoint_id>
				</extensions>
			</trkpt>
			<trkpt lat="46.4722441304" lon="7.1318794485">
				<ele>940.3</ele>
				<extensions>
					<swisstopo:routepoint_id>1081797254</swisstopo:routepoint_id>
				</extensions>
			</trkpt>
			<trkpt lat="46.4724992142" lon="7.1316795826">
				<ele>942.3</ele>
				<extensions>
					<swisstopo:routepoint_id>439348520</swisstopo:routepoint_id>
				</extensions>
			</trkpt>
			<trkpt lat="46.4723862610" lon="7.1313770320">
				<ele>941.1</ele>
				<extensions>
					<swisstopo:routepoint_id>1029239015</swisstopo:routepoint_id>
				</extensions>
			</trkpt>
			<trkpt lat="46.4723553692" lon="7.1312938783">
				<ele>940.8</ele>
				<extensions>
					<swisstopo:routepoint_id>1240610934</swisstopo:routepoint_id>
				</extensions>
			</trkpt>
			<trkpt lat="46.4723930780" lon="7.1312596176">
				<ele>940.7</ele>
				<extensions>
					<swisstopo:routepoint_id>238498548</swisstopo:routepoint_id>
				</extensions>
			</trkpt>
			<trkpt lat="46.4724194821" lon="7.1312356404">
				<ele>941.3</ele>
				<extensions>
					<swisstopo:routepoint_id>867466233</swisstopo:routepoint_id>
				</extensions>
			</trkpt>
			<trkpt lat="46.4725120785" lon="7.1311524377">
				<ele>942.6</ele>
				<extensions>
					<swisstopo:routepoint_id>613107277</swisstopo:routepoint_id>
				</extensions>
			</trkpt>
			<trkpt lat="46.4726203180" lon="7.1310682371">
				<ele>944.1</ele>
				<extensions>
					<swisstopo:routepoint_id>1256813367</swisstopo:routepoint_id>
				</extensions>
			</trkpt>
			<trkpt lat="46.4727230063" lon="7.1309941570">
				<ele>945.6</ele>
				<extensions>
					<swisstopo:routepoint_id>62044766</swisstopo:routepoint_id>
				</extensions>
			</trkpt>
			<trkpt lat="46.4727628827" lon="7.1309525915">
				<ele>946.4</ele>
				<extensions>
					<swisstopo:routepoint_id>1216404258</swisstopo:routepoint_id>
				</extensions>
			</trkpt>
			<trkpt lat="46.4728226218" lon="7.1308654474">
				<ele>947.9</ele>
				<extensions>
					<swisstopo:routepoint_id>923233519</swisstopo:routepoint_id>
				</extensions>
			</trkpt>
			<trkpt lat="46.4728636815" lon="7.1307349865">
				<ele>950.1</ele>
				<extensions>
					<swisstopo:routepoint_id>894722659</swisstopo:routepoint_id>
				</extensions>
			</trkpt>
			<trkpt lat="46.4728819454" lon="7.1306212030">
				<ele>952.0</ele>
				<extensions>
					<swisstopo:routepoint_id>383117195</swisstopo:routepoint_id>
				</extensions>
			</trkpt>
			<trkpt lat="46.4728960084" lon="7.1305425849">
				<ele>953.3</ele>
				<extensions>
					<swisstopo:routepoint_id>1000997799</swisstopo:routepoint_id>
				</extensions>
			</trkpt>
			<trkpt lat="46.4729187738" lon="7.1305114406">
				<ele>953.7</ele>
				<extensions>
					<swisstopo:routepoint_id>356418926</swisstopo:routepoint_id>
				</extensions>
			</trkpt>
			<trkpt lat="46.4730328961" lon="7.1304653282">
				<ele>954.8</ele>
				<extensions>
					<swisstopo:routepoint_id>1865381697</swisstopo:routepoint_id>
				</extensions>
			</trkpt>
			<trkpt lat="46.4731299017" lon="7.1304275646">
				<ele>955.8</ele>
				<extensions>
					<swisstopo:routepoint_id>1610436234</swisstopo:routepoint_id>
				</extensions>
			</trkpt>
			<trkpt lat="46.4732582520" lon="7.1303606963">
				<ele>957.4</ele>
				<extensions>
					<swisstopo:routepoint_id>665410709</swisstopo:routepoint_id>
				</extensions>
			</trkpt>
			<trkpt lat="46.4733310047" lon="7.1303334232">
				<ele>957.8</ele>
				<extensions>
					<swisstopo:routepoint_id>105835775</swisstopo:routepoint_id>
				</extensions>
			</trkpt>
			<trkpt lat="46.4733695440" lon="7.1303269936">
				<ele>957.9</ele>
				<extensions>
					<swisstopo:routepoint_id>1995950966</swisstopo:routepoint_id>
				</extensions>
			</trkpt>
			<trkpt lat="46.4734538014" lon="7.1303244596">
				<ele>958.0</ele>
				<extensions>
					<swisstopo:routepoint_id>1975619719</swisstopo:routepoint_id>
				</extensions>
			</trkpt>
			<trkpt lat="46.4734751444" lon="7.1303359002">
				<ele>957.9</ele>
				<extensions>
					<swisstopo:routepoint_id>1288582181</swisstopo:routepoint_id>
				</extensions>
			</trkpt>
			<trkpt lat="46.4734954651" lon="7.1302974262">
				<ele>958.0</ele>
				<extensions>
					<swisstopo:routepoint_id>737327853</swisstopo:routepoint_id>
				</extensions>
			</trkpt>
			<trkpt lat="46.4736802717" lon="7.1301252114">
				<ele>957.7</ele>
				<extensions>
					<swisstopo:routepoint_id>321648936</swisstopo:routepoint_id>
				</extensions>
			</trkpt>
			<trkpt lat="46.4737579482" lon="7.1302587405">
				<ele>958.5</ele>
				<extensions>
					<swisstopo:routepoint_id>1358631241</swisstopo:routepoint_id>
				</extensions>
			</trkpt>
			<trkpt lat="46.4738670368" lon="7.1301119397">
				<ele>959.1</ele>
				<extensions>
					<swisstopo:routepoint_id>222533924</swisstopo:routepoint_id>
				</extensions>
			</trkpt>
			<trkpt lat="46.4739766707" lon="7.1299914372">
				<ele>960.1</ele>
				<extensions>
					<swisstopo:routepoint_id>962784067</swisstopo:routepoint_id>
				</extensions>
			</trkpt>
			<trkpt lat="46.4741332690" lon="7.1298127806">
				<ele>961.3</ele>
				<extensions>
					<swisstopo:routepoint_id>1487464742</swisstopo:routepoint_id>
				</extensions>
			</trkpt>
			<trkpt lat="46.4743127248" lon="7.1296340027">
				<ele>963.1</ele>
				<extensions>
					<swisstopo:routepoint_id>347887068</swisstopo:routepoint_id>
				</extensions>
			</trkpt>
			<trkpt lat="46.4743617565" lon="7.1295736976">
				<ele>963.8</ele>
				<extensions>
					<swisstopo:routepoint_id>240106483</swisstopo:routepoint_id>
				</extensions>
			</trkpt>
			<trkpt lat="46.4743782785" lon="7.1295533829">
				<ele>964.1</ele>
				<extensions>
					<swisstopo:routepoint_id>1925555939</swisstopo:routepoint_id>
				</extensions>
			</trkpt>
			<trkpt lat="46.4743679285" lon="7.1294232219">
				<ele>963.7</ele>
				<extensions>
					<swisstopo:routepoint_id>1190704955</swisstopo:routepoint_id>
				</extensions>
			</trkpt>
			<trkpt lat="46.4743576874" lon="7.1293364711">
				<ele>963.5</ele>
				<extensions>
					<swisstopo:routepoint_id>1565419936</swisstopo:routepoint_id>
				</extensions>
			</trkpt>
			<trkpt lat="46.4743524338" lon="7.1292424411">
				<ele>963.2</ele>
				<extensions>
					<swisstopo:routepoint_id>362841167</swisstopo:routepoint_id>
				</extensions>
			</trkpt>
			<trkpt lat="46.4743538369" lon="7.1291411444">
				<ele>963.0</ele>
				<extensions>
					<swisstopo:routepoint_id>512136449</swisstopo:routepoint_id>
				</extensions>
			</trkpt>
			<trkpt lat="46.4743683023" lon="7.1289457389">
				<ele>962.5</ele>
				<extensions>
					<swisstopo:routepoint_id>1595789576</swisstopo:routepoint_id>
				</extensions>
			</trkpt>
			<trkpt lat="46.4744083107" lon="7.1285552936">
				<ele>961.2</ele>
				<extensions>
					<swisstopo:routepoint_id>2081008774</swisstopo:routepoint_id>
				</extensions>
			</trkpt>
			<trkpt lat="46.4744081852" lon="7.1285091210">
				<ele>961.0</ele>
				<extensions>
					<swisstopo:routepoint_id>566542275</swisstopo:routepoint_id>
				</extensions>
			</trkpt>
			<trkpt lat="46.4744000008" lon="7.1284747149">
				<ele>960.8</ele>
				<extensions>
					<swisstopo:routepoint_id>1959946344</swisstopo:routepoint_id>
				</extensions>
			</trkpt>
			<trkpt lat="46.4743875525" lon="7.1284520536">
				<ele>960.6</ele>
				<extensions>
					<swisstopo:routepoint_id>1209489657</swisstopo:routepoint_id>
				</extensions>
			</trkpt>
			<trkpt lat="46.4744200102" lon="7.1282412707">
				<ele>960.3</ele>
				<extensions>
					<swisstopo:routepoint_id>1595958841</swisstopo:routepoint_id>
				</extensions>
			</trkpt>
			<trkpt lat="46.4744374279" lon="7.1281660669">
				<ele>960.3</ele>
				<extensions>
					<swisstopo:routepoint_id>627844536</swisstopo:routepoint_id>
				</extensions>
			</trkpt>
			<trkpt lat="46.4744608455" lon="7.1280553367">
				<ele>960.2</ele>
				<extensions>
					<swisstopo:routepoint_id>2026264266</swisstopo:routepoint_id>
				</extensions>
			</trkpt>
			<trkpt lat="46.4744852995" lon="7.1278574512">
				<ele>960.0</ele>
				<extensions>
					<swisstopo:routepoint_id>1742691036</swisstopo:routepoint_id>
				</extensions>
			</trkpt>
			<trkpt lat="46.4745132445" lon="7.1277222523">
				<ele>960.0</ele>
				<extensions>
					<swisstopo:routepoint_id>1105341598</swisstopo:routepoint_id>
				</extensions>
			</trkpt>
			<trkpt lat="46.4745230400" lon="7.1276450224">
				<ele>960.0</ele>
				<extensions>
					<swisstopo:routepoint_id>1732031069</swisstopo:routepoint_id>
				</extensions>
			</trkpt>
			<trkpt lat="46.4745277798" lon="7.1275533574">
				<ele>959.9</ele>
				<extensions>
					<swisstopo:routepoint_id>1830198150</swisstopo:routepoint_id>
				</extensions>
			</trkpt>
			<trkpt lat="46.4745261263" lon="7.1274689132">
				<ele>959.7</ele>
				<extensions>
					<swisstopo:routepoint_id>1326011067</swisstopo:routepoint_id>
				</extensions>
			</trkpt>
			<trkpt lat="46.4745038364" lon="7.1273262289">
				<ele>958.9</ele>
				<extensions>
					<swisstopo:routepoint_id>1560444833</swisstopo:routepoint_id>
				</extensions>
			</trkpt>
			<trkpt lat="46.4744601872" lon="7.1271631219">
				<ele>957.9</ele>
				<extensions>
					<swisstopo:routepoint_id>1606968215</swisstopo:routepoint_id>
				</extensions>
			</trkpt>
			<trkpt lat="46.4744224005" lon="7.1270595874">
				<ele>957.0</ele>
				<extensions>
					<swisstopo:routepoint_id>1035952692</swisstopo:routepoint_id>
				</extensions>
			</trkpt>
			<trkpt lat="46.4744152857" lon="7.1270400857">
				<ele>956.8</ele>
				<extensions>
					<swisstopo:routepoint_id>1100553298</swisstopo:routepoint_id>
				</extensions>
			</trkpt>
			<trkpt lat="46.4743783253" lon="7.1269683973">
				<ele>956.1</ele>
				<extensions>
					<swisstopo:routepoint_id>1890213967</swisstopo:routepoint_id>
				</extensions>
			</trkpt>
			<trkpt lat="46.4743376126" lon="7.1269059747">
				<ele>955.5</ele>
				<extensions>
					<swisstopo:routepoint_id>1559328444</swisstopo:routepoint_id>
				</extensions>
			</trkpt>
			<trkpt lat="46.4742832177" lon="7.1268426260">
				<ele>955.5</ele>
				<extensions>
					<swisstopo:routepoint_id>2136587933</swisstopo:routepoint_id>
				</extensions>
			</trkpt>
			<trkpt lat="46.4742470891" lon="7.1267822213">
				<ele>955.5</ele>
				<extensions>
					<swisstopo:routepoint_id>38075756</swisstopo:routepoint_id>
				</extensions>
			</trkpt>
			<trkpt lat="46.4741804043" lon="7.1267004581">
				<ele>955.6</ele>
				<extensions>
					<swisstopo:routepoint_id>238171452</swisstopo:routepoint_id>
				</extensions>
			</trkpt>
			<trkpt lat="46.4741800652" lon="7.1266810721">
				<ele>955.6</ele>
				<extensions>
					<swisstopo:routepoint_id>1615194797</swisstopo:routepoint_id>
				</extensions>
			</trkpt>
			<trkpt lat="46.4741792037" lon="7.1266326405">
				<ele>955.8</ele>
				<extensions>
					<swisstopo:routepoint_id>1315009782</swisstopo:routepoint_id>
				</extensions>
			</trkpt>
			<trkpt lat="46.4741710493" lon="7.1265484154">
				<ele>955.9</ele>
				<extensions>
					<swisstopo:routepoint_id>1893293283</swisstopo:routepoint_id>
				</extensions>
			</trkpt>
			<trkpt lat="46.4741519916" lon="7.1264252195">
				<ele>956.4</ele>
				<extensions>
					<swisstopo:routepoint_id>1011692826</swisstopo:routepoint_id>
				</extensions>
			</trkpt>
			<trkpt lat="46.4741324727" lon="7.1263228860">
				<ele>956.6</ele>
				<extensions>
					<swisstopo:routepoint_id>1465490667</swisstopo:routepoint_id>
				</extensions>
			</trkpt>
			<trkpt lat="46.4741227929" lon="7.1262847920">
				<ele>956.7</ele>
				<extensions>
					<swisstopo:routepoint_id>2070140302</swisstopo:routepoint_id>
				</extensions>
			</trkpt>
			<trkpt lat="46.4740858239" lon="7.1261716584">
				<ele>956.9</ele>
				<extensions>
					<swisstopo:routepoint_id>925967552</swisstopo:routepoint_id>
				</extensions>
			</trkpt>
			<trkpt lat="46.4740522855" lon="7.1260922681">
				<ele>957.1</ele>
				<extensions>
					<swisstopo:routepoint_id>1973256139</swisstopo:routepoint_id>
				</extensions>
			</trkpt>
			<trkpt lat="46.4740120485" lon="7.1259984525">
				<ele>957.4</ele>
				<extensions>
					<swisstopo:routepoint_id>628761397</swisstopo:routepoint_id>
				</extensions>
			</trkpt>
			<trkpt lat="46.4739434059" lon="7.1258806854">
				<ele>957.7</ele>
				<extensions>
					<swisstopo:routepoint_id>2053863325</swisstopo:routepoint_id>
				</extensions>
			</trkpt>
			<trkpt lat="46.4739030467" lon="7.1258158143">
				<ele>957.9</ele>
				<extensions>
					<swisstopo:routepoint_id>1869060342</swisstopo:routepoint_id>
				</extensions>
			</trkpt>
			<trkpt lat="46.4738028438" lon="7.1256548156">
				<ele>958.6</ele>
				<extensions>
					<swisstopo:routepoint_id>138489549</swisstopo:routepoint_id>
				</extensions>
			</trkpt>
			<trkpt lat="46.4736137378" lon="7.1253496218">
				<ele>960.0</ele>
				<extensions>
					<swisstopo:routepoint_id>277914882</swisstopo:routepoint_id>
				</extensions>
			</trkpt>
			<trkpt lat="46.4735758116" lon="7.1252944902">
				<ele>960.4</ele>
				<extensions>
					<swisstopo:routepoint_id>668142435</swisstopo:routepoint_id>
				</extensions>
			</trkpt>
			<trkpt lat="46.4735417225" lon="7.1252355219">
				<ele>960.4</ele>
				<extensions>
					<swisstopo:routepoint_id>668804519</swisstopo:routepoint_id>
				</extensions>
			</trkpt>
			<trkpt lat="46.4735288353" lon="7.1251972117">
				<ele>960.6</ele>
				<extensions>
					<swisstopo:routepoint_id>1774809107</swisstopo:routepoint_id>
				</extensions>
			</trkpt>
			<trkpt lat="46.4735245325" lon="7.1251594910">
				<ele>960.9</ele>
				<extensions>
					<swisstopo:routepoint_id>67953152</swisstopo:routepoint_id>
				</extensions>
			</trkpt>
			<trkpt lat="46.4735244208" lon="7.1251252715">
				<ele>961.2</ele>
				<extensions>
					<swisstopo:routepoint_id>1357593961</swisstopo:routepoint_id>
				</extensions>
			</trkpt>
			<trkpt lat="46.4735286980" lon="7.1250865382">
				<ele>961.3</ele>
				<extensions>
					<swisstopo:routepoint_id>759947810</swisstopo:routepoint_id>
				</extensions>
			</trkpt>
			<trkpt lat="46.4735362343" lon="7.1250509745">
				<ele>961.3</ele>
				<extensions>
					<swisstopo:routepoint_id>946461077</swisstopo:routepoint_id>
				</extensions>
			</trkpt>
			<trkpt lat="46.4735458561" lon="7.1250134851">
				<ele>961.3</ele>
				<extensions>
					<swisstopo:routepoint_id>1243033699</swisstopo:routepoint_id>
				</extensions>
			</trkpt>
			<trkpt lat="46.4735742857" lon="7.1249374902">
				<ele>962.0</ele>
				<extensions>
					<swisstopo:routepoint_id>485995320</swisstopo:routepoint_id>
				</extensions>
			</trkpt>
			<trkpt lat="46.4736024218" lon="7.1248698031">
				<ele>962.5</ele>
				<extensions>
					<swisstopo:routepoint_id>1711167192</swisstopo:routepoint_id>
				</extensions>
			</trkpt>
			<trkpt lat="46.4736173111" lon="7.1248311230">
				<ele>962.8</ele>
				<extensions>
					<swisstopo:routepoint_id>435680545</swisstopo:routepoint_id>
				</extensions>
			</trkpt>
			<trkpt lat="46.4736255074" lon="7.1247828622">
				<ele>963.3</ele>
				<extensions>
					<swisstopo:routepoint_id>766664935</swisstopo:routepoint_id>
				</extensions>
			</trkpt>
			<trkpt lat="46.4736295177" lon="7.1247273716">
				<ele>963.6</ele>
				<extensions>
					<swisstopo:routepoint_id>1018653317</swisstopo:routepoint_id>
				</extensions>
			</trkpt>
			<trkpt lat="46.4736277445" lon="7.1246863811">
				<ele>963.7</ele>
				<extensions>
					<swisstopo:routepoint_id>634709938</swisstopo:routepoint_id>
				</extensions>
			</trkpt>
			<trkpt lat="46.4736226044" lon="7.1246381813">
				<ele>963.8</ele>
				<extensions>
					<swisstopo:routepoint_id>1400431694</swisstopo:routepoint_id>
				</extensions>
			</trkpt>
			<trkpt lat="46.4736124482" lon="7.1245803629">
				<ele>963.7</ele>
				<extensions>
					<swisstopo:routepoint_id>1388594349</swisstopo:routepoint_id>
				</extensions>
			</trkpt>
			<trkpt lat="46.4735989956" lon="7.1245346239">
				<ele>963.6</ele>
				<extensions>
					<swisstopo:routepoint_id>1931757385</swisstopo:routepoint_id>
				</extensions>
			</trkpt>
			<trkpt lat="46.4735721945" lon="7.1244841270">
				<ele>963.3</ele>
				<extensions>
					<swisstopo:routepoint_id>1397442311</swisstopo:routepoint_id>
				</extensions>
			</trkpt>
			<trkpt lat="46.4735404059" lon="7.1244312779">
				<ele>963.0</ele>
				<extensions>
					<swisstopo:routepoint_id>95913023</swisstopo:routepoint_id>
				</extensions>
			</trkpt>
			<trkpt lat="46.4734918885" lon="7.1243616109">
				<ele>962.6</ele>
				<extensions>
					<swisstopo:routepoint_id>437884356</swisstopo:routepoint_id>
				</extensions>
			</trkpt>
			<trkpt lat="46.4734099732" lon="7.1242608128">
				<ele>962.1</ele>
				<extensions>
					<swisstopo:routepoint_id>2094739382</swisstopo:routepoint_id>
				</extensions>
			</trkpt>
			<trkpt lat="46.4732746124" lon="7.1241096565">
				<ele>961.1</ele>
				<extensions>
					<swisstopo:routepoint_id>435575594</swisstopo:routepoint_id>
				</extensions>
			</trkpt>
			<trkpt lat="46.4730725021" lon="7.1239227344">
				<ele>959.7</ele>
				<extensions>
					<swisstopo:routepoint_id>1942816947</swisstopo:routepoint_id>
				</extensions>
			</trkpt>
			<trkpt lat="46.4728795740" lon="7.1237429954">
				<ele>958.1</ele>
				<extensions>
					<swisstopo:routepoint_id>234323814</swisstopo:routepoint_id>
				</extensions>
			</trkpt>
			<trkpt lat="46.4727531497" lon="7.1236336548">
				<ele>957.1</ele>
				<extensions>
					<swisstopo:routepoint_id>881393260</swisstopo:routepoint_id>
				</extensions>
			</trkpt>
			<trkpt lat="46.4725388744" lon="7.1234483389">
				<ele>955.6</ele>
				<extensions>
					<swisstopo:routepoint_id>28801405</swisstopo:routepoint_id>
				</extensions>
			</trkpt>
			<trkpt lat="46.4723267793" lon="7.1232663080">
				<ele>954.6</ele>
				<extensions>
					<swisstopo:routepoint_id>1470032020</swisstopo:routepoint_id>
				</extensions>
			</trkpt>
			<trkpt lat="46.4722216042" lon="7.1231921561">
				<ele>954.2</ele>
				<extensions>
					<swisstopo:routepoint_id>2067712882</swisstopo:routepoint_id>
				</extensions>
			</trkpt>
			<trkpt lat="46.4720964659" lon="7.1231229615">
				<ele>954.0</ele>
				<extensions>
					<swisstopo:routepoint_id>2062126424</swisstopo:routepoint_id>
				</extensions>
			</trkpt>
			<trkpt lat="46.4720347523" lon="7.1230943768">
				<ele>954.0</ele>
				<extensions>
					<swisstopo:routepoint_id>1973068193</swisstopo:routepoint_id>
				</extensions>
			</trkpt>
			<trkpt lat="46.4719847186" lon="7.1230802003">
				<ele>954.1</ele>
				<extensions>
					<swisstopo:routepoint_id>1205146150</swisstopo:routepoint_id>
				</extensions>
			</trkpt>
			<trkpt lat="46.4719191500" lon="7.1230736285">
				<ele>954.0</ele>
				<extensions>
					<swisstopo:routepoint_id>2002916125</swisstopo:routepoint_id>
				</extensions>
			</trkpt>
			<trkpt lat="46.4718963646" lon="7.1229832588">
				<ele>954.5</ele>
				<extensions>
					<swisstopo:routepoint_id>881115170</swisstopo:routepoint_id>
				</extensions>
			</trkpt>
			<trkpt lat="46.4718476394" lon="7.1228610455">
				<ele>955.4</ele>
				<extensions>
					<swisstopo:routepoint_id>1778399388</swisstopo:routepoint_id>
				</extensions>
			</trkpt>
			<trkpt lat="46.4718375673" lon="7.1228262237">
				<ele>955.7</ele>
				<extensions>
					<swisstopo:routepoint_id>1468347295</swisstopo:routepoint_id>
				</extensions>
			</trkpt>
			<trkpt lat="46.4718133140" lon="7.1228472741">
				<ele>955.8</ele>
				<extensions>
					<swisstopo:routepoint_id>1229648568</swisstopo:routepoint_id>
				</extensions>
			</trkpt>
			<trkpt lat="46.4717733127" lon="7.1228426904">
				<ele>955.9</ele>
				<extensions>
					<swisstopo:routepoint_id>1497191381</swisstopo:routepoint_id>
				</extensions>
			</trkpt>
			<trkpt lat="46.4715532350" lon="7.1227885017">
				<ele>956.3</ele>
				<extensions>
					<swisstopo:routepoint_id>1464241822</swisstopo:routepoint_id>
				</extensions>
			</trkpt>
			<trkpt lat="46.4714690474" lon="7.1227721144">
				<ele>956.1</ele>
				<extensions>
					<swisstopo:routepoint_id>455215148</swisstopo:routepoint_id>
				</extensions>
			</trkpt>
			<trkpt lat="46.4714190022" lon="7.1227507006">
				<ele>956.1</ele>
				<extensions>
					<swisstopo:routepoint_id>2125661520</swisstopo:routepoint_id>
				</extensions>
			</trkpt>
			<trkpt lat="46.4713756202" lon="7.1227244324">
				<ele>956.1</ele>
				<extensions>
					<swisstopo:routepoint_id>1760840740</swisstopo:routepoint_id>
				</extensions>
			</trkpt>
			<trkpt lat="46.4713438665" lon="7.1226908429">
				<ele>956.2</ele>
				<extensions>
					<swisstopo:routepoint_id>1944429077</swisstopo:routepoint_id>
				</extensions>
			</trkpt>
			<trkpt lat="46.4713137641" lon="7.1226476093">
				<ele>956.3</ele>
				<extensions>
					<swisstopo:routepoint_id>917399270</swisstopo:routepoint_id>
				</extensions>
			</trkpt>
			<trkpt lat="46.4712835126" lon="7.1225537556">
				<ele>956.7</ele>
				<extensions>
					<swisstopo:routepoint_id>440488697</swisstopo:routepoint_id>
				</extensions>
			</trkpt>
			<trkpt lat="46.4712365182" lon="7.1224286320">
				<ele>957.1</ele>
				<extensions>
					<swisstopo:routepoint_id>607587626</swisstopo:routepoint_id>
				</extensions>
			</trkpt>
			<trkpt lat="46.4712029972" lon="7.1223564732">
				<ele>957.0</ele>
				<extensions>
					<swisstopo:routepoint_id>1241224712</swisstopo:routepoint_id>
				</extensions>
			</trkpt>
			<trkpt lat="46.4711126251" lon="7.1222099138">
				<ele>956.8</ele>
				<extensions>
					<swisstopo:routepoint_id>21539744</swisstopo:routepoint_id>
				</extensions>
			</trkpt>
			<trkpt lat="46.4709888210" lon="7.1220297726">
				<ele>957.1</ele>
				<extensions>
					<swisstopo:routepoint_id>1997862548</swisstopo:routepoint_id>
				</extensions>
			</trkpt>
			<trkpt lat="46.4708649137" lon="7.1218062407">
				<ele>957.9</ele>
				<extensions>
					<swisstopo:routepoint_id>491662251</swisstopo:routepoint_id>
				</extensions>
			</trkpt>
			<trkpt lat="46.4708314212" lon="7.1217413236">
				<ele>958.1</ele>
				<extensions>
					<swisstopo:routepoint_id>2029067173</swisstopo:routepoint_id>
				</extensions>
			</trkpt>
			<trkpt lat="46.4708061586" lon="7.1216474264">
				<ele>958.5</ele>
				<extensions>
					<swisstopo:routepoint_id>575227760</swisstopo:routepoint_id>
				</extensions>
			</trkpt>
			<trkpt lat="46.4707604903" lon="7.1213993268">
				<ele>959.8</ele>
				<extensions>
					<swisstopo:routepoint_id>586513070</swisstopo:routepoint_id>
				</extensions>
			</trkpt>
			<trkpt lat="46.4707095545" lon="7.1210547936">
				<ele>961.8</ele>
				<extensions>
					<swisstopo:routepoint_id>1503158454</swisstopo:routepoint_id>
				</extensions>
			</trkpt>
			<trkpt lat="46.4706804735" lon="7.1207824719">
				<ele>962.9</ele>
				<extensions>
					<swisstopo:routepoint_id>249630435</swisstopo:routepoint_id>
				</extensions>
			</trkpt>
			<trkpt lat="46.4706562854" lon="7.1204787820">
				<ele>963.9</ele>
				<extensions>
					<swisstopo:routepoint_id>2038635760</swisstopo:routepoint_id>
				</extensions>
			</trkpt>
			<trkpt lat="46.4706340164" lon="7.1202570683">
				<ele>964.3</ele>
				<extensions>
					<swisstopo:routepoint_id>1274658655</swisstopo:routepoint_id>
				</extensions>
			</trkpt>
			<trkpt lat="46.4705682010" lon="7.1202526217">
				<ele>963.5</ele>
				<extensions>
					<swisstopo:routepoint_id>1123840860</swisstopo:routepoint_id>
				</extensions>
			</trkpt>
			<trkpt lat="46.4704999047" lon="7.1202578527">
				<ele>962.5</ele>
				<extensions>
					<swisstopo:routepoint_id>1514945556</swisstopo:routepoint_id>
				</extensions>
			</trkpt>
			<trkpt lat="46.4704216450" lon="7.1202751843">
				<ele>961.3</ele>
				<extensions>
					<swisstopo:routepoint_id>1164870344</swisstopo:routepoint_id>
				</extensions>
			</trkpt>
			<trkpt lat="46.4703517198" lon="7.1202948877">
				<ele>960.3</ele>
				<extensions>
					<swisstopo:routepoint_id>1162677371</swisstopo:routepoint_id>
				</extensions>
			</trkpt>
			<trkpt lat="46.4703034376" lon="7.1203072267">
				<ele>959.7</ele>
				<extensions>
					<swisstopo:routepoint_id>514100636</swisstopo:routepoint_id>
				</extensions>
			</trkpt>
			<trkpt lat="46.4702618095" lon="7.1203146952">
				<ele>959.2</ele>
				<extensions>
					<swisstopo:routepoint_id>1429301254</swisstopo:routepoint_id>
				</extensions>
			</trkpt>
			<trkpt lat="46.4702401397" lon="7.1203124141">
				<ele>959.0</ele>
				<extensions>
					<swisstopo:routepoint_id>2105147997</swisstopo:routepoint_id>
				</extensions>
			</trkpt>
			<trkpt lat="46.4702167826" lon="7.1203004941">
				<ele>958.7</ele>
				<extensions>
					<swisstopo:routepoint_id>982062056</swisstopo:routepoint_id>
				</extensions>
			</trkpt>
			<trkpt lat="46.4701833748" lon="7.1202693386">
				<ele>958.3</ele>
				<extensions>
					<swisstopo:routepoint_id>1445045197</swisstopo:routepoint_id>
				</extensions>
			</trkpt>
			<trkpt lat="46.4700178224" lon="7.1200484639">
				<ele>956.4</ele>
				<extensions>
					<swisstopo:routepoint_id>836233595</swisstopo:routepoint_id>
				</extensions>
			</trkpt>
			<trkpt lat="46.4699861084" lon="7.1200293680">
				<ele>956.0</ele>
				<extensions>
					<swisstopo:routepoint_id>1515950629</swisstopo:routepoint_id>
				</extensions>
			</trkpt>
			<trkpt lat="46.4699527612" lon="7.1200199161">
				<ele>955.5</ele>
				<extensions>
					<swisstopo:routepoint_id>1249072922</swisstopo:routepoint_id>
				</extensions>
			</trkpt>
			<trkpt lat="46.4699027492" lon="7.1200105600">
				<ele>954.7</ele>
				<extensions>
					<swisstopo:routepoint_id>75332715</swisstopo:routepoint_id>
				</extensions>
			</trkpt>
			<trkpt lat="46.4696994166" lon="7.1199828090">
				<ele>951.8</ele>
				<extensions>
					<swisstopo:routepoint_id>489759038</swisstopo:routepoint_id>
				</extensions>
			</trkpt>
			<trkpt lat="46.4695427356" lon="7.1199596260">
				<ele>949.9</ele>
				<extensions>
					<swisstopo:routepoint_id>1119066552</swisstopo:routepoint_id>
				</extensions>
			</trkpt>
			<trkpt lat="46.4694710357" lon="7.1199383297">
				<ele>948.9</ele>
				<extensions>
					<swisstopo:routepoint_id>1169702170</swisstopo:routepoint_id>
				</extensions>
			</trkpt>
			<trkpt lat="46.4694359631" lon="7.1199096050">
				<ele>948.5</ele>
				<extensions>
					<swisstopo:routepoint_id>1697663916</swisstopo:routepoint_id>
				</extensions>
			</trkpt>
			<trkpt lat="46.4694257100" lon="7.1199366815">
				<ele>947.8</ele>
				<extensions>
					<swisstopo:routepoint_id>1171269874</swisstopo:routepoint_id>
				</extensions>
			</trkpt>
			<trkpt lat="46.4694057176" lon="7.1199468238">
				<ele>947.2</ele>
				<extensions>
					<swisstopo:routepoint_id>1793621659</swisstopo:routepoint_id>
				</extensions>
			</trkpt>
			<trkpt lat="46.4693301519" lon="7.1199473569">
				<ele>946.5</ele>
				<extensions>
					<swisstopo:routepoint_id>1588966072</swisstopo:routepoint_id>
				</extensions>
			</trkpt>
			<trkpt lat="46.4692008538" lon="7.1199432570">
				<ele>945.6</ele>
				<extensions>
					<swisstopo:routepoint_id>919422491</swisstopo:routepoint_id>
				</extensions>
			</trkpt>
			<trkpt lat="46.4690542864" lon="7.1199455215">
				<ele>943.9</ele>
				<extensions>
					<swisstopo:routepoint_id>2050814063</swisstopo:routepoint_id>
				</extensions>
			</trkpt>
			<trkpt lat="46.4688540294" lon="7.1199569273">
				<ele>940.5</ele>
				<extensions>
					<swisstopo:routepoint_id>1165924413</swisstopo:routepoint_id>
				</extensions>
			</trkpt>
			<trkpt lat="46.4688340158" lon="7.1199608198">
				<ele>940.1</ele>
				<extensions>
					<swisstopo:routepoint_id>1056881250</swisstopo:routepoint_id>
				</extensions>
			</trkpt>
			<trkpt lat="46.4687758167" lon="7.1199812236">
				<ele>939.4</ele>
				<extensions>
					<swisstopo:routepoint_id>1146954846</swisstopo:routepoint_id>
				</extensions>
			</trkpt>
			<trkpt lat="46.4686010725" lon="7.1199962035">
				<ele>938.0</ele>
				<extensions>
					<swisstopo:routepoint_id>738597158</swisstopo:routepoint_id>
				</extensions>
			</trkpt>
			<trkpt lat="46.4684491439" lon="7.1200057115">
				<ele>936.4</ele>
				<extensions>
					<swisstopo:routepoint_id>957320526</swisstopo:routepoint_id>
				</extensions>
			</trkpt>
			<trkpt lat="46.4684003189" lon="7.1200134438">
				<ele>936.2</ele>
				<extensions>
					<swisstopo:routepoint_id>1779809427</swisstopo:routepoint_id>
				</extensions>
			</trkpt>
			<trkpt lat="46.4683763223" lon="7.1200148215">
				<ele>936.0</ele>
				<extensions>
					<swisstopo:routepoint_id>457533841</swisstopo:routepoint_id>
				</extensions>
			</trkpt>
			<trkpt lat="46.4683234165" lon="7.1200043900">
				<ele>935.1</ele>
				<extensions>
					<swisstopo:routepoint_id>1799328985</swisstopo:routepoint_id>
				</extensions>
			</trkpt>
			<trkpt lat="46.4682832486" lon="7.1199746549">
				<ele>934.1</ele>
				<extensions>
					<swisstopo:routepoint_id>1799792140</swisstopo:routepoint_id>
				</extensions>
			</trkpt>
			<trkpt lat="46.4682430368" lon="7.1199324219">
				<ele>933.6</ele>
				<extensions>
					<swisstopo:routepoint_id>552981587</swisstopo:routepoint_id>
				</extensions>
			</trkpt>
			<trkpt lat="46.4681991044" lon="7.1198689625">
				<ele>933.1</ele>
				<extensions>
					<swisstopo:routepoint_id>1395699224</swisstopo:routepoint_id>
				</extensions>
			</trkpt>
			<trkpt lat="46.4680838378" lon="7.1197159721">
				<ele>931.4</ele>
				<extensions>
					<swisstopo:routepoint_id>694657988</swisstopo:routepoint_id>
				</extensions>
			</trkpt>
			<trkpt lat="46.4678285887" lon="7.1193764049">
				<ele>928.1</ele>
				<extensions>
					<swisstopo:routepoint_id>957573458</swisstopo:routepoint_id>
				</extensions>
			</trkpt>
			<trkpt lat="46.4676804873" lon="7.1192073870">
				<ele>926.2</ele>
				<extensions>
					<swisstopo:routepoint_id>1992551768</swisstopo:routepoint_id>
				</extensions>
			</trkpt>
			<trkpt lat="46.4675995529" lon="7.1191752752">
				<ele>925.2</ele>
				<extensions>
					<swisstopo:routepoint_id>655211591</swisstopo:routepoint_id>
				</extensions>
			</trkpt>
			<trkpt lat="46.4676101495" lon="7.1190884022">
				<ele>925.1</ele>
				<extensions>
					<swisstopo:routepoint_id>475994038</swisstopo:routepoint_id>
				</extensions>
			</trkpt>
			<trkpt lat="46.4676149324" lon="7.1190136312">
				<ele>924.8</ele>
				<extensions>
					<swisstopo:routepoint_id>1293987201</swisstopo:routepoint_id>
				</extensions>
			</trkpt>
			<trkpt lat="46.4676111784" lon="7.1188617596">
				<ele>924.4</ele>
				<extensions>
					<swisstopo:routepoint_id>1399448735</swisstopo:routepoint_id>
				</extensions>
			</trkpt>
			<trkpt lat="46.4675731277" lon="7.1183652533">
				<ele>923.2</ele>
				<extensions>
					<swisstopo:routepoint_id>750622859</swisstopo:routepoint_id>
				</extensions>
			</trkpt>
			<trkpt lat="46.4675284453" lon="7.1178784596">
				<ele>921.4</ele>
				<extensions>
					<swisstopo:routepoint_id>1459725341</swisstopo:routepoint_id>
				</extensions>
			</trkpt>
			<trkpt lat="46.4674905058" lon="7.1174229513">
				<ele>919.9</ele>
				<extensions>
					<swisstopo:routepoint_id>1774089527</swisstopo:routepoint_id>
				</extensions>
			</trkpt>
			<trkpt lat="46.4674580963" lon="7.1171554836">
				<ele>918.8</ele>
				<extensions>
					<swisstopo:routepoint_id>1823811994</swisstopo:routepoint_id>
				</extensions>
			</trkpt>
			<trkpt lat="46.4674322276" lon="7.1170447015">
				<ele>918.2</ele>
				<extensions>
					<swisstopo:routepoint_id>2125615177</swisstopo:routepoint_id>
				</extensions>
			</trkpt>
			<trkpt lat="46.4674226753" lon="7.1170037865">
				<ele>918.0</ele>
				<extensions>
					<swisstopo:routepoint_id>2043858306</swisstopo:routepoint_id>
				</extensions>
			</trkpt>
			<trkpt lat="46.4673755572" lon="7.1168352733">
				<ele>916.8</ele>
				<extensions>
					<swisstopo:routepoint_id>150382854</swisstopo:routepoint_id>
				</extensions>
			</trkpt>
			<trkpt lat="46.4673502478" lon="7.1167220924">
				<ele>916.1</ele>
				<extensions>
					<swisstopo:routepoint_id>1492016239</swisstopo:routepoint_id>
				</extensions>
			</trkpt>
			<trkpt lat="46.4673265140" lon="7.1165775654">
				<ele>915.4</ele>
				<extensions>
					<swisstopo:routepoint_id>1202178745</swisstopo:routepoint_id>
				</extensions>
			</trkpt>
			<trkpt lat="46.4673129237" lon="7.1164860176">
				<ele>915.0</ele>
				<extensions>
					<swisstopo:routepoint_id>1985922117</swisstopo:routepoint_id>
				</extensions>
			</trkpt>
			<trkpt lat="46.4672901898" lon="7.1163993545">
				<ele>914.4</ele>
				<extensions>
					<swisstopo:routepoint_id>1156082018</swisstopo:routepoint_id>
				</extensions>
			</trkpt>
			<trkpt lat="46.4672232168" lon="7.1162816038">
				<ele>913.3</ele>
				<extensions>
					<swisstopo:routepoint_id>1793365209</swisstopo:routepoint_id>
				</extensions>
			</trkpt>
			<trkpt lat="46.4671696344" lon="7.1161878720">
				<ele>912.3</ele>
				<extensions>
					<swisstopo:routepoint_id>1265827713</swisstopo:routepoint_id>
				</extensions>
			</trkpt>
			<trkpt lat="46.4671160860" lon="7.1161062214">
				<ele>911.5</ele>
				<extensions>
					<swisstopo:routepoint_id>2147175643</swisstopo:routepoint_id>
				</extensions>
			</trkpt>
			<trkpt lat="46.4670625854" lon="7.1160414305">
				<ele>910.8</ele>
				<extensions>
					<swisstopo:routepoint_id>359170359</swisstopo:routepoint_id>
				</extensions>
			</trkpt>
			<trkpt lat="46.4670107988" lon="7.1159911070">
				<ele>910.2</ele>
				<extensions>
					<swisstopo:routepoint_id>177753848</swisstopo:routepoint_id>
				</extensions>
			</trkpt>
			<trkpt lat="46.4669556884" lon="7.1159456200">
				<ele>909.7</ele>
				<extensions>
					<swisstopo:routepoint_id>2126156104</swisstopo:routepoint_id>
				</extensions>
			</trkpt>
			<trkpt lat="46.4669206413" lon="7.1159265341">
				<ele>909.4</ele>
				<extensions>
					<swisstopo:routepoint_id>2083851340</swisstopo:routepoint_id>
				</extensions>
			</trkpt>
			<trkpt lat="46.4669546560" lon="7.1158732928">
				<ele>909.5</ele>
				<extensions>
					<swisstopo:routepoint_id>476334587</swisstopo:routepoint_id>
				</extensions>
			</trkpt>
			<trkpt lat="46.4669745554" lon="7.1158418123">
				<ele>909.5</ele>
				<extensions>
					<swisstopo:routepoint_id>1514140391</swisstopo:routepoint_id>
				</extensions>
			</trkpt>
			<trkpt lat="46.4669976897" lon="7.1157741719">
				<ele>909.6</ele>
				<extensions>
					<swisstopo:routepoint_id>717280886</swisstopo:routepoint_id>
				</extensions>
			</trkpt>
			<trkpt lat="46.4670124668" lon="7.1156969210">
				<ele>909.9</ele>
				<extensions>
					<swisstopo:routepoint_id>1211971183</swisstopo:routepoint_id>
				</extensions>
			</trkpt>
			<trkpt lat="46.4670139876" lon="7.1156462811">
				<ele>910.1</ele>
				<extensions>
					<swisstopo:routepoint_id>1576537467</swisstopo:routepoint_id>
				</extensions>
			</trkpt>
			<trkpt lat="46.4670088563" lon="7.1156004981">
				<ele>909.9</ele>
				<extensions>
					<swisstopo:routepoint_id>744116964</swisstopo:routepoint_id>
				</extensions>
			</trkpt>
			<trkpt lat="46.4669970751" lon="7.1155571627">
				<ele>909.6</ele>
				<extensions>
					<swisstopo:routepoint_id>119512187</swisstopo:routepoint_id>
				</extensions>
			</trkpt>
			<trkpt lat="46.4669698527" lon="7.1154931410">
				<ele>909.2</ele>
				<extensions>
					<swisstopo:routepoint_id>758851960</swisstopo:routepoint_id>
				</extensions>
			</trkpt>
			<trkpt lat="46.4669551458" lon="7.1154585589">
				<ele>908.9</ele>
				<extensions>
					<swisstopo:routepoint_id>34160587</swisstopo:routepoint_id>
				</extensions>
			</trkpt>
			<trkpt lat="46.4668995818" lon="7.1152563403">
				<ele>907.8</ele>
				<extensions>
					<swisstopo:routepoint_id>327484664</swisstopo:routepoint_id>
				</extensions>
			</trkpt>
			<trkpt lat="46.4668254583" lon="7.1149650270">
				<ele>907.1</ele>
				<extensions>
					<swisstopo:routepoint_id>708010613</swisstopo:routepoint_id>
				</extensions>
			</trkpt>
			<trkpt lat="46.4666888635" lon="7.1143871375">
				<ele>904.0</ele>
				<extensions>
					<swisstopo:routepoint_id>579365673</swisstopo:routepoint_id>
				</extensions>
			</trkpt>
			<trkpt lat="46.4665879083" lon="7.1140405263">
				<ele>900.1</ele>
				<extensions>
					<swisstopo:routepoint_id>163073035</swisstopo:routepoint_id>
				</extensions>
			</trkpt>
			<trkpt lat="46.4665692275" lon="7.1139152662">
				<ele>897.9</ele>
				<extensions>
					<swisstopo:routepoint_id>50224558</swisstopo:routepoint_id>
				</extensions>
			</trkpt>
			<trkpt lat="46.4665689597" lon="7.1138212197">
				<ele>896.4</ele>
				<extensions>
					<swisstopo:routepoint_id>289025896</swisstopo:routepoint_id>
				</extensions>
			</trkpt>
			<trkpt lat="46.4665604579" lon="7.1137609931">
				<ele>895.2</ele>
				<extensions>
					<swisstopo:routepoint_id>1268549216</swisstopo:routepoint_id>
				</extensions>
			</trkpt>
			<trkpt lat="46.4665386821" lon="7.1137177183">
				<ele>894.2</ele>
				<extensions>
					<swisstopo:routepoint_id>168608287</swisstopo:routepoint_id>
				</extensions>
			</trkpt>
			<trkpt lat="46.4664617721" lon="7.1136241555">
				<ele>891.7</ele>
				<extensions>
					<swisstopo:routepoint_id>1066915991</swisstopo:routepoint_id>
				</extensions>
			</trkpt>
			<trkpt lat="46.4664065901" lon="7.1135569696">
				<ele>890.5</ele>
				<extensions>
					<swisstopo:routepoint_id>270048186</swisstopo:routepoint_id>
				</extensions>
			</trkpt>
			<trkpt lat="46.4663780405" lon="7.1134727392">
				<ele>889.3</ele>
				<extensions>
					<swisstopo:routepoint_id>1504161810</swisstopo:routepoint_id>
				</extensions>
			</trkpt>
			<trkpt lat="46.4663309061" lon="7.1133066537">
				<ele>888.3</ele>
				<extensions>
					<swisstopo:routepoint_id>1419010535</swisstopo:routepoint_id>
				</extensions>
			</trkpt>
			<trkpt lat="46.4662938641" lon="7.1131718442">
				<ele>888.5</ele>
				<extensions>
					<swisstopo:routepoint_id>1362529728</swisstopo:routepoint_id>
				</extensions>
			</trkpt>
			<trkpt lat="46.4662617428" lon="7.1130056695">
				<ele>888.4</ele>
				<extensions>
					<swisstopo:routepoint_id>2146670304</swisstopo:routepoint_id>
				</extensions>
			</trkpt>
			<trkpt lat="46.4662413530" lon="7.1128683523">
				<ele>888.3</ele>
				<extensions>
					<swisstopo:routepoint_id>229736109</swisstopo:routepoint_id>
				</extensions>
			</trkpt>
			<trkpt lat="46.4662245143" lon="7.1128057678">
				<ele>888.3</ele>
				<extensions>
					<swisstopo:routepoint_id>1382647128</swisstopo:routepoint_id>
				</extensions>
			</trkpt>
			<trkpt lat="46.4661775692" lon="7.1126999461">
				<ele>888.2</ele>
				<extensions>
					<swisstopo:routepoint_id>997990714</swisstopo:routepoint_id>
				</extensions>
			</trkpt>
			<trkpt lat="46.4661021091" lon="7.1125316229">
				<ele>888.0</ele>
				<extensions>
					<swisstopo:routepoint_id>1913207035</swisstopo:routepoint_id>
				</extensions>
			</trkpt>
			<trkpt lat="46.4660032264" lon="7.1123296703">
				<ele>887.1</ele>
				<extensions>
					<swisstopo:routepoint_id>1144322560</swisstopo:routepoint_id>
				</extensions>
			</trkpt>
			<trkpt lat="46.4659346009" lon="7.1122143456">
				<ele>886.3</ele>
				<extensions>
					<swisstopo:routepoint_id>149946013</swisstopo:routepoint_id>
				</extensions>
			</trkpt>
			<trkpt lat="46.4658593402" lon="7.1121159461">
				<ele>885.7</ele>
				<extensions>
					<swisstopo:routepoint_id>258494042</swisstopo:routepoint_id>
				</extensions>
			</trkpt>
			<trkpt lat="46.4658108711" lon="7.1120655938">
				<ele>885.4</ele>
				<extensions>
					<swisstopo:routepoint_id>864656413</swisstopo:routepoint_id>
				</extensions>
			</trkpt>
			<trkpt lat="46.4659951542" lon="7.1118354376">
				<ele>885.3</ele>
				<extensions>
					<swisstopo:routepoint_id>757874110</swisstopo:routepoint_id>
				</extensions>
			</trkpt>
			<trkpt lat="46.4662690046" lon="7.1114696837">
				<ele>885.1</ele>
				<extensions>
					<swisstopo:routepoint_id>1442731941</swisstopo:routepoint_id>
				</extensions>
			</trkpt>
			<trkpt lat="46.4664863545" lon="7.1111549372">
				<ele>884.9</ele>
				<extensions>
					<swisstopo:routepoint_id>1070697222</swisstopo:routepoint_id>
				</extensions>
			</trkpt>
			<trkpt lat="46.4666356223" lon="7.1109177338">
				<ele>885.0</ele>
				<extensions>
					<swisstopo:routepoint_id>1360464633</swisstopo:routepoint_id>
				</extensions>
			</trkpt>
			<trkpt lat="46.4666803248" lon="7.1108185994">
				<ele>885.0</ele>
				<extensions>
					<swisstopo:routepoint_id>1748273441</swisstopo:routepoint_id>
				</extensions>
			</trkpt>
			<trkpt lat="46.4666984774" lon="7.1107558034">
				<ele>884.9</ele>
				<extensions>
					<swisstopo:routepoint_id>1743568908</swisstopo:routepoint_id>
				</extensions>
			</trkpt>
			<trkpt lat="46.4667049815" lon="7.1107027129">
				<ele>884.9</ele>
				<extensions>
					<swisstopo:routepoint_id>453954036</swisstopo:routepoint_id>
				</extensions>
			</trkpt>
			<trkpt lat="46.4667064723" lon="7.1106424264">
				<ele>885.0</ele>
				<extensions>
					<swisstopo:routepoint_id>452982893</swisstopo:routepoint_id>
				</extensions>
			</trkpt>
			<trkpt lat="46.4666979920" lon="7.1105870171">
				<ele>885.0</ele>
				<extensions>
					<swisstopo:routepoint_id>665597388</swisstopo:routepoint_id>
				</extensions>
			</trkpt>
			<trkpt lat="46.4666794580" lon="7.1105172174">
				<ele>885.1</ele>
				<extensions>
					<swisstopo:routepoint_id>561602679</swisstopo:routepoint_id>
				</extensions>
			</trkpt>
			<trkpt lat="46.4666256904" lon="7.1103608084">
				<ele>885.3</ele>
				<extensions>
					<swisstopo:routepoint_id>761944820</swisstopo:routepoint_id>
				</extensions>
			</trkpt>
			<trkpt lat="46.4665651040" lon="7.1101514007">
				<ele>885.7</ele>
				<extensions>
					<swisstopo:routepoint_id>1851478550</swisstopo:routepoint_id>
				</extensions>
			</trkpt>
			<trkpt lat="46.4664927290" lon="7.1098938303">
				<ele>886.4</ele>
				<extensions>
					<swisstopo:routepoint_id>812491968</swisstopo:routepoint_id>
				</extensions>
			</trkpt>
			<trkpt lat="46.4664438073" lon="7.1096867751">
				<ele>887.3</ele>
				<extensions>
					<swisstopo:routepoint_id>2066907120</swisstopo:routepoint_id>
				</extensions>
			</trkpt>
			<trkpt lat="46.4663866563" lon="7.1095086969">
				<ele>888.6</ele>
				<extensions>
					<swisstopo:routepoint_id>897473943</swisstopo:routepoint_id>
				</extensions>
			</trkpt>
			<trkpt lat="46.4663480501" lon="7.1094100656">
				<ele>889.6</ele>
				<extensions>
					<swisstopo:routepoint_id>1552497399</swisstopo:routepoint_id>
				</extensions>
			</trkpt>
			<trkpt lat="46.4663228982" lon="7.1093571669">
				<ele>890.2</ele>
				<extensions>
					<swisstopo:routepoint_id>694411771</swisstopo:routepoint_id>
				</extensions>
			</trkpt>
			<trkpt lat="46.4662911268" lon="7.1093139546">
				<ele>890.7</ele>
				<extensions>
					<swisstopo:routepoint_id>72872023</swisstopo:routepoint_id>
				</extensions>
			</trkpt>
			<trkpt lat="46.4662242418" lon="7.1092323802">
				<ele>891.9</ele>
				<extensions>
					<swisstopo:routepoint_id>2015114980</swisstopo:routepoint_id>
				</extensions>
			</trkpt>
			<trkpt lat="46.4661004635" lon="7.1090619326">
				<ele>894.0</ele>
				<extensions>
					<swisstopo:routepoint_id>450392544</swisstopo:routepoint_id>
				</extensions>
			</trkpt>
			<trkpt lat="46.4660535687" lon="7.1089778285">
				<ele>894.7</ele>
				<extensions>
					<swisstopo:routepoint_id>1649322860</swisstopo:routepoint_id>
				</extensions>
			</trkpt>
			<trkpt lat="46.4660150615" lon="7.1089105478">
				<ele>895.2</ele>
				<extensions>
					<swisstopo:routepoint_id>559616839</swisstopo:routepoint_id>
				</extensions>
			</trkpt>
			<trkpt lat="46.4659932100" lon="7.1088479942">
				<ele>895.4</ele>
				<extensions>
					<swisstopo:routepoint_id>1881237660</swisstopo:routepoint_id>
				</extensions>
			</trkpt>
			<trkpt lat="46.4659713482" lon="7.1087757960">
				<ele>895.6</ele>
				<extensions>
					<swisstopo:routepoint_id>742346269</swisstopo:routepoint_id>
				</extensions>
			</trkpt>
			<trkpt lat="46.4658906246" lon="7.1085158718">
				<ele>895.4</ele>
				<extensions>
					<swisstopo:routepoint_id>583200911</swisstopo:routepoint_id>
				</extensions>
			</trkpt>
			<trkpt lat="46.4657929470" lon="7.1081547928">
				<ele>895.2</ele>
				<extensions>
					<swisstopo:routepoint_id>449157388</swisstopo:routepoint_id>
				</extensions>
			</trkpt>
			<trkpt lat="46.4657119909" lon="7.1078153026">
				<ele>895.0</ele>
				<extensions>
					<swisstopo:routepoint_id>354086175</swisstopo:routepoint_id>
				</extensions>
			</trkpt>
			<trkpt lat="46.4656562755" lon="7.1075624677">
				<ele>895.2</ele>
				<extensions>
					<swisstopo:routepoint_id>2130255337</swisstopo:routepoint_id>
				</extensions>
			</trkpt>
			<trkpt lat="46.4656292204" lon="7.1074276030">
				<ele>895.5</ele>
				<extensions>
					<swisstopo:routepoint_id>14437343</swisstopo:routepoint_id>
				</extensions>
			</trkpt>
			<trkpt lat="46.4656088402" lon="7.1072927113">
				<ele>895.8</ele>
				<extensions>
					<swisstopo:routepoint_id>461900864</swisstopo:routepoint_id>
				</extensions>
			</trkpt>
			<trkpt lat="46.4655881281" lon="7.1070469029">
				<ele>896.0</ele>
				<extensions>
					<swisstopo:routepoint_id>864285196</swisstopo:routepoint_id>
				</extensions>
			</trkpt>
			<trkpt lat="46.4655602346" lon="7.1066178753">
				<ele>895.7</ele>
				<extensions>
					<swisstopo:routepoint_id>763240561</swisstopo:routepoint_id>
				</extensions>
			</trkpt>
			<trkpt lat="46.4655536257" lon="7.1065013600">
				<ele>895.5</ele>
				<extensions>
					<swisstopo:routepoint_id>2092203277</swisstopo:routepoint_id>
				</extensions>
			</trkpt>
			<trkpt lat="46.4655461708" lon="7.1063696183">
				<ele>895.4</ele>
				<extensions>
					<swisstopo:routepoint_id>1374452687</swisstopo:routepoint_id>
				</extensions>
			</trkpt>
			<trkpt lat="46.4655489460" lon="7.1061767046">
				<ele>895.1</ele>
				<extensions>
					<swisstopo:routepoint_id>1679915628</swisstopo:routepoint_id>
				</extensions>
			</trkpt>
			<trkpt lat="46.4655584919" lon="7.1060199288">
				<ele>894.9</ele>
				<extensions>
					<swisstopo:routepoint_id>1325746579</swisstopo:routepoint_id>
				</extensions>
			</trkpt>
			<trkpt lat="46.4655732110" lon="7.1059282009">
				<ele>894.8</ele>
				<extensions>
					<swisstopo:routepoint_id>1420916517</swisstopo:routepoint_id>
				</extensions>
			</trkpt>
			<trkpt lat="46.4655863154" lon="7.1058533805">
				<ele>894.7</ele>
				<extensions>
					<swisstopo:routepoint_id>299840397</swisstopo:routepoint_id>
				</extensions>
			</trkpt>
			<trkpt lat="46.4655878335" lon="7.1058003202">
				<ele>894.7</ele>
				<extensions>
					<swisstopo:routepoint_id>850220505</swisstopo:routepoint_id>
				</extensions>
			</trkpt>
			<trkpt lat="46.4655893642" lon="7.1057544986">
				<ele>894.5</ele>
				<extensions>
					<swisstopo:routepoint_id>1677840066</swisstopo:routepoint_id>
				</extensions>
			</trkpt>
			<trkpt lat="46.4655755198" lon="7.1056283153">
				<ele>894.2</ele>
				<extensions>
					<swisstopo:routepoint_id>657492783</swisstopo:routepoint_id>
				</extensions>
			</trkpt>
			<trkpt lat="46.4655576747" lon="7.1055058546">
				<ele>893.7</ele>
				<extensions>
					<swisstopo:routepoint_id>297495057</swisstopo:routepoint_id>
				</extensions>
			</trkpt>
			<trkpt lat="46.4655312713" lon="7.1052899984">
				<ele>893.2</ele>
				<extensions>
					<swisstopo:routepoint_id>904396189</swisstopo:routepoint_id>
				</extensions>
			</trkpt>
			<trkpt lat="46.4654574985" lon="7.1048936830">
				<ele>892.8</ele>
				<extensions>
					<swisstopo:routepoint_id>1529881960</swisstopo:routepoint_id>
				</extensions>
			</trkpt>
			<trkpt lat="46.4654138925" lon="7.1047017445">
				<ele>892.7</ele>
				<extensions>
					<swisstopo:routepoint_id>1255206863</swisstopo:routepoint_id>
				</extensions>
			</trkpt>
			<trkpt lat="46.4653719479" lon="7.1045521191">
				<ele>892.4</ele>
				<extensions>
					<swisstopo:routepoint_id>1197564821</swisstopo:routepoint_id>
				</extensions>
			</trkpt>
			<trkpt lat="46.4652995197" lon="7.1043481725">
				<ele>891.8</ele>
				<extensions>
					<swisstopo:routepoint_id>1257870327</swisstopo:routepoint_id>
				</extensions>
			</trkpt>
			<trkpt lat="46.4652625183" lon="7.1042278351">
				<ele>890.6</ele>
				<extensions>
					<swisstopo:routepoint_id>68944580</swisstopo:routepoint_id>
				</extensions>
			</trkpt>
			<trkpt lat="46.4652472591" lon="7.1041411209">
				<ele>889.6</ele>
				<extensions>
					<swisstopo:routepoint_id>782870307</swisstopo:routepoint_id>
				</extensions>
			</trkpt>
			<trkpt lat="46.4652403388" lon="7.1040543691">
				<ele>888.7</ele>
				<extensions>
					<swisstopo:routepoint_id>1951398413</swisstopo:routepoint_id>
				</extensions>
			</trkpt>
			<trkpt lat="46.4652330449" lon="7.1038374080">
				<ele>887.1</ele>
				<extensions>
					<swisstopo:routepoint_id>2026981882</swisstopo:routepoint_id>
				</extensions>
			</trkpt>
			<trkpt lat="46.4652358068" lon="7.1036445088">
				<ele>885.8</ele>
				<extensions>
					<swisstopo:routepoint_id>1268141530</swisstopo:routepoint_id>
				</extensions>
			</trkpt>
			<trkpt lat="46.4652567525" lon="7.1034008552">
				<ele>883.9</ele>
				<extensions>
					<swisstopo:routepoint_id>1345526920</swisstopo:routepoint_id>
				</extensions>
			</trkpt>
			<trkpt lat="46.4652630778" lon="7.1032850813">
				<ele>883.3</ele>
				<extensions>
					<swisstopo:routepoint_id>1549713048</swisstopo:routepoint_id>
				</extensions>
			</trkpt>
			<trkpt lat="46.4652623116" lon="7.1030246763">
				<ele>883.0</ele>
				<extensions>
					<swisstopo:routepoint_id>725204939</swisstopo:routepoint_id>
				</extensions>
			</trkpt>
			<trkpt lat="46.4652603970" lon="7.1027594228">
				<ele>882.6</ele>
				<extensions>
					<swisstopo:routepoint_id>1562964549</swisstopo:routepoint_id>
				</extensions>
			</trkpt>
			<trkpt lat="46.4652595042" lon="7.1026364936">
				<ele>883.0</ele>
				<extensions>
					<swisstopo:routepoint_id>666557843</swisstopo:routepoint_id>
				</extensions>
			</trkpt>
			<trkpt lat="46.4652608628" lon="7.1025328192">
				<ele>883.4</ele>
				<extensions>
					<swisstopo:routepoint_id>367643066</swisstopo:routepoint_id>
				</extensions>
			</trkpt>
			<trkpt lat="46.4652718028" lon="7.1022892135">
				<ele>882.5</ele>
				<extensions>
					<swisstopo:routepoint_id>684247193</swisstopo:routepoint_id>
				</extensions>
			</trkpt>
			<trkpt lat="46.4652682042" lon="7.1021976244">
				<ele>881.7</ele>
				<extensions>
					<swisstopo:routepoint_id>429358559</swisstopo:routepoint_id>
				</extensions>
			</trkpt>
			<trkpt lat="46.4652612041" lon="7.1020843411">
				<ele>881.2</ele>
				<extensions>
					<swisstopo:routepoint_id>447231637</swisstopo:routepoint_id>
				</extensions>
			</trkpt>
			<trkpt lat="46.4652558557" lon="7.1019638224">
				<ele>881.1</ele>
				<extensions>
					<swisstopo:routepoint_id>143260332</swisstopo:routepoint_id>
				</extensions>
			</trkpt>
			<trkpt lat="46.4652593939" lon="7.1018094788">
				<ele>881.8</ele>
				<extensions>
					<swisstopo:routepoint_id>1396441485</swisstopo:routepoint_id>
				</extensions>
			</trkpt>
			<trkpt lat="46.4652602784" lon="7.1017708865">
				<ele>881.6</ele>
				<extensions>
					<swisstopo:routepoint_id>1968939844</swisstopo:routepoint_id>
				</extensions>
			</trkpt>
			<trkpt lat="46.4652584993" lon="7.1016742223">
				<ele>880.7</ele>
				<extensions>
					<swisstopo:routepoint_id>2076431142</swisstopo:routepoint_id>
				</extensions>
			</trkpt>
			<trkpt lat="46.4652576735" lon="7.1016291179">
				<ele>880.9</ele>
				<extensions>
					<swisstopo:routepoint_id>763696002</swisstopo:routepoint_id>
				</extensions>
			</trkpt>
			<trkpt lat="46.4652310888" lon="7.1014487807">
				<ele>880.6</ele>
				<extensions>
					<swisstopo:routepoint_id>1849817603</swisstopo:routepoint_id>
				</extensions>
			</trkpt>
			<trkpt lat="46.4651933790" lon="7.1012024955">
				<ele>880.6</ele>
				<extensions>
					<swisstopo:routepoint_id>1038011512</swisstopo:routepoint_id>
				</extensions>
			</trkpt>
			<trkpt lat="46.4651665122" lon="7.1010639110">
				<ele>881.7</ele>
				<extensions>
					<swisstopo:routepoint_id>781011368</swisstopo:routepoint_id>
				</extensions>
			</trkpt>
			<trkpt lat="46.4650919062" lon="7.1009103519">
				<ele>881.4</ele>
				<extensions>
					<swisstopo:routepoint_id>262492558</swisstopo:routepoint_id>
				</extensions>
			</trkpt>
			<trkpt lat="46.4650266681" lon="7.1007095300">
				<ele>881.0</ele>
				<extensions>
					<swisstopo:routepoint_id>808692003</swisstopo:routepoint_id>
				</extensions>
			</trkpt>
			<trkpt lat="46.4649935964" lon="7.1005081182">
				<ele>881.3</ele>
				<extensions>
					<swisstopo:routepoint_id>654757833</swisstopo:routepoint_id>
				</extensions>
			</trkpt>
			<trkpt lat="46.4649704853" lon="7.1002833416">
				<ele>881.3</ele>
				<extensions>
					<swisstopo:routepoint_id>1164308071</swisstopo:routepoint_id>
				</extensions>
			</trkpt>
			<trkpt lat="46.4649664850" lon="7.1000842751">
				<ele>882.2</ele>
				<extensions>
					<swisstopo:routepoint_id>440631161</swisstopo:routepoint_id>
				</extensions>
			</trkpt>
			<trkpt lat="46.4649807417" lon="7.0999808066">
				<ele>883.5</ele>
				<extensions>
					<swisstopo:routepoint_id>1143340531</swisstopo:routepoint_id>
				</extensions>
			</trkpt>
			<trkpt lat="46.4649844064" lon="7.0999273823">
				<ele>884.1</ele>
				<extensions>
					<swisstopo:routepoint_id>834043500</swisstopo:routepoint_id>
				</extensions>
			</trkpt>
			<trkpt lat="46.4649829758" lon="7.0998758381">
				<ele>884.1</ele>
				<extensions>
					<swisstopo:routepoint_id>2007621652</swisstopo:routepoint_id>
				</extensions>
			</trkpt>
			<trkpt lat="46.4649765258" lon="7.0998455060">
				<ele>884.0</ele>
				<extensions>
					<swisstopo:routepoint_id>1242330198</swisstopo:routepoint_id>
				</extensions>
			</trkpt>
			<trkpt lat="46.4649655764" lon="7.0997995407">
				<ele>883.6</ele>
				<extensions>
					<swisstopo:routepoint_id>1802697782</swisstopo:routepoint_id>
				</extensions>
			</trkpt>
			<trkpt lat="46.4649488830" lon="7.0997490158">
				<ele>883.0</ele>
				<extensions>
					<swisstopo:routepoint_id>1238357037</swisstopo:routepoint_id>
				</extensions>
			</trkpt>
			<trkpt lat="46.4649200240" lon="7.0996700172">
				<ele>882.6</ele>
				<extensions>
					<swisstopo:routepoint_id>183300405</swisstopo:routepoint_id>
				</extensions>
			</trkpt>
			<trkpt lat="46.4648873017" lon="7.0995836615">
				<ele>882.2</ele>
				<extensions>
					<swisstopo:routepoint_id>1930024620</swisstopo:routepoint_id>
				</extensions>
			</trkpt>
			<trkpt lat="46.4648262448" lon="7.0994616424">
				<ele>880.6</ele>
				<extensions>
					<swisstopo:routepoint_id>16342027</swisstopo:routepoint_id>
				</extensions>
			</trkpt>
			<trkpt lat="46.4647783637" lon="7.0993689375">
				<ele>880.7</ele>
				<extensions>
					<swisstopo:routepoint_id>1890532777</swisstopo:routepoint_id>
				</extensions>
			</trkpt>
			<trkpt lat="46.4647471361" lon="7.0992709600">
				<ele>881.6</ele>
				<extensions>
					<swisstopo:routepoint_id>1931148384</swisstopo:routepoint_id>
				</extensions>
			</trkpt>
			<trkpt lat="46.4647134127" lon="7.0991385647">
				<ele>884.2</ele>
				<extensions>
					<swisstopo:routepoint_id>168647711</swisstopo:routepoint_id>
				</extensions>
			</trkpt>
			<trkpt lat="46.4646844673" lon="7.0990095767">
				<ele>886.5</ele>
				<extensions>
					<swisstopo:routepoint_id>2052558217</swisstopo:routepoint_id>
				</extensions>
			</trkpt>
			<trkpt lat="46.4646615589" lon="7.0989081112">
				<ele>887.5</ele>
				<extensions>
					<swisstopo:routepoint_id>1467469195</swisstopo:routepoint_id>
				</extensions>
			</trkpt>
			<trkpt lat="46.4646397709" lon="7.0987842471">
				<ele>888.4</ele>
				<extensions>
					<swisstopo:routepoint_id>905743533</swisstopo:routepoint_id>
				</extensions>
			</trkpt>
			<trkpt lat="46.4646359686" lon="7.0987067724">
				<ele>889.4</ele>
				<extensions>
					<swisstopo:routepoint_id>1344994265</swisstopo:routepoint_id>
				</extensions>
			</trkpt>
			<trkpt lat="46.4646404244" lon="7.0986051230">
				<ele>890.8</ele>
				<extensions>
					<swisstopo:routepoint_id>10046333</swisstopo:routepoint_id>
				</extensions>
			</trkpt>
			<trkpt lat="46.4646426243" lon="7.0985465524">
				<ele>891.6</ele>
				<extensions>
					<swisstopo:routepoint_id>334127434</swisstopo:routepoint_id>
				</extensions>
			</trkpt>
			<trkpt lat="46.4646566935" lon="7.0984741343">
				<ele>892.6</ele>
				<extensions>
					<swisstopo:routepoint_id>1309822633</swisstopo:routepoint_id>
				</extensions>
			</trkpt>
			<trkpt lat="46.4646767806" lon="7.0984257888">
				<ele>893.0</ele>
				<extensions>
					<swisstopo:routepoint_id>349793096</swisstopo:routepoint_id>
				</extensions>
			</trkpt>
			<trkpt lat="46.4647099511" lon="7.0983756429">
				<ele>893.2</ele>
				<extensions>
					<swisstopo:routepoint_id>1653533389</swisstopo:routepoint_id>
				</extensions>
			</trkpt>
			<trkpt lat="46.4647526632" lon="7.0983305925">
				<ele>893.3</ele>
				<extensions>
					<swisstopo:routepoint_id>1935095251</swisstopo:routepoint_id>
				</extensions>
			</trkpt>
			<trkpt lat="46.4647716308" lon="7.0983080822">
				<ele>893.4</ele>
				<extensions>
					<swisstopo:routepoint_id>209663133</swisstopo:routepoint_id>
				</extensions>
			</trkpt>
			<trkpt lat="46.4647775395" lon="7.0982925533">
				<ele>893.4</ele>
				<extensions>
					<swisstopo:routepoint_id>303090431</swisstopo:routepoint_id>
				</extensions>
			</trkpt>
			<trkpt lat="46.4647762505" lon="7.0982615514">
				<ele>893.6</ele>
				<extensions>
					<swisstopo:routepoint_id>1947153352</swisstopo:routepoint_id>
				</extensions>
			</trkpt>
			<trkpt lat="46.4647737679" lon="7.0982254018">
				<ele>893.7</ele>
				<extensions>
					<swisstopo:routepoint_id>1189172962</swisstopo:routepoint_id>
				</extensions>
			</trkpt>
			<trkpt lat="46.4647760706" lon="7.0982012772">
				<ele>893.5</ele>
				<extensions>
					<swisstopo:routepoint_id>578116570</swisstopo:routepoint_id>
				</extensions>
			</trkpt>
			<trkpt lat="46.4647891166" lon="7.0981839723">
				<ele>893.2</ele>
				<extensions>
					<swisstopo:routepoint_id>439701871</swisstopo:routepoint_id>
				</extensions>
			</trkpt>
			<trkpt lat="46.4648463655" lon="7.0981509509">
				<ele>891.7</ele>
				<extensions>
					<swisstopo:routepoint_id>647580581</swisstopo:routepoint_id>
				</extensions>
			</trkpt>
			<trkpt lat="46.4649440440" lon="7.0980947380">
				<ele>889.3</ele>
				<extensions>
					<swisstopo:routepoint_id>2029843089</swisstopo:routepoint_id>
				</extensions>
			</trkpt>
			<trkpt lat="46.4650229302" lon="7.0980444879">
				<ele>886.8</ele>
				<extensions>
					<swisstopo:routepoint_id>1582208149</swisstopo:routepoint_id>
				</extensions>
			</trkpt>
			<trkpt lat="46.4650170268" lon="7.0979714521">
				<ele>886.4</ele>
				<extensions>
					<swisstopo:routepoint_id>596155972</swisstopo:routepoint_id>
				</extensions>
			</trkpt>
			<trkpt lat="46.4648297944" lon="7.0980571526">
				<ele>886.9</ele>
				<extensions>
					<swisstopo:routepoint_id>1200464391</swisstopo:routepoint_id>
				</extensions>
			</trkpt>
			<trkpt lat="46.4644935674" lon="7.0982185881">
				<ele>887.1</ele>
				<extensions>
					<swisstopo:routepoint_id>1513416837</swisstopo:routepoint_id>
				</extensions>
			</trkpt>
			<trkpt lat="46.4644445259" lon="7.0982437338">
				<ele>887.2</ele>
				<extensions>
					<swisstopo:routepoint_id>412158516</swisstopo:routepoint_id>
				</extensions>
			</trkpt>
			<trkpt lat="46.4644681221" lon="7.0978523068">
				<ele>887.3</ele>
				<extensions>
					<swisstopo:routepoint_id>542932717</swisstopo:routepoint_id>
				</extensions>
			</trkpt>
			<trkpt lat="46.4644785738" lon="7.0975270819">
				<ele>887.7</ele>
				<extensions>
					<swisstopo:routepoint_id>1050327751</swisstopo:routepoint_id>
				</extensions>
			</trkpt>
			<trkpt lat="46.4644878842" lon="7.0974608903">
				<ele>887.8</ele>
				<extensions>
					<swisstopo:routepoint_id>978038327</swisstopo:routepoint_id>
				</extensions>
			</trkpt>
			<trkpt lat="46.4645105765" lon="7.0974083885">
				<ele>887.9</ele>
				<extensions>
					<swisstopo:routepoint_id>1203042576</swisstopo:routepoint_id>
				</extensions>
			</trkpt>
			<trkpt lat="46.4645921326" lon="7.0972976635">
				<ele>888.1</ele>
				<extensions>
					<swisstopo:routepoint_id>1581264543</swisstopo:routepoint_id>
				</extensions>
			</trkpt>
			<trkpt lat="46.4646622550" lon="7.0971897568">
				<ele>888.3</ele>
				<extensions>
					<swisstopo:routepoint_id>1930491117</swisstopo:routepoint_id>
				</extensions>
			</trkpt>
			<trkpt lat="46.4647189967" lon="7.0970626406">
				<ele>888.5</ele>
				<extensions>
					<swisstopo:routepoint_id>236878544</swisstopo:routepoint_id>
				</extensions>
			</trkpt>
			<trkpt lat="46.4647529229" lon="7.0969466940">
				<ele>888.5</ele>
				<extensions>
					<swisstopo:routepoint_id>1446278591</swisstopo:routepoint_id>
				</extensions>
			</trkpt>
			<trkpt lat="46.4647886494" lon="7.0967921623">
				<ele>888.6</ele>
				<extensions>
					<swisstopo:routepoint_id>724918</swisstopo:routepoint_id>
				</extensions>
			</trkpt>
			<trkpt lat="46.4648015175" lon="7.0966405210">
				<ele>888.8</ele>
				<extensions>
					<swisstopo:routepoint_id>526169952</swisstopo:routepoint_id>
				</extensions>
			</trkpt>
			<trkpt lat="46.4648067747" lon="7.0964889273">
				<ele>889.0</ele>
				<extensions>
					<swisstopo:routepoint_id>1206593339</swisstopo:routepoint_id>
				</extensions>
			</trkpt>
			<trkpt lat="46.4647987095" lon="7.0963374305">
				<ele>889.1</ele>
				<extensions>
					<swisstopo:routepoint_id>670880927</swisstopo:routepoint_id>
				</extensions>
			</trkpt>
			<trkpt lat="46.4647773288" lon="7.0961942712">
				<ele>889.3</ele>
				<extensions>
					<swisstopo:routepoint_id>1484380818</swisstopo:routepoint_id>
				</extensions>
			</trkpt>
			<trkpt lat="46.4647444489" lon="7.0960263842">
				<ele>889.6</ele>
				<extensions>
					<swisstopo:routepoint_id>1868004273</swisstopo:routepoint_id>
				</extensions>
			</trkpt>
			<trkpt lat="46.4646983705" lon="7.0958999271">
				<ele>889.7</ele>
				<extensions>
					<swisstopo:routepoint_id>241346887</swisstopo:routepoint_id>
				</extensions>
			</trkpt>
			<trkpt lat="46.4646390112" lon="7.0957873143">
				<ele>889.9</ele>
				<extensions>
					<swisstopo:routepoint_id>1218459297</swisstopo:routepoint_id>
				</extensions>
			</trkpt>
			<trkpt lat="46.4643385371" lon="7.0952821955">
				<ele>890.3</ele>
				<extensions>
					<swisstopo:routepoint_id>1933919406</swisstopo:routepoint_id>
				</extensions>
			</trkpt>
			<trkpt lat="46.4641988218" lon="7.0950364325">
				<ele>890.4</ele>
				<extensions>
					<swisstopo:routepoint_id>1923229029</swisstopo:routepoint_id>
				</extensions>
			</trkpt>
			<trkpt lat="46.4641145510" lon="7.0948812916">
				<ele>890.5</ele>
				<extensions>
					<swisstopo:routepoint_id>982051232</swisstopo:routepoint_id>
				</extensions>
			</trkpt>
			<trkpt lat="46.4638811046" lon="7.0944969982">
				<ele>890.7</ele>
				<extensions>
					<swisstopo:routepoint_id>1145672662</swisstopo:routepoint_id>
				</extensions>
			</trkpt>
			<trkpt lat="46.4636323339" lon="7.0940907512">
				<ele>891.0</ele>
				<extensions>
					<swisstopo:routepoint_id>1835274189</swisstopo:routepoint_id>
				</extensions>
			</trkpt>
			<trkpt lat="46.4635060330" lon="7.0938821278">
				<ele>891.3</ele>
				<extensions>
					<swisstopo:routepoint_id>1407019558</swisstopo:routepoint_id>
				</extensions>
			</trkpt>
			<trkpt lat="46.4634556942" lon="7.0937931950">
				<ele>891.4</ele>
				<extensions>
					<swisstopo:routepoint_id>13499899</swisstopo:routepoint_id>
				</extensions>
			</trkpt>
			<trkpt lat="46.4631806466" lon="7.0933193231">
				<ele>891.2</ele>
				<extensions>
					<swisstopo:routepoint_id>67976129</swisstopo:routepoint_id>
				</extensions>
			</trkpt>
			<trkpt lat="46.4631097761" lon="7.0931847503">
				<ele>890.8</ele>
				<extensions>
					<swisstopo:routepoint_id>153331847</swisstopo:routepoint_id>
				</extensions>
			</trkpt>
			<trkpt lat="46.4629048177" lon="7.0927782367">
				<ele>889.2</ele>
				<extensions>
					<swisstopo:routepoint_id>1340221890</swisstopo:routepoint_id>
				</extensions>
			</trkpt>
			<trkpt lat="46.4628549555" lon="7.0926628236">
				<ele>888.9</ele>
				<extensions>
					<swisstopo:routepoint_id>1990146845</swisstopo:routepoint_id>
				</extensions>
			</trkpt>
			<trkpt lat="46.4628221959" lon="7.0925362896">
				<ele>888.6</ele>
				<extensions>
					<swisstopo:routepoint_id>1359497154</swisstopo:routepoint_id>
				</extensions>
			</trkpt>
			<trkpt lat="46.4627912513" lon="7.0923766510">
				<ele>888.4</ele>
				<extensions>
					<swisstopo:routepoint_id>1433695842</swisstopo:routepoint_id>
				</extensions>
			</trkpt>
			<trkpt lat="46.4627717474" lon="7.0922252333">
				<ele>888.2</ele>
				<extensions>
					<swisstopo:routepoint_id>904591565</swisstopo:routepoint_id>
				</extensions>
			</trkpt>
			<trkpt lat="46.4627325807" lon="7.0918672811">
				<ele>887.8</ele>
				<extensions>
					<swisstopo:routepoint_id>1748246317</swisstopo:routepoint_id>
				</extensions>
			</trkpt>
			<trkpt lat="46.4627030053" lon="7.0915340417">
				<ele>887.6</ele>
				<extensions>
					<swisstopo:routepoint_id>24380921</swisstopo:routepoint_id>
				</extensions>
			</trkpt>
			<trkpt lat="46.4626730590" lon="7.0910795818">
				<ele>887.5</ele>
				<extensions>
					<swisstopo:routepoint_id>854420630</swisstopo:routepoint_id>
				</extensions>
			</trkpt>
			<trkpt lat="46.4626725548" lon="7.0909142573">
				<ele>887.4</ele>
				<extensions>
					<swisstopo:routepoint_id>1272799371</swisstopo:routepoint_id>
				</extensions>
			</trkpt>
			<trkpt lat="46.4626778803" lon="7.0907874812">
				<ele>887.4</ele>
				<extensions>
					<swisstopo:routepoint_id>1265157874</swisstopo:routepoint_id>
				</extensions>
			</trkpt>
			<trkpt lat="46.4626927565" lon="7.0906716566">
				<ele>887.3</ele>
				<extensions>
					<swisstopo:routepoint_id>165413756</swisstopo:routepoint_id>
				</extensions>
			</trkpt>
			<trkpt lat="46.4627227788" lon="7.0905254165">
				<ele>887.2</ele>
				<extensions>
					<swisstopo:routepoint_id>516468990</swisstopo:routepoint_id>
				</extensions>
			</trkpt>
			<trkpt lat="46.4627755479" lon="7.0903487377">
				<ele>887.3</ele>
				<extensions>
					<swisstopo:routepoint_id>715304928</swisstopo:routepoint_id>
				</extensions>
			</trkpt>
			<trkpt lat="46.4629490249" lon="7.0897910044">
				<ele>888.7</ele>
				<extensions>
					<swisstopo:routepoint_id>1596312757</swisstopo:routepoint_id>
				</extensions>
			</trkpt>
			<trkpt lat="46.4629847827" lon="7.0896557659">
				<ele>889.5</ele>
				<extensions>
					<swisstopo:routepoint_id>1014741712</swisstopo:routepoint_id>
				</extensions>
			</trkpt>
			<trkpt lat="46.4630091592" lon="7.0895288661">
				<ele>890.3</ele>
				<extensions>
					<swisstopo:routepoint_id>1163051758</swisstopo:routepoint_id>
				</extensions>
			</trkpt>
			<trkpt lat="46.4630221020" lon="7.0894047862">
				<ele>891.0</ele>
				<extensions>
					<swisstopo:routepoint_id>373805719</swisstopo:routepoint_id>
				</extensions>
			</trkpt>
			<trkpt lat="46.4630235440" lon="7.0892559811">
				<ele>891.8</ele>
				<extensions>
					<swisstopo:routepoint_id>1238783112</swisstopo:routepoint_id>
				</extensions>
			</trkpt>
			<trkpt lat="46.4629983328" lon="7.0889668183">
				<ele>892.8</ele>
				<extensions>
					<swisstopo:routepoint_id>1158337481</swisstopo:routepoint_id>
				</extensions>
			</trkpt>
			<trkpt lat="46.4629781656" lon="7.0887354874">
				<ele>892.9</ele>
				<extensions>
					<swisstopo:routepoint_id>805039883</swisstopo:routepoint_id>
				</extensions>
			</trkpt>
			<trkpt lat="46.4629450970" lon="7.0885097341">
				<ele>892.3</ele>
				<extensions>
					<swisstopo:routepoint_id>313475482</swisstopo:routepoint_id>
				</extensions>
			</trkpt>
			<trkpt lat="46.4629045447" lon="7.0883253867">
				<ele>891.4</ele>
				<extensions>
					<swisstopo:routepoint_id>2025223376</swisstopo:routepoint_id>
				</extensions>
			</trkpt>
			<trkpt lat="46.4628967058" lon="7.0882510397">
				<ele>891.1</ele>
				<extensions>
					<swisstopo:routepoint_id>1512443724</swisstopo:routepoint_id>
				</extensions>
			</trkpt>
			<trkpt lat="46.4628982650" lon="7.0881408195">
				<ele>890.3</ele>
				<extensions>
					<swisstopo:routepoint_id>2049954935</swisstopo:routepoint_id>
				</extensions>
			</trkpt>
			<trkpt lat="46.4629112571" lon="7.0880332723">
				<ele>889.5</ele>
				<extensions>
					<swisstopo:routepoint_id>1183429286</swisstopo:routepoint_id>
				</extensions>
			</trkpt>
			<trkpt lat="46.4629393007" lon="7.0878649900">
				<ele>888.1</ele>
				<extensions>
					<swisstopo:routepoint_id>1548681218</swisstopo:routepoint_id>
				</extensions>
			</trkpt>
			<trkpt lat="46.4629710395" lon="7.0876581248">
				<ele>886.8</ele>
				<extensions>
					<swisstopo:routepoint_id>143198094</swisstopo:routepoint_id>
				</extensions>
			</trkpt>
			<trkpt lat="46.4629969554" lon="7.0874154847">
				<ele>885.6</ele>
				<extensions>
					<swisstopo:routepoint_id>1285662144</swisstopo:routepoint_id>
				</extensions>
			</trkpt>
			<trkpt lat="46.4630060222" lon="7.0872721502">
				<ele>885.2</ele>
				<extensions>
					<swisstopo:routepoint_id>197230495</swisstopo:routepoint_id>
				</extensions>
			</trkpt>
			<trkpt lat="46.4630037674" lon="7.0871564345">
				<ele>884.8</ele>
				<extensions>
					<swisstopo:routepoint_id>913206572</swisstopo:routepoint_id>
				</extensions>
			</trkpt>
			<trkpt lat="46.4629919691" lon="7.0870352608">
				<ele>884.5</ele>
				<extensions>
					<swisstopo:routepoint_id>1712214796</swisstopo:routepoint_id>
				</extensions>
			</trkpt>
			<trkpt lat="46.4629668231" lon="7.0869059075">
				<ele>884.3</ele>
				<extensions>
					<swisstopo:routepoint_id>733775410</swisstopo:routepoint_id>
				</extensions>
			</trkpt>
			<trkpt lat="46.4628974438" lon="7.0866363242">
				<ele>883.9</ele>
				<extensions>
					<swisstopo:routepoint_id>714167899</swisstopo:routepoint_id>
				</extensions>
			</trkpt>
			<trkpt lat="46.4628011112" lon="7.0862732255">
				<ele>883.1</ele>
				<extensions>
					<swisstopo:routepoint_id>978912738</swisstopo:routepoint_id>
				</extensions>
			</trkpt>
			<trkpt lat="46.4627126527" lon="7.0859927406">
				<ele>882.4</ele>
				<extensions>
					<swisstopo:routepoint_id>1221953057</swisstopo:routepoint_id>
				</extensions>
			</trkpt>
			<trkpt lat="46.4626608174" lon="7.0858553077">
				<ele>882.1</ele>
				<extensions>
					<swisstopo:routepoint_id>2085458592</swisstopo:routepoint_id>
				</extensions>
			</trkpt>
			<trkpt lat="46.4625994215" lon="7.0857041515">
				<ele>881.8</ele>
				<extensions>
					<swisstopo:routepoint_id>16223502</swisstopo:routepoint_id>
				</extensions>
			</trkpt>
			<trkpt lat="46.4624805107" lon="7.0854293724">
				<ele>881.3</ele>
				<extensions>
					<swisstopo:routepoint_id>1421094148</swisstopo:routepoint_id>
				</extensions>
			</trkpt>
			<trkpt lat="46.4624248350" lon="7.0852809397">
				<ele>881.0</ele>
				<extensions>
					<swisstopo:routepoint_id>819621658</swisstopo:routepoint_id>
				</extensions>
			</trkpt>
			<trkpt lat="46.4623923631" lon="7.0851730326">
				<ele>880.9</ele>
				<extensions>
					<swisstopo:routepoint_id>1365560621</swisstopo:routepoint_id>
				</extensions>
			</trkpt>
			<trkpt lat="46.4621997359" lon="7.0845329269">
				<ele>880.0</ele>
				<extensions>
					<swisstopo:routepoint_id>876182949</swisstopo:routepoint_id>
				</extensions>
			</trkpt>
			<trkpt lat="46.4620477535" lon="7.0840324187">
				<ele>879.7</ele>
				<extensions>
					<swisstopo:routepoint_id>1262323266</swisstopo:routepoint_id>
				</extensions>
			</trkpt>
			<trkpt lat="46.4620111025" lon="7.0838783580">
				<ele>879.5</ele>
				<extensions>
					<swisstopo:routepoint_id>1274484692</swisstopo:routepoint_id>
				</extensions>
			</trkpt>
			<trkpt lat="46.4619589557" lon="7.0836417356">
				<ele>879.4</ele>
				<extensions>
					<swisstopo:routepoint_id>1412608211</swisstopo:routepoint_id>
				</extensions>
			</trkpt>
			<trkpt lat="46.4619030280" lon="7.0834161515">
				<ele>879.2</ele>
				<extensions>
					<swisstopo:routepoint_id>1872088744</swisstopo:routepoint_id>
				</extensions>
			</trkpt>
			<trkpt lat="46.4618202755" lon="7.0831328791">
				<ele>879.0</ele>
				<extensions>
					<swisstopo:routepoint_id>1390794556</swisstopo:routepoint_id>
				</extensions>
			</trkpt>
			<trkpt lat="46.4617643727" lon="7.0829155751">
				<ele>878.9</ele>
				<extensions>
					<swisstopo:routepoint_id>200814399</swisstopo:routepoint_id>
				</extensions>
			</trkpt>
			<trkpt lat="46.4617083668" lon="7.0826624345">
				<ele>879.1</ele>
				<extensions>
					<swisstopo:routepoint_id>2039016175</swisstopo:routepoint_id>
				</extensions>
			</trkpt>
			<trkpt lat="46.4616136532" lon="7.0822111717">
				<ele>879.6</ele>
				<extensions>
					<swisstopo:routepoint_id>1903430441</swisstopo:routepoint_id>
				</extensions>
			</trkpt>
			<trkpt lat="46.4615402424" lon="7.0818727377">
				<ele>880.9</ele>
				<extensions>
					<swisstopo:routepoint_id>1022937468</swisstopo:routepoint_id>
				</extensions>
			</trkpt>
			<trkpt lat="46.4614708253" lon="7.0815949015">
				<ele>882.5</ele>
				<extensions>
					<swisstopo:routepoint_id>445478130</swisstopo:routepoint_id>
				</extensions>
			</trkpt>
			<trkpt lat="46.4614166930" lon="7.0814440308">
				<ele>883.3</ele>
				<extensions>
					<swisstopo:routepoint_id>60974307</swisstopo:routepoint_id>
				</extensions>
			</trkpt>
			<trkpt lat="46.4614876224" lon="7.0814376553">
				<ele>883.2</ele>
				<extensions>
					<swisstopo:routepoint_id>2060473747</swisstopo:routepoint_id>
				</extensions>
			</trkpt>
			<trkpt lat="46.4615674187" lon="7.0814304796">
				<ele>882.4</ele>
				<extensions>
					<swisstopo:routepoint_id>31043703</swisstopo:routepoint_id>
				</extensions>
			</trkpt>
			<trkpt lat="46.4617073771" lon="7.0814343775">
				<ele>880.6</ele>
				<extensions>
					<swisstopo:routepoint_id>1197875304</swisstopo:routepoint_id>
				</extensions>
			</trkpt>
			<trkpt lat="46.4618573991" lon="7.0814575149">
				<ele>878.8</ele>
				<extensions>
					<swisstopo:routepoint_id>869056593</swisstopo:routepoint_id>
				</extensions>
			</trkpt>
			<trkpt lat="46.4621858515" lon="7.0815325027">
				<ele>875.0</ele>
				<extensions>
					<swisstopo:routepoint_id>759535423</swisstopo:routepoint_id>
				</extensions>
			</trkpt>
			<trkpt lat="46.4623375677" lon="7.0815652755">
				<ele>873.4</ele>
				<extensions>
					<swisstopo:routepoint_id>1030919117</swisstopo:routepoint_id>
				</extensions>
			</trkpt>
			<trkpt lat="46.4624475818" lon="7.0815814249">
				<ele>872.5</ele>
				<extensions>
					<swisstopo:routepoint_id>1263354658</swisstopo:routepoint_id>
				</extensions>
			</trkpt>
			<trkpt lat="46.4625375684" lon="7.0815880596">
				<ele>871.9</ele>
				<extensions>
					<swisstopo:routepoint_id>1621772226</swisstopo:routepoint_id>
				</extensions>
			</trkpt>
			<trkpt lat="46.4626125387" lon="7.0815851593">
				<ele>871.5</ele>
				<extensions>
					<swisstopo:routepoint_id>1766049459</swisstopo:routepoint_id>
				</extensions>
			</trkpt>
			<trkpt lat="46.4627317486" lon="7.0815763453">
				<ele>871.1</ele>
				<extensions>
					<swisstopo:routepoint_id>1662050684</swisstopo:routepoint_id>
				</extensions>
			</trkpt>
			<trkpt lat="46.4628553665" lon="7.0815672156">
				<ele>871.3</ele>
				<extensions>
					<swisstopo:routepoint_id>1291630080</swisstopo:routepoint_id>
				</extensions>
			</trkpt>
			<trkpt lat="46.4631759058" lon="7.0816174581">
				<ele>872.9</ele>
				<extensions>
					<swisstopo:routepoint_id>479609553</swisstopo:routepoint_id>
				</extensions>
			</trkpt>
			<trkpt lat="46.4632930267" lon="7.0816595193">
				<ele>874.4</ele>
				<extensions>
					<swisstopo:routepoint_id>341310670</swisstopo:routepoint_id>
				</extensions>
			</trkpt>
			<trkpt lat="46.4634047955" lon="7.0817045971">
				<ele>875.8</ele>
				<extensions>
					<swisstopo:routepoint_id>1552592081</swisstopo:routepoint_id>
				</extensions>
			</trkpt>
			<trkpt lat="46.4635632978" lon="7.0817758864">
				<ele>877.7</ele>
				<extensions>
					<swisstopo:routepoint_id>943058363</swisstopo:routepoint_id>
				</extensions>
			</trkpt>
			<trkpt lat="46.4636358730" lon="7.0818067711">
				<ele>878.7</ele>
				<extensions>
					<swisstopo:routepoint_id>480099906</swisstopo:routepoint_id>
				</extensions>
			</trkpt>
			<trkpt lat="46.4636892183" lon="7.0818184631">
				<ele>879.3</ele>
				<extensions>
					<swisstopo:routepoint_id>1902571048</swisstopo:routepoint_id>
				</extensions>
			</trkpt>
			<trkpt lat="46.4637342034" lon="7.0818205895">
				<ele>879.9</ele>
				<extensions>
					<swisstopo:routepoint_id>1668191919</swisstopo:routepoint_id>
				</extensions>
			</trkpt>
			<trkpt lat="46.4640900897" lon="7.0818143505">
				<ele>883.8</ele>
				<extensions>
					<swisstopo:routepoint_id>743100232</swisstopo:routepoint_id>
				</extensions>
			</trkpt>
			<trkpt lat="46.4641890925" lon="7.0818129854">
				<ele>884.9</ele>
				<extensions>
					<swisstopo:routepoint_id>1146680630</swisstopo:routepoint_id>
				</extensions>
			</trkpt>
			<trkpt lat="46.4642173555" lon="7.0818125920">
				<ele>885.2</ele>
				<extensions>
					<swisstopo:routepoint_id>1220429761</swisstopo:routepoint_id>
				</extensions>
			</trkpt>
			<trkpt lat="46.4643589856" lon="7.0818189015">
				<ele>886.7</ele>
				<extensions>
					<swisstopo:routepoint_id>860752679</swisstopo:routepoint_id>
				</extensions>
			</trkpt>
			<trkpt lat="46.4644323277" lon="7.0818304756">
				<ele>887.6</ele>
				<extensions>
					<swisstopo:routepoint_id>96264410</swisstopo:routepoint_id>
				</extensions>
			</trkpt>
			<trkpt lat="46.4646107279" lon="7.0818727095">
				<ele>889.7</ele>
				<extensions>
					<swisstopo:routepoint_id>1337535258</swisstopo:routepoint_id>
				</extensions>
			</trkpt>
			<trkpt lat="46.4649399785" lon="7.0819356434">
				<ele>892.3</ele>
				<extensions>
					<swisstopo:routepoint_id>1744694428</swisstopo:routepoint_id>
				</extensions>
			</trkpt>
			<trkpt lat="46.4650018375" lon="7.0819496770">
				<ele>893.0</ele>
				<extensions>
					<swisstopo:routepoint_id>733394023</swisstopo:routepoint_id>
				</extensions>
			</trkpt>
		</trkseg>
	</trk>
</gpx>
