<?xml version="1.0"?>
<gpx version="1.1" creator="Generated by Swisstopo App. See https://www.swisstopo.ch/app for more information." xmlns="http://www.topografix.com/GPX/1/1" xmlns:xsi="http://www.w3.org/2001/XMLSchema-instance" xmlns:swisstopo="https://prod-static.swisstopo-app.ch/xmlschemas/SwisstopoExtensions" xsi:schemaLocation="http://www.topografix.com/GPX/1/1 http://www.topografix.com/GPX/1/1/gpx.xsd https://swisstopo-app.ch/xmlschemas/SwisstopoExtensions https://prod-static.swisstopo-app.ch/xmlschemas/SwisstopoExtensions.xsd">
	<metadata>
		<name>Via Alpina - Stg 20 Rossinière to Caux (Rochers de Naye)</name>
		<desc>SM - 18km to Rochers de Naye</desc>
		<time>2026-07-07T12:20:17Z</time>
		<extensions>
			<swisstopo:tour_type>0</swisstopo:tour_type>
		</extensions>
	</metadata>
	<wpt lat="46.4644048858" lon="7.0818208538">
		<ele>887.3</ele>
		<name>Starting point</name>
		<extensions>
			<swisstopo:waypoint_id>1660307178</swisstopo:waypoint_id>
			<swisstopo:waypoint_routepoint_id>1904592244</swisstopo:waypoint_routepoint_id>
			<swisstopo:waypoint_meters_into_tour>0.000000</swisstopo:waypoint_meters_into_tour>
			<swisstopo:waypoint_is_controlpoint>1</swisstopo:waypoint_is_controlpoint>
		</extensions>
	</wpt>
	<wpt lat="46.4362249806" lon="7.0469643465">
		<ele>1668.8</ele>
		<name>Waypoint</name>
		<extensions>
			<swisstopo:waypoint_id>145863279</swisstopo:waypoint_id>
			<swisstopo:waypoint_routepoint_id>998922296</swisstopo:waypoint_routepoint_id>
			<swisstopo:waypoint_meters_into_tour>7825.688999</swisstopo:waypoint_meters_into_tour>
			<swisstopo:waypoint_is_controlpoint>1</swisstopo:waypoint_is_controlpoint>
		</extensions>
	</wpt>
	<wpt lat="46.4329310139" lon="7.0356098320">
		<ele>1266.8</ele>
		<name>Waypoint</name>
		<extensions>
			<swisstopo:waypoint_id>238299007</swisstopo:waypoint_id>
			<swisstopo:waypoint_routepoint_id>194110159</swisstopo:waypoint_routepoint_id>
			<swisstopo:waypoint_meters_into_tour>9445.117450</swisstopo:waypoint_meters_into_tour>
			<swisstopo:waypoint_is_controlpoint>1</swisstopo:waypoint_is_controlpoint>
		</extensions>
	</wpt>
	<wpt lat="46.4232343324" lon="6.9951621231">
		<ele>1685.3</ele>
		<name>Waypoint</name>
		<extensions>
			<swisstopo:waypoint_id>398803449</swisstopo:waypoint_id>
			<swisstopo:waypoint_routepoint_id>698419946</swisstopo:waypoint_routepoint_id>
			<swisstopo:waypoint_meters_into_tour>15660.995235</swisstopo:waypoint_meters_into_tour>
			<swisstopo:waypoint_is_controlpoint>1</swisstopo:waypoint_is_controlpoint>
		</extensions>
	</wpt>
	<wpt lat="46.4311453383" lon="6.9806441458">
		<ele>1985.5</ele>
		<name>Waypoint</name>
		<extensions>
			<swisstopo:waypoint_id>1056038123</swisstopo:waypoint_id>
			<swisstopo:waypoint_routepoint_id>74272783</swisstopo:waypoint_routepoint_id>
			<swisstopo:waypoint_meters_into_tour>18102.946884</swisstopo:waypoint_meters_into_tour>
			<swisstopo:waypoint_is_controlpoint>1</swisstopo:waypoint_is_controlpoint>
		</extensions>
	</wpt>
	<wpt lat="46.4194853407" lon="6.9525004089">
		<ele>1405.5</ele>
		<name>Waypoint</name>
		<extensions>
			<swisstopo:waypoint_id>587762772</swisstopo:waypoint_id>
			<swisstopo:waypoint_routepoint_id>867116184</swisstopo:waypoint_routepoint_id>
			<swisstopo:waypoint_meters_into_tour>21842.475277</swisstopo:waypoint_meters_into_tour>
			<swisstopo:waypoint_is_controlpoint>1</swisstopo:waypoint_is_controlpoint>
		</extensions>
	</wpt>
	<wpt lat="46.4340631194" lon="6.9464241765">
		<ele>1155.1</ele>
		<name>Destination</name>
		<extensions>
			<swisstopo:waypoint_id>227403741</swisstopo:waypoint_id>
			<swisstopo:waypoint_routepoint_id>679105962</swisstopo:waypoint_routepoint_id>
			<swisstopo:waypoint_meters_into_tour>25132.875168</swisstopo:waypoint_meters_into_tour>
			<swisstopo:waypoint_is_controlpoint>1</swisstopo:waypoint_is_controlpoint>
			<swisstopo:waypoint_stage_before distance="25132.875168" duration="32346.973936" ascent="1808.300000" descent="1540.500000" />
		</extensions>
	</wpt>
	<trk>
		<name>Swisstopo Route</name>
		<trkseg>
			<trkpt lat="46.4644048858" lon="7.0818208538">
				<ele>887.3</ele>
				<extensions>
					<swisstopo:routepoint_id>1904592244</swisstopo:routepoint_id>
				</extensions>
			</trkpt>
			<trkpt lat="46.4643599903" lon="7.0818137677">
				<ele>886.7</ele>
				<extensions>
					<swisstopo:routepoint_id>295908207</swisstopo:routepoint_id>
				</extensions>
			</trkpt>
			<trkpt lat="46.4642183603" lon="7.0818074550">
				<ele>885.2</ele>
				<extensions>
					<swisstopo:routepoint_id>344366296</swisstopo:routepoint_id>
				</extensions>
			</trkpt>
			<trkpt lat="46.4641900974" lon="7.0818078477">
				<ele>884.9</ele>
				<extensions>
					<swisstopo:routepoint_id>1410380726</swisstopo:routepoint_id>
				</extensions>
			</trkpt>
			<trkpt lat="46.4640910946" lon="7.0818092106">
				<ele>883.8</ele>
				<extensions>
					<swisstopo:routepoint_id>1997434090</swisstopo:routepoint_id>
				</extensions>
			</trkpt>
			<trkpt lat="46.4637352085" lon="7.0818154414">
				<ele>879.9</ele>
				<extensions>
					<swisstopo:routepoint_id>1539274436</swisstopo:routepoint_id>
				</extensions>
			</trkpt>
			<trkpt lat="46.4636902235" lon="7.0818133140">
				<ele>879.3</ele>
				<extensions>
					<swisstopo:routepoint_id>62700438</swisstopo:routepoint_id>
				</extensions>
			</trkpt>
			<trkpt lat="46.4636368783" lon="7.0818016207">
				<ele>878.7</ele>
				<extensions>
					<swisstopo:routepoint_id>23769540</swisstopo:routepoint_id>
				</extensions>
			</trkpt>
			<trkpt lat="46.4635643035" lon="7.0817707343">
				<ele>877.7</ele>
				<extensions>
					<swisstopo:routepoint_id>1576338997</swisstopo:routepoint_id>
				</extensions>
			</trkpt>
			<trkpt lat="46.4634058022" lon="7.0816994411">
				<ele>875.8</ele>
				<extensions>
					<swisstopo:routepoint_id>269950723</swisstopo:routepoint_id>
				</extensions>
			</trkpt>
			<trkpt lat="46.4632940339" lon="7.0816543606">
				<ele>874.4</ele>
				<extensions>
					<swisstopo:routepoint_id>1368466699</swisstopo:routepoint_id>
				</extensions>
			</trkpt>
			<trkpt lat="46.4631769136" lon="7.0816122966">
				<ele>872.9</ele>
				<extensions>
					<swisstopo:routepoint_id>1186327521</swisstopo:routepoint_id>
				</extensions>
			</trkpt>
			<trkpt lat="46.4628563751" lon="7.0815620466">
				<ele>871.3</ele>
				<extensions>
					<swisstopo:routepoint_id>1603623853</swisstopo:routepoint_id>
				</extensions>
			</trkpt>
			<trkpt lat="46.4627327572" lon="7.0815711735">
				<ele>871.1</ele>
				<extensions>
					<swisstopo:routepoint_id>1939308796</swisstopo:routepoint_id>
				</extensions>
			</trkpt>
			<trkpt lat="46.4626135473" lon="7.0815799848">
				<ele>871.5</ele>
				<extensions>
					<swisstopo:routepoint_id>1563803426</swisstopo:routepoint_id>
				</extensions>
			</trkpt>
			<trkpt lat="46.4625385770" lon="7.0815828834">
				<ele>871.9</ele>
				<extensions>
					<swisstopo:routepoint_id>1627539895</swisstopo:routepoint_id>
				</extensions>
			</trkpt>
			<trkpt lat="46.4624485906" lon="7.0815762466">
				<ele>872.5</ele>
				<extensions>
					<swisstopo:routepoint_id>1714429442</swisstopo:routepoint_id>
				</extensions>
			</trkpt>
			<trkpt lat="46.4623385767" lon="7.0815600946">
				<ele>873.4</ele>
				<extensions>
					<swisstopo:routepoint_id>665800216</swisstopo:routepoint_id>
				</extensions>
			</trkpt>
			<trkpt lat="46.4621868610" lon="7.0815273183">
				<ele>875.0</ele>
				<extensions>
					<swisstopo:routepoint_id>331355441</swisstopo:routepoint_id>
				</extensions>
			</trkpt>
			<trkpt lat="46.4618584097" lon="7.0814523227">
				<ele>878.8</ele>
				<extensions>
					<swisstopo:routepoint_id>647957454</swisstopo:routepoint_id>
				</extensions>
			</trkpt>
			<trkpt lat="46.4617083881" lon="7.0814291818">
				<ele>880.6</ele>
				<extensions>
					<swisstopo:routepoint_id>976225562</swisstopo:routepoint_id>
				</extensions>
			</trkpt>
			<trkpt lat="46.4615684298" lon="7.0814252807">
				<ele>882.4</ele>
				<extensions>
					<swisstopo:routepoint_id>1851874619</swisstopo:routepoint_id>
				</extensions>
			</trkpt>
			<trkpt lat="46.4614886335" lon="7.0814324545">
				<ele>883.2</ele>
				<extensions>
					<swisstopo:routepoint_id>1887319887</swisstopo:routepoint_id>
				</extensions>
			</trkpt>
			<trkpt lat="46.4614177041" lon="7.0814388284">
				<ele>883.3</ele>
				<extensions>
					<swisstopo:routepoint_id>656866381</swisstopo:routepoint_id>
				</extensions>
			</trkpt>
			<trkpt lat="46.4613610329" lon="7.0814132942">
				<ele>883.5</ele>
				<extensions>
					<swisstopo:routepoint_id>427184786</swisstopo:routepoint_id>
				</extensions>
			</trkpt>
			<trkpt lat="46.4612031143" lon="7.0813790882">
				<ele>883.3</ele>
				<extensions>
					<swisstopo:routepoint_id>1115357407</swisstopo:routepoint_id>
				</extensions>
			</trkpt>
			<trkpt lat="46.4609561951" lon="7.0813485370">
				<ele>884.0</ele>
				<extensions>
					<swisstopo:routepoint_id>986219679</swisstopo:routepoint_id>
				</extensions>
			</trkpt>
			<trkpt lat="46.4606627079" lon="7.0813074470">
				<ele>885.9</ele>
				<extensions>
					<swisstopo:routepoint_id>846555922</swisstopo:routepoint_id>
				</extensions>
			</trkpt>
			<trkpt lat="46.4604182043" lon="7.0812784298">
				<ele>891.6</ele>
				<extensions>
					<swisstopo:routepoint_id>252019058</swisstopo:routepoint_id>
				</extensions>
			</trkpt>
			<trkpt lat="46.4603613205" lon="7.0812915459">
				<ele>893.8</ele>
				<extensions>
					<swisstopo:routepoint_id>2062018392</swisstopo:routepoint_id>
				</extensions>
			</trkpt>
			<trkpt lat="46.4602525707" lon="7.0813200756">
				<ele>897.7</ele>
				<extensions>
					<swisstopo:routepoint_id>1865866498</swisstopo:routepoint_id>
				</extensions>
			</trkpt>
			<trkpt lat="46.4601935288" lon="7.0813190692">
				<ele>899.7</ele>
				<extensions>
					<swisstopo:routepoint_id>294500398</swisstopo:routepoint_id>
				</extensions>
			</trkpt>
			<trkpt lat="46.4601475146" lon="7.0812985816">
				<ele>901.8</ele>
				<extensions>
					<swisstopo:routepoint_id>853797836</swisstopo:routepoint_id>
				</extensions>
			</trkpt>
			<trkpt lat="46.4601071969" lon="7.0812614463">
				<ele>903.4</ele>
				<extensions>
					<swisstopo:routepoint_id>1502279945</swisstopo:routepoint_id>
				</extensions>
			</trkpt>
			<trkpt lat="46.4600610830" lon="7.0812118785">
				<ele>905.7</ele>
				<extensions>
					<swisstopo:routepoint_id>1858933443</swisstopo:routepoint_id>
				</extensions>
			</trkpt>
			<trkpt lat="46.4600050465" lon="7.0811045139">
				<ele>906.7</ele>
				<extensions>
					<swisstopo:routepoint_id>1805545479</swisstopo:routepoint_id>
				</extensions>
			</trkpt>
			<trkpt lat="46.4597919897" lon="7.0806695044">
				<ele>907.8</ele>
				<extensions>
					<swisstopo:routepoint_id>1951331488</swisstopo:routepoint_id>
				</extensions>
			</trkpt>
			<trkpt lat="46.4596329128" lon="7.0803399090">
				<ele>908.4</ele>
				<extensions>
					<swisstopo:routepoint_id>1203867125</swisstopo:routepoint_id>
				</extensions>
			</trkpt>
			<trkpt lat="46.4595849981" lon="7.0802382725">
				<ele>909.5</ele>
				<extensions>
					<swisstopo:routepoint_id>365119572</swisstopo:routepoint_id>
				</extensions>
			</trkpt>
			<trkpt lat="46.4595046308" lon="7.0801120642">
				<ele>911.0</ele>
				<extensions>
					<swisstopo:routepoint_id>590461537</swisstopo:routepoint_id>
				</extensions>
			</trkpt>
			<trkpt lat="46.4593902410" lon="7.0799481348">
				<ele>913.4</ele>
				<extensions>
					<swisstopo:routepoint_id>1117028173</swisstopo:routepoint_id>
				</extensions>
			</trkpt>
			<trkpt lat="46.4592700055" lon="7.0797936036">
				<ele>916.8</ele>
				<extensions>
					<swisstopo:routepoint_id>1536411043</swisstopo:routepoint_id>
				</extensions>
			</trkpt>
			<trkpt lat="46.4591933734" lon="7.0796453213">
				<ele>919.4</ele>
				<extensions>
					<swisstopo:routepoint_id>2058261617</swisstopo:routepoint_id>
				</extensions>
			</trkpt>
			<trkpt lat="46.4591358110" lon="7.0795051798">
				<ele>921.0</ele>
				<extensions>
					<swisstopo:routepoint_id>613816994</swisstopo:routepoint_id>
				</extensions>
			</trkpt>
			<trkpt lat="46.4590897163" lon="7.0793787484">
				<ele>922.7</ele>
				<extensions>
					<swisstopo:routepoint_id>1211965027</swisstopo:routepoint_id>
				</extensions>
			</trkpt>
			<trkpt lat="46.4590357421" lon="7.0791696974">
				<ele>923.7</ele>
				<extensions>
					<swisstopo:routepoint_id>1013441112</swisstopo:routepoint_id>
				</extensions>
			</trkpt>
			<trkpt lat="46.4589971356" lon="7.0790018748">
				<ele>928.5</ele>
				<extensions>
					<swisstopo:routepoint_id>755199726</swisstopo:routepoint_id>
				</extensions>
			</trkpt>
			<trkpt lat="46.4589653872" lon="7.0788838757">
				<ele>929.2</ele>
				<extensions>
					<swisstopo:routepoint_id>278973761</swisstopo:routepoint_id>
				</extensions>
			</trkpt>
			<trkpt lat="46.4589416098" lon="7.0789030503">
				<ele>930.7</ele>
				<extensions>
					<swisstopo:routepoint_id>472777323</swisstopo:routepoint_id>
				</extensions>
			</trkpt>
			<trkpt lat="46.4589188648" lon="7.0789362635">
				<ele>932.1</ele>
				<extensions>
					<swisstopo:routepoint_id>1544166874</swisstopo:routepoint_id>
				</extensions>
			</trkpt>
			<trkpt lat="46.4589132739" lon="7.0789748829">
				<ele>932.7</ele>
				<extensions>
					<swisstopo:routepoint_id>1043232026</swisstopo:routepoint_id>
				</extensions>
			</trkpt>
			<trkpt lat="46.4588964056" lon="7.0790603989">
				<ele>933.5</ele>
				<extensions>
					<swisstopo:routepoint_id>1852773018</swisstopo:routepoint_id>
				</extensions>
			</trkpt>
			<trkpt lat="46.4588943351" lon="7.0792170860">
				<ele>933.6</ele>
				<extensions>
					<swisstopo:routepoint_id>81757293</swisstopo:routepoint_id>
				</extensions>
			</trkpt>
			<trkpt lat="46.4588906864" lon="7.0793472544">
				<ele>935.2</ele>
				<extensions>
					<swisstopo:routepoint_id>1080199233</swisstopo:routepoint_id>
				</extensions>
			</trkpt>
			<trkpt lat="46.4588874264" lon="7.0795236051">
				<ele>937.8</ele>
				<extensions>
					<swisstopo:routepoint_id>742298608</swisstopo:routepoint_id>
				</extensions>
			</trkpt>
			<trkpt lat="46.4588915860" lon="7.0796337931">
				<ele>938.8</ele>
				<extensions>
					<swisstopo:routepoint_id>973803485</swisstopo:routepoint_id>
				</extensions>
			</trkpt>
			<trkpt lat="46.4588918800" lon="7.0797274751">
				<ele>939.5</ele>
				<extensions>
					<swisstopo:routepoint_id>1571029050</swisstopo:routepoint_id>
				</extensions>
			</trkpt>
			<trkpt lat="46.4588902145" lon="7.0798046250">
				<ele>941.0</ele>
				<extensions>
					<swisstopo:routepoint_id>502369801</swisstopo:routepoint_id>
				</extensions>
			</trkpt>
			<trkpt lat="46.4589095093" lon="7.0798844101">
				<ele>941.6</ele>
				<extensions>
					<swisstopo:routepoint_id>636468044</swisstopo:routepoint_id>
				</extensions>
			</trkpt>
			<trkpt lat="46.4589304999" lon="7.0799948134">
				<ele>943.2</ele>
				<extensions>
					<swisstopo:routepoint_id>726045014</swisstopo:routepoint_id>
				</extensions>
			</trkpt>
			<trkpt lat="46.4589579612" lon="7.0801285917">
				<ele>945.0</ele>
				<extensions>
					<swisstopo:routepoint_id>998846059</swisstopo:routepoint_id>
				</extensions>
			</trkpt>
			<trkpt lat="46.4589782552" lon="7.0802235223">
				<ele>946.6</ele>
				<extensions>
					<swisstopo:routepoint_id>265572075</swisstopo:routepoint_id>
				</extensions>
			</trkpt>
			<trkpt lat="46.4590361218" lon="7.0804607826">
				<ele>949.2</ele>
				<extensions>
					<swisstopo:routepoint_id>1883775628</swisstopo:routepoint_id>
				</extensions>
			</trkpt>
			<trkpt lat="46.4590477456" lon="7.0805247635">
				<ele>950.2</ele>
				<extensions>
					<swisstopo:routepoint_id>228187189</swisstopo:routepoint_id>
				</extensions>
			</trkpt>
			<trkpt lat="46.4590551410" lon="7.0806053169">
				<ele>951.3</ele>
				<extensions>
					<swisstopo:routepoint_id>1125311874</swisstopo:routepoint_id>
				</extensions>
			</trkpt>
			<trkpt lat="46.4590683291" lon="7.0807147434">
				<ele>953.3</ele>
				<extensions>
					<swisstopo:routepoint_id>835320159</swisstopo:routepoint_id>
				</extensions>
			</trkpt>
			<trkpt lat="46.4590858520" lon="7.0808668898">
				<ele>953.9</ele>
				<extensions>
					<swisstopo:routepoint_id>1681289055</swisstopo:routepoint_id>
				</extensions>
			</trkpt>
			<trkpt lat="46.4590918228" lon="7.0809495094">
				<ele>954.8</ele>
				<extensions>
					<swisstopo:routepoint_id>2052137125</swisstopo:routepoint_id>
				</extensions>
			</trkpt>
			<trkpt lat="46.4591015725" lon="7.0810210785">
				<ele>955.2</ele>
				<extensions>
					<swisstopo:routepoint_id>1265332017</swisstopo:routepoint_id>
				</extensions>
			</trkpt>
			<trkpt lat="46.4591151701" lon="7.0811091675">
				<ele>956.6</ele>
				<extensions>
					<swisstopo:routepoint_id>2002919706</swisstopo:routepoint_id>
				</extensions>
			</trkpt>
			<trkpt lat="46.4591268098" lon="7.0811779649">
				<ele>958.3</ele>
				<extensions>
					<swisstopo:routepoint_id>1628332661</swisstopo:routepoint_id>
				</extensions>
			</trkpt>
			<trkpt lat="46.4591613587" lon="7.0812659167">
				<ele>959.1</ele>
				<extensions>
					<swisstopo:routepoint_id>974495069</swisstopo:routepoint_id>
				</extensions>
			</trkpt>
			<trkpt lat="46.4591902028" lon="7.0813566528">
				<ele>959.8</ele>
				<extensions>
					<swisstopo:routepoint_id>1109767952</swisstopo:routepoint_id>
				</extensions>
			</trkpt>
			<trkpt lat="46.4592075717" lon="7.0814309320">
				<ele>959.5</ele>
				<extensions>
					<swisstopo:routepoint_id>1894558803</swisstopo:routepoint_id>
				</extensions>
			</trkpt>
			<trkpt lat="46.4592140333" lon="7.0815439176">
				<ele>962.3</ele>
				<extensions>
					<swisstopo:routepoint_id>1496847623</swisstopo:routepoint_id>
				</extensions>
			</trkpt>
			<trkpt lat="46.4592071373" lon="7.0817181449">
				<ele>965.7</ele>
				<extensions>
					<swisstopo:routepoint_id>166705273</swisstopo:routepoint_id>
				</extensions>
			</trkpt>
			<trkpt lat="46.4591958675" lon="7.0817678138">
				<ele>967.1</ele>
				<extensions>
					<swisstopo:routepoint_id>1111764260</swisstopo:routepoint_id>
				</extensions>
			</trkpt>
			<trkpt lat="46.4591845849" lon="7.0818133566">
				<ele>966.5</ele>
				<extensions>
					<swisstopo:routepoint_id>305316249</swisstopo:routepoint_id>
				</extensions>
			</trkpt>
			<trkpt lat="46.4591761862" lon="7.0818692030">
				<ele>965.7</ele>
				<extensions>
					<swisstopo:routepoint_id>276391530</swisstopo:routepoint_id>
				</extensions>
			</trkpt>
			<trkpt lat="46.4591906128" lon="7.0819145643">
				<ele>965.6</ele>
				<extensions>
					<swisstopo:routepoint_id>70419461</swisstopo:routepoint_id>
				</extensions>
			</trkpt>
			<trkpt lat="46.4592165197" lon="7.0819805223">
				<ele>966.4</ele>
				<extensions>
					<swisstopo:routepoint_id>1866642412</swisstopo:routepoint_id>
				</extensions>
			</trkpt>
			<trkpt lat="46.4592208849" lon="7.0820073611">
				<ele>966.9</ele>
				<extensions>
					<swisstopo:routepoint_id>633610434</swisstopo:routepoint_id>
				</extensions>
			</trkpt>
			<trkpt lat="46.4592168417" lon="7.0820838502">
				<ele>968.3</ele>
				<extensions>
					<swisstopo:routepoint_id>59707769</swisstopo:routepoint_id>
				</extensions>
			</trkpt>
			<trkpt lat="46.4592142026" lon="7.0821520643">
				<ele>969.1</ele>
				<extensions>
					<swisstopo:routepoint_id>931725499</swisstopo:routepoint_id>
				</extensions>
			</trkpt>
			<trkpt lat="46.4592115481" lon="7.0822182086">
				<ele>970.2</ele>
				<extensions>
					<swisstopo:routepoint_id>251640806</swisstopo:routepoint_id>
				</extensions>
			</trkpt>
			<trkpt lat="46.4592033446" lon="7.0823339847">
				<ele>971.8</ele>
				<extensions>
					<swisstopo:routepoint_id>1106786160</swisstopo:routepoint_id>
				</extensions>
			</trkpt>
			<trkpt lat="46.4591992527" lon="7.0823980686">
				<ele>972.2</ele>
				<extensions>
					<swisstopo:routepoint_id>399357005</swisstopo:routepoint_id>
				</extensions>
			</trkpt>
			<trkpt lat="46.4592023964" lon="7.0824889729">
				<ele>974.1</ele>
				<extensions>
					<swisstopo:routepoint_id>70937870</swisstopo:routepoint_id>
				</extensions>
			</trkpt>
			<trkpt lat="46.4592154961" lon="7.0825674198">
				<ele>974.5</ele>
				<extensions>
					<swisstopo:routepoint_id>694579166</swisstopo:routepoint_id>
				</extensions>
			</trkpt>
			<trkpt lat="46.4592230065" lon="7.0827175494">
				<ele>976.2</ele>
				<extensions>
					<swisstopo:routepoint_id>1226152654</swisstopo:routepoint_id>
				</extensions>
			</trkpt>
			<trkpt lat="46.4592385960" lon="7.0828304237">
				<ele>976.8</ele>
				<extensions>
					<swisstopo:routepoint_id>1456303759</swisstopo:routepoint_id>
				</extensions>
			</trkpt>
			<trkpt lat="46.4592502775" lon="7.0829130066">
				<ele>978.4</ele>
				<extensions>
					<swisstopo:routepoint_id>1039265830</swisstopo:routepoint_id>
				</extensions>
			</trkpt>
			<trkpt lat="46.4592581538" lon="7.0829983605">
				<ele>979.9</ele>
				<extensions>
					<swisstopo:routepoint_id>1440832086</swisstopo:routepoint_id>
				</extensions>
			</trkpt>
			<trkpt lat="46.4592754351" lon="7.0830450967">
				<ele>980.0</ele>
				<extensions>
					<swisstopo:routepoint_id>528555554</swisstopo:routepoint_id>
				</extensions>
			</trkpt>
			<trkpt lat="46.4592908370" lon="7.0830973388">
				<ele>980.3</ele>
				<extensions>
					<swisstopo:routepoint_id>655380031</swisstopo:routepoint_id>
				</extensions>
			</trkpt>
			<trkpt lat="46.4592949757" lon="7.0832047682">
				<ele>982.2</ele>
				<extensions>
					<swisstopo:routepoint_id>1625441474</swisstopo:routepoint_id>
				</extensions>
			</trkpt>
			<trkpt lat="46.4593123168" lon="7.0832707827">
				<ele>982.9</ele>
				<extensions>
					<swisstopo:routepoint_id>852599294</swisstopo:routepoint_id>
				</extensions>
			</trkpt>
			<trkpt lat="46.4593243114" lon="7.0833584791">
				<ele>983.6</ele>
				<extensions>
					<swisstopo:routepoint_id>1285193260</swisstopo:routepoint_id>
				</extensions>
			</trkpt>
			<trkpt lat="46.4593224938" lon="7.0834828830">
				<ele>985.4</ele>
				<extensions>
					<swisstopo:routepoint_id>663602533</swisstopo:routepoint_id>
				</extensions>
			</trkpt>
			<trkpt lat="46.4593208261" lon="7.0835572873">
				<ele>986.4</ele>
				<extensions>
					<swisstopo:routepoint_id>953610642</swisstopo:routepoint_id>
				</extensions>
			</trkpt>
			<trkpt lat="46.4593209714" lon="7.0836041219">
				<ele>986.6</ele>
				<extensions>
					<swisstopo:routepoint_id>705109084</swisstopo:routepoint_id>
				</extensions>
			</trkpt>
			<trkpt lat="46.4593174143" lon="7.0836868042">
				<ele>987.5</ele>
				<extensions>
					<swisstopo:routepoint_id>53578911</swisstopo:routepoint_id>
				</extensions>
			</trkpt>
			<trkpt lat="46.4593024328" lon="7.0837668008">
				<ele>988.4</ele>
				<extensions>
					<swisstopo:routepoint_id>1763656236</swisstopo:routepoint_id>
				</extensions>
			</trkpt>
			<trkpt lat="46.4592799341" lon="7.0838799227">
				<ele>990.3</ele>
				<extensions>
					<swisstopo:routepoint_id>987663757</swisstopo:routepoint_id>
				</extensions>
			</trkpt>
			<trkpt lat="46.4592578643" lon="7.0839687648">
				<ele>991.8</ele>
				<extensions>
					<swisstopo:routepoint_id>1098013604</swisstopo:routepoint_id>
				</extensions>
			</trkpt>
			<trkpt lat="46.4592327088" lon="7.0840662057">
				<ele>993.7</ele>
				<extensions>
					<swisstopo:routepoint_id>1557875804</swisstopo:routepoint_id>
				</extensions>
			</trkpt>
			<trkpt lat="46.4592316058" lon="7.0841691391">
				<ele>993.6</ele>
				<extensions>
					<swisstopo:routepoint_id>1032883215</swisstopo:routepoint_id>
				</extensions>
			</trkpt>
			<trkpt lat="46.4592362366" lon="7.0842843890">
				<ele>995.7</ele>
				<extensions>
					<swisstopo:routepoint_id>367664862</swisstopo:routepoint_id>
				</extensions>
			</trkpt>
			<trkpt lat="46.4592539892" lon="7.0845066065">
				<ele>999.6</ele>
				<extensions>
					<swisstopo:routepoint_id>1313274504</swisstopo:routepoint_id>
				</extensions>
			</trkpt>
			<trkpt lat="46.4592656683" lon="7.0845976772">
				<ele>1000.3</ele>
				<extensions>
					<swisstopo:routepoint_id>2072942255</swisstopo:routepoint_id>
				</extensions>
			</trkpt>
			<trkpt lat="46.4592891554" lon="7.0848357519">
				<ele>1001.5</ele>
				<extensions>
					<swisstopo:routepoint_id>1159409298</swisstopo:routepoint_id>
				</extensions>
			</trkpt>
			<trkpt lat="46.4593066970" lon="7.0849900218">
				<ele>1002.7</ele>
				<extensions>
					<swisstopo:routepoint_id>325890564</swisstopo:routepoint_id>
				</extensions>
			</trkpt>
			<trkpt lat="46.4593127595" lon="7.0851093761">
				<ele>1004.6</ele>
				<extensions>
					<swisstopo:routepoint_id>1479504911</swisstopo:routepoint_id>
				</extensions>
			</trkpt>
			<trkpt lat="46.4593354975" lon="7.0853207179">
				<ele>1006.1</ele>
				<extensions>
					<swisstopo:routepoint_id>1063160793</swisstopo:routepoint_id>
				</extensions>
			</trkpt>
			<trkpt lat="46.4593315276" lon="7.0854131008">
				<ele>1007.1</ele>
				<extensions>
					<swisstopo:routepoint_id>574020331</swisstopo:routepoint_id>
				</extensions>
			</trkpt>
			<trkpt lat="46.4593176329" lon="7.0855076041">
				<ele>1008.8</ele>
				<extensions>
					<swisstopo:routepoint_id>1583654807</swisstopo:routepoint_id>
				</extensions>
			</trkpt>
			<trkpt lat="46.4592981253" lon="7.0856226584">
				<ele>1009.0</ele>
				<extensions>
					<swisstopo:routepoint_id>1259426577</swisstopo:routepoint_id>
				</extensions>
			</trkpt>
			<trkpt lat="46.4592626810" lon="7.0858847932">
				<ele>1012.9</ele>
				<extensions>
					<swisstopo:routepoint_id>2087249646</swisstopo:routepoint_id>
				</extensions>
			</trkpt>
			<trkpt lat="46.4592338982" lon="7.0861134425">
				<ele>1016.1</ele>
				<extensions>
					<swisstopo:routepoint_id>279308563</swisstopo:routepoint_id>
				</extensions>
			</trkpt>
			<trkpt lat="46.4592243692" lon="7.0862643596">
				<ele>1017.3</ele>
				<extensions>
					<swisstopo:routepoint_id>344109762</swisstopo:routepoint_id>
				</extensions>
			</trkpt>
			<trkpt lat="46.4592248083" lon="7.0864069469">
				<ele>1018.4</ele>
				<extensions>
					<swisstopo:routepoint_id>953974952</swisstopo:routepoint_id>
				</extensions>
			</trkpt>
			<trkpt lat="46.4592367798" lon="7.0865845793">
				<ele>1019.3</ele>
				<extensions>
					<swisstopo:routepoint_id>1680657249</swisstopo:routepoint_id>
				</extensions>
			</trkpt>
			<trkpt lat="46.4592442395" lon="7.0866878612">
				<ele>1020.6</ele>
				<extensions>
					<swisstopo:routepoint_id>1482396528</swisstopo:routepoint_id>
				</extensions>
			</trkpt>
			<trkpt lat="46.4592646919" lon="7.0868385724">
				<ele>1022.8</ele>
				<extensions>
					<swisstopo:routepoint_id>895778114</swisstopo:routepoint_id>
				</extensions>
			</trkpt>
			<trkpt lat="46.4592778002" lon="7.0869211465">
				<ele>1023.8</ele>
				<extensions>
					<swisstopo:routepoint_id>1402491598</swisstopo:routepoint_id>
				</extensions>
			</trkpt>
			<trkpt lat="46.4593192522" lon="7.0870939171">
				<ele>1025.3</ele>
				<extensions>
					<swisstopo:routepoint_id>275051306</swisstopo:routepoint_id>
				</extensions>
			</trkpt>
			<trkpt lat="46.4593405076" lon="7.0871812951">
				<ele>1025.0</ele>
				<extensions>
					<swisstopo:routepoint_id>609366607</swisstopo:routepoint_id>
				</extensions>
			</trkpt>
			<trkpt lat="46.4593593826" lon="7.0872844902">
				<ele>1026.2</ele>
				<extensions>
					<swisstopo:routepoint_id>1805471131</swisstopo:routepoint_id>
				</extensions>
			</trkpt>
			<trkpt lat="46.4593711563" lon="7.0874038867">
				<ele>1027.1</ele>
				<extensions>
					<swisstopo:routepoint_id>1597272033</swisstopo:routepoint_id>
				</extensions>
			</trkpt>
			<trkpt lat="46.4593714334" lon="7.0874941844">
				<ele>1025.5</ele>
				<extensions>
					<swisstopo:routepoint_id>1174458230</swisstopo:routepoint_id>
				</extensions>
			</trkpt>
			<trkpt lat="46.4593718428" lon="7.0876275950">
				<ele>1025.3</ele>
				<extensions>
					<swisstopo:routepoint_id>804913069</swisstopo:routepoint_id>
				</extensions>
			</trkpt>
			<trkpt lat="46.4593666767" lon="7.0877938704">
				<ele>1030.3</ele>
				<extensions>
					<swisstopo:routepoint_id>1035521651</swisstopo:routepoint_id>
				</extensions>
			</trkpt>
			<trkpt lat="46.4593542324" lon="7.0878986217">
				<ele>1031.7</ele>
				<extensions>
					<swisstopo:routepoint_id>1663284950</swisstopo:routepoint_id>
				</extensions>
			</trkpt>
			<trkpt lat="46.4593233378" lon="7.0879973339">
				<ele>1031.4</ele>
				<extensions>
					<swisstopo:routepoint_id>1737302966</swisstopo:routepoint_id>
				</extensions>
			</trkpt>
			<trkpt lat="46.4592839817" lon="7.0881145715">
				<ele>1031.2</ele>
				<extensions>
					<swisstopo:routepoint_id>2025052546</swisstopo:routepoint_id>
				</extensions>
			</trkpt>
			<trkpt lat="46.4592209832" lon="7.0883020710">
				<ele>1033.6</ele>
				<extensions>
					<swisstopo:routepoint_id>1121841137</swisstopo:routepoint_id>
				</extensions>
			</trkpt>
			<trkpt lat="46.4591674926" lon="7.0885070047">
				<ele>1035.9</ele>
				<extensions>
					<swisstopo:routepoint_id>1955635096</swisstopo:routepoint_id>
				</extensions>
			</trkpt>
			<trkpt lat="46.4591139436" lon="7.0887429310">
				<ele>1037.4</ele>
				<extensions>
					<swisstopo:routepoint_id>1179590479</swisstopo:routepoint_id>
				</extensions>
			</trkpt>
			<trkpt lat="46.4590520249" lon="7.0890429688">
				<ele>1040.9</ele>
				<extensions>
					<swisstopo:routepoint_id>227634198</swisstopo:routepoint_id>
				</extensions>
			</trkpt>
			<trkpt lat="46.4589880486" lon="7.0893937191">
				<ele>1044.0</ele>
				<extensions>
					<swisstopo:routepoint_id>1170671316</swisstopo:routepoint_id>
				</extensions>
			</trkpt>
			<trkpt lat="46.4589748601" lon="7.0894583819">
				<ele>1044.5</ele>
				<extensions>
					<swisstopo:routepoint_id>1410174344</swisstopo:routepoint_id>
				</extensions>
			</trkpt>
			<trkpt lat="46.4589328345" lon="7.0897272968">
				<ele>1048.5</ele>
				<extensions>
					<swisstopo:routepoint_id>833037191</swisstopo:routepoint_id>
				</extensions>
			</trkpt>
			<trkpt lat="46.4588884645" lon="7.0900065483">
				<ele>1049.5</ele>
				<extensions>
					<swisstopo:routepoint_id>1496401144</swisstopo:routepoint_id>
				</extensions>
			</trkpt>
			<trkpt lat="46.4588674870" lon="7.0901513276">
				<ele>1050.4</ele>
				<extensions>
					<swisstopo:routepoint_id>1691422469</swisstopo:routepoint_id>
				</extensions>
			</trkpt>
			<trkpt lat="46.4588605432" lon="7.0902168219">
				<ele>1050.7</ele>
				<extensions>
					<swisstopo:routepoint_id>1645563505</swisstopo:routepoint_id>
				</extensions>
			</trkpt>
			<trkpt lat="46.4588393243" lon="7.0902823936">
				<ele>1052.1</ele>
				<extensions>
					<swisstopo:routepoint_id>1043238059</swisstopo:routepoint_id>
				</extensions>
			</trkpt>
			<trkpt lat="46.4588155852" lon="7.0903032034">
				<ele>1053.7</ele>
				<extensions>
					<swisstopo:routepoint_id>1070290133</swisstopo:routepoint_id>
				</extensions>
			</trkpt>
			<trkpt lat="46.4587846190" lon="7.0902965143">
				<ele>1055.7</ele>
				<extensions>
					<swisstopo:routepoint_id>1106962642</swisstopo:routepoint_id>
				</extensions>
			</trkpt>
			<trkpt lat="46.4587654380" lon="7.0902484217">
				<ele>1057.4</ele>
				<extensions>
					<swisstopo:routepoint_id>553451457</swisstopo:routepoint_id>
				</extensions>
			</trkpt>
			<trkpt lat="46.4587594209" lon="7.0898351697">
				<ele>1061.7</ele>
				<extensions>
					<swisstopo:routepoint_id>1624413224</swisstopo:routepoint_id>
				</extensions>
			</trkpt>
			<trkpt lat="46.4587564488" lon="7.0896423151">
				<ele>1063.9</ele>
				<extensions>
					<swisstopo:routepoint_id>1757616587</swisstopo:routepoint_id>
				</extensions>
			</trkpt>
			<trkpt lat="46.4587343686" lon="7.0894254754">
				<ele>1067.5</ele>
				<extensions>
					<swisstopo:routepoint_id>875861875</swisstopo:routepoint_id>
				</extensions>
			</trkpt>
			<trkpt lat="46.4587003123" lon="7.0891846052">
				<ele>1070.0</ele>
				<extensions>
					<swisstopo:routepoint_id>775507474</swisstopo:routepoint_id>
				</extensions>
			</trkpt>
			<trkpt lat="46.4586492822" lon="7.0888439773">
				<ele>1074.1</ele>
				<extensions>
					<swisstopo:routepoint_id>1802286687</swisstopo:routepoint_id>
				</extensions>
			</trkpt>
			<trkpt lat="46.4586297214" lon="7.0886718880">
				<ele>1075.7</ele>
				<extensions>
					<swisstopo:routepoint_id>1122850068</swisstopo:routepoint_id>
				</extensions>
			</trkpt>
			<trkpt lat="46.4586051712" lon="7.0884275216">
				<ele>1077.8</ele>
				<extensions>
					<swisstopo:routepoint_id>1871560411</swisstopo:routepoint_id>
				</extensions>
			</trkpt>
			<trkpt lat="46.4585857690" lon="7.0882135292">
				<ele>1080.7</ele>
				<extensions>
					<swisstopo:routepoint_id>9949890</swisstopo:routepoint_id>
				</extensions>
			</trkpt>
			<trkpt lat="46.4585798352" lon="7.0881587655">
				<ele>1081.2</ele>
				<extensions>
					<swisstopo:routepoint_id>1509896127</swisstopo:routepoint_id>
				</extensions>
			</trkpt>
			<trkpt lat="46.4585681078" lon="7.0880657045">
				<ele>1081.7</ele>
				<extensions>
					<swisstopo:routepoint_id>811577232</swisstopo:routepoint_id>
				</extensions>
			</trkpt>
			<trkpt lat="46.4585420512" lon="7.0879644563">
				<ele>1084.0</ele>
				<extensions>
					<swisstopo:routepoint_id>1908212790</swisstopo:routepoint_id>
				</extensions>
			</trkpt>
			<trkpt lat="46.4585101287" lon="7.0878156304">
				<ele>1087.3</ele>
				<extensions>
					<swisstopo:routepoint_id>1112634517</swisstopo:routepoint_id>
				</extensions>
			</trkpt>
			<trkpt lat="46.4584883697" lon="7.0877164117">
				<ele>1090.2</ele>
				<extensions>
					<swisstopo:routepoint_id>431939511</swisstopo:routepoint_id>
				</extensions>
			</trkpt>
			<trkpt lat="46.4584810084" lon="7.0876481589">
				<ele>1091.0</ele>
				<extensions>
					<swisstopo:routepoint_id>22002685</swisstopo:routepoint_id>
				</extensions>
			</trkpt>
			<trkpt lat="46.4584597965" lon="7.0873491134">
				<ele>1093.5</ele>
				<extensions>
					<swisstopo:routepoint_id>155884575</swisstopo:routepoint_id>
				</extensions>
			</trkpt>
			<trkpt lat="46.4584133042" lon="7.0868885734">
				<ele>1096.2</ele>
				<extensions>
					<swisstopo:routepoint_id>1234298085</swisstopo:routepoint_id>
				</extensions>
			</trkpt>
			<trkpt lat="46.4583994380" lon="7.0867441749">
				<ele>1097.3</ele>
				<extensions>
					<swisstopo:routepoint_id>584252367</swisstopo:routepoint_id>
				</extensions>
			</trkpt>
			<trkpt lat="46.4583863180" lon="7.0866635416">
				<ele>1097.8</ele>
				<extensions>
					<swisstopo:routepoint_id>722847578</swisstopo:routepoint_id>
				</extensions>
			</trkpt>
			<trkpt lat="46.4583692874" lon="7.0865989568">
				<ele>1098.4</ele>
				<extensions>
					<swisstopo:routepoint_id>2103061593</swisstopo:routepoint_id>
				</extensions>
			</trkpt>
			<trkpt lat="46.4582955656" lon="7.0863729897">
				<ele>1102.0</ele>
				<extensions>
					<swisstopo:routepoint_id>446053489</swisstopo:routepoint_id>
				</extensions>
			</trkpt>
			<trkpt lat="46.4582640140" lon="7.0862725202">
				<ele>1102.0</ele>
				<extensions>
					<swisstopo:routepoint_id>529518551</swisstopo:routepoint_id>
				</extensions>
			</trkpt>
			<trkpt lat="46.4582478424" lon="7.0862151815">
				<ele>1103.4</ele>
				<extensions>
					<swisstopo:routepoint_id>1068598516</swisstopo:routepoint_id>
				</extensions>
			</trkpt>
			<trkpt lat="46.4582148444" lon="7.0861065081">
				<ele>1106.6</ele>
				<extensions>
					<swisstopo:routepoint_id>890131474</swisstopo:routepoint_id>
				</extensions>
			</trkpt>
			<trkpt lat="46.4581976113" lon="7.0860429276">
				<ele>1106.9</ele>
				<extensions>
					<swisstopo:routepoint_id>578609870</swisstopo:routepoint_id>
				</extensions>
			</trkpt>
			<trkpt lat="46.4581585593" lon="7.0859111105">
				<ele>1107.1</ele>
				<extensions>
					<swisstopo:routepoint_id>1486675245</swisstopo:routepoint_id>
				</extensions>
			</trkpt>
			<trkpt lat="46.4581444940" lon="7.0858542389">
				<ele>1108.1</ele>
				<extensions>
					<swisstopo:routepoint_id>726478920</swisstopo:routepoint_id>
				</extensions>
			</trkpt>
			<trkpt lat="46.4581386635" lon="7.0858070125">
				<ele>1108.7</ele>
				<extensions>
					<swisstopo:routepoint_id>311426437</swisstopo:routepoint_id>
				</extensions>
			</trkpt>
			<trkpt lat="46.4581242087" lon="7.0857228736">
				<ele>1109.9</ele>
				<extensions>
					<swisstopo:routepoint_id>1167226426</swisstopo:routepoint_id>
				</extensions>
			</trkpt>
			<trkpt lat="46.4581183299" lon="7.0856571630">
				<ele>1110.3</ele>
				<extensions>
					<swisstopo:routepoint_id>1942477160</swisstopo:routepoint_id>
				</extensions>
			</trkpt>
			<trkpt lat="46.4581038155" lon="7.0855565715">
				<ele>1110.9</ele>
				<extensions>
					<swisstopo:routepoint_id>1069704771</swisstopo:routepoint_id>
				</extensions>
			</trkpt>
			<trkpt lat="46.4580808199" lon="7.0853722579">
				<ele>1111.7</ele>
				<extensions>
					<swisstopo:routepoint_id>695660777</swisstopo:routepoint_id>
				</extensions>
			</trkpt>
			<trkpt lat="46.4580689012" lon="7.0852734595">
				<ele>1112.9</ele>
				<extensions>
					<swisstopo:routepoint_id>690527595</swisstopo:routepoint_id>
				</extensions>
			</trkpt>
			<trkpt lat="46.4580572727" lon="7.0851811798">
				<ele>1114.8</ele>
				<extensions>
					<swisstopo:routepoint_id>17673783</swisstopo:routepoint_id>
				</extensions>
			</trkpt>
			<trkpt lat="46.4580541733" lon="7.0850950020">
				<ele>1115.0</ele>
				<extensions>
					<swisstopo:routepoint_id>1824474128</swisstopo:routepoint_id>
				</extensions>
			</trkpt>
			<trkpt lat="46.4580468469" lon="7.0850211662">
				<ele>1116.6</ele>
				<extensions>
					<swisstopo:routepoint_id>601025767</swisstopo:routepoint_id>
				</extensions>
			</trkpt>
			<trkpt lat="46.4580352373" lon="7.0849350437">
				<ele>1119.1</ele>
				<extensions>
					<swisstopo:routepoint_id>1102973753</swisstopo:routepoint_id>
				</extensions>
			</trkpt>
			<trkpt lat="46.4580206323" lon="7.0847996848">
				<ele>1118.1</ele>
				<extensions>
					<swisstopo:routepoint_id>1694082297</swisstopo:routepoint_id>
				</extensions>
			</trkpt>
			<trkpt lat="46.4580144317" lon="7.0846273168">
				<ele>1120.1</ele>
				<extensions>
					<swisstopo:routepoint_id>1804385712</swisstopo:routepoint_id>
				</extensions>
			</trkpt>
			<trkpt lat="46.4580113612" lon="7.0845534531">
				<ele>1122.7</ele>
				<extensions>
					<swisstopo:routepoint_id>1818064004</swisstopo:routepoint_id>
				</extensions>
			</trkpt>
			<trkpt lat="46.4580082412" lon="7.0844611189">
				<ele>1124.4</ele>
				<extensions>
					<swisstopo:routepoint_id>1313871894</swisstopo:routepoint_id>
				</extensions>
			</trkpt>
			<trkpt lat="46.4579923737" lon="7.0843770805">
				<ele>1125.2</ele>
				<extensions>
					<swisstopo:routepoint_id>1114643525</swisstopo:routepoint_id>
				</extensions>
			</trkpt>
			<trkpt lat="46.4579621378" lon="7.0842315535">
				<ele>1124.9</ele>
				<extensions>
					<swisstopo:routepoint_id>686719329</swisstopo:routepoint_id>
				</extensions>
			</trkpt>
			<trkpt lat="46.4579392225" lon="7.0841578183">
				<ele>1125.3</ele>
				<extensions>
					<swisstopo:routepoint_id>84754470</swisstopo:routepoint_id>
				</extensions>
			</trkpt>
			<trkpt lat="46.4578992271" lon="7.0840677804">
				<ele>1126.7</ele>
				<extensions>
					<swisstopo:routepoint_id>165982389</swisstopo:routepoint_id>
				</extensions>
			</trkpt>
			<trkpt lat="46.4578777938" lon="7.0840166071">
				<ele>1127.4</ele>
				<extensions>
					<swisstopo:routepoint_id>1204910857</swisstopo:routepoint_id>
				</extensions>
			</trkpt>
			<trkpt lat="46.4578114429" lon="7.0838923109">
				<ele>1131.8</ele>
				<extensions>
					<swisstopo:routepoint_id>451366523</swisstopo:routepoint_id>
				</extensions>
			</trkpt>
			<trkpt lat="46.4577588672" lon="7.0838237674">
				<ele>1133.9</ele>
				<extensions>
					<swisstopo:routepoint_id>1436580592</swisstopo:routepoint_id>
				</extensions>
			</trkpt>
			<trkpt lat="46.4577010201" lon="7.0837441423">
				<ele>1134.7</ele>
				<extensions>
					<swisstopo:routepoint_id>43145033</swisstopo:routepoint_id>
				</extensions>
			</trkpt>
			<trkpt lat="46.4576665768" lon="7.0836892660">
				<ele>1135.4</ele>
				<extensions>
					<swisstopo:routepoint_id>1402313094</swisstopo:routepoint_id>
				</extensions>
			</trkpt>
			<trkpt lat="46.4576549472" lon="7.0836232165">
				<ele>1136.0</ele>
				<extensions>
					<swisstopo:routepoint_id>1361378776</swisstopo:routepoint_id>
				</extensions>
			</trkpt>
			<trkpt lat="46.4576698772" lon="7.0835266911">
				<ele>1135.5</ele>
				<extensions>
					<swisstopo:routepoint_id>378161807</swisstopo:routepoint_id>
				</extensions>
			</trkpt>
			<trkpt lat="46.4576905539" lon="7.0834383813">
				<ele>1135.0</ele>
				<extensions>
					<swisstopo:routepoint_id>518526019</swisstopo:routepoint_id>
				</extensions>
			</trkpt>
			<trkpt lat="46.4577174458" lon="7.0832193030">
				<ele>1138.3</ele>
				<extensions>
					<swisstopo:routepoint_id>537061480</swisstopo:routepoint_id>
				</extensions>
			</trkpt>
			<trkpt lat="46.4577148907" lon="7.0831642068">
				<ele>1138.7</ele>
				<extensions>
					<swisstopo:routepoint_id>1327722951</swisstopo:routepoint_id>
				</extensions>
			</trkpt>
			<trkpt lat="46.4576956745" lon="7.0831057821">
				<ele>1139.4</ele>
				<extensions>
					<swisstopo:routepoint_id>1846784606</swisstopo:routepoint_id>
				</extensions>
			</trkpt>
			<trkpt lat="46.4576551053" lon="7.0830716171">
				<ele>1141.3</ele>
				<extensions>
					<swisstopo:routepoint_id>1878119916</swisstopo:routepoint_id>
				</extensions>
			</trkpt>
			<trkpt lat="46.4576193272" lon="7.0830477300">
				<ele>1142.2</ele>
				<extensions>
					<swisstopo:routepoint_id>43810170</swisstopo:routepoint_id>
				</extensions>
			</trkpt>
			<trkpt lat="46.4575953217" lon="7.0829824508">
				<ele>1141.5</ele>
				<extensions>
					<swisstopo:routepoint_id>883937388</swisstopo:routepoint_id>
				</extensions>
			</trkpt>
			<trkpt lat="46.4575640004" lon="7.0828586704">
				<ele>1143.0</ele>
				<extensions>
					<swisstopo:routepoint_id>1413479386</swisstopo:routepoint_id>
				</extensions>
			</trkpt>
			<trkpt lat="46.4575015954" lon="7.0826903299">
				<ele>1145.8</ele>
				<extensions>
					<swisstopo:routepoint_id>1461042512</swisstopo:routepoint_id>
				</extensions>
			</trkpt>
			<trkpt lat="46.4574365918" lon="7.0824531094">
				<ele>1146.9</ele>
				<extensions>
					<swisstopo:routepoint_id>682651198</swisstopo:routepoint_id>
				</extensions>
			</trkpt>
			<trkpt lat="46.4573692045" lon="7.0823431611">
				<ele>1148.1</ele>
				<extensions>
					<swisstopo:routepoint_id>827627431</swisstopo:routepoint_id>
				</extensions>
			</trkpt>
			<trkpt lat="46.4573176579" lon="7.0822994262">
				<ele>1148.7</ele>
				<extensions>
					<swisstopo:routepoint_id>676991491</swisstopo:routepoint_id>
				</extensions>
			</trkpt>
			<trkpt lat="46.4572661370" lon="7.0822639411">
				<ele>1150.7</ele>
				<extensions>
					<swisstopo:routepoint_id>1233306905</swisstopo:routepoint_id>
				</extensions>
			</trkpt>
			<trkpt lat="46.4572165060" lon="7.0822229396">
				<ele>1153.1</ele>
				<extensions>
					<swisstopo:routepoint_id>223037560</swisstopo:routepoint_id>
				</extensions>
			</trkpt>
			<trkpt lat="46.4571801887" lon="7.0821790801">
				<ele>1153.1</ele>
				<extensions>
					<swisstopo:routepoint_id>410037369</swisstopo:routepoint_id>
				</extensions>
			</trkpt>
			<trkpt lat="46.4571743477" lon="7.0821377928">
				<ele>1153.7</ele>
				<extensions>
					<swisstopo:routepoint_id>2024973575</swisstopo:routepoint_id>
				</extensions>
			</trkpt>
			<trkpt lat="46.4571780759" lon="7.0821102225">
				<ele>1155.0</ele>
				<extensions>
					<swisstopo:routepoint_id>2099944739</swisstopo:routepoint_id>
				</extensions>
			</trkpt>
			<trkpt lat="46.4572159737" lon="7.0820521248">
				<ele>1156.5</ele>
				<extensions>
					<swisstopo:routepoint_id>597081189</swisstopo:routepoint_id>
				</extensions>
			</trkpt>
			<trkpt lat="46.4572558385" lon="7.0820132849">
				<ele>1155.1</ele>
				<extensions>
					<swisstopo:routepoint_id>2009140831</swisstopo:routepoint_id>
				</extensions>
			</trkpt>
			<trkpt lat="46.4572861087" lon="7.0819497199">
				<ele>1155.4</ele>
				<extensions>
					<swisstopo:routepoint_id>971706717</swisstopo:routepoint_id>
				</extensions>
			</trkpt>
			<trkpt lat="46.4573069300" lon="7.0819110169">
				<ele>1153.9</ele>
				<extensions>
					<swisstopo:routepoint_id>1874490201</swisstopo:routepoint_id>
				</extensions>
			</trkpt>
			<trkpt lat="46.4573048683" lon="7.0818614297">
				<ele>1154.6</ele>
				<extensions>
					<swisstopo:routepoint_id>760872977</swisstopo:routepoint_id>
				</extensions>
			</trkpt>
			<trkpt lat="46.4572894412" lon="7.0817981505">
				<ele>1156.0</ele>
				<extensions>
					<swisstopo:routepoint_id>90764221</swisstopo:routepoint_id>
				</extensions>
			</trkpt>
			<trkpt lat="46.4572682676" lon="7.0817239006">
				<ele>1156.8</ele>
				<extensions>
					<swisstopo:routepoint_id>2082835824</swisstopo:routepoint_id>
				</extensions>
			</trkpt>
			<trkpt lat="46.4572221836" lon="7.0816002256">
				<ele>1158.2</ele>
				<extensions>
					<swisstopo:routepoint_id>1694268371</swisstopo:routepoint_id>
				</extensions>
			</trkpt>
			<trkpt lat="46.4571530714" lon="7.0814538334">
				<ele>1159.6</ele>
				<extensions>
					<swisstopo:routepoint_id>1019091828</swisstopo:routepoint_id>
				</extensions>
			</trkpt>
			<trkpt lat="46.4570215363" lon="7.0812262925">
				<ele>1163.3</ele>
				<extensions>
					<swisstopo:routepoint_id>1194228670</swisstopo:routepoint_id>
				</extensions>
			</trkpt>
			<trkpt lat="46.4568792353" lon="7.0809246899">
				<ele>1166.3</ele>
				<extensions>
					<swisstopo:routepoint_id>692601630</swisstopo:routepoint_id>
				</extensions>
			</trkpt>
			<trkpt lat="46.4567969104" lon="7.0807792123">
				<ele>1168.7</ele>
				<extensions>
					<swisstopo:routepoint_id>794279226</swisstopo:routepoint_id>
				</extensions>
			</trkpt>
			<trkpt lat="46.4566916933" lon="7.0806228514">
				<ele>1171.7</ele>
				<extensions>
					<swisstopo:routepoint_id>256871328</swisstopo:routepoint_id>
				</extensions>
			</trkpt>
			<trkpt lat="46.4565920933" lon="7.0804361632">
				<ele>1173.4</ele>
				<extensions>
					<swisstopo:routepoint_id>569755843</swisstopo:routepoint_id>
				</extensions>
			</trkpt>
			<trkpt lat="46.4564923552" lon="7.0802026221">
				<ele>1176.0</ele>
				<extensions>
					<swisstopo:routepoint_id>2009011432</swisstopo:routepoint_id>
				</extensions>
			</trkpt>
			<trkpt lat="46.4564711369" lon="7.0801173407">
				<ele>1176.8</ele>
				<extensions>
					<swisstopo:routepoint_id>686005904</swisstopo:routepoint_id>
				</extensions>
			</trkpt>
			<trkpt lat="46.4564330956" lon="7.0800259793">
				<ele>1177.3</ele>
				<extensions>
					<swisstopo:routepoint_id>996032667</swisstopo:routepoint_id>
				</extensions>
			</trkpt>
			<trkpt lat="46.4563871912" lon="7.0799601689">
				<ele>1178.9</ele>
				<extensions>
					<swisstopo:routepoint_id>1594796182</swisstopo:routepoint_id>
				</extensions>
			</trkpt>
			<trkpt lat="46.4563297327" lon="7.0798530841">
				<ele>1180.6</ele>
				<extensions>
					<swisstopo:routepoint_id>1121687764</swisstopo:routepoint_id>
				</extensions>
			</trkpt>
			<trkpt lat="46.4562603812" lon="7.0796999483">
				<ele>1184.0</ele>
				<extensions>
					<swisstopo:routepoint_id>1727048888</swisstopo:routepoint_id>
				</extensions>
			</trkpt>
			<trkpt lat="46.4562427354" lon="7.0796352109">
				<ele>1184.1</ele>
				<extensions>
					<swisstopo:routepoint_id>1713157631</swisstopo:routepoint_id>
				</extensions>
			</trkpt>
			<trkpt lat="46.4562297304" lon="7.0795816036">
				<ele>1184.8</ele>
				<extensions>
					<swisstopo:routepoint_id>707198647</swisstopo:routepoint_id>
				</extensions>
			</trkpt>
			<trkpt lat="46.4562394626" lon="7.0795010005">
				<ele>1186.1</ele>
				<extensions>
					<swisstopo:routepoint_id>2597541</swisstopo:routepoint_id>
				</extensions>
			</trkpt>
			<trkpt lat="46.4562506445" lon="7.0794265909">
				<ele>1185.6</ele>
				<extensions>
					<swisstopo:routepoint_id>1938830217</swisstopo:routepoint_id>
				</extensions>
			</trkpt>
			<trkpt lat="46.4562561686" lon="7.0793666842">
				<ele>1186.0</ele>
				<extensions>
					<swisstopo:routepoint_id>1860237149</swisstopo:routepoint_id>
				</extensions>
			</trkpt>
			<trkpt lat="46.4562531005" lon="7.0793006307">
				<ele>1185.8</ele>
				<extensions>
					<swisstopo:routepoint_id>33970572</swisstopo:routepoint_id>
				</extensions>
			</trkpt>
			<trkpt lat="46.4562365681" lon="7.0792038408">
				<ele>1186.2</ele>
				<extensions>
					<swisstopo:routepoint_id>407981749</swisstopo:routepoint_id>
				</extensions>
			</trkpt>
			<trkpt lat="46.4562265635" lon="7.0791346805">
				<ele>1186.1</ele>
				<extensions>
					<swisstopo:routepoint_id>1345220195</swisstopo:routepoint_id>
				</extensions>
			</trkpt>
			<trkpt lat="46.4561526178" lon="7.0790255448">
				<ele>1190.7</ele>
				<extensions>
					<swisstopo:routepoint_id>588986574</swisstopo:routepoint_id>
				</extensions>
			</trkpt>
			<trkpt lat="46.4560686173" lon="7.0789544567">
				<ele>1192.2</ele>
				<extensions>
					<swisstopo:routepoint_id>567859006</swisstopo:routepoint_id>
				</extensions>
			</trkpt>
			<trkpt lat="46.4560285629" lon="7.0789326920">
				<ele>1192.6</ele>
				<extensions>
					<swisstopo:routepoint_id>2113401998</swisstopo:routepoint_id>
				</extensions>
			</trkpt>
			<trkpt lat="46.4559789914" lon="7.0789109769">
				<ele>1193.3</ele>
				<extensions>
					<swisstopo:routepoint_id>1633194615</swisstopo:routepoint_id>
				</extensions>
			</trkpt>
			<trkpt lat="46.4558909428" lon="7.0789743251">
				<ele>1196.1</ele>
				<extensions>
					<swisstopo:routepoint_id>1347593011</swisstopo:routepoint_id>
				</extensions>
			</trkpt>
			<trkpt lat="46.4558445079" lon="7.0789917529">
				<ele>1195.9</ele>
				<extensions>
					<swisstopo:routepoint_id>1687580420</swisstopo:routepoint_id>
				</extensions>
			</trkpt>
			<trkpt lat="46.4558057191" lon="7.0789176221">
				<ele>1195.5</ele>
				<extensions>
					<swisstopo:routepoint_id>38432360</swisstopo:routepoint_id>
				</extensions>
			</trkpt>
			<trkpt lat="46.4557755397" lon="7.0788579128">
				<ele>1196.9</ele>
				<extensions>
					<swisstopo:routepoint_id>594658614</swisstopo:routepoint_id>
				</extensions>
			</trkpt>
			<trkpt lat="46.4557482208" lon="7.0787981592">
				<ele>1198.8</ele>
				<extensions>
					<swisstopo:routepoint_id>784818184</swisstopo:routepoint_id>
				</extensions>
			</trkpt>
			<trkpt lat="46.4557308634" lon="7.0787280186">
				<ele>1198.4</ele>
				<extensions>
					<swisstopo:routepoint_id>1320710168</swisstopo:routepoint_id>
				</extensions>
			</trkpt>
			<trkpt lat="46.4556963693" lon="7.0786579908">
				<ele>1199.2</ele>
				<extensions>
					<swisstopo:routepoint_id>1728849554</swisstopo:routepoint_id>
				</extensions>
			</trkpt>
			<trkpt lat="46.4556575479" lon="7.0785735265">
				<ele>1199.5</ele>
				<extensions>
					<swisstopo:routepoint_id>1273106945</swisstopo:routepoint_id>
				</extensions>
			</trkpt>
			<trkpt lat="46.4556172507" lon="7.0784746064">
				<ele>1199.5</ele>
				<extensions>
					<swisstopo:routepoint_id>1195265969</swisstopo:routepoint_id>
				</extensions>
			</trkpt>
			<trkpt lat="46.4555741383" lon="7.0783901707">
				<ele>1203.0</ele>
				<extensions>
					<swisstopo:routepoint_id>1131246980</swisstopo:routepoint_id>
				</extensions>
			</trkpt>
			<trkpt lat="46.4555437568" lon="7.0782663861">
				<ele>1203.8</ele>
				<extensions>
					<swisstopo:routepoint_id>929872657</swisstopo:routepoint_id>
				</extensions>
			</trkpt>
			<trkpt lat="46.4554970293" lon="7.0781139059">
				<ele>1206.2</ele>
				<extensions>
					<swisstopo:routepoint_id>1972234186</swisstopo:routepoint_id>
				</extensions>
			</trkpt>
			<trkpt lat="46.4554857345" lon="7.0780694277">
				<ele>1206.6</ele>
				<extensions>
					<swisstopo:routepoint_id>863352874</swisstopo:routepoint_id>
				</extensions>
			</trkpt>
			<trkpt lat="46.4554400798" lon="7.0778549613">
				<ele>1206.9</ele>
				<extensions>
					<swisstopo:routepoint_id>1388306847</swisstopo:routepoint_id>
				</extensions>
			</trkpt>
			<trkpt lat="46.4553811984" lon="7.0777251879">
				<ele>1209.2</ele>
				<extensions>
					<swisstopo:routepoint_id>304566064</swisstopo:routepoint_id>
				</extensions>
			</trkpt>
			<trkpt lat="46.4553585551" lon="7.0775652025">
				<ele>1210.2</ele>
				<extensions>
					<swisstopo:routepoint_id>747107839</swisstopo:routepoint_id>
				</extensions>
			</trkpt>
			<trkpt lat="46.4553418072" lon="7.0776313857">
				<ele>1212.6</ele>
				<extensions>
					<swisstopo:routepoint_id>1427270747</swisstopo:routepoint_id>
				</extensions>
			</trkpt>
			<trkpt lat="46.4553421028" lon="7.0777250649">
				<ele>1212.3</ele>
				<extensions>
					<swisstopo:routepoint_id>542098703</swisstopo:routepoint_id>
				</extensions>
			</trkpt>
			<trkpt lat="46.4553386626" lon="7.0778407972">
				<ele>1215.4</ele>
				<extensions>
					<swisstopo:routepoint_id>1592213710</swisstopo:routepoint_id>
				</extensions>
			</trkpt>
			<trkpt lat="46.4553542396" lon="7.0779509000">
				<ele>1215.8</ele>
				<extensions>
					<swisstopo:routepoint_id>771589128</swisstopo:routepoint_id>
				</extensions>
			</trkpt>
			<trkpt lat="46.4553679618" lon="7.0780747939">
				<ele>1216.8</ele>
				<extensions>
					<swisstopo:routepoint_id>762723953</swisstopo:routepoint_id>
				</extensions>
			</trkpt>
			<trkpt lat="46.4553605336" lon="7.0781354499">
				<ele>1217.5</ele>
				<extensions>
					<swisstopo:routepoint_id>164872769</swisstopo:routepoint_id>
				</extensions>
			</trkpt>
			<trkpt lat="46.4553570323" lon="7.0782318997">
				<ele>1218.8</ele>
				<extensions>
					<swisstopo:routepoint_id>1915201836</swisstopo:routepoint_id>
				</extensions>
			</trkpt>
			<trkpt lat="46.4553479230" lon="7.0783614483">
				<ele>1221.0</ele>
				<extensions>
					<swisstopo:routepoint_id>2047167889</swisstopo:routepoint_id>
				</extensions>
			</trkpt>
			<trkpt lat="46.4553444560" lon="7.0784716768">
				<ele>1221.9</ele>
				<extensions>
					<swisstopo:routepoint_id>2128311703</swisstopo:routepoint_id>
				</extensions>
			</trkpt>
			<trkpt lat="46.4553581297" lon="7.0786689399">
				<ele>1223.6</ele>
				<extensions>
					<swisstopo:routepoint_id>1266614281</swisstopo:routepoint_id>
				</extensions>
			</trkpt>
			<trkpt lat="46.4553699812" lon="7.0787932151">
				<ele>1224.4</ele>
				<extensions>
					<swisstopo:routepoint_id>1851253031</swisstopo:routepoint_id>
				</extensions>
			</trkpt>
			<trkpt lat="46.4553803956" lon="7.0789154150">
				<ele>1225.7</ele>
				<extensions>
					<swisstopo:routepoint_id>1115697684</swisstopo:routepoint_id>
				</extensions>
			</trkpt>
			<trkpt lat="46.4554052718" lon="7.0790851866">
				<ele>1227.4</ele>
				<extensions>
					<swisstopo:routepoint_id>570318035</swisstopo:routepoint_id>
				</extensions>
			</trkpt>
			<trkpt lat="46.4554258242" lon="7.0792446401">
				<ele>1229.8</ele>
				<extensions>
					<swisstopo:routepoint_id>378370286</swisstopo:routepoint_id>
				</extensions>
			</trkpt>
			<trkpt lat="46.4554696875" lon="7.0795282682">
				<ele>1233.9</ele>
				<extensions>
					<swisstopo:routepoint_id>791577293</swisstopo:routepoint_id>
				</extensions>
			</trkpt>
			<trkpt lat="46.4555000393" lon="7.0797147197">
				<ele>1237.3</ele>
				<extensions>
					<swisstopo:routepoint_id>406621321</swisstopo:routepoint_id>
				</extensions>
			</trkpt>
			<trkpt lat="46.4555517445" lon="7.0798918409">
				<ele>1238.8</ele>
				<extensions>
					<swisstopo:routepoint_id>303996562</swisstopo:routepoint_id>
				</extensions>
			</trkpt>
			<trkpt lat="46.4555999103" lon="7.0800706254">
				<ele>1242.6</ele>
				<extensions>
					<swisstopo:routepoint_id>853031762</swisstopo:routepoint_id>
				</extensions>
			</trkpt>
			<trkpt lat="46.4556709498" lon="7.0802602555">
				<ele>1247.1</ele>
				<extensions>
					<swisstopo:routepoint_id>1435326759</swisstopo:routepoint_id>
				</extensions>
			</trkpt>
			<trkpt lat="46.4557476583" lon="7.0804333242">
				<ele>1248.6</ele>
				<extensions>
					<swisstopo:routepoint_id>1354353216</swisstopo:routepoint_id>
				</extensions>
			</trkpt>
			<trkpt lat="46.4558164716" lon="7.0805182797">
				<ele>1249.9</ele>
				<extensions>
					<swisstopo:routepoint_id>1694225027</swisstopo:routepoint_id>
				</extensions>
			</trkpt>
			<trkpt lat="46.4558758795" lon="7.0806391177">
				<ele>1251.5</ele>
				<extensions>
					<swisstopo:routepoint_id>972582392</swisstopo:routepoint_id>
				</extensions>
			</trkpt>
			<trkpt lat="46.4559390667" lon="7.0807516688">
				<ele>1252.5</ele>
				<extensions>
					<swisstopo:routepoint_id>933185319</swisstopo:routepoint_id>
				</extensions>
			</trkpt>
			<trkpt lat="46.4559755393" lon="7.0808478576">
				<ele>1253.7</ele>
				<extensions>
					<swisstopo:routepoint_id>270679095</swisstopo:routepoint_id>
				</extensions>
			</trkpt>
			<trkpt lat="46.4560159637" lon="7.0809881036">
				<ele>1255.0</ele>
				<extensions>
					<swisstopo:routepoint_id>2108017843</swisstopo:routepoint_id>
				</extensions>
			</trkpt>
			<trkpt lat="46.4560239532" lon="7.0811065207">
				<ele>1258.4</ele>
				<extensions>
					<swisstopo:routepoint_id>1017838714</swisstopo:routepoint_id>
				</extensions>
			</trkpt>
			<trkpt lat="46.4560473441" lon="7.0812799403">
				<ele>1260.4</ele>
				<extensions>
					<swisstopo:routepoint_id>1012918469</swisstopo:routepoint_id>
				</extensions>
			</trkpt>
			<trkpt lat="46.4560514075" lon="7.0813625628">
				<ele>1260.6</ele>
				<extensions>
					<swisstopo:routepoint_id>1089965397</swisstopo:routepoint_id>
				</extensions>
			</trkpt>
			<trkpt lat="46.4560457899" lon="7.0813929160">
				<ele>1261.1</ele>
				<extensions>
					<swisstopo:routepoint_id>1138268239</swisstopo:routepoint_id>
				</extensions>
			</trkpt>
			<trkpt lat="46.4559924481" lon="7.0813822441">
				<ele>1264.5</ele>
				<extensions>
					<swisstopo:routepoint_id>1098916977</swisstopo:routepoint_id>
				</extensions>
			</trkpt>
			<trkpt lat="46.4559447406" lon="7.0813494941">
				<ele>1267.4</ele>
				<extensions>
					<swisstopo:routepoint_id>741021990</swisstopo:routepoint_id>
				</extensions>
			</trkpt>
			<trkpt lat="46.4558914632" lon="7.0813364067">
				<ele>1271.1</ele>
				<extensions>
					<swisstopo:routepoint_id>1032834613</swisstopo:routepoint_id>
				</extensions>
			</trkpt>
			<trkpt lat="46.4558318861" lon="7.0813109672">
				<ele>1274.7</ele>
				<extensions>
					<swisstopo:routepoint_id>1131620635</swisstopo:routepoint_id>
				</extensions>
			</trkpt>
			<trkpt lat="46.4557842443" lon="7.0812992287">
				<ele>1277.0</ele>
				<extensions>
					<swisstopo:routepoint_id>1162164300</swisstopo:routepoint_id>
				</extensions>
			</trkpt>
			<trkpt lat="46.4557211085" lon="7.0812806893">
				<ele>1279.3</ele>
				<extensions>
					<swisstopo:routepoint_id>1820709029</swisstopo:routepoint_id>
				</extensions>
			</trkpt>
			<trkpt lat="46.4556686632" lon="7.0812517585">
				<ele>1280.3</ele>
				<extensions>
					<swisstopo:routepoint_id>663889942</swisstopo:routepoint_id>
				</extensions>
			</trkpt>
			<trkpt lat="46.4555566659" lon="7.0812111672">
				<ele>1281.2</ele>
				<extensions>
					<swisstopo:routepoint_id>515859783</swisstopo:routepoint_id>
				</extensions>
			</trkpt>
			<trkpt lat="46.4554408708" lon="7.0812276232">
				<ele>1285.7</ele>
				<extensions>
					<swisstopo:routepoint_id>1562824320</swisstopo:routepoint_id>
				</extensions>
			</trkpt>
			<trkpt lat="46.4553125046" lon="7.0812111378">
				<ele>1290.4</ele>
				<extensions>
					<swisstopo:routepoint_id>225357083</swisstopo:routepoint_id>
				</extensions>
			</trkpt>
			<trkpt lat="46.4552256728" lon="7.0812237560">
				<ele>1292.9</ele>
				<extensions>
					<swisstopo:routepoint_id>224510866</swisstopo:routepoint_id>
				</extensions>
			</trkpt>
			<trkpt lat="46.4551567632" lon="7.0812603700">
				<ele>1295.5</ele>
				<extensions>
					<swisstopo:routepoint_id>605658178</swisstopo:routepoint_id>
				</extensions>
			</trkpt>
			<trkpt lat="46.4551163227" lon="7.0812675240">
				<ele>1296.5</ele>
				<extensions>
					<swisstopo:routepoint_id>201406550</swisstopo:routepoint_id>
				</extensions>
			</trkpt>
			<trkpt lat="46.4550558774" lon="7.0813471349">
				<ele>1300.4</ele>
				<extensions>
					<swisstopo:routepoint_id>719758243</swisstopo:routepoint_id>
				</extensions>
			</trkpt>
			<trkpt lat="46.4550061671" lon="7.0814335521">
				<ele>1303.6</ele>
				<extensions>
					<swisstopo:routepoint_id>1659944060</swisstopo:routepoint_id>
				</extensions>
			</trkpt>
			<trkpt lat="46.4549327569" lon="7.0815528423">
				<ele>1308.1</ele>
				<extensions>
					<swisstopo:routepoint_id>274938851</swisstopo:routepoint_id>
				</extensions>
			</trkpt>
			<trkpt lat="46.4548853569" lon="7.0816185760">
				<ele>1311.0</ele>
				<extensions>
					<swisstopo:routepoint_id>2049370212</swisstopo:routepoint_id>
				</extensions>
			</trkpt>
			<trkpt lat="46.4548297541" lon="7.0817222672">
				<ele>1314.6</ele>
				<extensions>
					<swisstopo:routepoint_id>482082328</swisstopo:routepoint_id>
				</extensions>
			</trkpt>
			<trkpt lat="46.4547989495" lon="7.0817672240">
				<ele>1316.2</ele>
				<extensions>
					<swisstopo:routepoint_id>1854145135</swisstopo:routepoint_id>
				</extensions>
			</trkpt>
			<trkpt lat="46.4547716297" lon="7.0817846260">
				<ele>1317.3</ele>
				<extensions>
					<swisstopo:routepoint_id>1439730612</swisstopo:routepoint_id>
				</extensions>
			</trkpt>
			<trkpt lat="46.4547338742" lon="7.0818882002">
				<ele>1319.2</ele>
				<extensions>
					<swisstopo:routepoint_id>613013553</swisstopo:routepoint_id>
				</extensions>
			</trkpt>
			<trkpt lat="46.4546970693" lon="7.0819159854">
				<ele>1319.7</ele>
				<extensions>
					<swisstopo:routepoint_id>943002459</swisstopo:routepoint_id>
				</extensions>
			</trkpt>
			<trkpt lat="46.4546580258" lon="7.0819902818">
				<ele>1320.0</ele>
				<extensions>
					<swisstopo:routepoint_id>243336221</swisstopo:routepoint_id>
				</extensions>
			</trkpt>
			<trkpt lat="46.4545986958" lon="7.0820440425">
				<ele>1320.8</ele>
				<extensions>
					<swisstopo:routepoint_id>785052827</swisstopo:routepoint_id>
				</extensions>
			</trkpt>
			<trkpt lat="46.4545001361" lon="7.0821152826">
				<ele>1323.2</ele>
				<extensions>
					<swisstopo:routepoint_id>562759745</swisstopo:routepoint_id>
				</extensions>
			</trkpt>
			<trkpt lat="46.4544490717" lon="7.0821483465">
				<ele>1323.9</ele>
				<extensions>
					<swisstopo:routepoint_id>1953174141</swisstopo:routepoint_id>
				</extensions>
			</trkpt>
			<trkpt lat="46.4543495930" lon="7.0822018858">
				<ele>1325.0</ele>
				<extensions>
					<swisstopo:routepoint_id>1853082705</swisstopo:routepoint_id>
				</extensions>
			</trkpt>
			<trkpt lat="46.4543371111" lon="7.0821800156">
				<ele>1325.3</ele>
				<extensions>
					<swisstopo:routepoint_id>168515293</swisstopo:routepoint_id>
				</extensions>
			</trkpt>
			<trkpt lat="46.4543040402" lon="7.0821243542">
				<ele>1326.8</ele>
				<extensions>
					<swisstopo:routepoint_id>1860131817</swisstopo:routepoint_id>
				</extensions>
			</trkpt>
			<trkpt lat="46.4542881846" lon="7.0820851302">
				<ele>1327.6</ele>
				<extensions>
					<swisstopo:routepoint_id>1756097334</swisstopo:routepoint_id>
				</extensions>
			</trkpt>
			<trkpt lat="46.4542694746" lon="7.0820480094">
				<ele>1328.7</ele>
				<extensions>
					<swisstopo:routepoint_id>57602412</swisstopo:routepoint_id>
				</extensions>
			</trkpt>
			<trkpt lat="46.4542320484" lon="7.0819716707">
				<ele>1331.2</ele>
				<extensions>
					<swisstopo:routepoint_id>1030366260</swisstopo:routepoint_id>
				</extensions>
			</trkpt>
			<trkpt lat="46.4542104497" lon="7.0819283406">
				<ele>1332.8</ele>
				<extensions>
					<swisstopo:routepoint_id>958871164</swisstopo:routepoint_id>
				</extensions>
			</trkpt>
			<trkpt lat="46.4541873651" lon="7.0818643394">
				<ele>1335.2</ele>
				<extensions>
					<swisstopo:routepoint_id>212160512</swisstopo:routepoint_id>
				</extensions>
			</trkpt>
			<trkpt lat="46.4541584883" lon="7.0817776112">
				<ele>1338.3</ele>
				<extensions>
					<swisstopo:routepoint_id>1684574080</swisstopo:routepoint_id>
				</extensions>
			</trkpt>
			<trkpt lat="46.4541225761" lon="7.0817281590">
				<ele>1340.4</ele>
				<extensions>
					<swisstopo:routepoint_id>195082086</swisstopo:routepoint_id>
				</extensions>
			</trkpt>
			<trkpt lat="46.4541109464" lon="7.0816682144">
				<ele>1342.1</ele>
				<extensions>
					<swisstopo:routepoint_id>1837645320</swisstopo:routepoint_id>
				</extensions>
			</trkpt>
			<trkpt lat="46.4541004165" lon="7.0815195915">
				<ele>1345.5</ele>
				<extensions>
					<swisstopo:routepoint_id>1391814692</swisstopo:routepoint_id>
				</extensions>
			</trkpt>
			<trkpt lat="46.4540840567" lon="7.0814313582">
				<ele>1347.6</ele>
				<extensions>
					<swisstopo:routepoint_id>2017621146</swisstopo:routepoint_id>
				</extensions>
			</trkpt>
			<trkpt lat="46.4540490259" lon="7.0813156517">
				<ele>1351.3</ele>
				<extensions>
					<swisstopo:routepoint_id>1583868473</swisstopo:routepoint_id>
				</extensions>
			</trkpt>
			<trkpt lat="46.4540558602" lon="7.0812486589">
				<ele>1352.5</ele>
				<extensions>
					<swisstopo:routepoint_id>1708677051</swisstopo:routepoint_id>
				</extensions>
			</trkpt>
			<trkpt lat="46.4540385645" lon="7.0811114315">
				<ele>1355.5</ele>
				<extensions>
					<swisstopo:routepoint_id>157901528</swisstopo:routepoint_id>
				</extensions>
			</trkpt>
			<trkpt lat="46.4540442926" lon="7.0810503692">
				<ele>1356.1</ele>
				<extensions>
					<swisstopo:routepoint_id>1388009327</swisstopo:routepoint_id>
				</extensions>
			</trkpt>
			<trkpt lat="46.4540416980" lon="7.0809828917">
				<ele>1356.9</ele>
				<extensions>
					<swisstopo:routepoint_id>1241782239</swisstopo:routepoint_id>
				</extensions>
			</trkpt>
			<trkpt lat="46.4540290057" lon="7.0808824192">
				<ele>1358.8</ele>
				<extensions>
					<swisstopo:routepoint_id>730169771</swisstopo:routepoint_id>
				</extensions>
			</trkpt>
			<trkpt lat="46.4540284674" lon="7.0808484213">
				<ele>1359.4</ele>
				<extensions>
					<swisstopo:routepoint_id>1075765752</swisstopo:routepoint_id>
				</extensions>
			</trkpt>
			<trkpt lat="46.4540324300" lon="7.0807980352">
				<ele>1359.9</ele>
				<extensions>
					<swisstopo:routepoint_id>1109390658</swisstopo:routepoint_id>
				</extensions>
			</trkpt>
			<trkpt lat="46.4540500834" lon="7.0807129856">
				<ele>1360.5</ele>
				<extensions>
					<swisstopo:routepoint_id>874162255</swisstopo:routepoint_id>
				</extensions>
			</trkpt>
			<trkpt lat="46.4540613212" lon="7.0806188770">
				<ele>1361.5</ele>
				<extensions>
					<swisstopo:routepoint_id>618857468</swisstopo:routepoint_id>
				</extensions>
			</trkpt>
			<trkpt lat="46.4540729682" lon="7.0805232533">
				<ele>1362.6</ele>
				<extensions>
					<swisstopo:routepoint_id>1546731029</swisstopo:routepoint_id>
				</extensions>
			</trkpt>
			<trkpt lat="46.4540715825" lon="7.0804713767">
				<ele>1362.9</ele>
				<extensions>
					<swisstopo:routepoint_id>1809871191</swisstopo:routepoint_id>
				</extensions>
			</trkpt>
			<trkpt lat="46.4540626577" lon="7.0804020722">
				<ele>1363.9</ele>
				<extensions>
					<swisstopo:routepoint_id>181417812</swisstopo:routepoint_id>
				</extensions>
			</trkpt>
			<trkpt lat="46.4540501816" lon="7.0803478024">
				<ele>1364.9</ele>
				<extensions>
					<swisstopo:routepoint_id>1930791147</swisstopo:routepoint_id>
				</extensions>
			</trkpt>
			<trkpt lat="46.4540288430" lon="7.0802643306">
				<ele>1366.1</ele>
				<extensions>
					<swisstopo:routepoint_id>2105816701</swisstopo:routepoint_id>
				</extensions>
			</trkpt>
			<trkpt lat="46.4539816648" lon="7.0801479038">
				<ele>1368.7</ele>
				<extensions>
					<swisstopo:routepoint_id>830778664</swisstopo:routepoint_id>
				</extensions>
			</trkpt>
			<trkpt lat="46.4539395744" lon="7.0800820583">
				<ele>1371.5</ele>
				<extensions>
					<swisstopo:routepoint_id>1509561646</swisstopo:routepoint_id>
				</extensions>
			</trkpt>
			<trkpt lat="46.4539051288" lon="7.0800271832">
				<ele>1372.8</ele>
				<extensions>
					<swisstopo:routepoint_id>1832995923</swisstopo:routepoint_id>
				</extensions>
			</trkpt>
			<trkpt lat="46.4538516655" lon="7.0799806949">
				<ele>1372.9</ele>
				<extensions>
					<swisstopo:routepoint_id>1574785593</swisstopo:routepoint_id>
				</extensions>
			</trkpt>
			<trkpt lat="46.4537936760" lon="7.0799624416">
				<ele>1373.8</ele>
				<extensions>
					<swisstopo:routepoint_id>1590869649</swisstopo:routepoint_id>
				</extensions>
			</trkpt>
			<trkpt lat="46.4537561553" lon="7.0799653953">
				<ele>1375.1</ele>
				<extensions>
					<swisstopo:routepoint_id>975259479</swisstopo:routepoint_id>
				</extensions>
			</trkpt>
			<trkpt lat="46.4537243078" lon="7.0799846198">
				<ele>1376.7</ele>
				<extensions>
					<swisstopo:routepoint_id>1706852015</swisstopo:routepoint_id>
				</extensions>
			</trkpt>
			<trkpt lat="46.4536886409" lon="7.0799821338">
				<ele>1378.1</ele>
				<extensions>
					<swisstopo:routepoint_id>1560723039</swisstopo:routepoint_id>
				</extensions>
			</trkpt>
			<trkpt lat="46.4536511031" lon="7.0799796730">
				<ele>1380.0</ele>
				<extensions>
					<swisstopo:routepoint_id>2086628707</swisstopo:routepoint_id>
				</extensions>
			</trkpt>
			<trkpt lat="46.4536211018" lon="7.0799880048">
				<ele>1381.8</ele>
				<extensions>
					<swisstopo:routepoint_id>409509385</swisstopo:routepoint_id>
				</extensions>
			</trkpt>
			<trkpt lat="46.4536024139" lon="7.0800125703">
				<ele>1382.8</ele>
				<extensions>
					<swisstopo:routepoint_id>149646746</swisstopo:routepoint_id>
				</extensions>
			</trkpt>
			<trkpt lat="46.4535706433" lon="7.0800535168">
				<ele>1384.9</ele>
				<extensions>
					<swisstopo:routepoint_id>852767032</swisstopo:routepoint_id>
				</extensions>
			</trkpt>
			<trkpt lat="46.4534939516" lon="7.0801327630">
				<ele>1388.0</ele>
				<extensions>
					<swisstopo:routepoint_id>2087864316</swisstopo:routepoint_id>
				</extensions>
			</trkpt>
			<trkpt lat="46.4534490386" lon="7.0801737829">
				<ele>1388.8</ele>
				<extensions>
					<swisstopo:routepoint_id>1579783911</swisstopo:routepoint_id>
				</extensions>
			</trkpt>
			<trkpt lat="46.4533797129" lon="7.0802095355">
				<ele>1389.9</ele>
				<extensions>
					<swisstopo:routepoint_id>1309641202</swisstopo:routepoint_id>
				</extensions>
			</trkpt>
			<trkpt lat="46.4533046799" lon="7.0802181753">
				<ele>1390.9</ele>
				<extensions>
					<swisstopo:routepoint_id>39176512</swisstopo:routepoint_id>
				</extensions>
			</trkpt>
			<trkpt lat="46.4532595885" lon="7.0802021761">
				<ele>1391.9</ele>
				<extensions>
					<swisstopo:routepoint_id>906425190</swisstopo:routepoint_id>
				</extensions>
			</trkpt>
			<trkpt lat="46.4532013038" lon="7.0801672610">
				<ele>1393.4</ele>
				<extensions>
					<swisstopo:routepoint_id>550245196</swisstopo:routepoint_id>
				</extensions>
			</trkpt>
			<trkpt lat="46.4531485993" lon="7.0801160273">
				<ele>1394.9</ele>
				<extensions>
					<swisstopo:routepoint_id>1024518006</swisstopo:routepoint_id>
				</extensions>
			</trkpt>
			<trkpt lat="46.4530788736" lon="7.0800241550">
				<ele>1398.7</ele>
				<extensions>
					<swisstopo:routepoint_id>2035615309</swisstopo:routepoint_id>
				</extensions>
			</trkpt>
			<trkpt lat="46.4530260839" lon="7.0799457593">
				<ele>1401.1</ele>
				<extensions>
					<swisstopo:routepoint_id>1924896131</swisstopo:routepoint_id>
				</extensions>
			</trkpt>
			<trkpt lat="46.4530033548" lon="7.0798807414">
				<ele>1402.5</ele>
				<extensions>
					<swisstopo:routepoint_id>2059434690</swisstopo:routepoint_id>
				</extensions>
			</trkpt>
			<trkpt lat="46.4529825482" lon="7.0798292984">
				<ele>1402.3</ele>
				<extensions>
					<swisstopo:routepoint_id>944877344</swisstopo:routepoint_id>
				</extensions>
			</trkpt>
			<trkpt lat="46.4529505227" lon="7.0797887714">
				<ele>1402.4</ele>
				<extensions>
					<swisstopo:routepoint_id>1103121985</swisstopo:routepoint_id>
				</extensions>
			</trkpt>
			<trkpt lat="46.4529278532" lon="7.0797400481">
				<ele>1402.7</ele>
				<extensions>
					<swisstopo:routepoint_id>2075101895</swisstopo:routepoint_id>
				</extensions>
			</trkpt>
			<trkpt lat="46.4529314765" lon="7.0796992995">
				<ele>1403.5</ele>
				<extensions>
					<swisstopo:routepoint_id>80748336</swisstopo:routepoint_id>
				</extensions>
			</trkpt>
			<trkpt lat="46.4529463878" lon="7.0796666244">
				<ele>1404.6</ele>
				<extensions>
					<swisstopo:routepoint_id>1071893917</swisstopo:routepoint_id>
				</extensions>
			</trkpt>
			<trkpt lat="46.4529669219" lon="7.0796311921">
				<ele>1405.8</ele>
				<extensions>
					<swisstopo:routepoint_id>53345188</swisstopo:routepoint_id>
				</extensions>
			</trkpt>
			<trkpt lat="46.4530059553" lon="7.0795226032">
				<ele>1409.0</ele>
				<extensions>
					<swisstopo:routepoint_id>504323871</swisstopo:routepoint_id>
				</extensions>
			</trkpt>
			<trkpt lat="46.4530331927" lon="7.0793817558">
				<ele>1412.5</ele>
				<extensions>
					<swisstopo:routepoint_id>1113317626</swisstopo:routepoint_id>
				</extensions>
			</trkpt>
			<trkpt lat="46.4530626397" lon="7.0792914184">
				<ele>1414.7</ele>
				<extensions>
					<swisstopo:routepoint_id>1327246145</swisstopo:routepoint_id>
				</extensions>
			</trkpt>
			<trkpt lat="46.4530854906" lon="7.0792175465">
				<ele>1416.1</ele>
				<extensions>
					<swisstopo:routepoint_id>431057868</swisstopo:routepoint_id>
				</extensions>
			</trkpt>
			<trkpt lat="46.4530947190" lon="7.0791484926">
				<ele>1416.8</ele>
				<extensions>
					<swisstopo:routepoint_id>902998631</swisstopo:routepoint_id>
				</extensions>
			</trkpt>
			<trkpt lat="46.4530809184" lon="7.0790622402">
				<ele>1417.8</ele>
				<extensions>
					<swisstopo:routepoint_id>1046132660</swisstopo:routepoint_id>
				</extensions>
			</trkpt>
			<trkpt lat="46.4530680922" lon="7.0790312345">
				<ele>1418.0</ele>
				<extensions>
					<swisstopo:routepoint_id>933061922</swisstopo:routepoint_id>
				</extensions>
			</trkpt>
			<trkpt lat="46.4530529310" lon="7.0790186745">
				<ele>1418.2</ele>
				<extensions>
					<swisstopo:routepoint_id>661664984</swisstopo:routepoint_id>
				</extensions>
			</trkpt>
			<trkpt lat="46.4530306453" lon="7.0790176773">
				<ele>1418.4</ele>
				<extensions>
					<swisstopo:routepoint_id>1608064697</swisstopo:routepoint_id>
				</extensions>
			</trkpt>
			<trkpt lat="46.4530059542" lon="7.0790097686">
				<ele>1418.7</ele>
				<extensions>
					<swisstopo:routepoint_id>394403677</swisstopo:routepoint_id>
				</extensions>
			</trkpt>
			<trkpt lat="46.4529709436" lon="7.0790099991">
				<ele>1419.1</ele>
				<extensions>
					<swisstopo:routepoint_id>300162640</swisstopo:routepoint_id>
				</extensions>
			</trkpt>
			<trkpt lat="46.4529383368" lon="7.0790136838">
				<ele>1419.3</ele>
				<extensions>
					<swisstopo:routepoint_id>1938975695</swisstopo:routepoint_id>
				</extensions>
			</trkpt>
			<trkpt lat="46.4529106551" lon="7.0790244921">
				<ele>1419.2</ele>
				<extensions>
					<swisstopo:routepoint_id>1706781582</swisstopo:routepoint_id>
				</extensions>
			</trkpt>
			<trkpt lat="46.4528926661" lon="7.0790222973">
				<ele>1419.2</ele>
				<extensions>
					<swisstopo:routepoint_id>1819080382</swisstopo:routepoint_id>
				</extensions>
			</trkpt>
			<trkpt lat="46.4528495549" lon="7.0789926096">
				<ele>1419.4</ele>
				<extensions>
					<swisstopo:routepoint_id>185251555</swisstopo:routepoint_id>
				</extensions>
			</trkpt>
			<trkpt lat="46.4528196980" lon="7.0789466794">
				<ele>1420.2</ele>
				<extensions>
					<swisstopo:routepoint_id>126250913</swisstopo:routepoint_id>
				</extensions>
			</trkpt>
			<trkpt lat="46.4527952883" lon="7.0788938118">
				<ele>1421.3</ele>
				<extensions>
					<swisstopo:routepoint_id>1840963327</swisstopo:routepoint_id>
				</extensions>
			</trkpt>
			<trkpt lat="46.4527795144" lon="7.0788524030">
				<ele>1422.2</ele>
				<extensions>
					<swisstopo:routepoint_id>1088609160</swisstopo:routepoint_id>
				</extensions>
			</trkpt>
			<trkpt lat="46.4527667515" lon="7.0787729446">
				<ele>1424.5</ele>
				<extensions>
					<swisstopo:routepoint_id>533773297</swisstopo:routepoint_id>
				</extensions>
			</trkpt>
			<trkpt lat="46.4527554684" lon="7.0786692628">
				<ele>1426.4</ele>
				<extensions>
					<swisstopo:routepoint_id>884477633</swisstopo:routepoint_id>
				</extensions>
			</trkpt>
			<trkpt lat="46.4527420391" lon="7.0786267073">
				<ele>1427.7</ele>
				<extensions>
					<swisstopo:routepoint_id>1342948629</swisstopo:routepoint_id>
				</extensions>
			</trkpt>
			<trkpt lat="46.4527232107" lon="7.0786095451">
				<ele>1428.6</ele>
				<extensions>
					<swisstopo:routepoint_id>444474985</swisstopo:routepoint_id>
				</extensions>
			</trkpt>
			<trkpt lat="46.4527172718" lon="7.0785888279">
				<ele>1429.1</ele>
				<extensions>
					<swisstopo:routepoint_id>1706181568</swisstopo:routepoint_id>
				</extensions>
			</trkpt>
			<trkpt lat="46.4527218605" lon="7.0785576950">
				<ele>1429.6</ele>
				<extensions>
					<swisstopo:routepoint_id>557320305</swisstopo:routepoint_id>
				</extensions>
			</trkpt>
			<trkpt lat="46.4527311337" lon="7.0785230485">
				<ele>1430.4</ele>
				<extensions>
					<swisstopo:routepoint_id>574756873</swisstopo:routepoint_id>
				</extensions>
			</trkpt>
			<trkpt lat="46.4527275729" lon="7.0785092557">
				<ele>1430.7</ele>
				<extensions>
					<swisstopo:routepoint_id>1121882619</swisstopo:routepoint_id>
				</extensions>
			</trkpt>
			<trkpt lat="46.4526958474" lon="7.0784956230">
				<ele>1431.3</ele>
				<extensions>
					<swisstopo:routepoint_id>837619872</swisstopo:routepoint_id>
				</extensions>
			</trkpt>
			<trkpt lat="46.4526406396" lon="7.0784752435">
				<ele>1432.6</ele>
				<extensions>
					<swisstopo:routepoint_id>489548847</swisstopo:routepoint_id>
				</extensions>
			</trkpt>
			<trkpt lat="46.4525691488" lon="7.0784947170">
				<ele>1433.7</ele>
				<extensions>
					<swisstopo:routepoint_id>379643212</swisstopo:routepoint_id>
				</extensions>
			</trkpt>
			<trkpt lat="46.4524941435" lon="7.0785148875">
				<ele>1434.2</ele>
				<extensions>
					<swisstopo:routepoint_id>499487905</swisstopo:routepoint_id>
				</extensions>
			</trkpt>
			<trkpt lat="46.4524678292" lon="7.0785228271">
				<ele>1434.2</ele>
				<extensions>
					<swisstopo:routepoint_id>1066169039</swisstopo:routepoint_id>
				</extensions>
			</trkpt>
			<trkpt lat="46.4524222648" lon="7.0785568101">
				<ele>1434.2</ele>
				<extensions>
					<swisstopo:routepoint_id>1242657502</swisstopo:routepoint_id>
				</extensions>
			</trkpt>
			<trkpt lat="46.4523539517" lon="7.0786168598">
				<ele>1434.0</ele>
				<extensions>
					<swisstopo:routepoint_id>1794009226</swisstopo:routepoint_id>
				</extensions>
			</trkpt>
			<trkpt lat="46.4523140707" lon="7.0786730485">
				<ele>1433.3</ele>
				<extensions>
					<swisstopo:routepoint_id>372821075</swisstopo:routepoint_id>
				</extensions>
			</trkpt>
			<trkpt lat="46.4522699076" lon="7.0787063993">
				<ele>1432.6</ele>
				<extensions>
					<swisstopo:routepoint_id>1634496557</swisstopo:routepoint_id>
				</extensions>
			</trkpt>
			<trkpt lat="46.4522270908" lon="7.0787128716">
				<ele>1432.3</ele>
				<extensions>
					<swisstopo:routepoint_id>1072369683</swisstopo:routepoint_id>
				</extensions>
			</trkpt>
			<trkpt lat="46.4521770767" lon="7.0787049393">
				<ele>1432.3</ele>
				<extensions>
					<swisstopo:routepoint_id>2068839180</swisstopo:routepoint_id>
				</extensions>
			</trkpt>
			<trkpt lat="46.4521156279" lon="7.0786908797">
				<ele>1432.5</ele>
				<extensions>
					<swisstopo:routepoint_id>150128794</swisstopo:routepoint_id>
				</extensions>
			</trkpt>
			<trkpt lat="46.4520456189" lon="7.0786810076">
				<ele>1432.5</ele>
				<extensions>
					<swisstopo:routepoint_id>410033031</swisstopo:routepoint_id>
				</extensions>
			</trkpt>
			<trkpt lat="46.4519870892" lon="7.0786855241">
				<ele>1432.0</ele>
				<extensions>
					<swisstopo:routepoint_id>818155996</swisstopo:routepoint_id>
				</extensions>
			</trkpt>
			<trkpt lat="46.4519328586" lon="7.0786982866">
				<ele>1431.6</ele>
				<extensions>
					<swisstopo:routepoint_id>412372695</swisstopo:routepoint_id>
				</extensions>
			</trkpt>
			<trkpt lat="46.4518728828" lon="7.0787007538">
				<ele>1431.0</ele>
				<extensions>
					<swisstopo:routepoint_id>1575978799</swisstopo:routepoint_id>
				</extensions>
			</trkpt>
			<trkpt lat="46.4518200198" lon="7.0786907558">
				<ele>1430.5</ele>
				<extensions>
					<swisstopo:routepoint_id>193797893</swisstopo:routepoint_id>
				</extensions>
			</trkpt>
			<trkpt lat="46.4517485290" lon="7.0786643701">
				<ele>1429.8</ele>
				<extensions>
					<swisstopo:routepoint_id>999708803</swisstopo:routepoint_id>
				</extensions>
			</trkpt>
			<trkpt lat="46.4516327256" lon="7.0786238121">
				<ele>1428.5</ele>
				<extensions>
					<swisstopo:routepoint_id>871855812</swisstopo:routepoint_id>
				</extensions>
			</trkpt>
			<trkpt lat="46.4515383432" lon="7.0785810413">
				<ele>1427.7</ele>
				<extensions>
					<swisstopo:routepoint_id>694754593</swisstopo:routepoint_id>
				</extensions>
			</trkpt>
			<trkpt lat="46.4514710520" lon="7.0785256997">
				<ele>1427.1</ele>
				<extensions>
					<swisstopo:routepoint_id>192212183</swisstopo:routepoint_id>
				</extensions>
			</trkpt>
			<trkpt lat="46.4514423413" lon="7.0784783653">
				<ele>1426.9</ele>
				<extensions>
					<swisstopo:routepoint_id>1021174601</swisstopo:routepoint_id>
				</extensions>
			</trkpt>
			<trkpt lat="46.4514122527" lon="7.0784475763">
				<ele>1426.6</ele>
				<extensions>
					<swisstopo:routepoint_id>1466130097</swisstopo:routepoint_id>
				</extensions>
			</trkpt>
			<trkpt lat="46.4513664714" lon="7.0784210213">
				<ele>1426.4</ele>
				<extensions>
					<swisstopo:routepoint_id>1646061193</swisstopo:routepoint_id>
				</extensions>
			</trkpt>
			<trkpt lat="46.4512573258" lon="7.0783837885">
				<ele>1425.8</ele>
				<extensions>
					<swisstopo:routepoint_id>666435014</swisstopo:routepoint_id>
				</extensions>
			</trkpt>
			<trkpt lat="46.4512003469" lon="7.0783666242">
				<ele>1425.8</ele>
				<extensions>
					<swisstopo:routepoint_id>1455248271</swisstopo:routepoint_id>
				</extensions>
			</trkpt>
			<trkpt lat="46.4511632447" lon="7.0783481722">
				<ele>1426.4</ele>
				<extensions>
					<swisstopo:routepoint_id>811190661</swisstopo:routepoint_id>
				</extensions>
			</trkpt>
			<trkpt lat="46.4510909328" lon="7.0782982027">
				<ele>1427.8</ele>
				<extensions>
					<swisstopo:routepoint_id>716344649</swisstopo:routepoint_id>
				</extensions>
			</trkpt>
			<trkpt lat="46.4510374255" lon="7.0782379537">
				<ele>1428.7</ele>
				<extensions>
					<swisstopo:routepoint_id>1224620671</swisstopo:routepoint_id>
				</extensions>
			</trkpt>
			<trkpt lat="46.4509098878" lon="7.0780934423">
				<ele>1431.6</ele>
				<extensions>
					<swisstopo:routepoint_id>1660868511</swisstopo:routepoint_id>
				</extensions>
			</trkpt>
			<trkpt lat="46.4508539014" lon="7.0780028966">
				<ele>1432.5</ele>
				<extensions>
					<swisstopo:routepoint_id>839824085</swisstopo:routepoint_id>
				</extensions>
			</trkpt>
			<trkpt lat="46.4507935830" lon="7.0778937846">
				<ele>1433.6</ele>
				<extensions>
					<swisstopo:routepoint_id>768094486</swisstopo:routepoint_id>
				</extensions>
			</trkpt>
			<trkpt lat="46.4507333618" lon="7.0778212138">
				<ele>1433.6</ele>
				<extensions>
					<swisstopo:routepoint_id>285618733</swisstopo:routepoint_id>
				</extensions>
			</trkpt>
			<trkpt lat="46.4507026370" lon="7.0777913829">
				<ele>1433.6</ele>
				<extensions>
					<swisstopo:routepoint_id>1960440722</swisstopo:routepoint_id>
				</extensions>
			</trkpt>
			<trkpt lat="46.4505672577" lon="7.0776762855">
				<ele>1434.3</ele>
				<extensions>
					<swisstopo:routepoint_id>1461330602</swisstopo:routepoint_id>
				</extensions>
			</trkpt>
			<trkpt lat="46.4504469437" lon="7.0775634277">
				<ele>1436.1</ele>
				<extensions>
					<swisstopo:routepoint_id>1095230777</swisstopo:routepoint_id>
				</extensions>
			</trkpt>
			<trkpt lat="46.4502794373" lon="7.0774302415">
				<ele>1436.0</ele>
				<extensions>
					<swisstopo:routepoint_id>1552253619</swisstopo:routepoint_id>
				</extensions>
			</trkpt>
			<trkpt lat="46.4502235695" lon="7.0773748142">
				<ele>1435.8</ele>
				<extensions>
					<swisstopo:routepoint_id>787175077</swisstopo:routepoint_id>
				</extensions>
			</trkpt>
			<trkpt lat="46.4501819127" lon="7.0772986394">
				<ele>1434.7</ele>
				<extensions>
					<swisstopo:routepoint_id>1265256753</swisstopo:routepoint_id>
				</extensions>
			</trkpt>
			<trkpt lat="46.4501151328" lon="7.0772002234">
				<ele>1432.7</ele>
				<extensions>
					<swisstopo:routepoint_id>706916451</swisstopo:routepoint_id>
				</extensions>
			</trkpt>
			<trkpt lat="46.4499967192" lon="7.0770825632">
				<ele>1430.9</ele>
				<extensions>
					<swisstopo:routepoint_id>708927601</swisstopo:routepoint_id>
				</extensions>
			</trkpt>
			<trkpt lat="46.4496331215" lon="7.0767580735">
				<ele>1428.5</ele>
				<extensions>
					<swisstopo:routepoint_id>1140801031</swisstopo:routepoint_id>
				</extensions>
			</trkpt>
			<trkpt lat="46.4495524887" lon="7.0766713551">
				<ele>1427.3</ele>
				<extensions>
					<swisstopo:routepoint_id>860620168</swisstopo:routepoint_id>
				</extensions>
			</trkpt>
			<trkpt lat="46.4494855882" lon="7.0765919047">
				<ele>1426.7</ele>
				<extensions>
					<swisstopo:routepoint_id>2133863124</swisstopo:routepoint_id>
				</extensions>
			</trkpt>
			<trkpt lat="46.4494263241" lon="7.0765151620">
				<ele>1426.2</ele>
				<extensions>
					<swisstopo:routepoint_id>1833544161</swisstopo:routepoint_id>
				</extensions>
			</trkpt>
			<trkpt lat="46.4493784844" lon="7.0764411015">
				<ele>1425.7</ele>
				<extensions>
					<swisstopo:routepoint_id>252205556</swisstopo:routepoint_id>
				</extensions>
			</trkpt>
			<trkpt lat="46.4493363482" lon="7.0763642455">
				<ele>1425.7</ele>
				<extensions>
					<swisstopo:routepoint_id>1131318642</swisstopo:routepoint_id>
				</extensions>
			</trkpt>
			<trkpt lat="46.4492838989" lon="7.0762663599">
				<ele>1426.5</ele>
				<extensions>
					<swisstopo:routepoint_id>1982212479</swisstopo:routepoint_id>
				</extensions>
			</trkpt>
			<trkpt lat="46.4492246178" lon="7.0761841145">
				<ele>1427.3</ele>
				<extensions>
					<swisstopo:routepoint_id>625056508</swisstopo:routepoint_id>
				</extensions>
			</trkpt>
			<trkpt lat="46.4491691845" lon="7.0761183537">
				<ele>1427.1</ele>
				<extensions>
					<swisstopo:routepoint_id>1464317704</swisstopo:routepoint_id>
				</extensions>
			</trkpt>
			<trkpt lat="46.4490946732" lon="7.0760389553">
				<ele>1426.5</ele>
				<extensions>
					<swisstopo:routepoint_id>1964727368</swisstopo:routepoint_id>
				</extensions>
			</trkpt>
			<trkpt lat="46.4489782094" lon="7.0759377967">
				<ele>1426.3</ele>
				<extensions>
					<swisstopo:routepoint_id>142967302</swisstopo:routepoint_id>
				</extensions>
			</trkpt>
			<trkpt lat="46.4488807792" lon="7.0758365125">
				<ele>1426.2</ele>
				<extensions>
					<swisstopo:routepoint_id>611530892</swisstopo:routepoint_id>
				</extensions>
			</trkpt>
			<trkpt lat="46.4488349077" lon="7.0757817335">
				<ele>1426.2</ele>
				<extensions>
					<swisstopo:routepoint_id>298770054</swisstopo:routepoint_id>
				</extensions>
			</trkpt>
			<trkpt lat="46.4487566345" lon="7.0757188961">
				<ele>1426.1</ele>
				<extensions>
					<swisstopo:routepoint_id>1776064822</swisstopo:routepoint_id>
				</extensions>
			</trkpt>
			<trkpt lat="46.4486592397" lon="7.0756286316">
				<ele>1426.0</ele>
				<extensions>
					<swisstopo:routepoint_id>157522218</swisstopo:routepoint_id>
				</extensions>
			</trkpt>
			<trkpt lat="46.4485884805" lon="7.0755299289">
				<ele>1426.0</ele>
				<extensions>
					<swisstopo:routepoint_id>1464162113</swisstopo:routepoint_id>
				</extensions>
			</trkpt>
			<trkpt lat="46.4485138558" lon="7.0754147299">
				<ele>1426.1</ele>
				<extensions>
					<swisstopo:routepoint_id>1949777898</swisstopo:routepoint_id>
				</extensions>
			</trkpt>
			<trkpt lat="46.4484641255" lon="7.0753461877">
				<ele>1426.0</ele>
				<extensions>
					<swisstopo:routepoint_id>542385338</swisstopo:routepoint_id>
				</extensions>
			</trkpt>
			<trkpt lat="46.4484144834" lon="7.0753024412">
				<ele>1426.0</ele>
				<extensions>
					<swisstopo:routepoint_id>386673880</swisstopo:routepoint_id>
				</extensions>
			</trkpt>
			<trkpt lat="46.4483188894" lon="7.0751791085">
				<ele>1426.4</ele>
				<extensions>
					<swisstopo:routepoint_id>1969774176</swisstopo:routepoint_id>
				</extensions>
			</trkpt>
			<trkpt lat="46.4482214333" lon="7.0750695783">
				<ele>1426.5</ele>
				<extensions>
					<swisstopo:routepoint_id>351748960</swisstopo:routepoint_id>
				</extensions>
			</trkpt>
			<trkpt lat="46.4481296796" lon="7.0749572402">
				<ele>1426.3</ele>
				<extensions>
					<swisstopo:routepoint_id>2062152099</swisstopo:routepoint_id>
				</extensions>
			</trkpt>
			<trkpt lat="46.4480550537" lon="7.0748420303">
				<ele>1426.2</ele>
				<extensions>
					<swisstopo:routepoint_id>1930264183</swisstopo:routepoint_id>
				</extensions>
			</trkpt>
			<trkpt lat="46.4480148325" lon="7.0747679225">
				<ele>1426.5</ele>
				<extensions>
					<swisstopo:routepoint_id>1541953676</swisstopo:routepoint_id>
				</extensions>
			</trkpt>
			<trkpt lat="46.4479045309" lon="7.0746419697">
				<ele>1427.1</ele>
				<extensions>
					<swisstopo:routepoint_id>1465522217</swisstopo:routepoint_id>
				</extensions>
			</trkpt>
			<trkpt lat="46.4478265602" lon="7.0745527483">
				<ele>1427.1</ele>
				<extensions>
					<swisstopo:routepoint_id>22703048</swisstopo:routepoint_id>
				</extensions>
			</trkpt>
			<trkpt lat="46.4477198009" lon="7.0745050880">
				<ele>1427.3</ele>
				<extensions>
					<swisstopo:routepoint_id>1070101639</swisstopo:routepoint_id>
				</extensions>
			</trkpt>
			<trkpt lat="46.4476526239" lon="7.0744526014">
				<ele>1427.3</ele>
				<extensions>
					<swisstopo:routepoint_id>1222980668</swisstopo:routepoint_id>
				</extensions>
			</trkpt>
			<trkpt lat="46.4475623398" lon="7.0743243562">
				<ele>1428.2</ele>
				<extensions>
					<swisstopo:routepoint_id>1470486392</swisstopo:routepoint_id>
				</extensions>
			</trkpt>
			<trkpt lat="46.4474018755" lon="7.0741551472">
				<ele>1428.7</ele>
				<extensions>
					<swisstopo:routepoint_id>257167108</swisstopo:routepoint_id>
				</extensions>
			</trkpt>
			<trkpt lat="46.4473110435" lon="7.0740642465">
				<ele>1429.0</ele>
				<extensions>
					<swisstopo:routepoint_id>553400895</swisstopo:routepoint_id>
				</extensions>
			</trkpt>
			<trkpt lat="46.4471663046" lon="7.0739125238">
				<ele>1429.0</ele>
				<extensions>
					<swisstopo:routepoint_id>710451745</swisstopo:routepoint_id>
				</extensions>
			</trkpt>
			<trkpt lat="46.4471297225" lon="7.0739050153">
				<ele>1429.0</ele>
				<extensions>
					<swisstopo:routepoint_id>2074695212</swisstopo:routepoint_id>
				</extensions>
			</trkpt>
			<trkpt lat="46.4470339593" lon="7.0738979785">
				<ele>1427.1</ele>
				<extensions>
					<swisstopo:routepoint_id>113458243</swisstopo:routepoint_id>
				</extensions>
			</trkpt>
			<trkpt lat="46.4469556349" lon="7.0739011831">
				<ele>1425.5</ele>
				<extensions>
					<swisstopo:routepoint_id>1973591115</swisstopo:routepoint_id>
				</extensions>
			</trkpt>
			<trkpt lat="46.4469086161" lon="7.0738963498">
				<ele>1426.2</ele>
				<extensions>
					<swisstopo:routepoint_id>622756078</swisstopo:routepoint_id>
				</extensions>
			</trkpt>
			<trkpt lat="46.4468684433" lon="7.0738603078">
				<ele>1427.3</ele>
				<extensions>
					<swisstopo:routepoint_id>521479355</swisstopo:routepoint_id>
				</extensions>
			</trkpt>
			<trkpt lat="46.4468051259" lon="7.0737654757">
				<ele>1429.0</ele>
				<extensions>
					<swisstopo:routepoint_id>40535122</swisstopo:routepoint_id>
				</extensions>
			</trkpt>
			<trkpt lat="46.4466916560" lon="7.0735967955">
				<ele>1431.4</ele>
				<extensions>
					<swisstopo:routepoint_id>443886400</swisstopo:routepoint_id>
				</extensions>
			</trkpt>
			<trkpt lat="46.4465605767" lon="7.0734549737">
				<ele>1434.2</ele>
				<extensions>
					<swisstopo:routepoint_id>1984854814</swisstopo:routepoint_id>
				</extensions>
			</trkpt>
			<trkpt lat="46.4465187009" lon="7.0734293270">
				<ele>1434.8</ele>
				<extensions>
					<swisstopo:routepoint_id>1485097864</swisstopo:routepoint_id>
				</extensions>
			</trkpt>
			<trkpt lat="46.4464679495" lon="7.0734045406">
				<ele>1435.4</ele>
				<extensions>
					<swisstopo:routepoint_id>28965098</swisstopo:routepoint_id>
				</extensions>
			</trkpt>
			<trkpt lat="46.4463438016" lon="7.0733319378">
				<ele>1435.8</ele>
				<extensions>
					<swisstopo:routepoint_id>1198386273</swisstopo:routepoint_id>
				</extensions>
			</trkpt>
			<trkpt lat="46.4462659498" lon="7.0732860958">
				<ele>1435.6</ele>
				<extensions>
					<swisstopo:routepoint_id>2005343413</swisstopo:routepoint_id>
				</extensions>
			</trkpt>
			<trkpt lat="46.4462016910" lon="7.0732373418">
				<ele>1435.6</ele>
				<extensions>
					<swisstopo:routepoint_id>762669587</swisstopo:routepoint_id>
				</extensions>
			</trkpt>
			<trkpt lat="46.4461831423" lon="7.0732093536">
				<ele>1435.7</ele>
				<extensions>
					<swisstopo:routepoint_id>271818908</swisstopo:routepoint_id>
				</extensions>
			</trkpt>
			<trkpt lat="46.4461694830" lon="7.0731911948">
				<ele>1436.0</ele>
				<extensions>
					<swisstopo:routepoint_id>393046440</swisstopo:routepoint_id>
				</extensions>
			</trkpt>
			<trkpt lat="46.4461304297" lon="7.0731282161">
				<ele>1436.9</ele>
				<extensions>
					<swisstopo:routepoint_id>767940130</swisstopo:routepoint_id>
				</extensions>
			</trkpt>
			<trkpt lat="46.4461216226" lon="7.0731057928">
				<ele>1436.9</ele>
				<extensions>
					<swisstopo:routepoint_id>1437493840</swisstopo:routepoint_id>
				</extensions>
			</trkpt>
			<trkpt lat="46.4461408639" lon="7.0730973015">
				<ele>1437.2</ele>
				<extensions>
					<swisstopo:routepoint_id>1522502835</swisstopo:routepoint_id>
				</extensions>
			</trkpt>
			<trkpt lat="46.4461657221" lon="7.0730585889">
				<ele>1437.9</ele>
				<extensions>
					<swisstopo:routepoint_id>210277450</swisstopo:routepoint_id>
				</extensions>
			</trkpt>
			<trkpt lat="46.4461764447" lon="7.0730024448">
				<ele>1438.6</ele>
				<extensions>
					<swisstopo:routepoint_id>762307236</swisstopo:routepoint_id>
				</extensions>
			</trkpt>
			<trkpt lat="46.4461762982" lon="7.0729566427">
				<ele>1439.2</ele>
				<extensions>
					<swisstopo:routepoint_id>1713994642</swisstopo:routepoint_id>
				</extensions>
			</trkpt>
			<trkpt lat="46.4461643921" lon="7.0728820061">
				<ele>1440.2</ele>
				<extensions>
					<swisstopo:routepoint_id>1315398980</swisstopo:routepoint_id>
				</extensions>
			</trkpt>
			<trkpt lat="46.4461341326" lon="7.0727954445">
				<ele>1441.4</ele>
				<extensions>
					<swisstopo:routepoint_id>938316643</swisstopo:routepoint_id>
				</extensions>
			</trkpt>
			<trkpt lat="46.4460587168" lon="7.0726561508">
				<ele>1443.4</ele>
				<extensions>
					<swisstopo:routepoint_id>1114748953</swisstopo:routepoint_id>
				</extensions>
			</trkpt>
			<trkpt lat="46.4460032564" lon="7.0725095050">
				<ele>1445.4</ele>
				<extensions>
					<swisstopo:routepoint_id>957598453</swisstopo:routepoint_id>
				</extensions>
			</trkpt>
			<trkpt lat="46.4459562360" lon="7.0723941178">
				<ele>1447.0</ele>
				<extensions>
					<swisstopo:routepoint_id>359610673</swisstopo:routepoint_id>
				</extensions>
			</trkpt>
			<trkpt lat="46.4459009009" lon="7.0722812014">
				<ele>1448.6</ele>
				<extensions>
					<swisstopo:routepoint_id>453232826</swisstopo:routepoint_id>
				</extensions>
			</trkpt>
			<trkpt lat="46.4458506524" lon="7.0721971764">
				<ele>1449.9</ele>
				<extensions>
					<swisstopo:routepoint_id>1207866731</swisstopo:routepoint_id>
				</extensions>
			</trkpt>
			<trkpt lat="46.4457385555" lon="7.0720509119">
				<ele>1452.4</ele>
				<extensions>
					<swisstopo:routepoint_id>1373761204</swisstopo:routepoint_id>
				</extensions>
			</trkpt>
			<trkpt lat="46.4456047114" lon="7.0718806723">
				<ele>1455.6</ele>
				<extensions>
					<swisstopo:routepoint_id>435149377</swisstopo:routepoint_id>
				</extensions>
			</trkpt>
			<trkpt lat="46.4455428727" lon="7.0718184202">
				<ele>1456.7</ele>
				<extensions>
					<swisstopo:routepoint_id>793625042</swisstopo:routepoint_id>
				</extensions>
			</trkpt>
			<trkpt lat="46.4453374998" lon="7.0716775875">
				<ele>1460.2</ele>
				<extensions>
					<swisstopo:routepoint_id>128842574</swisstopo:routepoint_id>
				</extensions>
			</trkpt>
			<trkpt lat="46.4451955650" lon="7.0715821196">
				<ele>1462.8</ele>
				<extensions>
					<swisstopo:routepoint_id>893525435</swisstopo:routepoint_id>
				</extensions>
			</trkpt>
			<trkpt lat="46.4450954052" lon="7.0715201384">
				<ele>1464.6</ele>
				<extensions>
					<swisstopo:routepoint_id>58445502</swisstopo:routepoint_id>
				</extensions>
			</trkpt>
			<trkpt lat="46.4450669105" lon="7.0714986362">
				<ele>1465.1</ele>
				<extensions>
					<swisstopo:routepoint_id>1184716298</swisstopo:routepoint_id>
				</extensions>
			</trkpt>
			<trkpt lat="46.4449359700" lon="7.0713899162">
				<ele>1467.6</ele>
				<extensions>
					<swisstopo:routepoint_id>2078301079</swisstopo:routepoint_id>
				</extensions>
			</trkpt>
			<trkpt lat="46.4448615529" lon="7.0713408271">
				<ele>1469.0</ele>
				<extensions>
					<swisstopo:routepoint_id>727152987</swisstopo:routepoint_id>
				</extensions>
			</trkpt>
			<trkpt lat="46.4448100643" lon="7.0713163787">
				<ele>1470.0</ele>
				<extensions>
					<swisstopo:routepoint_id>1126874840</swisstopo:routepoint_id>
				</extensions>
			</trkpt>
			<trkpt lat="46.4447097614" lon="7.0712768811">
				<ele>1471.8</ele>
				<extensions>
					<swisstopo:routepoint_id>1441859484</swisstopo:routepoint_id>
				</extensions>
			</trkpt>
			<trkpt lat="46.4446247198" lon="7.0712557721">
				<ele>1473.2</ele>
				<extensions>
					<swisstopo:routepoint_id>726092934</swisstopo:routepoint_id>
				</extensions>
			</trkpt>
			<trkpt lat="46.4445763974" lon="7.0712536823">
				<ele>1474.0</ele>
				<extensions>
					<swisstopo:routepoint_id>124366495</swisstopo:routepoint_id>
				</extensions>
			</trkpt>
			<trkpt lat="46.4445214948" lon="7.0712781472">
				<ele>1475.0</ele>
				<extensions>
					<swisstopo:routepoint_id>1221646666</swisstopo:routepoint_id>
				</extensions>
			</trkpt>
			<trkpt lat="46.4444483382" lon="7.0713220263">
				<ele>1476.5</ele>
				<extensions>
					<swisstopo:routepoint_id>989931425</swisstopo:routepoint_id>
				</extensions>
			</trkpt>
			<trkpt lat="46.4444050376" lon="7.0713319632">
				<ele>1477.4</ele>
				<extensions>
					<swisstopo:routepoint_id>938297278</swisstopo:routepoint_id>
				</extensions>
			</trkpt>
			<trkpt lat="46.4443550208" lon="7.0713202518">
				<ele>1478.3</ele>
				<extensions>
					<swisstopo:routepoint_id>1607058971</swisstopo:routepoint_id>
				</extensions>
			</trkpt>
			<trkpt lat="46.4442899541" lon="7.0712893500">
				<ele>1479.5</ele>
				<extensions>
					<swisstopo:routepoint_id>220121015</swisstopo:routepoint_id>
				</extensions>
			</trkpt>
			<trkpt lat="46.4441814100" lon="7.0712129519">
				<ele>1481.5</ele>
				<extensions>
					<swisstopo:routepoint_id>2035439675</swisstopo:routepoint_id>
				</extensions>
			</trkpt>
			<trkpt lat="46.4440828274" lon="7.0711268412">
				<ele>1483.4</ele>
				<extensions>
					<swisstopo:routepoint_id>1479989947</swisstopo:routepoint_id>
				</extensions>
			</trkpt>
			<trkpt lat="46.4440142931" lon="7.0710549909">
				<ele>1484.9</ele>
				<extensions>
					<swisstopo:routepoint_id>1986321966</swisstopo:routepoint_id>
				</extensions>
			</trkpt>
			<trkpt lat="46.4439607443" lon="7.0709830526">
				<ele>1486.1</ele>
				<extensions>
					<swisstopo:routepoint_id>1785492671</swisstopo:routepoint_id>
				</extensions>
			</trkpt>
			<trkpt lat="46.4439155012" lon="7.0709038275">
				<ele>1487.3</ele>
				<extensions>
					<swisstopo:routepoint_id>1167697451</swisstopo:routepoint_id>
				</extensions>
			</trkpt>
			<trkpt lat="46.4438735961" lon="7.0708245673">
				<ele>1488.6</ele>
				<extensions>
					<swisstopo:routepoint_id>245521734</swisstopo:routepoint_id>
				</extensions>
			</trkpt>
			<trkpt lat="46.4438367694" lon="7.0707717955">
				<ele>1489.6</ele>
				<extensions>
					<swisstopo:routepoint_id>1358243392</swisstopo:routepoint_id>
				</extensions>
			</trkpt>
			<trkpt lat="46.4437916833" lon="7.0707383583">
				<ele>1490.5</ele>
				<extensions>
					<swisstopo:routepoint_id>1758239616</swisstopo:routepoint_id>
				</extensions>
			</trkpt>
			<trkpt lat="46.4437433300" lon="7.0707266490">
				<ele>1491.3</ele>
				<extensions>
					<swisstopo:routepoint_id>737994663</swisstopo:routepoint_id>
				</extensions>
			</trkpt>
			<trkpt lat="46.4436900456" lon="7.0707342262">
				<ele>1492.3</ele>
				<extensions>
					<swisstopo:routepoint_id>1204817118</swisstopo:routepoint_id>
				</extensions>
			</trkpt>
			<trkpt lat="46.4435935151" lon="7.0707686045">
				<ele>1494.1</ele>
				<extensions>
					<swisstopo:routepoint_id>497237085</swisstopo:routepoint_id>
				</extensions>
			</trkpt>
			<trkpt lat="46.4435036288" lon="7.0707933303">
				<ele>1495.7</ele>
				<extensions>
					<swisstopo:routepoint_id>958583897</swisstopo:routepoint_id>
				</extensions>
			</trkpt>
			<trkpt lat="46.4434403575" lon="7.0708058039">
				<ele>1496.9</ele>
				<extensions>
					<swisstopo:routepoint_id>824066200</swisstopo:routepoint_id>
				</extensions>
			</trkpt>
			<trkpt lat="46.4433837129" lon="7.0708061852">
				<ele>1497.7</ele>
				<extensions>
					<swisstopo:routepoint_id>2057324821</swisstopo:routepoint_id>
				</extensions>
			</trkpt>
			<trkpt lat="46.4432953506" lon="7.0707875016">
				<ele>1498.9</ele>
				<extensions>
					<swisstopo:routepoint_id>1861521931</swisstopo:routepoint_id>
				</extensions>
			</trkpt>
			<trkpt lat="46.4431519308" lon="7.0707450813">
				<ele>1500.2</ele>
				<extensions>
					<swisstopo:routepoint_id>1064972347</swisstopo:routepoint_id>
				</extensions>
			</trkpt>
			<trkpt lat="46.4430651712" lon="7.0707070960">
				<ele>1500.6</ele>
				<extensions>
					<swisstopo:routepoint_id>330357006</swisstopo:routepoint_id>
				</extensions>
			</trkpt>
			<trkpt lat="46.4428999665" lon="7.0706238641">
				<ele>1501.1</ele>
				<extensions>
					<swisstopo:routepoint_id>1022332779</swisstopo:routepoint_id>
				</extensions>
			</trkpt>
			<trkpt lat="46.4428582397" lon="7.0706000377">
				<ele>1501.2</ele>
				<extensions>
					<swisstopo:routepoint_id>331121108</swisstopo:routepoint_id>
				</extensions>
			</trkpt>
			<trkpt lat="46.4428457137" lon="7.0705928911">
				<ele>1500.7</ele>
				<extensions>
					<swisstopo:routepoint_id>1846597536</swisstopo:routepoint_id>
				</extensions>
			</trkpt>
			<trkpt lat="46.4427246961" lon="7.0705238114">
				<ele>1501.3</ele>
				<extensions>
					<swisstopo:routepoint_id>776459644</swisstopo:routepoint_id>
				</extensions>
			</trkpt>
			<trkpt lat="46.4426957423" lon="7.0703263558">
				<ele>1501.2</ele>
				<extensions>
					<swisstopo:routepoint_id>1988068931</swisstopo:routepoint_id>
				</extensions>
			</trkpt>
			<trkpt lat="46.4426702796" lon="7.0701795192">
				<ele>1501.1</ele>
				<extensions>
					<swisstopo:routepoint_id>1254723032</swisstopo:routepoint_id>
				</extensions>
			</trkpt>
			<trkpt lat="46.4426499417" lon="7.0700712048">
				<ele>1501.0</ele>
				<extensions>
					<swisstopo:routepoint_id>13107518</swisstopo:routepoint_id>
				</extensions>
			</trkpt>
			<trkpt lat="46.4426004136" lon="7.0696979695">
				<ele>1499.4</ele>
				<extensions>
					<swisstopo:routepoint_id>37949411</swisstopo:routepoint_id>
				</extensions>
			</trkpt>
			<trkpt lat="46.4425697704" lon="7.0694933082">
				<ele>1497.7</ele>
				<extensions>
					<swisstopo:routepoint_id>1883250992</swisstopo:routepoint_id>
				</extensions>
			</trkpt>
			<trkpt lat="46.4425298292" lon="7.0692091568">
				<ele>1496.2</ele>
				<extensions>
					<swisstopo:routepoint_id>1823818489</swisstopo:routepoint_id>
				</extensions>
			</trkpt>
			<trkpt lat="46.4424827885" lon="7.0688744883">
				<ele>1495.6</ele>
				<extensions>
					<swisstopo:routepoint_id>1002361251</swisstopo:routepoint_id>
				</extensions>
			</trkpt>
			<trkpt lat="46.4424402192" lon="7.0685903685">
				<ele>1496.3</ele>
				<extensions>
					<swisstopo:routepoint_id>1900302205</swisstopo:routepoint_id>
				</extensions>
			</trkpt>
			<trkpt lat="46.4424165359" lon="7.0684772612">
				<ele>1496.5</ele>
				<extensions>
					<swisstopo:routepoint_id>1369841435</swisstopo:routepoint_id>
				</extensions>
			</trkpt>
			<trkpt lat="46.4423878587" lon="7.0683690172">
				<ele>1496.7</ele>
				<extensions>
					<swisstopo:routepoint_id>2020941941</swisstopo:routepoint_id>
				</extensions>
			</trkpt>
			<trkpt lat="46.4423425143" lon="7.0682560445">
				<ele>1496.9</ele>
				<extensions>
					<swisstopo:routepoint_id>284032225</swisstopo:routepoint_id>
				</extensions>
			</trkpt>
			<trkpt lat="46.4422518857" lon="7.0680517918">
				<ele>1497.2</ele>
				<extensions>
					<swisstopo:routepoint_id>1789607901</swisstopo:routepoint_id>
				</extensions>
			</trkpt>
			<trkpt lat="46.4421175745" lon="7.0677393857">
				<ele>1497.7</ele>
				<extensions>
					<swisstopo:routepoint_id>1341213659</swisstopo:routepoint_id>
				</extensions>
			</trkpt>
			<trkpt lat="46.4418104379" lon="7.0670449463">
				<ele>1499.4</ele>
				<extensions>
					<swisstopo:routepoint_id>396943263</swisstopo:routepoint_id>
				</extensions>
			</trkpt>
			<trkpt lat="46.4416123837" lon="7.0665980209">
				<ele>1499.7</ele>
				<extensions>
					<swisstopo:routepoint_id>1074723740</swisstopo:routepoint_id>
				</extensions>
			</trkpt>
			<trkpt lat="46.4415587153" lon="7.0664875096">
				<ele>1499.9</ele>
				<extensions>
					<swisstopo:routepoint_id>2013513538</swisstopo:routepoint_id>
				</extensions>
			</trkpt>
			<trkpt lat="46.4414966992" lon="7.0663770682">
				<ele>1500.4</ele>
				<extensions>
					<swisstopo:routepoint_id>1896145853</swisstopo:routepoint_id>
				</extensions>
			</trkpt>
			<trkpt lat="46.4413744520" lon="7.0661850972">
				<ele>1501.3</ele>
				<extensions>
					<swisstopo:routepoint_id>124436112</swisstopo:routepoint_id>
				</extensions>
			</trkpt>
			<trkpt lat="46.4413258390" lon="7.0660938304">
				<ele>1501.6</ele>
				<extensions>
					<swisstopo:routepoint_id>1202608468</swisstopo:routepoint_id>
				</extensions>
			</trkpt>
			<trkpt lat="46.4413122885" lon="7.0660264568">
				<ele>1501.8</ele>
				<extensions>
					<swisstopo:routepoint_id>1385771569</swisstopo:routepoint_id>
				</extensions>
			</trkpt>
			<trkpt lat="46.4413103960" lon="7.0659565763">
				<ele>1501.8</ele>
				<extensions>
					<swisstopo:routepoint_id>1456185483</swisstopo:routepoint_id>
				</extensions>
			</trkpt>
			<trkpt lat="46.4413564114" lon="7.0657586167">
				<ele>1501.5</ele>
				<extensions>
					<swisstopo:routepoint_id>1041565740</swisstopo:routepoint_id>
				</extensions>
			</trkpt>
			<trkpt lat="46.4413643790" lon="7.0656501132">
				<ele>1501.4</ele>
				<extensions>
					<swisstopo:routepoint_id>536070415</swisstopo:routepoint_id>
				</extensions>
			</trkpt>
			<trkpt lat="46.4413639858" lon="7.0655296070">
				<ele>1501.3</ele>
				<extensions>
					<swisstopo:routepoint_id>1788089619</swisstopo:routepoint_id>
				</extensions>
			</trkpt>
			<trkpt lat="46.4413519569" lon="7.0654188382">
				<ele>1501.2</ele>
				<extensions>
					<swisstopo:routepoint_id>1577721704</swisstopo:routepoint_id>
				</extensions>
			</trkpt>
			<trkpt lat="46.4413182845" lon="7.0653081922">
				<ele>1501.0</ele>
				<extensions>
					<swisstopo:routepoint_id>1095876568</swisstopo:routepoint_id>
				</extensions>
			</trkpt>
			<trkpt lat="46.4412830323" lon="7.0652289073">
				<ele>1500.7</ele>
				<extensions>
					<swisstopo:routepoint_id>354763520</swisstopo:routepoint_id>
				</extensions>
			</trkpt>
			<trkpt lat="46.4411993166" lon="7.0651017529">
				<ele>1500.2</ele>
				<extensions>
					<swisstopo:routepoint_id>221068690</swisstopo:routepoint_id>
				</extensions>
			</trkpt>
			<trkpt lat="46.4410955406" lon="7.0649554330">
				<ele>1499.3</ele>
				<extensions>
					<swisstopo:routepoint_id>1199930981</swisstopo:routepoint_id>
				</extensions>
			</trkpt>
			<trkpt lat="46.4409381487" lon="7.0647179212">
				<ele>1498.0</ele>
				<extensions>
					<swisstopo:routepoint_id>182020387</swisstopo:routepoint_id>
				</extensions>
			</trkpt>
			<trkpt lat="46.4408477592" lon="7.0645883995">
				<ele>1497.5</ele>
				<extensions>
					<swisstopo:routepoint_id>480821264</swisstopo:routepoint_id>
				</extensions>
			</trkpt>
			<trkpt lat="46.4407857973" lon="7.0644924102">
				<ele>1497.2</ele>
				<extensions>
					<swisstopo:routepoint_id>1177969451</swisstopo:routepoint_id>
				</extensions>
			</trkpt>
			<trkpt lat="46.4407388320" lon="7.0643963436">
				<ele>1496.6</ele>
				<extensions>
					<swisstopo:routepoint_id>306725693</swisstopo:routepoint_id>
				</extensions>
			</trkpt>
			<trkpt lat="46.4406651531" lon="7.0641618063">
				<ele>1494.7</ele>
				<extensions>
					<swisstopo:routepoint_id>1363869053</swisstopo:routepoint_id>
				</extensions>
			</trkpt>
			<trkpt lat="46.4405896653" lon="7.0639324161">
				<ele>1492.8</ele>
				<extensions>
					<swisstopo:routepoint_id>973968241</swisstopo:routepoint_id>
				</extensions>
			</trkpt>
			<trkpt lat="46.4405447521" lon="7.0637958877">
				<ele>1491.7</ele>
				<extensions>
					<swisstopo:routepoint_id>863932344</swisstopo:routepoint_id>
				</extensions>
			</trkpt>
			<trkpt lat="46.4405011181" lon="7.0636707496">
				<ele>1490.6</ele>
				<extensions>
					<swisstopo:routepoint_id>1348569426</swisstopo:routepoint_id>
				</extensions>
			</trkpt>
			<trkpt lat="46.4404157209" lon="7.0634128237">
				<ele>1488.5</ele>
				<extensions>
					<swisstopo:routepoint_id>1044625893</swisstopo:routepoint_id>
				</extensions>
			</trkpt>
			<trkpt lat="46.4403620098" lon="7.0632902842">
				<ele>1487.4</ele>
				<extensions>
					<swisstopo:routepoint_id>1363657411</swisstopo:routepoint_id>
				</extensions>
			</trkpt>
			<trkpt lat="46.4403050242" lon="7.0631894723">
				<ele>1486.6</ele>
				<extensions>
					<swisstopo:routepoint_id>2099649845</swisstopo:routepoint_id>
				</extensions>
			</trkpt>
			<trkpt lat="46.4402583473" lon="7.0631160379">
				<ele>1486.1</ele>
				<extensions>
					<swisstopo:routepoint_id>127259230</swisstopo:routepoint_id>
				</extensions>
			</trkpt>
			<trkpt lat="46.4401893586" lon="7.0630063500">
				<ele>1485.8</ele>
				<extensions>
					<swisstopo:routepoint_id>731636736</swisstopo:routepoint_id>
				</extensions>
			</trkpt>
			<trkpt lat="46.4401166457" lon="7.0629102848">
				<ele>1485.5</ele>
				<extensions>
					<swisstopo:routepoint_id>133566493</swisstopo:routepoint_id>
				</extensions>
			</trkpt>
			<trkpt lat="46.4400231570" lon="7.0627856185">
				<ele>1485.7</ele>
				<extensions>
					<swisstopo:routepoint_id>1187276231</swisstopo:routepoint_id>
				</extensions>
			</trkpt>
			<trkpt lat="46.4399468086" lon="7.0626809889">
				<ele>1485.9</ele>
				<extensions>
					<swisstopo:routepoint_id>1719897493</swisstopo:routepoint_id>
				</extensions>
			</trkpt>
			<trkpt lat="46.4397778973" lon="7.0624869385">
				<ele>1486.1</ele>
				<extensions>
					<swisstopo:routepoint_id>1035064999</swisstopo:routepoint_id>
				</extensions>
			</trkpt>
			<trkpt lat="46.4396858961" lon="7.0623742975">
				<ele>1485.9</ele>
				<extensions>
					<swisstopo:routepoint_id>163355695</swisstopo:routepoint_id>
				</extensions>
			</trkpt>
			<trkpt lat="46.4395904872" lon="7.0622375868">
				<ele>1485.7</ele>
				<extensions>
					<swisstopo:routepoint_id>1818477457</swisstopo:routepoint_id>
				</extensions>
			</trkpt>
			<trkpt lat="46.4395285869" lon="7.0621609045">
				<ele>1485.6</ele>
				<extensions>
					<swisstopo:routepoint_id>722026601</swisstopo:routepoint_id>
				</extensions>
			</trkpt>
			<trkpt lat="46.4394651253" lon="7.0621179587">
				<ele>1485.6</ele>
				<extensions>
					<swisstopo:routepoint_id>2134749290</swisstopo:routepoint_id>
				</extensions>
			</trkpt>
			<trkpt lat="46.4394017923" lon="7.0621087503">
				<ele>1485.5</ele>
				<extensions>
					<swisstopo:routepoint_id>586605860</swisstopo:routepoint_id>
				</extensions>
			</trkpt>
			<trkpt lat="46.4393385367" lon="7.0621260618">
				<ele>1485.3</ele>
				<extensions>
					<swisstopo:routepoint_id>1306643326</swisstopo:routepoint_id>
				</extensions>
			</trkpt>
			<trkpt lat="46.4392570133" lon="7.0621627762">
				<ele>1484.9</ele>
				<extensions>
					<swisstopo:routepoint_id>534680682</swisstopo:routepoint_id>
				</extensions>
			</trkpt>
			<trkpt lat="46.4391406734" lon="7.0622479169">
				<ele>1483.4</ele>
				<extensions>
					<swisstopo:routepoint_id>1933239856</swisstopo:routepoint_id>
				</extensions>
			</trkpt>
			<trkpt lat="46.4390608461" lon="7.0622918498">
				<ele>1482.1</ele>
				<extensions>
					<swisstopo:routepoint_id>871016944</swisstopo:routepoint_id>
				</extensions>
			</trkpt>
			<trkpt lat="46.4390008732" lon="7.0622922630">
				<ele>1481.3</ele>
				<extensions>
					<swisstopo:routepoint_id>1665447306</swisstopo:routepoint_id>
				</extensions>
			</trkpt>
			<trkpt lat="46.4389391070" lon="7.0622589505">
				<ele>1480.8</ele>
				<extensions>
					<swisstopo:routepoint_id>1388482344</swisstopo:routepoint_id>
				</extensions>
			</trkpt>
			<trkpt lat="46.4388822658" lon="7.0621966698">
				<ele>1480.7</ele>
				<extensions>
					<swisstopo:routepoint_id>1171251478</swisstopo:routepoint_id>
				</extensions>
			</trkpt>
			<trkpt lat="46.4385107058" lon="7.0616835077">
				<ele>1482.0</ele>
				<extensions>
					<swisstopo:routepoint_id>525345185</swisstopo:routepoint_id>
				</extensions>
			</trkpt>
			<trkpt lat="46.4381977475" lon="7.0612615155">
				<ele>1483.5</ele>
				<extensions>
					<swisstopo:routepoint_id>491830184</swisstopo:routepoint_id>
				</extensions>
			</trkpt>
			<trkpt lat="46.4380019014" lon="7.0609833122">
				<ele>1485.0</ele>
				<extensions>
					<swisstopo:routepoint_id>303362766</swisstopo:routepoint_id>
				</extensions>
			</trkpt>
			<trkpt lat="46.4377524675" lon="7.0606235466">
				<ele>1486.6</ele>
				<extensions>
					<swisstopo:routepoint_id>1472220500</swisstopo:routepoint_id>
				</extensions>
			</trkpt>
			<trkpt lat="46.4374642408" lon="7.0601869091">
				<ele>1487.2</ele>
				<extensions>
					<swisstopo:routepoint_id>215385385</swisstopo:routepoint_id>
				</extensions>
			</trkpt>
			<trkpt lat="46.4373591025" lon="7.0600088252">
				<ele>1487.3</ele>
				<extensions>
					<swisstopo:routepoint_id>520816251</swisstopo:routepoint_id>
				</extensions>
			</trkpt>
			<trkpt lat="46.4373352662" lon="7.0599528766">
				<ele>1487.3</ele>
				<extensions>
					<swisstopo:routepoint_id>1918034024</swisstopo:routepoint_id>
				</extensions>
			</trkpt>
			<trkpt lat="46.4373094979" lon="7.0598832687">
				<ele>1487.2</ele>
				<extensions>
					<swisstopo:routepoint_id>268821095</swisstopo:routepoint_id>
				</extensions>
			</trkpt>
			<trkpt lat="46.4372550294" lon="7.0597208197">
				<ele>1486.9</ele>
				<extensions>
					<swisstopo:routepoint_id>1525372083</swisstopo:routepoint_id>
				</extensions>
			</trkpt>
			<trkpt lat="46.4371814454" lon="7.0595228355">
				<ele>1486.9</ele>
				<extensions>
					<swisstopo:routepoint_id>268797732</swisstopo:routepoint_id>
				</extensions>
			</trkpt>
			<trkpt lat="46.4371538268" lon="7.0594410168">
				<ele>1486.9</ele>
				<extensions>
					<swisstopo:routepoint_id>532191241</swisstopo:routepoint_id>
				</extensions>
			</trkpt>
			<trkpt lat="46.4371290525" lon="7.0593864474">
				<ele>1487.0</ele>
				<extensions>
					<swisstopo:routepoint_id>1334366866</swisstopo:routepoint_id>
				</extensions>
			</trkpt>
			<trkpt lat="46.4370480109" lon="7.0591968136">
				<ele>1487.2</ele>
				<extensions>
					<swisstopo:routepoint_id>1478542729</swisstopo:routepoint_id>
				</extensions>
			</trkpt>
			<trkpt lat="46.4369146145" lon="7.0589076428">
				<ele>1487.4</ele>
				<extensions>
					<swisstopo:routepoint_id>1150429810</swisstopo:routepoint_id>
				</extensions>
			</trkpt>
			<trkpt lat="46.4367754928" lon="7.0586062003">
				<ele>1487.1</ele>
				<extensions>
					<swisstopo:routepoint_id>1339259031</swisstopo:routepoint_id>
				</extensions>
			</trkpt>
			<trkpt lat="46.4366249519" lon="7.0582795907">
				<ele>1487.9</ele>
				<extensions>
					<swisstopo:routepoint_id>415342483</swisstopo:routepoint_id>
				</extensions>
			</trkpt>
			<trkpt lat="46.4365948717" lon="7.0582120347">
				<ele>1488.1</ele>
				<extensions>
					<swisstopo:routepoint_id>1717807193</swisstopo:routepoint_id>
				</extensions>
			</trkpt>
			<trkpt lat="46.4365278477" lon="7.0580992336">
				<ele>1488.4</ele>
				<extensions>
					<swisstopo:routepoint_id>862698870</swisstopo:routepoint_id>
				</extensions>
			</trkpt>
			<trkpt lat="46.4364230777" lon="7.0579575972">
				<ele>1488.5</ele>
				<extensions>
					<swisstopo:routepoint_id>1239067747</swisstopo:routepoint_id>
				</extensions>
			</trkpt>
			<trkpt lat="46.4363107324" lon="7.0577933835">
				<ele>1488.7</ele>
				<extensions>
					<swisstopo:routepoint_id>2097342515</swisstopo:routepoint_id>
				</extensions>
			</trkpt>
			<trkpt lat="46.4361742103" lon="7.0576277126">
				<ele>1489.1</ele>
				<extensions>
					<swisstopo:routepoint_id>1429139909</swisstopo:routepoint_id>
				</extensions>
			</trkpt>
			<trkpt lat="46.4360955146" lon="7.0575299246">
				<ele>1489.4</ele>
				<extensions>
					<swisstopo:routepoint_id>477573364</swisstopo:routepoint_id>
				</extensions>
			</trkpt>
			<trkpt lat="46.4360339288" lon="7.0574675327">
				<ele>1489.8</ele>
				<extensions>
					<swisstopo:routepoint_id>1881616098</swisstopo:routepoint_id>
				</extensions>
			</trkpt>
			<trkpt lat="46.4359741541" lon="7.0574246074">
				<ele>1490.5</ele>
				<extensions>
					<swisstopo:routepoint_id>1532495567</swisstopo:routepoint_id>
				</extensions>
			</trkpt>
			<trkpt lat="46.4359297250" lon="7.0573871789">
				<ele>1491.3</ele>
				<extensions>
					<swisstopo:routepoint_id>1634948876</swisstopo:routepoint_id>
				</extensions>
			</trkpt>
			<trkpt lat="46.4358094495" lon="7.0572812957">
				<ele>1493.6</ele>
				<extensions>
					<swisstopo:routepoint_id>1961415418</swisstopo:routepoint_id>
				</extensions>
			</trkpt>
			<trkpt lat="46.4356941425" lon="7.0571709944">
				<ele>1496.0</ele>
				<extensions>
					<swisstopo:routepoint_id>1235683244</swisstopo:routepoint_id>
				</extensions>
			</trkpt>
			<trkpt lat="46.4356252946" lon="7.0570805853">
				<ele>1497.7</ele>
				<extensions>
					<swisstopo:routepoint_id>2027961483</swisstopo:routepoint_id>
				</extensions>
			</trkpt>
			<trkpt lat="46.4355506403" lon="7.0569626819">
				<ele>1499.7</ele>
				<extensions>
					<swisstopo:routepoint_id>1538254067</swisstopo:routepoint_id>
				</extensions>
			</trkpt>
			<trkpt lat="46.4355046596" lon="7.0568776281">
				<ele>1501.0</ele>
				<extensions>
					<swisstopo:routepoint_id>969634329</swisstopo:routepoint_id>
				</extensions>
			</trkpt>
			<trkpt lat="46.4354700735" lon="7.0567842355">
				<ele>1502.3</ele>
				<extensions>
					<swisstopo:routepoint_id>259564998</swisstopo:routepoint_id>
				</extensions>
			</trkpt>
			<trkpt lat="46.4354449960" lon="7.0566852618">
				<ele>1503.6</ele>
				<extensions>
					<swisstopo:routepoint_id>1703870649</swisstopo:routepoint_id>
				</extensions>
			</trkpt>
			<trkpt lat="46.4354179273" lon="7.0565642693">
				<ele>1505.1</ele>
				<extensions>
					<swisstopo:routepoint_id>587985728</swisstopo:routepoint_id>
				</extensions>
			</trkpt>
			<trkpt lat="46.4353675045" lon="7.0562864514">
				<ele>1508.6</ele>
				<extensions>
					<swisstopo:routepoint_id>57149591</swisstopo:routepoint_id>
				</extensions>
			</trkpt>
			<trkpt lat="46.4353190899" lon="7.0560471843">
				<ele>1511.9</ele>
				<extensions>
					<swisstopo:routepoint_id>9586388</swisstopo:routepoint_id>
				</extensions>
			</trkpt>
			<trkpt lat="46.4353053901" lon="7.0559343705">
				<ele>1513.4</ele>
				<extensions>
					<swisstopo:routepoint_id>1918514699</swisstopo:routepoint_id>
				</extensions>
			</trkpt>
			<trkpt lat="46.4352975130" lon="7.0558545655">
				<ele>1514.6</ele>
				<extensions>
					<swisstopo:routepoint_id>1968332041</swisstopo:routepoint_id>
				</extensions>
			</trkpt>
			<trkpt lat="46.4352972732" lon="7.0557829536">
				<ele>1515.5</ele>
				<extensions>
					<swisstopo:routepoint_id>1470019647</swisstopo:routepoint_id>
				</extensions>
			</trkpt>
			<trkpt lat="46.4353121513" lon="7.0556809561">
				<ele>1516.8</ele>
				<extensions>
					<swisstopo:routepoint_id>972569052</swisstopo:routepoint_id>
				</extensions>
			</trkpt>
			<trkpt lat="46.4353831721" lon="7.0552811056">
				<ele>1521.9</ele>
				<extensions>
					<swisstopo:routepoint_id>119014687</swisstopo:routepoint_id>
				</extensions>
			</trkpt>
			<trkpt lat="46.4353943378" lon="7.0552039115">
				<ele>1522.9</ele>
				<extensions>
					<swisstopo:routepoint_id>1638442424</swisstopo:routepoint_id>
				</extensions>
			</trkpt>
			<trkpt lat="46.4353941069" lon="7.0551350567">
				<ele>1523.8</ele>
				<extensions>
					<swisstopo:routepoint_id>38173890</swisstopo:routepoint_id>
				</extensions>
			</trkpt>
			<trkpt lat="46.4353681403" lon="7.0547716935">
				<ele>1528.5</ele>
				<extensions>
					<swisstopo:routepoint_id>32328883</swisstopo:routepoint_id>
				</extensions>
			</trkpt>
			<trkpt lat="46.4353425900" lon="7.0545377815">
				<ele>1531.5</ele>
				<extensions>
					<swisstopo:routepoint_id>1991091212</swisstopo:routepoint_id>
				</extensions>
			</trkpt>
			<trkpt lat="46.4353055397" lon="7.0542764031">
				<ele>1534.8</ele>
				<extensions>
					<swisstopo:routepoint_id>1820502803</swisstopo:routepoint_id>
				</extensions>
			</trkpt>
			<trkpt lat="46.4352546374" lon="7.0538636486">
				<ele>1540.3</ele>
				<extensions>
					<swisstopo:routepoint_id>53773049</swisstopo:routepoint_id>
				</extensions>
			</trkpt>
			<trkpt lat="46.4352332700" lon="7.0537343584">
				<ele>1542.2</ele>
				<extensions>
					<swisstopo:routepoint_id>887132310</swisstopo:routepoint_id>
				</extensions>
			</trkpt>
			<trkpt lat="46.4352292142" lon="7.0536627862">
				<ele>1543.0</ele>
				<extensions>
					<swisstopo:routepoint_id>462336108</swisstopo:routepoint_id>
				</extensions>
			</trkpt>
			<trkpt lat="46.4352365200" lon="7.0535718453">
				<ele>1544.1</ele>
				<extensions>
					<swisstopo:routepoint_id>305533155</swisstopo:routepoint_id>
				</extensions>
			</trkpt>
			<trkpt lat="46.4352533947" lon="7.0534946108">
				<ele>1545.2</ele>
				<extensions>
					<swisstopo:routepoint_id>343855776</swisstopo:routepoint_id>
				</extensions>
			</trkpt>
			<trkpt lat="46.4352930740" lon="7.0534034417">
				<ele>1546.4</ele>
				<extensions>
					<swisstopo:routepoint_id>960874688</swisstopo:routepoint_id>
				</extensions>
			</trkpt>
			<trkpt lat="46.4353404547" lon="7.0533342510">
				<ele>1547.5</ele>
				<extensions>
					<swisstopo:routepoint_id>969983295</swisstopo:routepoint_id>
				</extensions>
			</trkpt>
			<trkpt lat="46.4354050011" lon="7.0532787258">
				<ele>1548.7</ele>
				<extensions>
					<swisstopo:routepoint_id>1229746689</swisstopo:routepoint_id>
				</extensions>
			</trkpt>
			<trkpt lat="46.4354695753" lon="7.0532314467">
				<ele>1550.1</ele>
				<extensions>
					<swisstopo:routepoint_id>171416988</swisstopo:routepoint_id>
				</extensions>
			</trkpt>
			<trkpt lat="46.4355380641" lon="7.0532144450">
				<ele>1551.5</ele>
				<extensions>
					<swisstopo:routepoint_id>1984583056</swisstopo:routepoint_id>
				</extensions>
			</trkpt>
			<trkpt lat="46.4356123694" lon="7.0532276818">
				<ele>1553.0</ele>
				<extensions>
					<swisstopo:routepoint_id>293357503</swisstopo:routepoint_id>
				</extensions>
			</trkpt>
			<trkpt lat="46.4357058194" lon="7.0532683443">
				<ele>1555.0</ele>
				<extensions>
					<swisstopo:routepoint_id>2025222179</swisstopo:routepoint_id>
				</extensions>
			</trkpt>
			<trkpt lat="46.4358011956" lon="7.0533227418">
				<ele>1557.1</ele>
				<extensions>
					<swisstopo:routepoint_id>150253972</swisstopo:routepoint_id>
				</extensions>
			</trkpt>
			<trkpt lat="46.4360474759" lon="7.0535165597">
				<ele>1562.5</ele>
				<extensions>
					<swisstopo:routepoint_id>978368093</swisstopo:routepoint_id>
				</extensions>
			</trkpt>
			<trkpt lat="46.4363014317" lon="7.0537240742">
				<ele>1567.9</ele>
				<extensions>
					<swisstopo:routepoint_id>856521762</swisstopo:routepoint_id>
				</extensions>
			</trkpt>
			<trkpt lat="46.4364160171" lon="7.0538251747">
				<ele>1570.5</ele>
				<extensions>
					<swisstopo:routepoint_id>121052153</swisstopo:routepoint_id>
				</extensions>
			</trkpt>
			<trkpt lat="46.4365134472" lon="7.0539208818">
				<ele>1573.0</ele>
				<extensions>
					<swisstopo:routepoint_id>257853457</swisstopo:routepoint_id>
				</extensions>
			</trkpt>
			<trkpt lat="46.4365899002" lon="7.0540084775">
				<ele>1575.2</ele>
				<extensions>
					<swisstopo:routepoint_id>1066921301</swisstopo:routepoint_id>
				</extensions>
			</trkpt>
			<trkpt lat="46.4367084113" lon="7.0541425892">
				<ele>1578.2</ele>
				<extensions>
					<swisstopo:routepoint_id>1791826626</swisstopo:routepoint_id>
				</extensions>
			</trkpt>
			<trkpt lat="46.4368555645" lon="7.0543013037">
				<ele>1581.8</ele>
				<extensions>
					<swisstopo:routepoint_id>816449387</swisstopo:routepoint_id>
				</extensions>
			</trkpt>
			<trkpt lat="46.4370351960" lon="7.0544955733">
				<ele>1585.8</ele>
				<extensions>
					<swisstopo:routepoint_id>1771240243</swisstopo:routepoint_id>
				</extensions>
			</trkpt>
			<trkpt lat="46.4372721808" lon="7.0547583125">
				<ele>1591.4</ele>
				<extensions>
					<swisstopo:routepoint_id>510431423</swisstopo:routepoint_id>
				</extensions>
			</trkpt>
			<trkpt lat="46.4374766680" lon="7.0549799720">
				<ele>1596.0</ele>
				<extensions>
					<swisstopo:routepoint_id>71838891</swisstopo:routepoint_id>
				</extensions>
			</trkpt>
			<trkpt lat="46.4375836333" lon="7.0550783607">
				<ele>1597.9</ele>
				<extensions>
					<swisstopo:routepoint_id>441205026</swisstopo:routepoint_id>
				</extensions>
			</trkpt>
			<trkpt lat="46.4376962840" lon="7.0551739780">
				<ele>1599.5</ele>
				<extensions>
					<swisstopo:routepoint_id>928937188</swisstopo:routepoint_id>
				</extensions>
			</trkpt>
			<trkpt lat="46.4377878992" lon="7.0552394368">
				<ele>1600.6</ele>
				<extensions>
					<swisstopo:routepoint_id>749061586</swisstopo:routepoint_id>
				</extensions>
			</trkpt>
			<trkpt lat="46.4378584718" lon="7.0552719926">
				<ele>1601.4</ele>
				<extensions>
					<swisstopo:routepoint_id>343498846</swisstopo:routepoint_id>
				</extensions>
			</trkpt>
			<trkpt lat="46.4379136974" lon="7.0552771072">
				<ele>1602.0</ele>
				<extensions>
					<swisstopo:routepoint_id>1263185984</swisstopo:routepoint_id>
				</extensions>
			</trkpt>
			<trkpt lat="46.4379517372" lon="7.0552630784">
				<ele>1602.4</ele>
				<extensions>
					<swisstopo:routepoint_id>1788388428</swisstopo:routepoint_id>
				</extensions>
			</trkpt>
			<trkpt lat="46.4379877419" lon="7.0552132553">
				<ele>1602.8</ele>
				<extensions>
					<swisstopo:routepoint_id>512476814</swisstopo:routepoint_id>
				</extensions>
			</trkpt>
			<trkpt lat="46.4380103875" lon="7.0551524962">
				<ele>1603.2</ele>
				<extensions>
					<swisstopo:routepoint_id>501412406</swisstopo:routepoint_id>
				</extensions>
			</trkpt>
			<trkpt lat="46.4380120715" lon="7.0550836245">
				<ele>1603.6</ele>
				<extensions>
					<swisstopo:routepoint_id>469851775</swisstopo:routepoint_id>
				</extensions>
			</trkpt>
			<trkpt lat="46.4379927610" lon="7.0550066533">
				<ele>1604.0</ele>
				<extensions>
					<swisstopo:routepoint_id>7055480</swisstopo:routepoint_id>
				</extensions>
			</trkpt>
			<trkpt lat="46.4379429725" lon="7.0549188540">
				<ele>1604.5</ele>
				<extensions>
					<swisstopo:routepoint_id>2077975463</swisstopo:routepoint_id>
				</extensions>
			</trkpt>
			<trkpt lat="46.4378760388" lon="7.0548339453">
				<ele>1604.8</ele>
				<extensions>
					<swisstopo:routepoint_id>1777703961</swisstopo:routepoint_id>
				</extensions>
			</trkpt>
			<trkpt lat="46.4377613504" lon="7.0547025598">
				<ele>1605.2</ele>
				<extensions>
					<swisstopo:routepoint_id>1738204186</swisstopo:routepoint_id>
				</extensions>
			</trkpt>
			<trkpt lat="46.4376312882" lon="7.0545299596">
				<ele>1604.4</ele>
				<extensions>
					<swisstopo:routepoint_id>579043649</swisstopo:routepoint_id>
				</extensions>
			</trkpt>
			<trkpt lat="46.4375375692" lon="7.0544039171">
				<ele>1603.3</ele>
				<extensions>
					<swisstopo:routepoint_id>265419324</swisstopo:routepoint_id>
				</extensions>
			</trkpt>
			<trkpt lat="46.4374992589" lon="7.0543380849">
				<ele>1602.8</ele>
				<extensions>
					<swisstopo:routepoint_id>1056955444</swisstopo:routepoint_id>
				</extensions>
			</trkpt>
			<trkpt lat="46.4374608850" lon="7.0542474619">
				<ele>1602.4</ele>
				<extensions>
					<swisstopo:routepoint_id>1614604648</swisstopo:routepoint_id>
				</extensions>
			</trkpt>
			<trkpt lat="46.4374166608" lon="7.0541210845">
				<ele>1602.1</ele>
				<extensions>
					<swisstopo:routepoint_id>1157593203</swisstopo:routepoint_id>
				</extensions>
			</trkpt>
			<trkpt lat="46.4373531777" lon="7.0539287416">
				<ele>1601.3</ele>
				<extensions>
					<swisstopo:routepoint_id>1367114008</swisstopo:routepoint_id>
				</extensions>
			</trkpt>
			<trkpt lat="46.4373109146" lon="7.0538161126">
				<ele>1600.6</ele>
				<extensions>
					<swisstopo:routepoint_id>1452478951</swisstopo:routepoint_id>
				</extensions>
			</trkpt>
			<trkpt lat="46.4372724577" lon="7.0537062270">
				<ele>1600.2</ele>
				<extensions>
					<swisstopo:routepoint_id>478596938</swisstopo:routepoint_id>
				</extensions>
			</trkpt>
			<trkpt lat="46.4372355583" lon="7.0535944756">
				<ele>1599.6</ele>
				<extensions>
					<swisstopo:routepoint_id>716324860</swisstopo:routepoint_id>
				</extensions>
			</trkpt>
			<trkpt lat="46.4372026712" lon="7.0534533938">
				<ele>1599.1</ele>
				<extensions>
					<swisstopo:routepoint_id>1862336555</swisstopo:routepoint_id>
				</extensions>
			</trkpt>
			<trkpt lat="46.4371789739" lon="7.0533086894">
				<ele>1600.0</ele>
				<extensions>
					<swisstopo:routepoint_id>183209758</swisstopo:routepoint_id>
				</extensions>
			</trkpt>
			<trkpt lat="46.4371509092" lon="7.0532183633">
				<ele>1601.5</ele>
				<extensions>
					<swisstopo:routepoint_id>1563826713</swisstopo:routepoint_id>
				</extensions>
			</trkpt>
			<trkpt lat="46.4371045630" lon="7.0531644447">
				<ele>1602.2</ele>
				<extensions>
					<swisstopo:routepoint_id>863967440</swisstopo:routepoint_id>
				</extensions>
			</trkpt>
			<trkpt lat="46.4370328249" lon="7.0531016834">
				<ele>1603.6</ele>
				<extensions>
					<swisstopo:routepoint_id>171778544</swisstopo:routepoint_id>
				</extensions>
			</trkpt>
			<trkpt lat="46.4369737237" lon="7.0530297729">
				<ele>1604.4</ele>
				<extensions>
					<swisstopo:routepoint_id>278172409</swisstopo:routepoint_id>
				</extensions>
			</trkpt>
			<trkpt lat="46.4369156945" lon="7.0529397226">
				<ele>1605.6</ele>
				<extensions>
					<swisstopo:routepoint_id>935955012</swisstopo:routepoint_id>
				</extensions>
			</trkpt>
			<trkpt lat="46.4368714385" lon="7.0528368682">
				<ele>1606.5</ele>
				<extensions>
					<swisstopo:routepoint_id>1680783950</swisstopo:routepoint_id>
				</extensions>
			</trkpt>
			<trkpt lat="46.4368070466" lon="7.0526128188">
				<ele>1608.4</ele>
				<extensions>
					<swisstopo:routepoint_id>606639237</swisstopo:routepoint_id>
				</extensions>
			</trkpt>
			<trkpt lat="46.4367638506" lon="7.0525358284">
				<ele>1608.7</ele>
				<extensions>
					<swisstopo:routepoint_id>2017702202</swisstopo:routepoint_id>
				</extensions>
			</trkpt>
			<trkpt lat="46.4367562511" lon="7.0525200622">
				<ele>1608.8</ele>
				<extensions>
					<swisstopo:routepoint_id>2164422</swisstopo:routepoint_id>
				</extensions>
			</trkpt>
			<trkpt lat="46.4367292701" lon="7.0524211016">
				<ele>1609.1</ele>
				<extensions>
					<swisstopo:routepoint_id>219003340</swisstopo:routepoint_id>
				</extensions>
			</trkpt>
			<trkpt lat="46.4367155862" lon="7.0523192772">
				<ele>1609.4</ele>
				<extensions>
					<swisstopo:routepoint_id>473668167</swisstopo:routepoint_id>
				</extensions>
			</trkpt>
			<trkpt lat="46.4367184626" lon="7.0522709837">
				<ele>1609.5</ele>
				<extensions>
					<swisstopo:routepoint_id>1225372871</swisstopo:routepoint_id>
				</extensions>
			</trkpt>
			<trkpt lat="46.4367256678" lon="7.0521987199">
				<ele>1609.7</ele>
				<extensions>
					<swisstopo:routepoint_id>833409515</swisstopo:routepoint_id>
				</extensions>
			</trkpt>
			<trkpt lat="46.4367383710" lon="7.0521299369">
				<ele>1610.2</ele>
				<extensions>
					<swisstopo:routepoint_id>716345971</swisstopo:routepoint_id>
				</extensions>
			</trkpt>
			<trkpt lat="46.4367573769" lon="7.0520947825">
				<ele>1610.6</ele>
				<extensions>
					<swisstopo:routepoint_id>305292722</swisstopo:routepoint_id>
				</extensions>
			</trkpt>
			<trkpt lat="46.4368198694" lon="7.0519906398">
				<ele>1612.7</ele>
				<extensions>
					<swisstopo:routepoint_id>352416564</swisstopo:routepoint_id>
				</extensions>
			</trkpt>
			<trkpt lat="46.4368750649" lon="7.0518809702">
				<ele>1614.9</ele>
				<extensions>
					<swisstopo:routepoint_id>1801878194</swisstopo:routepoint_id>
				</extensions>
			</trkpt>
			<trkpt lat="46.4369191877" lon="7.0517293572">
				<ele>1616.7</ele>
				<extensions>
					<swisstopo:routepoint_id>175795317</swisstopo:routepoint_id>
				</extensions>
			</trkpt>
			<trkpt lat="46.4369509118" lon="7.0515372589">
				<ele>1618.0</ele>
				<extensions>
					<swisstopo:routepoint_id>1244393350</swisstopo:routepoint_id>
				</extensions>
			</trkpt>
			<trkpt lat="46.4369507548" lon="7.0515012488">
				<ele>1618.7</ele>
				<extensions>
					<swisstopo:routepoint_id>831366276</swisstopo:routepoint_id>
				</extensions>
			</trkpt>
			<trkpt lat="46.4369359497" lon="7.0514486075">
				<ele>1619.4</ele>
				<extensions>
					<swisstopo:routepoint_id>1655734186</swisstopo:routepoint_id>
				</extensions>
			</trkpt>
			<trkpt lat="46.4368711286" lon="7.0513378440">
				<ele>1621.2</ele>
				<extensions>
					<swisstopo:routepoint_id>1804894523</swisstopo:routepoint_id>
				</extensions>
			</trkpt>
			<trkpt lat="46.4367993085" lon="7.0511948170">
				<ele>1622.1</ele>
				<extensions>
					<swisstopo:routepoint_id>1729261682</swisstopo:routepoint_id>
				</extensions>
			</trkpt>
			<trkpt lat="46.4367504434" lon="7.0510408265">
				<ele>1622.7</ele>
				<extensions>
					<swisstopo:routepoint_id>1672525895</swisstopo:routepoint_id>
				</extensions>
			</trkpt>
			<trkpt lat="46.4366817776" lon="7.0508151836">
				<ele>1622.7</ele>
				<extensions>
					<swisstopo:routepoint_id>1244482404</swisstopo:routepoint_id>
				</extensions>
			</trkpt>
			<trkpt lat="46.4366103222" lon="7.0506575169">
				<ele>1623.3</ele>
				<extensions>
					<swisstopo:routepoint_id>741030651</swisstopo:routepoint_id>
				</extensions>
			</trkpt>
			<trkpt lat="46.4365439634" lon="7.0505578462">
				<ele>1624.3</ele>
				<extensions>
					<swisstopo:routepoint_id>1658667594</swisstopo:routepoint_id>
				</extensions>
			</trkpt>
			<trkpt lat="46.4364929740" lon="7.0504776730">
				<ele>1624.1</ele>
				<extensions>
					<swisstopo:routepoint_id>1699992926</swisstopo:routepoint_id>
				</extensions>
			</trkpt>
			<trkpt lat="46.4364606549" lon="7.0504202650">
				<ele>1624.0</ele>
				<extensions>
					<swisstopo:routepoint_id>416641678</swisstopo:routepoint_id>
				</extensions>
			</trkpt>
			<trkpt lat="46.4363829324" lon="7.0502378023">
				<ele>1624.7</ele>
				<extensions>
					<swisstopo:routepoint_id>24429465</swisstopo:routepoint_id>
				</extensions>
			</trkpt>
			<trkpt lat="46.4363492120" lon="7.0501357530">
				<ele>1625.5</ele>
				<extensions>
					<swisstopo:routepoint_id>49577443</swisstopo:routepoint_id>
				</extensions>
			</trkpt>
			<trkpt lat="46.4363347977" lon="7.0499599183">
				<ele>1628.6</ele>
				<extensions>
					<swisstopo:routepoint_id>1737973591</swisstopo:routepoint_id>
				</extensions>
			</trkpt>
			<trkpt lat="46.4363285484" lon="7.0498181557">
				<ele>1629.9</ele>
				<extensions>
					<swisstopo:routepoint_id>191890934</swisstopo:routepoint_id>
				</extensions>
			</trkpt>
			<trkpt lat="46.4363040110" lon="7.0497106411">
				<ele>1631.1</ele>
				<extensions>
					<swisstopo:routepoint_id>1151503214</swisstopo:routepoint_id>
				</extensions>
			</trkpt>
			<trkpt lat="46.4362737690" lon="7.0496157466">
				<ele>1632.1</ele>
				<extensions>
					<swisstopo:routepoint_id>1460515832</swisstopo:routepoint_id>
				</extensions>
			</trkpt>
			<trkpt lat="46.4362536202" lon="7.0494471452">
				<ele>1635.2</ele>
				<extensions>
					<swisstopo:routepoint_id>467097831</swisstopo:routepoint_id>
				</extensions>
			</trkpt>
			<trkpt lat="46.4362566136" lon="7.0493142753">
				<ele>1638.1</ele>
				<extensions>
					<swisstopo:routepoint_id>1775819291</swisstopo:routepoint_id>
				</extensions>
			</trkpt>
			<trkpt lat="46.4362658186" lon="7.0492119589">
				<ele>1640.6</ele>
				<extensions>
					<swisstopo:routepoint_id>719085280</swisstopo:routepoint_id>
				</extensions>
			</trkpt>
			<trkpt lat="46.4362748792" lon="7.0490833785">
				<ele>1644.1</ele>
				<extensions>
					<swisstopo:routepoint_id>141743229</swisstopo:routepoint_id>
				</extensions>
			</trkpt>
			<trkpt lat="46.4362674470" lon="7.0489693127">
				<ele>1645.8</ele>
				<extensions>
					<swisstopo:routepoint_id>1279273399</swisstopo:routepoint_id>
				</extensions>
			</trkpt>
			<trkpt lat="46.4362568552" lon="7.0489205056">
				<ele>1646.6</ele>
				<extensions>
					<swisstopo:routepoint_id>800830564</swisstopo:routepoint_id>
				</extensions>
			</trkpt>
			<trkpt lat="46.4362381131" lon="7.0488536496">
				<ele>1647.4</ele>
				<extensions>
					<swisstopo:routepoint_id>1420118646</swisstopo:routepoint_id>
				</extensions>
			</trkpt>
			<trkpt lat="46.4362043721" lon="7.0487833048">
				<ele>1648.6</ele>
				<extensions>
					<swisstopo:routepoint_id>328972632</swisstopo:routepoint_id>
				</extensions>
			</trkpt>
			<trkpt lat="46.4361821900" lon="7.0487201202">
				<ele>1649.7</ele>
				<extensions>
					<swisstopo:routepoint_id>798474105</swisstopo:routepoint_id>
				</extensions>
			</trkpt>
			<trkpt lat="46.4361235907" lon="7.0485032672">
				<ele>1653.2</ele>
				<extensions>
					<swisstopo:routepoint_id>374550666</swisstopo:routepoint_id>
				</extensions>
			</trkpt>
			<trkpt lat="46.4361022243" lon="7.0483657811">
				<ele>1655.3</ele>
				<extensions>
					<swisstopo:routepoint_id>1814784601</swisstopo:routepoint_id>
				</extensions>
			</trkpt>
			<trkpt lat="46.4360955785" lon="7.0482667039">
				<ele>1656.8</ele>
				<extensions>
					<swisstopo:routepoint_id>1506298091</swisstopo:routepoint_id>
				</extensions>
			</trkpt>
			<trkpt lat="46.4361062791" lon="7.0481993838">
				<ele>1658.7</ele>
				<extensions>
					<swisstopo:routepoint_id>682909437</swisstopo:routepoint_id>
				</extensions>
			</trkpt>
			<trkpt lat="46.4361106635" lon="7.0481475220">
				<ele>1659.2</ele>
				<extensions>
					<swisstopo:routepoint_id>486600859</swisstopo:routepoint_id>
				</extensions>
			</trkpt>
			<trkpt lat="46.4361263080" lon="7.0480847788">
				<ele>1660.3</ele>
				<extensions>
					<swisstopo:routepoint_id>55099188</swisstopo:routepoint_id>
				</extensions>
			</trkpt>
			<trkpt lat="46.4361282596" lon="7.0479611163">
				<ele>1662.4</ele>
				<extensions>
					<swisstopo:routepoint_id>934152915</swisstopo:routepoint_id>
				</extensions>
			</trkpt>
			<trkpt lat="46.4361289327" lon="7.0478868918">
				<ele>1664.2</ele>
				<extensions>
					<swisstopo:routepoint_id>2074708522</swisstopo:routepoint_id>
				</extensions>
			</trkpt>
			<trkpt lat="46.4361377383" lon="7.0478075137">
				<ele>1666.3</ele>
				<extensions>
					<swisstopo:routepoint_id>1646991815</swisstopo:routepoint_id>
				</extensions>
			</trkpt>
			<trkpt lat="46.4361282233" lon="7.0477423712">
				<ele>1668.2</ele>
				<extensions>
					<swisstopo:routepoint_id>1434735133</swisstopo:routepoint_id>
				</extensions>
			</trkpt>
			<trkpt lat="46.4361257791" lon="7.0477116130">
				<ele>1669.1</ele>
				<extensions>
					<swisstopo:routepoint_id>822177933</swisstopo:routepoint_id>
				</extensions>
			</trkpt>
			<trkpt lat="46.4361578063" lon="7.0476569611">
				<ele>1671.2</ele>
				<extensions>
					<swisstopo:routepoint_id>1390476541</swisstopo:routepoint_id>
				</extensions>
			</trkpt>
			<trkpt lat="46.4361548793" lon="7.0475723683">
				<ele>1672.8</ele>
				<extensions>
					<swisstopo:routepoint_id>93229372</swisstopo:routepoint_id>
				</extensions>
			</trkpt>
			<trkpt lat="46.4361679207" lon="7.0474896562">
				<ele>1673.6</ele>
				<extensions>
					<swisstopo:routepoint_id>294522701</swisstopo:routepoint_id>
				</extensions>
			</trkpt>
			<trkpt lat="46.4361715044" lon="7.0472675049">
				<ele>1671.9</ele>
				<extensions>
					<swisstopo:routepoint_id>63009696</swisstopo:routepoint_id>
				</extensions>
			</trkpt>
			<trkpt lat="46.4361849003" lon="7.0471889577">
				<ele>1671.0</ele>
				<extensions>
					<swisstopo:routepoint_id>1807482994</swisstopo:routepoint_id>
				</extensions>
			</trkpt>
			<trkpt lat="46.4361892342" lon="7.0471231061">
				<ele>1670.5</ele>
				<extensions>
					<swisstopo:routepoint_id>680499667</swisstopo:routepoint_id>
				</extensions>
			</trkpt>
			<trkpt lat="46.4361936229" lon="7.0470726545">
				<ele>1669.9</ele>
				<extensions>
					<swisstopo:routepoint_id>736013941</swisstopo:routepoint_id>
				</extensions>
			</trkpt>
			<trkpt lat="46.4362067894" lon="7.0470188617">
				<ele>1669.6</ele>
				<extensions>
					<swisstopo:routepoint_id>2007360273</swisstopo:routepoint_id>
				</extensions>
			</trkpt>
			<trkpt lat="46.4362249806" lon="7.0469643465">
				<ele>1668.8</ele>
				<extensions>
					<swisstopo:routepoint_id>998922296</swisstopo:routepoint_id>
				</extensions>
			</trkpt>
			<trkpt lat="46.4362214252" lon="7.0469426310">
				<ele>1668.2</ele>
				<extensions>
					<swisstopo:routepoint_id>366339476</swisstopo:routepoint_id>
				</extensions>
			</trkpt>
			<trkpt lat="46.4362016444" lon="7.0469011583">
				<ele>1667.5</ele>
				<extensions>
					<swisstopo:routepoint_id>390113281</swisstopo:routepoint_id>
				</extensions>
			</trkpt>
			<trkpt lat="46.4361967493" lon="7.0468377997">
				<ele>1666.8</ele>
				<extensions>
					<swisstopo:routepoint_id>1344580266</swisstopo:routepoint_id>
				</extensions>
			</trkpt>
			<trkpt lat="46.4361844268" lon="7.0467726012">
				<ele>1666.0</ele>
				<extensions>
					<swisstopo:routepoint_id>809395252</swisstopo:routepoint_id>
				</extensions>
			</trkpt>
			<trkpt lat="46.4361579773" lon="7.0466751147">
				<ele>1664.5</ele>
				<extensions>
					<swisstopo:routepoint_id>1085736773</swisstopo:routepoint_id>
				</extensions>
			</trkpt>
			<trkpt lat="46.4361482625" lon="7.0465646999">
				<ele>1663.0</ele>
				<extensions>
					<swisstopo:routepoint_id>1298495541</swisstopo:routepoint_id>
				</extensions>
			</trkpt>
			<trkpt lat="46.4361327384" lon="7.0464452796">
				<ele>1660.7</ele>
				<extensions>
					<swisstopo:routepoint_id>1302341395</swisstopo:routepoint_id>
				</extensions>
			</trkpt>
			<trkpt lat="46.4361263749" lon="7.0463130997">
				<ele>1657.5</ele>
				<extensions>
					<swisstopo:routepoint_id>1148758275</swisstopo:routepoint_id>
				</extensions>
			</trkpt>
			<trkpt lat="46.4361305730" lon="7.0462206792">
				<ele>1655.7</ele>
				<extensions>
					<swisstopo:routepoint_id>617212755</swisstopo:routepoint_id>
				</extensions>
			</trkpt>
			<trkpt lat="46.4361324606" lon="7.0461282628">
				<ele>1653.4</ele>
				<extensions>
					<swisstopo:routepoint_id>479697199</swisstopo:routepoint_id>
				</extensions>
			</trkpt>
			<trkpt lat="46.4361551034" lon="7.0460392930">
				<ele>1652.3</ele>
				<extensions>
					<swisstopo:routepoint_id>369165226</swisstopo:routepoint_id>
				</extensions>
			</trkpt>
			<trkpt lat="46.4361556191" lon="7.0459643581">
				<ele>1651.3</ele>
				<extensions>
					<swisstopo:routepoint_id>515714474</swisstopo:routepoint_id>
				</extensions>
			</trkpt>
			<trkpt lat="46.4361569108" lon="7.0459446660">
				<ele>1651.0</ele>
				<extensions>
					<swisstopo:routepoint_id>1243008070</swisstopo:routepoint_id>
				</extensions>
			</trkpt>
			<trkpt lat="46.4361561347" lon="7.0457188230">
				<ele>1647.8</ele>
				<extensions>
					<swisstopo:routepoint_id>857431920</swisstopo:routepoint_id>
				</extensions>
			</trkpt>
			<trkpt lat="46.4361707941" lon="7.0455507098">
				<ele>1645.3</ele>
				<extensions>
					<swisstopo:routepoint_id>532865130</swisstopo:routepoint_id>
				</extensions>
			</trkpt>
			<trkpt lat="46.4362235333" lon="7.0453850924">
				<ele>1642.5</ele>
				<extensions>
					<swisstopo:routepoint_id>691412321</swisstopo:routepoint_id>
				</extensions>
			</trkpt>
			<trkpt lat="46.4362110566" lon="7.0450794718">
				<ele>1634.9</ele>
				<extensions>
					<swisstopo:routepoint_id>1087901897</swisstopo:routepoint_id>
				</extensions>
			</trkpt>
			<trkpt lat="46.4361433663" lon="7.0446776535">
				<ele>1620.5</ele>
				<extensions>
					<swisstopo:routepoint_id>1864275261</swisstopo:routepoint_id>
				</extensions>
			</trkpt>
			<trkpt lat="46.4361440415" lon="7.0446155257">
				<ele>1619.8</ele>
				<extensions>
					<swisstopo:routepoint_id>418440277</swisstopo:routepoint_id>
				</extensions>
			</trkpt>
			<trkpt lat="46.4361614154" lon="7.0445459582">
				<ele>1618.6</ele>
				<extensions>
					<swisstopo:routepoint_id>1903845111</swisstopo:routepoint_id>
				</extensions>
			</trkpt>
			<trkpt lat="46.4361790944" lon="7.0444941907">
				<ele>1617.3</ele>
				<extensions>
					<swisstopo:routepoint_id>2029534516</swisstopo:routepoint_id>
				</extensions>
			</trkpt>
			<trkpt lat="46.4361884086" lon="7.0444355964">
				<ele>1615.6</ele>
				<extensions>
					<swisstopo:routepoint_id>1984565839</swisstopo:routepoint_id>
				</extensions>
			</trkpt>
			<trkpt lat="46.4361893938" lon="7.0443818655">
				<ele>1614.0</ele>
				<extensions>
					<swisstopo:routepoint_id>818888545</swisstopo:routepoint_id>
				</extensions>
			</trkpt>
			<trkpt lat="46.4361893290" lon="7.0443579774">
				<ele>1613.5</ele>
				<extensions>
					<swisstopo:routepoint_id>1208527353</swisstopo:routepoint_id>
				</extensions>
			</trkpt>
			<trkpt lat="46.4362165796" lon="7.0443197749">
				<ele>1611.6</ele>
				<extensions>
					<swisstopo:routepoint_id>1745325618</swisstopo:routepoint_id>
				</extensions>
			</trkpt>
			<trkpt lat="46.4362267971" lon="7.0442620508">
				<ele>1610.1</ele>
				<extensions>
					<swisstopo:routepoint_id>1757496008</swisstopo:routepoint_id>
				</extensions>
			</trkpt>
			<trkpt lat="46.4362379551" lon="7.0442057431">
				<ele>1609.3</ele>
				<extensions>
					<swisstopo:routepoint_id>1698337755</swisstopo:routepoint_id>
				</extensions>
			</trkpt>
			<trkpt lat="46.4362597151" lon="7.0441401592">
				<ele>1608.2</ele>
				<extensions>
					<swisstopo:routepoint_id>1011425680</swisstopo:routepoint_id>
				</extensions>
			</trkpt>
			<trkpt lat="46.4362610564" lon="7.0441062861">
				<ele>1607.7</ele>
				<extensions>
					<swisstopo:routepoint_id>637009425</swisstopo:routepoint_id>
				</extensions>
			</trkpt>
			<trkpt lat="46.4362596545" lon="7.0440443383">
				<ele>1606.3</ele>
				<extensions>
					<swisstopo:routepoint_id>2048752889</swisstopo:routepoint_id>
				</extensions>
			</trkpt>
			<trkpt lat="46.4362565346" lon="7.0440058086">
				<ele>1604.7</ele>
				<extensions>
					<swisstopo:routepoint_id>1236071760</swisstopo:routepoint_id>
				</extensions>
			</trkpt>
			<trkpt lat="46.4362460608" lon="7.0439841686">
				<ele>1604.3</ele>
				<extensions>
					<swisstopo:routepoint_id>962461052</swisstopo:routepoint_id>
				</extensions>
			</trkpt>
			<trkpt lat="46.4362332979" lon="7.0439661793">
				<ele>1603.4</ele>
				<extensions>
					<swisstopo:routepoint_id>298790934</swisstopo:routepoint_id>
				</extensions>
			</trkpt>
			<trkpt lat="46.4362262576" lon="7.0439390631">
				<ele>1602.6</ele>
				<extensions>
					<swisstopo:routepoint_id>1463148333</swisstopo:routepoint_id>
				</extensions>
			</trkpt>
			<trkpt lat="46.4362683051" lon="7.0438064315">
				<ele>1600.2</ele>
				<extensions>
					<swisstopo:routepoint_id>911109749</swisstopo:routepoint_id>
				</extensions>
			</trkpt>
			<trkpt lat="46.4362574597" lon="7.0437032807">
				<ele>1598.1</ele>
				<extensions>
					<swisstopo:routepoint_id>1902852239</swisstopo:routepoint_id>
				</extensions>
			</trkpt>
			<trkpt lat="46.4362641812" lon="7.0436597370">
				<ele>1597.1</ele>
				<extensions>
					<swisstopo:routepoint_id>1438200232</swisstopo:routepoint_id>
				</extensions>
			</trkpt>
			<trkpt lat="46.4362834961" lon="7.0435997742">
				<ele>1596.4</ele>
				<extensions>
					<swisstopo:routepoint_id>318496308</swisstopo:routepoint_id>
				</extensions>
			</trkpt>
			<trkpt lat="46.4362763631" lon="7.0435509303">
				<ele>1595.6</ele>
				<extensions>
					<swisstopo:routepoint_id>1764183091</swisstopo:routepoint_id>
				</extensions>
			</trkpt>
			<trkpt lat="46.4362806138" lon="7.0434711904">
				<ele>1594.2</ele>
				<extensions>
					<swisstopo:routepoint_id>586072719</swisstopo:routepoint_id>
				</extensions>
			</trkpt>
			<trkpt lat="46.4362800239" lon="7.0434282586">
				<ele>1593.5</ele>
				<extensions>
					<swisstopo:routepoint_id>683238004</swisstopo:routepoint_id>
				</extensions>
			</trkpt>
			<trkpt lat="46.4362703629" lon="7.0433870190">
				<ele>1592.5</ele>
				<extensions>
					<swisstopo:routepoint_id>257503587</swisstopo:routepoint_id>
				</extensions>
			</trkpt>
			<trkpt lat="46.4362709498" lon="7.0432131617">
				<ele>1589.4</ele>
				<extensions>
					<swisstopo:routepoint_id>1014534281</swisstopo:routepoint_id>
				</extensions>
			</trkpt>
			<trkpt lat="46.4362608679" lon="7.0430497120">
				<ele>1586.0</ele>
				<extensions>
					<swisstopo:routepoint_id>814230995</swisstopo:routepoint_id>
				</extensions>
			</trkpt>
			<trkpt lat="46.4362559182" lon="7.0429946643">
				<ele>1585.0</ele>
				<extensions>
					<swisstopo:routepoint_id>753526822</swisstopo:routepoint_id>
				</extensions>
			</trkpt>
			<trkpt lat="46.4362644273" lon="7.0429194297">
				<ele>1583.9</ele>
				<extensions>
					<swisstopo:routepoint_id>887429491</swisstopo:routepoint_id>
				</extensions>
			</trkpt>
			<trkpt lat="46.4362838408" lon="7.0427815101">
				<ele>1582.0</ele>
				<extensions>
					<swisstopo:routepoint_id>1211470214</swisstopo:routepoint_id>
				</extensions>
			</trkpt>
			<trkpt lat="46.4362884380" lon="7.0427379056">
				<ele>1581.2</ele>
				<extensions>
					<swisstopo:routepoint_id>454944562</swisstopo:routepoint_id>
				</extensions>
			</trkpt>
			<trkpt lat="46.4363263310" lon="7.0426191915">
				<ele>1579.9</ele>
				<extensions>
					<swisstopo:routepoint_id>1463924263</swisstopo:routepoint_id>
				</extensions>
			</trkpt>
			<trkpt lat="46.4363428276" lon="7.0425769363">
				<ele>1578.9</ele>
				<extensions>
					<swisstopo:routepoint_id>150731668</swisstopo:routepoint_id>
				</extensions>
			</trkpt>
			<trkpt lat="46.4363696325" lon="7.0425193074">
				<ele>1578.2</ele>
				<extensions>
					<swisstopo:routepoint_id>1096174983</swisstopo:routepoint_id>
				</extensions>
			</trkpt>
			<trkpt lat="46.4363706753" lon="7.0424957417">
				<ele>1578.0</ele>
				<extensions>
					<swisstopo:routepoint_id>863045203</swisstopo:routepoint_id>
				</extensions>
			</trkpt>
			<trkpt lat="46.4363406584" lon="7.0424833415">
				<ele>1577.3</ele>
				<extensions>
					<swisstopo:routepoint_id>204999513</swisstopo:routepoint_id>
				</extensions>
			</trkpt>
			<trkpt lat="46.4362206869" lon="7.0424609077">
				<ele>1576.1</ele>
				<extensions>
					<swisstopo:routepoint_id>86131313</swisstopo:routepoint_id>
				</extensions>
			</trkpt>
			<trkpt lat="46.4361895696" lon="7.0424611970">
				<ele>1575.7</ele>
				<extensions>
					<swisstopo:routepoint_id>1301119302</swisstopo:routepoint_id>
				</extensions>
			</trkpt>
			<trkpt lat="46.4360792939" lon="7.0425419220">
				<ele>1574.9</ele>
				<extensions>
					<swisstopo:routepoint_id>1583186976</swisstopo:routepoint_id>
				</extensions>
			</trkpt>
			<trkpt lat="46.4360379396" lon="7.0425731117">
				<ele>1573.9</ele>
				<extensions>
					<swisstopo:routepoint_id>98479538</swisstopo:routepoint_id>
				</extensions>
			</trkpt>
			<trkpt lat="46.4359701053" lon="7.0426099827">
				<ele>1572.9</ele>
				<extensions>
					<swisstopo:routepoint_id>1165041612</swisstopo:routepoint_id>
				</extensions>
			</trkpt>
			<trkpt lat="46.4359045938" lon="7.0426504328">
				<ele>1571.4</ele>
				<extensions>
					<swisstopo:routepoint_id>1787999269</swisstopo:routepoint_id>
				</extensions>
			</trkpt>
			<trkpt lat="46.4357455742" lon="7.0426573546">
				<ele>1567.1</ele>
				<extensions>
					<swisstopo:routepoint_id>532281632</swisstopo:routepoint_id>
				</extensions>
			</trkpt>
			<trkpt lat="46.4356890940" lon="7.0426560741">
				<ele>1565.7</ele>
				<extensions>
					<swisstopo:routepoint_id>2112505469</swisstopo:routepoint_id>
				</extensions>
			</trkpt>
			<trkpt lat="46.4356567943" lon="7.0426491292">
				<ele>1564.9</ele>
				<extensions>
					<swisstopo:routepoint_id>832312340</swisstopo:routepoint_id>
				</extensions>
			</trkpt>
			<trkpt lat="46.4356371686" lon="7.0426420541">
				<ele>1564.2</ele>
				<extensions>
					<swisstopo:routepoint_id>795309724</swisstopo:routepoint_id>
				</extensions>
			</trkpt>
			<trkpt lat="46.4356290363" lon="7.0426294573">
				<ele>1563.7</ele>
				<extensions>
					<swisstopo:routepoint_id>566338004</swisstopo:routepoint_id>
				</extensions>
			</trkpt>
			<trkpt lat="46.4355987758" lon="7.0425645302">
				<ele>1562.4</ele>
				<extensions>
					<swisstopo:routepoint_id>284328997</swisstopo:routepoint_id>
				</extensions>
			</trkpt>
			<trkpt lat="46.4355962962" lon="7.0425265047">
				<ele>1561.5</ele>
				<extensions>
					<swisstopo:routepoint_id>176982756</swisstopo:routepoint_id>
				</extensions>
			</trkpt>
			<trkpt lat="46.4355961120" lon="7.0424866457">
				<ele>1560.3</ele>
				<extensions>
					<swisstopo:routepoint_id>1409731901</swisstopo:routepoint_id>
				</extensions>
			</trkpt>
			<trkpt lat="46.4356040538" lon="7.0424576045">
				<ele>1559.6</ele>
				<extensions>
					<swisstopo:routepoint_id>1500396425</swisstopo:routepoint_id>
				</extensions>
			</trkpt>
			<trkpt lat="46.4355970493" lon="7.0424377313">
				<ele>1559.3</ele>
				<extensions>
					<swisstopo:routepoint_id>465694699</swisstopo:routepoint_id>
				</extensions>
			</trkpt>
			<trkpt lat="46.4355566512" lon="7.0424254321">
				<ele>1558.3</ele>
				<extensions>
					<swisstopo:routepoint_id>1805718129</swisstopo:routepoint_id>
				</extensions>
			</trkpt>
			<trkpt lat="46.4355196696" lon="7.0424040359">
				<ele>1556.7</ele>
				<extensions>
					<swisstopo:routepoint_id>218599557</swisstopo:routepoint_id>
				</extensions>
			</trkpt>
			<trkpt lat="46.4355515991" lon="7.0423276539">
				<ele>1554.9</ele>
				<extensions>
					<swisstopo:routepoint_id>403265127</swisstopo:routepoint_id>
				</extensions>
			</trkpt>
			<trkpt lat="46.4355861901" lon="7.0422169956">
				<ele>1552.2</ele>
				<extensions>
					<swisstopo:routepoint_id>1456254798</swisstopo:routepoint_id>
				</extensions>
			</trkpt>
			<trkpt lat="46.4356732962" lon="7.0420896281">
				<ele>1549.2</ele>
				<extensions>
					<swisstopo:routepoint_id>1105835648</swisstopo:routepoint_id>
				</extensions>
			</trkpt>
			<trkpt lat="46.4357109726" lon="7.0419764184">
				<ele>1546.3</ele>
				<extensions>
					<swisstopo:routepoint_id>1974800119</swisstopo:routepoint_id>
				</extensions>
			</trkpt>
			<trkpt lat="46.4357638580" lon="7.0418493623">
				<ele>1543.6</ele>
				<extensions>
					<swisstopo:routepoint_id>513765637</swisstopo:routepoint_id>
				</extensions>
			</trkpt>
			<trkpt lat="46.4357869107" lon="7.0417396512">
				<ele>1541.0</ele>
				<extensions>
					<swisstopo:routepoint_id>1270990278</swisstopo:routepoint_id>
				</extensions>
			</trkpt>
			<trkpt lat="46.4357921133" lon="7.0417275548">
				<ele>1540.8</ele>
				<extensions>
					<swisstopo:routepoint_id>1910795588</swisstopo:routepoint_id>
				</extensions>
			</trkpt>
			<trkpt lat="46.4357992496" lon="7.0416765749">
				<ele>1540.4</ele>
				<extensions>
					<swisstopo:routepoint_id>803934695</swisstopo:routepoint_id>
				</extensions>
			</trkpt>
			<trkpt lat="46.4357999813" lon="7.0416305083">
				<ele>1539.0</ele>
				<extensions>
					<swisstopo:routepoint_id>1408235926</swisstopo:routepoint_id>
				</extensions>
			</trkpt>
			<trkpt lat="46.4358368244" lon="7.0415828702">
				<ele>1538.2</ele>
				<extensions>
					<swisstopo:routepoint_id>134373389</swisstopo:routepoint_id>
				</extensions>
			</trkpt>
			<trkpt lat="46.4358464469" lon="7.0415743122">
				<ele>1538.2</ele>
				<extensions>
					<swisstopo:routepoint_id>929813344</swisstopo:routepoint_id>
				</extensions>
			</trkpt>
			<trkpt lat="46.4358167290" lon="7.0415576157">
				<ele>1536.9</ele>
				<extensions>
					<swisstopo:routepoint_id>443044899</swisstopo:routepoint_id>
				</extensions>
			</trkpt>
			<trkpt lat="46.4357958552" lon="7.0415541842">
				<ele>1536.1</ele>
				<extensions>
					<swisstopo:routepoint_id>951297602</swisstopo:routepoint_id>
				</extensions>
			</trkpt>
			<trkpt lat="46.4357268673" lon="7.0415718142">
				<ele>1534.4</ele>
				<extensions>
					<swisstopo:routepoint_id>55126837</swisstopo:routepoint_id>
				</extensions>
			</trkpt>
			<trkpt lat="46.4357116275" lon="7.0415768044">
				<ele>1534.2</ele>
				<extensions>
					<swisstopo:routepoint_id>801907687</swisstopo:routepoint_id>
				</extensions>
			</trkpt>
			<trkpt lat="46.4356571198" lon="7.0416173280">
				<ele>1532.8</ele>
				<extensions>
					<swisstopo:routepoint_id>1127007061</swisstopo:routepoint_id>
				</extensions>
			</trkpt>
			<trkpt lat="46.4355792660" lon="7.0416059499">
				<ele>1530.2</ele>
				<extensions>
					<swisstopo:routepoint_id>1347307347</swisstopo:routepoint_id>
				</extensions>
			</trkpt>
			<trkpt lat="46.4355648197" lon="7.0416060929">
				<ele>1529.9</ele>
				<extensions>
					<swisstopo:routepoint_id>1800404111</swisstopo:routepoint_id>
				</extensions>
			</trkpt>
			<trkpt lat="46.4355069788" lon="7.0415702998">
				<ele>1528.0</ele>
				<extensions>
					<swisstopo:routepoint_id>1431805478</swisstopo:routepoint_id>
				</extensions>
			</trkpt>
			<trkpt lat="46.4354836923" lon="7.0415608123">
				<ele>1527.4</ele>
				<extensions>
					<swisstopo:routepoint_id>1129088910</swisstopo:routepoint_id>
				</extensions>
			</trkpt>
			<trkpt lat="46.4354387410" lon="7.0415503385">
				<ele>1526.4</ele>
				<extensions>
					<swisstopo:routepoint_id>153267209</swisstopo:routepoint_id>
				</extensions>
			</trkpt>
			<trkpt lat="46.4354042949" lon="7.0415918851">
				<ele>1526.0</ele>
				<extensions>
					<swisstopo:routepoint_id>796419280</swisstopo:routepoint_id>
				</extensions>
			</trkpt>
			<trkpt lat="46.4353754472" lon="7.0416151952">
				<ele>1525.5</ele>
				<extensions>
					<swisstopo:routepoint_id>2106515846</swisstopo:routepoint_id>
				</extensions>
			</trkpt>
			<trkpt lat="46.4353280565" lon="7.0415865563">
				<ele>1524.6</ele>
				<extensions>
					<swisstopo:routepoint_id>886360034</swisstopo:routepoint_id>
				</extensions>
			</trkpt>
			<trkpt lat="46.4352645819" lon="7.0415398893">
				<ele>1523.2</ele>
				<extensions>
					<swisstopo:routepoint_id>1651137624</swisstopo:routepoint_id>
				</extensions>
			</trkpt>
			<trkpt lat="46.4352516750" lon="7.0414963747">
				<ele>1521.7</ele>
				<extensions>
					<swisstopo:routepoint_id>653530226</swisstopo:routepoint_id>
				</extensions>
			</trkpt>
			<trkpt lat="46.4351962075" lon="7.0414338809">
				<ele>1520.1</ele>
				<extensions>
					<swisstopo:routepoint_id>673659030</swisstopo:routepoint_id>
				</extensions>
			</trkpt>
			<trkpt lat="46.4351881708" lon="7.0414254641">
				<ele>1519.4</ele>
				<extensions>
					<swisstopo:routepoint_id>233226115</swisstopo:routepoint_id>
				</extensions>
			</trkpt>
			<trkpt lat="46.4351736350" lon="7.0413637912">
				<ele>1517.7</ele>
				<extensions>
					<swisstopo:routepoint_id>2071983581</swisstopo:routepoint_id>
				</extensions>
			</trkpt>
			<trkpt lat="46.4351358199" lon="7.0413023383">
				<ele>1516.6</ele>
				<extensions>
					<swisstopo:routepoint_id>165206215</swisstopo:routepoint_id>
				</extensions>
			</trkpt>
			<trkpt lat="46.4351335630" lon="7.0412766876">
				<ele>1515.7</ele>
				<extensions>
					<swisstopo:routepoint_id>2089484458</swisstopo:routepoint_id>
				</extensions>
			</trkpt>
			<trkpt lat="46.4351391296" lon="7.0412480068">
				<ele>1515.1</ele>
				<extensions>
					<swisstopo:routepoint_id>1986869323</swisstopo:routepoint_id>
				</extensions>
			</trkpt>
			<trkpt lat="46.4351898890" lon="7.0412159095">
				<ele>1513.2</ele>
				<extensions>
					<swisstopo:routepoint_id>1545023600</swisstopo:routepoint_id>
				</extensions>
			</trkpt>
			<trkpt lat="46.4352374161" lon="7.0412243819">
				<ele>1512.4</ele>
				<extensions>
					<swisstopo:routepoint_id>2072317178</swisstopo:routepoint_id>
				</extensions>
			</trkpt>
			<trkpt lat="46.4352895708" lon="7.0412316517">
				<ele>1511.3</ele>
				<extensions>
					<swisstopo:routepoint_id>297834784</swisstopo:routepoint_id>
				</extensions>
			</trkpt>
			<trkpt lat="46.4353026170" lon="7.0412267919">
				<ele>1511.0</ele>
				<extensions>
					<swisstopo:routepoint_id>1507741112</swisstopo:routepoint_id>
				</extensions>
			</trkpt>
			<trkpt lat="46.4352736231" lon="7.0411543472">
				<ele>1509.5</ele>
				<extensions>
					<swisstopo:routepoint_id>1225945490</swisstopo:routepoint_id>
				</extensions>
			</trkpt>
			<trkpt lat="46.4352342105" lon="7.0410989797">
				<ele>1508.7</ele>
				<extensions>
					<swisstopo:routepoint_id>1147603771</swisstopo:routepoint_id>
				</extensions>
			</trkpt>
			<trkpt lat="46.4352333834" lon="7.0410783758">
				<ele>1508.1</ele>
				<extensions>
					<swisstopo:routepoint_id>269414121</swisstopo:routepoint_id>
				</extensions>
			</trkpt>
			<trkpt lat="46.4352229133" lon="7.0410554407">
				<ele>1507.8</ele>
				<extensions>
					<swisstopo:routepoint_id>1415359420</swisstopo:routepoint_id>
				</extensions>
			</trkpt>
			<trkpt lat="46.4352180607" lon="7.0410336717">
				<ele>1507.4</ele>
				<extensions>
					<swisstopo:routepoint_id>544909004</swisstopo:routepoint_id>
				</extensions>
			</trkpt>
			<trkpt lat="46.4352163989" lon="7.0409985376">
				<ele>1505.9</ele>
				<extensions>
					<swisstopo:routepoint_id>2082735072</swisstopo:routepoint_id>
				</extensions>
			</trkpt>
			<trkpt lat="46.4351858658" lon="7.0409697384">
				<ele>1504.9</ele>
				<extensions>
					<swisstopo:routepoint_id>1683663192</swisstopo:routepoint_id>
				</extensions>
			</trkpt>
			<trkpt lat="46.4350926993" lon="7.0409209252">
				<ele>1503.0</ele>
				<extensions>
					<swisstopo:routepoint_id>823726022</swisstopo:routepoint_id>
				</extensions>
			</trkpt>
			<trkpt lat="46.4350725993" lon="7.0408968913">
				<ele>1502.2</ele>
				<extensions>
					<swisstopo:routepoint_id>99328763</swisstopo:routepoint_id>
				</extensions>
			</trkpt>
			<trkpt lat="46.4350549387" lon="7.0408909970">
				<ele>1501.6</ele>
				<extensions>
					<swisstopo:routepoint_id>238558416</swisstopo:routepoint_id>
				</extensions>
			</trkpt>
			<trkpt lat="46.4350211778" lon="7.0408573802">
				<ele>1500.6</ele>
				<extensions>
					<swisstopo:routepoint_id>1973343012</swisstopo:routepoint_id>
				</extensions>
			</trkpt>
			<trkpt lat="46.4349952220" lon="7.0408407334">
				<ele>1500.0</ele>
				<extensions>
					<swisstopo:routepoint_id>1296503982</swisstopo:routepoint_id>
				</extensions>
			</trkpt>
			<trkpt lat="46.4349603960" lon="7.0408090303">
				<ele>1498.2</ele>
				<extensions>
					<swisstopo:routepoint_id>685580191</swisstopo:routepoint_id>
				</extensions>
			</trkpt>
			<trkpt lat="46.4349215499" lon="7.0407795423">
				<ele>1498.1</ele>
				<extensions>
					<swisstopo:routepoint_id>646445252</swisstopo:routepoint_id>
				</extensions>
			</trkpt>
			<trkpt lat="46.4348179480" lon="7.0407260027">
				<ele>1496.7</ele>
				<extensions>
					<swisstopo:routepoint_id>19076665</swisstopo:routepoint_id>
				</extensions>
			</trkpt>
			<trkpt lat="46.4347649174" lon="7.0406816754">
				<ele>1495.5</ele>
				<extensions>
					<swisstopo:routepoint_id>2062643398</swisstopo:routepoint_id>
				</extensions>
			</trkpt>
			<trkpt lat="46.4347544592" lon="7.0406672282">
				<ele>1494.9</ele>
				<extensions>
					<swisstopo:routepoint_id>1566621774</swisstopo:routepoint_id>
				</extensions>
			</trkpt>
			<trkpt lat="46.4347070563" lon="7.0406301025">
				<ele>1493.5</ele>
				<extensions>
					<swisstopo:routepoint_id>1718642332</swisstopo:routepoint_id>
				</extensions>
			</trkpt>
			<trkpt lat="46.4346717103" lon="7.0406086323">
				<ele>1492.8</ele>
				<extensions>
					<swisstopo:routepoint_id>1261990072</swisstopo:routepoint_id>
				</extensions>
			</trkpt>
			<trkpt lat="46.4347021616" lon="7.0405804565">
				<ele>1491.5</ele>
				<extensions>
					<swisstopo:routepoint_id>1500004315</swisstopo:routepoint_id>
				</extensions>
			</trkpt>
			<trkpt lat="46.4347273215" lon="7.0405514678">
				<ele>1490.7</ele>
				<extensions>
					<swisstopo:routepoint_id>1811529462</swisstopo:routepoint_id>
				</extensions>
			</trkpt>
			<trkpt lat="46.4348805350" lon="7.0404584076">
				<ele>1485.6</ele>
				<extensions>
					<swisstopo:routepoint_id>1846046753</swisstopo:routepoint_id>
				</extensions>
			</trkpt>
			<trkpt lat="46.4349464935" lon="7.0404254746">
				<ele>1484.2</ele>
				<extensions>
					<swisstopo:routepoint_id>1563797877</swisstopo:routepoint_id>
				</extensions>
			</trkpt>
			<trkpt lat="46.4350049154" lon="7.0403826980">
				<ele>1481.8</ele>
				<extensions>
					<swisstopo:routepoint_id>825891034</swisstopo:routepoint_id>
				</extensions>
			</trkpt>
			<trkpt lat="46.4350412407" lon="7.0403359785">
				<ele>1480.3</ele>
				<extensions>
					<swisstopo:routepoint_id>1919074361</swisstopo:routepoint_id>
				</extensions>
			</trkpt>
			<trkpt lat="46.4350772812" lon="7.0402907857">
				<ele>1479.7</ele>
				<extensions>
					<swisstopo:routepoint_id>1590251268</swisstopo:routepoint_id>
				</extensions>
			</trkpt>
			<trkpt lat="46.4351173623" lon="7.0402637210">
				<ele>1478.8</ele>
				<extensions>
					<swisstopo:routepoint_id>613150282</swisstopo:routepoint_id>
				</extensions>
			</trkpt>
			<trkpt lat="46.4351534397" lon="7.0402391375">
				<ele>1477.6</ele>
				<extensions>
					<swisstopo:routepoint_id>842189437</swisstopo:routepoint_id>
				</extensions>
			</trkpt>
			<trkpt lat="46.4351517652" lon="7.0401979428">
				<ele>1476.5</ele>
				<extensions>
					<swisstopo:routepoint_id>455561456</swisstopo:routepoint_id>
				</extensions>
			</trkpt>
			<trkpt lat="46.4351557151" lon="7.0401566815">
				<ele>1475.1</ele>
				<extensions>
					<swisstopo:routepoint_id>259406638</swisstopo:routepoint_id>
				</extensions>
			</trkpt>
			<trkpt lat="46.4351066015" lon="7.0400541431">
				<ele>1471.8</ele>
				<extensions>
					<swisstopo:routepoint_id>1514127484</swisstopo:routepoint_id>
				</extensions>
			</trkpt>
			<trkpt lat="46.4350615511" lon="7.0399794151">
				<ele>1470.0</ele>
				<extensions>
					<swisstopo:routepoint_id>1689379153</swisstopo:routepoint_id>
				</extensions>
			</trkpt>
			<trkpt lat="46.4350229800" lon="7.0399494808">
				<ele>1468.8</ele>
				<extensions>
					<swisstopo:routepoint_id>1568005070</swisstopo:routepoint_id>
				</extensions>
			</trkpt>
			<trkpt lat="46.4350036859" lon="7.0399242214">
				<ele>1467.6</ele>
				<extensions>
					<swisstopo:routepoint_id>590149788</swisstopo:routepoint_id>
				</extensions>
			</trkpt>
			<trkpt lat="46.4349707570" lon="7.0399075623">
				<ele>1467.3</ele>
				<extensions>
					<swisstopo:routepoint_id>1798186917</swisstopo:routepoint_id>
				</extensions>
			</trkpt>
			<trkpt lat="46.4349201750" lon="7.0398947170">
				<ele>1466.0</ele>
				<extensions>
					<swisstopo:routepoint_id>1036475162</swisstopo:routepoint_id>
				</extensions>
			</trkpt>
			<trkpt lat="46.4348928841" lon="7.0398901259">
				<ele>1465.4</ele>
				<extensions>
					<swisstopo:routepoint_id>1905798481</swisstopo:routepoint_id>
				</extensions>
			</trkpt>
			<trkpt lat="46.4348686007" lon="7.0398838865">
				<ele>1464.7</ele>
				<extensions>
					<swisstopo:routepoint_id>679994424</swisstopo:routepoint_id>
				</extensions>
			</trkpt>
			<trkpt lat="46.4348297489" lon="7.0398685794">
				<ele>1463.5</ele>
				<extensions>
					<swisstopo:routepoint_id>452101930</swisstopo:routepoint_id>
				</extensions>
			</trkpt>
			<trkpt lat="46.4348155804" lon="7.0398659002">
				<ele>1463.2</ele>
				<extensions>
					<swisstopo:routepoint_id>989246772</swisstopo:routepoint_id>
				</extensions>
			</trkpt>
			<trkpt lat="46.4347683044" lon="7.0398311884">
				<ele>1461.5</ele>
				<extensions>
					<swisstopo:routepoint_id>1990637055</swisstopo:routepoint_id>
				</extensions>
			</trkpt>
			<trkpt lat="46.4347436831" lon="7.0398005046">
				<ele>1461.1</ele>
				<extensions>
					<swisstopo:routepoint_id>1338925703</swisstopo:routepoint_id>
				</extensions>
			</trkpt>
			<trkpt lat="46.4347246331" lon="7.0397803643">
				<ele>1460.9</ele>
				<extensions>
					<swisstopo:routepoint_id>990705042</swisstopo:routepoint_id>
				</extensions>
			</trkpt>
			<trkpt lat="46.4346757149" lon="7.0397521959">
				<ele>1460.1</ele>
				<extensions>
					<swisstopo:routepoint_id>1953710696</swisstopo:routepoint_id>
				</extensions>
			</trkpt>
			<trkpt lat="46.4346487014" lon="7.0397446169">
				<ele>1460.1</ele>
				<extensions>
					<swisstopo:routepoint_id>69880394</swisstopo:routepoint_id>
				</extensions>
			</trkpt>
			<trkpt lat="46.4345548038" lon="7.0397394578">
				<ele>1460.0</ele>
				<extensions>
					<swisstopo:routepoint_id>175820038</swisstopo:routepoint_id>
				</extensions>
			</trkpt>
			<trkpt lat="46.4345186823" lon="7.0397337370">
				<ele>1459.7</ele>
				<extensions>
					<swisstopo:routepoint_id>455010715</swisstopo:routepoint_id>
				</extensions>
			</trkpt>
			<trkpt lat="46.4345314383" lon="7.0396790702">
				<ele>1457.9</ele>
				<extensions>
					<swisstopo:routepoint_id>39636755</swisstopo:routepoint_id>
				</extensions>
			</trkpt>
			<trkpt lat="46.4345458395" lon="7.0396534762">
				<ele>1457.2</ele>
				<extensions>
					<swisstopo:routepoint_id>50472760</swisstopo:routepoint_id>
				</extensions>
			</trkpt>
			<trkpt lat="46.4345707137" lon="7.0396483898">
				<ele>1457.0</ele>
				<extensions>
					<swisstopo:routepoint_id>1536347584</swisstopo:routepoint_id>
				</extensions>
			</trkpt>
			<trkpt lat="46.4345818965" lon="7.0396155639">
				<ele>1455.3</ele>
				<extensions>
					<swisstopo:routepoint_id>1160782876</swisstopo:routepoint_id>
				</extensions>
			</trkpt>
			<trkpt lat="46.4346083048" lon="7.0395680273">
				<ele>1454.2</ele>
				<extensions>
					<swisstopo:routepoint_id>1010627057</swisstopo:routepoint_id>
				</extensions>
			</trkpt>
			<trkpt lat="46.4346395333" lon="7.0395228694">
				<ele>1453.2</ele>
				<extensions>
					<swisstopo:routepoint_id>802475631</swisstopo:routepoint_id>
				</extensions>
			</trkpt>
			<trkpt lat="46.4345905451" lon="7.0394979037">
				<ele>1451.7</ele>
				<extensions>
					<swisstopo:routepoint_id>441120725</swisstopo:routepoint_id>
				</extensions>
			</trkpt>
			<trkpt lat="46.4345648386" lon="7.0394860206">
				<ele>1450.7</ele>
				<extensions>
					<swisstopo:routepoint_id>149009761</swisstopo:routepoint_id>
				</extensions>
			</trkpt>
			<trkpt lat="46.4345503707" lon="7.0394667747">
				<ele>1450.0</ele>
				<extensions>
					<swisstopo:routepoint_id>630825000</swisstopo:routepoint_id>
				</extensions>
			</trkpt>
			<trkpt lat="46.4345326365" lon="7.0394196750">
				<ele>1448.2</ele>
				<extensions>
					<swisstopo:routepoint_id>289699307</swisstopo:routepoint_id>
				</extensions>
			</trkpt>
			<trkpt lat="46.4345125428" lon="7.0393944092">
				<ele>1447.4</ele>
				<extensions>
					<swisstopo:routepoint_id>2065853829</swisstopo:routepoint_id>
				</extensions>
			</trkpt>
			<trkpt lat="46.4345141033" lon="7.0393677273">
				<ele>1446.2</ele>
				<extensions>
					<swisstopo:routepoint_id>959316094</swisstopo:routepoint_id>
				</extensions>
			</trkpt>
			<trkpt lat="46.4345388355" lon="7.0392729480">
				<ele>1443.7</ele>
				<extensions>
					<swisstopo:routepoint_id>39155668</swisstopo:routepoint_id>
				</extensions>
			</trkpt>
			<trkpt lat="46.4345929777" lon="7.0391588813">
				<ele>1440.9</ele>
				<extensions>
					<swisstopo:routepoint_id>356106151</swisstopo:routepoint_id>
				</extensions>
			</trkpt>
			<trkpt lat="46.4346879933" lon="7.0391031043">
				<ele>1439.2</ele>
				<extensions>
					<swisstopo:routepoint_id>1378949225</swisstopo:routepoint_id>
				</extensions>
			</trkpt>
			<trkpt lat="46.4347583796" lon="7.0390860584">
				<ele>1438.1</ele>
				<extensions>
					<swisstopo:routepoint_id>1112347480</swisstopo:routepoint_id>
				</extensions>
			</trkpt>
			<trkpt lat="46.4347925642" lon="7.0390610310">
				<ele>1436.4</ele>
				<extensions>
					<swisstopo:routepoint_id>539524502</swisstopo:routepoint_id>
				</extensions>
			</trkpt>
			<trkpt lat="46.4347905318" lon="7.0390224947">
				<ele>1435.0</ele>
				<extensions>
					<swisstopo:routepoint_id>482248040</swisstopo:routepoint_id>
				</extensions>
			</trkpt>
			<trkpt lat="46.4347599962" lon="7.0390006853">
				<ele>1434.0</ele>
				<extensions>
					<swisstopo:routepoint_id>414013760</swisstopo:routepoint_id>
				</extensions>
			</trkpt>
			<trkpt lat="46.4347408289" lon="7.0389677762">
				<ele>1432.8</ele>
				<extensions>
					<swisstopo:routepoint_id>2070716606</swisstopo:routepoint_id>
				</extensions>
			</trkpt>
			<trkpt lat="46.4346301488" lon="7.0388969735">
				<ele>1429.3</ele>
				<extensions>
					<swisstopo:routepoint_id>209415656</swisstopo:routepoint_id>
				</extensions>
			</trkpt>
			<trkpt lat="46.4345710713" lon="7.0388808749">
				<ele>1427.9</ele>
				<extensions>
					<swisstopo:routepoint_id>1714345065</swisstopo:routepoint_id>
				</extensions>
			</trkpt>
			<trkpt lat="46.4345159452" lon="7.0389088383">
				<ele>1427.6</ele>
				<extensions>
					<swisstopo:routepoint_id>276603139</swisstopo:routepoint_id>
				</extensions>
			</trkpt>
			<trkpt lat="46.4344739369" lon="7.0388733268">
				<ele>1425.4</ele>
				<extensions>
					<swisstopo:routepoint_id>1883520738</swisstopo:routepoint_id>
				</extensions>
			</trkpt>
			<trkpt lat="46.4343768313" lon="7.0388740376">
				<ele>1422.2</ele>
				<extensions>
					<swisstopo:routepoint_id>1152881596</swisstopo:routepoint_id>
				</extensions>
			</trkpt>
			<trkpt lat="46.4342664419" lon="7.0388913764">
				<ele>1419.3</ele>
				<extensions>
					<swisstopo:routepoint_id>52072275</swisstopo:routepoint_id>
				</extensions>
			</trkpt>
			<trkpt lat="46.4341768392" lon="7.0388589834">
				<ele>1415.0</ele>
				<extensions>
					<swisstopo:routepoint_id>1916345083</swisstopo:routepoint_id>
				</extensions>
			</trkpt>
			<trkpt lat="46.4341140145" lon="7.0388622132">
				<ele>1413.2</ele>
				<extensions>
					<swisstopo:routepoint_id>309325089</swisstopo:routepoint_id>
				</extensions>
			</trkpt>
			<trkpt lat="46.4340986995" lon="7.0388375355">
				<ele>1412.2</ele>
				<extensions>
					<swisstopo:routepoint_id>1055935871</swisstopo:routepoint_id>
				</extensions>
			</trkpt>
			<trkpt lat="46.4340605151" lon="7.0388102553">
				<ele>1410.6</ele>
				<extensions>
					<swisstopo:routepoint_id>2045966805</swisstopo:routepoint_id>
				</extensions>
			</trkpt>
			<trkpt lat="46.4340281791" lon="7.0388187511">
				<ele>1409.6</ele>
				<extensions>
					<swisstopo:routepoint_id>1304046920</swisstopo:routepoint_id>
				</extensions>
			</trkpt>
			<trkpt lat="46.4339976540" lon="7.0388024565">
				<ele>1408.4</ele>
				<extensions>
					<swisstopo:routepoint_id>728895744</swisstopo:routepoint_id>
				</extensions>
			</trkpt>
			<trkpt lat="46.4339366702" lon="7.0387863723">
				<ele>1406.5</ele>
				<extensions>
					<swisstopo:routepoint_id>1998671274</swisstopo:routepoint_id>
				</extensions>
			</trkpt>
			<trkpt lat="46.4338891336" lon="7.0388060209">
				<ele>1405.8</ele>
				<extensions>
					<swisstopo:routepoint_id>1450216611</swisstopo:routepoint_id>
				</extensions>
			</trkpt>
			<trkpt lat="46.4337899935" lon="7.0387681837">
				<ele>1402.7</ele>
				<extensions>
					<swisstopo:routepoint_id>1728473940</swisstopo:routepoint_id>
				</extensions>
			</trkpt>
			<trkpt lat="46.4337062099" lon="7.0387687971">
				<ele>1400.4</ele>
				<extensions>
					<swisstopo:routepoint_id>770575050</swisstopo:routepoint_id>
				</extensions>
			</trkpt>
			<trkpt lat="46.4336962318" lon="7.0387654775">
				<ele>1399.9</ele>
				<extensions>
					<swisstopo:routepoint_id>1143104616</swisstopo:routepoint_id>
				</extensions>
			</trkpt>
			<trkpt lat="46.4335789791" lon="7.0387137329">
				<ele>1396.0</ele>
				<extensions>
					<swisstopo:routepoint_id>2028211521</swisstopo:routepoint_id>
				</extensions>
			</trkpt>
			<trkpt lat="46.4334520753" lon="7.0386410178">
				<ele>1393.1</ele>
				<extensions>
					<swisstopo:routepoint_id>1710236767</swisstopo:routepoint_id>
				</extensions>
			</trkpt>
			<trkpt lat="46.4333556402" lon="7.0385534681">
				<ele>1390.6</ele>
				<extensions>
					<swisstopo:routepoint_id>2101842610</swisstopo:routepoint_id>
				</extensions>
			</trkpt>
			<trkpt lat="46.4332939815" lon="7.0385064627">
				<ele>1389.6</ele>
				<extensions>
					<swisstopo:routepoint_id>36795957</swisstopo:routepoint_id>
				</extensions>
			</trkpt>
			<trkpt lat="46.4332214005" lon="7.0384336047">
				<ele>1386.9</ele>
				<extensions>
					<swisstopo:routepoint_id>2127553222</swisstopo:routepoint_id>
				</extensions>
			</trkpt>
			<trkpt lat="46.4331429906" lon="7.0383350345">
				<ele>1384.4</ele>
				<extensions>
					<swisstopo:routepoint_id>1665010976</swisstopo:routepoint_id>
				</extensions>
			</trkpt>
			<trkpt lat="46.4330396334" lon="7.0381924687">
				<ele>1382.1</ele>
				<extensions>
					<swisstopo:routepoint_id>70885402</swisstopo:routepoint_id>
				</extensions>
			</trkpt>
			<trkpt lat="46.4329951801" lon="7.0381010578">
				<ele>1380.6</ele>
				<extensions>
					<swisstopo:routepoint_id>1102814437</swisstopo:routepoint_id>
				</extensions>
			</trkpt>
			<trkpt lat="46.4329286410" lon="7.0379963533">
				<ele>1379.2</ele>
				<extensions>
					<swisstopo:routepoint_id>89890154</swisstopo:routepoint_id>
				</extensions>
			</trkpt>
			<trkpt lat="46.4329174245" lon="7.0379505291">
				<ele>1378.5</ele>
				<extensions>
					<swisstopo:routepoint_id>973509121</swisstopo:routepoint_id>
				</extensions>
			</trkpt>
			<trkpt lat="46.4329116752" lon="7.0378992648">
				<ele>1377.6</ele>
				<extensions>
					<swisstopo:routepoint_id>1993191582</swisstopo:routepoint_id>
				</extensions>
			</trkpt>
			<trkpt lat="46.4329353295" lon="7.0378952032">
				<ele>1377.3</ele>
				<extensions>
					<swisstopo:routepoint_id>1760705085</swisstopo:routepoint_id>
				</extensions>
			</trkpt>
			<trkpt lat="46.4329616740" lon="7.0379016932">
				<ele>1376.5</ele>
				<extensions>
					<swisstopo:routepoint_id>2061852611</swisstopo:routepoint_id>
				</extensions>
			</trkpt>
			<trkpt lat="46.4330550215" lon="7.0379296856">
				<ele>1374.5</ele>
				<extensions>
					<swisstopo:routepoint_id>665565341</swisstopo:routepoint_id>
				</extensions>
			</trkpt>
			<trkpt lat="46.4331074269" lon="7.0379413464">
				<ele>1370.8</ele>
				<extensions>
					<swisstopo:routepoint_id>925756208</swisstopo:routepoint_id>
				</extensions>
			</trkpt>
			<trkpt lat="46.4331550220" lon="7.0379409972">
				<ele>1367.9</ele>
				<extensions>
					<swisstopo:routepoint_id>1679888931</swisstopo:routepoint_id>
				</extensions>
			</trkpt>
			<trkpt lat="46.4331990129" lon="7.0379286291">
				<ele>1365.6</ele>
				<extensions>
					<swisstopo:routepoint_id>1536700079</swisstopo:routepoint_id>
				</extensions>
			</trkpt>
			<trkpt lat="46.4332370417" lon="7.0379145768">
				<ele>1364.0</ele>
				<extensions>
					<swisstopo:routepoint_id>545938409</swisstopo:routepoint_id>
				</extensions>
			</trkpt>
			<trkpt lat="46.4333141361" lon="7.0378558303">
				<ele>1359.9</ele>
				<extensions>
					<swisstopo:routepoint_id>1399532000</swisstopo:routepoint_id>
				</extensions>
			</trkpt>
			<trkpt lat="46.4333621098" lon="7.0378224807">
				<ele>1357.8</ele>
				<extensions>
					<swisstopo:routepoint_id>1318574599</swisstopo:routepoint_id>
				</extensions>
			</trkpt>
			<trkpt lat="46.4334218449" lon="7.0377824503">
				<ele>1355.4</ele>
				<extensions>
					<swisstopo:routepoint_id>1856111503</swisstopo:routepoint_id>
				</extensions>
			</trkpt>
			<trkpt lat="46.4334354544" lon="7.0377823376">
				<ele>1355.1</ele>
				<extensions>
					<swisstopo:routepoint_id>515164080</swisstopo:routepoint_id>
				</extensions>
			</trkpt>
			<trkpt lat="46.4334536222" lon="7.0377887732">
				<ele>1354.8</ele>
				<extensions>
					<swisstopo:routepoint_id>2008369318</swisstopo:routepoint_id>
				</extensions>
			</trkpt>
			<trkpt lat="46.4335106086" lon="7.0377421684">
				<ele>1351.9</ele>
				<extensions>
					<swisstopo:routepoint_id>328752086</swisstopo:routepoint_id>
				</extensions>
			</trkpt>
			<trkpt lat="46.4335839904" lon="7.0377125584">
				<ele>1350.2</ele>
				<extensions>
					<swisstopo:routepoint_id>682711601</swisstopo:routepoint_id>
				</extensions>
			</trkpt>
			<trkpt lat="46.4335839395" lon="7.0376980610">
				<ele>1349.7</ele>
				<extensions>
					<swisstopo:routepoint_id>1273939113</swisstopo:routepoint_id>
				</extensions>
			</trkpt>
			<trkpt lat="46.4335584256" lon="7.0376666483">
				<ele>1348.8</ele>
				<extensions>
					<swisstopo:routepoint_id>536850880</swisstopo:routepoint_id>
				</extensions>
			</trkpt>
			<trkpt lat="46.4335308313" lon="7.0376244126">
				<ele>1347.0</ele>
				<extensions>
					<swisstopo:routepoint_id>374024007</swisstopo:routepoint_id>
				</extensions>
			</trkpt>
			<trkpt lat="46.4334658964" lon="7.0375670515">
				<ele>1345.0</ele>
				<extensions>
					<swisstopo:routepoint_id>1095677176</swisstopo:routepoint_id>
				</extensions>
			</trkpt>
			<trkpt lat="46.4334600296" lon="7.0375230427">
				<ele>1343.7</ele>
				<extensions>
					<swisstopo:routepoint_id>1230009714</swisstopo:routepoint_id>
				</extensions>
			</trkpt>
			<trkpt lat="46.4334942835" lon="7.0375172640">
				<ele>1342.9</ele>
				<extensions>
					<swisstopo:routepoint_id>316311777</swisstopo:routepoint_id>
				</extensions>
			</trkpt>
			<trkpt lat="46.4335400103" lon="7.0375251997">
				<ele>1342.4</ele>
				<extensions>
					<swisstopo:routepoint_id>550337858</swisstopo:routepoint_id>
				</extensions>
			</trkpt>
			<trkpt lat="46.4336465096" lon="7.0374326668">
				<ele>1338.6</ele>
				<extensions>
					<swisstopo:routepoint_id>1033973226</swisstopo:routepoint_id>
				</extensions>
			</trkpt>
			<trkpt lat="46.4336673270" lon="7.0374206336">
				<ele>1338.1</ele>
				<extensions>
					<swisstopo:routepoint_id>273879421</swisstopo:routepoint_id>
				</extensions>
			</trkpt>
			<trkpt lat="46.4336927090" lon="7.0374138273">
				<ele>1337.5</ele>
				<extensions>
					<swisstopo:routepoint_id>1856304891</swisstopo:routepoint_id>
				</extensions>
			</trkpt>
			<trkpt lat="46.4337372196" lon="7.0373449761">
				<ele>1335.3</ele>
				<extensions>
					<swisstopo:routepoint_id>442844478</swisstopo:routepoint_id>
				</extensions>
			</trkpt>
			<trkpt lat="46.4337921747" lon="7.0373065429">
				<ele>1333.8</ele>
				<extensions>
					<swisstopo:routepoint_id>730888874</swisstopo:routepoint_id>
				</extensions>
			</trkpt>
			<trkpt lat="46.4338130026" lon="7.0373099984">
				<ele>1333.6</ele>
				<extensions>
					<swisstopo:routepoint_id>20359421</swisstopo:routepoint_id>
				</extensions>
			</trkpt>
			<trkpt lat="46.4338276736" lon="7.0373044523">
				<ele>1333.6</ele>
				<extensions>
					<swisstopo:routepoint_id>850842742</swisstopo:routepoint_id>
				</extensions>
			</trkpt>
			<trkpt lat="46.4338434432" lon="7.0372608814">
				<ele>1332.6</ele>
				<extensions>
					<swisstopo:routepoint_id>1203801647</swisstopo:routepoint_id>
				</extensions>
			</trkpt>
			<trkpt lat="46.4338587492" lon="7.0371978862">
				<ele>1330.1</ele>
				<extensions>
					<swisstopo:routepoint_id>636126459</swisstopo:routepoint_id>
				</extensions>
			</trkpt>
			<trkpt lat="46.4338999978" lon="7.0370995168">
				<ele>1326.8</ele>
				<extensions>
					<swisstopo:routepoint_id>293916137</swisstopo:routepoint_id>
				</extensions>
			</trkpt>
			<trkpt lat="46.4339142607" lon="7.0370778115">
				<ele>1326.1</ele>
				<extensions>
					<swisstopo:routepoint_id>1959163484</swisstopo:routepoint_id>
				</extensions>
			</trkpt>
			<trkpt lat="46.4339158434" lon="7.0370644584">
				<ele>1325.9</ele>
				<extensions>
					<swisstopo:routepoint_id>638982412</swisstopo:routepoint_id>
				</extensions>
			</trkpt>
			<trkpt lat="46.4339029863" lon="7.0370512368">
				<ele>1325.7</ele>
				<extensions>
					<swisstopo:routepoint_id>606705024</swisstopo:routepoint_id>
				</extensions>
			</trkpt>
			<trkpt lat="46.4338772921" lon="7.0370454285">
				<ele>1325.0</ele>
				<extensions>
					<swisstopo:routepoint_id>779707974</swisstopo:routepoint_id>
				</extensions>
			</trkpt>
			<trkpt lat="46.4338796745" lon="7.0370296553">
				<ele>1324.5</ele>
				<extensions>
					<swisstopo:routepoint_id>995143830</swisstopo:routepoint_id>
				</extensions>
			</trkpt>
			<trkpt lat="46.4339005114" lon="7.0370100489">
				<ele>1323.8</ele>
				<extensions>
					<swisstopo:routepoint_id>1032849733</swisstopo:routepoint_id>
				</extensions>
			</trkpt>
			<trkpt lat="46.4339277756" lon="7.0369988830">
				<ele>1323.5</ele>
				<extensions>
					<swisstopo:routepoint_id>1497435218</swisstopo:routepoint_id>
				</extensions>
			</trkpt>
			<trkpt lat="46.4339846600" lon="7.0369389363">
				<ele>1321.6</ele>
				<extensions>
					<swisstopo:routepoint_id>4688930</swisstopo:routepoint_id>
				</extensions>
			</trkpt>
			<trkpt lat="46.4339990772" lon="7.0369230365">
				<ele>1321.0</ele>
				<extensions>
					<swisstopo:routepoint_id>1768125388</swisstopo:routepoint_id>
				</extensions>
			</trkpt>
			<trkpt lat="46.4340255398" lon="7.0369118763">
				<ele>1320.3</ele>
				<extensions>
					<swisstopo:routepoint_id>1404204553</swisstopo:routepoint_id>
				</extensions>
			</trkpt>
			<trkpt lat="46.4340255175" lon="7.0368949138">
				<ele>1319.9</ele>
				<extensions>
					<swisstopo:routepoint_id>649937885</swisstopo:routepoint_id>
				</extensions>
			</trkpt>
			<trkpt lat="46.4340158624" lon="7.0368816686">
				<ele>1319.5</ele>
				<extensions>
					<swisstopo:routepoint_id>709051984</swisstopo:routepoint_id>
				</extensions>
			</trkpt>
			<trkpt lat="46.4339644649" lon="7.0368518569">
				<ele>1317.9</ele>
				<extensions>
					<swisstopo:routepoint_id>1444901180</swisstopo:routepoint_id>
				</extensions>
			</trkpt>
			<trkpt lat="46.4339026489" lon="7.0368427693">
				<ele>1316.5</ele>
				<extensions>
					<swisstopo:routepoint_id>316452336</swisstopo:routepoint_id>
				</extensions>
			</trkpt>
			<trkpt lat="46.4338938001" lon="7.0368283113">
				<ele>1316.2</ele>
				<extensions>
					<swisstopo:routepoint_id>1668480866</swisstopo:routepoint_id>
				</extensions>
			</trkpt>
			<trkpt lat="46.4338969885" lon="7.0368113125">
				<ele>1315.5</ele>
				<extensions>
					<swisstopo:routepoint_id>649059197</swisstopo:routepoint_id>
				</extensions>
			</trkpt>
			<trkpt lat="46.4339819178" lon="7.0367292791">
				<ele>1313.2</ele>
				<extensions>
					<swisstopo:routepoint_id>1599758691</swisstopo:routepoint_id>
				</extensions>
			</trkpt>
			<trkpt lat="46.4340358863" lon="7.0367151592">
				<ele>1312.8</ele>
				<extensions>
					<swisstopo:routepoint_id>1218412348</swisstopo:routepoint_id>
				</extensions>
			</trkpt>
			<trkpt lat="46.4340630382" lon="7.0366951758">
				<ele>1311.3</ele>
				<extensions>
					<swisstopo:routepoint_id>1715682831</swisstopo:routepoint_id>
				</extensions>
			</trkpt>
			<trkpt lat="46.4340547109" lon="7.0366504351">
				<ele>1310.1</ele>
				<extensions>
					<swisstopo:routepoint_id>1411228957</swisstopo:routepoint_id>
				</extensions>
			</trkpt>
			<trkpt lat="46.4339954099" lon="7.0366345950">
				<ele>1308.1</ele>
				<extensions>
					<swisstopo:routepoint_id>1999350738</swisstopo:routepoint_id>
				</extensions>
			</trkpt>
			<trkpt lat="46.4339431937" lon="7.0365999483">
				<ele>1306.2</ele>
				<extensions>
					<swisstopo:routepoint_id>1701290928</swisstopo:routepoint_id>
				</extensions>
			</trkpt>
			<trkpt lat="46.4338573804" lon="7.0365711145">
				<ele>1303.7</ele>
				<extensions>
					<swisstopo:routepoint_id>844298551</swisstopo:routepoint_id>
				</extensions>
			</trkpt>
			<trkpt lat="46.4338298298" lon="7.0365564131">
				<ele>1302.7</ele>
				<extensions>
					<swisstopo:routepoint_id>1894670781</swisstopo:routepoint_id>
				</extensions>
			</trkpt>
			<trkpt lat="46.4337757963" lon="7.0365420845">
				<ele>1301.0</ele>
				<extensions>
					<swisstopo:routepoint_id>757296529</swisstopo:routepoint_id>
				</extensions>
			</trkpt>
			<trkpt lat="46.4337313257" lon="7.0365384984">
				<ele>1299.7</ele>
				<extensions>
					<swisstopo:routepoint_id>1999567376</swisstopo:routepoint_id>
				</extensions>
			</trkpt>
			<trkpt lat="46.4336792326" lon="7.0365051980">
				<ele>1298.2</ele>
				<extensions>
					<swisstopo:routepoint_id>320957399</swisstopo:routepoint_id>
				</extensions>
			</trkpt>
			<trkpt lat="46.4336123047" lon="7.0364258204">
				<ele>1295.6</ele>
				<extensions>
					<swisstopo:routepoint_id>1408718282</swisstopo:routepoint_id>
				</extensions>
			</trkpt>
			<trkpt lat="46.4335576815" lon="7.0363849661">
				<ele>1293.9</ele>
				<extensions>
					<swisstopo:routepoint_id>1611942341</swisstopo:routepoint_id>
				</extensions>
			</trkpt>
			<trkpt lat="46.4334752878" lon="7.0362769614">
				<ele>1290.9</ele>
				<extensions>
					<swisstopo:routepoint_id>1028414371</swisstopo:routepoint_id>
				</extensions>
			</trkpt>
			<trkpt lat="46.4333757152" lon="7.0361545990">
				<ele>1287.1</ele>
				<extensions>
					<swisstopo:routepoint_id>1871427019</swisstopo:routepoint_id>
				</extensions>
			</trkpt>
			<trkpt lat="46.4332880310" lon="7.0360385785">
				<ele>1282.6</ele>
				<extensions>
					<swisstopo:routepoint_id>982175923</swisstopo:routepoint_id>
				</extensions>
			</trkpt>
			<trkpt lat="46.4332879543" lon="7.0360168518">
				<ele>1282.3</ele>
				<extensions>
					<swisstopo:routepoint_id>1222592117</swisstopo:routepoint_id>
				</extensions>
			</trkpt>
			<trkpt lat="46.4332769037" lon="7.0360008474">
				<ele>1281.7</ele>
				<extensions>
					<swisstopo:routepoint_id>511932057</swisstopo:routepoint_id>
				</extensions>
			</trkpt>
			<trkpt lat="46.4332560373" lon="7.0359889433">
				<ele>1281.2</ele>
				<extensions>
					<swisstopo:routepoint_id>1389946989</swisstopo:routepoint_id>
				</extensions>
			</trkpt>
			<trkpt lat="46.4332490648" lon="7.0359710283">
				<ele>1281.0</ele>
				<extensions>
					<swisstopo:routepoint_id>741039306</swisstopo:routepoint_id>
				</extensions>
			</trkpt>
			<trkpt lat="46.4332592843" lon="7.0359580691">
				<ele>1280.5</ele>
				<extensions>
					<swisstopo:routepoint_id>280889516</swisstopo:routepoint_id>
				</extensions>
			</trkpt>
			<trkpt lat="46.4332672018" lon="7.0359381513">
				<ele>1280.1</ele>
				<extensions>
					<swisstopo:routepoint_id>2004649957</swisstopo:routepoint_id>
				</extensions>
			</trkpt>
			<trkpt lat="46.4332641017" lon="7.0359209701">
				<ele>1279.7</ele>
				<extensions>
					<swisstopo:routepoint_id>1015021554</swisstopo:routepoint_id>
				</extensions>
			</trkpt>
			<trkpt lat="46.4332404249" lon="7.0358856568">
				<ele>1278.3</ele>
				<extensions>
					<swisstopo:routepoint_id>352331019</swisstopo:routepoint_id>
				</extensions>
			</trkpt>
			<trkpt lat="46.4331729670" lon="7.0358243016">
				<ele>1275.7</ele>
				<extensions>
					<swisstopo:routepoint_id>70935072</swisstopo:routepoint_id>
				</extensions>
			</trkpt>
			<trkpt lat="46.4330885755" lon="7.0357546346">
				<ele>1273.2</ele>
				<extensions>
					<swisstopo:routepoint_id>499341764</swisstopo:routepoint_id>
				</extensions>
			</trkpt>
			<trkpt lat="46.4329950517" lon="7.0356767891">
				<ele>1269.7</ele>
				<extensions>
					<swisstopo:routepoint_id>2085160051</swisstopo:routepoint_id>
				</extensions>
			</trkpt>
			<trkpt lat="46.4329634509" lon="7.0356470616">
				<ele>1268.0</ele>
				<extensions>
					<swisstopo:routepoint_id>381782520</swisstopo:routepoint_id>
				</extensions>
			</trkpt>
			<trkpt lat="46.4329310139" lon="7.0356098320">
				<ele>1266.8</ele>
				<extensions>
					<swisstopo:routepoint_id>194110159</swisstopo:routepoint_id>
				</extensions>
			</trkpt>
			<trkpt lat="46.4329184262" lon="7.0355953885">
				<ele>1266.3</ele>
				<extensions>
					<swisstopo:routepoint_id>535029592</swisstopo:routepoint_id>
				</extensions>
			</trkpt>
			<trkpt lat="46.4329007279" lon="7.0355688875">
				<ele>1265.6</ele>
				<extensions>
					<swisstopo:routepoint_id>1382920839</swisstopo:routepoint_id>
				</extensions>
			</trkpt>
			<trkpt lat="46.4328637905" lon="7.0355510668">
				<ele>1264.6</ele>
				<extensions>
					<swisstopo:routepoint_id>456360268</swisstopo:routepoint_id>
				</extensions>
			</trkpt>
			<trkpt lat="46.4328300361" lon="7.0355247353">
				<ele>1263.4</ele>
				<extensions>
					<swisstopo:routepoint_id>2004404851</swisstopo:routepoint_id>
				</extensions>
			</trkpt>
			<trkpt lat="46.4327955096" lon="7.0355117378">
				<ele>1262.3</ele>
				<extensions>
					<swisstopo:routepoint_id>691372103</swisstopo:routepoint_id>
				</extensions>
			</trkpt>
			<trkpt lat="46.4327550476" lon="7.0355170554">
				<ele>1261.9</ele>
				<extensions>
					<swisstopo:routepoint_id>1245701758</swisstopo:routepoint_id>
				</extensions>
			</trkpt>
			<trkpt lat="46.4326957470" lon="7.0355038215">
				<ele>1260.9</ele>
				<extensions>
					<swisstopo:routepoint_id>1559928962</swisstopo:routepoint_id>
				</extensions>
			</trkpt>
			<trkpt lat="46.4326309781" lon="7.0354987852">
				<ele>1259.9</ele>
				<extensions>
					<swisstopo:routepoint_id>2050468853</swisstopo:routepoint_id>
				</extensions>
			</trkpt>
			<trkpt lat="46.4325667454" lon="7.0354751691">
				<ele>1258.2</ele>
				<extensions>
					<swisstopo:routepoint_id>325815808</swisstopo:routepoint_id>
				</extensions>
			</trkpt>
			<trkpt lat="46.4325097460" lon="7.0354587546">
				<ele>1256.5</ele>
				<extensions>
					<swisstopo:routepoint_id>171363205</swisstopo:routepoint_id>
				</extensions>
			</trkpt>
			<trkpt lat="46.4324631943" lon="7.0354591999">
				<ele>1255.6</ele>
				<extensions>
					<swisstopo:routepoint_id>280983394</swisstopo:routepoint_id>
				</extensions>
			</trkpt>
			<trkpt lat="46.4324285529" lon="7.0354696458">
				<ele>1254.7</ele>
				<extensions>
					<swisstopo:routepoint_id>57386871</swisstopo:routepoint_id>
				</extensions>
			</trkpt>
			<trkpt lat="46.4323807793" lon="7.0354655132">
				<ele>1253.7</ele>
				<extensions>
					<swisstopo:routepoint_id>444142949</swisstopo:routepoint_id>
				</extensions>
			</trkpt>
			<trkpt lat="46.4323406652" lon="7.0354598631">
				<ele>1252.6</ele>
				<extensions>
					<swisstopo:routepoint_id>2081579118</swisstopo:routepoint_id>
				</extensions>
			</trkpt>
			<trkpt lat="46.4323131176" lon="7.0354485423">
				<ele>1251.7</ele>
				<extensions>
					<swisstopo:routepoint_id>313679208</swisstopo:routepoint_id>
				</extensions>
			</trkpt>
			<trkpt lat="46.4322248001" lon="7.0354215212">
				<ele>1250.2</ele>
				<extensions>
					<swisstopo:routepoint_id>1021054055</swisstopo:routepoint_id>
				</extensions>
			</trkpt>
			<trkpt lat="46.4321276747" lon="7.0354091385">
				<ele>1248.8</ele>
				<extensions>
					<swisstopo:routepoint_id>1497306743</swisstopo:routepoint_id>
				</extensions>
			</trkpt>
			<trkpt lat="46.4320602436" lon="7.0353940339">
				<ele>1247.1</ele>
				<extensions>
					<swisstopo:routepoint_id>1184929682</swisstopo:routepoint_id>
				</extensions>
			</trkpt>
			<trkpt lat="46.4319863743" lon="7.0353693075">
				<ele>1245.7</ele>
				<extensions>
					<swisstopo:routepoint_id>699628601</swisstopo:routepoint_id>
				</extensions>
			</trkpt>
			<trkpt lat="46.4319361422" lon="7.0353518397">
				<ele>1244.3</ele>
				<extensions>
					<swisstopo:routepoint_id>1435573178</swisstopo:routepoint_id>
				</extensions>
			</trkpt>
			<trkpt lat="46.4319324162" lon="7.0353228728">
				<ele>1243.9</ele>
				<extensions>
					<swisstopo:routepoint_id>974483600</swisstopo:routepoint_id>
				</extensions>
			</trkpt>
			<trkpt lat="46.4319413080" lon="7.0352909539">
				<ele>1243.1</ele>
				<extensions>
					<swisstopo:routepoint_id>1244313098</swisstopo:routepoint_id>
				</extensions>
			</trkpt>
			<trkpt lat="46.4319661114" lon="7.0352434419">
				<ele>1242.1</ele>
				<extensions>
					<swisstopo:routepoint_id>314012711</swisstopo:routepoint_id>
				</extensions>
			</trkpt>
			<trkpt lat="46.4320080053" lon="7.0351846544">
				<ele>1240.7</ele>
				<extensions>
					<swisstopo:routepoint_id>1976030738</swisstopo:routepoint_id>
				</extensions>
			</trkpt>
			<trkpt lat="46.4320630327" lon="7.0351109295">
				<ele>1239.2</ele>
				<extensions>
					<swisstopo:routepoint_id>1794819500</swisstopo:routepoint_id>
				</extensions>
			</trkpt>
			<trkpt lat="46.4321450887" lon="7.0350209827">
				<ele>1237.2</ele>
				<extensions>
					<swisstopo:routepoint_id>719469730</swisstopo:routepoint_id>
				</extensions>
			</trkpt>
			<trkpt lat="46.4321902276" lon="7.0349469938">
				<ele>1235.9</ele>
				<extensions>
					<swisstopo:routepoint_id>652963700</swisstopo:routepoint_id>
				</extensions>
			</trkpt>
			<trkpt lat="46.4322230290" lon="7.0348179338">
				<ele>1233.3</ele>
				<extensions>
					<swisstopo:routepoint_id>285739656</swisstopo:routepoint_id>
				</extensions>
			</trkpt>
			<trkpt lat="46.4322717070" lon="7.0346758982">
				<ele>1230.5</ele>
				<extensions>
					<swisstopo:routepoint_id>47548620</swisstopo:routepoint_id>
				</extensions>
			</trkpt>
			<trkpt lat="46.4322882933" lon="7.0346294438">
				<ele>1229.1</ele>
				<extensions>
					<swisstopo:routepoint_id>2028529656</swisstopo:routepoint_id>
				</extensions>
			</trkpt>
			<trkpt lat="46.4323225802" lon="7.0345547724">
				<ele>1227.2</ele>
				<extensions>
					<swisstopo:routepoint_id>1087853681</swisstopo:routepoint_id>
				</extensions>
			</trkpt>
			<trkpt lat="46.4323166308" lon="7.0345330768">
				<ele>1226.8</ele>
				<extensions>
					<swisstopo:routepoint_id>530706696</swisstopo:routepoint_id>
				</extensions>
			</trkpt>
			<trkpt lat="46.4323081855" lon="7.0345210496">
				<ele>1226.5</ele>
				<extensions>
					<swisstopo:routepoint_id>768970506</swisstopo:routepoint_id>
				</extensions>
			</trkpt>
			<trkpt lat="46.4322560370" lon="7.0345057184">
				<ele>1225.6</ele>
				<extensions>
					<swisstopo:routepoint_id>1809058276</swisstopo:routepoint_id>
				</extensions>
			</trkpt>
			<trkpt lat="46.4322072273" lon="7.0344831267">
				<ele>1224.7</ele>
				<extensions>
					<swisstopo:routepoint_id>1601488761</swisstopo:routepoint_id>
				</extensions>
			</trkpt>
			<trkpt lat="46.4321508903" lon="7.0344714477">
				<ele>1223.8</ele>
				<extensions>
					<swisstopo:routepoint_id>1366118234</swisstopo:routepoint_id>
				</extensions>
			</trkpt>
			<trkpt lat="46.4321139329" lon="7.0344753361">
				<ele>1223.3</ele>
				<extensions>
					<swisstopo:routepoint_id>296387261</swisstopo:routepoint_id>
				</extensions>
			</trkpt>
			<trkpt lat="46.4320711194" lon="7.0344901184">
				<ele>1223.0</ele>
				<extensions>
					<swisstopo:routepoint_id>827093356</swisstopo:routepoint_id>
				</extensions>
			</trkpt>
			<trkpt lat="46.4320115522" lon="7.0345183276">
				<ele>1222.1</ele>
				<extensions>
					<swisstopo:routepoint_id>1690743780</swisstopo:routepoint_id>
				</extensions>
			</trkpt>
			<trkpt lat="46.4319334699" lon="7.0345394060">
				<ele>1220.9</ele>
				<extensions>
					<swisstopo:routepoint_id>1422471512</swisstopo:routepoint_id>
				</extensions>
			</trkpt>
			<trkpt lat="46.4317394469" lon="7.0345791110">
				<ele>1217.3</ele>
				<extensions>
					<swisstopo:routepoint_id>915068297</swisstopo:routepoint_id>
				</extensions>
			</trkpt>
			<trkpt lat="46.4316031340" lon="7.0346194625">
				<ele>1214.2</ele>
				<extensions>
					<swisstopo:routepoint_id>1736619582</swisstopo:routepoint_id>
				</extensions>
			</trkpt>
			<trkpt lat="46.4315886836" lon="7.0346159483">
				<ele>1213.8</ele>
				<extensions>
					<swisstopo:routepoint_id>565627372</swisstopo:routepoint_id>
				</extensions>
			</trkpt>
			<trkpt lat="46.4315733451" lon="7.0346003894">
				<ele>1213.4</ele>
				<extensions>
					<swisstopo:routepoint_id>794910537</swisstopo:routepoint_id>
				</extensions>
			</trkpt>
			<trkpt lat="46.4315671969" lon="7.0345485324">
				<ele>1211.9</ele>
				<extensions>
					<swisstopo:routepoint_id>1958682200</swisstopo:routepoint_id>
				</extensions>
			</trkpt>
			<trkpt lat="46.4315849079" lon="7.0343903879">
				<ele>1208.8</ele>
				<extensions>
					<swisstopo:routepoint_id>657637266</swisstopo:routepoint_id>
				</extensions>
			</trkpt>
			<trkpt lat="46.4315946035" lon="7.0343386551">
				<ele>1208.1</ele>
				<extensions>
					<swisstopo:routepoint_id>1812245981</swisstopo:routepoint_id>
				</extensions>
			</trkpt>
			<trkpt lat="46.4316243177" lon="7.0342807706">
				<ele>1206.4</ele>
				<extensions>
					<swisstopo:routepoint_id>1190570440</swisstopo:routepoint_id>
				</extensions>
			</trkpt>
			<trkpt lat="46.4316715144" lon="7.0341857706">
				<ele>1204.6</ele>
				<extensions>
					<swisstopo:routepoint_id>116855514</swisstopo:routepoint_id>
				</extensions>
			</trkpt>
			<trkpt lat="46.4316978726" lon="7.0341067304">
				<ele>1203.2</ele>
				<extensions>
					<swisstopo:routepoint_id>824782757</swisstopo:routepoint_id>
				</extensions>
			</trkpt>
			<trkpt lat="46.4317058052" lon="7.0340508938">
				<ele>1201.8</ele>
				<extensions>
					<swisstopo:routepoint_id>1206483333</swisstopo:routepoint_id>
				</extensions>
			</trkpt>
			<trkpt lat="46.4317073625" lon="7.0340229997">
				<ele>1201.3</ele>
				<extensions>
					<swisstopo:routepoint_id>653120450</swisstopo:routepoint_id>
				</extensions>
			</trkpt>
			<trkpt lat="46.4316848477" lon="7.0339953475">
				<ele>1201.1</ele>
				<extensions>
					<swisstopo:routepoint_id>1858244053</swisstopo:routepoint_id>
				</extensions>
			</trkpt>
			<trkpt lat="46.4316655604" lon="7.0339773595">
				<ele>1200.9</ele>
				<extensions>
					<swisstopo:routepoint_id>481176544</swisstopo:routepoint_id>
				</extensions>
			</trkpt>
			<trkpt lat="46.4316630864" lon="7.0339596662">
				<ele>1200.7</ele>
				<extensions>
					<swisstopo:routepoint_id>1785914209</swisstopo:routepoint_id>
				</extensions>
			</trkpt>
			<trkpt lat="46.4316533954" lon="7.0339307755">
				<ele>1200.7</ele>
				<extensions>
					<swisstopo:routepoint_id>2128551705</swisstopo:routepoint_id>
				</extensions>
			</trkpt>
			<trkpt lat="46.4317467219" lon="7.0338508768">
				<ele>1199.5</ele>
				<extensions>
					<swisstopo:routepoint_id>139654947</swisstopo:routepoint_id>
				</extensions>
			</trkpt>
			<trkpt lat="46.4319478977" lon="7.0336648798">
				<ele>1197.2</ele>
				<extensions>
					<swisstopo:routepoint_id>678228289</swisstopo:routepoint_id>
				</extensions>
			</trkpt>
			<trkpt lat="46.4320371310" lon="7.0335926086">
				<ele>1196.3</ele>
				<extensions>
					<swisstopo:routepoint_id>1094289771</swisstopo:routepoint_id>
				</extensions>
			</trkpt>
			<trkpt lat="46.4320998288" lon="7.0335535943">
				<ele>1195.6</ele>
				<extensions>
					<swisstopo:routepoint_id>1387170629</swisstopo:routepoint_id>
				</extensions>
			</trkpt>
			<trkpt lat="46.4321682776" lon="7.0335255407">
				<ele>1194.9</ele>
				<extensions>
					<swisstopo:routepoint_id>999396488</swisstopo:routepoint_id>
				</extensions>
			</trkpt>
			<trkpt lat="46.4322443918" lon="7.0335112156">
				<ele>1194.1</ele>
				<extensions>
					<swisstopo:routepoint_id>1524265593</swisstopo:routepoint_id>
				</extensions>
			</trkpt>
			<trkpt lat="46.4324004899" lon="7.0335017925">
				<ele>1192.5</ele>
				<extensions>
					<swisstopo:routepoint_id>371655067</swisstopo:routepoint_id>
				</extensions>
			</trkpt>
			<trkpt lat="46.4328916723" lon="7.0334788675">
				<ele>1187.1</ele>
				<extensions>
					<swisstopo:routepoint_id>1544671950</swisstopo:routepoint_id>
				</extensions>
			</trkpt>
			<trkpt lat="46.4330097205" lon="7.0334779918">
				<ele>1185.9</ele>
				<extensions>
					<swisstopo:routepoint_id>320802560</swisstopo:routepoint_id>
				</extensions>
			</trkpt>
			<trkpt lat="46.4330935246" lon="7.0334856352">
				<ele>1185.0</ele>
				<extensions>
					<swisstopo:routepoint_id>1257434841</swisstopo:routepoint_id>
				</extensions>
			</trkpt>
			<trkpt lat="46.4331678420" lon="7.0335016016">
				<ele>1184.2</ele>
				<extensions>
					<swisstopo:routepoint_id>1419762494</swisstopo:routepoint_id>
				</extensions>
			</trkpt>
			<trkpt lat="46.4333527812" lon="7.0335690836">
				<ele>1182.1</ele>
				<extensions>
					<swisstopo:routepoint_id>587329958</swisstopo:routepoint_id>
				</extensions>
			</trkpt>
			<trkpt lat="46.4334289929" lon="7.0335822855">
				<ele>1181.3</ele>
				<extensions>
					<swisstopo:routepoint_id>736391717</swisstopo:routepoint_id>
				</extensions>
			</trkpt>
			<trkpt lat="46.4335013259" lon="7.0335762472">
				<ele>1180.5</ele>
				<extensions>
					<swisstopo:routepoint_id>775754722</swisstopo:routepoint_id>
				</extensions>
			</trkpt>
			<trkpt lat="46.4335906958" lon="7.0335425358">
				<ele>1179.3</ele>
				<extensions>
					<swisstopo:routepoint_id>155546103</swisstopo:routepoint_id>
				</extensions>
			</trkpt>
			<trkpt lat="46.4339290620" lon="7.0333830474">
				<ele>1175.5</ele>
				<extensions>
					<swisstopo:routepoint_id>2034030328</swisstopo:routepoint_id>
				</extensions>
			</trkpt>
			<trkpt lat="46.4340335614" lon="7.0333189316">
				<ele>1174.3</ele>
				<extensions>
					<swisstopo:routepoint_id>1645711663</swisstopo:routepoint_id>
				</extensions>
			</trkpt>
			<trkpt lat="46.4341209077" lon="7.0332521856">
				<ele>1173.3</ele>
				<extensions>
					<swisstopo:routepoint_id>335374713</swisstopo:routepoint_id>
				</extensions>
			</trkpt>
			<trkpt lat="46.4342195895" lon="7.0331578145">
				<ele>1172.1</ele>
				<extensions>
					<swisstopo:routepoint_id>1820787609</swisstopo:routepoint_id>
				</extensions>
			</trkpt>
			<trkpt lat="46.4343011715" lon="7.0330745862">
				<ele>1170.8</ele>
				<extensions>
					<swisstopo:routepoint_id>1187376619</swisstopo:routepoint_id>
				</extensions>
			</trkpt>
			<trkpt lat="46.4343200585" lon="7.0330528072">
				<ele>1170.2</ele>
				<extensions>
					<swisstopo:routepoint_id>437182658</swisstopo:routepoint_id>
				</extensions>
			</trkpt>
			<trkpt lat="46.4343774718" lon="7.0330032139">
				<ele>1170.1</ele>
				<extensions>
					<swisstopo:routepoint_id>979918443</swisstopo:routepoint_id>
				</extensions>
			</trkpt>
			<trkpt lat="46.4345009989" lon="7.0328679144">
				<ele>1168.4</ele>
				<extensions>
					<swisstopo:routepoint_id>1899789777</swisstopo:routepoint_id>
				</extensions>
			</trkpt>
			<trkpt lat="46.4346293756" lon="7.0327333979">
				<ele>1166.8</ele>
				<extensions>
					<swisstopo:routepoint_id>1574661794</swisstopo:routepoint_id>
				</extensions>
			</trkpt>
			<trkpt lat="46.4346913627" lon="7.0326440054">
				<ele>1165.8</ele>
				<extensions>
					<swisstopo:routepoint_id>883900699</swisstopo:routepoint_id>
				</extensions>
			</trkpt>
			<trkpt lat="46.4347476458" lon="7.0325267202">
				<ele>1164.9</ele>
				<extensions>
					<swisstopo:routepoint_id>2133736736</swisstopo:routepoint_id>
				</extensions>
			</trkpt>
			<trkpt lat="46.4347938513" lon="7.0324010791">
				<ele>1163.9</ele>
				<extensions>
					<swisstopo:routepoint_id>930571170</swisstopo:routepoint_id>
				</extensions>
			</trkpt>
			<trkpt lat="46.4348926847" lon="7.0320846472">
				<ele>1161.4</ele>
				<extensions>
					<swisstopo:routepoint_id>1434181414</swisstopo:routepoint_id>
				</extensions>
			</trkpt>
			<trkpt lat="46.4349487302" lon="7.0319155395">
				<ele>1160.1</ele>
				<extensions>
					<swisstopo:routepoint_id>428380994</swisstopo:routepoint_id>
				</extensions>
			</trkpt>
			<trkpt lat="46.4349801114" lon="7.0318357954">
				<ele>1159.5</ele>
				<extensions>
					<swisstopo:routepoint_id>1464306002</swisstopo:routepoint_id>
				</extensions>
			</trkpt>
			<trkpt lat="46.4350164926" lon="7.0317632312">
				<ele>1158.9</ele>
				<extensions>
					<swisstopo:routepoint_id>528045858</swisstopo:routepoint_id>
				</extensions>
			</trkpt>
			<trkpt lat="46.4350579351" lon="7.0317002607">
				<ele>1158.2</ele>
				<extensions>
					<swisstopo:routepoint_id>490552613</swisstopo:routepoint_id>
				</extensions>
			</trkpt>
			<trkpt lat="46.4351209798" lon="7.0316274847">
				<ele>1157.2</ele>
				<extensions>
					<swisstopo:routepoint_id>1023492269</swisstopo:routepoint_id>
				</extensions>
			</trkpt>
			<trkpt lat="46.4353732340" lon="7.0313508963">
				<ele>1153.9</ele>
				<extensions>
					<swisstopo:routepoint_id>1379883346</swisstopo:routepoint_id>
				</extensions>
			</trkpt>
			<trkpt lat="46.4355159814" lon="7.0311980138">
				<ele>1151.9</ele>
				<extensions>
					<swisstopo:routepoint_id>1014984381</swisstopo:routepoint_id>
				</extensions>
			</trkpt>
			<trkpt lat="46.4355906403" lon="7.0311107091">
				<ele>1150.9</ele>
				<extensions>
					<swisstopo:routepoint_id>509236468</swisstopo:routepoint_id>
				</extensions>
			</trkpt>
			<trkpt lat="46.4356187515" lon="7.0310502258">
				<ele>1150.4</ele>
				<extensions>
					<swisstopo:routepoint_id>458097109</swisstopo:routepoint_id>
				</extensions>
			</trkpt>
			<trkpt lat="46.4356285142" lon="7.0309850952">
				<ele>1149.9</ele>
				<extensions>
					<swisstopo:routepoint_id>853168704</swisstopo:routepoint_id>
				</extensions>
			</trkpt>
			<trkpt lat="46.4356182874" lon="7.0309201012">
				<ele>1149.4</ele>
				<extensions>
					<swisstopo:routepoint_id>522004157</swisstopo:routepoint_id>
				</extensions>
			</trkpt>
			<trkpt lat="46.4355914540" lon="7.0308721055">
				<ele>1148.8</ele>
				<extensions>
					<swisstopo:routepoint_id>191051946</swisstopo:routepoint_id>
				</extensions>
			</trkpt>
			<trkpt lat="46.4355497006" lon="7.0308435099">
				<ele>1148.3</ele>
				<extensions>
					<swisstopo:routepoint_id>704680393</swisstopo:routepoint_id>
				</extensions>
			</trkpt>
			<trkpt lat="46.4354946769" lon="7.0308294672">
				<ele>1147.7</ele>
				<extensions>
					<swisstopo:routepoint_id>1677448087</swisstopo:routepoint_id>
				</extensions>
			</trkpt>
			<trkpt lat="46.4350648546" lon="7.0308374865">
				<ele>1143.4</ele>
				<extensions>
					<swisstopo:routepoint_id>1725420904</swisstopo:routepoint_id>
				</extensions>
			</trkpt>
			<trkpt lat="46.4345733515" lon="7.0308387490">
				<ele>1138.1</ele>
				<extensions>
					<swisstopo:routepoint_id>368983799</swisstopo:routepoint_id>
				</extensions>
			</trkpt>
			<trkpt lat="46.4342601458" lon="7.0308410880">
				<ele>1134.9</ele>
				<extensions>
					<swisstopo:routepoint_id>1540838596</swisstopo:routepoint_id>
				</extensions>
			</trkpt>
			<trkpt lat="46.4341768648" lon="7.0308465381">
				<ele>1134.1</ele>
				<extensions>
					<swisstopo:routepoint_id>2103365809</swisstopo:routepoint_id>
				</extensions>
			</trkpt>
			<trkpt lat="46.4340686472" lon="7.0308690230">
				<ele>1133.1</ele>
				<extensions>
					<swisstopo:routepoint_id>8302631</swisstopo:routepoint_id>
				</extensions>
			</trkpt>
			<trkpt lat="46.4339870801" lon="7.0308913344">
				<ele>1132.3</ele>
				<extensions>
					<swisstopo:routepoint_id>647427140</swisstopo:routepoint_id>
				</extensions>
			</trkpt>
			<trkpt lat="46.4339105612" lon="7.0309232264">
				<ele>1131.5</ele>
				<extensions>
					<swisstopo:routepoint_id>568501349</swisstopo:routepoint_id>
				</extensions>
			</trkpt>
			<trkpt lat="46.4338224235" lon="7.0309696710">
				<ele>1130.5</ele>
				<extensions>
					<swisstopo:routepoint_id>558658119</swisstopo:routepoint_id>
				</extensions>
			</trkpt>
			<trkpt lat="46.4337044002" lon="7.0310452450">
				<ele>1129.1</ele>
				<extensions>
					<swisstopo:routepoint_id>558401987</swisstopo:routepoint_id>
				</extensions>
			</trkpt>
			<trkpt lat="46.4335082081" lon="7.0311599712">
				<ele>1126.9</ele>
				<extensions>
					<swisstopo:routepoint_id>1199951052</swisstopo:routepoint_id>
				</extensions>
			</trkpt>
			<trkpt lat="46.4333967792" lon="7.0312162329">
				<ele>1125.7</ele>
				<extensions>
					<swisstopo:routepoint_id>1372227455</swisstopo:routepoint_id>
				</extensions>
			</trkpt>
			<trkpt lat="46.4332670385" lon="7.0312750322">
				<ele>1124.4</ele>
				<extensions>
					<swisstopo:routepoint_id>1468195355</swisstopo:routepoint_id>
				</extensions>
			</trkpt>
			<trkpt lat="46.4331688734" lon="7.0313143145">
				<ele>1123.3</ele>
				<extensions>
					<swisstopo:routepoint_id>1715058827</swisstopo:routepoint_id>
				</extensions>
			</trkpt>
			<trkpt lat="46.4330756578" lon="7.0313366988">
				<ele>1122.3</ele>
				<extensions>
					<swisstopo:routepoint_id>1306071602</swisstopo:routepoint_id>
				</extensions>
			</trkpt>
			<trkpt lat="46.4329757421" lon="7.0313518970">
				<ele>1121.3</ele>
				<extensions>
					<swisstopo:routepoint_id>1665984284</swisstopo:routepoint_id>
				</extensions>
			</trkpt>
			<trkpt lat="46.4328691615" lon="7.0313647562">
				<ele>1120.2</ele>
				<extensions>
					<swisstopo:routepoint_id>199680814</swisstopo:routepoint_id>
				</extensions>
			</trkpt>
			<trkpt lat="46.4326309690" lon="7.0313809855">
				<ele>1117.7</ele>
				<extensions>
					<swisstopo:routepoint_id>443129230</swisstopo:routepoint_id>
				</extensions>
			</trkpt>
			<trkpt lat="46.4323994223" lon="7.0313923433">
				<ele>1115.4</ele>
				<extensions>
					<swisstopo:routepoint_id>1011862089</swisstopo:routepoint_id>
				</extensions>
			</trkpt>
			<trkpt lat="46.4322195293" lon="7.0314057298">
				<ele>1113.6</ele>
				<extensions>
					<swisstopo:routepoint_id>1491939723</swisstopo:routepoint_id>
				</extensions>
			</trkpt>
			<trkpt lat="46.4321046187" lon="7.0314162304">
				<ele>1112.5</ele>
				<extensions>
					<swisstopo:routepoint_id>578645677</swisstopo:routepoint_id>
				</extensions>
			</trkpt>
			<trkpt lat="46.4320296332" lon="7.0314143818">
				<ele>1111.9</ele>
				<extensions>
					<swisstopo:routepoint_id>440851861</swisstopo:routepoint_id>
				</extensions>
			</trkpt>
			<trkpt lat="46.4319779216" lon="7.0313979069">
				<ele>1111.4</ele>
				<extensions>
					<swisstopo:routepoint_id>1145512688</swisstopo:routepoint_id>
				</extensions>
			</trkpt>
			<trkpt lat="46.4319328151" lon="7.0313644905">
				<ele>1111.0</ele>
				<extensions>
					<swisstopo:routepoint_id>1692551550</swisstopo:routepoint_id>
				</extensions>
			</trkpt>
			<trkpt lat="46.4319043178" lon="7.0313117138">
				<ele>1110.6</ele>
				<extensions>
					<swisstopo:routepoint_id>288484747</swisstopo:routepoint_id>
				</extensions>
			</trkpt>
			<trkpt lat="46.4318974265" lon="7.0312514959">
				<ele>1110.2</ele>
				<extensions>
					<swisstopo:routepoint_id>109390997</swisstopo:routepoint_id>
				</extensions>
			</trkpt>
			<trkpt lat="46.4319022059" lon="7.0311912225">
				<ele>1109.7</ele>
				<extensions>
					<swisstopo:routepoint_id>822610169</swisstopo:routepoint_id>
				</extensions>
			</trkpt>
			<trkpt lat="46.4319286696" lon="7.0311356027">
				<ele>1109.2</ele>
				<extensions>
					<swisstopo:routepoint_id>1377060384</swisstopo:routepoint_id>
				</extensions>
			</trkpt>
			<trkpt lat="46.4319685091" lon="7.0310943613">
				<ele>1108.7</ele>
				<extensions>
					<swisstopo:routepoint_id>2040236119</swisstopo:routepoint_id>
				</extensions>
			</trkpt>
			<trkpt lat="46.4321396765" lon="7.0309725890">
				<ele>1106.7</ele>
				<extensions>
					<swisstopo:routepoint_id>28103716</swisstopo:routepoint_id>
				</extensions>
			</trkpt>
			<trkpt lat="46.4322194241" lon="7.0309093478">
				<ele>1105.9</ele>
				<extensions>
					<swisstopo:routepoint_id>145279765</swisstopo:routepoint_id>
				</extensions>
			</trkpt>
			<trkpt lat="46.4323008172" lon="7.0308364378">
				<ele>1104.9</ele>
				<extensions>
					<swisstopo:routepoint_id>780702705</swisstopo:routepoint_id>
				</extensions>
			</trkpt>
			<trkpt lat="46.4323721915" lon="7.0307636216">
				<ele>1104.1</ele>
				<extensions>
					<swisstopo:routepoint_id>675455421</swisstopo:routepoint_id>
				</extensions>
			</trkpt>
			<trkpt lat="46.4324352593" lon="7.0306956762">
				<ele>1103.3</ele>
				<extensions>
					<swisstopo:routepoint_id>1370662970</swisstopo:routepoint_id>
				</extensions>
			</trkpt>
			<trkpt lat="46.4324949741" lon="7.0306229403">
				<ele>1102.4</ele>
				<extensions>
					<swisstopo:routepoint_id>1494005442</swisstopo:routepoint_id>
				</extensions>
			</trkpt>
			<trkpt lat="46.4325480407" lon="7.0305526489">
				<ele>1101.6</ele>
				<extensions>
					<swisstopo:routepoint_id>1046678917</swisstopo:routepoint_id>
				</extensions>
			</trkpt>
			<trkpt lat="46.4326143346" lon="7.0304557859">
				<ele>1100.8</ele>
				<extensions>
					<swisstopo:routepoint_id>583602338</swisstopo:routepoint_id>
				</extensions>
			</trkpt>
			<trkpt lat="46.4326358768" lon="7.0304217955">
				<ele>1100.6</ele>
				<extensions>
					<swisstopo:routepoint_id>1894783043</swisstopo:routepoint_id>
				</extensions>
			</trkpt>
			<trkpt lat="46.4327632040" lon="7.0302211896">
				<ele>1100.0</ele>
				<extensions>
					<swisstopo:routepoint_id>366055093</swisstopo:routepoint_id>
				</extensions>
			</trkpt>
			<trkpt lat="46.4328081747" lon="7.0301483088">
				<ele>1100.1</ele>
				<extensions>
					<swisstopo:routepoint_id>1998394139</swisstopo:routepoint_id>
				</extensions>
			</trkpt>
			<trkpt lat="46.4329599097" lon="7.0298953611">
				<ele>1100.6</ele>
				<extensions>
					<swisstopo:routepoint_id>1059102925</swisstopo:routepoint_id>
				</extensions>
			</trkpt>
			<trkpt lat="46.4330443877" lon="7.0297573583">
				<ele>1101.3</ele>
				<extensions>
					<swisstopo:routepoint_id>35967276</swisstopo:routepoint_id>
				</extensions>
			</trkpt>
			<trkpt lat="46.4331287815" lon="7.0295976918">
				<ele>1102.0</ele>
				<extensions>
					<swisstopo:routepoint_id>60566622</swisstopo:routepoint_id>
				</extensions>
			</trkpt>
			<trkpt lat="46.4331866520" lon="7.0294719391">
				<ele>1102.4</ele>
				<extensions>
					<swisstopo:routepoint_id>350102086</swisstopo:routepoint_id>
				</extensions>
			</trkpt>
			<trkpt lat="46.4332277812" lon="7.0293721619">
				<ele>1102.7</ele>
				<extensions>
					<swisstopo:routepoint_id>1989449068</swisstopo:routepoint_id>
				</extensions>
			</trkpt>
			<trkpt lat="46.4331992596" lon="7.0293251285">
				<ele>1102.9</ele>
				<extensions>
					<swisstopo:routepoint_id>713220425</swisstopo:routepoint_id>
				</extensions>
			</trkpt>
			<trkpt lat="46.4331508248" lon="7.0292370450">
				<ele>1103.0</ele>
				<extensions>
					<swisstopo:routepoint_id>1289657028</swisstopo:routepoint_id>
				</extensions>
			</trkpt>
			<trkpt lat="46.4330979358" lon="7.0291078151">
				<ele>1103.3</ele>
				<extensions>
					<swisstopo:routepoint_id>616965592</swisstopo:routepoint_id>
				</extensions>
			</trkpt>
			<trkpt lat="46.4330529119" lon="7.0290124451">
				<ele>1103.9</ele>
				<extensions>
					<swisstopo:routepoint_id>1519898551</swisstopo:routepoint_id>
				</extensions>
			</trkpt>
			<trkpt lat="46.4329992878" lon="7.0289147192">
				<ele>1104.7</ele>
				<extensions>
					<swisstopo:routepoint_id>330639620</swisstopo:routepoint_id>
				</extensions>
			</trkpt>
			<trkpt lat="46.4329075959" lon="7.0287445885">
				<ele>1106.3</ele>
				<extensions>
					<swisstopo:routepoint_id>314469441</swisstopo:routepoint_id>
				</extensions>
			</trkpt>
			<trkpt lat="46.4328098342" lon="7.0285599559">
				<ele>1108.2</ele>
				<extensions>
					<swisstopo:routepoint_id>1605616349</swisstopo:routepoint_id>
				</extensions>
			</trkpt>
			<trkpt lat="46.4327768643" lon="7.0284717704">
				<ele>1109.0</ele>
				<extensions>
					<swisstopo:routepoint_id>846976095</swisstopo:routepoint_id>
				</extensions>
			</trkpt>
			<trkpt lat="46.4327457139" lon="7.0284126487">
				<ele>1109.9</ele>
				<extensions>
					<swisstopo:routepoint_id>1731632377</swisstopo:routepoint_id>
				</extensions>
			</trkpt>
			<trkpt lat="46.4326790460" lon="7.0283143295">
				<ele>1111.3</ele>
				<extensions>
					<swisstopo:routepoint_id>2090472071</swisstopo:routepoint_id>
				</extensions>
			</trkpt>
			<trkpt lat="46.4326376578" lon="7.0282395933">
				<ele>1112.5</ele>
				<extensions>
					<swisstopo:routepoint_id>1980991816</swisstopo:routepoint_id>
				</extensions>
			</trkpt>
			<trkpt lat="46.4325849878" lon="7.0281570071">
				<ele>1113.9</ele>
				<extensions>
					<swisstopo:routepoint_id>1845417970</swisstopo:routepoint_id>
				</extensions>
			</trkpt>
			<trkpt lat="46.4325028888" lon="7.0280231583">
				<ele>1116.4</ele>
				<extensions>
					<swisstopo:routepoint_id>89039926</swisstopo:routepoint_id>
				</extensions>
			</trkpt>
			<trkpt lat="46.4324216569" lon="7.0278929182">
				<ele>1118.4</ele>
				<extensions>
					<swisstopo:routepoint_id>896717396</swisstopo:routepoint_id>
				</extensions>
			</trkpt>
			<trkpt lat="46.4323758866" lon="7.0278278466">
				<ele>1120.1</ele>
				<extensions>
					<swisstopo:routepoint_id>1388947698</swisstopo:routepoint_id>
				</extensions>
			</trkpt>
			<trkpt lat="46.4323120421" lon="7.0277495700">
				<ele>1121.5</ele>
				<extensions>
					<swisstopo:routepoint_id>882228598</swisstopo:routepoint_id>
				</extensions>
			</trkpt>
			<trkpt lat="46.4322687693" lon="7.0276638838">
				<ele>1123.3</ele>
				<extensions>
					<swisstopo:routepoint_id>1382941497</swisstopo:routepoint_id>
				</extensions>
			</trkpt>
			<trkpt lat="46.4321988679" lon="7.0275771848">
				<ele>1125.2</ele>
				<extensions>
					<swisstopo:routepoint_id>1171762241</swisstopo:routepoint_id>
				</extensions>
			</trkpt>
			<trkpt lat="46.4321556822" lon="7.0275133013">
				<ele>1126.3</ele>
				<extensions>
					<swisstopo:routepoint_id>1590462350</swisstopo:routepoint_id>
				</extensions>
			</trkpt>
			<trkpt lat="46.4321452034" lon="7.0274685606">
				<ele>1127.2</ele>
				<extensions>
					<swisstopo:routepoint_id>1462330774</swisstopo:routepoint_id>
				</extensions>
			</trkpt>
			<trkpt lat="46.4321362543" lon="7.0273765495">
				<ele>1128.2</ele>
				<extensions>
					<swisstopo:routepoint_id>2019414166</swisstopo:routepoint_id>
				</extensions>
			</trkpt>
			<trkpt lat="46.4321428337" lon="7.0273050364">
				<ele>1128.8</ele>
				<extensions>
					<swisstopo:routepoint_id>1233514551</swisstopo:routepoint_id>
				</extensions>
			</trkpt>
			<trkpt lat="46.4321393378" lon="7.0272880940">
				<ele>1128.9</ele>
				<extensions>
					<swisstopo:routepoint_id>427219096</swisstopo:routepoint_id>
				</extensions>
			</trkpt>
			<trkpt lat="46.4321036816" lon="7.0271744938">
				<ele>1131.0</ele>
				<extensions>
					<swisstopo:routepoint_id>1606006377</swisstopo:routepoint_id>
				</extensions>
			</trkpt>
			<trkpt lat="46.4320801825" lon="7.0270959271">
				<ele>1132.7</ele>
				<extensions>
					<swisstopo:routepoint_id>32805487</swisstopo:routepoint_id>
				</extensions>
			</trkpt>
			<trkpt lat="46.4320608676" lon="7.0269882580">
				<ele>1134.6</ele>
				<extensions>
					<swisstopo:routepoint_id>376421707</swisstopo:routepoint_id>
				</extensions>
			</trkpt>
			<trkpt lat="46.4320552744" lon="7.0268768454">
				<ele>1136.4</ele>
				<extensions>
					<swisstopo:routepoint_id>1075489158</swisstopo:routepoint_id>
				</extensions>
			</trkpt>
			<trkpt lat="46.4320530304" lon="7.0267460314">
				<ele>1138.9</ele>
				<extensions>
					<swisstopo:routepoint_id>2062322934</swisstopo:routepoint_id>
				</extensions>
			</trkpt>
			<trkpt lat="46.4320459315" lon="7.0266879371">
				<ele>1139.8</ele>
				<extensions>
					<swisstopo:routepoint_id>769317182</swisstopo:routepoint_id>
				</extensions>
			</trkpt>
			<trkpt lat="46.4320111925" lon="7.0265888659">
				<ele>1142.2</ele>
				<extensions>
					<swisstopo:routepoint_id>424380467</swisstopo:routepoint_id>
				</extensions>
			</trkpt>
			<trkpt lat="46.4319655000" lon="7.0264707108">
				<ele>1144.8</ele>
				<extensions>
					<swisstopo:routepoint_id>1065270158</swisstopo:routepoint_id>
				</extensions>
			</trkpt>
			<trkpt lat="46.4319301587" lon="7.0264391243">
				<ele>1146.1</ele>
				<extensions>
					<swisstopo:routepoint_id>1005254901</swisstopo:routepoint_id>
				</extensions>
			</trkpt>
			<trkpt lat="46.4319245728" lon="7.0264145237">
				<ele>1146.4</ele>
				<extensions>
					<swisstopo:routepoint_id>944559075</swisstopo:routepoint_id>
				</extensions>
			</trkpt>
			<trkpt lat="46.4319184176" lon="7.0263642302">
				<ele>1147.1</ele>
				<extensions>
					<swisstopo:routepoint_id>2075348007</swisstopo:routepoint_id>
				</extensions>
			</trkpt>
			<trkpt lat="46.4319276360" lon="7.0263060193">
				<ele>1148.0</ele>
				<extensions>
					<swisstopo:routepoint_id>1335736414</swisstopo:routepoint_id>
				</extensions>
			</trkpt>
			<trkpt lat="46.4319478861" lon="7.0262162213">
				<ele>1149.3</ele>
				<extensions>
					<swisstopo:routepoint_id>729280949</swisstopo:routepoint_id>
				</extensions>
			</trkpt>
			<trkpt lat="46.4319517400" lon="7.0261777446">
				<ele>1150.5</ele>
				<extensions>
					<swisstopo:routepoint_id>154137833</swisstopo:routepoint_id>
				</extensions>
			</trkpt>
			<trkpt lat="46.4319830561" lon="7.0260512831">
				<ele>1152.2</ele>
				<extensions>
					<swisstopo:routepoint_id>2144426262</swisstopo:routepoint_id>
				</extensions>
			</trkpt>
			<trkpt lat="46.4319890403" lon="7.0259045822">
				<ele>1153.3</ele>
				<extensions>
					<swisstopo:routepoint_id>87013346</swisstopo:routepoint_id>
				</extensions>
			</trkpt>
			<trkpt lat="46.4319966254" lon="7.0258429719">
				<ele>1153.9</ele>
				<extensions>
					<swisstopo:routepoint_id>1805823371</swisstopo:routepoint_id>
				</extensions>
			</trkpt>
			<trkpt lat="46.4320159811" lon="7.0258047910">
				<ele>1154.2</ele>
				<extensions>
					<swisstopo:routepoint_id>654561615</swisstopo:routepoint_id>
				</extensions>
			</trkpt>
			<trkpt lat="46.4320692706" lon="7.0258115987">
				<ele>1155.0</ele>
				<extensions>
					<swisstopo:routepoint_id>1092882858</swisstopo:routepoint_id>
				</extensions>
			</trkpt>
			<trkpt lat="46.4321277346" lon="7.0258093207">
				<ele>1155.3</ele>
				<extensions>
					<swisstopo:routepoint_id>454809733</swisstopo:routepoint_id>
				</extensions>
			</trkpt>
			<trkpt lat="46.4321796020" lon="7.0257817382">
				<ele>1155.6</ele>
				<extensions>
					<swisstopo:routepoint_id>386413123</swisstopo:routepoint_id>
				</extensions>
			</trkpt>
			<trkpt lat="46.4322649715" lon="7.0256724138">
				<ele>1157.8</ele>
				<extensions>
					<swisstopo:routepoint_id>1128132298</swisstopo:routepoint_id>
				</extensions>
			</trkpt>
			<trkpt lat="46.4322610253" lon="7.0256579591">
				<ele>1158.3</ele>
				<extensions>
					<swisstopo:routepoint_id>538631029</swisstopo:routepoint_id>
				</extensions>
			</trkpt>
			<trkpt lat="46.4322272463" lon="7.0256582400">
				<ele>1158.9</ele>
				<extensions>
					<swisstopo:routepoint_id>132532824</swisstopo:routepoint_id>
				</extensions>
			</trkpt>
			<trkpt lat="46.4321817880" lon="7.0256622302">
				<ele>1159.7</ele>
				<extensions>
					<swisstopo:routepoint_id>1752544668</swisstopo:routepoint_id>
				</extensions>
			</trkpt>
			<trkpt lat="46.4321434217" lon="7.0256475214">
				<ele>1160.2</ele>
				<extensions>
					<swisstopo:routepoint_id>70762837</swisstopo:routepoint_id>
				</extensions>
			</trkpt>
			<trkpt lat="46.4320241418" lon="7.0255287862">
				<ele>1164.1</ele>
				<extensions>
					<swisstopo:routepoint_id>154993064</swisstopo:routepoint_id>
				</extensions>
			</trkpt>
			<trkpt lat="46.4319974498" lon="7.0255083922">
				<ele>1165.5</ele>
				<extensions>
					<swisstopo:routepoint_id>1082886827</swisstopo:routepoint_id>
				</extensions>
			</trkpt>
			<trkpt lat="46.4319654589" lon="7.0254529134">
				<ele>1167.2</ele>
				<extensions>
					<swisstopo:routepoint_id>110843768</swisstopo:routepoint_id>
				</extensions>
			</trkpt>
			<trkpt lat="46.4319585280" lon="7.0254396247">
				<ele>1167.9</ele>
				<extensions>
					<swisstopo:routepoint_id>1648408245</swisstopo:routepoint_id>
				</extensions>
			</trkpt>
			<trkpt lat="46.4319627667" lon="7.0254250637">
				<ele>1168.3</ele>
				<extensions>
					<swisstopo:routepoint_id>1078631396</swisstopo:routepoint_id>
				</extensions>
			</trkpt>
			<trkpt lat="46.4319833185" lon="7.0254115862">
				<ele>1168.8</ele>
				<extensions>
					<swisstopo:routepoint_id>256377154</swisstopo:routepoint_id>
				</extensions>
			</trkpt>
			<trkpt lat="46.4320261659" lon="7.0253894653">
				<ele>1169.7</ele>
				<extensions>
					<swisstopo:routepoint_id>1868697847</swisstopo:routepoint_id>
				</extensions>
			</trkpt>
			<trkpt lat="46.4320646868" lon="7.0253600967">
				<ele>1170.2</ele>
				<extensions>
					<swisstopo:routepoint_id>738640101</swisstopo:routepoint_id>
				</extensions>
			</trkpt>
			<trkpt lat="46.4321073676" lon="7.0252967913">
				<ele>1171.1</ele>
				<extensions>
					<swisstopo:routepoint_id>1313552123</swisstopo:routepoint_id>
				</extensions>
			</trkpt>
			<trkpt lat="46.4321218976" lon="7.0252797255">
				<ele>1171.4</ele>
				<extensions>
					<swisstopo:routepoint_id>879924195</swisstopo:routepoint_id>
				</extensions>
			</trkpt>
			<trkpt lat="46.4321690404" lon="7.0252587726">
				<ele>1172.6</ele>
				<extensions>
					<swisstopo:routepoint_id>1934282583</swisstopo:routepoint_id>
				</extensions>
			</trkpt>
			<trkpt lat="46.4321885202" lon="7.0252379273">
				<ele>1172.9</ele>
				<extensions>
					<swisstopo:routepoint_id>1433602268</swisstopo:routepoint_id>
				</extensions>
			</trkpt>
			<trkpt lat="46.4322049400" lon="7.0252132873">
				<ele>1174.0</ele>
				<extensions>
					<swisstopo:routepoint_id>1288933251</swisstopo:routepoint_id>
				</extensions>
			</trkpt>
			<trkpt lat="46.4322134804" lon="7.0251924361">
				<ele>1174.5</ele>
				<extensions>
					<swisstopo:routepoint_id>2079968331</swisstopo:routepoint_id>
				</extensions>
			</trkpt>
			<trkpt lat="46.4322095830" lon="7.0251465468">
				<ele>1175.7</ele>
				<extensions>
					<swisstopo:routepoint_id>355205392</swisstopo:routepoint_id>
				</extensions>
			</trkpt>
			<trkpt lat="46.4321833443" lon="7.0251197394">
				<ele>1176.8</ele>
				<extensions>
					<swisstopo:routepoint_id>1076510081</swisstopo:routepoint_id>
				</extensions>
			</trkpt>
			<trkpt lat="46.4321365780" lon="7.0250984937">
				<ele>1178.4</ele>
				<extensions>
					<swisstopo:routepoint_id>1471883182</swisstopo:routepoint_id>
				</extensions>
			</trkpt>
			<trkpt lat="46.4320691806" lon="7.0250530729">
				<ele>1180.8</ele>
				<extensions>
					<swisstopo:routepoint_id>1976738496</swisstopo:routepoint_id>
				</extensions>
			</trkpt>
			<trkpt lat="46.4320411100" lon="7.0250370920">
				<ele>1181.7</ele>
				<extensions>
					<swisstopo:routepoint_id>1479730908</swisstopo:routepoint_id>
				</extensions>
			</trkpt>
			<trkpt lat="46.4320074923" lon="7.0250346403">
				<ele>1182.8</ele>
				<extensions>
					<swisstopo:routepoint_id>1467179566</swisstopo:routepoint_id>
				</extensions>
			</trkpt>
			<trkpt lat="46.4319663826" lon="7.0250295518">
				<ele>1183.7</ele>
				<extensions>
					<swisstopo:routepoint_id>889260777</swisstopo:routepoint_id>
				</extensions>
			</trkpt>
			<trkpt lat="46.4319588277" lon="7.0250053030">
				<ele>1185.2</ele>
				<extensions>
					<swisstopo:routepoint_id>1696880591</swisstopo:routepoint_id>
				</extensions>
			</trkpt>
			<trkpt lat="46.4319737018" lon="7.0249862715">
				<ele>1185.7</ele>
				<extensions>
					<swisstopo:routepoint_id>1013469964</swisstopo:routepoint_id>
				</extensions>
			</trkpt>
			<trkpt lat="46.4320221600" lon="7.0249512750">
				<ele>1186.3</ele>
				<extensions>
					<swisstopo:routepoint_id>1841271662</swisstopo:routepoint_id>
				</extensions>
			</trkpt>
			<trkpt lat="46.4320388203" lon="7.0249414924">
				<ele>1186.2</ele>
				<extensions>
					<swisstopo:routepoint_id>666574402</swisstopo:routepoint_id>
				</extensions>
			</trkpt>
			<trkpt lat="46.4320387503" lon="7.0249221739">
				<ele>1186.8</ele>
				<extensions>
					<swisstopo:routepoint_id>1303581528</swisstopo:routepoint_id>
				</extensions>
			</trkpt>
			<trkpt lat="46.4320261514" lon="7.0249005362">
				<ele>1187.8</ele>
				<extensions>
					<swisstopo:routepoint_id>1213283799</swisstopo:routepoint_id>
				</extensions>
			</trkpt>
			<trkpt lat="46.4320094145" lon="7.0248897996">
				<ele>1188.9</ele>
				<extensions>
					<swisstopo:routepoint_id>902534080</swisstopo:routepoint_id>
				</extensions>
			</trkpt>
			<trkpt lat="46.4319192689" lon="7.0248868678">
				<ele>1190.5</ele>
				<extensions>
					<swisstopo:routepoint_id>2123388218</swisstopo:routepoint_id>
				</extensions>
			</trkpt>
			<trkpt lat="46.4318733952" lon="7.0248956583">
				<ele>1191.5</ele>
				<extensions>
					<swisstopo:routepoint_id>1725447437</swisstopo:routepoint_id>
				</extensions>
			</trkpt>
			<trkpt lat="46.4318374466" lon="7.0248802391">
				<ele>1192.6</ele>
				<extensions>
					<swisstopo:routepoint_id>1227236175</swisstopo:routepoint_id>
				</extensions>
			</trkpt>
			<trkpt lat="46.4317847655" lon="7.0248528765">
				<ele>1194.0</ele>
				<extensions>
					<swisstopo:routepoint_id>934222656</swisstopo:routepoint_id>
				</extensions>
			</trkpt>
			<trkpt lat="46.4317380050" lon="7.0248471956">
				<ele>1194.4</ele>
				<extensions>
					<swisstopo:routepoint_id>513959270</swisstopo:routepoint_id>
				</extensions>
			</trkpt>
			<trkpt lat="46.4317204294" lon="7.0248328443">
				<ele>1194.9</ele>
				<extensions>
					<swisstopo:routepoint_id>334668509</swisstopo:routepoint_id>
				</extensions>
			</trkpt>
			<trkpt lat="46.4317044682" lon="7.0248052034">
				<ele>1195.6</ele>
				<extensions>
					<swisstopo:routepoint_id>1380097908</swisstopo:routepoint_id>
				</extensions>
			</trkpt>
			<trkpt lat="46.4317043282" lon="7.0247665730">
				<ele>1196.5</ele>
				<extensions>
					<swisstopo:routepoint_id>22442419</swisstopo:routepoint_id>
				</extensions>
			</trkpt>
			<trkpt lat="46.4317184062" lon="7.0247362966">
				<ele>1197.6</ele>
				<extensions>
					<swisstopo:routepoint_id>22489413</swisstopo:routepoint_id>
				</extensions>
			</trkpt>
			<trkpt lat="46.4317375416" lon="7.0247192530">
				<ele>1197.7</ele>
				<extensions>
					<swisstopo:routepoint_id>1309165225</swisstopo:routepoint_id>
				</extensions>
			</trkpt>
			<trkpt lat="46.4317658963" lon="7.0247117895">
				<ele>1197.8</ele>
				<extensions>
					<swisstopo:routepoint_id>1651546100</swisstopo:routepoint_id>
				</extensions>
			</trkpt>
			<trkpt lat="46.4317967721" lon="7.0247103421">
				<ele>1198.3</ele>
				<extensions>
					<swisstopo:routepoint_id>1292396094</swisstopo:routepoint_id>
				</extensions>
			</trkpt>
			<trkpt lat="46.4318389332" lon="7.0246970563">
				<ele>1199.2</ele>
				<extensions>
					<swisstopo:routepoint_id>1985288619</swisstopo:routepoint_id>
				</extensions>
			</trkpt>
			<trkpt lat="46.4318711836" lon="7.0246700727">
				<ele>1200.1</ele>
				<extensions>
					<swisstopo:routepoint_id>356221944</swisstopo:routepoint_id>
				</extensions>
			</trkpt>
			<trkpt lat="46.4319198741" lon="7.0246343945">
				<ele>1201.6</ele>
				<extensions>
					<swisstopo:routepoint_id>70551984</swisstopo:routepoint_id>
				</extensions>
			</trkpt>
			<trkpt lat="46.4319309693" lon="7.0246258801">
				<ele>1201.9</ele>
				<extensions>
					<swisstopo:routepoint_id>1688782169</swisstopo:routepoint_id>
				</extensions>
			</trkpt>
			<trkpt lat="46.4319529511" lon="7.0246118643">
				<ele>1202.4</ele>
				<extensions>
					<swisstopo:routepoint_id>665032051</swisstopo:routepoint_id>
				</extensions>
			</trkpt>
			<trkpt lat="46.4319624704" lon="7.0245951666">
				<ele>1202.8</ele>
				<extensions>
					<swisstopo:routepoint_id>1011875292</swisstopo:routepoint_id>
				</extensions>
			</trkpt>
			<trkpt lat="46.4319671907" lon="7.0245771142">
				<ele>1203.4</ele>
				<extensions>
					<swisstopo:routepoint_id>580405938</swisstopo:routepoint_id>
				</extensions>
			</trkpt>
			<trkpt lat="46.4319680672" lon="7.0245535574">
				<ele>1203.8</ele>
				<extensions>
					<swisstopo:routepoint_id>1063490617</swisstopo:routepoint_id>
				</extensions>
			</trkpt>
			<trkpt lat="46.4319670199" lon="7.0245300153">
				<ele>1204.4</ele>
				<extensions>
					<swisstopo:routepoint_id>268386931</swisstopo:routepoint_id>
				</extensions>
			</trkpt>
			<trkpt lat="46.4319515752" lon="7.0244982664">
				<ele>1205.6</ele>
				<extensions>
					<swisstopo:routepoint_id>1956862048</swisstopo:routepoint_id>
				</extensions>
			</trkpt>
			<trkpt lat="46.4319323895" lon="7.0244887049">
				<ele>1206.8</ele>
				<extensions>
					<swisstopo:routepoint_id>912289083</swisstopo:routepoint_id>
				</extensions>
			</trkpt>
			<trkpt lat="46.4318997249" lon="7.0244807574">
				<ele>1207.6</ele>
				<extensions>
					<swisstopo:routepoint_id>279238654</swisstopo:routepoint_id>
				</extensions>
			</trkpt>
			<trkpt lat="46.4318591923" lon="7.0244719040">
				<ele>1208.3</ele>
				<extensions>
					<swisstopo:routepoint_id>1638324184</swisstopo:routepoint_id>
				</extensions>
			</trkpt>
			<trkpt lat="46.4318266698" lon="7.0244734912">
				<ele>1208.6</ele>
				<extensions>
					<swisstopo:routepoint_id>1324721919</swisstopo:routepoint_id>
				</extensions>
			</trkpt>
			<trkpt lat="46.4317601800" lon="7.0244700821">
				<ele>1209.8</ele>
				<extensions>
					<swisstopo:routepoint_id>709858772</swisstopo:routepoint_id>
				</extensions>
			</trkpt>
			<trkpt lat="46.4317175283" lon="7.0244716127">
				<ele>1210.5</ele>
				<extensions>
					<swisstopo:routepoint_id>1629661230</swisstopo:routepoint_id>
				</extensions>
			</trkpt>
			<trkpt lat="46.4316814894" lon="7.0244513218">
				<ele>1211.1</ele>
				<extensions>
					<swisstopo:routepoint_id>735176003</swisstopo:routepoint_id>
				</extensions>
			</trkpt>
			<trkpt lat="46.4316378607" lon="7.0244141521">
				<ele>1212.2</ele>
				<extensions>
					<swisstopo:routepoint_id>5154669</swisstopo:routepoint_id>
				</extensions>
			</trkpt>
			<trkpt lat="46.4316016946" lon="7.0243587694">
				<ele>1213.7</ele>
				<extensions>
					<swisstopo:routepoint_id>121384817</swisstopo:routepoint_id>
				</extensions>
			</trkpt>
			<trkpt lat="46.4315890318" lon="7.0243274190">
				<ele>1214.5</ele>
				<extensions>
					<swisstopo:routepoint_id>1287832990</swisstopo:routepoint_id>
				</extensions>
			</trkpt>
			<trkpt lat="46.4315922910" lon="7.0243031964">
				<ele>1215.0</ele>
				<extensions>
					<swisstopo:routepoint_id>279644318</swisstopo:routepoint_id>
				</extensions>
			</trkpt>
			<trkpt lat="46.4316013832" lon="7.0242728880">
				<ele>1216.0</ele>
				<extensions>
					<swisstopo:routepoint_id>1701827473</swisstopo:routepoint_id>
				</extensions>
			</trkpt>
			<trkpt lat="46.4316197431" lon="7.0242630670">
				<ele>1216.6</ele>
				<extensions>
					<swisstopo:routepoint_id>16711769</swisstopo:routepoint_id>
				</extensions>
			</trkpt>
			<trkpt lat="46.4316431762" lon="7.0242653097">
				<ele>1217.3</ele>
				<extensions>
					<swisstopo:routepoint_id>30794328</swisstopo:routepoint_id>
				</extensions>
			</trkpt>
			<trkpt lat="46.4316724752" lon="7.0242723486">
				<ele>1217.6</ele>
				<extensions>
					<swisstopo:routepoint_id>160357159</swisstopo:routepoint_id>
				</extensions>
			</trkpt>
			<trkpt lat="46.4317042339" lon="7.0242660596">
				<ele>1218.1</ele>
				<extensions>
					<swisstopo:routepoint_id>960097131</swisstopo:routepoint_id>
				</extensions>
			</trkpt>
			<trkpt lat="46.4317296256" lon="7.0242554674">
				<ele>1218.7</ele>
				<extensions>
					<swisstopo:routepoint_id>657450078</swisstopo:routepoint_id>
				</extensions>
			</trkpt>
			<trkpt lat="46.4317628333" lon="7.0242242390">
				<ele>1219.7</ele>
				<extensions>
					<swisstopo:routepoint_id>2108424175</swisstopo:routepoint_id>
				</extensions>
			</trkpt>
			<trkpt lat="46.4317782116" lon="7.0241982981">
				<ele>1220.3</ele>
				<extensions>
					<swisstopo:routepoint_id>811740617</swisstopo:routepoint_id>
				</extensions>
			</trkpt>
			<trkpt lat="46.4317769423" lon="7.0241759267">
				<ele>1220.8</ele>
				<extensions>
					<swisstopo:routepoint_id>1863747737</swisstopo:routepoint_id>
				</extensions>
			</trkpt>
			<trkpt lat="46.4317244607" lon="7.0241436333">
				<ele>1222.0</ele>
				<extensions>
					<swisstopo:routepoint_id>1829439348</swisstopo:routepoint_id>
				</extensions>
			</trkpt>
			<trkpt lat="46.4316815033" lon="7.0241129767">
				<ele>1223.2</ele>
				<extensions>
					<swisstopo:routepoint_id>831656632</swisstopo:routepoint_id>
				</extensions>
			</trkpt>
			<trkpt lat="46.4316635762" lon="7.0240907381">
				<ele>1223.9</ele>
				<extensions>
					<swisstopo:routepoint_id>703696323</swisstopo:routepoint_id>
				</extensions>
			</trkpt>
			<trkpt lat="46.4316503621" lon="7.0240564123">
				<ele>1224.7</ele>
				<extensions>
					<swisstopo:routepoint_id>478424613</swisstopo:routepoint_id>
				</extensions>
			</trkpt>
			<trkpt lat="46.4316728736" lon="7.0240304237">
				<ele>1226.0</ele>
				<extensions>
					<swisstopo:routepoint_id>382581333</swisstopo:routepoint_id>
				</extensions>
			</trkpt>
			<trkpt lat="46.4317096772" lon="7.0240060416">
				<ele>1226.5</ele>
				<extensions>
					<swisstopo:routepoint_id>1199301725</swisstopo:routepoint_id>
				</extensions>
			</trkpt>
			<trkpt lat="46.4317535916" lon="7.0239730101">
				<ele>1227.2</ele>
				<extensions>
					<swisstopo:routepoint_id>743455653</swisstopo:routepoint_id>
				</extensions>
			</trkpt>
			<trkpt lat="46.4317773186" lon="7.0239521705">
				<ele>1227.7</ele>
				<extensions>
					<swisstopo:routepoint_id>521103217</swisstopo:routepoint_id>
				</extensions>
			</trkpt>
			<trkpt lat="46.4317915062" lon="7.0239279664">
				<ele>1228.3</ele>
				<extensions>
					<swisstopo:routepoint_id>649629795</swisstopo:routepoint_id>
				</extensions>
			</trkpt>
			<trkpt lat="46.4317783381" lon="7.0239056981">
				<ele>1228.8</ele>
				<extensions>
					<swisstopo:routepoint_id>267084575</swisstopo:routepoint_id>
				</extensions>
			</trkpt>
			<trkpt lat="46.4317378260" lon="7.0238922265">
				<ele>1230.3</ele>
				<extensions>
					<swisstopo:routepoint_id>1421875713</swisstopo:routepoint_id>
				</extensions>
			</trkpt>
			<trkpt lat="46.4317222879" lon="7.0238716978">
				<ele>1230.9</ele>
				<extensions>
					<swisstopo:routepoint_id>1662030206</swisstopo:routepoint_id>
				</extensions>
			</trkpt>
			<trkpt lat="46.4317102620" lon="7.0238373631">
				<ele>1231.6</ele>
				<extensions>
					<swisstopo:routepoint_id>555017761</swisstopo:routepoint_id>
				</extensions>
			</trkpt>
			<trkpt lat="46.4317054003" lon="7.0238115758">
				<ele>1232.3</ele>
				<extensions>
					<swisstopo:routepoint_id>215075266</swisstopo:routepoint_id>
				</extensions>
			</trkpt>
			<trkpt lat="46.4317136242" lon="7.0237822649">
				<ele>1233.3</ele>
				<extensions>
					<swisstopo:routepoint_id>55466352</swisstopo:routepoint_id>
				</extensions>
			</trkpt>
			<trkpt lat="46.4317468822" lon="7.0237630681">
				<ele>1234.7</ele>
				<extensions>
					<swisstopo:routepoint_id>1477955543</swisstopo:routepoint_id>
				</extensions>
			</trkpt>
			<trkpt lat="46.4317968186" lon="7.0237506438">
				<ele>1235.8</ele>
				<extensions>
					<swisstopo:routepoint_id>1526721757</swisstopo:routepoint_id>
				</extensions>
			</trkpt>
			<trkpt lat="46.4318101132" lon="7.0237357723">
				<ele>1236.2</ele>
				<extensions>
					<swisstopo:routepoint_id>763791068</swisstopo:routepoint_id>
				</extensions>
			</trkpt>
			<trkpt lat="46.4318405891" lon="7.0236780222">
				<ele>1237.5</ele>
				<extensions>
					<swisstopo:routepoint_id>1480553151</swisstopo:routepoint_id>
				</extensions>
			</trkpt>
			<trkpt lat="46.4318820059" lon="7.0236140200">
				<ele>1239.1</ele>
				<extensions>
					<swisstopo:routepoint_id>1143146859</swisstopo:routepoint_id>
				</extensions>
			</trkpt>
			<trkpt lat="46.4319104294" lon="7.0235759411">
				<ele>1240.3</ele>
				<extensions>
					<swisstopo:routepoint_id>558053444</swisstopo:routepoint_id>
				</extensions>
			</trkpt>
			<trkpt lat="46.4319245981" lon="7.0235465721">
				<ele>1241.3</ele>
				<extensions>
					<swisstopo:routepoint_id>824170142</swisstopo:routepoint_id>
				</extensions>
			</trkpt>
			<trkpt lat="46.4319089974" lon="7.0235088213">
				<ele>1242.0</ele>
				<extensions>
					<swisstopo:routepoint_id>21770476</swisstopo:routepoint_id>
				</extensions>
			</trkpt>
			<trkpt lat="46.4318707928" lon="7.0234764137">
				<ele>1243.3</ele>
				<extensions>
					<swisstopo:routepoint_id>1963236033</swisstopo:routepoint_id>
				</extensions>
			</trkpt>
			<trkpt lat="46.4318446146" lon="7.0234766128">
				<ele>1243.6</ele>
				<extensions>
					<swisstopo:routepoint_id>2047937386</swisstopo:routepoint_id>
				</extensions>
			</trkpt>
			<trkpt lat="46.4318149238" lon="7.0234923203">
				<ele>1244.1</ele>
				<extensions>
					<swisstopo:routepoint_id>1720332021</swisstopo:routepoint_id>
				</extensions>
			</trkpt>
			<trkpt lat="46.4317929427" lon="7.0234985925">
				<ele>1244.5</ele>
				<extensions>
					<swisstopo:routepoint_id>1896895048</swisstopo:routepoint_id>
				</extensions>
			</trkpt>
			<trkpt lat="46.4317745564" lon="7.0234914964">
				<ele>1244.7</ele>
				<extensions>
					<swisstopo:routepoint_id>1917860353</swisstopo:routepoint_id>
				</extensions>
			</trkpt>
			<trkpt lat="46.4317711108" lon="7.0234613403">
				<ele>1245.6</ele>
				<extensions>
					<swisstopo:routepoint_id>1429895869</swisstopo:routepoint_id>
				</extensions>
			</trkpt>
			<trkpt lat="46.4317735443" lon="7.0234408021">
				<ele>1246.6</ele>
				<extensions>
					<swisstopo:routepoint_id>1115928160</swisstopo:routepoint_id>
				</extensions>
			</trkpt>
			<trkpt lat="46.4317809674" lon="7.0234190190">
				<ele>1247.4</ele>
				<extensions>
					<swisstopo:routepoint_id>947632216</swisstopo:routepoint_id>
				</extensions>
			</trkpt>
			<trkpt lat="46.4317934153" lon="7.0233984047">
				<ele>1248.1</ele>
				<extensions>
					<swisstopo:routepoint_id>2136040445</swisstopo:routepoint_id>
				</extensions>
			</trkpt>
			<trkpt lat="46.4318192510" lon="7.0233885582">
				<ele>1247.3</ele>
				<extensions>
					<swisstopo:routepoint_id>556451469</swisstopo:routepoint_id>
				</extensions>
			</trkpt>
			<trkpt lat="46.4318458884" lon="7.0233690430">
				<ele>1246.9</ele>
				<extensions>
					<swisstopo:routepoint_id>1449875254</swisstopo:routepoint_id>
				</extensions>
			</trkpt>
			<trkpt lat="46.4318650762" lon="7.0233664767">
				<ele>1246.9</ele>
				<extensions>
					<swisstopo:routepoint_id>124154013</swisstopo:routepoint_id>
				</extensions>
			</trkpt>
			<trkpt lat="46.4319115208" lon="7.0233661489">
				<ele>1247.9</ele>
				<extensions>
					<swisstopo:routepoint_id>1014654120</swisstopo:routepoint_id>
				</extensions>
			</trkpt>
			<trkpt lat="46.4319652350" lon="7.0233816161">
				<ele>1248.9</ele>
				<extensions>
					<swisstopo:routepoint_id>1987827557</swisstopo:routepoint_id>
				</extensions>
			</trkpt>
			<trkpt lat="46.4319955543" lon="7.0233847526">
				<ele>1249.6</ele>
				<extensions>
					<swisstopo:routepoint_id>1636637019</swisstopo:routepoint_id>
				</extensions>
			</trkpt>
			<trkpt lat="46.4320526543" lon="7.0233788168">
				<ele>1250.7</ele>
				<extensions>
					<swisstopo:routepoint_id>1728612805</swisstopo:routepoint_id>
				</extensions>
			</trkpt>
			<trkpt lat="46.4321020979" lon="7.0233619170">
				<ele>1251.6</ele>
				<extensions>
					<swisstopo:routepoint_id>990728228</swisstopo:routepoint_id>
				</extensions>
			</trkpt>
			<trkpt lat="46.4321424436" lon="7.0233271840">
				<ele>1252.4</ele>
				<extensions>
					<swisstopo:routepoint_id>748681943</swisstopo:routepoint_id>
				</extensions>
			</trkpt>
			<trkpt lat="46.4321903008" lon="7.0232629544">
				<ele>1254.3</ele>
				<extensions>
					<swisstopo:routepoint_id>1962129325</swisstopo:routepoint_id>
				</extensions>
			</trkpt>
			<trkpt lat="46.4322451504" lon="7.0231920137">
				<ele>1256.4</ele>
				<extensions>
					<swisstopo:routepoint_id>219886595</swisstopo:routepoint_id>
				</extensions>
			</trkpt>
			<trkpt lat="46.4322986440" lon="7.0231588512">
				<ele>1256.8</ele>
				<extensions>
					<swisstopo:routepoint_id>1025264989</swisstopo:routepoint_id>
				</extensions>
			</trkpt>
			<trkpt lat="46.4323077910" lon="7.0231333954">
				<ele>1257.2</ele>
				<extensions>
					<swisstopo:routepoint_id>1751320053</swisstopo:routepoint_id>
				</extensions>
			</trkpt>
			<trkpt lat="46.4322996701" lon="7.0230949586">
				<ele>1258.7</ele>
				<extensions>
					<swisstopo:routepoint_id>134266029</swisstopo:routepoint_id>
				</extensions>
			</trkpt>
			<trkpt lat="46.4322845540" lon="7.0230914589">
				<ele>1259.0</ele>
				<extensions>
					<swisstopo:routepoint_id>1888750969</swisstopo:routepoint_id>
				</extensions>
			</trkpt>
			<trkpt lat="46.4322384697" lon="7.0231087082">
				<ele>1259.5</ele>
				<extensions>
					<swisstopo:routepoint_id>1151220856</swisstopo:routepoint_id>
				</extensions>
			</trkpt>
			<trkpt lat="46.4321645648" lon="7.0230851868">
				<ele>1261.1</ele>
				<extensions>
					<swisstopo:routepoint_id>1756438474</swisstopo:routepoint_id>
				</extensions>
			</trkpt>
			<trkpt lat="46.4321040541" lon="7.0230543149">
				<ele>1262.4</ele>
				<extensions>
					<swisstopo:routepoint_id>1138691213</swisstopo:routepoint_id>
				</extensions>
			</trkpt>
			<trkpt lat="46.4320561429" lon="7.0230269557">
				<ele>1263.7</ele>
				<extensions>
					<swisstopo:routepoint_id>554347757</swisstopo:routepoint_id>
				</extensions>
			</trkpt>
			<trkpt lat="46.4319855893" lon="7.0229997942">
				<ele>1264.9</ele>
				<extensions>
					<swisstopo:routepoint_id>42325902</swisstopo:routepoint_id>
				</extensions>
			</trkpt>
			<trkpt lat="46.4319687471" lon="7.0229818357">
				<ele>1265.2</ele>
				<extensions>
					<swisstopo:routepoint_id>1550529921</swisstopo:routepoint_id>
				</extensions>
			</trkpt>
			<trkpt lat="46.4319963573" lon="7.0229598988">
				<ele>1265.7</ele>
				<extensions>
					<swisstopo:routepoint_id>318119672</swisstopo:routepoint_id>
				</extensions>
			</trkpt>
			<trkpt lat="46.4320437088" lon="7.0229221454">
				<ele>1266.9</ele>
				<extensions>
					<swisstopo:routepoint_id>1429800686</swisstopo:routepoint_id>
				</extensions>
			</trkpt>
			<trkpt lat="46.4320873584" lon="7.0228737663">
				<ele>1268.3</ele>
				<extensions>
					<swisstopo:routepoint_id>2143224431</swisstopo:routepoint_id>
				</extensions>
			</trkpt>
			<trkpt lat="46.4321133987" lon="7.0228507738">
				<ele>1269.4</ele>
				<extensions>
					<swisstopo:routepoint_id>2142500240</swisstopo:routepoint_id>
				</extensions>
			</trkpt>
			<trkpt lat="46.4321672451" lon="7.0228204482">
				<ele>1270.2</ele>
				<extensions>
					<swisstopo:routepoint_id>647809669</swisstopo:routepoint_id>
				</extensions>
			</trkpt>
			<trkpt lat="46.4321927026" lon="7.0227905545">
				<ele>1270.8</ele>
				<extensions>
					<swisstopo:routepoint_id>614116393</swisstopo:routepoint_id>
				</extensions>
			</trkpt>
			<trkpt lat="46.4322232421" lon="7.0227383427">
				<ele>1272.3</ele>
				<extensions>
					<swisstopo:routepoint_id>1747462395</swisstopo:routepoint_id>
				</extensions>
			</trkpt>
			<trkpt lat="46.4322753963" lon="7.0226045473">
				<ele>1275.3</ele>
				<extensions>
					<swisstopo:routepoint_id>1297001635</swisstopo:routepoint_id>
				</extensions>
			</trkpt>
			<trkpt lat="46.4322996291" lon="7.0224555079">
				<ele>1278.3</ele>
				<extensions>
					<swisstopo:routepoint_id>432206027</swisstopo:routepoint_id>
				</extensions>
			</trkpt>
			<trkpt lat="46.4323204818" lon="7.0224288447">
				<ele>1278.8</ele>
				<extensions>
					<swisstopo:routepoint_id>924720138</swisstopo:routepoint_id>
				</extensions>
			</trkpt>
			<trkpt lat="46.4323770922" lon="7.0224211900">
				<ele>1279.8</ele>
				<extensions>
					<swisstopo:routepoint_id>404457099</swisstopo:routepoint_id>
				</extensions>
			</trkpt>
			<trkpt lat="46.4324103597" lon="7.0224040631">
				<ele>1280.9</ele>
				<extensions>
					<swisstopo:routepoint_id>300035465</swisstopo:routepoint_id>
				</extensions>
			</trkpt>
			<trkpt lat="46.4324433616" lon="7.0223170688">
				<ele>1282.7</ele>
				<extensions>
					<swisstopo:routepoint_id>1295765556</swisstopo:routepoint_id>
				</extensions>
			</trkpt>
			<trkpt lat="46.4324432562" lon="7.0222881448">
				<ele>1283.2</ele>
				<extensions>
					<swisstopo:routepoint_id>1226188424</swisstopo:routepoint_id>
				</extensions>
			</trkpt>
			<trkpt lat="46.4324232250" lon="7.0222786602">
				<ele>1283.9</ele>
				<extensions>
					<swisstopo:routepoint_id>2013522550</swisstopo:routepoint_id>
				</extensions>
			</trkpt>
			<trkpt lat="46.4323882666" lon="7.0222885640">
				<ele>1284.7</ele>
				<extensions>
					<swisstopo:routepoint_id>547883377</swisstopo:routepoint_id>
				</extensions>
			</trkpt>
			<trkpt lat="46.4323748656" lon="7.0222669775">
				<ele>1285.3</ele>
				<extensions>
					<swisstopo:routepoint_id>1087765584</swisstopo:routepoint_id>
				</extensions>
			</trkpt>
			<trkpt lat="46.4323813378" lon="7.0222139256">
				<ele>1286.5</ele>
				<extensions>
					<swisstopo:routepoint_id>1295684652</swisstopo:routepoint_id>
				</extensions>
			</trkpt>
			<trkpt lat="46.4324144209" lon="7.0221486069">
				<ele>1288.3</ele>
				<extensions>
					<swisstopo:routepoint_id>2026431775</swisstopo:routepoint_id>
				</extensions>
			</trkpt>
			<trkpt lat="46.4324806548" lon="7.0220348419">
				<ele>1291.9</ele>
				<extensions>
					<swisstopo:routepoint_id>162392495</swisstopo:routepoint_id>
				</extensions>
			</trkpt>
			<trkpt lat="46.4325319022" lon="7.0219260191">
				<ele>1294.2</ele>
				<extensions>
					<swisstopo:routepoint_id>1262153023</swisstopo:routepoint_id>
				</extensions>
			</trkpt>
			<trkpt lat="46.4325768005" lon="7.0219039876">
				<ele>1295.1</ele>
				<extensions>
					<swisstopo:routepoint_id>409077010</swisstopo:routepoint_id>
				</extensions>
			</trkpt>
			<trkpt lat="46.4325966843" lon="7.0218725031">
				<ele>1296.1</ele>
				<extensions>
					<swisstopo:routepoint_id>2064455427</swisstopo:routepoint_id>
				</extensions>
			</trkpt>
			<trkpt lat="46.4326847722" lon="7.0218140000">
				<ele>1299.1</ele>
				<extensions>
					<swisstopo:routepoint_id>2102119232</swisstopo:routepoint_id>
				</extensions>
			</trkpt>
			<trkpt lat="46.4326780278" lon="7.0217899548">
				<ele>1299.7</ele>
				<extensions>
					<swisstopo:routepoint_id>1991597682</swisstopo:routepoint_id>
				</extensions>
			</trkpt>
			<trkpt lat="46.4326329098" lon="7.0217541574">
				<ele>1300.3</ele>
				<extensions>
					<swisstopo:routepoint_id>599757979</swisstopo:routepoint_id>
				</extensions>
			</trkpt>
			<trkpt lat="46.4325862062" lon="7.0217424623">
				<ele>1301.3</ele>
				<extensions>
					<swisstopo:routepoint_id>1314566045</swisstopo:routepoint_id>
				</extensions>
			</trkpt>
			<trkpt lat="46.4325394059" lon="7.0216994419">
				<ele>1302.3</ele>
				<extensions>
					<swisstopo:routepoint_id>2092747173</swisstopo:routepoint_id>
				</extensions>
			</trkpt>
			<trkpt lat="46.4324695087" lon="7.0217192440">
				<ele>1303.4</ele>
				<extensions>
					<swisstopo:routepoint_id>1804281659</swisstopo:routepoint_id>
				</extensions>
			</trkpt>
			<trkpt lat="46.4324361997" lon="7.0217243393">
				<ele>1303.9</ele>
				<extensions>
					<swisstopo:routepoint_id>72810286</swisstopo:routepoint_id>
				</extensions>
			</trkpt>
			<trkpt lat="46.4323944438" lon="7.0216957333">
				<ele>1304.5</ele>
				<extensions>
					<swisstopo:routepoint_id>628392776</swisstopo:routepoint_id>
				</extensions>
			</trkpt>
			<trkpt lat="46.4323576119" lon="7.0216454072">
				<ele>1305.6</ele>
				<extensions>
					<swisstopo:routepoint_id>1371554582</swisstopo:routepoint_id>
				</extensions>
			</trkpt>
			<trkpt lat="46.4323308977" lon="7.0216311520">
				<ele>1305.9</ele>
				<extensions>
					<swisstopo:routepoint_id>2086872998</swisstopo:routepoint_id>
				</extensions>
			</trkpt>
			<trkpt lat="46.4322725347" lon="7.0216171449">
				<ele>1306.8</ele>
				<extensions>
					<swisstopo:routepoint_id>232671334</swisstopo:routepoint_id>
				</extensions>
			</trkpt>
			<trkpt lat="46.4322226094" lon="7.0216343868">
				<ele>1308.4</ele>
				<extensions>
					<swisstopo:routepoint_id>1373830954</swisstopo:routepoint_id>
				</extensions>
			</trkpt>
			<trkpt lat="46.4321776760" lon="7.0216467813">
				<ele>1308.7</ele>
				<extensions>
					<swisstopo:routepoint_id>806074890</swisstopo:routepoint_id>
				</extensions>
			</trkpt>
			<trkpt lat="46.4321060175" lon="7.0216449208">
				<ele>1309.8</ele>
				<extensions>
					<swisstopo:routepoint_id>2024358273</swisstopo:routepoint_id>
				</extensions>
			</trkpt>
			<trkpt lat="46.4320311197" lon="7.0216623533">
				<ele>1310.4</ele>
				<extensions>
					<swisstopo:routepoint_id>205835249</swisstopo:routepoint_id>
				</extensions>
			</trkpt>
			<trkpt lat="46.4320310229" lon="7.0216358499">
				<ele>1311.0</ele>
				<extensions>
					<swisstopo:routepoint_id>1202485538</swisstopo:routepoint_id>
				</extensions>
			</trkpt>
			<trkpt lat="46.4320725236" lon="7.0215945632">
				<ele>1312.0</ele>
				<extensions>
					<swisstopo:routepoint_id>2031920476</swisstopo:routepoint_id>
				</extensions>
			</trkpt>
			<trkpt lat="46.4321056128" lon="7.0215340725">
				<ele>1313.5</ele>
				<extensions>
					<swisstopo:routepoint_id>723061486</swisstopo:routepoint_id>
				</extensions>
			</trkpt>
			<trkpt lat="46.4321302687" lon="7.0214399188">
				<ele>1315.5</ele>
				<extensions>
					<swisstopo:routepoint_id>1760246194</swisstopo:routepoint_id>
				</extensions>
			</trkpt>
			<trkpt lat="46.4321633513" lon="7.0213745871">
				<ele>1316.7</ele>
				<extensions>
					<swisstopo:routepoint_id>1279114152</swisstopo:routepoint_id>
				</extensions>
			</trkpt>
			<trkpt lat="46.4322031938" lon="7.0213357461">
				<ele>1317.7</ele>
				<extensions>
					<swisstopo:routepoint_id>1837070953</swisstopo:routepoint_id>
				</extensions>
			</trkpt>
			<trkpt lat="46.4322813769" lon="7.0213013955">
				<ele>1319.1</ele>
				<extensions>
					<swisstopo:routepoint_id>1474483898</swisstopo:routepoint_id>
				</extensions>
			</trkpt>
			<trkpt lat="46.4323162539" lon="7.0212698155">
				<ele>1319.7</ele>
				<extensions>
					<swisstopo:routepoint_id>81607012</swisstopo:routepoint_id>
				</extensions>
			</trkpt>
			<trkpt lat="46.4323560633" lon="7.0212213181">
				<ele>1320.5</ele>
				<extensions>
					<swisstopo:routepoint_id>439544556</swisstopo:routepoint_id>
				</extensions>
			</trkpt>
			<trkpt lat="46.4323858340" lon="7.0211608522">
				<ele>1321.0</ele>
				<extensions>
					<swisstopo:routepoint_id>454004221</swisstopo:routepoint_id>
				</extensions>
			</trkpt>
			<trkpt lat="46.4324023004" lon="7.0211101127">
				<ele>1321.3</ele>
				<extensions>
					<swisstopo:routepoint_id>1101176181</swisstopo:routepoint_id>
				</extensions>
			</trkpt>
			<trkpt lat="46.4324053391" lon="7.0210281496">
				<ele>1323.3</ele>
				<extensions>
					<swisstopo:routepoint_id>242451220</swisstopo:routepoint_id>
				</extensions>
			</trkpt>
			<trkpt lat="46.4324251237" lon="7.0209701614">
				<ele>1324.5</ele>
				<extensions>
					<swisstopo:routepoint_id>1298189820</swisstopo:routepoint_id>
				</extensions>
			</trkpt>
			<trkpt lat="46.4324466524" lon="7.0209362754">
				<ele>1325.1</ele>
				<extensions>
					<swisstopo:routepoint_id>605083195</swisstopo:routepoint_id>
				</extensions>
			</trkpt>
			<trkpt lat="46.4324730849" lon="7.0208758348">
				<ele>1326.4</ele>
				<extensions>
					<swisstopo:routepoint_id>738437144</swisstopo:routepoint_id>
				</extensions>
			</trkpt>
			<trkpt lat="46.4325312717" lon="7.0208416493">
				<ele>1328.0</ele>
				<extensions>
					<swisstopo:routepoint_id>342092709</swisstopo:routepoint_id>
				</extensions>
			</trkpt>
			<trkpt lat="46.4326129140" lon="7.0208434325">
				<ele>1330.3</ele>
				<extensions>
					<swisstopo:routepoint_id>1766484412</swisstopo:routepoint_id>
				</extensions>
			</trkpt>
			<trkpt lat="46.4327045598" lon="7.0208427312">
				<ele>1333.2</ele>
				<extensions>
					<swisstopo:routepoint_id>1638668220</swisstopo:routepoint_id>
				</extensions>
			</trkpt>
			<trkpt lat="46.4327995240" lon="7.0208444123">
				<ele>1336.1</ele>
				<extensions>
					<swisstopo:routepoint_id>966957067</swisstopo:routepoint_id>
				</extensions>
			</trkpt>
			<trkpt lat="46.4328427508" lon="7.0208199849">
				<ele>1337.5</ele>
				<extensions>
					<swisstopo:routepoint_id>103042707</swisstopo:routepoint_id>
				</extensions>
			</trkpt>
			<trkpt lat="46.4328759453" lon="7.0207835888">
				<ele>1339.0</ele>
				<extensions>
					<swisstopo:routepoint_id>2027894092</swisstopo:routepoint_id>
				</extensions>
			</trkpt>
			<trkpt lat="46.4328840814" lon="7.0207305047">
				<ele>1340.2</ele>
				<extensions>
					<swisstopo:routepoint_id>1867653292</swisstopo:routepoint_id>
				</extensions>
			</trkpt>
			<trkpt lat="46.4328763858" lon="7.0206824271">
				<ele>1341.1</ele>
				<extensions>
					<swisstopo:routepoint_id>1775391530</swisstopo:routepoint_id>
				</extensions>
			</trkpt>
			<trkpt lat="46.4328721422" lon="7.0206559042">
				<ele>1341.4</ele>
				<extensions>
					<swisstopo:routepoint_id>1517539786</swisstopo:routepoint_id>
				</extensions>
			</trkpt>
			<trkpt lat="46.4328555213" lon="7.0205856915">
				<ele>1341.5</ele>
				<extensions>
					<swisstopo:routepoint_id>177183904</swisstopo:routepoint_id>
				</extensions>
			</trkpt>
			<trkpt lat="46.4328573167" lon="7.0205553867">
				<ele>1342.0</ele>
				<extensions>
					<swisstopo:routepoint_id>661620010</swisstopo:routepoint_id>
				</extensions>
			</trkpt>
			<trkpt lat="46.4328636434" lon="7.0205191963">
				<ele>1342.7</ele>
				<extensions>
					<swisstopo:routepoint_id>560580257</swisstopo:routepoint_id>
				</extensions>
			</trkpt>
			<trkpt lat="46.4328954111" lon="7.0204511923">
				<ele>1343.2</ele>
				<extensions>
					<swisstopo:routepoint_id>73502926</swisstopo:routepoint_id>
				</extensions>
			</trkpt>
			<trkpt lat="46.4329272216" lon="7.0204027169">
				<ele>1343.5</ele>
				<extensions>
					<swisstopo:routepoint_id>615359954</swisstopo:routepoint_id>
				</extensions>
			</trkpt>
			<trkpt lat="46.4329810747" lon="7.0203719880">
				<ele>1343.6</ele>
				<extensions>
					<swisstopo:routepoint_id>1932989110</swisstopo:routepoint_id>
				</extensions>
			</trkpt>
			<trkpt lat="46.4330218828" lon="7.0203234055">
				<ele>1343.9</ele>
				<extensions>
					<swisstopo:routepoint_id>496130452</swisstopo:routepoint_id>
				</extensions>
			</trkpt>
			<trkpt lat="46.4330416682" lon="7.0202585550">
				<ele>1344.6</ele>
				<extensions>
					<swisstopo:routepoint_id>1627093050</swisstopo:routepoint_id>
				</extensions>
			</trkpt>
			<trkpt lat="46.4330485176" lon="7.0202103723">
				<ele>1344.9</ele>
				<extensions>
					<swisstopo:routepoint_id>1277956271</swisstopo:routepoint_id>
				</extensions>
			</trkpt>
			<trkpt lat="46.4330782183" lon="7.0201183503">
				<ele>1345.9</ele>
				<extensions>
					<swisstopo:routepoint_id>145354130</swisstopo:routepoint_id>
				</extensions>
			</trkpt>
			<trkpt lat="46.4330950081" lon="7.0200505433">
				<ele>1346.5</ele>
				<extensions>
					<swisstopo:routepoint_id>1442951043</swisstopo:routepoint_id>
				</extensions>
			</trkpt>
			<trkpt lat="46.4331127642" lon="7.0199766997">
				<ele>1346.9</ele>
				<extensions>
					<swisstopo:routepoint_id>20401788</swisstopo:routepoint_id>
				</extensions>
			</trkpt>
			<trkpt lat="46.4331325274" lon="7.0199028280">
				<ele>1347.6</ele>
				<extensions>
					<swisstopo:routepoint_id>2133940905</swisstopo:routepoint_id>
				</extensions>
			</trkpt>
			<trkpt lat="46.4331393006" lon="7.0198291321">
				<ele>1348.3</ele>
				<extensions>
					<swisstopo:routepoint_id>757055219</swisstopo:routepoint_id>
				</extensions>
			</trkpt>
			<trkpt lat="46.4331381194" lon="7.0197645438">
				<ele>1348.8</ele>
				<extensions>
					<swisstopo:routepoint_id>131012542</swisstopo:routepoint_id>
				</extensions>
			</trkpt>
			<trkpt lat="46.4331448539" lon="7.0196803086">
				<ele>1349.1</ele>
				<extensions>
					<swisstopo:routepoint_id>1986113930</swisstopo:routepoint_id>
				</extensions>
			</trkpt>
			<trkpt lat="46.4331376487" lon="7.0196067898">
				<ele>1349.4</ele>
				<extensions>
					<swisstopo:routepoint_id>195611120</swisstopo:routepoint_id>
				</extensions>
			</trkpt>
			<trkpt lat="46.4331073638" lon="7.0194974839">
				<ele>1349.8</ele>
				<extensions>
					<swisstopo:routepoint_id>10105719</swisstopo:routepoint_id>
				</extensions>
			</trkpt>
			<trkpt lat="46.4330651044" lon="7.0193928188">
				<ele>1349.6</ele>
				<extensions>
					<swisstopo:routepoint_id>1544522665</swisstopo:routepoint_id>
				</extensions>
			</trkpt>
			<trkpt lat="46.4330388296" lon="7.0192925036">
				<ele>1349.3</ele>
				<extensions>
					<swisstopo:routepoint_id>1567102039</swisstopo:routepoint_id>
				</extensions>
			</trkpt>
			<trkpt lat="46.4329730243" lon="7.0189958230">
				<ele>1349.9</ele>
				<extensions>
					<swisstopo:routepoint_id>1796200674</swisstopo:routepoint_id>
				</extensions>
			</trkpt>
			<trkpt lat="46.4329478290" lon="7.0189180148">
				<ele>1350.2</ele>
				<extensions>
					<swisstopo:routepoint_id>1797619810</swisstopo:routepoint_id>
				</extensions>
			</trkpt>
			<trkpt lat="46.4329066170" lon="7.0188313848">
				<ele>1350.9</ele>
				<extensions>
					<swisstopo:routepoint_id>979488295</swisstopo:routepoint_id>
				</extensions>
			</trkpt>
			<trkpt lat="46.4328834201" lon="7.0187565537">
				<ele>1351.1</ele>
				<extensions>
					<swisstopo:routepoint_id>1237669191</swisstopo:routepoint_id>
				</extensions>
			</trkpt>
			<trkpt lat="46.4328441225" lon="7.0186398596">
				<ele>1351.4</ele>
				<extensions>
					<swisstopo:routepoint_id>1206252353</swisstopo:routepoint_id>
				</extensions>
			</trkpt>
			<trkpt lat="46.4328209774" lon="7.0185815587">
				<ele>1351.5</ele>
				<extensions>
					<swisstopo:routepoint_id>1623685426</swisstopo:routepoint_id>
				</extensions>
			</trkpt>
			<trkpt lat="46.4327708716" lon="7.0185280901">
				<ele>1352.1</ele>
				<extensions>
					<swisstopo:routepoint_id>1570812171</swisstopo:routepoint_id>
				</extensions>
			</trkpt>
			<trkpt lat="46.4327438434" lon="7.0185043856">
				<ele>1352.4</ele>
				<extensions>
					<swisstopo:routepoint_id>1934962556</swisstopo:routepoint_id>
				</extensions>
			</trkpt>
			<trkpt lat="46.4327267646" lon="7.0184760495">
				<ele>1352.6</ele>
				<extensions>
					<swisstopo:routepoint_id>932731487</swisstopo:routepoint_id>
				</extensions>
			</trkpt>
			<trkpt lat="46.4327216832" lon="7.0184445588">
				<ele>1352.5</ele>
				<extensions>
					<swisstopo:routepoint_id>2017593831</swisstopo:routepoint_id>
				</extensions>
			</trkpt>
			<trkpt lat="46.4327235432" lon="7.0183979519">
				<ele>1353.2</ele>
				<extensions>
					<swisstopo:routepoint_id>1581313008</swisstopo:routepoint_id>
				</extensions>
			</trkpt>
			<trkpt lat="46.4326983441" lon="7.0183216438">
				<ele>1353.3</ele>
				<extensions>
					<swisstopo:routepoint_id>1588314574</swisstopo:routepoint_id>
				</extensions>
			</trkpt>
			<trkpt lat="46.4326732215" lon="7.0182708865">
				<ele>1353.1</ele>
				<extensions>
					<swisstopo:routepoint_id>93113370</swisstopo:routepoint_id>
				</extensions>
			</trkpt>
			<trkpt lat="46.4326449915" lon="7.0181825946">
				<ele>1354.3</ele>
				<extensions>
					<swisstopo:routepoint_id>1603686581</swisstopo:routepoint_id>
				</extensions>
			</trkpt>
			<trkpt lat="46.4326248438" lon="7.0181242519">
				<ele>1354.3</ele>
				<extensions>
					<swisstopo:routepoint_id>322083803</swisstopo:routepoint_id>
				</extensions>
			</trkpt>
			<trkpt lat="46.4325986974" lon="7.0180644753">
				<ele>1354.6</ele>
				<extensions>
					<swisstopo:routepoint_id>534111009</swisstopo:routepoint_id>
				</extensions>
			</trkpt>
			<trkpt lat="46.4325595986" lon="7.0180168944">
				<ele>1354.6</ele>
				<extensions>
					<swisstopo:routepoint_id>1844565243</swisstopo:routepoint_id>
				</extensions>
			</trkpt>
			<trkpt lat="46.4325474913" lon="7.0179734638">
				<ele>1354.9</ele>
				<extensions>
					<swisstopo:routepoint_id>1953122634</swisstopo:routepoint_id>
				</extensions>
			</trkpt>
			<trkpt lat="46.4325133455" lon="7.0179152989">
				<ele>1354.9</ele>
				<extensions>
					<swisstopo:routepoint_id>2124217366</swisstopo:routepoint_id>
				</extensions>
			</trkpt>
			<trkpt lat="46.4325031679" lon="7.0178508190">
				<ele>1355.1</ele>
				<extensions>
					<swisstopo:routepoint_id>1900113408</swisstopo:routepoint_id>
				</extensions>
			</trkpt>
			<trkpt lat="46.4324750275" lon="7.0177940882">
				<ele>1355.0</ele>
				<extensions>
					<swisstopo:routepoint_id>161490567</swisstopo:routepoint_id>
				</extensions>
			</trkpt>
			<trkpt lat="46.4324527802" lon="7.0177012149">
				<ele>1354.0</ele>
				<extensions>
					<swisstopo:routepoint_id>357774481</swisstopo:routepoint_id>
				</extensions>
			</trkpt>
			<trkpt lat="46.4324326135" lon="7.0176383494">
				<ele>1353.6</ele>
				<extensions>
					<swisstopo:routepoint_id>211869201</swisstopo:routepoint_id>
				</extensions>
			</trkpt>
			<trkpt lat="46.4324074472" lon="7.0175710691">
				<ele>1353.0</ele>
				<extensions>
					<swisstopo:routepoint_id>482356318</swisstopo:routepoint_id>
				</extensions>
			</trkpt>
			<trkpt lat="46.4323682470" lon="7.0174889106">
				<ele>1352.4</ele>
				<extensions>
					<swisstopo:routepoint_id>1064890288</swisstopo:routepoint_id>
				</extensions>
			</trkpt>
			<trkpt lat="46.4323311064" lon="7.0174262780">
				<ele>1352.1</ele>
				<extensions>
					<swisstopo:routepoint_id>908786136</swisstopo:routepoint_id>
				</extensions>
			</trkpt>
			<trkpt lat="46.4322838913" lon="7.0173367233">
				<ele>1352.3</ele>
				<extensions>
					<swisstopo:routepoint_id>2093106349</swisstopo:routepoint_id>
				</extensions>
			</trkpt>
			<trkpt lat="46.4322267070" lon="7.0172518134">
				<ele>1352.2</ele>
				<extensions>
					<swisstopo:routepoint_id>2048583979</swisstopo:routepoint_id>
				</extensions>
			</trkpt>
			<trkpt lat="46.4321825116" lon="7.0171712251">
				<ele>1352.0</ele>
				<extensions>
					<swisstopo:routepoint_id>2050881247</swisstopo:routepoint_id>
				</extensions>
			</trkpt>
			<trkpt lat="46.4321262553" lon="7.0170622563">
				<ele>1351.5</ele>
				<extensions>
					<swisstopo:routepoint_id>1505162180</swisstopo:routepoint_id>
				</extensions>
			</trkpt>
			<trkpt lat="46.4321160940" lon="7.0170052795">
				<ele>1351.2</ele>
				<extensions>
					<swisstopo:routepoint_id>1890365814</swisstopo:routepoint_id>
				</extensions>
			</trkpt>
			<trkpt lat="46.4321079033" lon="7.0169377673">
				<ele>1351.6</ele>
				<extensions>
					<swisstopo:routepoint_id>1156459652</swisstopo:routepoint_id>
				</extensions>
			</trkpt>
			<trkpt lat="46.4320696587" lon="7.0168420960">
				<ele>1351.6</ele>
				<extensions>
					<swisstopo:routepoint_id>387604829</swisstopo:routepoint_id>
				</extensions>
			</trkpt>
			<trkpt lat="46.4320203956" lon="7.0167315492">
				<ele>1350.8</ele>
				<extensions>
					<swisstopo:routepoint_id>1339469190</swisstopo:routepoint_id>
				</extensions>
			</trkpt>
			<trkpt lat="46.4319561705" lon="7.0166331759">
				<ele>1349.8</ele>
				<extensions>
					<swisstopo:routepoint_id>1206258410</swisstopo:routepoint_id>
				</extensions>
			</trkpt>
			<trkpt lat="46.4318829746" lon="7.0165409645">
				<ele>1349.1</ele>
				<extensions>
					<swisstopo:routepoint_id>265712189</swisstopo:routepoint_id>
				</extensions>
			</trkpt>
			<trkpt lat="46.4318288041" lon="7.0164635101">
				<ele>1348.2</ele>
				<extensions>
					<swisstopo:routepoint_id>1503394913</swisstopo:routepoint_id>
				</extensions>
			</trkpt>
			<trkpt lat="46.4317946694" lon="7.0164038349">
				<ele>1347.5</ele>
				<extensions>
					<swisstopo:routepoint_id>327572082</swisstopo:routepoint_id>
				</extensions>
			</trkpt>
			<trkpt lat="46.4317494665" lon="7.0163187579">
				<ele>1346.5</ele>
				<extensions>
					<swisstopo:routepoint_id>1908056219</swisstopo:routepoint_id>
				</extensions>
			</trkpt>
			<trkpt lat="46.4317083407" lon="7.0162636920">
				<ele>1345.8</ele>
				<extensions>
					<swisstopo:routepoint_id>258726421</swisstopo:routepoint_id>
				</extensions>
			</trkpt>
			<trkpt lat="46.4316532174" lon="7.0161982840">
				<ele>1345.2</ele>
				<extensions>
					<swisstopo:routepoint_id>2139193785</swisstopo:routepoint_id>
				</extensions>
			</trkpt>
			<trkpt lat="46.4316200956" lon="7.0161476162">
				<ele>1344.5</ele>
				<extensions>
					<swisstopo:routepoint_id>1689544117</swisstopo:routepoint_id>
				</extensions>
			</trkpt>
			<trkpt lat="46.4315910327" lon="7.0161119158">
				<ele>1344.1</ele>
				<extensions>
					<swisstopo:routepoint_id>1599948372</swisstopo:routepoint_id>
				</extensions>
			</trkpt>
			<trkpt lat="46.4315449451" lon="7.0160674152">
				<ele>1343.9</ele>
				<extensions>
					<swisstopo:routepoint_id>1272715956</swisstopo:routepoint_id>
				</extensions>
			</trkpt>
			<trkpt lat="46.4314839402" lon="7.0160441406">
				<ele>1344.0</ele>
				<extensions>
					<swisstopo:routepoint_id>2146537187</swisstopo:routepoint_id>
				</extensions>
			</trkpt>
			<trkpt lat="46.4314468099" lon="7.0159845146">
				<ele>1343.9</ele>
				<extensions>
					<swisstopo:routepoint_id>1766080682</swisstopo:routepoint_id>
				</extensions>
			</trkpt>
			<trkpt lat="46.4314176224" lon="7.0159097776">
				<ele>1343.9</ele>
				<extensions>
					<swisstopo:routepoint_id>1013218535</swisstopo:routepoint_id>
				</extensions>
			</trkpt>
			<trkpt lat="46.4312302389" lon="7.0157122974">
				<ele>1345.2</ele>
				<extensions>
					<swisstopo:routepoint_id>2095668026</swisstopo:routepoint_id>
				</extensions>
			</trkpt>
			<trkpt lat="46.4312016153" lon="7.0156422448">
				<ele>1344.5</ele>
				<extensions>
					<swisstopo:routepoint_id>2105059872</swisstopo:routepoint_id>
				</extensions>
			</trkpt>
			<trkpt lat="46.4311708408" lon="7.0155571147">
				<ele>1344.7</ele>
				<extensions>
					<swisstopo:routepoint_id>986789658</swisstopo:routepoint_id>
				</extensions>
			</trkpt>
			<trkpt lat="46.4311247045" lon="7.0154390630">
				<ele>1343.8</ele>
				<extensions>
					<swisstopo:routepoint_id>40179488</swisstopo:routepoint_id>
				</extensions>
			</trkpt>
			<trkpt lat="46.4310690433" lon="7.0153210726">
				<ele>1343.9</ele>
				<extensions>
					<swisstopo:routepoint_id>1881973393</swisstopo:routepoint_id>
				</extensions>
			</trkpt>
			<trkpt lat="46.4310267114" lon="7.0152002348">
				<ele>1343.3</ele>
				<extensions>
					<swisstopo:routepoint_id>1783697638</swisstopo:routepoint_id>
				</extensions>
			</trkpt>
			<trkpt lat="46.4310053947" lon="7.0151012590">
				<ele>1342.9</ele>
				<extensions>
					<swisstopo:routepoint_id>395180766</swisstopo:routepoint_id>
				</extensions>
			</trkpt>
			<trkpt lat="46.4309840948" lon="7.0150050277">
				<ele>1343.2</ele>
				<extensions>
					<swisstopo:routepoint_id>1097339486</swisstopo:routepoint_id>
				</extensions>
			</trkpt>
			<trkpt lat="46.4309533824" lon="7.0149391783">
				<ele>1343.7</ele>
				<extensions>
					<swisstopo:routepoint_id>1965344399</swisstopo:routepoint_id>
				</extensions>
			</trkpt>
			<trkpt lat="46.4309131314" lon="7.0148678889">
				<ele>1343.3</ele>
				<extensions>
					<swisstopo:routepoint_id>664154094</swisstopo:routepoint_id>
				</extensions>
			</trkpt>
			<trkpt lat="46.4308309667" lon="7.0147886728">
				<ele>1343.1</ele>
				<extensions>
					<swisstopo:routepoint_id>122318439</swisstopo:routepoint_id>
				</extensions>
			</trkpt>
			<trkpt lat="46.4307754786" lon="7.0147174957">
				<ele>1342.5</ele>
				<extensions>
					<swisstopo:routepoint_id>986799460</swisstopo:routepoint_id>
				</extensions>
			</trkpt>
			<trkpt lat="46.4307409499" lon="7.0146489256">
				<ele>1342.7</ele>
				<extensions>
					<swisstopo:routepoint_id>507701513</swisstopo:routepoint_id>
				</extensions>
			</trkpt>
			<trkpt lat="46.4307042670" lon="7.0145354969">
				<ele>1342.8</ele>
				<extensions>
					<swisstopo:routepoint_id>344762217</swisstopo:routepoint_id>
				</extensions>
			</trkpt>
			<trkpt lat="46.4306213005" lon="7.0143391503">
				<ele>1345.0</ele>
				<extensions>
					<swisstopo:routepoint_id>307442757</swisstopo:routepoint_id>
				</extensions>
			</trkpt>
			<trkpt lat="46.4305644726" lon="7.0142615299">
				<ele>1346.4</ele>
				<extensions>
					<swisstopo:routepoint_id>1240695761</swisstopo:routepoint_id>
				</extensions>
			</trkpt>
			<trkpt lat="46.4304637129" lon="7.0141210610">
				<ele>1349.6</ele>
				<extensions>
					<swisstopo:routepoint_id>574669760</swisstopo:routepoint_id>
				</extensions>
			</trkpt>
			<trkpt lat="46.4303939706" lon="7.0140249789">
				<ele>1351.9</ele>
				<extensions>
					<swisstopo:routepoint_id>1914076260</swisstopo:routepoint_id>
				</extensions>
			</trkpt>
			<trkpt lat="46.4303654923" lon="7.0139694493">
				<ele>1353.0</ele>
				<extensions>
					<swisstopo:routepoint_id>247227194</swisstopo:routepoint_id>
				</extensions>
			</trkpt>
			<trkpt lat="46.4303206140" lon="7.0138611740">
				<ele>1354.7</ele>
				<extensions>
					<swisstopo:routepoint_id>1781172682</swisstopo:routepoint_id>
				</extensions>
			</trkpt>
			<trkpt lat="46.4302530676" lon="7.0137963624">
				<ele>1356.0</ele>
				<extensions>
					<swisstopo:routepoint_id>1714438583</swisstopo:routepoint_id>
				</extensions>
			</trkpt>
			<trkpt lat="46.4302153978" lon="7.0137177745">
				<ele>1356.7</ele>
				<extensions>
					<swisstopo:routepoint_id>519244392</swisstopo:routepoint_id>
				</extensions>
			</trkpt>
			<trkpt lat="46.4301762423" lon="7.0136459766">
				<ele>1357.1</ele>
				<extensions>
					<swisstopo:routepoint_id>522112062</swisstopo:routepoint_id>
				</extensions>
			</trkpt>
			<trkpt lat="46.4301505211" lon="7.0135582943">
				<ele>1356.9</ele>
				<extensions>
					<swisstopo:routepoint_id>1911900989</swisstopo:routepoint_id>
				</extensions>
			</trkpt>
			<trkpt lat="46.4300917824" lon="7.0134483172">
				<ele>1357.0</ele>
				<extensions>
					<swisstopo:routepoint_id>1044148318</swisstopo:routepoint_id>
				</extensions>
			</trkpt>
			<trkpt lat="46.4300163752" lon="7.0132731397">
				<ele>1358.6</ele>
				<extensions>
					<swisstopo:routepoint_id>1923559408</swisstopo:routepoint_id>
				</extensions>
			</trkpt>
			<trkpt lat="46.4299801587" lon="7.0131832716">
				<ele>1358.7</ele>
				<extensions>
					<swisstopo:routepoint_id>253105324</swisstopo:routepoint_id>
				</extensions>
			</trkpt>
			<trkpt lat="46.4299033833" lon="7.0130441692">
				<ele>1360.2</ele>
				<extensions>
					<swisstopo:routepoint_id>142737689</swisstopo:routepoint_id>
				</extensions>
			</trkpt>
			<trkpt lat="46.4298732055" lon="7.0129700281">
				<ele>1360.3</ele>
				<extensions>
					<swisstopo:routepoint_id>1731207156</swisstopo:routepoint_id>
				</extensions>
			</trkpt>
			<trkpt lat="46.4298609309" lon="7.0128822353">
				<ele>1360.3</ele>
				<extensions>
					<swisstopo:routepoint_id>680750675</swisstopo:routepoint_id>
				</extensions>
			</trkpt>
			<trkpt lat="46.4297976048" lon="7.0127407673">
				<ele>1361.0</ele>
				<extensions>
					<swisstopo:routepoint_id>555087149</swisstopo:routepoint_id>
				</extensions>
			</trkpt>
			<trkpt lat="46.4297658999" lon="7.0126576302">
				<ele>1360.9</ele>
				<extensions>
					<swisstopo:routepoint_id>2108034765</swisstopo:routepoint_id>
				</extensions>
			</trkpt>
			<trkpt lat="46.4297086566" lon="7.0125431456">
				<ele>1360.9</ele>
				<extensions>
					<swisstopo:routepoint_id>1839420190</swisstopo:routepoint_id>
				</extensions>
			</trkpt>
			<trkpt lat="46.4295626298" lon="7.0122806338">
				<ele>1362.9</ele>
				<extensions>
					<swisstopo:routepoint_id>316859129</swisstopo:routepoint_id>
				</extensions>
			</trkpt>
			<trkpt lat="46.4295054009" lon="7.0121706667">
				<ele>1365.1</ele>
				<extensions>
					<swisstopo:routepoint_id>1861418375</swisstopo:routepoint_id>
				</extensions>
			</trkpt>
			<trkpt lat="46.4294946546" lon="7.0120941322">
				<ele>1364.5</ele>
				<extensions>
					<swisstopo:routepoint_id>1003002354</swisstopo:routepoint_id>
				</extensions>
			</trkpt>
			<trkpt lat="46.4295194992" lon="7.0119226599">
				<ele>1362.9</ele>
				<extensions>
					<swisstopo:routepoint_id>730283337</swisstopo:routepoint_id>
				</extensions>
			</trkpt>
			<trkpt lat="46.4295400871" lon="7.0118210737">
				<ele>1363.2</ele>
				<extensions>
					<swisstopo:routepoint_id>196814131</swisstopo:routepoint_id>
				</extensions>
			</trkpt>
			<trkpt lat="46.4295383525" lon="7.0117512342">
				<ele>1363.5</ele>
				<extensions>
					<swisstopo:routepoint_id>1156103341</swisstopo:routepoint_id>
				</extensions>
			</trkpt>
			<trkpt lat="46.4295141060" lon="7.0116612807">
				<ele>1364.7</ele>
				<extensions>
					<swisstopo:routepoint_id>163618443</swisstopo:routepoint_id>
				</extensions>
			</trkpt>
			<trkpt lat="46.4294659130" lon="7.0115692722">
				<ele>1365.3</ele>
				<extensions>
					<swisstopo:routepoint_id>731383353</swisstopo:routepoint_id>
				</extensions>
			</trkpt>
			<trkpt lat="46.4294073742" lon="7.0115156443">
				<ele>1365.6</ele>
				<extensions>
					<swisstopo:routepoint_id>713656664</swisstopo:routepoint_id>
				</extensions>
			</trkpt>
			<trkpt lat="46.4293007035" lon="7.0113857939">
				<ele>1365.4</ele>
				<extensions>
					<swisstopo:routepoint_id>1210182143</swisstopo:routepoint_id>
				</extensions>
			</trkpt>
			<trkpt lat="46.4292465886" lon="7.0113118419">
				<ele>1365.3</ele>
				<extensions>
					<swisstopo:routepoint_id>1696516366</swisstopo:routepoint_id>
				</extensions>
			</trkpt>
			<trkpt lat="46.4292179457" lon="7.0112467301">
				<ele>1365.2</ele>
				<extensions>
					<swisstopo:routepoint_id>1578866214</swisstopo:routepoint_id>
				</extensions>
			</trkpt>
			<trkpt lat="46.4291831597" lon="7.0111410865">
				<ele>1366.6</ele>
				<extensions>
					<swisstopo:routepoint_id>1285108699</swisstopo:routepoint_id>
				</extensions>
			</trkpt>
			<trkpt lat="46.4291589026" lon="7.0110466300">
				<ele>1368.0</ele>
				<extensions>
					<swisstopo:routepoint_id>1107358743</swisstopo:routepoint_id>
				</extensions>
			</trkpt>
			<trkpt lat="46.4291195207" lon="7.0109072081">
				<ele>1369.6</ele>
				<extensions>
					<swisstopo:routepoint_id>1576786789</swisstopo:routepoint_id>
				</extensions>
			</trkpt>
			<trkpt lat="46.4290788787" lon="7.0108354126">
				<ele>1371.1</ele>
				<extensions>
					<swisstopo:routepoint_id>189198107</swisstopo:routepoint_id>
				</extensions>
			</trkpt>
			<trkpt lat="46.4290290228" lon="7.0106983537">
				<ele>1373.0</ele>
				<extensions>
					<swisstopo:routepoint_id>1278126264</swisstopo:routepoint_id>
				</extensions>
			</trkpt>
			<trkpt lat="46.4290061683" lon="7.0105768376">
				<ele>1374.7</ele>
				<extensions>
					<swisstopo:routepoint_id>1278829920</swisstopo:routepoint_id>
				</extensions>
			</trkpt>
			<trkpt lat="46.4289774573" lon="7.0104936923">
				<ele>1375.7</ele>
				<extensions>
					<swisstopo:routepoint_id>1256214111</swisstopo:routepoint_id>
				</extensions>
			</trkpt>
			<trkpt lat="46.4289383672" lon="7.0104399071">
				<ele>1376.6</ele>
				<extensions>
					<swisstopo:routepoint_id>667561777</swisstopo:routepoint_id>
				</extensions>
			</trkpt>
			<trkpt lat="46.4288918010" lon="7.0103884422">
				<ele>1377.5</ele>
				<extensions>
					<swisstopo:routepoint_id>1278026953</swisstopo:routepoint_id>
				</extensions>
			</trkpt>
			<trkpt lat="46.4288317962" lon="7.0103393443">
				<ele>1378.9</ele>
				<extensions>
					<swisstopo:routepoint_id>358735326</swisstopo:routepoint_id>
				</extensions>
			</trkpt>
			<trkpt lat="46.4288076579" lon="7.0102831998">
				<ele>1379.5</ele>
				<extensions>
					<swisstopo:routepoint_id>1403609603</swisstopo:routepoint_id>
				</extensions>
			</trkpt>
			<trkpt lat="46.4287939639" lon="7.0102157040">
				<ele>1380.4</ele>
				<extensions>
					<swisstopo:routepoint_id>366281415</swisstopo:routepoint_id>
				</extensions>
			</trkpt>
			<trkpt lat="46.4287653368" lon="7.0101573332">
				<ele>1381.5</ele>
				<extensions>
					<swisstopo:routepoint_id>335937454</swisstopo:routepoint_id>
				</extensions>
			</trkpt>
			<trkpt lat="46.4287262972" lon="7.0101170916">
				<ele>1382.4</ele>
				<extensions>
					<swisstopo:routepoint_id>2058190190</swisstopo:routepoint_id>
				</extensions>
			</trkpt>
			<trkpt lat="46.4286722721" lon="7.0100701833">
				<ele>1383.0</ele>
				<extensions>
					<swisstopo:routepoint_id>1800574181</swisstopo:routepoint_id>
				</extensions>
			</trkpt>
			<trkpt lat="46.4286436789" lon="7.0100208394">
				<ele>1383.8</ele>
				<extensions>
					<swisstopo:routepoint_id>1434744271</swisstopo:routepoint_id>
				</extensions>
			</trkpt>
			<trkpt lat="46.4286329398" lon="7.0099442937">
				<ele>1384.2</ele>
				<extensions>
					<swisstopo:routepoint_id>747558403</swisstopo:routepoint_id>
				</extensions>
			</trkpt>
			<trkpt lat="46.4286177266" lon="7.0098723126">
				<ele>1384.8</ele>
				<extensions>
					<swisstopo:routepoint_id>1449375532</swisstopo:routepoint_id>
				</extensions>
			</trkpt>
			<trkpt lat="46.4285800541" lon="7.0097937299">
				<ele>1385.6</ele>
				<extensions>
					<swisstopo:routepoint_id>2029124156</swisstopo:routepoint_id>
				</extensions>
			</trkpt>
			<trkpt lat="46.4285364748" lon="7.0097400063">
				<ele>1386.3</ele>
				<extensions>
					<swisstopo:routepoint_id>1424536016</swisstopo:routepoint_id>
				</extensions>
			</trkpt>
			<trkpt lat="46.4284959104" lon="7.0096884953">
				<ele>1387.4</ele>
				<extensions>
					<swisstopo:routepoint_id>452529549</swisstopo:routepoint_id>
				</extensions>
			</trkpt>
			<trkpt lat="46.4284448298" lon="7.0096280590">
				<ele>1388.8</ele>
				<extensions>
					<swisstopo:routepoint_id>16637437</swisstopo:routepoint_id>
				</extensions>
			</trkpt>
			<trkpt lat="46.4284027976" lon="7.0095886230">
				<ele>1390.0</ele>
				<extensions>
					<swisstopo:routepoint_id>724730403</swisstopo:routepoint_id>
				</extensions>
			</trkpt>
			<trkpt lat="46.4283567745" lon="7.0095309869">
				<ele>1391.8</ele>
				<extensions>
					<swisstopo:routepoint_id>118361075</swisstopo:routepoint_id>
				</extensions>
			</trkpt>
			<trkpt lat="46.4282970459" lon="7.0094672394">
				<ele>1392.7</ele>
				<extensions>
					<swisstopo:routepoint_id>1395290045</swisstopo:routepoint_id>
				</extensions>
			</trkpt>
			<trkpt lat="46.4282451762" lon="7.0094358469">
				<ele>1393.7</ele>
				<extensions>
					<swisstopo:routepoint_id>448822387</swisstopo:routepoint_id>
				</extensions>
			</trkpt>
			<trkpt lat="46.4281896661" lon="7.0093889704">
				<ele>1395.1</ele>
				<extensions>
					<swisstopo:routepoint_id>1675388493</swisstopo:routepoint_id>
				</extensions>
			</trkpt>
			<trkpt lat="46.4281521367" lon="7.0093532027">
				<ele>1396.0</ele>
				<extensions>
					<swisstopo:routepoint_id>1132169959</swisstopo:routepoint_id>
				</extensions>
			</trkpt>
			<trkpt lat="46.4281086334" lon="7.0093197562">
				<ele>1397.2</ele>
				<extensions>
					<swisstopo:routepoint_id>1715933246</swisstopo:routepoint_id>
				</extensions>
			</trkpt>
			<trkpt lat="46.4280650903" lon="7.0092727922">
				<ele>1398.7</ele>
				<extensions>
					<swisstopo:routepoint_id>1848979848</swisstopo:routepoint_id>
				</extensions>
			</trkpt>
			<trkpt lat="46.4280364855" lon="7.0092234240">
				<ele>1399.8</ele>
				<extensions>
					<swisstopo:routepoint_id>1090142915</swisstopo:routepoint_id>
				</extensions>
			</trkpt>
			<trkpt lat="46.4280093599" lon="7.0091673105">
				<ele>1400.8</ele>
				<extensions>
					<swisstopo:routepoint_id>1504338378</swisstopo:routepoint_id>
				</extensions>
			</trkpt>
			<trkpt lat="46.4279867231" lon="7.0091111555">
				<ele>1401.8</ele>
				<extensions>
					<swisstopo:routepoint_id>226759108</swisstopo:routepoint_id>
				</extensions>
			</trkpt>
			<trkpt lat="46.4279400976" lon="7.0090394225">
				<ele>1403.4</ele>
				<extensions>
					<swisstopo:routepoint_id>969300750</swisstopo:routepoint_id>
				</extensions>
			</trkpt>
			<trkpt lat="46.4278920377" lon="7.0089857038">
				<ele>1404.8</ele>
				<extensions>
					<swisstopo:routepoint_id>1842802312</swisstopo:routepoint_id>
				</extensions>
			</trkpt>
			<trkpt lat="46.4278365210" lon="7.0089388408">
				<ele>1406.1</ele>
				<extensions>
					<swisstopo:routepoint_id>929276128</swisstopo:routepoint_id>
				</extensions>
			</trkpt>
			<trkpt lat="46.4277855079" lon="7.0088964272">
				<ele>1407.6</ele>
				<extensions>
					<swisstopo:routepoint_id>1612169361</swisstopo:routepoint_id>
				</extensions>
			</trkpt>
			<trkpt lat="46.4277465525" lon="7.0088809481">
				<ele>1408.7</ele>
				<extensions>
					<swisstopo:routepoint_id>524477007</swisstopo:routepoint_id>
				</extensions>
			</trkpt>
			<trkpt lat="46.4277076563" lon="7.0088812861">
				<ele>1409.8</ele>
				<extensions>
					<swisstopo:routepoint_id>2052962708</swisstopo:routepoint_id>
				</extensions>
			</trkpt>
			<trkpt lat="46.4276583225" lon="7.0088929370">
				<ele>1411.0</ele>
				<extensions>
					<swisstopo:routepoint_id>1740776027</swisstopo:routepoint_id>
				</extensions>
			</trkpt>
			<trkpt lat="46.4276255832" lon="7.0088823957">
				<ele>1412.0</ele>
				<extensions>
					<swisstopo:routepoint_id>1728491228</swisstopo:routepoint_id>
				</extensions>
			</trkpt>
			<trkpt lat="46.4276054223" lon="7.0088223595">
				<ele>1412.9</ele>
				<extensions>
					<swisstopo:routepoint_id>1405863246</swisstopo:routepoint_id>
				</extensions>
			</trkpt>
			<trkpt lat="46.4275515897" lon="7.0087450622">
				<ele>1414.8</ele>
				<extensions>
					<swisstopo:routepoint_id>1501290607</swisstopo:routepoint_id>
				</extensions>
			</trkpt>
			<trkpt lat="46.4275320284" lon="7.0087224241">
				<ele>1415.7</ele>
				<extensions>
					<swisstopo:routepoint_id>278507060</swisstopo:routepoint_id>
				</extensions>
			</trkpt>
			<trkpt lat="46.4274781011" lon="7.0086731034">
				<ele>1416.9</ele>
				<extensions>
					<swisstopo:routepoint_id>848941504</swisstopo:routepoint_id>
				</extensions>
			</trkpt>
			<trkpt lat="46.4274362551" lon="7.0086161222">
				<ele>1418.6</ele>
				<extensions>
					<swisstopo:routepoint_id>1612036808</swisstopo:routepoint_id>
				</extensions>
			</trkpt>
			<trkpt lat="46.4273794731" lon="7.0085178923">
				<ele>1420.8</ele>
				<extensions>
					<swisstopo:routepoint_id>1421700190</swisstopo:routepoint_id>
				</extensions>
			</trkpt>
			<trkpt lat="46.4273086859" lon="7.0084273323">
				<ele>1421.9</ele>
				<extensions>
					<swisstopo:routepoint_id>702964791</swisstopo:routepoint_id>
				</extensions>
			</trkpt>
			<trkpt lat="46.4272571241" lon="7.0083891164">
				<ele>1423.0</ele>
				<extensions>
					<swisstopo:routepoint_id>1065670053</swisstopo:routepoint_id>
				</extensions>
			</trkpt>
			<trkpt lat="46.4271746816" lon="7.0083469642">
				<ele>1424.9</ele>
				<extensions>
					<swisstopo:routepoint_id>1963298144</swisstopo:routepoint_id>
				</extensions>
			</trkpt>
			<trkpt lat="46.4271102269" lon="7.0083114229">
				<ele>1426.5</ele>
				<extensions>
					<swisstopo:routepoint_id>1624880428</swisstopo:routepoint_id>
				</extensions>
			</trkpt>
			<trkpt lat="46.4270561610" lon="7.0082510004">
				<ele>1427.9</ele>
				<extensions>
					<swisstopo:routepoint_id>773379896</swisstopo:routepoint_id>
				</extensions>
			</trkpt>
			<trkpt lat="46.4269750262" lon="7.0081502574">
				<ele>1429.8</ele>
				<extensions>
					<swisstopo:routepoint_id>9629003</swisstopo:routepoint_id>
				</extensions>
			</trkpt>
			<trkpt lat="46.4269283238" lon="7.0080582317">
				<ele>1430.5</ele>
				<extensions>
					<swisstopo:routepoint_id>118190754</swisstopo:routepoint_id>
				</extensions>
			</trkpt>
			<trkpt lat="46.4268925385" lon="7.0079982182">
				<ele>1431.5</ele>
				<extensions>
					<swisstopo:routepoint_id>252742360</swisstopo:routepoint_id>
				</extensions>
			</trkpt>
			<trkpt lat="46.4268693813" lon="7.0079835936">
				<ele>1432.1</ele>
				<extensions>
					<swisstopo:routepoint_id>1967338517</swisstopo:routepoint_id>
				</extensions>
			</trkpt>
			<trkpt lat="46.4268150597" lon="7.0079392705">
				<ele>1433.6</ele>
				<extensions>
					<swisstopo:routepoint_id>48798632</swisstopo:routepoint_id>
				</extensions>
			</trkpt>
			<trkpt lat="46.4266911755" lon="7.0079044463">
				<ele>1435.9</ele>
				<extensions>
					<swisstopo:routepoint_id>1430040208</swisstopo:routepoint_id>
				</extensions>
			</trkpt>
			<trkpt lat="46.4266338271" lon="7.0078780605">
				<ele>1437.3</ele>
				<extensions>
					<swisstopo:routepoint_id>1788653902</swisstopo:routepoint_id>
				</extensions>
			</trkpt>
			<trkpt lat="46.4265980637" lon="7.0078291128">
				<ele>1438.0</ele>
				<extensions>
					<swisstopo:routepoint_id>1347091168</swisstopo:routepoint_id>
				</extensions>
			</trkpt>
			<trkpt lat="46.4265201873" lon="7.0076910073">
				<ele>1439.0</ele>
				<extensions>
					<swisstopo:routepoint_id>764419246</swisstopo:routepoint_id>
				</extensions>
			</trkpt>
			<trkpt lat="46.4263920854" lon="7.0073609091">
				<ele>1441.5</ele>
				<extensions>
					<swisstopo:routepoint_id>1714250314</swisstopo:routepoint_id>
				</extensions>
			</trkpt>
			<trkpt lat="46.4263091117" lon="7.0071020260">
				<ele>1445.7</ele>
				<extensions>
					<swisstopo:routepoint_id>1682491309</swisstopo:routepoint_id>
				</extensions>
			</trkpt>
			<trkpt lat="46.4262715966" lon="7.0070016466">
				<ele>1447.2</ele>
				<extensions>
					<swisstopo:routepoint_id>591051012</swisstopo:routepoint_id>
				</extensions>
			</trkpt>
			<trkpt lat="46.4262387011" lon="7.0068922741">
				<ele>1448.4</ele>
				<extensions>
					<swisstopo:routepoint_id>1687918726</swisstopo:routepoint_id>
				</extensions>
			</trkpt>
			<trkpt lat="46.4262319177" lon="7.0067379503">
				<ele>1450.1</ele>
				<extensions>
					<swisstopo:routepoint_id>1787519287</swisstopo:routepoint_id>
				</extensions>
			</trkpt>
			<trkpt lat="46.4262172583" lon="7.0065411673">
				<ele>1452.0</ele>
				<extensions>
					<swisstopo:routepoint_id>1542839595</swisstopo:routepoint_id>
				</extensions>
			</trkpt>
			<trkpt lat="46.4262037375" lon="7.0062414762">
				<ele>1453.6</ele>
				<extensions>
					<swisstopo:routepoint_id>414715730</swisstopo:routepoint_id>
				</extensions>
			</trkpt>
			<trkpt lat="46.4262034071" lon="7.0061542252">
				<ele>1453.8</ele>
				<extensions>
					<swisstopo:routepoint_id>1674108732</swisstopo:routepoint_id>
				</extensions>
			</trkpt>
			<trkpt lat="46.4261874100" lon="7.0060156327">
				<ele>1454.1</ele>
				<extensions>
					<swisstopo:routepoint_id>678702907</swisstopo:routepoint_id>
				</extensions>
			</trkpt>
			<trkpt lat="46.4261994150" lon="7.0059148743">
				<ele>1454.4</ele>
				<extensions>
					<swisstopo:routepoint_id>2004290307</swisstopo:routepoint_id>
				</extensions>
			</trkpt>
			<trkpt lat="46.4262037589" lon="7.0058365365">
				<ele>1454.5</ele>
				<extensions>
					<swisstopo:routepoint_id>1399235451</swisstopo:routepoint_id>
				</extensions>
			</trkpt>
			<trkpt lat="46.4261860047" lon="7.0057443862">
				<ele>1456.3</ele>
				<extensions>
					<swisstopo:routepoint_id>1163074635</swisstopo:routepoint_id>
				</extensions>
			</trkpt>
			<trkpt lat="46.4261753498" lon="7.0056890923">
				<ele>1456.7</ele>
				<extensions>
					<swisstopo:routepoint_id>135764307</swisstopo:routepoint_id>
				</extensions>
			</trkpt>
			<trkpt lat="46.4261532396" lon="7.0055706849">
				<ele>1456.9</ele>
				<extensions>
					<swisstopo:routepoint_id>287114388</swisstopo:routepoint_id>
				</extensions>
			</trkpt>
			<trkpt lat="46.4261404551" lon="7.0054611603">
				<ele>1457.3</ele>
				<extensions>
					<swisstopo:routepoint_id>1693905981</swisstopo:routepoint_id>
				</extensions>
			</trkpt>
			<trkpt lat="46.4261462452" lon="7.0053559603">
				<ele>1457.5</ele>
				<extensions>
					<swisstopo:routepoint_id>1248955737</swisstopo:routepoint_id>
				</extensions>
			</trkpt>
			<trkpt lat="46.4261746834" lon="7.0051051471">
				<ele>1458.3</ele>
				<extensions>
					<swisstopo:routepoint_id>402432020</swisstopo:routepoint_id>
				</extensions>
			</trkpt>
			<trkpt lat="46.4261742842" lon="7.0049999961">
				<ele>1458.7</ele>
				<extensions>
					<swisstopo:routepoint_id>1008409792</swisstopo:routepoint_id>
				</extensions>
			</trkpt>
			<trkpt lat="46.4261707821" lon="7.0048926339">
				<ele>1459.5</ele>
				<extensions>
					<swisstopo:routepoint_id>1393809724</swisstopo:routepoint_id>
				</extensions>
			</trkpt>
			<trkpt lat="46.4261549364" lon="7.0047943199">
				<ele>1460.4</ele>
				<extensions>
					<swisstopo:routepoint_id>1676339131</swisstopo:routepoint_id>
				</extensions>
			</trkpt>
			<trkpt lat="46.4261235059" lon="7.0046670367">
				<ele>1462.1</ele>
				<extensions>
					<swisstopo:routepoint_id>830369791</swisstopo:routepoint_id>
				</extensions>
			</trkpt>
			<trkpt lat="46.4261152525" lon="7.0045306385">
				<ele>1462.3</ele>
				<extensions>
					<swisstopo:routepoint_id>368674998</swisstopo:routepoint_id>
				</extensions>
			</trkpt>
			<trkpt lat="46.4261257416" lon="7.0044410528">
				<ele>1462.9</ele>
				<extensions>
					<swisstopo:routepoint_id>967903689</swisstopo:routepoint_id>
				</extensions>
			</trkpt>
			<trkpt lat="46.4261732721" lon="7.0043243281">
				<ele>1462.9</ele>
				<extensions>
					<swisstopo:routepoint_id>894853090</swisstopo:routepoint_id>
				</extensions>
			</trkpt>
			<trkpt lat="46.4262377709" lon="7.0042007604">
				<ele>1463.1</ele>
				<extensions>
					<swisstopo:routepoint_id>1692536636</swisstopo:routepoint_id>
				</extensions>
			</trkpt>
			<trkpt lat="46.4262669197" lon="7.0041356534">
				<ele>1463.7</ele>
				<extensions>
					<swisstopo:routepoint_id>2141323466</swisstopo:routepoint_id>
				</extensions>
			</trkpt>
			<trkpt lat="46.4262713327" lon="7.0040752025">
				<ele>1464.5</ele>
				<extensions>
					<swisstopo:routepoint_id>299499941</swisstopo:routepoint_id>
				</extensions>
			</trkpt>
			<trkpt lat="46.4262615129" lon="7.0039365739">
				<ele>1466.3</ele>
				<extensions>
					<swisstopo:routepoint_id>547525848</swisstopo:routepoint_id>
				</extensions>
			</trkpt>
			<trkpt lat="46.4262456328" lon="7.0038248382">
				<ele>1468.4</ele>
				<extensions>
					<swisstopo:routepoint_id>5143504</swisstopo:routepoint_id>
				</extensions>
			</trkpt>
			<trkpt lat="46.4262126633" lon="7.0037020396">
				<ele>1470.7</ele>
				<extensions>
					<swisstopo:routepoint_id>840492210</swisstopo:routepoint_id>
				</extensions>
			</trkpt>
			<trkpt lat="46.4262031590" lon="7.0036417061">
				<ele>1471.7</ele>
				<extensions>
					<swisstopo:routepoint_id>1615613954</swisstopo:routepoint_id>
				</extensions>
			</trkpt>
			<trkpt lat="46.4262122715" lon="7.0035991309">
				<ele>1472.0</ele>
				<extensions>
					<swisstopo:routepoint_id>671416356</swisstopo:routepoint_id>
				</extensions>
			</trkpt>
			<trkpt lat="46.4262337362" lon="7.0035475071">
				<ele>1472.0</ele>
				<extensions>
					<swisstopo:routepoint_id>1647291640</swisstopo:routepoint_id>
				</extensions>
			</trkpt>
			<trkpt lat="46.4262615774" lon="7.0034597836">
				<ele>1471.6</ele>
				<extensions>
					<swisstopo:routepoint_id>345213341</swisstopo:routepoint_id>
				</extensions>
			</trkpt>
			<trkpt lat="46.4262857097" lon="7.0033837588">
				<ele>1470.3</ele>
				<extensions>
					<swisstopo:routepoint_id>502169093</swisstopo:routepoint_id>
				</extensions>
			</trkpt>
			<trkpt lat="46.4263363101" lon="7.0032631525">
				<ele>1468.5</ele>
				<extensions>
					<swisstopo:routepoint_id>139685952</swisstopo:routepoint_id>
				</extensions>
			</trkpt>
			<trkpt lat="46.4264053011" lon="7.0030986707">
				<ele>1467.2</ele>
				<extensions>
					<swisstopo:routepoint_id>245971661</swisstopo:routepoint_id>
				</extensions>
			</trkpt>
			<trkpt lat="46.4264344856" lon="7.0030425003">
				<ele>1467.0</ele>
				<extensions>
					<swisstopo:routepoint_id>190779976</swisstopo:routepoint_id>
				</extensions>
			</trkpt>
			<trkpt lat="46.4265254463" lon="7.0029612156">
				<ele>1465.8</ele>
				<extensions>
					<swisstopo:routepoint_id>1733126612</swisstopo:routepoint_id>
				</extensions>
			</trkpt>
			<trkpt lat="46.4265698332" lon="7.0029218078">
				<ele>1465.9</ele>
				<extensions>
					<swisstopo:routepoint_id>82389040</swisstopo:routepoint_id>
				</extensions>
			</trkpt>
			<trkpt lat="46.4266671193" lon="7.0028360194">
				<ele>1467.7</ele>
				<extensions>
					<swisstopo:routepoint_id>201375416</swisstopo:routepoint_id>
				</extensions>
			</trkpt>
			<trkpt lat="46.4267120194" lon="7.0027964231">
				<ele>1467.9</ele>
				<extensions>
					<swisstopo:routepoint_id>2097791866</swisstopo:routepoint_id>
				</extensions>
			</trkpt>
			<trkpt lat="46.4267952599" lon="7.0027196776">
				<ele>1467.9</ele>
				<extensions>
					<swisstopo:routepoint_id>1188543059</swisstopo:routepoint_id>
				</extensions>
			</trkpt>
			<trkpt lat="46.4268723827" lon="7.0026564093">
				<ele>1467.3</ele>
				<extensions>
					<swisstopo:routepoint_id>905599164</swisstopo:routepoint_id>
				</extensions>
			</trkpt>
			<trkpt lat="46.4269179504" lon="7.0026225563">
				<ele>1466.9</ele>
				<extensions>
					<swisstopo:routepoint_id>1391631463</swisstopo:routepoint_id>
				</extensions>
			</trkpt>
			<trkpt lat="46.4269426708" lon="7.0026127225">
				<ele>1466.9</ele>
				<extensions>
					<swisstopo:routepoint_id>439494728</swisstopo:routepoint_id>
				</extensions>
			</trkpt>
			<trkpt lat="46.4269655174" lon="7.0026125400">
				<ele>1467.0</ele>
				<extensions>
					<swisstopo:routepoint_id>1982810182</swisstopo:routepoint_id>
				</extensions>
			</trkpt>
			<trkpt lat="46.4269818436" lon="7.0026164180">
				<ele>1467.1</ele>
				<extensions>
					<swisstopo:routepoint_id>35511143</swisstopo:routepoint_id>
				</extensions>
			</trkpt>
			<trkpt lat="46.4270380275" lon="7.0026532635">
				<ele>1467.6</ele>
				<extensions>
					<swisstopo:routepoint_id>1148044034</swisstopo:routepoint_id>
				</extensions>
			</trkpt>
			<trkpt lat="46.4270723669" lon="7.0026708901">
				<ele>1468.1</ele>
				<extensions>
					<swisstopo:routepoint_id>1767810097</swisstopo:routepoint_id>
				</extensions>
			</trkpt>
			<trkpt lat="46.4271152839" lon="7.0026911924">
				<ele>1469.0</ele>
				<extensions>
					<swisstopo:routepoint_id>402973984</swisstopo:routepoint_id>
				</extensions>
			</trkpt>
			<trkpt lat="46.4271747740" lon="7.0027156185">
				<ele>1470.6</ele>
				<extensions>
					<swisstopo:routepoint_id>520571866</swisstopo:routepoint_id>
				</extensions>
			</trkpt>
			<trkpt lat="46.4272002535" lon="7.0027020942">
				<ele>1471.2</ele>
				<extensions>
					<swisstopo:routepoint_id>769736542</swisstopo:routepoint_id>
				</extensions>
			</trkpt>
			<trkpt lat="46.4272384639" lon="7.0026469687">
				<ele>1471.4</ele>
				<extensions>
					<swisstopo:routepoint_id>2071376637</swisstopo:routepoint_id>
				</extensions>
			</trkpt>
			<trkpt lat="46.4273098065" lon="7.0024273454">
				<ele>1472.6</ele>
				<extensions>
					<swisstopo:routepoint_id>1867528106</swisstopo:routepoint_id>
				</extensions>
			</trkpt>
			<trkpt lat="46.4273216423" lon="7.0023089897">
				<ele>1474.0</ele>
				<extensions>
					<swisstopo:routepoint_id>683058703</swisstopo:routepoint_id>
				</extensions>
			</trkpt>
			<trkpt lat="46.4273210635" lon="7.0020609423">
				<ele>1476.2</ele>
				<extensions>
					<swisstopo:routepoint_id>411725791</swisstopo:routepoint_id>
				</extensions>
			</trkpt>
			<trkpt lat="46.4273309040" lon="7.0018205806">
				<ele>1478.4</ele>
				<extensions>
					<swisstopo:routepoint_id>1544546561</swisstopo:routepoint_id>
				</extensions>
			</trkpt>
			<trkpt lat="46.4273487161" lon="7.0016491221">
				<ele>1479.8</ele>
				<extensions>
					<swisstopo:routepoint_id>1232847431</swisstopo:routepoint_id>
				</extensions>
			</trkpt>
			<trkpt lat="46.4274069780" lon="7.0011947942">
				<ele>1483.6</ele>
				<extensions>
					<swisstopo:routepoint_id>1250844902</swisstopo:routepoint_id>
				</extensions>
			</trkpt>
			<trkpt lat="46.4274759223" lon="7.0007203379">
				<ele>1487.7</ele>
				<extensions>
					<swisstopo:routepoint_id>295358217</swisstopo:routepoint_id>
				</extensions>
			</trkpt>
			<trkpt lat="46.4275119001" lon="7.0005574864">
				<ele>1488.9</ele>
				<extensions>
					<swisstopo:routepoint_id>728069089</swisstopo:routepoint_id>
				</extensions>
			</trkpt>
			<trkpt lat="46.4275344110" lon="7.0004691861">
				<ele>1489.5</ele>
				<extensions>
					<swisstopo:routepoint_id>27003458</swisstopo:routepoint_id>
				</extensions>
			</trkpt>
			<trkpt lat="46.4276197994" lon="7.0001296150">
				<ele>1491.1</ele>
				<extensions>
					<swisstopo:routepoint_id>420503105</swisstopo:routepoint_id>
				</extensions>
			</trkpt>
			<trkpt lat="46.4277362689" lon="6.9996102814">
				<ele>1492.8</ele>
				<extensions>
					<swisstopo:routepoint_id>111698769</swisstopo:routepoint_id>
				</extensions>
			</trkpt>
			<trkpt lat="46.4278055662" lon="6.9992292863">
				<ele>1494.0</ele>
				<extensions>
					<swisstopo:routepoint_id>1091189507</swisstopo:routepoint_id>
				</extensions>
			</trkpt>
			<trkpt lat="46.4278462590" lon="6.9990087025">
				<ele>1494.7</ele>
				<extensions>
					<swisstopo:routepoint_id>1014967204</swisstopo:routepoint_id>
				</extensions>
			</trkpt>
			<trkpt lat="46.4278505818" lon="6.9989352404">
				<ele>1494.9</ele>
				<extensions>
					<swisstopo:routepoint_id>1507272688</swisstopo:routepoint_id>
				</extensions>
			</trkpt>
			<trkpt lat="46.4278457195" lon="6.9988685414">
				<ele>1495.2</ele>
				<extensions>
					<swisstopo:routepoint_id>683676134</swisstopo:routepoint_id>
				</extensions>
			</trkpt>
			<trkpt lat="46.4278316608" lon="6.9988130267">
				<ele>1495.4</ele>
				<extensions>
					<swisstopo:routepoint_id>1362997069</swisstopo:routepoint_id>
				</extensions>
			</trkpt>
			<trkpt lat="46.4278037252" lon="6.9987509604">
				<ele>1495.8</ele>
				<extensions>
					<swisstopo:routepoint_id>740654383</swisstopo:routepoint_id>
				</extensions>
			</trkpt>
			<trkpt lat="46.4277557744" lon="6.9986823662">
				<ele>1496.5</ele>
				<extensions>
					<swisstopo:routepoint_id>1805862262</swisstopo:routepoint_id>
				</extensions>
			</trkpt>
			<trkpt lat="46.4276461222" lon="6.9985720199">
				<ele>1498.0</ele>
				<extensions>
					<swisstopo:routepoint_id>820155644</swisstopo:routepoint_id>
				</extensions>
			</trkpt>
			<trkpt lat="46.4274485010" lon="6.9983889440">
				<ele>1500.8</ele>
				<extensions>
					<swisstopo:routepoint_id>1770090505</swisstopo:routepoint_id>
				</extensions>
			</trkpt>
			<trkpt lat="46.4272540571" lon="6.9982325487">
				<ele>1503.3</ele>
				<extensions>
					<swisstopo:routepoint_id>412301561</swisstopo:routepoint_id>
				</extensions>
			</trkpt>
			<trkpt lat="46.4270549902" lon="6.9980739686">
				<ele>1506.0</ele>
				<extensions>
					<swisstopo:routepoint_id>747753115</swisstopo:routepoint_id>
				</extensions>
			</trkpt>
			<trkpt lat="46.4269516971" lon="6.9980169455">
				<ele>1507.5</ele>
				<extensions>
					<swisstopo:routepoint_id>1125598334</swisstopo:routepoint_id>
				</extensions>
			</trkpt>
			<trkpt lat="46.4268731192" lon="6.9979864536">
				<ele>1508.5</ele>
				<extensions>
					<swisstopo:routepoint_id>246924734</swisstopo:routepoint_id>
				</extensions>
			</trkpt>
			<trkpt lat="46.4268192204" lon="6.9979713001">
				<ele>1509.2</ele>
				<extensions>
					<swisstopo:routepoint_id>198574196</swisstopo:routepoint_id>
				</extensions>
			</trkpt>
			<trkpt lat="46.4267669466" lon="6.9979806215">
				<ele>1509.9</ele>
				<extensions>
					<swisstopo:routepoint_id>751956913</swisstopo:routepoint_id>
				</extensions>
			</trkpt>
			<trkpt lat="46.4266747904" lon="6.9980169570">
				<ele>1511.1</ele>
				<extensions>
					<swisstopo:routepoint_id>2125040310</swisstopo:routepoint_id>
				</extensions>
			</trkpt>
			<trkpt lat="46.4265703548" lon="6.9980623036">
				<ele>1512.6</ele>
				<extensions>
					<swisstopo:routepoint_id>515180081</swisstopo:routepoint_id>
				</extensions>
			</trkpt>
			<trkpt lat="46.4264981513" lon="6.9980918081">
				<ele>1513.5</ele>
				<extensions>
					<swisstopo:routepoint_id>1292072935</swisstopo:routepoint_id>
				</extensions>
			</trkpt>
			<trkpt lat="46.4263397483" lon="6.9981019984">
				<ele>1515.4</ele>
				<extensions>
					<swisstopo:routepoint_id>2102073276</swisstopo:routepoint_id>
				</extensions>
			</trkpt>
			<trkpt lat="46.4262905600" lon="6.9981135179">
				<ele>1516.0</ele>
				<extensions>
					<swisstopo:routepoint_id>1584767910</swisstopo:routepoint_id>
				</extensions>
			</trkpt>
			<trkpt lat="46.4262414296" lon="6.9981383703">
				<ele>1516.7</ele>
				<extensions>
					<swisstopo:routepoint_id>782960497</swisstopo:routepoint_id>
				</extensions>
			</trkpt>
			<trkpt lat="46.4261923272" lon="6.9981721473">
				<ele>1517.4</ele>
				<extensions>
					<swisstopo:routepoint_id>1106817773</swisstopo:routepoint_id>
				</extensions>
			</trkpt>
			<trkpt lat="46.4260834123" lon="6.9982531143">
				<ele>1519.0</ele>
				<extensions>
					<swisstopo:routepoint_id>1136224871</swisstopo:routepoint_id>
				</extensions>
			</trkpt>
			<trkpt lat="46.4260266187" lon="6.9982869402">
				<ele>1519.8</ele>
				<extensions>
					<swisstopo:routepoint_id>836598540</swisstopo:routepoint_id>
				</extensions>
			</trkpt>
			<trkpt lat="46.4259544499" lon="6.9983208903">
				<ele>1520.8</ele>
				<extensions>
					<swisstopo:routepoint_id>865712995</swisstopo:routepoint_id>
				</extensions>
			</trkpt>
			<trkpt lat="46.4258376489" lon="6.9983529896">
				<ele>1522.2</ele>
				<extensions>
					<swisstopo:routepoint_id>1238812380</swisstopo:routepoint_id>
				</extensions>
			</trkpt>
			<trkpt lat="46.4257408331" lon="6.9983804683">
				<ele>1523.4</ele>
				<extensions>
					<swisstopo:routepoint_id>1575005786</swisstopo:routepoint_id>
				</extensions>
			</trkpt>
			<trkpt lat="46.4256901848" lon="6.9984097917">
				<ele>1524.0</ele>
				<extensions>
					<swisstopo:routepoint_id>865373610</swisstopo:routepoint_id>
				</extensions>
			</trkpt>
			<trkpt lat="46.4256442342" lon="6.9984613413">
				<ele>1524.8</ele>
				<extensions>
					<swisstopo:routepoint_id>1024664529</swisstopo:routepoint_id>
				</extensions>
			</trkpt>
			<trkpt lat="46.4256137534" lon="6.9985349986">
				<ele>1525.4</ele>
				<extensions>
					<swisstopo:routepoint_id>1878326547</swisstopo:routepoint_id>
				</extensions>
			</trkpt>
			<trkpt lat="46.4255696076" lon="6.9986577153">
				<ele>1526.7</ele>
				<extensions>
					<swisstopo:routepoint_id>1679945608</swisstopo:routepoint_id>
				</extensions>
			</trkpt>
			<trkpt lat="46.4255407582" lon="6.9987558467">
				<ele>1527.7</ele>
				<extensions>
					<swisstopo:routepoint_id>1133575735</swisstopo:routepoint_id>
				</extensions>
			</trkpt>
			<trkpt lat="46.4255045944" lon="6.9989541334">
				<ele>1529.5</ele>
				<extensions>
					<swisstopo:routepoint_id>1994862157</swisstopo:routepoint_id>
				</extensions>
			</trkpt>
			<trkpt lat="46.4254386999" lon="6.9994196382">
				<ele>1533.8</ele>
				<extensions>
					<swisstopo:routepoint_id>1880045324</swisstopo:routepoint_id>
				</extensions>
			</trkpt>
			<trkpt lat="46.4253980664" lon="6.9996535699">
				<ele>1536.0</ele>
				<extensions>
					<swisstopo:routepoint_id>605245588</swisstopo:routepoint_id>
				</extensions>
			</trkpt>
			<trkpt lat="46.4253147112" lon="6.9999835008">
				<ele>1539.4</ele>
				<extensions>
					<swisstopo:routepoint_id>142758641</swisstopo:routepoint_id>
				</extensions>
			</trkpt>
			<trkpt lat="46.4252768459" lon="7.0001373095">
				<ele>1541.0</ele>
				<extensions>
					<swisstopo:routepoint_id>1839303258</swisstopo:routepoint_id>
				</extensions>
			</trkpt>
			<trkpt lat="46.4252239376" lon="7.0003824484">
				<ele>1543.5</ele>
				<extensions>
					<swisstopo:routepoint_id>303954032</swisstopo:routepoint_id>
				</extensions>
			</trkpt>
			<trkpt lat="46.4251866519" lon="7.0006875520">
				<ele>1546.5</ele>
				<extensions>
					<swisstopo:routepoint_id>2046816475</swisstopo:routepoint_id>
				</extensions>
			</trkpt>
			<trkpt lat="46.4251479451" lon="7.0010237791">
				<ele>1549.7</ele>
				<extensions>
					<swisstopo:routepoint_id>1876087447</swisstopo:routepoint_id>
				</extensions>
			</trkpt>
			<trkpt lat="46.4250819484" lon="7.0014670467">
				<ele>1554.1</ele>
				<extensions>
					<swisstopo:routepoint_id>429940565</swisstopo:routepoint_id>
				</extensions>
			</trkpt>
			<trkpt lat="46.4250320714" lon="7.0017010367">
				<ele>1556.0</ele>
				<extensions>
					<swisstopo:routepoint_id>1158544902</swisstopo:routepoint_id>
				</extensions>
			</trkpt>
			<trkpt lat="46.4250090385" lon="7.0017610320">
				<ele>1556.4</ele>
				<extensions>
					<swisstopo:routepoint_id>2109476175</swisstopo:routepoint_id>
				</extensions>
			</trkpt>
			<trkpt lat="46.4249899519" lon="7.0017945266">
				<ele>1556.7</ele>
				<extensions>
					<swisstopo:routepoint_id>210056828</swisstopo:routepoint_id>
				</extensions>
			</trkpt>
			<trkpt lat="46.4249652076" lon="7.0018119259">
				<ele>1557.1</ele>
				<extensions>
					<swisstopo:routepoint_id>1037275082</swisstopo:routepoint_id>
				</extensions>
			</trkpt>
			<trkpt lat="46.4249217808" lon="7.0018220555">
				<ele>1557.6</ele>
				<extensions>
					<swisstopo:routepoint_id>2136301325</swisstopo:routepoint_id>
				</extensions>
			</trkpt>
			<trkpt lat="46.4248278027" lon="7.0017894401">
				<ele>1558.8</ele>
				<extensions>
					<swisstopo:routepoint_id>596188940</swisstopo:routepoint_id>
				</extensions>
			</trkpt>
			<trkpt lat="46.4247507378" lon="7.0017500008">
				<ele>1560.0</ele>
				<extensions>
					<swisstopo:routepoint_id>226705074</swisstopo:routepoint_id>
				</extensions>
			</trkpt>
			<trkpt lat="46.4246612571" lon="7.0016839825">
				<ele>1561.5</ele>
				<extensions>
					<swisstopo:routepoint_id>273575843</swisstopo:routepoint_id>
				</extensions>
			</trkpt>
			<trkpt lat="46.4245995058" lon="7.0016288458">
				<ele>1562.7</ele>
				<extensions>
					<swisstopo:routepoint_id>596333656</swisstopo:routepoint_id>
				</extensions>
			</trkpt>
			<trkpt lat="46.4245330382" lon="7.0015470749">
				<ele>1564.1</ele>
				<extensions>
					<swisstopo:routepoint_id>1165199007</swisstopo:routepoint_id>
				</extensions>
			</trkpt>
			<trkpt lat="46.4244681529" lon="7.0014741844">
				<ele>1565.4</ele>
				<extensions>
					<swisstopo:routepoint_id>779102338</swisstopo:routepoint_id>
				</extensions>
			</trkpt>
			<trkpt lat="46.4243319960" lon="7.0012705948">
				<ele>1568.6</ele>
				<extensions>
					<swisstopo:routepoint_id>1398012595</swisstopo:routepoint_id>
				</extensions>
			</trkpt>
			<trkpt lat="46.4239961791" lon="7.0007527117">
				<ele>1576.1</ele>
				<extensions>
					<swisstopo:routepoint_id>1281775836</swisstopo:routepoint_id>
				</extensions>
			</trkpt>
			<trkpt lat="46.4236773577" lon="7.0002569303">
				<ele>1583.4</ele>
				<extensions>
					<swisstopo:routepoint_id>1156806761</swisstopo:routepoint_id>
				</extensions>
			</trkpt>
			<trkpt lat="46.4233926595" lon="6.9998298552">
				<ele>1589.8</ele>
				<extensions>
					<swisstopo:routepoint_id>789195919</swisstopo:routepoint_id>
				</extensions>
			</trkpt>
			<trkpt lat="46.4231093836" lon="6.9993738533">
				<ele>1596.5</ele>
				<extensions>
					<swisstopo:routepoint_id>1939004792</swisstopo:routepoint_id>
				</extensions>
			</trkpt>
			<trkpt lat="46.4229407676" lon="6.9991327293">
				<ele>1600.0</ele>
				<extensions>
					<swisstopo:routepoint_id>1928851351</swisstopo:routepoint_id>
				</extensions>
			</trkpt>
			<trkpt lat="46.4227335570" lon="6.9988585389">
				<ele>1604.2</ele>
				<extensions>
					<swisstopo:routepoint_id>805980140</swisstopo:routepoint_id>
				</extensions>
			</trkpt>
			<trkpt lat="46.4225542386" lon="6.9986330663">
				<ele>1607.8</ele>
				<extensions>
					<swisstopo:routepoint_id>542956149</swisstopo:routepoint_id>
				</extensions>
			</trkpt>
			<trkpt lat="46.4224136082" lon="6.9984695748">
				<ele>1610.6</ele>
				<extensions>
					<swisstopo:routepoint_id>388973831</swisstopo:routepoint_id>
				</extensions>
			</trkpt>
			<trkpt lat="46.4221741036" lon="6.9981956565">
				<ele>1615.2</ele>
				<extensions>
					<swisstopo:routepoint_id>797711036</swisstopo:routepoint_id>
				</extensions>
			</trkpt>
			<trkpt lat="46.4221256676" lon="6.9981368682">
				<ele>1616.0</ele>
				<extensions>
					<swisstopo:routepoint_id>1981681537</swisstopo:routepoint_id>
				</extensions>
			</trkpt>
			<trkpt lat="46.4220672342" lon="6.9980535796">
				<ele>1617.2</ele>
				<extensions>
					<swisstopo:routepoint_id>959438859</swisstopo:routepoint_id>
				</extensions>
			</trkpt>
			<trkpt lat="46.4220283863" lon="6.9979963847">
				<ele>1618.0</ele>
				<extensions>
					<swisstopo:routepoint_id>1202019284</swisstopo:routepoint_id>
				</extensions>
			</trkpt>
			<trkpt lat="46.4219281251" lon="6.9978394939">
				<ele>1619.5</ele>
				<extensions>
					<swisstopo:routepoint_id>279511439</swisstopo:routepoint_id>
				</extensions>
			</trkpt>
			<trkpt lat="46.4218631513" lon="6.9977465787">
				<ele>1620.2</ele>
				<extensions>
					<swisstopo:routepoint_id>1110365467</swisstopo:routepoint_id>
				</extensions>
			</trkpt>
			<trkpt lat="46.4217796908" lon="6.9976471439">
				<ele>1621.0</ele>
				<extensions>
					<swisstopo:routepoint_id>802226019</swisstopo:routepoint_id>
				</extensions>
			</trkpt>
			<trkpt lat="46.4218320289" lon="6.9975191602">
				<ele>1621.2</ele>
				<extensions>
					<swisstopo:routepoint_id>791602512</swisstopo:routepoint_id>
				</extensions>
			</trkpt>
			<trkpt lat="46.4218682780" lon="6.9975300527">
				<ele>1622.1</ele>
				<extensions>
					<swisstopo:routepoint_id>560715764</swisstopo:routepoint_id>
				</extensions>
			</trkpt>
			<trkpt lat="46.4218843831" lon="6.9975630974">
				<ele>1622.7</ele>
				<extensions>
					<swisstopo:routepoint_id>2073280798</swisstopo:routepoint_id>
				</extensions>
			</trkpt>
			<trkpt lat="46.4218964178" lon="6.9975907952">
				<ele>1623.5</ele>
				<extensions>
					<swisstopo:routepoint_id>1520496293</swisstopo:routepoint_id>
				</extensions>
			</trkpt>
			<trkpt lat="46.4219181511" lon="6.9976395722">
				<ele>1624.8</ele>
				<extensions>
					<swisstopo:routepoint_id>953406080</swisstopo:routepoint_id>
				</extensions>
			</trkpt>
			<trkpt lat="46.4219506090" lon="6.9976793511">
				<ele>1626.1</ele>
				<extensions>
					<swisstopo:routepoint_id>1712344961</swisstopo:routepoint_id>
				</extensions>
			</trkpt>
			<trkpt lat="46.4219675820" lon="6.9976903360">
				<ele>1626.8</ele>
				<extensions>
					<swisstopo:routepoint_id>1263267429</swisstopo:routepoint_id>
				</extensions>
			</trkpt>
			<trkpt lat="46.4219844755" lon="6.9976835239">
				<ele>1627.4</ele>
				<extensions>
					<swisstopo:routepoint_id>184707392</swisstopo:routepoint_id>
				</extensions>
			</trkpt>
			<trkpt lat="46.4219950455" lon="6.9976344923">
				<ele>1628.5</ele>
				<extensions>
					<swisstopo:routepoint_id>1803784813</swisstopo:routepoint_id>
				</extensions>
			</trkpt>
			<trkpt lat="46.4220224084" lon="6.9975475133">
				<ele>1630.4</ele>
				<extensions>
					<swisstopo:routepoint_id>302674187</swisstopo:routepoint_id>
				</extensions>
			</trkpt>
			<trkpt lat="46.4220388893" lon="6.9974339259">
				<ele>1632.2</ele>
				<extensions>
					<swisstopo:routepoint_id>1460082008</swisstopo:routepoint_id>
				</extensions>
			</trkpt>
			<trkpt lat="46.4220539102" lon="6.9973403645">
				<ele>1633.5</ele>
				<extensions>
					<swisstopo:routepoint_id>619914515</swisstopo:routepoint_id>
				</extensions>
			</trkpt>
			<trkpt lat="46.4220750245" lon="6.9972311858">
				<ele>1634.4</ele>
				<extensions>
					<swisstopo:routepoint_id>1614961964</swisstopo:routepoint_id>
				</extensions>
			</trkpt>
			<trkpt lat="46.4220777918" lon="6.9971510810">
				<ele>1635.5</ele>
				<extensions>
					<swisstopo:routepoint_id>905241216</swisstopo:routepoint_id>
				</extensions>
			</trkpt>
			<trkpt lat="46.4220820878" lon="6.9970687470">
				<ele>1636.1</ele>
				<extensions>
					<swisstopo:routepoint_id>1050349308</swisstopo:routepoint_id>
				</extensions>
			</trkpt>
			<trkpt lat="46.4220847000" lon="6.9969485896">
				<ele>1636.1</ele>
				<extensions>
					<swisstopo:routepoint_id>179711570</swisstopo:routepoint_id>
				</extensions>
			</trkpt>
			<trkpt lat="46.4220951927" lon="6.9968750980">
				<ele>1636.4</ele>
				<extensions>
					<swisstopo:routepoint_id>216075121</swisstopo:routepoint_id>
				</extensions>
			</trkpt>
			<trkpt lat="46.4221025566" lon="6.9967904971">
				<ele>1636.7</ele>
				<extensions>
					<swisstopo:routepoint_id>1422639317</swisstopo:routepoint_id>
				</extensions>
			</trkpt>
			<trkpt lat="46.4221419655" lon="6.9966389182">
				<ele>1638.6</ele>
				<extensions>
					<swisstopo:routepoint_id>1542817885</swisstopo:routepoint_id>
				</extensions>
			</trkpt>
			<trkpt lat="46.4221753757" lon="6.9965251805">
				<ele>1640.3</ele>
				<extensions>
					<swisstopo:routepoint_id>586826187</swisstopo:routepoint_id>
				</extensions>
			</trkpt>
			<trkpt lat="46.4221903183" lon="6.9964116114">
				<ele>1640.3</ele>
				<extensions>
					<swisstopo:routepoint_id>231304351</swisstopo:routepoint_id>
				</extensions>
			</trkpt>
			<trkpt lat="46.4222113454" lon="6.9962824119">
				<ele>1640.6</ele>
				<extensions>
					<swisstopo:routepoint_id>747103480</swisstopo:routepoint_id>
				</extensions>
			</trkpt>
			<trkpt lat="46.4222434076" lon="6.9962176314">
				<ele>1641.7</ele>
				<extensions>
					<swisstopo:routepoint_id>724007226</swisstopo:routepoint_id>
				</extensions>
			</trkpt>
			<trkpt lat="46.4223199142" lon="6.9961102259">
				<ele>1644.3</ele>
				<extensions>
					<swisstopo:routepoint_id>79006896</swisstopo:routepoint_id>
				</extensions>
			</trkpt>
			<trkpt lat="46.4223779018" lon="6.9959873958">
				<ele>1643.4</ele>
				<extensions>
					<swisstopo:routepoint_id>832319122</swisstopo:routepoint_id>
				</extensions>
			</trkpt>
			<trkpt lat="46.4224129604" lon="6.9959070350">
				<ele>1643.9</ele>
				<extensions>
					<swisstopo:routepoint_id>2095912809</swisstopo:routepoint_id>
				</extensions>
			</trkpt>
			<trkpt lat="46.4224266154" lon="6.9958557609">
				<ele>1643.6</ele>
				<extensions>
					<swisstopo:routepoint_id>868087840</swisstopo:routepoint_id>
				</extensions>
			</trkpt>
			<trkpt lat="46.4224231849" lon="6.9957645712">
				<ele>1642.8</ele>
				<extensions>
					<swisstopo:routepoint_id>213305069</swisstopo:routepoint_id>
				</extensions>
			</trkpt>
			<trkpt lat="46.4224365347" lon="6.9956900965">
				<ele>1644.1</ele>
				<extensions>
					<swisstopo:routepoint_id>1462632154</swisstopo:routepoint_id>
				</extensions>
			</trkpt>
			<trkpt lat="46.4224600162" lon="6.9956073014">
				<ele>1646.8</ele>
				<extensions>
					<swisstopo:routepoint_id>1581791081</swisstopo:routepoint_id>
				</extensions>
			</trkpt>
			<trkpt lat="46.4224883569" lon="6.9955502804">
				<ele>1648.3</ele>
				<extensions>
					<swisstopo:routepoint_id>1971889655</swisstopo:routepoint_id>
				</extensions>
			</trkpt>
			<trkpt lat="46.4225309480" lon="6.9954845370">
				<ele>1649.9</ele>
				<extensions>
					<swisstopo:routepoint_id>205704354</swisstopo:routepoint_id>
				</extensions>
			</trkpt>
			<trkpt lat="46.4226214190" lon="6.9953876620">
				<ele>1652.5</ele>
				<extensions>
					<swisstopo:routepoint_id>1713450432</swisstopo:routepoint_id>
				</extensions>
			</trkpt>
			<trkpt lat="46.4227232184" lon="6.9952354535">
				<ele>1655.1</ele>
				<extensions>
					<swisstopo:routepoint_id>1256623290</swisstopo:routepoint_id>
				</extensions>
			</trkpt>
			<trkpt lat="46.4228109682" lon="6.9951578840">
				<ele>1656.8</ele>
				<extensions>
					<swisstopo:routepoint_id>913397378</swisstopo:routepoint_id>
				</extensions>
			</trkpt>
			<trkpt lat="46.4229005516" lon="6.9950248101">
				<ele>1658.9</ele>
				<extensions>
					<swisstopo:routepoint_id>560211918</swisstopo:routepoint_id>
				</extensions>
			</trkpt>
			<trkpt lat="46.4229789500" lon="6.9949116760">
				<ele>1660.3</ele>
				<extensions>
					<swisstopo:routepoint_id>1219117135</swisstopo:routepoint_id>
				</extensions>
			</trkpt>
			<trkpt lat="46.4230150918" lon="6.9948576205">
				<ele>1661.8</ele>
				<extensions>
					<swisstopo:routepoint_id>342887948</swisstopo:routepoint_id>
				</extensions>
			</trkpt>
			<trkpt lat="46.4230642838" lon="6.9948697465">
				<ele>1665.4</ele>
				<extensions>
					<swisstopo:routepoint_id>1140779252</swisstopo:routepoint_id>
				</extensions>
			</trkpt>
			<trkpt lat="46.4230831251" lon="6.9948431316">
				<ele>1666.6</ele>
				<extensions>
					<swisstopo:routepoint_id>539781740</swisstopo:routepoint_id>
				</extensions>
			</trkpt>
			<trkpt lat="46.4231386004" lon="6.9947591286">
				<ele>1667.7</ele>
				<extensions>
					<swisstopo:routepoint_id>1953300547</swisstopo:routepoint_id>
				</extensions>
			</trkpt>
			<trkpt lat="46.4231960005" lon="6.9947149548">
				<ele>1672.2</ele>
				<extensions>
					<swisstopo:routepoint_id>176954285</swisstopo:routepoint_id>
				</extensions>
			</trkpt>
			<trkpt lat="46.4232143469" lon="6.9946836499">
				<ele>1673.6</ele>
				<extensions>
					<swisstopo:routepoint_id>1925168862</swisstopo:routepoint_id>
				</extensions>
			</trkpt>
			<trkpt lat="46.4232266777" lon="6.9946924422">
				<ele>1674.3</ele>
				<extensions>
					<swisstopo:routepoint_id>678845618</swisstopo:routepoint_id>
				</extensions>
			</trkpt>
			<trkpt lat="46.4232314845" lon="6.9947391210">
				<ele>1675.6</ele>
				<extensions>
					<swisstopo:routepoint_id>196427751</swisstopo:routepoint_id>
				</extensions>
			</trkpt>
			<trkpt lat="46.4232362022" lon="6.9947680153">
				<ele>1676.4</ele>
				<extensions>
					<swisstopo:routepoint_id>395086325</swisstopo:routepoint_id>
				</extensions>
			</trkpt>
			<trkpt lat="46.4232390541" lon="6.9948819063">
				<ele>1679.8</ele>
				<extensions>
					<swisstopo:routepoint_id>796433668</swisstopo:routepoint_id>
				</extensions>
			</trkpt>
			<trkpt lat="46.4232327294" lon="6.9949996319">
				<ele>1682.1</ele>
				<extensions>
					<swisstopo:routepoint_id>697433342</swisstopo:routepoint_id>
				</extensions>
			</trkpt>
			<trkpt lat="46.4232310449" lon="6.9950640915">
				<ele>1683.5</ele>
				<extensions>
					<swisstopo:routepoint_id>1915361296</swisstopo:routepoint_id>
				</extensions>
			</trkpt>
			<trkpt lat="46.4232303844" lon="6.9951439461">
				<ele>1685.0</ele>
				<extensions>
					<swisstopo:routepoint_id>198417920</swisstopo:routepoint_id>
				</extensions>
			</trkpt>
			<trkpt lat="46.4232343324" lon="6.9951621231">
				<ele>1685.3</ele>
				<extensions>
					<swisstopo:routepoint_id>698419946</swisstopo:routepoint_id>
				</extensions>
			</trkpt>
			<trkpt lat="46.4232430695" lon="6.9951676434">
				<ele>1685.7</ele>
				<extensions>
					<swisstopo:routepoint_id>141814076</swisstopo:routepoint_id>
				</extensions>
			</trkpt>
			<trkpt lat="46.4232584939" lon="6.9951479163">
				<ele>1686.8</ele>
				<extensions>
					<swisstopo:routepoint_id>1831125719</swisstopo:routepoint_id>
				</extensions>
			</trkpt>
			<trkpt lat="46.4232930968" lon="6.9950775870">
				<ele>1688.1</ele>
				<extensions>
					<swisstopo:routepoint_id>1571207833</swisstopo:routepoint_id>
				</extensions>
			</trkpt>
			<trkpt lat="46.4233295289" lon="6.9949964382">
				<ele>1689.7</ele>
				<extensions>
					<swisstopo:routepoint_id>1315901577</swisstopo:routepoint_id>
				</extensions>
			</trkpt>
			<trkpt lat="46.4233594155" lon="6.9949439702">
				<ele>1691.2</ele>
				<extensions>
					<swisstopo:routepoint_id>245530552</swisstopo:routepoint_id>
				</extensions>
			</trkpt>
			<trkpt lat="46.4234160284" lon="6.9948034197">
				<ele>1693.0</ele>
				<extensions>
					<swisstopo:routepoint_id>1798549732</swisstopo:routepoint_id>
				</extensions>
			</trkpt>
			<trkpt lat="46.4234391854" lon="6.9947808157">
				<ele>1694.7</ele>
				<extensions>
					<swisstopo:routepoint_id>2068882387</swisstopo:routepoint_id>
				</extensions>
			</trkpt>
			<trkpt lat="46.4234680773" lon="6.9947357682">
				<ele>1696.4</ele>
				<extensions>
					<swisstopo:routepoint_id>618417460</swisstopo:routepoint_id>
				</extensions>
			</trkpt>
			<trkpt lat="46.4234736706" lon="6.9946796802">
				<ele>1696.9</ele>
				<extensions>
					<swisstopo:routepoint_id>376201004</swisstopo:routepoint_id>
				</extensions>
			</trkpt>
			<trkpt lat="46.4234791330" lon="6.9945899790">
				<ele>1699.0</ele>
				<extensions>
					<swisstopo:routepoint_id>1145253295</swisstopo:routepoint_id>
				</extensions>
			</trkpt>
			<trkpt lat="46.4234740967" lon="6.9945395861">
				<ele>1700.2</ele>
				<extensions>
					<swisstopo:routepoint_id>1071957254</swisstopo:routepoint_id>
				</extensions>
			</trkpt>
			<trkpt lat="46.4234864715" lon="6.9944834555">
				<ele>1702.2</ele>
				<extensions>
					<swisstopo:routepoint_id>1012921689</swisstopo:routepoint_id>
				</extensions>
			</trkpt>
			<trkpt lat="46.4234900284" lon="6.9944007695">
				<ele>1703.5</ele>
				<extensions>
					<swisstopo:routepoint_id>471926580</swisstopo:routepoint_id>
				</extensions>
			</trkpt>
			<trkpt lat="46.4234801266" lon="6.9943462303">
				<ele>1703.9</ele>
				<extensions>
					<swisstopo:routepoint_id>215709188</swisstopo:routepoint_id>
				</extensions>
			</trkpt>
			<trkpt lat="46.4234634177" lon="6.9942847148">
				<ele>1704.2</ele>
				<extensions>
					<swisstopo:routepoint_id>709920560</swisstopo:routepoint_id>
				</extensions>
			</trkpt>
			<trkpt lat="46.4234439375" lon="6.9942582591">
				<ele>1704.1</ele>
				<extensions>
					<swisstopo:routepoint_id>1793466436</swisstopo:routepoint_id>
				</extensions>
			</trkpt>
			<trkpt lat="46.4234331499" lon="6.9942233291">
				<ele>1704.3</ele>
				<extensions>
					<swisstopo:routepoint_id>2055593675</swisstopo:routepoint_id>
				</extensions>
			</trkpt>
			<trkpt lat="46.4234319557" lon="6.9941659051">
				<ele>1704.1</ele>
				<extensions>
					<swisstopo:routepoint_id>1029335180</swisstopo:routepoint_id>
				</extensions>
			</trkpt>
			<trkpt lat="46.4234318194" lon="6.9941308883">
				<ele>1704.2</ele>
				<extensions>
					<swisstopo:routepoint_id>1720143642</swisstopo:routepoint_id>
				</extensions>
			</trkpt>
			<trkpt lat="46.4234200338" lon="6.9940889476">
				<ele>1704.1</ele>
				<extensions>
					<swisstopo:routepoint_id>687010902</swisstopo:routepoint_id>
				</extensions>
			</trkpt>
			<trkpt lat="46.4234131517" lon="6.9940637930">
				<ele>1704.4</ele>
				<extensions>
					<swisstopo:routepoint_id>731158948</swisstopo:routepoint_id>
				</extensions>
			</trkpt>
			<trkpt lat="46.4234041239" lon="6.9940369536">
				<ele>1704.0</ele>
				<extensions>
					<swisstopo:routepoint_id>1505978070</swisstopo:routepoint_id>
				</extensions>
			</trkpt>
			<trkpt lat="46.4234225307" lon="6.9940234585">
				<ele>1703.4</ele>
				<extensions>
					<swisstopo:routepoint_id>716258215</swisstopo:routepoint_id>
				</extensions>
			</trkpt>
			<trkpt lat="46.4234362539" lon="6.9939922035">
				<ele>1701.3</ele>
				<extensions>
					<swisstopo:routepoint_id>51790750</swisstopo:routepoint_id>
				</extensions>
			</trkpt>
			<trkpt lat="46.4234885881" lon="6.9939984531">
				<ele>1699.1</ele>
				<extensions>
					<swisstopo:routepoint_id>133653816</swisstopo:routepoint_id>
				</extensions>
			</trkpt>
			<trkpt lat="46.4235331790" lon="6.9939936246">
				<ele>1698.1</ele>
				<extensions>
					<swisstopo:routepoint_id>1801992951</swisstopo:routepoint_id>
				</extensions>
			</trkpt>
			<trkpt lat="46.4235653611" lon="6.9939599961">
				<ele>1697.0</ele>
				<extensions>
					<swisstopo:routepoint_id>802906036</swisstopo:routepoint_id>
				</extensions>
			</trkpt>
			<trkpt lat="46.4236344259" lon="6.9939194039">
				<ele>1696.3</ele>
				<extensions>
					<swisstopo:routepoint_id>2098977615</swisstopo:routepoint_id>
				</extensions>
			</trkpt>
			<trkpt lat="46.4236757928" lon="6.9938745528">
				<ele>1695.6</ele>
				<extensions>
					<swisstopo:routepoint_id>1791632486</swisstopo:routepoint_id>
				</extensions>
			</trkpt>
			<trkpt lat="46.4236941216" lon="6.9938410370">
				<ele>1695.0</ele>
				<extensions>
					<swisstopo:routepoint_id>1025102960</swisstopo:routepoint_id>
				</extensions>
			</trkpt>
			<trkpt lat="46.4237324723" lon="6.9938140274">
				<ele>1695.6</ele>
				<extensions>
					<swisstopo:routepoint_id>1492834923</swisstopo:routepoint_id>
				</extensions>
			</trkpt>
			<trkpt lat="46.4238152689" lon="6.9937421606">
				<ele>1698.6</ele>
				<extensions>
					<swisstopo:routepoint_id>1035051489</swisstopo:routepoint_id>
				</extensions>
			</trkpt>
			<trkpt lat="46.4238888266" lon="6.9936681646">
				<ele>1701.0</ele>
				<extensions>
					<swisstopo:routepoint_id>562263527</swisstopo:routepoint_id>
				</extensions>
			</trkpt>
			<trkpt lat="46.4239317417" lon="6.9936255364">
				<ele>1701.9</ele>
				<extensions>
					<swisstopo:routepoint_id>1440931478</swisstopo:routepoint_id>
				</extensions>
			</trkpt>
			<trkpt lat="46.4239761073" lon="6.9935628751">
				<ele>1703.5</ele>
				<extensions>
					<swisstopo:routepoint_id>1653853857</swisstopo:routepoint_id>
				</extensions>
			</trkpt>
			<trkpt lat="46.4240237923" lon="6.9935624863">
				<ele>1704.3</ele>
				<extensions>
					<swisstopo:routepoint_id>1920656902</swisstopo:routepoint_id>
				</extensions>
			</trkpt>
			<trkpt lat="46.4240622125" lon="6.9935510508">
				<ele>1705.0</ele>
				<extensions>
					<swisstopo:routepoint_id>963907289</swisstopo:routepoint_id>
				</extensions>
			</trkpt>
			<trkpt lat="46.4241059849" lon="6.9935345600">
				<ele>1706.9</ele>
				<extensions>
					<swisstopo:routepoint_id>1035531111</swisstopo:routepoint_id>
				</extensions>
			</trkpt>
			<trkpt lat="46.4241427364" lon="6.9935057719">
				<ele>1708.4</ele>
				<extensions>
					<swisstopo:routepoint_id>1741609903</swisstopo:routepoint_id>
				</extensions>
			</trkpt>
			<trkpt lat="46.4241706737" lon="6.9934954382">
				<ele>1710.1</ele>
				<extensions>
					<swisstopo:routepoint_id>200707499</swisstopo:routepoint_id>
				</extensions>
			</trkpt>
			<trkpt lat="46.4241947413" lon="6.9934687416">
				<ele>1709.4</ele>
				<extensions>
					<swisstopo:routepoint_id>1989312406</swisstopo:routepoint_id>
				</extensions>
			</trkpt>
			<trkpt lat="46.4242423515" lon="6.9934491005">
				<ele>1711.2</ele>
				<extensions>
					<swisstopo:routepoint_id>639111979</swisstopo:routepoint_id>
				</extensions>
			</trkpt>
			<trkpt lat="46.4242841760" lon="6.9934151957">
				<ele>1712.4</ele>
				<extensions>
					<swisstopo:routepoint_id>1158940667</swisstopo:routepoint_id>
				</extensions>
			</trkpt>
			<trkpt lat="46.4243513752" lon="6.9933648164">
				<ele>1713.9</ele>
				<extensions>
					<swisstopo:routepoint_id>452258200</swisstopo:routepoint_id>
				</extensions>
			</trkpt>
			<trkpt lat="46.4243995190" lon="6.9933209825">
				<ele>1715.2</ele>
				<extensions>
					<swisstopo:routepoint_id>1186656327</swisstopo:routepoint_id>
				</extensions>
			</trkpt>
			<trkpt lat="46.4244313097" lon="6.9933205009">
				<ele>1717.1</ele>
				<extensions>
					<swisstopo:routepoint_id>654397002</swisstopo:routepoint_id>
				</extensions>
			</trkpt>
			<trkpt lat="46.4244547694" lon="6.9933040357">
				<ele>1718.5</ele>
				<extensions>
					<swisstopo:routepoint_id>1234327746</swisstopo:routepoint_id>
				</extensions>
			</trkpt>
			<trkpt lat="46.4244895962" lon="6.9932660652">
				<ele>1720.2</ele>
				<extensions>
					<swisstopo:routepoint_id>167200746</swisstopo:routepoint_id>
				</extensions>
			</trkpt>
			<trkpt lat="46.4245178347" lon="6.9932225461">
				<ele>1721.7</ele>
				<extensions>
					<swisstopo:routepoint_id>876661659</swisstopo:routepoint_id>
				</extensions>
			</trkpt>
			<trkpt lat="46.4245789112" lon="6.9931818713">
				<ele>1723.7</ele>
				<extensions>
					<swisstopo:routepoint_id>687982901</swisstopo:routepoint_id>
				</extensions>
			</trkpt>
			<trkpt lat="46.4246099862" lon="6.9931623140">
				<ele>1725.3</ele>
				<extensions>
					<swisstopo:routepoint_id>751730486</swisstopo:routepoint_id>
				</extensions>
			</trkpt>
			<trkpt lat="46.4246282137" lon="6.9931237483">
				<ele>1726.7</ele>
				<extensions>
					<swisstopo:routepoint_id>2010299991</swisstopo:routepoint_id>
				</extensions>
			</trkpt>
			<trkpt lat="46.4246402867" lon="6.9930613556">
				<ele>1727.6</ele>
				<extensions>
					<swisstopo:routepoint_id>1343526707</swisstopo:routepoint_id>
				</extensions>
			</trkpt>
			<trkpt lat="46.4246510696" lon="6.9930679499">
				<ele>1728.1</ele>
				<extensions>
					<swisstopo:routepoint_id>1570923275</swisstopo:routepoint_id>
				</extensions>
			</trkpt>
			<trkpt lat="46.4246558942" lon="6.9931190761">
				<ele>1729.3</ele>
				<extensions>
					<swisstopo:routepoint_id>1393843193</swisstopo:routepoint_id>
				</extensions>
			</trkpt>
			<trkpt lat="46.4246545195" lon="6.9931635768">
				<ele>1729.7</ele>
				<extensions>
					<swisstopo:routepoint_id>1574120598</swisstopo:routepoint_id>
				</extensions>
			</trkpt>
			<trkpt lat="46.4246578827" lon="6.9932347490">
				<ele>1731.7</ele>
				<extensions>
					<swisstopo:routepoint_id>135916537</swisstopo:routepoint_id>
				</extensions>
			</trkpt>
			<trkpt lat="46.4246414580" lon="6.9933616821">
				<ele>1735.0</ele>
				<extensions>
					<swisstopo:routepoint_id>6141199</swisstopo:routepoint_id>
				</extensions>
			</trkpt>
			<trkpt lat="46.4246354170" lon="6.9933928751">
				<ele>1735.8</ele>
				<extensions>
					<swisstopo:routepoint_id>314705680</swisstopo:routepoint_id>
				</extensions>
			</trkpt>
			<trkpt lat="46.4246477654" lon="6.9934038969">
				<ele>1736.5</ele>
				<extensions>
					<swisstopo:routepoint_id>1232263164</swisstopo:routepoint_id>
				</extensions>
			</trkpt>
			<trkpt lat="46.4246983975" lon="6.9933678873">
				<ele>1738.6</ele>
				<extensions>
					<swisstopo:routepoint_id>352599491</swisstopo:routepoint_id>
				</extensions>
			</trkpt>
			<trkpt lat="46.4248289115" lon="6.9933045347">
				<ele>1744.3</ele>
				<extensions>
					<swisstopo:routepoint_id>1315829071</swisstopo:routepoint_id>
				</extensions>
			</trkpt>
			<trkpt lat="46.4248674811" lon="6.9933331410">
				<ele>1746.3</ele>
				<extensions>
					<swisstopo:routepoint_id>819743168</swisstopo:routepoint_id>
				</extensions>
			</trkpt>
			<trkpt lat="46.4248902850" lon="6.9932639972">
				<ele>1747.6</ele>
				<extensions>
					<swisstopo:routepoint_id>1125347071</swisstopo:routepoint_id>
				</extensions>
			</trkpt>
			<trkpt lat="46.4249224236" lon="6.9932192453">
				<ele>1749.1</ele>
				<extensions>
					<swisstopo:routepoint_id>99985575</swisstopo:routepoint_id>
				</extensions>
			</trkpt>
			<trkpt lat="46.4249282388" lon="6.9931346520">
				<ele>1750.2</ele>
				<extensions>
					<swisstopo:routepoint_id>1774903036</swisstopo:routepoint_id>
				</extensions>
			</trkpt>
			<trkpt lat="46.4249433344" lon="6.9930566654">
				<ele>1751.4</ele>
				<extensions>
					<swisstopo:routepoint_id>1192740362</swisstopo:routepoint_id>
				</extensions>
			</trkpt>
			<trkpt lat="46.4249720485" lon="6.9929273955">
				<ele>1754.3</ele>
				<extensions>
					<swisstopo:routepoint_id>880811419</swisstopo:routepoint_id>
				</extensions>
			</trkpt>
			<trkpt lat="46.4249886379" lon="6.9928404910">
				<ele>1756.3</ele>
				<extensions>
					<swisstopo:routepoint_id>1803442911</swisstopo:routepoint_id>
				</extensions>
			</trkpt>
			<trkpt lat="46.4250065408" lon="6.9926979633">
				<ele>1758.7</ele>
				<extensions>
					<swisstopo:routepoint_id>313534886</swisstopo:routepoint_id>
				</extensions>
			</trkpt>
			<trkpt lat="46.4250308577" lon="6.9926221180">
				<ele>1760.3</ele>
				<extensions>
					<swisstopo:routepoint_id>656517196</swisstopo:routepoint_id>
				</extensions>
			</trkpt>
			<trkpt lat="46.4250689562" lon="6.9925305976">
				<ele>1761.8</ele>
				<extensions>
					<swisstopo:routepoint_id>413385263</swisstopo:routepoint_id>
				</extensions>
			</trkpt>
			<trkpt lat="46.4251745468" lon="6.9923873529">
				<ele>1765.3</ele>
				<extensions>
					<swisstopo:routepoint_id>1612138666</swisstopo:routepoint_id>
				</extensions>
			</trkpt>
			<trkpt lat="46.4251990114" lon="6.9923470967">
				<ele>1766.0</ele>
				<extensions>
					<swisstopo:routepoint_id>1397423294</swisstopo:routepoint_id>
				</extensions>
			</trkpt>
			<trkpt lat="46.4252098139" lon="6.9923559204">
				<ele>1766.5</ele>
				<extensions>
					<swisstopo:routepoint_id>833547525</swisstopo:routepoint_id>
				</extensions>
			</trkpt>
			<trkpt lat="46.4252024359" lon="6.9924360614">
				<ele>1768.5</ele>
				<extensions>
					<swisstopo:routepoint_id>2110990116</swisstopo:routepoint_id>
				</extensions>
			</trkpt>
			<trkpt lat="46.4251903893" lon="6.9925051371">
				<ele>1769.7</ele>
				<extensions>
					<swisstopo:routepoint_id>986151145</swisstopo:routepoint_id>
				</extensions>
			</trkpt>
			<trkpt lat="46.4251876361" lon="6.9925874634">
				<ele>1771.2</ele>
				<extensions>
					<swisstopo:routepoint_id>666395750</swisstopo:routepoint_id>
				</extensions>
			</trkpt>
			<trkpt lat="46.4251986189" lon="6.9926429925">
				<ele>1772.2</ele>
				<extensions>
					<swisstopo:routepoint_id>212143110</swisstopo:routepoint_id>
				</extensions>
			</trkpt>
			<trkpt lat="46.4252063728" lon="6.9926585108">
				<ele>1772.7</ele>
				<extensions>
					<swisstopo:routepoint_id>1635381409</swisstopo:routepoint_id>
				</extensions>
			</trkpt>
			<trkpt lat="46.4252170277" lon="6.9926272795">
				<ele>1773.4</ele>
				<extensions>
					<swisstopo:routepoint_id>1268757096</swisstopo:routepoint_id>
				</extensions>
			</trkpt>
			<trkpt lat="46.4252429950" lon="6.9925803542">
				<ele>1774.6</ele>
				<extensions>
					<swisstopo:routepoint_id>1204209832</swisstopo:routepoint_id>
				</extensions>
			</trkpt>
			<trkpt lat="46.4253430771" lon="6.9924572523">
				<ele>1777.9</ele>
				<extensions>
					<swisstopo:routepoint_id>1810361904</swisstopo:routepoint_id>
				</extensions>
			</trkpt>
			<trkpt lat="46.4253658359" lon="6.9924272749">
				<ele>1778.6</ele>
				<extensions>
					<swisstopo:routepoint_id>1700257498</swisstopo:routepoint_id>
				</extensions>
			</trkpt>
			<trkpt lat="46.4253747418" lon="6.9924391187">
				<ele>1779.2</ele>
				<extensions>
					<swisstopo:routepoint_id>689437409</swisstopo:routepoint_id>
				</extensions>
			</trkpt>
			<trkpt lat="46.4253703275" lon="6.9924903019">
				<ele>1780.5</ele>
				<extensions>
					<swisstopo:routepoint_id>728603629</swisstopo:routepoint_id>
				</extensions>
			</trkpt>
			<trkpt lat="46.4253644368" lon="6.9925571169">
				<ele>1781.8</ele>
				<extensions>
					<swisstopo:routepoint_id>748027481</swisstopo:routepoint_id>
				</extensions>
			</trkpt>
			<trkpt lat="46.4253691203" lon="6.9925748581">
				<ele>1782.2</ele>
				<extensions>
					<swisstopo:routepoint_id>1341918325</swisstopo:routepoint_id>
				</extensions>
			</trkpt>
			<trkpt lat="46.4254904057" lon="6.9925115721">
				<ele>1787.4</ele>
				<extensions>
					<swisstopo:routepoint_id>493923140</swisstopo:routepoint_id>
				</extensions>
			</trkpt>
			<trkpt lat="46.4255518399" lon="6.9924843848">
				<ele>1789.9</ele>
				<extensions>
					<swisstopo:routepoint_id>496811468</swisstopo:routepoint_id>
				</extensions>
			</trkpt>
			<trkpt lat="46.4256208845" lon="6.9924393175">
				<ele>1792.4</ele>
				<extensions>
					<swisstopo:routepoint_id>454518721</swisstopo:routepoint_id>
				</extensions>
			</trkpt>
			<trkpt lat="46.4256455055" lon="6.9924413395">
				<ele>1793.4</ele>
				<extensions>
					<swisstopo:routepoint_id>1320307196</swisstopo:routepoint_id>
				</extensions>
			</trkpt>
			<trkpt lat="46.4256838822" lon="6.9924165575">
				<ele>1794.9</ele>
				<extensions>
					<swisstopo:routepoint_id>823193310</swisstopo:routepoint_id>
				</extensions>
			</trkpt>
			<trkpt lat="46.4257100926" lon="6.9924341547">
				<ele>1796.0</ele>
				<extensions>
					<swisstopo:routepoint_id>2073935281</swisstopo:routepoint_id>
				</extensions>
			</trkpt>
			<trkpt lat="46.4257285425" lon="6.9924317616">
				<ele>1796.4</ele>
				<extensions>
					<swisstopo:routepoint_id>1637153235</swisstopo:routepoint_id>
				</extensions>
			</trkpt>
			<trkpt lat="46.4257668777" lon="6.9924003163">
				<ele>1797.6</ele>
				<extensions>
					<swisstopo:routepoint_id>1602372945</swisstopo:routepoint_id>
				</extensions>
			</trkpt>
			<trkpt lat="46.4257836340" lon="6.9923556636">
				<ele>1798.0</ele>
				<extensions>
					<swisstopo:routepoint_id>1832107033</swisstopo:routepoint_id>
				</extensions>
			</trkpt>
			<trkpt lat="46.4258140153" lon="6.9922553116">
				<ele>1797.8</ele>
				<extensions>
					<swisstopo:routepoint_id>1567885789</swisstopo:routepoint_id>
				</extensions>
			</trkpt>
			<trkpt lat="46.4258413283" lon="6.9921616544">
				<ele>1797.4</ele>
				<extensions>
					<swisstopo:routepoint_id>1068788071</swisstopo:routepoint_id>
				</extensions>
			</trkpt>
			<trkpt lat="46.4258794896" lon="6.9920812289">
				<ele>1797.4</ele>
				<extensions>
					<swisstopo:routepoint_id>1818275783</swisstopo:routepoint_id>
				</extensions>
			</trkpt>
			<trkpt lat="46.4259084115" lon="6.9920053699">
				<ele>1797.4</ele>
				<extensions>
					<swisstopo:routepoint_id>1913894707</swisstopo:routepoint_id>
				</extensions>
			</trkpt>
			<trkpt lat="46.4259389578" lon="6.9919495067">
				<ele>1797.6</ele>
				<extensions>
					<swisstopo:routepoint_id>2146192017</swisstopo:routepoint_id>
				</extensions>
			</trkpt>
			<trkpt lat="46.4259510628" lon="6.9918960050">
				<ele>1797.7</ele>
				<extensions>
					<swisstopo:routepoint_id>1398477255</swisstopo:routepoint_id>
				</extensions>
			</trkpt>
			<trkpt lat="46.4259860947" lon="6.9918067371">
				<ele>1798.1</ele>
				<extensions>
					<swisstopo:routepoint_id>1169974341</swisstopo:routepoint_id>
				</extensions>
			</trkpt>
			<trkpt lat="46.4259982344" lon="6.9917643577">
				<ele>1798.1</ele>
				<extensions>
					<swisstopo:routepoint_id>144453293</swisstopo:routepoint_id>
				</extensions>
			</trkpt>
			<trkpt lat="46.4260303375" lon="6.9917107048">
				<ele>1798.5</ele>
				<extensions>
					<swisstopo:routepoint_id>863371896</swisstopo:routepoint_id>
				</extensions>
			</trkpt>
			<trkpt lat="46.4260501093" lon="6.9916549169">
				<ele>1798.5</ele>
				<extensions>
					<swisstopo:routepoint_id>1246606404</swisstopo:routepoint_id>
				</extensions>
			</trkpt>
			<trkpt lat="46.4260791704" lon="6.9916101883">
				<ele>1798.7</ele>
				<extensions>
					<swisstopo:routepoint_id>1714534550</swisstopo:routepoint_id>
				</extensions>
			</trkpt>
			<trkpt lat="46.4261417236" lon="6.9914784081">
				<ele>1799.2</ele>
				<extensions>
					<swisstopo:routepoint_id>1451605210</swisstopo:routepoint_id>
				</extensions>
			</trkpt>
			<trkpt lat="46.4261858877" lon="6.9913623537">
				<ele>1799.4</ele>
				<extensions>
					<swisstopo:routepoint_id>857955424</swisstopo:routepoint_id>
				</extensions>
			</trkpt>
			<trkpt lat="46.4262040937" lon="6.9912976916">
				<ele>1799.7</ele>
				<extensions>
					<swisstopo:routepoint_id>1027219551</swisstopo:routepoint_id>
				</extensions>
			</trkpt>
			<trkpt lat="46.4262329454" lon="6.9911995615">
				<ele>1800.3</ele>
				<extensions>
					<swisstopo:routepoint_id>1168035654</swisstopo:routepoint_id>
				</extensions>
			</trkpt>
			<trkpt lat="46.4262633605" lon="6.9911103178">
				<ele>1801.3</ele>
				<extensions>
					<swisstopo:routepoint_id>885282010</swisstopo:routepoint_id>
				</extensions>
			</trkpt>
			<trkpt lat="46.4263014578" lon="6.9910187941">
				<ele>1803.2</ele>
				<extensions>
					<swisstopo:routepoint_id>642623939</swisstopo:routepoint_id>
				</extensions>
			</trkpt>
			<trkpt lat="46.4263243672" lon="6.9909741154">
				<ele>1804.4</ele>
				<extensions>
					<swisstopo:routepoint_id>1551971143</swisstopo:routepoint_id>
				</extensions>
			</trkpt>
			<trkpt lat="46.4263456847" lon="6.9909183270">
				<ele>1805.8</ele>
				<extensions>
					<swisstopo:routepoint_id>333452538</swisstopo:routepoint_id>
				</extensions>
			</trkpt>
			<trkpt lat="46.4263747257" lon="6.9908735851">
				<ele>1807.1</ele>
				<extensions>
					<swisstopo:routepoint_id>1761245198</swisstopo:routepoint_id>
				</extensions>
			</trkpt>
			<trkpt lat="46.4264005722" lon="6.9907932717">
				<ele>1809.0</ele>
				<extensions>
					<swisstopo:routepoint_id>861551496</swisstopo:routepoint_id>
				</extensions>
			</trkpt>
			<trkpt lat="46.4264433445" lon="6.9907150615">
				<ele>1811.4</ele>
				<extensions>
					<swisstopo:routepoint_id>289713035</swisstopo:routepoint_id>
				</extensions>
			</trkpt>
			<trkpt lat="46.4265183348" lon="6.9906143222">
				<ele>1815.9</ele>
				<extensions>
					<swisstopo:routepoint_id>1450370476</swisstopo:routepoint_id>
				</extensions>
			</trkpt>
			<trkpt lat="46.4265333803" lon="6.9905906002">
				<ele>1817.0</ele>
				<extensions>
					<swisstopo:routepoint_id>896926167</swisstopo:routepoint_id>
				</extensions>
			</trkpt>
			<trkpt lat="46.4265509378" lon="6.9905325936">
				<ele>1818.6</ele>
				<extensions>
					<swisstopo:routepoint_id>386822748</swisstopo:routepoint_id>
				</extensions>
			</trkpt>
			<trkpt lat="46.4265737807" lon="6.9905057076">
				<ele>1820.2</ele>
				<extensions>
					<swisstopo:routepoint_id>2132684975</swisstopo:routepoint_id>
				</extensions>
			</trkpt>
			<trkpt lat="46.4265855887" lon="6.9904656742">
				<ele>1821.1</ele>
				<extensions>
					<swisstopo:routepoint_id>812125380</swisstopo:routepoint_id>
				</extensions>
			</trkpt>
			<trkpt lat="46.4266034790" lon="6.9904471693">
				<ele>1822.1</ele>
				<extensions>
					<swisstopo:routepoint_id>596237926</swisstopo:routepoint_id>
				</extensions>
			</trkpt>
			<trkpt lat="46.4266291195" lon="6.9903720658">
				<ele>1823.7</ele>
				<extensions>
					<swisstopo:routepoint_id>992321904</swisstopo:routepoint_id>
				</extensions>
			</trkpt>
			<trkpt lat="46.4266459583" lon="6.9903419386">
				<ele>1824.9</ele>
				<extensions>
					<swisstopo:routepoint_id>122593511</swisstopo:routepoint_id>
				</extensions>
			</trkpt>
			<trkpt lat="46.4266658754" lon="6.9903284035">
				<ele>1826.2</ele>
				<extensions>
					<swisstopo:routepoint_id>738152890</swisstopo:routepoint_id>
				</extensions>
			</trkpt>
			<trkpt lat="46.4266766774" lon="6.9902866948">
				<ele>1826.6</ele>
				<extensions>
					<swisstopo:routepoint_id>1004596572</swisstopo:routepoint_id>
				</extensions>
			</trkpt>
			<trkpt lat="46.4266928329" lon="6.9903297448">
				<ele>1828.1</ele>
				<extensions>
					<swisstopo:routepoint_id>708434220</swisstopo:routepoint_id>
				</extensions>
			</trkpt>
			<trkpt lat="46.4267069723" lon="6.9903661732">
				<ele>1829.0</ele>
				<extensions>
					<swisstopo:routepoint_id>2036107595</swisstopo:routepoint_id>
				</extensions>
			</trkpt>
			<trkpt lat="46.4267287399" lon="6.9903193625">
				<ele>1830.3</ele>
				<extensions>
					<swisstopo:routepoint_id>1516533113</swisstopo:routepoint_id>
				</extensions>
			</trkpt>
			<trkpt lat="46.4267605149" lon="6.9902790888">
				<ele>1831.6</ele>
				<extensions>
					<swisstopo:routepoint_id>520127029</swisstopo:routepoint_id>
				</extensions>
			</trkpt>
			<trkpt lat="46.4267644959" lon="6.9902296481">
				<ele>1831.6</ele>
				<extensions>
					<swisstopo:routepoint_id>860199919</swisstopo:routepoint_id>
				</extensions>
			</trkpt>
			<trkpt lat="46.4268224333" lon="6.9900956792">
				<ele>1832.5</ele>
				<extensions>
					<swisstopo:routepoint_id>1044980155</swisstopo:routepoint_id>
				</extensions>
			</trkpt>
			<trkpt lat="46.4268681683" lon="6.9899885090">
				<ele>1834.2</ele>
				<extensions>
					<swisstopo:routepoint_id>1328008718</swisstopo:routepoint_id>
				</extensions>
			</trkpt>
			<trkpt lat="46.4269002618" lon="6.9899348416">
				<ele>1835.2</ele>
				<extensions>
					<swisstopo:routepoint_id>695803919</swisstopo:routepoint_id>
				</extensions>
			</trkpt>
			<trkpt lat="46.4269329587" lon="6.9898491918">
				<ele>1836.9</ele>
				<extensions>
					<swisstopo:routepoint_id>1063585</swisstopo:routepoint_id>
				</extensions>
			</trkpt>
			<trkpt lat="46.4270007519" lon="6.9896575639">
				<ele>1839.2</ele>
				<extensions>
					<swisstopo:routepoint_id>1493029540</swisstopo:routepoint_id>
				</extensions>
			</trkpt>
			<trkpt lat="46.4270379644" lon="6.9895262099">
				<ele>1842.1</ele>
				<extensions>
					<swisstopo:routepoint_id>125945405</swisstopo:routepoint_id>
				</extensions>
			</trkpt>
			<trkpt lat="46.4270523447" lon="6.9894886258">
				<ele>1841.9</ele>
				<extensions>
					<swisstopo:routepoint_id>331195547</swisstopo:routepoint_id>
				</extensions>
			</trkpt>
			<trkpt lat="46.4271463507" lon="6.9893012596">
				<ele>1840.8</ele>
				<extensions>
					<swisstopo:routepoint_id>1450245171</swisstopo:routepoint_id>
				</extensions>
			</trkpt>
			<trkpt lat="46.4271716765" lon="6.9892401516">
				<ele>1841.2</ele>
				<extensions>
					<swisstopo:routepoint_id>1942238453</swisstopo:routepoint_id>
				</extensions>
			</trkpt>
			<trkpt lat="46.4272040322" lon="6.9891873388">
				<ele>1842.1</ele>
				<extensions>
					<swisstopo:routepoint_id>1924762802</swisstopo:routepoint_id>
				</extensions>
			</trkpt>
			<trkpt lat="46.4272549864" lon="6.9891286241">
				<ele>1844.1</ele>
				<extensions>
					<swisstopo:routepoint_id>1520998549</swisstopo:routepoint_id>
				</extensions>
			</trkpt>
			<trkpt lat="46.4273118278" lon="6.9890819747">
				<ele>1844.4</ele>
				<extensions>
					<swisstopo:routepoint_id>1279099917</swisstopo:routepoint_id>
				</extensions>
			</trkpt>
			<trkpt lat="46.4273354935" lon="6.9890404959">
				<ele>1844.8</ele>
				<extensions>
					<swisstopo:routepoint_id>1724886110</swisstopo:routepoint_id>
				</extensions>
			</trkpt>
			<trkpt lat="46.4273618472" lon="6.9889504124">
				<ele>1846.2</ele>
				<extensions>
					<swisstopo:routepoint_id>727770825</swisstopo:routepoint_id>
				</extensions>
			</trkpt>
			<trkpt lat="46.4273899088" lon="6.9888824780">
				<ele>1847.1</ele>
				<extensions>
					<swisstopo:routepoint_id>1624551369</swisstopo:routepoint_id>
				</extensions>
			</trkpt>
			<trkpt lat="46.4274189795" lon="6.9888315150">
				<ele>1847.6</ele>
				<extensions>
					<swisstopo:routepoint_id>2062611149</swisstopo:routepoint_id>
				</extensions>
			</trkpt>
			<trkpt lat="46.4274616911" lon="6.9887399498">
				<ele>1848.0</ele>
				<extensions>
					<swisstopo:routepoint_id>1047862707</swisstopo:routepoint_id>
				</extensions>
			</trkpt>
			<trkpt lat="46.4275074073" lon="6.9886283307">
				<ele>1849.0</ele>
				<extensions>
					<swisstopo:routepoint_id>916451513</swisstopo:routepoint_id>
				</extensions>
			</trkpt>
			<trkpt lat="46.4275333467" lon="6.9885725019">
				<ele>1849.4</ele>
				<extensions>
					<swisstopo:routepoint_id>1810600329</swisstopo:routepoint_id>
				</extensions>
			</trkpt>
			<trkpt lat="46.4275746523" lon="6.9885165402">
				<ele>1850.1</ele>
				<extensions>
					<swisstopo:routepoint_id>1164760162</swisstopo:routepoint_id>
				</extensions>
			</trkpt>
			<trkpt lat="46.4275976725" lon="6.9885007680">
				<ele>1849.7</ele>
				<extensions>
					<swisstopo:routepoint_id>354384299</swisstopo:routepoint_id>
				</extensions>
			</trkpt>
			<trkpt lat="46.4276606869" lon="6.9884869021">
				<ele>1847.7</ele>
				<extensions>
					<swisstopo:routepoint_id>1026422950</swisstopo:routepoint_id>
				</extensions>
			</trkpt>
			<trkpt lat="46.4276852466" lon="6.9884711363">
				<ele>1846.1</ele>
				<extensions>
					<swisstopo:routepoint_id>93079938</swisstopo:routepoint_id>
				</extensions>
			</trkpt>
			<trkpt lat="46.4277252386" lon="6.9884708065">
				<ele>1844.4</ele>
				<extensions>
					<swisstopo:routepoint_id>102862939</swisstopo:routepoint_id>
				</extensions>
			</trkpt>
			<trkpt lat="46.4277543511" lon="6.9884416377">
				<ele>1842.2</ele>
				<extensions>
					<swisstopo:routepoint_id>1926953278</swisstopo:routepoint_id>
				</extensions>
			</trkpt>
			<trkpt lat="46.4277958496" lon="6.9884323957">
				<ele>1840.3</ele>
				<extensions>
					<swisstopo:routepoint_id>483352776</swisstopo:routepoint_id>
				</extensions>
			</trkpt>
			<trkpt lat="46.4278803119" lon="6.9883938771">
				<ele>1836.5</ele>
				<extensions>
					<swisstopo:routepoint_id>851892475</swisstopo:routepoint_id>
				</extensions>
			</trkpt>
			<trkpt lat="46.4279861669" lon="6.9883195765">
				<ele>1831.6</ele>
				<extensions>
					<swisstopo:routepoint_id>559058300</swisstopo:routepoint_id>
				</extensions>
			</trkpt>
			<trkpt lat="46.4280751401" lon="6.9882543274">
				<ele>1828.1</ele>
				<extensions>
					<swisstopo:routepoint_id>385141594</swisstopo:routepoint_id>
				</extensions>
			</trkpt>
			<trkpt lat="46.4281089192" lon="6.9882362428">
				<ele>1827.0</ele>
				<extensions>
					<swisstopo:routepoint_id>849970034</swisstopo:routepoint_id>
				</extensions>
			</trkpt>
			<trkpt lat="46.4281534047" lon="6.9882025002">
				<ele>1825.6</ele>
				<extensions>
					<swisstopo:routepoint_id>1867072114</swisstopo:routepoint_id>
				</extensions>
			</trkpt>
			<trkpt lat="46.4282086843" lon="6.9881775745">
				<ele>1824.5</ele>
				<extensions>
					<swisstopo:routepoint_id>537013944</swisstopo:routepoint_id>
				</extensions>
			</trkpt>
			<trkpt lat="46.4282640077" lon="6.9881637715">
				<ele>1823.6</ele>
				<extensions>
					<swisstopo:routepoint_id>1584291471</swisstopo:routepoint_id>
				</extensions>
			</trkpt>
			<trkpt lat="46.4283053988" lon="6.9881255947">
				<ele>1822.1</ele>
				<extensions>
					<swisstopo:routepoint_id>588617479</swisstopo:routepoint_id>
				</extensions>
			</trkpt>
			<trkpt lat="46.4283836742" lon="6.9880804562">
				<ele>1820.3</ele>
				<extensions>
					<swisstopo:routepoint_id>514066480</swisstopo:routepoint_id>
				</extensions>
			</trkpt>
			<trkpt lat="46.4284159403" lon="6.9880713028">
				<ele>1819.7</ele>
				<extensions>
					<swisstopo:routepoint_id>825061937</swisstopo:routepoint_id>
				</extensions>
			</trkpt>
			<trkpt lat="46.4284727242" lon="6.9880352285">
				<ele>1818.0</ele>
				<extensions>
					<swisstopo:routepoint_id>521491392</swisstopo:routepoint_id>
				</extensions>
			</trkpt>
			<trkpt lat="46.4285084026" lon="6.9880058969">
				<ele>1817.0</ele>
				<extensions>
					<swisstopo:routepoint_id>602609292</swisstopo:routepoint_id>
				</extensions>
			</trkpt>
			<trkpt lat="46.4285308889" lon="6.9879940037">
				<ele>1816.3</ele>
				<extensions>
					<swisstopo:routepoint_id>503845459</swisstopo:routepoint_id>
				</extensions>
			</trkpt>
			<trkpt lat="46.4285926089" lon="6.9879548901">
				<ele>1815.0</ele>
				<extensions>
					<swisstopo:routepoint_id>268609179</swisstopo:routepoint_id>
				</extensions>
			</trkpt>
			<trkpt lat="46.4286217410" lon="6.9879513463">
				<ele>1814.5</ele>
				<extensions>
					<swisstopo:routepoint_id>1347128500</swisstopo:routepoint_id>
				</extensions>
			</trkpt>
			<trkpt lat="46.4287173333" lon="6.9878977616">
				<ele>1812.5</ele>
				<extensions>
					<swisstopo:routepoint_id>1089857509</swisstopo:routepoint_id>
				</extensions>
			</trkpt>
			<trkpt lat="46.4287669747" lon="6.9878577121">
				<ele>1811.5</ele>
				<extensions>
					<swisstopo:routepoint_id>1873091726</swisstopo:routepoint_id>
				</extensions>
			</trkpt>
			<trkpt lat="46.4288129080" lon="6.9878397046">
				<ele>1810.7</ele>
				<extensions>
					<swisstopo:routepoint_id>74986524</swisstopo:routepoint_id>
				</extensions>
			</trkpt>
			<trkpt lat="46.4288464099" lon="6.9878309854">
				<ele>1810.6</ele>
				<extensions>
					<swisstopo:routepoint_id>1697982101</swisstopo:routepoint_id>
				</extensions>
			</trkpt>
			<trkpt lat="46.4288824987" lon="6.9877871155">
				<ele>1809.9</ele>
				<extensions>
					<swisstopo:routepoint_id>65776437</swisstopo:routepoint_id>
				</extensions>
			</trkpt>
			<trkpt lat="46.4289623640" lon="6.9877552968">
				<ele>1809.4</ele>
				<extensions>
					<swisstopo:routepoint_id>988457147</swisstopo:routepoint_id>
				</extensions>
			</trkpt>
			<trkpt lat="46.4290207028" lon="6.9877236685">
				<ele>1809.6</ele>
				<extensions>
					<swisstopo:routepoint_id>427715608</swisstopo:routepoint_id>
				</extensions>
			</trkpt>
			<trkpt lat="46.4290591307" lon="6.9877121388">
				<ele>1809.8</ele>
				<extensions>
					<swisstopo:routepoint_id>1510943169</swisstopo:routepoint_id>
				</extensions>
			</trkpt>
			<trkpt lat="46.4291221015" lon="6.9876872377">
				<ele>1811.4</ele>
				<extensions>
					<swisstopo:routepoint_id>269180193</swisstopo:routepoint_id>
				</extensions>
			</trkpt>
			<trkpt lat="46.4291934357" lon="6.9876612762">
				<ele>1813.2</ele>
				<extensions>
					<swisstopo:routepoint_id>1492534400</swisstopo:routepoint_id>
				</extensions>
			</trkpt>
			<trkpt lat="46.4292376107" lon="6.9876446488">
				<ele>1814.0</ele>
				<extensions>
					<swisstopo:routepoint_id>966053960</swisstopo:routepoint_id>
				</extensions>
			</trkpt>
			<trkpt lat="46.4292692323" lon="6.9876291287">
				<ele>1814.8</ele>
				<extensions>
					<swisstopo:routepoint_id>1699823943</swisstopo:routepoint_id>
				</extensions>
			</trkpt>
			<trkpt lat="46.4293002943" lon="6.9876221193">
				<ele>1815.9</ele>
				<extensions>
					<swisstopo:routepoint_id>1550245221</swisstopo:routepoint_id>
				</extensions>
			</trkpt>
			<trkpt lat="46.4293540835" lon="6.9876096685">
				<ele>1817.8</ele>
				<extensions>
					<swisstopo:routepoint_id>221906459</swisstopo:routepoint_id>
				</extensions>
			</trkpt>
			<trkpt lat="46.4294107793" lon="6.9875513535">
				<ele>1819.6</ele>
				<extensions>
					<swisstopo:routepoint_id>1527924755</swisstopo:routepoint_id>
				</extensions>
			</trkpt>
			<trkpt lat="46.4294537252" lon="6.9875198520">
				<ele>1820.6</ele>
				<extensions>
					<swisstopo:routepoint_id>789856866</swisstopo:routepoint_id>
				</extensions>
			</trkpt>
			<trkpt lat="46.4295028092" lon="6.9874816294">
				<ele>1822.3</ele>
				<extensions>
					<swisstopo:routepoint_id>244093748</swisstopo:routepoint_id>
				</extensions>
			</trkpt>
			<trkpt lat="46.4295518559" lon="6.9874367305">
				<ele>1824.5</ele>
				<extensions>
					<swisstopo:routepoint_id>1787561154</swisstopo:routepoint_id>
				</extensions>
			</trkpt>
			<trkpt lat="46.4296040990" lon="6.9874309752">
				<ele>1826.5</ele>
				<extensions>
					<swisstopo:routepoint_id>1214590327</swisstopo:routepoint_id>
				</extensions>
			</trkpt>
			<trkpt lat="46.4296574869" lon="6.9874464980">
				<ele>1828.3</ele>
				<extensions>
					<swisstopo:routepoint_id>898189870</swisstopo:routepoint_id>
				</extensions>
			</trkpt>
			<trkpt lat="46.4297471543" lon="6.9874981850">
				<ele>1830.5</ele>
				<extensions>
					<swisstopo:routepoint_id>775892122</swisstopo:routepoint_id>
				</extensions>
			</trkpt>
			<trkpt lat="46.4298178106" lon="6.9875446994">
				<ele>1832.2</ele>
				<extensions>
					<swisstopo:routepoint_id>1860679048</swisstopo:routepoint_id>
				</extensions>
			</trkpt>
			<trkpt lat="46.4298492528" lon="6.9875566303">
				<ele>1833.2</ele>
				<extensions>
					<swisstopo:routepoint_id>241985317</swisstopo:routepoint_id>
				</extensions>
			</trkpt>
			<trkpt lat="46.4298804274" lon="6.9875736772">
				<ele>1833.8</ele>
				<extensions>
					<swisstopo:routepoint_id>1866652620</swisstopo:routepoint_id>
				</extensions>
			</trkpt>
			<trkpt lat="46.4299332420" lon="6.9876036446">
				<ele>1834.4</ele>
				<extensions>
					<swisstopo:routepoint_id>1387344357</swisstopo:routepoint_id>
				</extensions>
			</trkpt>
			<trkpt lat="46.4300610358" lon="6.9876925421">
				<ele>1835.6</ele>
				<extensions>
					<swisstopo:routepoint_id>619015775</swisstopo:routepoint_id>
				</extensions>
			</trkpt>
			<trkpt lat="46.4300764538" lon="6.9877266175">
				<ele>1835.7</ele>
				<extensions>
					<swisstopo:routepoint_id>144037192</swisstopo:routepoint_id>
				</extensions>
			</trkpt>
			<trkpt lat="46.4301085001" lon="6.9877591770">
				<ele>1835.9</ele>
				<extensions>
					<swisstopo:routepoint_id>1958132381</swisstopo:routepoint_id>
				</extensions>
			</trkpt>
			<trkpt lat="46.4301855873" lon="6.9878008235">
				<ele>1837.0</ele>
				<extensions>
					<swisstopo:routepoint_id>1235938595</swisstopo:routepoint_id>
				</extensions>
			</trkpt>
			<trkpt lat="46.4302225574" lon="6.9878138588">
				<ele>1837.4</ele>
				<extensions>
					<swisstopo:routepoint_id>1502302682</swisstopo:routepoint_id>
				</extensions>
			</trkpt>
			<trkpt lat="46.4302656789" lon="6.9878268624">
				<ele>1838.1</ele>
				<extensions>
					<swisstopo:routepoint_id>2114607555</swisstopo:routepoint_id>
				</extensions>
			</trkpt>
			<trkpt lat="46.4303149474" lon="6.9878353683">
				<ele>1838.8</ele>
				<extensions>
					<swisstopo:routepoint_id>427143747</swisstopo:routepoint_id>
				</extensions>
			</trkpt>
			<trkpt lat="46.4303534461" lon="6.9878461739">
				<ele>1839.2</ele>
				<extensions>
					<swisstopo:routepoint_id>916542354</swisstopo:routepoint_id>
				</extensions>
			</trkpt>
			<trkpt lat="46.4304195898" lon="6.9878433852">
				<ele>1840.1</ele>
				<extensions>
					<swisstopo:routepoint_id>388229420</swisstopo:routepoint_id>
				</extensions>
			</trkpt>
			<trkpt lat="46.4304872380" lon="6.9878317030">
				<ele>1841.2</ele>
				<extensions>
					<swisstopo:routepoint_id>969821450</swisstopo:routepoint_id>
				</extensions>
			</trkpt>
			<trkpt lat="46.4305901762" lon="6.9877996928">
				<ele>1841.8</ele>
				<extensions>
					<swisstopo:routepoint_id>138308272</swisstopo:routepoint_id>
				</extensions>
			</trkpt>
			<trkpt lat="46.4306393284" lon="6.9877792821">
				<ele>1842.1</ele>
				<extensions>
					<swisstopo:routepoint_id>2001191598</swisstopo:routepoint_id>
				</extensions>
			</trkpt>
			<trkpt lat="46.4307393303" lon="6.9877806796">
				<ele>1842.7</ele>
				<extensions>
					<swisstopo:routepoint_id>1678930733</swisstopo:routepoint_id>
				</extensions>
			</trkpt>
			<trkpt lat="46.4308099566" lon="6.9877467253">
				<ele>1843.2</ele>
				<extensions>
					<swisstopo:routepoint_id>581851132</swisstopo:routepoint_id>
				</extensions>
			</trkpt>
			<trkpt lat="46.4308867275" lon="6.9877082543">
				<ele>1843.6</ele>
				<extensions>
					<swisstopo:routepoint_id>324450695</swisstopo:routepoint_id>
				</extensions>
			</trkpt>
			<trkpt lat="46.4309481078" lon="6.9876699293">
				<ele>1843.5</ele>
				<extensions>
					<swisstopo:routepoint_id>1233158156</swisstopo:routepoint_id>
				</extensions>
			</trkpt>
			<trkpt lat="46.4310002490" lon="6.9876272272">
				<ele>1842.4</ele>
				<extensions>
					<swisstopo:routepoint_id>69965295</swisstopo:routepoint_id>
				</extensions>
			</trkpt>
			<trkpt lat="46.4310491537" lon="6.9875530358">
				<ele>1841.9</ele>
				<extensions>
					<swisstopo:routepoint_id>1600874194</swisstopo:routepoint_id>
				</extensions>
			</trkpt>
			<trkpt lat="46.4310674964" lon="6.9875324092">
				<ele>1841.8</ele>
				<extensions>
					<swisstopo:routepoint_id>1174969537</swisstopo:routepoint_id>
				</extensions>
			</trkpt>
			<trkpt lat="46.4310865770" lon="6.9875623574">
				<ele>1841.8</ele>
				<extensions>
					<swisstopo:routepoint_id>994656255</swisstopo:routepoint_id>
				</extensions>
			</trkpt>
			<trkpt lat="46.4311139462" lon="6.9875906869">
				<ele>1842.7</ele>
				<extensions>
					<swisstopo:routepoint_id>1578057815</swisstopo:routepoint_id>
				</extensions>
			</trkpt>
			<trkpt lat="46.4311478307" lon="6.9875993071">
				<ele>1843.6</ele>
				<extensions>
					<swisstopo:routepoint_id>1075432881</swisstopo:routepoint_id>
				</extensions>
			</trkpt>
			<trkpt lat="46.4311970794" lon="6.9876055642">
				<ele>1844.8</ele>
				<extensions>
					<swisstopo:routepoint_id>748048117</swisstopo:routepoint_id>
				</extensions>
			</trkpt>
			<trkpt lat="46.4312420946" lon="6.9876009105">
				<ele>1846.4</ele>
				<extensions>
					<swisstopo:routepoint_id>1153197356</swisstopo:routepoint_id>
				</extensions>
			</trkpt>
			<trkpt lat="46.4313059114" lon="6.9875716687">
				<ele>1848.0</ele>
				<extensions>
					<swisstopo:routepoint_id>1976336215</swisstopo:routepoint_id>
				</extensions>
			</trkpt>
			<trkpt lat="46.4313441495" lon="6.9875687798">
				<ele>1848.8</ele>
				<extensions>
					<swisstopo:routepoint_id>468789573</swisstopo:routepoint_id>
				</extensions>
			</trkpt>
			<trkpt lat="46.4313723222" lon="6.9875564322">
				<ele>1849.6</ele>
				<extensions>
					<swisstopo:routepoint_id>1858616405</swisstopo:routepoint_id>
				</extensions>
			</trkpt>
			<trkpt lat="46.4314462568" lon="6.9875427471">
				<ele>1851.4</ele>
				<extensions>
					<swisstopo:routepoint_id>461371725</swisstopo:routepoint_id>
				</extensions>
			</trkpt>
			<trkpt lat="46.4314765451" lon="6.9875472297">
				<ele>1852.0</ele>
				<extensions>
					<swisstopo:routepoint_id>914627793</swisstopo:routepoint_id>
				</extensions>
			</trkpt>
			<trkpt lat="46.4315269207" lon="6.9875813410">
				<ele>1852.8</ele>
				<extensions>
					<swisstopo:routepoint_id>290482832</swisstopo:routepoint_id>
				</extensions>
			</trkpt>
			<trkpt lat="46.4315632240" lon="6.9876257584">
				<ele>1853.1</ele>
				<extensions>
					<swisstopo:routepoint_id>291212335</swisstopo:routepoint_id>
				</extensions>
			</trkpt>
			<trkpt lat="46.4315744404" lon="6.9876641958">
				<ele>1853.5</ele>
				<extensions>
					<swisstopo:routepoint_id>1828068052</swisstopo:routepoint_id>
				</extensions>
			</trkpt>
			<trkpt lat="46.4316098600" lon="6.9878040784">
				<ele>1853.8</ele>
				<extensions>
					<swisstopo:routepoint_id>1977781874</swisstopo:routepoint_id>
				</extensions>
			</trkpt>
			<trkpt lat="46.4316512642" lon="6.9878900207">
				<ele>1855.4</ele>
				<extensions>
					<swisstopo:routepoint_id>1464525963</swisstopo:routepoint_id>
				</extensions>
			</trkpt>
			<trkpt lat="46.4316828624" lon="6.9879732614">
				<ele>1856.8</ele>
				<extensions>
					<swisstopo:routepoint_id>1786483810</swisstopo:routepoint_id>
				</extensions>
			</trkpt>
			<trkpt lat="46.4316866442" lon="6.9880199808">
				<ele>1857.2</ele>
				<extensions>
					<swisstopo:routepoint_id>1796213727</swisstopo:routepoint_id>
				</extensions>
			</trkpt>
			<trkpt lat="46.4316832473" lon="6.9880568807">
				<ele>1857.9</ele>
				<extensions>
					<swisstopo:routepoint_id>187933431</swisstopo:routepoint_id>
				</extensions>
			</trkpt>
			<trkpt lat="46.4317015927" lon="6.9881671989">
				<ele>1859.4</ele>
				<extensions>
					<swisstopo:routepoint_id>1313902676</swisstopo:routepoint_id>
				</extensions>
			</trkpt>
			<trkpt lat="46.4317314858" lon="6.9882702939">
				<ele>1861.9</ele>
				<extensions>
					<swisstopo:routepoint_id>303028359</swisstopo:routepoint_id>
				</extensions>
			</trkpt>
			<trkpt lat="46.4317693665" lon="6.9883633746">
				<ele>1864.1</ele>
				<extensions>
					<swisstopo:routepoint_id>1435038488</swisstopo:routepoint_id>
				</extensions>
			</trkpt>
			<trkpt lat="46.4317972900" lon="6.9884254023">
				<ele>1865.7</ele>
				<extensions>
					<swisstopo:routepoint_id>1702790630</swisstopo:routepoint_id>
				</extensions>
			</trkpt>
			<trkpt lat="46.4318217940" lon="6.9885186379">
				<ele>1867.8</ele>
				<extensions>
					<swisstopo:routepoint_id>172467319</swisstopo:routepoint_id>
				</extensions>
			</trkpt>
			<trkpt lat="46.4318892420" lon="6.9886439637">
				<ele>1869.7</ele>
				<extensions>
					<swisstopo:routepoint_id>1317096085</swisstopo:routepoint_id>
				</extensions>
			</trkpt>
			<trkpt lat="46.4319262088" lon="6.9887565622">
				<ele>1871.9</ele>
				<extensions>
					<swisstopo:routepoint_id>1987845552</swisstopo:routepoint_id>
				</extensions>
			</trkpt>
			<trkpt lat="46.4319589064" lon="6.9888564140">
				<ele>1873.0</ele>
				<extensions>
					<swisstopo:routepoint_id>1067152007</swisstopo:routepoint_id>
				</extensions>
			</trkpt>
			<trkpt lat="46.4320007796" lon="6.9889406258">
				<ele>1873.6</ele>
				<extensions>
					<swisstopo:routepoint_id>1664820110</swisstopo:routepoint_id>
				</extensions>
			</trkpt>
			<trkpt lat="46.4320325923" lon="6.9889870193">
				<ele>1873.9</ele>
				<extensions>
					<swisstopo:routepoint_id>514130513</swisstopo:routepoint_id>
				</extensions>
			</trkpt>
			<trkpt lat="46.4320865952" lon="6.9890266039">
				<ele>1874.0</ele>
				<extensions>
					<swisstopo:routepoint_id>127803759</swisstopo:routepoint_id>
				</extensions>
			</trkpt>
			<trkpt lat="46.4321298503" lon="6.9890707751">
				<ele>1874.2</ele>
				<extensions>
					<swisstopo:routepoint_id>1015293203</swisstopo:routepoint_id>
				</extensions>
			</trkpt>
			<trkpt lat="46.4322008971" lon="6.9891435977">
				<ele>1874.8</ele>
				<extensions>
					<swisstopo:routepoint_id>578617317</swisstopo:routepoint_id>
				</extensions>
			</trkpt>
			<trkpt lat="46.4322457506" lon="6.9892055313">
				<ele>1875.6</ele>
				<extensions>
					<swisstopo:routepoint_id>442129591</swisstopo:routepoint_id>
				</extensions>
			</trkpt>
			<trkpt lat="46.4323246481" lon="6.9893161403">
				<ele>1877.1</ele>
				<extensions>
					<swisstopo:routepoint_id>907726897</swisstopo:routepoint_id>
				</extensions>
			</trkpt>
			<trkpt lat="46.4323833263" lon="6.9893712771">
				<ele>1877.8</ele>
				<extensions>
					<swisstopo:routepoint_id>183408506</swisstopo:routepoint_id>
				</extensions>
			</trkpt>
			<trkpt lat="46.4325480348" lon="6.9894936450">
				<ele>1880.0</ele>
				<extensions>
					<swisstopo:routepoint_id>382691553</swisstopo:routepoint_id>
				</extensions>
			</trkpt>
			<trkpt lat="46.4326465432" lon="6.9895061821">
				<ele>1880.4</ele>
				<extensions>
					<swisstopo:routepoint_id>1812229622</swisstopo:routepoint_id>
				</extensions>
			</trkpt>
			<trkpt lat="46.4326942894" lon="6.9895191241">
				<ele>1880.6</ele>
				<extensions>
					<swisstopo:routepoint_id>469674221</swisstopo:routepoint_id>
				</extensions>
			</trkpt>
			<trkpt lat="46.4327941696" lon="6.9895560072">
				<ele>1881.4</ele>
				<extensions>
					<swisstopo:routepoint_id>504220869</swisstopo:routepoint_id>
				</extensions>
			</trkpt>
			<trkpt lat="46.4328379131" lon="6.9895619050">
				<ele>1881.5</ele>
				<extensions>
					<swisstopo:routepoint_id>1367841772</swisstopo:routepoint_id>
				</extensions>
			</trkpt>
			<trkpt lat="46.4328826349" lon="6.9895518678">
				<ele>1881.3</ele>
				<extensions>
					<swisstopo:routepoint_id>1022905601</swisstopo:routepoint_id>
				</extensions>
			</trkpt>
			<trkpt lat="46.4329379201" lon="6.9895461972">
				<ele>1881.6</ele>
				<extensions>
					<swisstopo:routepoint_id>788421313</swisstopo:routepoint_id>
				</extensions>
			</trkpt>
			<trkpt lat="46.4329926705" lon="6.9895033341">
				<ele>1881.8</ele>
				<extensions>
					<swisstopo:routepoint_id>300441630</swisstopo:routepoint_id>
				</extensions>
			</trkpt>
			<trkpt lat="46.4330263535" lon="6.9894629950">
				<ele>1882.0</ele>
				<extensions>
					<swisstopo:routepoint_id>83325982</swisstopo:routepoint_id>
				</extensions>
			</trkpt>
			<trkpt lat="46.4330798073" lon="6.9893602083">
				<ele>1882.5</ele>
				<extensions>
					<swisstopo:routepoint_id>463566014</swisstopo:routepoint_id>
				</extensions>
			</trkpt>
			<trkpt lat="46.4331393161" lon="6.9892395639">
				<ele>1883.3</ele>
				<extensions>
					<swisstopo:routepoint_id>787749167</swisstopo:routepoint_id>
				</extensions>
			</trkpt>
			<trkpt lat="46.4331499087" lon="6.9891927567">
				<ele>1883.3</ele>
				<extensions>
					<swisstopo:routepoint_id>2098082301</swisstopo:routepoint_id>
				</extensions>
			</trkpt>
			<trkpt lat="46.4331726838" lon="6.9891169111">
				<ele>1883.6</ele>
				<extensions>
					<swisstopo:routepoint_id>1921322199</swisstopo:routepoint_id>
				</extensions>
			</trkpt>
			<trkpt lat="46.4331892879" lon="6.9890366756">
				<ele>1883.9</ele>
				<extensions>
					<swisstopo:routepoint_id>188068648</swisstopo:routepoint_id>
				</extensions>
			</trkpt>
			<trkpt lat="46.4331982730" lon="6.9889742912">
				<ele>1884.2</ele>
				<extensions>
					<swisstopo:routepoint_id>961759831</swisstopo:routepoint_id>
				</extensions>
			</trkpt>
			<trkpt lat="46.4332025456" lon="6.9888852629">
				<ele>1884.7</ele>
				<extensions>
					<swisstopo:routepoint_id>631001131</swisstopo:routepoint_id>
				</extensions>
			</trkpt>
			<trkpt lat="46.4332068463" lon="6.9888051032">
				<ele>1884.8</ele>
				<extensions>
					<swisstopo:routepoint_id>270405569</swisstopo:routepoint_id>
				</extensions>
			</trkpt>
			<trkpt lat="46.4332063469" lon="6.9886782947">
				<ele>1885.7</ele>
				<extensions>
					<swisstopo:routepoint_id>1076888355</swisstopo:routepoint_id>
				</extensions>
			</trkpt>
			<trkpt lat="46.4332058822" lon="6.9885603611">
				<ele>1886.8</ele>
				<extensions>
					<swisstopo:routepoint_id>1183754709</swisstopo:routepoint_id>
				</extensions>
			</trkpt>
			<trkpt lat="46.4332038430" lon="6.9884357889">
				<ele>1888.3</ele>
				<extensions>
					<swisstopo:routepoint_id>1546892413</swisstopo:routepoint_id>
				</extensions>
			</trkpt>
			<trkpt lat="46.4331973472" lon="6.9883468303">
				<ele>1889.8</ele>
				<extensions>
					<swisstopo:routepoint_id>354790355</swisstopo:routepoint_id>
				</extensions>
			</trkpt>
			<trkpt lat="46.4331909765" lon="6.9882912623">
				<ele>1890.8</ele>
				<extensions>
					<swisstopo:routepoint_id>996012960</swisstopo:routepoint_id>
				</extensions>
			</trkpt>
			<trkpt lat="46.4331967069" lon="6.9881844080">
				<ele>1892.6</ele>
				<extensions>
					<swisstopo:routepoint_id>1697909128</swisstopo:routepoint_id>
				</extensions>
			</trkpt>
			<trkpt lat="46.4331888140" lon="6.9881332869">
				<ele>1893.0</ele>
				<extensions>
					<swisstopo:routepoint_id>384826035</swisstopo:routepoint_id>
				</extensions>
			</trkpt>
			<trkpt lat="46.4331809037" lon="6.9880777315">
				<ele>1893.5</ele>
				<extensions>
					<swisstopo:routepoint_id>548425337</swisstopo:routepoint_id>
				</extensions>
			</trkpt>
			<trkpt lat="46.4331730899" lon="6.9880466472">
				<ele>1893.7</ele>
				<extensions>
					<swisstopo:routepoint_id>1411670599</swisstopo:routepoint_id>
				</extensions>
			</trkpt>
			<trkpt lat="46.4331789012" lon="6.9879620534">
				<ele>1895.0</ele>
				<extensions>
					<swisstopo:routepoint_id>1211629179</swisstopo:routepoint_id>
				</extensions>
			</trkpt>
			<trkpt lat="46.4331739358" lon="6.9878708650">
				<ele>1896.8</ele>
				<extensions>
					<swisstopo:routepoint_id>1885748515</swisstopo:routepoint_id>
				</extensions>
			</trkpt>
			<trkpt lat="46.4331720100" lon="6.9877729747">
				<ele>1898.3</ele>
				<extensions>
					<swisstopo:routepoint_id>1899843673</swisstopo:routepoint_id>
				</extensions>
			</trkpt>
			<trkpt lat="46.4331655577" lon="6.9876996062">
				<ele>1899.3</ele>
				<extensions>
					<swisstopo:routepoint_id>1284488931</swisstopo:routepoint_id>
				</extensions>
			</trkpt>
			<trkpt lat="46.4331561977" lon="6.9876640684">
				<ele>1899.7</ele>
				<extensions>
					<swisstopo:routepoint_id>359885669</swisstopo:routepoint_id>
				</extensions>
			</trkpt>
			<trkpt lat="46.4331589758" lon="6.9875906237">
				<ele>1901.0</ele>
				<extensions>
					<swisstopo:routepoint_id>595316606</swisstopo:routepoint_id>
				</extensions>
			</trkpt>
			<trkpt lat="46.4331464225" lon="6.9875284361">
				<ele>1901.8</ele>
				<extensions>
					<swisstopo:routepoint_id>1227680026</swisstopo:routepoint_id>
				</extensions>
			</trkpt>
			<trkpt lat="46.4331322638" lon="6.9874506652">
				<ele>1902.8</ele>
				<extensions>
					<swisstopo:routepoint_id>148673241</swisstopo:routepoint_id>
				</extensions>
			</trkpt>
			<trkpt lat="46.4331136116" lon="6.9873996333">
				<ele>1903.5</ele>
				<extensions>
					<swisstopo:routepoint_id>436993083</swisstopo:routepoint_id>
				</extensions>
			</trkpt>
			<trkpt lat="46.4330993276" lon="6.9872907338">
				<ele>1904.9</ele>
				<extensions>
					<swisstopo:routepoint_id>1963005192</swisstopo:routepoint_id>
				</extensions>
			</trkpt>
			<trkpt lat="46.4330913377" lon="6.9872151419">
				<ele>1905.9</ele>
				<extensions>
					<swisstopo:routepoint_id>1117109838</swisstopo:routepoint_id>
				</extensions>
			</trkpt>
			<trkpt lat="46.4330925320" lon="6.9871283500">
				<ele>1906.8</ele>
				<extensions>
					<swisstopo:routepoint_id>384024839</swisstopo:routepoint_id>
				</extensions>
			</trkpt>
			<trkpt lat="46.4330892442" lon="6.9870749928">
				<ele>1907.6</ele>
				<extensions>
					<swisstopo:routepoint_id>1565883032</swisstopo:routepoint_id>
				</extensions>
			</trkpt>
			<trkpt lat="46.4330905461" lon="6.9870148954">
				<ele>1908.7</ele>
				<extensions>
					<swisstopo:routepoint_id>1962433494</swisstopo:routepoint_id>
				</extensions>
			</trkpt>
			<trkpt lat="46.4330888219" lon="6.9869681897">
				<ele>1909.5</ele>
				<extensions>
					<swisstopo:routepoint_id>193309794</swisstopo:routepoint_id>
				</extensions>
			</trkpt>
			<trkpt lat="46.4330932270" lon="6.9869125326">
				<ele>1911.0</ele>
				<extensions>
					<swisstopo:routepoint_id>509059806</swisstopo:routepoint_id>
				</extensions>
			</trkpt>
			<trkpt lat="46.4330807349" lon="6.9868681268">
				<ele>1911.3</ele>
				<extensions>
					<swisstopo:routepoint_id>325213003</swisstopo:routepoint_id>
				</extensions>
			</trkpt>
			<trkpt lat="46.4330587440" lon="6.9867526017">
				<ele>1912.6</ele>
				<extensions>
					<swisstopo:routepoint_id>2125653785</swisstopo:routepoint_id>
				</extensions>
			</trkpt>
			<trkpt lat="46.4330336299" lon="6.9866259910">
				<ele>1915.0</ele>
				<extensions>
					<swisstopo:routepoint_id>1121336030</swisstopo:routepoint_id>
				</extensions>
			</trkpt>
			<trkpt lat="46.4330008687" lon="6.9865105552">
				<ele>1916.9</ele>
				<extensions>
					<swisstopo:routepoint_id>1989750502</swisstopo:routepoint_id>
				</extensions>
			</trkpt>
			<trkpt lat="46.4329819785" lon="6.9864039052">
				<ele>1918.4</ele>
				<extensions>
					<swisstopo:routepoint_id>1128227695</swisstopo:routepoint_id>
				</extensions>
			</trkpt>
			<trkpt lat="46.4329772057" lon="6.9863616592">
				<ele>1919.2</ele>
				<extensions>
					<swisstopo:routepoint_id>106502178</swisstopo:routepoint_id>
				</extensions>
			</trkpt>
			<trkpt lat="46.4329569168" lon="6.9862906293">
				<ele>1920.0</ele>
				<extensions>
					<swisstopo:routepoint_id>1185230250</swisstopo:routepoint_id>
				</extensions>
			</trkpt>
			<trkpt lat="46.4329473801" lon="6.9862128398">
				<ele>1921.6</ele>
				<extensions>
					<swisstopo:routepoint_id>1837065367</swisstopo:routepoint_id>
				</extensions>
			</trkpt>
			<trkpt lat="46.4329255184" lon="6.9861306863">
				<ele>1922.7</ele>
				<extensions>
					<swisstopo:routepoint_id>128393565</swisstopo:routepoint_id>
				</extensions>
			</trkpt>
			<trkpt lat="46.4328833347" lon="6.9859686221">
				<ele>1925.5</ele>
				<extensions>
					<swisstopo:routepoint_id>1523319357</swisstopo:routepoint_id>
				</extensions>
			</trkpt>
			<trkpt lat="46.4328490620" lon="6.9858598765">
				<ele>1927.2</ele>
				<extensions>
					<swisstopo:routepoint_id>1777287640</swisstopo:routepoint_id>
				</extensions>
			</trkpt>
			<trkpt lat="46.4328396462" lon="6.9858132157">
				<ele>1928.1</ele>
				<extensions>
					<swisstopo:routepoint_id>234186192</swisstopo:routepoint_id>
				</extensions>
			</trkpt>
			<trkpt lat="46.4328163441" lon="6.9857555651">
				<ele>1928.3</ele>
				<extensions>
					<swisstopo:routepoint_id>204578777</swisstopo:routepoint_id>
				</extensions>
			</trkpt>
			<trkpt lat="46.4327836792" lon="6.9856668310">
				<ele>1929.4</ele>
				<extensions>
					<swisstopo:routepoint_id>653316384</swisstopo:routepoint_id>
				</extensions>
			</trkpt>
			<trkpt lat="46.4327638489" lon="6.9855958360">
				<ele>1930.6</ele>
				<extensions>
					<swisstopo:routepoint_id>1581359608</swisstopo:routepoint_id>
				</extensions>
			</trkpt>
			<trkpt lat="46.4327330934" lon="6.9855483297">
				<ele>1931.3</ele>
				<extensions>
					<swisstopo:routepoint_id>153549665</swisstopo:routepoint_id>
				</extensions>
			</trkpt>
			<trkpt lat="46.4327351136" lon="6.9855244385">
				<ele>1931.8</ele>
				<extensions>
					<swisstopo:routepoint_id>1013889230</swisstopo:routepoint_id>
				</extensions>
			</trkpt>
			<trkpt lat="46.4327541000" lon="6.9855305132">
				<ele>1932.6</ele>
				<extensions>
					<swisstopo:routepoint_id>15648652</swisstopo:routepoint_id>
				</extensions>
			</trkpt>
			<trkpt lat="46.4327817183" lon="6.9855600412">
				<ele>1933.4</ele>
				<extensions>
					<swisstopo:routepoint_id>200604806</swisstopo:routepoint_id>
				</extensions>
			</trkpt>
			<trkpt lat="46.4328244907" lon="6.9856139914">
				<ele>1934.9</ele>
				<extensions>
					<swisstopo:routepoint_id>1276849211</swisstopo:routepoint_id>
				</extensions>
			</trkpt>
			<trkpt lat="46.4328594755" lon="6.9856685527">
				<ele>1935.5</ele>
				<extensions>
					<swisstopo:routepoint_id>1031205443</swisstopo:routepoint_id>
				</extensions>
			</trkpt>
			<trkpt lat="46.4328774185" lon="6.9856790259">
				<ele>1936.2</ele>
				<extensions>
					<swisstopo:routepoint_id>1024802169</swisstopo:routepoint_id>
				</extensions>
			</trkpt>
			<trkpt lat="46.4328879322" lon="6.9856718996">
				<ele>1937.2</ele>
				<extensions>
					<swisstopo:routepoint_id>2123523266</swisstopo:routepoint_id>
				</extensions>
			</trkpt>
			<trkpt lat="46.4328758400" lon="6.9856282279">
				<ele>1937.7</ele>
				<extensions>
					<swisstopo:routepoint_id>1846576409</swisstopo:routepoint_id>
				</extensions>
			</trkpt>
			<trkpt lat="46.4328723124" lon="6.9855871407">
				<ele>1939.4</ele>
				<extensions>
					<swisstopo:routepoint_id>1285507947</swisstopo:routepoint_id>
				</extensions>
			</trkpt>
			<trkpt lat="46.4328863872" lon="6.9855725200">
				<ele>1940.3</ele>
				<extensions>
					<swisstopo:routepoint_id>1831449314</swisstopo:routepoint_id>
				</extensions>
			</trkpt>
			<trkpt lat="46.4329086232" lon="6.9855789553">
				<ele>1941.1</ele>
				<extensions>
					<swisstopo:routepoint_id>1021272134</swisstopo:routepoint_id>
				</extensions>
			</trkpt>
			<trkpt lat="46.4329339115" lon="6.9855814263">
				<ele>1941.7</ele>
				<extensions>
					<swisstopo:routepoint_id>1354967446</swisstopo:routepoint_id>
				</extensions>
			</trkpt>
			<trkpt lat="46.4329506818" lon="6.9855592232">
				<ele>1942.2</ele>
				<extensions>
					<swisstopo:routepoint_id>2092110711</swisstopo:routepoint_id>
				</extensions>
			</trkpt>
			<trkpt lat="46.4329748581" lon="6.9855493406">
				<ele>1943.1</ele>
				<extensions>
					<swisstopo:routepoint_id>1210519706</swisstopo:routepoint_id>
				</extensions>
			</trkpt>
			<trkpt lat="46.4330002690" lon="6.9855826988">
				<ele>1944.1</ele>
				<extensions>
					<swisstopo:routepoint_id>1218644735</swisstopo:routepoint_id>
				</extensions>
			</trkpt>
			<trkpt lat="46.4330065992" lon="6.9856271426">
				<ele>1945.2</ele>
				<extensions>
					<swisstopo:routepoint_id>1366734321</swisstopo:routepoint_id>
				</extensions>
			</trkpt>
			<trkpt lat="46.4330113370" lon="6.9856605010">
				<ele>1946.0</ele>
				<extensions>
					<swisstopo:routepoint_id>1262863546</swisstopo:routepoint_id>
				</extensions>
			</trkpt>
			<trkpt lat="46.4330221134" lon="6.9856604116">
				<ele>1946.2</ele>
				<extensions>
					<swisstopo:routepoint_id>1080525054</swisstopo:routepoint_id>
				</extensions>
			</trkpt>
			<trkpt lat="46.4330404574" lon="6.9856313279">
				<ele>1947.0</ele>
				<extensions>
					<swisstopo:routepoint_id>502723936</swisstopo:routepoint_id>
				</extensions>
			</trkpt>
			<trkpt lat="46.4330556274" lon="6.9855778049">
				<ele>1947.8</ele>
				<extensions>
					<swisstopo:routepoint_id>66983052</swisstopo:routepoint_id>
				</extensions>
			</trkpt>
			<trkpt lat="46.4330785590" lon="6.9855420124">
				<ele>1948.6</ele>
				<extensions>
					<swisstopo:routepoint_id>898504908</swisstopo:routepoint_id>
				</extensions>
			</trkpt>
			<trkpt lat="46.4330989834" lon="6.9853752670">
				<ele>1950.6</ele>
				<extensions>
					<swisstopo:routepoint_id>2117127093</swisstopo:routepoint_id>
				</extensions>
			</trkpt>
			<trkpt lat="46.4330746029" lon="6.9853088137">
				<ele>1951.6</ele>
				<extensions>
					<swisstopo:routepoint_id>175814074</swisstopo:routepoint_id>
				</extensions>
			</trkpt>
			<trkpt lat="46.4330575579" lon="6.9852777938">
				<ele>1952.2</ele>
				<extensions>
					<swisstopo:routepoint_id>1730442485</swisstopo:routepoint_id>
				</extensions>
			</trkpt>
			<trkpt lat="46.4330451292" lon="6.9852489718">
				<ele>1952.8</ele>
				<extensions>
					<swisstopo:routepoint_id>2047156896</swisstopo:routepoint_id>
				</extensions>
			</trkpt>
			<trkpt lat="46.4330248219" lon="6.9851712591">
				<ele>1953.6</ele>
				<extensions>
					<swisstopo:routepoint_id>154727338</swisstopo:routepoint_id>
				</extensions>
			</trkpt>
			<trkpt lat="46.4330031275" lon="6.9851336263">
				<ele>1954.9</ele>
				<extensions>
					<swisstopo:routepoint_id>1995953875</swisstopo:routepoint_id>
				</extensions>
			</trkpt>
			<trkpt lat="46.4329721782" lon="6.9850871509">
				<ele>1956.5</ele>
				<extensions>
					<swisstopo:routepoint_id>1656697890</swisstopo:routepoint_id>
				</extensions>
			</trkpt>
			<trkpt lat="46.4329336175" lon="6.9850607696">
				<ele>1958.5</ele>
				<extensions>
					<swisstopo:routepoint_id>1013339800</swisstopo:routepoint_id>
				</extensions>
			</trkpt>
			<trkpt lat="46.4328980607" lon="6.9850165687">
				<ele>1960.1</ele>
				<extensions>
					<swisstopo:routepoint_id>571972996</swisstopo:routepoint_id>
				</extensions>
			</trkpt>
			<trkpt lat="46.4328377348" lon="6.9849347420">
				<ele>1962.2</ele>
				<extensions>
					<swisstopo:routepoint_id>524159570</swisstopo:routepoint_id>
				</extensions>
			</trkpt>
			<trkpt lat="46.4328249917" lon="6.9848975432">
				<ele>1961.5</ele>
				<extensions>
					<swisstopo:routepoint_id>1686381468</swisstopo:routepoint_id>
				</extensions>
			</trkpt>
			<trkpt lat="46.4328301770" lon="6.9848439445">
				<ele>1960.7</ele>
				<extensions>
					<swisstopo:routepoint_id>346876718</swisstopo:routepoint_id>
				</extensions>
			</trkpt>
			<trkpt lat="46.4328125126" lon="6.9847836301">
				<ele>1960.2</ele>
				<extensions>
					<swisstopo:routepoint_id>2137793525</swisstopo:routepoint_id>
				</extensions>
			</trkpt>
			<trkpt lat="46.4327948525" lon="6.9847084434">
				<ele>1960.6</ele>
				<extensions>
					<swisstopo:routepoint_id>856079654</swisstopo:routepoint_id>
				</extensions>
			</trkpt>
			<trkpt lat="46.4327734124" lon="6.9846215415">
				<ele>1961.4</ele>
				<extensions>
					<swisstopo:routepoint_id>2061287694</swisstopo:routepoint_id>
				</extensions>
			</trkpt>
			<trkpt lat="46.4327500898" lon="6.9845594257">
				<ele>1962.0</ele>
				<extensions>
					<swisstopo:routepoint_id>1782175029</swisstopo:routepoint_id>
				</extensions>
			</trkpt>
			<trkpt lat="46.4326741693" lon="6.9844243454">
				<ele>1964.8</ele>
				<extensions>
					<swisstopo:routepoint_id>2024416350</swisstopo:routepoint_id>
				</extensions>
			</trkpt>
			<trkpt lat="46.4326446949" lon="6.9843600509">
				<ele>1965.5</ele>
				<extensions>
					<swisstopo:routepoint_id>1308006606</swisstopo:routepoint_id>
				</extensions>
			</trkpt>
			<trkpt lat="46.4325949858" lon="6.9842403113">
				<ele>1965.9</ele>
				<extensions>
					<swisstopo:routepoint_id>476288425</swisstopo:routepoint_id>
				</extensions>
			</trkpt>
			<trkpt lat="46.4325576967" lon="6.9841493935">
				<ele>1966.2</ele>
				<extensions>
					<swisstopo:routepoint_id>1036140964</swisstopo:routepoint_id>
				</extensions>
			</trkpt>
			<trkpt lat="46.4325143336" lon="6.9840741228">
				<ele>1967.1</ele>
				<extensions>
					<swisstopo:routepoint_id>1867849830</swisstopo:routepoint_id>
				</extensions>
			</trkpt>
			<trkpt lat="46.4324770177" lon="6.9839765221">
				<ele>1966.9</ele>
				<extensions>
					<swisstopo:routepoint_id>1331890873</swisstopo:routepoint_id>
				</extensions>
			</trkpt>
			<trkpt lat="46.4324507087" lon="6.9839389096">
				<ele>1967.3</ele>
				<extensions>
					<swisstopo:routepoint_id>1251617434</swisstopo:routepoint_id>
				</extensions>
			</trkpt>
			<trkpt lat="46.4324088848" lon="6.9838658245">
				<ele>1968.0</ele>
				<extensions>
					<swisstopo:routepoint_id>842099652</swisstopo:routepoint_id>
				</extensions>
			</trkpt>
			<trkpt lat="46.4323561427" lon="6.9837550179">
				<ele>1968.2</ele>
				<extensions>
					<swisstopo:routepoint_id>178676994</swisstopo:routepoint_id>
				</extensions>
			</trkpt>
			<trkpt lat="46.4323436494" lon="6.9837106135">
				<ele>1967.9</ele>
				<extensions>
					<swisstopo:routepoint_id>1771074523</swisstopo:routepoint_id>
				</extensions>
			</trkpt>
			<trkpt lat="46.4323218746" lon="6.9836507408">
				<ele>1968.0</ele>
				<extensions>
					<swisstopo:routepoint_id>1426565033</swisstopo:routepoint_id>
				</extensions>
			</trkpt>
			<trkpt lat="46.4323078106" lon="6.9835929830">
				<ele>1966.5</ele>
				<extensions>
					<swisstopo:routepoint_id>520888315</swisstopo:routepoint_id>
				</extensions>
			</trkpt>
			<trkpt lat="46.4323025160" lon="6.9835352474">
				<ele>1966.0</ele>
				<extensions>
					<swisstopo:routepoint_id>1920845038</swisstopo:routepoint_id>
				</extensions>
			</trkpt>
			<trkpt lat="46.4322956493" lon="6.9835145243">
				<ele>1966.1</ele>
				<extensions>
					<swisstopo:routepoint_id>1558180308</swisstopo:routepoint_id>
				</extensions>
			</trkpt>
			<trkpt lat="46.4322822167" lon="6.9834978519">
				<ele>1966.4</ele>
				<extensions>
					<swisstopo:routepoint_id>131699074</swisstopo:routepoint_id>
				</extensions>
			</trkpt>
			<trkpt lat="46.4322666884" lon="6.9834436258">
				<ele>1966.0</ele>
				<extensions>
					<swisstopo:routepoint_id>259004049</swisstopo:routepoint_id>
				</extensions>
			</trkpt>
			<trkpt lat="46.4322334655" lon="6.9833685575">
				<ele>1966.6</ele>
				<extensions>
					<swisstopo:routepoint_id>730366843</swisstopo:routepoint_id>
				</extensions>
			</trkpt>
			<trkpt lat="46.4321972653" lon="6.9833008134">
				<ele>1966.8</ele>
				<extensions>
					<swisstopo:routepoint_id>712506645</swisstopo:routepoint_id>
				</extensions>
			</trkpt>
			<trkpt lat="46.4321583418" lon="6.9832716925">
				<ele>1967.2</ele>
				<extensions>
					<swisstopo:routepoint_id>691806329</swisstopo:routepoint_id>
				</extensions>
			</trkpt>
			<trkpt lat="46.4321169473" lon="6.9832342318">
				<ele>1967.6</ele>
				<extensions>
					<swisstopo:routepoint_id>43356266</swisstopo:routepoint_id>
				</extensions>
			</trkpt>
			<trkpt lat="46.4320801451" lon="6.9831664930">
				<ele>1967.6</ele>
				<extensions>
					<swisstopo:routepoint_id>62355886</swisstopo:routepoint_id>
				</extensions>
			</trkpt>
			<trkpt lat="46.4320543320" lon="6.9831112287">
				<ele>1967.9</ele>
				<extensions>
					<swisstopo:routepoint_id>2017158725</swisstopo:routepoint_id>
				</extensions>
			</trkpt>
			<trkpt lat="46.4320085749" lon="6.9830581383">
				<ele>1969.9</ele>
				<extensions>
					<swisstopo:routepoint_id>978479172</swisstopo:routepoint_id>
				</extensions>
			</trkpt>
			<trkpt lat="46.4319669816" lon="6.9829956302">
				<ele>1971.2</ele>
				<extensions>
					<swisstopo:routepoint_id>1630699398</swisstopo:routepoint_id>
				</extensions>
			</trkpt>
			<trkpt lat="46.4319291381" lon="6.9829487569">
				<ele>1972.5</ele>
				<extensions>
					<swisstopo:routepoint_id>379455563</swisstopo:routepoint_id>
				</extensions>
			</trkpt>
			<trkpt lat="46.4319018523" lon="6.9829394364">
				<ele>1974.0</ele>
				<extensions>
					<swisstopo:routepoint_id>396630493</swisstopo:routepoint_id>
				</extensions>
			</trkpt>
			<trkpt lat="46.4318799407" lon="6.9829196713">
				<ele>1975.1</ele>
				<extensions>
					<swisstopo:routepoint_id>1184225327</swisstopo:routepoint_id>
				</extensions>
			</trkpt>
			<trkpt lat="46.4318565390" lon="6.9828644125">
				<ele>1975.0</ele>
				<extensions>
					<swisstopo:routepoint_id>303531736</swisstopo:routepoint_id>
				</extensions>
			</trkpt>
			<trkpt lat="46.4318228806" lon="6.9828112723">
				<ele>1976.0</ele>
				<extensions>
					<swisstopo:routepoint_id>1366168780</swisstopo:routepoint_id>
				</extensions>
			</trkpt>
			<trkpt lat="46.4318104442" lon="6.9827674653">
				<ele>1976.3</ele>
				<extensions>
					<swisstopo:routepoint_id>162353210</swisstopo:routepoint_id>
				</extensions>
			</trkpt>
			<trkpt lat="46.4318013753" lon="6.9826902585">
				<ele>1976.7</ele>
				<extensions>
					<swisstopo:routepoint_id>522601920</swisstopo:routepoint_id>
				</extensions>
			</trkpt>
			<trkpt lat="46.4317822374" lon="6.9826402118">
				<ele>1978.4</ele>
				<extensions>
					<swisstopo:routepoint_id>310264348</swisstopo:routepoint_id>
				</extensions>
			</trkpt>
			<trkpt lat="46.4317553529" lon="6.9826027067">
				<ele>1980.3</ele>
				<extensions>
					<swisstopo:routepoint_id>878075676</swisstopo:routepoint_id>
				</extensions>
			</trkpt>
			<trkpt lat="46.4317361709" lon="6.9825839228">
				<ele>1981.2</ele>
				<extensions>
					<swisstopo:routepoint_id>926407718</swisstopo:routepoint_id>
				</extensions>
			</trkpt>
			<trkpt lat="46.4317255728" lon="6.9825247838">
				<ele>1981.3</ele>
				<extensions>
					<swisstopo:routepoint_id>70969229</swisstopo:routepoint_id>
				</extensions>
			</trkpt>
			<trkpt lat="46.4316699092" lon="6.9823812236">
				<ele>1981.2</ele>
				<extensions>
					<swisstopo:routepoint_id>363774434</swisstopo:routepoint_id>
				</extensions>
			</trkpt>
			<trkpt lat="46.4316562737" lon="6.9823077908">
				<ele>1980.6</ele>
				<extensions>
					<swisstopo:routepoint_id>849457670</swisstopo:routepoint_id>
				</extensions>
			</trkpt>
			<trkpt lat="46.4316351223" lon="6.9821743104">
				<ele>1979.4</ele>
				<extensions>
					<swisstopo:routepoint_id>1968907299</swisstopo:routepoint_id>
				</extensions>
			</trkpt>
			<trkpt lat="46.4316091743" lon="6.9820491668">
				<ele>1979.0</ele>
				<extensions>
					<swisstopo:routepoint_id>1497107593</swisstopo:routepoint_id>
				</extensions>
			</trkpt>
			<trkpt lat="46.4315524209" lon="6.9819325590">
				<ele>1979.1</ele>
				<extensions>
					<swisstopo:routepoint_id>1268110003</swisstopo:routepoint_id>
				</extensions>
			</trkpt>
			<trkpt lat="46.4315122123" lon="6.9818655395">
				<ele>1980.0</ele>
				<extensions>
					<swisstopo:routepoint_id>1409796822</swisstopo:routepoint_id>
				</extensions>
			</trkpt>
			<trkpt lat="46.4314658991" lon="6.9817861357">
				<ele>1981.5</ele>
				<extensions>
					<swisstopo:routepoint_id>984831693</swisstopo:routepoint_id>
				</extensions>
			</trkpt>
			<trkpt lat="46.4314200173" lon="6.9816663404">
				<ele>1983.2</ele>
				<extensions>
					<swisstopo:routepoint_id>1334649344</swisstopo:routepoint_id>
				</extensions>
			</trkpt>
			<trkpt lat="46.4313815118" lon="6.9815754714">
				<ele>1984.7</ele>
				<extensions>
					<swisstopo:routepoint_id>452651974</swisstopo:routepoint_id>
				</extensions>
			</trkpt>
			<trkpt lat="46.4313511002" lon="6.9815353160">
				<ele>1985.6</ele>
				<extensions>
					<swisstopo:routepoint_id>1458174334</swisstopo:routepoint_id>
				</extensions>
			</trkpt>
			<trkpt lat="46.4313466156" lon="6.9814804494">
				<ele>1986.1</ele>
				<extensions>
					<swisstopo:routepoint_id>1452484369</swisstopo:routepoint_id>
				</extensions>
			</trkpt>
			<trkpt lat="46.4313312871" lon="6.9814308384">
				<ele>1986.9</ele>
				<extensions>
					<swisstopo:routepoint_id>1558152441</swisstopo:routepoint_id>
				</extensions>
			</trkpt>
			<trkpt lat="46.4313054027" lon="6.9813222731">
				<ele>1987.2</ele>
				<extensions>
					<swisstopo:routepoint_id>480519823</swisstopo:routepoint_id>
				</extensions>
			</trkpt>
			<trkpt lat="46.4312826841" lon="6.9812447656">
				<ele>1987.3</ele>
				<extensions>
					<swisstopo:routepoint_id>1646641416</swisstopo:routepoint_id>
				</extensions>
			</trkpt>
			<trkpt lat="46.4312524717" lon="6.9811134428">
				<ele>1987.0</ele>
				<extensions>
					<swisstopo:routepoint_id>1898040622</swisstopo:routepoint_id>
				</extensions>
			</trkpt>
			<trkpt lat="46.4312345975" lon="6.9810369082">
				<ele>1987.1</ele>
				<extensions>
					<swisstopo:routepoint_id>931834878</swisstopo:routepoint_id>
				</extensions>
			</trkpt>
			<trkpt lat="46.4311767879" lon="6.9808208709">
				<ele>1987.0</ele>
				<extensions>
					<swisstopo:routepoint_id>271701200</swisstopo:routepoint_id>
				</extensions>
			</trkpt>
			<trkpt lat="46.4311494510" lon="6.9806553339">
				<ele>1985.8</ele>
				<extensions>
					<swisstopo:routepoint_id>1091965666</swisstopo:routepoint_id>
				</extensions>
			</trkpt>
			<trkpt lat="46.4311453383" lon="6.9806441458">
				<ele>1985.5</ele>
				<extensions>
					<swisstopo:routepoint_id>74272783</swisstopo:routepoint_id>
				</extensions>
			</trkpt>
			<trkpt lat="46.4311283042" lon="6.9804866594">
				<ele>1982.7</ele>
				<extensions>
					<swisstopo:routepoint_id>164959580</swisstopo:routepoint_id>
				</extensions>
			</trkpt>
			<trkpt lat="46.4311095101" lon="6.9803386677">
				<ele>1979.9</ele>
				<extensions>
					<swisstopo:routepoint_id>1206316301</swisstopo:routepoint_id>
				</extensions>
			</trkpt>
			<trkpt lat="46.4311059126" lon="6.9802092051">
				<ele>1977.8</ele>
				<extensions>
					<swisstopo:routepoint_id>1532966480</swisstopo:routepoint_id>
				</extensions>
			</trkpt>
			<trkpt lat="46.4310944359" lon="6.9800756585">
				<ele>1976.6</ele>
				<extensions>
					<swisstopo:routepoint_id>1191959328</swisstopo:routepoint_id>
				</extensions>
			</trkpt>
			<trkpt lat="46.4310807917" lon="6.9799980621">
				<ele>1977.0</ele>
				<extensions>
					<swisstopo:routepoint_id>190580715</swisstopo:routepoint_id>
				</extensions>
			</trkpt>
			<trkpt lat="46.4310822466" lon="6.9799193236">
				<ele>1976.9</ele>
				<extensions>
					<swisstopo:routepoint_id>182982517</swisstopo:routepoint_id>
				</extensions>
			</trkpt>
			<trkpt lat="46.4311024451" lon="6.9798352491">
				<ele>1976.3</ele>
				<extensions>
					<swisstopo:routepoint_id>208792245</swisstopo:routepoint_id>
				</extensions>
			</trkpt>
			<trkpt lat="46.4311064040" lon="6.9797751464">
				<ele>1976.2</ele>
				<extensions>
					<swisstopo:routepoint_id>990510027</swisstopo:routepoint_id>
				</extensions>
			</trkpt>
			<trkpt lat="46.4311137073" lon="6.9796476605">
				<ele>1975.9</ele>
				<extensions>
					<swisstopo:routepoint_id>953119000</swisstopo:routepoint_id>
				</extensions>
			</trkpt>
			<trkpt lat="46.4311339349" lon="6.9795306040">
				<ele>1975.3</ele>
				<extensions>
					<swisstopo:routepoint_id>1419361068</swisstopo:routepoint_id>
				</extensions>
			</trkpt>
			<trkpt lat="46.4311627664" lon="6.9794324832">
				<ele>1974.6</ele>
				<extensions>
					<swisstopo:routepoint_id>549381303</swisstopo:routepoint_id>
				</extensions>
			</trkpt>
			<trkpt lat="46.4311993694" lon="6.9793520559">
				<ele>1974.2</ele>
				<extensions>
					<swisstopo:routepoint_id>52547460</swisstopo:routepoint_id>
				</extensions>
			</trkpt>
			<trkpt lat="46.4312421615" lon="6.9792805014">
				<ele>1973.8</ele>
				<extensions>
					<swisstopo:routepoint_id>2115287935</swisstopo:routepoint_id>
				</extensions>
			</trkpt>
			<trkpt lat="46.4312910437" lon="6.9791955466">
				<ele>1973.4</ele>
				<extensions>
					<swisstopo:routepoint_id>1620161864</swisstopo:routepoint_id>
				</extensions>
			</trkpt>
			<trkpt lat="46.4313184533" lon="6.9791263337">
				<ele>1973.2</ele>
				<extensions>
					<swisstopo:routepoint_id>922363130</swisstopo:routepoint_id>
				</extensions>
			</trkpt>
			<trkpt lat="46.4313356450" lon="6.9790864153">
				<ele>1973.2</ele>
				<extensions>
					<swisstopo:routepoint_id>1785812686</swisstopo:routepoint_id>
				</extensions>
			</trkpt>
			<trkpt lat="46.4313596494" lon="6.9790784324">
				<ele>1972.9</ele>
				<extensions>
					<swisstopo:routepoint_id>1278221261</swisstopo:routepoint_id>
				</extensions>
			</trkpt>
			<trkpt lat="46.4313918710" lon="6.9790535834">
				<ele>1971.9</ele>
				<extensions>
					<swisstopo:routepoint_id>416616583</swisstopo:routepoint_id>
				</extensions>
			</trkpt>
			<trkpt lat="46.4314264086" lon="6.9790164329">
				<ele>1970.9</ele>
				<extensions>
					<swisstopo:routepoint_id>476107615</swisstopo:routepoint_id>
				</extensions>
			</trkpt>
			<trkpt lat="46.4314527135" lon="6.9789765938">
				<ele>1970.3</ele>
				<extensions>
					<swisstopo:routepoint_id>867097051</swisstopo:routepoint_id>
				</extensions>
			</trkpt>
			<trkpt lat="46.4314316679" lon="6.9789755355">
				<ele>1970.6</ele>
				<extensions>
					<swisstopo:routepoint_id>497983630</swisstopo:routepoint_id>
				</extensions>
			</trkpt>
			<trkpt lat="46.4313954695" lon="6.9789667209">
				<ele>1971.3</ele>
				<extensions>
					<swisstopo:routepoint_id>439569330</swisstopo:routepoint_id>
				</extensions>
			</trkpt>
			<trkpt lat="46.4313825263" lon="6.9789604551">
				<ele>1971.4</ele>
				<extensions>
					<swisstopo:routepoint_id>1257058588</swisstopo:routepoint_id>
				</extensions>
			</trkpt>
			<trkpt lat="46.4313612096" lon="6.9789501356">
				<ele>1971.2</ele>
				<extensions>
					<swisstopo:routepoint_id>1207275692</swisstopo:routepoint_id>
				</extensions>
			</trkpt>
			<trkpt lat="46.4313468762" lon="6.9789225834">
				<ele>1971.1</ele>
				<extensions>
					<swisstopo:routepoint_id>366780826</swisstopo:routepoint_id>
				</extensions>
			</trkpt>
			<trkpt lat="46.4313369889" lon="6.9788577444">
				<ele>1970.4</ele>
				<extensions>
					<swisstopo:routepoint_id>877567946</swisstopo:routepoint_id>
				</extensions>
			</trkpt>
			<trkpt lat="46.4313351160" lon="6.9787905220">
				<ele>1969.6</ele>
				<extensions>
					<swisstopo:routepoint_id>148141317</swisstopo:routepoint_id>
				</extensions>
			</trkpt>
			<trkpt lat="46.4313492264" lon="6.9787115591">
				<ele>1968.6</ele>
				<extensions>
					<swisstopo:routepoint_id>1412030102</swisstopo:routepoint_id>
				</extensions>
			</trkpt>
			<trkpt lat="46.4313505179" lon="6.9786327046">
				<ele>1967.7</ele>
				<extensions>
					<swisstopo:routepoint_id>57326394</swisstopo:routepoint_id>
				</extensions>
			</trkpt>
			<trkpt lat="46.4313438423" lon="6.9785701416">
				<ele>1966.9</ele>
				<extensions>
					<swisstopo:routepoint_id>1056431970</swisstopo:routepoint_id>
				</extensions>
			</trkpt>
			<trkpt lat="46.4313371377" lon="6.9784960121">
				<ele>1965.9</ele>
				<extensions>
					<swisstopo:routepoint_id>400887287</swisstopo:routepoint_id>
				</extensions>
			</trkpt>
			<trkpt lat="46.4313336639" lon="6.9784310938">
				<ele>1965.2</ele>
				<extensions>
					<swisstopo:routepoint_id>1999546170</swisstopo:routepoint_id>
				</extensions>
			</trkpt>
			<trkpt lat="46.4313397591" lon="6.9783521979">
				<ele>1964.5</ele>
				<extensions>
					<swisstopo:routepoint_id>1292672346</swisstopo:routepoint_id>
				</extensions>
			</trkpt>
			<trkpt lat="46.4313408911" lon="6.9782339487">
				<ele>1963.4</ele>
				<extensions>
					<swisstopo:routepoint_id>643159271</swisstopo:routepoint_id>
				</extensions>
			</trkpt>
			<trkpt lat="46.4313485308" lon="6.9781411191">
				<ele>1962.3</ele>
				<extensions>
					<swisstopo:routepoint_id>461682726</swisstopo:routepoint_id>
				</extensions>
			</trkpt>
			<trkpt lat="46.4313451791" lon="6.9781086863">
				<ele>1961.7</ele>
				<extensions>
					<swisstopo:routepoint_id>1705543726</swisstopo:routepoint_id>
				</extensions>
			</trkpt>
			<trkpt lat="46.4313143830" lon="6.9780254587">
				<ele>1959.9</ele>
				<extensions>
					<swisstopo:routepoint_id>841998887</swisstopo:routepoint_id>
				</extensions>
			</trkpt>
			<trkpt lat="46.4312965081" lon="6.9779653332">
				<ele>1959.1</ele>
				<extensions>
					<swisstopo:routepoint_id>1195623638</swisstopo:routepoint_id>
				</extensions>
			</trkpt>
			<trkpt lat="46.4312882209" lon="6.9778981513">
				<ele>1958.2</ele>
				<extensions>
					<swisstopo:routepoint_id>1720153536</swisstopo:routepoint_id>
				</extensions>
			</trkpt>
			<trkpt lat="46.4312799432" lon="6.9778332864">
				<ele>1957.1</ele>
				<extensions>
					<swisstopo:routepoint_id>1811798107</swisstopo:routepoint_id>
				</extensions>
			</trkpt>
			<trkpt lat="46.4312700643" lon="6.9777684479">
				<ele>1956.3</ele>
				<extensions>
					<swisstopo:routepoint_id>1805925994</swisstopo:routepoint_id>
				</extensions>
			</trkpt>
			<trkpt lat="46.4312521989" lon="6.9777129393">
				<ele>1955.9</ele>
				<extensions>
					<swisstopo:routepoint_id>1613882572</swisstopo:routepoint_id>
				</extensions>
			</trkpt>
			<trkpt lat="46.4312391464" lon="6.9776597072">
				<ele>1955.6</ele>
				<extensions>
					<swisstopo:routepoint_id>487422890</swisstopo:routepoint_id>
				</extensions>
			</trkpt>
			<trkpt lat="46.4312341173" lon="6.9776017888">
				<ele>1955.2</ele>
				<extensions>
					<swisstopo:routepoint_id>1951253061</swisstopo:routepoint_id>
				</extensions>
			</trkpt>
			<trkpt lat="46.4312354184" lon="6.9775298944">
				<ele>1954.3</ele>
				<extensions>
					<swisstopo:routepoint_id>1306596748</swisstopo:routepoint_id>
				</extensions>
			</trkpt>
			<trkpt lat="46.4312573736" lon="6.9774091138">
				<ele>1953.1</ele>
				<extensions>
					<swisstopo:routepoint_id>726084886</swisstopo:routepoint_id>
				</extensions>
			</trkpt>
			<trkpt lat="46.4312618857" lon="6.9773348909">
				<ele>1952.7</ele>
				<extensions>
					<swisstopo:routepoint_id>1263592067</swisstopo:routepoint_id>
				</extensions>
			</trkpt>
			<trkpt lat="46.4312552084" lon="6.9772676956">
				<ele>1952.3</ele>
				<extensions>
					<swisstopo:routepoint_id>1110551792</swisstopo:routepoint_id>
				</extensions>
			</trkpt>
			<trkpt lat="46.4312372492" lon="6.9771913207">
				<ele>1952.0</ele>
				<extensions>
					<swisstopo:routepoint_id>1156541027</swisstopo:routepoint_id>
				</extensions>
			</trkpt>
			<trkpt lat="46.4312208146" lon="6.9770894314">
				<ele>1951.8</ele>
				<extensions>
					<swisstopo:routepoint_id>1178265202</swisstopo:routepoint_id>
				</extensions>
			</trkpt>
			<trkpt lat="46.4311948307" lon="6.9770084919">
				<ele>1951.8</ele>
				<extensions>
					<swisstopo:routepoint_id>269927038</swisstopo:routepoint_id>
				</extensions>
			</trkpt>
			<trkpt lat="46.4311786414" lon="6.9769715244">
				<ele>1951.7</ele>
				<extensions>
					<swisstopo:routepoint_id>222341374</swisstopo:routepoint_id>
				</extensions>
			</trkpt>
			<trkpt lat="46.4311672078" lon="6.9769182788">
				<ele>1952.0</ele>
				<extensions>
					<swisstopo:routepoint_id>1699907466</swisstopo:routepoint_id>
				</extensions>
			</trkpt>
			<trkpt lat="46.4311461303" lon="6.9768604950">
				<ele>1951.9</ele>
				<extensions>
					<swisstopo:routepoint_id>226642971</swisstopo:routepoint_id>
				</extensions>
			</trkpt>
			<trkpt lat="46.4311203246" lon="6.9768236090">
				<ele>1951.2</ele>
				<extensions>
					<swisstopo:routepoint_id>1220630566</swisstopo:routepoint_id>
				</extensions>
			</trkpt>
			<trkpt lat="46.4310992277" lon="6.9767588661">
				<ele>1950.7</ele>
				<extensions>
					<swisstopo:routepoint_id>463250363</swisstopo:routepoint_id>
				</extensions>
			</trkpt>
			<trkpt lat="46.4310925570" lon="6.9767443368">
				<ele>1950.4</ele>
				<extensions>
					<swisstopo:routepoint_id>1976422937</swisstopo:routepoint_id>
				</extensions>
			</trkpt>
			<trkpt lat="46.4310008088" lon="6.9766089746">
				<ele>1947.0</ele>
				<extensions>
					<swisstopo:routepoint_id>1178186211</swisstopo:routepoint_id>
				</extensions>
			</trkpt>
			<trkpt lat="46.4309748803" lon="6.9765396163">
				<ele>1945.6</ele>
				<extensions>
					<swisstopo:routepoint_id>1011778051</swisstopo:routepoint_id>
				</extensions>
			</trkpt>
			<trkpt lat="46.4309666584" lon="6.9764886719">
				<ele>1944.8</ele>
				<extensions>
					<swisstopo:routepoint_id>1563876012</swisstopo:routepoint_id>
				</extensions>
			</trkpt>
			<trkpt lat="46.4309712649" lon="6.9764422626">
				<ele>1944.5</ele>
				<extensions>
					<swisstopo:routepoint_id>1998337635</swisstopo:routepoint_id>
				</extensions>
			</trkpt>
			<trkpt lat="46.4309742215" lon="6.9763773030">
				<ele>1943.5</ele>
				<extensions>
					<swisstopo:routepoint_id>177212511</swisstopo:routepoint_id>
				</extensions>
			</trkpt>
			<trkpt lat="46.4309611304" lon="6.9763124923">
				<ele>1942.4</ele>
				<extensions>
					<swisstopo:routepoint_id>464210466</swisstopo:routepoint_id>
				</extensions>
			</trkpt>
			<trkpt lat="46.4309432835" lon="6.9762639597">
				<ele>1941.1</ele>
				<extensions>
					<swisstopo:routepoint_id>201398134</swisstopo:routepoint_id>
				</extensions>
			</trkpt>
			<trkpt lat="46.4309062224" lon="6.9762155634">
				<ele>1939.7</ele>
				<extensions>
					<swisstopo:routepoint_id>1377406742</swisstopo:routepoint_id>
				</extensions>
			</trkpt>
			<trkpt lat="46.4308643237" lon="6.9761189530">
				<ele>1937.0</ele>
				<extensions>
					<swisstopo:routepoint_id>1838354533</swisstopo:routepoint_id>
				</extensions>
			</trkpt>
			<trkpt lat="46.4308457893" lon="6.9760805208">
				<ele>1936.7</ele>
				<extensions>
					<swisstopo:routepoint_id>547361862</swisstopo:routepoint_id>
				</extensions>
			</trkpt>
			<trkpt lat="46.4308142337" lon="6.9759856967">
				<ele>1935.9</ele>
				<extensions>
					<swisstopo:routepoint_id>144288475</swisstopo:routepoint_id>
				</extensions>
			</trkpt>
			<trkpt lat="46.4307966900" lon="6.9758701453">
				<ele>1934.0</ele>
				<extensions>
					<swisstopo:routepoint_id>193840482</swisstopo:routepoint_id>
				</extensions>
			</trkpt>
			<trkpt lat="46.4307796419" lon="6.9758433055">
				<ele>1933.6</ele>
				<extensions>
					<swisstopo:routepoint_id>1254488504</swisstopo:routepoint_id>
				</extensions>
			</trkpt>
			<trkpt lat="46.4307684999" lon="6.9758619534">
				<ele>1932.8</ele>
				<extensions>
					<swisstopo:routepoint_id>1592639416</swisstopo:routepoint_id>
				</extensions>
			</trkpt>
			<trkpt lat="46.4307490294" lon="6.9759363170">
				<ele>1931.4</ele>
				<extensions>
					<swisstopo:routepoint_id>2004855778</swisstopo:routepoint_id>
				</extensions>
			</trkpt>
			<trkpt lat="46.4307472238" lon="6.9759701463">
				<ele>1930.8</ele>
				<extensions>
					<swisstopo:routepoint_id>599119902</swisstopo:routepoint_id>
				</extensions>
			</trkpt>
			<trkpt lat="46.4307290473" lon="6.9760153432">
				<ele>1929.6</ele>
				<extensions>
					<swisstopo:routepoint_id>1507631265</swisstopo:routepoint_id>
				</extensions>
			</trkpt>
			<trkpt lat="46.4307019795" lon="6.9760619417">
				<ele>1928.1</ele>
				<extensions>
					<swisstopo:routepoint_id>1690528725</swisstopo:routepoint_id>
				</extensions>
			</trkpt>
			<trkpt lat="46.4306989750" lon="6.9761129811">
				<ele>1927.3</ele>
				<extensions>
					<swisstopo:routepoint_id>2067470455</swisstopo:routepoint_id>
				</extensions>
			</trkpt>
			<trkpt lat="46.4306910355" lon="6.9761316017">
				<ele>1926.7</ele>
				<extensions>
					<swisstopo:routepoint_id>1923875841</swisstopo:routepoint_id>
				</extensions>
			</trkpt>
			<trkpt lat="46.4306718130" lon="6.9761363961">
				<ele>1926.1</ele>
				<extensions>
					<swisstopo:routepoint_id>356218290</swisstopo:routepoint_id>
				</extensions>
			</trkpt>
			<trkpt lat="46.4306540788" lon="6.9761133627">
				<ele>1925.4</ele>
				<extensions>
					<swisstopo:routepoint_id>1789612196</swisstopo:routepoint_id>
				</extensions>
			</trkpt>
			<trkpt lat="46.4306331041" lon="6.9760787520">
				<ele>1924.4</ele>
				<extensions>
					<swisstopo:routepoint_id>2147462354</swisstopo:routepoint_id>
				</extensions>
			</trkpt>
			<trkpt lat="46.4306232717" lon="6.9760278217">
				<ele>1923.4</ele>
				<extensions>
					<swisstopo:routepoint_id>910383826</swisstopo:routepoint_id>
				</extensions>
			</trkpt>
			<trkpt lat="46.4306246651" lon="6.9759744805">
				<ele>1922.3</ele>
				<extensions>
					<swisstopo:routepoint_id>1853020660</swisstopo:routepoint_id>
				</extensions>
			</trkpt>
			<trkpt lat="46.4306117061" lon="6.9759444456">
				<ele>1921.2</ele>
				<extensions>
					<swisstopo:routepoint_id>1156457430</swisstopo:routepoint_id>
				</extensions>
			</trkpt>
			<trkpt lat="46.4305891964" lon="6.9759283995">
				<ele>1920.2</ele>
				<extensions>
					<swisstopo:routepoint_id>1412984508</swisstopo:routepoint_id>
				</extensions>
			</trkpt>
			<trkpt lat="46.4305619403" lon="6.9759286312">
				<ele>1919.1</ele>
				<extensions>
					<swisstopo:routepoint_id>1745337783</swisstopo:routepoint_id>
				</extensions>
			</trkpt>
			<trkpt lat="46.4305347595" lon="6.9759474153">
				<ele>1918.1</ele>
				<extensions>
					<swisstopo:routepoint_id>2113599830</swisstopo:routepoint_id>
				</extensions>
			</trkpt>
			<trkpt lat="46.4305126456" lon="6.9760287620">
				<ele>1916.0</ele>
				<extensions>
					<swisstopo:routepoint_id>1657599302</swisstopo:routepoint_id>
				</extensions>
			</trkpt>
			<trkpt lat="46.4304998370" lon="6.9760335147">
				<ele>1915.5</ele>
				<extensions>
					<swisstopo:routepoint_id>1405859028</swisstopo:routepoint_id>
				</extensions>
			</trkpt>
			<trkpt lat="46.4304853706" lon="6.9760243612">
				<ele>1915.1</ele>
				<extensions>
					<swisstopo:routepoint_id>1711988562</swisstopo:routepoint_id>
				</extensions>
			</trkpt>
			<trkpt lat="46.4304740117" lon="6.9759896689">
				<ele>1914.3</ele>
				<extensions>
					<swisstopo:routepoint_id>1717756569</swisstopo:routepoint_id>
				</extensions>
			</trkpt>
			<trkpt lat="46.4304850502" lon="6.9759455224">
				<ele>1913.4</ele>
				<extensions>
					<swisstopo:routepoint_id>719592918</swisstopo:routepoint_id>
				</extensions>
			</trkpt>
			<trkpt lat="46.4304737197" lon="6.9759177892">
				<ele>1912.1</ele>
				<extensions>
					<swisstopo:routepoint_id>262744450</swisstopo:routepoint_id>
				</extensions>
			</trkpt>
			<trkpt lat="46.4304544878" lon="6.9759202809">
				<ele>1911.4</ele>
				<extensions>
					<swisstopo:routepoint_id>1621201598</swisstopo:routepoint_id>
				</extensions>
			</trkpt>
			<trkpt lat="46.4304130107" lon="6.9759739500">
				<ele>1908.8</ele>
				<extensions>
					<swisstopo:routepoint_id>1670602868</swisstopo:routepoint_id>
				</extensions>
			</trkpt>
			<trkpt lat="46.4303970180" lon="6.9759810469">
				<ele>1908.8</ele>
				<extensions>
					<swisstopo:routepoint_id>140011019</swisstopo:routepoint_id>
				</extensions>
			</trkpt>
			<trkpt lat="46.4303872421" lon="6.9759440384">
				<ele>1907.5</ele>
				<extensions>
					<swisstopo:routepoint_id>1622344254</swisstopo:routepoint_id>
				</extensions>
			</trkpt>
			<trkpt lat="46.4303788220" lon="6.9758443984">
				<ele>1904.9</ele>
				<extensions>
					<swisstopo:routepoint_id>1219308104</swisstopo:routepoint_id>
				</extensions>
			</trkpt>
			<trkpt lat="46.4303672280" lon="6.9757540635">
				<ele>1902.4</ele>
				<extensions>
					<swisstopo:routepoint_id>1008969488</swisstopo:routepoint_id>
				</extensions>
			</trkpt>
			<trkpt lat="46.4303299502" lon="6.9756546691">
				<ele>1899.4</ele>
				<extensions>
					<swisstopo:routepoint_id>1632106717</swisstopo:routepoint_id>
				</extensions>
			</trkpt>
			<trkpt lat="46.4302991620" lon="6.9755760898">
				<ele>1897.1</ele>
				<extensions>
					<swisstopo:routepoint_id>1598028357</swisstopo:routepoint_id>
				</extensions>
			</trkpt>
			<trkpt lat="46.4302425013" lon="6.9754420845">
				<ele>1892.7</ele>
				<extensions>
					<swisstopo:routepoint_id>958649393</swisstopo:routepoint_id>
				</extensions>
			</trkpt>
			<trkpt lat="46.4302068717" lon="6.9753542684">
				<ele>1890.6</ele>
				<extensions>
					<swisstopo:routepoint_id>121441549</swisstopo:routepoint_id>
				</extensions>
			</trkpt>
			<trkpt lat="46.4301743405" lon="6.9752409275">
				<ele>1888.2</ele>
				<extensions>
					<swisstopo:routepoint_id>997532354</swisstopo:routepoint_id>
				</extensions>
			</trkpt>
			<trkpt lat="46.4301354139" lon="6.9751299566">
				<ele>1885.8</ele>
				<extensions>
					<swisstopo:routepoint_id>1282646420</swisstopo:routepoint_id>
				</extensions>
			</trkpt>
			<trkpt lat="46.4301063112" lon="6.9750699155">
				<ele>1884.6</ele>
				<extensions>
					<swisstopo:routepoint_id>2032308565</swisstopo:routepoint_id>
				</extensions>
			</trkpt>
			<trkpt lat="46.4300643618" lon="6.9750053386">
				<ele>1882.5</ele>
				<extensions>
					<swisstopo:routepoint_id>2022386862</swisstopo:routepoint_id>
				</extensions>
			</trkpt>
			<trkpt lat="46.4300289299" lon="6.9749662200">
				<ele>1881.3</ele>
				<extensions>
					<swisstopo:routepoint_id>1796227763</swisstopo:routepoint_id>
				</extensions>
			</trkpt>
			<trkpt lat="46.4299612312" lon="6.9748786787">
				<ele>1878.6</ele>
				<extensions>
					<swisstopo:routepoint_id>1492753031</swisstopo:routepoint_id>
				</extensions>
			</trkpt>
			<trkpt lat="46.4299272875" lon="6.9748117183">
				<ele>1877.1</ele>
				<extensions>
					<swisstopo:routepoint_id>472338449</swisstopo:routepoint_id>
				</extensions>
			</trkpt>
			<trkpt lat="46.4298933808" lon="6.9747517313">
				<ele>1875.5</ele>
				<extensions>
					<swisstopo:routepoint_id>1099005128</swisstopo:routepoint_id>
				</extensions>
			</trkpt>
			<trkpt lat="46.4298690718" lon="6.9746893208">
				<ele>1873.6</ele>
				<extensions>
					<swisstopo:routepoint_id>828674389</swisstopo:routepoint_id>
				</extensions>
			</trkpt>
			<trkpt lat="46.4298461179" lon="6.9745643065">
				<ele>1870.4</ele>
				<extensions>
					<swisstopo:routepoint_id>1327037</swisstopo:routepoint_id>
				</extensions>
			</trkpt>
			<trkpt lat="46.4298153570" lon="6.9744903719">
				<ele>1868.0</ele>
				<extensions>
					<swisstopo:routepoint_id>1420582169</swisstopo:routepoint_id>
				</extensions>
			</trkpt>
			<trkpt lat="46.4297700822" lon="6.9743979958">
				<ele>1865.2</ele>
				<extensions>
					<swisstopo:routepoint_id>1711222799</swisstopo:routepoint_id>
				</extensions>
			</trkpt>
			<trkpt lat="46.4297328978" lon="6.9743217880">
				<ele>1863.0</ele>
				<extensions>
					<swisstopo:routepoint_id>1351686395</swisstopo:routepoint_id>
				</extensions>
			</trkpt>
			<trkpt lat="46.4296925494" lon="6.9742572111">
				<ele>1861.0</ele>
				<extensions>
					<swisstopo:routepoint_id>1715179668</swisstopo:routepoint_id>
				</extensions>
			</trkpt>
			<trkpt lat="46.4296745874" lon="6.9741762077">
				<ele>1859.2</ele>
				<extensions>
					<swisstopo:routepoint_id>2075266085</swisstopo:routepoint_id>
				</extensions>
			</trkpt>
			<trkpt lat="46.4296615616" lon="6.9741299505">
				<ele>1858.1</ele>
				<extensions>
					<swisstopo:routepoint_id>1492386314</swisstopo:routepoint_id>
				</extensions>
			</trkpt>
			<trkpt lat="46.4296532725" lon="6.9740627727">
				<ele>1856.7</ele>
				<extensions>
					<swisstopo:routepoint_id>2094929897</swisstopo:routepoint_id>
				</extensions>
			</trkpt>
			<trkpt lat="46.4296321649" lon="6.9739980191">
				<ele>1855.3</ele>
				<extensions>
					<swisstopo:routepoint_id>1966425940</swisstopo:routepoint_id>
				</extensions>
			</trkpt>
			<trkpt lat="46.4295594158" lon="6.9738502472">
				<ele>1852.1</ele>
				<extensions>
					<swisstopo:routepoint_id>375386797</swisstopo:routepoint_id>
				</extensions>
			</trkpt>
			<trkpt lat="46.4295189913" lon="6.9737694225">
				<ele>1850.1</ele>
				<extensions>
					<swisstopo:routepoint_id>617805606</swisstopo:routepoint_id>
				</extensions>
			</trkpt>
			<trkpt lat="46.4294905837" lon="6.9737078546">
				<ele>1848.5</ele>
				<extensions>
					<swisstopo:routepoint_id>986828941</swisstopo:routepoint_id>
				</extensions>
			</trkpt>
			<trkpt lat="46.4294567245" lon="6.9736266745">
				<ele>1846.4</ele>
				<extensions>
					<swisstopo:routepoint_id>111860238</swisstopo:routepoint_id>
				</extensions>
			</trkpt>
			<trkpt lat="46.4294370614" lon="6.9735939403">
				<ele>1845.4</ele>
				<extensions>
					<swisstopo:routepoint_id>1177053086</swisstopo:routepoint_id>
				</extensions>
			</trkpt>
			<trkpt lat="46.4294113598" lon="6.9735718607">
				<ele>1844.0</ele>
				<extensions>
					<swisstopo:routepoint_id>554733359</swisstopo:routepoint_id>
				</extensions>
			</trkpt>
			<trkpt lat="46.4293834592" lon="6.9735595704">
				<ele>1842.8</ele>
				<extensions>
					<swisstopo:routepoint_id>847296888</swisstopo:routepoint_id>
				</extensions>
			</trkpt>
			<trkpt lat="46.4293271746" lon="6.9735159996">
				<ele>1840.5</ele>
				<extensions>
					<swisstopo:routepoint_id>1798202217</swisstopo:routepoint_id>
				</extensions>
			</trkpt>
			<trkpt lat="46.4293077340" lon="6.9734674694">
				<ele>1839.3</ele>
				<extensions>
					<swisstopo:routepoint_id>1381079399</swisstopo:routepoint_id>
				</extensions>
			</trkpt>
			<trkpt lat="46.4292658410" lon="6.9734168150">
				<ele>1837.8</ele>
				<extensions>
					<swisstopo:routepoint_id>69846323</swisstopo:routepoint_id>
				</extensions>
			</trkpt>
			<trkpt lat="46.4292320102" lon="6.9733799999">
				<ele>1836.8</ele>
				<extensions>
					<swisstopo:routepoint_id>1112525136</swisstopo:routepoint_id>
				</extensions>
			</trkpt>
			<trkpt lat="46.4291835793" lon="6.9732969289">
				<ele>1835.1</ele>
				<extensions>
					<swisstopo:routepoint_id>1891492411</swisstopo:routepoint_id>
				</extensions>
			</trkpt>
			<trkpt lat="46.4291561432" lon="6.9732531118">
				<ele>1834.1</ele>
				<extensions>
					<swisstopo:routepoint_id>1380573857</swisstopo:routepoint_id>
				</extensions>
			</trkpt>
			<trkpt lat="46.4291301845" lon="6.9731791244">
				<ele>1832.8</ele>
				<extensions>
					<swisstopo:routepoint_id>1944789771</swisstopo:routepoint_id>
				</extensions>
			</trkpt>
			<trkpt lat="46.4291123358" lon="6.9731259627">
				<ele>1832.0</ele>
				<extensions>
					<swisstopo:routepoint_id>1269158825</swisstopo:routepoint_id>
				</extensions>
			</trkpt>
			<trkpt lat="46.4290784478" lon="6.9730729247">
				<ele>1831.0</ele>
				<extensions>
					<swisstopo:routepoint_id>419043734</swisstopo:routepoint_id>
				</extensions>
			</trkpt>
			<trkpt lat="46.4290398128" lon="6.9730338347">
				<ele>1830.1</ele>
				<extensions>
					<swisstopo:routepoint_id>779441262</swisstopo:routepoint_id>
				</extensions>
			</trkpt>
			<trkpt lat="46.4289931350" lon="6.9729901563">
				<ele>1828.7</ele>
				<extensions>
					<swisstopo:routepoint_id>1213124840</swisstopo:routepoint_id>
				</extensions>
			</trkpt>
			<trkpt lat="46.4289175721" lon="6.9729421196">
				<ele>1827.2</ele>
				<extensions>
					<swisstopo:routepoint_id>1475341186</swisstopo:routepoint_id>
				</extensions>
			</trkpt>
			<trkpt lat="46.4288646035" lon="6.9729263366">
				<ele>1826.4</ele>
				<extensions>
					<swisstopo:routepoint_id>1951184068</swisstopo:routepoint_id>
				</extensions>
			</trkpt>
			<trkpt lat="46.4288388721" lon="6.9729057016">
				<ele>1825.8</ele>
				<extensions>
					<swisstopo:routepoint_id>1395271323</swisstopo:routepoint_id>
				</extensions>
			</trkpt>
			<trkpt lat="46.4288163059" lon="6.9728780668">
				<ele>1825.1</ele>
				<extensions>
					<swisstopo:routepoint_id>1986828018</swisstopo:routepoint_id>
				</extensions>
			</trkpt>
			<trkpt lat="46.4287664635" lon="6.9728437048">
				<ele>1824.0</ele>
				<extensions>
					<swisstopo:routepoint_id>566281125</swisstopo:routepoint_id>
				</extensions>
			</trkpt>
			<trkpt lat="46.4287229977" lon="6.9728023545">
				<ele>1823.3</ele>
				<extensions>
					<swisstopo:routepoint_id>1952024392</swisstopo:routepoint_id>
				</extensions>
			</trkpt>
			<trkpt lat="46.4286666369" lon="6.9727402198">
				<ele>1822.1</ele>
				<extensions>
					<swisstopo:routepoint_id>1302891372</swisstopo:routepoint_id>
				</extensions>
			</trkpt>
			<trkpt lat="46.4286424027" lon="6.9726963760">
				<ele>1821.4</ele>
				<extensions>
					<swisstopo:routepoint_id>1792607305</swisstopo:routepoint_id>
				</extensions>
			</trkpt>
			<trkpt lat="46.4285988040" lon="6.9726225413">
				<ele>1820.3</ele>
				<extensions>
					<swisstopo:routepoint_id>2145034842</swisstopo:routepoint_id>
				</extensions>
			</trkpt>
			<trkpt lat="46.4285488287" lon="6.9725557214">
				<ele>1818.9</ele>
				<extensions>
					<swisstopo:routepoint_id>1389277518</swisstopo:routepoint_id>
				</extensions>
			</trkpt>
			<trkpt lat="46.4285230021" lon="6.9725118914">
				<ele>1818.5</ele>
				<extensions>
					<swisstopo:routepoint_id>1388338139</swisstopo:routepoint_id>
				</extensions>
			</trkpt>
			<trkpt lat="46.4284874086" lon="6.9724333567">
				<ele>1818.1</ele>
				<extensions>
					<swisstopo:routepoint_id>148682800</swisstopo:routepoint_id>
				</extensions>
			</trkpt>
			<trkpt lat="46.4284599336" lon="6.9723802514">
				<ele>1817.9</ele>
				<extensions>
					<swisstopo:routepoint_id>288903981</swisstopo:routepoint_id>
				</extensions>
			</trkpt>
			<trkpt lat="46.4284404077" lon="6.9723108681">
				<ele>1818.1</ele>
				<extensions>
					<swisstopo:routepoint_id>482744221</swisstopo:routepoint_id>
				</extensions>
			</trkpt>
			<trkpt lat="46.4284178406" lon="6.9722809048">
				<ele>1818.1</ele>
				<extensions>
					<swisstopo:routepoint_id>381814951</swisstopo:routepoint_id>
				</extensions>
			</trkpt>
			<trkpt lat="46.4283934657" lon="6.9722158956">
				<ele>1818.8</ele>
				<extensions>
					<swisstopo:routepoint_id>1359529233</swisstopo:routepoint_id>
				</extensions>
			</trkpt>
			<trkpt lat="46.4283845398" lon="6.9721758500">
				<ele>1818.8</ele>
				<extensions>
					<swisstopo:routepoint_id>1018049726</swisstopo:routepoint_id>
				</extensions>
			</trkpt>
			<trkpt lat="46.4283746079" lon="6.9721274740">
				<ele>1818.1</ele>
				<extensions>
					<swisstopo:routepoint_id>2108956723</swisstopo:routepoint_id>
				</extensions>
			</trkpt>
			<trkpt lat="46.4283644612" lon="6.9720309760">
				<ele>1816.5</ele>
				<extensions>
					<swisstopo:routepoint_id>2053823622</swisstopo:routepoint_id>
				</extensions>
			</trkpt>
			<trkpt lat="46.4283075806" lon="6.9719804133">
				<ele>1816.6</ele>
				<extensions>
					<swisstopo:routepoint_id>1131042517</swisstopo:routepoint_id>
				</extensions>
			</trkpt>
			<trkpt lat="46.4282690403" lon="6.9719645204">
				<ele>1816.9</ele>
				<extensions>
					<swisstopo:routepoint_id>1710694479</swisstopo:routepoint_id>
				</extensions>
			</trkpt>
			<trkpt lat="46.4282370190" lon="6.9719763865">
				<ele>1817.0</ele>
				<extensions>
					<swisstopo:routepoint_id>1090773553</swisstopo:routepoint_id>
				</extensions>
			</trkpt>
			<trkpt lat="46.4281762828" lon="6.9720232871">
				<ele>1816.6</ele>
				<extensions>
					<swisstopo:routepoint_id>732332930</swisstopo:routepoint_id>
				</extensions>
			</trkpt>
			<trkpt lat="46.4281298428" lon="6.9720375931">
				<ele>1816.0</ele>
				<extensions>
					<swisstopo:routepoint_id>1515177808</swisstopo:routepoint_id>
				</extensions>
			</trkpt>
			<trkpt lat="46.4280800572" lon="6.9720171523">
				<ele>1815.0</ele>
				<extensions>
					<swisstopo:routepoint_id>1905571417</swisstopo:routepoint_id>
				</extensions>
			</trkpt>
			<trkpt lat="46.4279997086" lon="6.9719714615">
				<ele>1813.1</ele>
				<extensions>
					<swisstopo:routepoint_id>1523169551</swisstopo:routepoint_id>
				</extensions>
			</trkpt>
			<trkpt lat="46.4279194271" lon="6.9719443225">
				<ele>1811.6</ele>
				<extensions>
					<swisstopo:routepoint_id>1915793746</swisstopo:routepoint_id>
				</extensions>
			</trkpt>
			<trkpt lat="46.4278055037" lon="6.9719221156">
				<ele>1809.1</ele>
				<extensions>
					<swisstopo:routepoint_id>780169183</swisstopo:routepoint_id>
				</extensions>
			</trkpt>
			<trkpt lat="46.4277428719" lon="6.9718971543">
				<ele>1807.7</ele>
				<extensions>
					<swisstopo:routepoint_id>598024849</swisstopo:routepoint_id>
				</extensions>
			</trkpt>
			<trkpt lat="46.4277234782" lon="6.9718602300">
				<ele>1806.9</ele>
				<extensions>
					<swisstopo:routepoint_id>1527436041</swisstopo:routepoint_id>
				</extensions>
			</trkpt>
			<trkpt lat="46.4276796793" lon="6.9717377033">
				<ele>1804.9</ele>
				<extensions>
					<swisstopo:routepoint_id>13762610</swisstopo:routepoint_id>
				</extensions>
			</trkpt>
			<trkpt lat="46.4276263112" lon="6.9716245486">
				<ele>1802.8</ele>
				<extensions>
					<swisstopo:routepoint_id>583924200</swisstopo:routepoint_id>
				</extensions>
			</trkpt>
			<trkpt lat="46.4275987504" lon="6.9715505776">
				<ele>1801.8</ele>
				<extensions>
					<swisstopo:routepoint_id>1382029336</swisstopo:routepoint_id>
				</extensions>
			</trkpt>
			<trkpt lat="46.4275486703" lon="6.9714582625">
				<ele>1800.3</ele>
				<extensions>
					<swisstopo:routepoint_id>828946775</swisstopo:routepoint_id>
				</extensions>
			</trkpt>
			<trkpt lat="46.4275067567" lon="6.9714029798">
				<ele>1799.2</ele>
				<extensions>
					<swisstopo:routepoint_id>450960834</swisstopo:routepoint_id>
				</extensions>
			</trkpt>
			<trkpt lat="46.4274487753" lon="6.9713385344">
				<ele>1797.7</ele>
				<extensions>
					<swisstopo:routepoint_id>540890655</swisstopo:routepoint_id>
				</extensions>
			</trkpt>
			<trkpt lat="46.4273811502" lon="6.9712695658">
				<ele>1796.4</ele>
				<extensions>
					<swisstopo:routepoint_id>968169482</swisstopo:routepoint_id>
				</extensions>
			</trkpt>
			<trkpt lat="46.4273328319" lon="6.9712143384">
				<ele>1795.3</ele>
				<extensions>
					<swisstopo:routepoint_id>1954348221</swisstopo:routepoint_id>
				</extensions>
			</trkpt>
			<trkpt lat="46.4273021649" lon="6.9711682227">
				<ele>1794.4</ele>
				<extensions>
					<swisstopo:routepoint_id>228191388</swisstopo:routepoint_id>
				</extensions>
			</trkpt>
			<trkpt lat="46.4272795024" lon="6.9711150914">
				<ele>1793.7</ele>
				<extensions>
					<swisstopo:routepoint_id>2086038330</swisstopo:routepoint_id>
				</extensions>
			</trkpt>
			<trkpt lat="46.4272438120" lon="6.9710133647">
				<ele>1792.1</ele>
				<extensions>
					<swisstopo:routepoint_id>1424283856</swisstopo:routepoint_id>
				</extensions>
			</trkpt>
			<trkpt lat="46.4271840865" lon="6.9709141857">
				<ele>1790.2</ele>
				<extensions>
					<swisstopo:routepoint_id>339705826</swisstopo:routepoint_id>
				</extensions>
			</trkpt>
			<trkpt lat="46.4271339964" lon="6.9708195430">
				<ele>1788.7</ele>
				<extensions>
					<swisstopo:routepoint_id>822240553</swisstopo:routepoint_id>
				</extensions>
			</trkpt>
			<trkpt lat="46.4271177088" lon="6.9707570812">
				<ele>1787.8</ele>
				<extensions>
					<swisstopo:routepoint_id>215474485</swisstopo:routepoint_id>
				</extensions>
			</trkpt>
			<trkpt lat="46.4271045102" lon="6.9706690811">
				<ele>1786.6</ele>
				<extensions>
					<swisstopo:routepoint_id>759113216</swisstopo:routepoint_id>
				</extensions>
			</trkpt>
			<trkpt lat="46.4270929687" lon="6.9705903429">
				<ele>1785.6</ele>
				<extensions>
					<swisstopo:routepoint_id>1079472896</swisstopo:routepoint_id>
				</extensions>
			</trkpt>
			<trkpt lat="46.4270653029" lon="6.9704908762">
				<ele>1784.2</ele>
				<extensions>
					<swisstopo:routepoint_id>2029741013</swisstopo:routepoint_id>
				</extensions>
			</trkpt>
			<trkpt lat="46.4270281159" lon="6.9704146740">
				<ele>1783.1</ele>
				<extensions>
					<swisstopo:routepoint_id>1823060566</swisstopo:routepoint_id>
				</extensions>
			</trkpt>
			<trkpt lat="46.4269942078" lon="6.9703593118">
				<ele>1782.2</ele>
				<extensions>
					<swisstopo:routepoint_id>905509144</swisstopo:routepoint_id>
				</extensions>
			</trkpt>
			<trkpt lat="46.4269635109" lon="6.9703016185">
				<ele>1781.5</ele>
				<extensions>
					<swisstopo:routepoint_id>1023133639</swisstopo:routepoint_id>
				</extensions>
			</trkpt>
			<trkpt lat="46.4269214256" lon="6.9702045916">
				<ele>1780.1</ele>
				<extensions>
					<swisstopo:routepoint_id>928077400</swisstopo:routepoint_id>
				</extensions>
			</trkpt>
			<trkpt lat="46.4268907663" lon="6.9701561741">
				<ele>1779.5</ele>
				<extensions>
					<swisstopo:routepoint_id>1560165610</swisstopo:routepoint_id>
				</extensions>
			</trkpt>
			<trkpt lat="46.4268666932" lon="6.9701517371">
				<ele>1778.7</ele>
				<extensions>
					<swisstopo:routepoint_id>1891391272</swisstopo:routepoint_id>
				</extensions>
			</trkpt>
			<trkpt lat="46.4268443069" lon="6.9701658372">
				<ele>1778.3</ele>
				<extensions>
					<swisstopo:routepoint_id>2059816016</swisstopo:routepoint_id>
				</extensions>
			</trkpt>
			<trkpt lat="46.4268380463" lon="6.9702030066">
				<ele>1777.9</ele>
				<extensions>
					<swisstopo:routepoint_id>1919658871</swisstopo:routepoint_id>
				</extensions>
			</trkpt>
			<trkpt lat="46.4268494631" lon="6.9702492616">
				<ele>1777.3</ele>
				<extensions>
					<swisstopo:routepoint_id>956624159</swisstopo:routepoint_id>
				</extensions>
			</trkpt>
			<trkpt lat="46.4268672560" lon="6.9702885267">
				<ele>1776.5</ele>
				<extensions>
					<swisstopo:routepoint_id>1683212870</swisstopo:routepoint_id>
				</extensions>
			</trkpt>
			<trkpt lat="46.4268819328" lon="6.9703486866">
				<ele>1775.8</ele>
				<extensions>
					<swisstopo:routepoint_id>9555364</swisstopo:routepoint_id>
				</extensions>
			</trkpt>
			<trkpt lat="46.4268951324" lon="6.9704390015">
				<ele>1774.4</ele>
				<extensions>
					<swisstopo:routepoint_id>1374712091</swisstopo:routepoint_id>
				</extensions>
			</trkpt>
			<trkpt lat="46.4268922923" lon="6.9705271390">
				<ele>1773.3</ele>
				<extensions>
					<swisstopo:routepoint_id>605087748</swisstopo:routepoint_id>
				</extensions>
			</trkpt>
			<trkpt lat="46.4268957521" lon="6.9705897100">
				<ele>1772.5</ele>
				<extensions>
					<swisstopo:routepoint_id>1800615496</swisstopo:routepoint_id>
				</extensions>
			</trkpt>
			<trkpt lat="46.4268960572" lon="6.9706639138">
				<ele>1771.5</ele>
				<extensions>
					<swisstopo:routepoint_id>1457871217</swisstopo:routepoint_id>
				</extensions>
			</trkpt>
			<trkpt lat="46.4268947516" lon="6.9707358017">
				<ele>1770.6</ele>
				<extensions>
					<swisstopo:routepoint_id>591548740</swisstopo:routepoint_id>
				</extensions>
			</trkpt>
			<trkpt lat="46.4268820279" lon="6.9707591072">
				<ele>1770.2</ele>
				<extensions>
					<swisstopo:routepoint_id>1783620859</swisstopo:routepoint_id>
				</extensions>
			</trkpt>
			<trkpt lat="46.4268611765" lon="6.9707592864">
				<ele>1769.8</ele>
				<extensions>
					<swisstopo:routepoint_id>1067267629</swisstopo:routepoint_id>
				</extensions>
			</trkpt>
			<trkpt lat="46.4268418974" lon="6.9707501763">
				<ele>1769.4</ele>
				<extensions>
					<swisstopo:routepoint_id>161824333</swisstopo:routepoint_id>
				</extensions>
			</trkpt>
			<trkpt lat="46.4268374778" lon="6.9707254055">
				<ele>1768.7</ele>
				<extensions>
					<swisstopo:routepoint_id>17131233</swisstopo:routepoint_id>
				</extensions>
			</trkpt>
			<trkpt lat="46.4268311004" lon="6.9706118486">
				<ele>1768.1</ele>
				<extensions>
					<swisstopo:routepoint_id>2047310502</swisstopo:routepoint_id>
				</extensions>
			</trkpt>
			<trkpt lat="46.4268171189" lon="6.9705718480">
				<ele>1767.2</ele>
				<extensions>
					<swisstopo:routepoint_id>1954540202</swisstopo:routepoint_id>
				</extensions>
			</trkpt>
			<trkpt lat="46.4267993160" lon="6.9705302667">
				<ele>1766.4</ele>
				<extensions>
					<swisstopo:routepoint_id>1681738967</swisstopo:routepoint_id>
				</extensions>
			</trkpt>
			<trkpt lat="46.4267718212" lon="6.9704725207">
				<ele>1765.6</ele>
				<extensions>
					<swisstopo:routepoint_id>1244355179</swisstopo:routepoint_id>
				</extensions>
			</trkpt>
			<trkpt lat="46.4267378940" lon="6.9704102238">
				<ele>1764.5</ele>
				<extensions>
					<swisstopo:routepoint_id>580930863</swisstopo:routepoint_id>
				</extensions>
			</trkpt>
			<trkpt lat="46.4266926165" lon="6.9703178563">
				<ele>1763.0</ele>
				<extensions>
					<swisstopo:routepoint_id>412103034</swisstopo:routepoint_id>
				</extensions>
			</trkpt>
			<trkpt lat="46.4266844579" lon="6.9702831400">
				<ele>1762.6</ele>
				<extensions>
					<swisstopo:routepoint_id>1640376460</swisstopo:routepoint_id>
				</extensions>
			</trkpt>
			<trkpt lat="46.4266890611" lon="6.9702321030">
				<ele>1762.0</ele>
				<extensions>
					<swisstopo:routepoint_id>2016741523</swisstopo:routepoint_id>
				</extensions>
			</trkpt>
			<trkpt lat="46.4267064816" lon="6.9701786148">
				<ele>1761.3</ele>
				<extensions>
					<swisstopo:routepoint_id>556572144</swisstopo:routepoint_id>
				</extensions>
			</trkpt>
			<trkpt lat="46.4267047664" lon="6.9701531309">
				<ele>1761.0</ele>
				<extensions>
					<swisstopo:routepoint_id>472921613</swisstopo:routepoint_id>
				</extensions>
			</trkpt>
			<trkpt lat="46.4266949122" lon="6.9700975748">
				<ele>1760.4</ele>
				<extensions>
					<swisstopo:routepoint_id>1960196320</swisstopo:routepoint_id>
				</extensions>
			</trkpt>
			<trkpt lat="46.4266947595" lon="6.9700604600">
				<ele>1760.0</ele>
				<extensions>
					<swisstopo:routepoint_id>4844237</swisstopo:routepoint_id>
				</extensions>
			</trkpt>
			<trkpt lat="46.4267089303" lon="6.9699954212">
				<ele>1759.1</ele>
				<extensions>
					<swisstopo:routepoint_id>1434765200</swisstopo:routepoint_id>
				</extensions>
			</trkpt>
			<trkpt lat="46.4267390165" lon="6.9699047339">
				<ele>1757.5</ele>
				<extensions>
					<swisstopo:routepoint_id>691338210</swisstopo:routepoint_id>
				</extensions>
			</trkpt>
			<trkpt lat="46.4267914309" lon="6.9697837246">
				<ele>1755.8</ele>
				<extensions>
					<swisstopo:routepoint_id>1493326157</swisstopo:routepoint_id>
				</extensions>
			</trkpt>
			<trkpt lat="46.4268040391" lon="6.9697302769">
				<ele>1755.0</ele>
				<extensions>
					<swisstopo:routepoint_id>1514200901</swisstopo:routepoint_id>
				</extensions>
			</trkpt>
			<trkpt lat="46.4268260815" lon="6.9696327116">
				<ele>1753.8</ele>
				<extensions>
					<swisstopo:routepoint_id>1461176278</swisstopo:routepoint_id>
				</extensions>
			</trkpt>
			<trkpt lat="46.4268436173" lon="6.9696093644">
				<ele>1753.5</ele>
				<extensions>
					<swisstopo:routepoint_id>48129650</swisstopo:routepoint_id>
				</extensions>
			</trkpt>
			<trkpt lat="46.4268841427" lon="6.9695940412">
				<ele>1752.6</ele>
				<extensions>
					<swisstopo:routepoint_id>1089141354</swisstopo:routepoint_id>
				</extensions>
			</trkpt>
			<trkpt lat="46.4269347155" lon="6.9695936579">
				<ele>1751.5</ele>
				<extensions>
					<swisstopo:routepoint_id>1674404406</swisstopo:routepoint_id>
				</extensions>
			</trkpt>
			<trkpt lat="46.4269735452" lon="6.9695749794">
				<ele>1750.7</ele>
				<extensions>
					<swisstopo:routepoint_id>1772441249</swisstopo:routepoint_id>
				</extensions>
			</trkpt>
			<trkpt lat="46.4270085284" lon="6.9695680175">
				<ele>1750.2</ele>
				<extensions>
					<swisstopo:routepoint_id>1057556203</swisstopo:routepoint_id>
				</extensions>
			</trkpt>
			<trkpt lat="46.4270421201" lon="6.9695334479">
				<ele>1749.6</ele>
				<extensions>
					<swisstopo:routepoint_id>1476226342</swisstopo:routepoint_id>
				</extensions>
			</trkpt>
			<trkpt lat="46.4270595502" lon="6.9694846162">
				<ele>1749.0</ele>
				<extensions>
					<swisstopo:routepoint_id>584650081</swisstopo:routepoint_id>
				</extensions>
			</trkpt>
			<trkpt lat="46.4270592826" lon="6.9694196878">
				<ele>1748.5</ele>
				<extensions>
					<swisstopo:routepoint_id>291485384</swisstopo:routepoint_id>
				</extensions>
			</trkpt>
			<trkpt lat="46.4270478358" lon="6.9693641325">
				<ele>1748.2</ele>
				<extensions>
					<swisstopo:routepoint_id>1412166404</swisstopo:routepoint_id>
				</extensions>
			</trkpt>
			<trkpt lat="46.4270314247" lon="6.9692738580">
				<ele>1747.8</ele>
				<extensions>
					<swisstopo:routepoint_id>173855532</swisstopo:routepoint_id>
				</extensions>
			</trkpt>
			<trkpt lat="46.4269987909" lon="6.9691350030">
				<ele>1747.3</ele>
				<extensions>
					<swisstopo:routepoint_id>396618260</swisstopo:routepoint_id>
				</extensions>
			</trkpt>
			<trkpt lat="46.4269841239" lon="6.9690794883">
				<ele>1747.1</ele>
				<extensions>
					<swisstopo:routepoint_id>1742849620</swisstopo:routepoint_id>
				</extensions>
			</trkpt>
			<trkpt lat="46.4269485649" lon="6.9690079175">
				<ele>1746.9</ele>
				<extensions>
					<swisstopo:routepoint_id>934636654</swisstopo:routepoint_id>
				</extensions>
			</trkpt>
			<trkpt lat="46.4269017036" lon="6.9689178799">
				<ele>1746.6</ele>
				<extensions>
					<swisstopo:routepoint_id>454416998</swisstopo:routepoint_id>
				</extensions>
			</trkpt>
			<trkpt lat="46.4268564826" lon="6.9688417619">
				<ele>1746.5</ele>
				<extensions>
					<swisstopo:routepoint_id>254934509</swisstopo:routepoint_id>
				</extensions>
			</trkpt>
			<trkpt lat="46.4268177892" lon="6.9687887703">
				<ele>1746.3</ele>
				<extensions>
					<swisstopo:routepoint_id>183752985</swisstopo:routepoint_id>
				</extensions>
			</trkpt>
			<trkpt lat="46.4267710811" lon="6.9687381633">
				<ele>1746.0</ele>
				<extensions>
					<swisstopo:routepoint_id>855580071</swisstopo:routepoint_id>
				</extensions>
			</trkpt>
			<trkpt lat="46.4267372287" lon="6.9686920770">
				<ele>1745.9</ele>
				<extensions>
					<swisstopo:routepoint_id>2064865313</swisstopo:routepoint_id>
				</extensions>
			</trkpt>
			<trkpt lat="46.4267049781" lon="6.9686483059">
				<ele>1745.8</ele>
				<extensions>
					<swisstopo:routepoint_id>1143181625</swisstopo:routepoint_id>
				</extensions>
			</trkpt>
			<trkpt lat="46.4266630823" lon="6.9685976580">
				<ele>1745.5</ele>
				<extensions>
					<swisstopo:routepoint_id>851803961</swisstopo:routepoint_id>
				</extensions>
			</trkpt>
			<trkpt lat="46.4266339859" lon="6.9685399265">
				<ele>1745.5</ele>
				<extensions>
					<swisstopo:routepoint_id>585762887</swisstopo:routepoint_id>
				</extensions>
			</trkpt>
			<trkpt lat="46.4265951683" lon="6.9684591222">
				<ele>1745.1</ele>
				<extensions>
					<swisstopo:routepoint_id>494261469</swisstopo:routepoint_id>
				</extensions>
			</trkpt>
			<trkpt lat="46.4265659852" lon="6.9683805376">
				<ele>1744.2</ele>
				<extensions>
					<swisstopo:routepoint_id>262731043</swisstopo:routepoint_id>
				</extensions>
			</trkpt>
			<trkpt lat="46.4265320463" lon="6.9683135855">
				<ele>1742.9</ele>
				<extensions>
					<swisstopo:routepoint_id>981952434</swisstopo:routepoint_id>
				</extensions>
			</trkpt>
			<trkpt lat="46.4264932188" lon="6.9682304531">
				<ele>1741.2</ele>
				<extensions>
					<swisstopo:routepoint_id>809373676</swisstopo:routepoint_id>
				</extensions>
			</trkpt>
			<trkpt lat="46.4264641322" lon="6.9681773793">
				<ele>1740.5</ele>
				<extensions>
					<swisstopo:routepoint_id>908004294</swisstopo:routepoint_id>
				</extensions>
			</trkpt>
			<trkpt lat="46.4264205298" lon="6.9681012351">
				<ele>1739.2</ele>
				<extensions>
					<swisstopo:routepoint_id>18708908</swisstopo:routepoint_id>
				</extensions>
			</trkpt>
			<trkpt lat="46.4263882308" lon="6.9680435579">
				<ele>1738.4</ele>
				<extensions>
					<swisstopo:routepoint_id>2137518453</swisstopo:routepoint_id>
				</extensions>
			</trkpt>
			<trkpt lat="46.4263526719" lon="6.9679742917">
				<ele>1737.4</ele>
				<extensions>
					<swisstopo:routepoint_id>1104726224</swisstopo:routepoint_id>
				</extensions>
			</trkpt>
			<trkpt lat="46.4263137962" lon="6.9678795688">
				<ele>1736.1</ele>
				<extensions>
					<swisstopo:routepoint_id>1564392635</swisstopo:routepoint_id>
				</extensions>
			</trkpt>
			<trkpt lat="46.4262603388" lon="6.9677478698">
				<ele>1734.9</ele>
				<extensions>
					<swisstopo:routepoint_id>1418503026</swisstopo:routepoint_id>
				</extensions>
			</trkpt>
			<trkpt lat="46.4262167640" lon="6.9676763706">
				<ele>1734.4</ele>
				<extensions>
					<swisstopo:routepoint_id>295751512</swisstopo:routepoint_id>
				</extensions>
			</trkpt>
			<trkpt lat="46.4261715230" lon="6.9675955970">
				<ele>1734.1</ele>
				<extensions>
					<swisstopo:routepoint_id>1032169254</swisstopo:routepoint_id>
				</extensions>
			</trkpt>
			<trkpt lat="46.4261409686" lon="6.9675726792">
				<ele>1734.1</ele>
				<extensions>
					<swisstopo:routepoint_id>530831156</swisstopo:routepoint_id>
				</extensions>
			</trkpt>
			<trkpt lat="46.4261047598" lon="6.9675528931">
				<ele>1734.2</ele>
				<extensions>
					<swisstopo:routepoint_id>2090017305</swisstopo:routepoint_id>
				</extensions>
			</trkpt>
			<trkpt lat="46.4260011015" lon="6.9674811466">
				<ele>1734.1</ele>
				<extensions>
					<swisstopo:routepoint_id>1070096869</swisstopo:routepoint_id>
				</extensions>
			</trkpt>
			<trkpt lat="46.4259847456" lon="6.9674656122">
				<ele>1734.1</ele>
				<extensions>
					<swisstopo:routepoint_id>1785054837</swisstopo:routepoint_id>
				</extensions>
			</trkpt>
			<trkpt lat="46.4259492931" lon="6.9674525327">
				<ele>1733.6</ele>
				<extensions>
					<swisstopo:routepoint_id>122768451</swisstopo:routepoint_id>
				</extensions>
			</trkpt>
			<trkpt lat="46.4259235445" lon="6.9674431159">
				<ele>1733.2</ele>
				<extensions>
					<swisstopo:routepoint_id>1360280459</swisstopo:routepoint_id>
				</extensions>
			</trkpt>
			<trkpt lat="46.4258929601" lon="6.9674130952">
				<ele>1732.4</ele>
				<extensions>
					<swisstopo:routepoint_id>1355243163</swisstopo:routepoint_id>
				</extensions>
			</trkpt>
			<trkpt lat="46.4258439985" lon="6.9673157680">
				<ele>1731.0</ele>
				<extensions>
					<swisstopo:routepoint_id>1409546460</swisstopo:routepoint_id>
				</extensions>
			</trkpt>
			<trkpt lat="46.4257873975" lon="6.9672116252">
				<ele>1729.6</ele>
				<extensions>
					<swisstopo:routepoint_id>2139517804</swisstopo:routepoint_id>
				</extensions>
			</trkpt>
			<trkpt lat="46.4257110947" lon="6.9670333971">
				<ele>1727.0</ele>
				<extensions>
					<swisstopo:routepoint_id>994202552</swisstopo:routepoint_id>
				</extensions>
			</trkpt>
			<trkpt lat="46.4256745196" lon="6.9669425848">
				<ele>1725.0</ele>
				<extensions>
					<swisstopo:routepoint_id>231711909</swisstopo:routepoint_id>
				</extensions>
			</trkpt>
			<trkpt lat="46.4255955829" lon="6.9668169245">
				<ele>1722.4</ele>
				<extensions>
					<swisstopo:routepoint_id>1923638842</swisstopo:routepoint_id>
				</extensions>
			</trkpt>
			<trkpt lat="46.4255722256" lon="6.9667508713">
				<ele>1720.8</ele>
				<extensions>
					<swisstopo:routepoint_id>341907681</swisstopo:routepoint_id>
				</extensions>
			</trkpt>
			<trkpt lat="46.4255406600" lon="6.9667139780">
				<ele>1720.1</ele>
				<extensions>
					<swisstopo:routepoint_id>1808138454</swisstopo:routepoint_id>
				</extensions>
			</trkpt>
			<trkpt lat="46.4254995616" lon="6.9666757881">
				<ele>1719.1</ele>
				<extensions>
					<swisstopo:routepoint_id>1708051529</swisstopo:routepoint_id>
				</extensions>
			</trkpt>
			<trkpt lat="46.4254365174" lon="6.9666253914">
				<ele>1717.4</ele>
				<extensions>
					<swisstopo:routepoint_id>2092770585</swisstopo:routepoint_id>
				</extensions>
			</trkpt>
			<trkpt lat="46.4253769519" lon="6.9665961953">
				<ele>1716.2</ele>
				<extensions>
					<swisstopo:routepoint_id>906675150</swisstopo:routepoint_id>
				</extensions>
			</trkpt>
			<trkpt lat="46.4253110691" lon="6.9665619803">
				<ele>1714.9</ele>
				<extensions>
					<swisstopo:routepoint_id>445087893</swisstopo:routepoint_id>
				</extensions>
			</trkpt>
			<trkpt lat="46.4253016430" lon="6.9665580292">
				<ele>1714.7</ele>
				<extensions>
					<swisstopo:routepoint_id>875911554</swisstopo:routepoint_id>
				</extensions>
			</trkpt>
			<trkpt lat="46.4252490767" lon="6.9665136690">
				<ele>1713.6</ele>
				<extensions>
					<swisstopo:routepoint_id>2103709566</swisstopo:routepoint_id>
				</extensions>
			</trkpt>
			<trkpt lat="46.4252145642" lon="6.9664561434">
				<ele>1712.4</ele>
				<extensions>
					<swisstopo:routepoint_id>2045645827</swisstopo:routepoint_id>
				</extensions>
			</trkpt>
			<trkpt lat="46.4251856155" lon="6.9663627813">
				<ele>1710.7</ele>
				<extensions>
					<swisstopo:routepoint_id>662753367</swisstopo:routepoint_id>
				</extensions>
			</trkpt>
			<trkpt lat="46.4251643770" lon="6.9662913639">
				<ele>1709.8</ele>
				<extensions>
					<swisstopo:routepoint_id>1181174605</swisstopo:routepoint_id>
				</extensions>
			</trkpt>
			<trkpt lat="46.4251165104" lon="6.9662284513">
				<ele>1708.9</ele>
				<extensions>
					<swisstopo:routepoint_id>1681309633</swisstopo:routepoint_id>
				</extensions>
			</trkpt>
			<trkpt lat="46.4250935022" lon="6.9661901055">
				<ele>1708.3</ele>
				<extensions>
					<swisstopo:routepoint_id>1822528742</swisstopo:routepoint_id>
				</extensions>
			</trkpt>
			<trkpt lat="46.4250797934" lon="6.9660993564">
				<ele>1707.1</ele>
				<extensions>
					<swisstopo:routepoint_id>914325461</swisstopo:routepoint_id>
				</extensions>
			</trkpt>
			<trkpt lat="46.4250706574" lon="6.9659917862">
				<ele>1705.9</ele>
				<extensions>
					<swisstopo:routepoint_id>649397645</swisstopo:routepoint_id>
				</extensions>
			</trkpt>
			<trkpt lat="46.4250716566" lon="6.9658966948">
				<ele>1704.4</ele>
				<extensions>
					<swisstopo:routepoint_id>1375516800</swisstopo:routepoint_id>
				</extensions>
			</trkpt>
			<trkpt lat="46.4250733945" lon="6.9656739913">
				<ele>1701.5</ele>
				<extensions>
					<swisstopo:routepoint_id>1249575659</swisstopo:routepoint_id>
				</extensions>
			</trkpt>
			<trkpt lat="46.4250901552" lon="6.9655163975">
				<ele>1698.2</ele>
				<extensions>
					<swisstopo:routepoint_id>1036314747</swisstopo:routepoint_id>
				</extensions>
			</trkpt>
			<trkpt lat="46.4250903115" lon="6.9654218855">
				<ele>1697.8</ele>
				<extensions>
					<swisstopo:routepoint_id>1600292825</swisstopo:routepoint_id>
				</extensions>
			</trkpt>
			<trkpt lat="46.4250651781" lon="6.9653312363">
				<ele>1696.2</ele>
				<extensions>
					<swisstopo:routepoint_id>1653224473</swisstopo:routepoint_id>
				</extensions>
			</trkpt>
			<trkpt lat="46.4250363658" lon="6.9652709040">
				<ele>1695.0</ele>
				<extensions>
					<swisstopo:routepoint_id>540578869</swisstopo:routepoint_id>
				</extensions>
			</trkpt>
			<trkpt lat="46.4249464783" lon="6.9651753151">
				<ele>1692.9</ele>
				<extensions>
					<swisstopo:routepoint_id>1104886754</swisstopo:routepoint_id>
				</extensions>
			</trkpt>
			<trkpt lat="46.4249216311" lon="6.9651534940">
				<ele>1692.8</ele>
				<extensions>
					<swisstopo:routepoint_id>543996119</swisstopo:routepoint_id>
				</extensions>
			</trkpt>
			<trkpt lat="46.4249006777" lon="6.9651509315">
				<ele>1692.8</ele>
				<extensions>
					<swisstopo:routepoint_id>489020284</swisstopo:routepoint_id>
				</extensions>
			</trkpt>
			<trkpt lat="46.4248836338" lon="6.9651731038">
				<ele>1692.6</ele>
				<extensions>
					<swisstopo:routepoint_id>1650602890</swisstopo:routepoint_id>
				</extensions>
			</trkpt>
			<trkpt lat="46.4248837712" lon="6.9652061456">
				<ele>1692.1</ele>
				<extensions>
					<swisstopo:routepoint_id>1721075019</swisstopo:routepoint_id>
				</extensions>
			</trkpt>
			<trkpt lat="46.4249010098" lon="6.9652307777">
				<ele>1691.6</ele>
				<extensions>
					<swisstopo:routepoint_id>1247040756</swisstopo:routepoint_id>
				</extensions>
			</trkpt>
			<trkpt lat="46.4249373185" lon="6.9652635046">
				<ele>1690.8</ele>
				<extensions>
					<swisstopo:routepoint_id>1785832004</swisstopo:routepoint_id>
				</extensions>
			</trkpt>
			<trkpt lat="46.4249545804" lon="6.9652936393">
				<ele>1690.2</ele>
				<extensions>
					<swisstopo:routepoint_id>1197085300</swisstopo:routepoint_id>
				</extensions>
			</trkpt>
			<trkpt lat="46.4249662451" lon="6.9653513628">
				<ele>1689.3</ele>
				<extensions>
					<swisstopo:routepoint_id>519980249</swisstopo:routepoint_id>
				</extensions>
			</trkpt>
			<trkpt lat="46.4249703799" lon="6.9654284311">
				<ele>1688.2</ele>
				<extensions>
					<swisstopo:routepoint_id>21752377</swisstopo:routepoint_id>
				</extensions>
			</trkpt>
			<trkpt lat="46.4249683692" lon="6.9655030423">
				<ele>1687.5</ele>
				<extensions>
					<swisstopo:routepoint_id>15717394</swisstopo:routepoint_id>
				</extensions>
			</trkpt>
			<trkpt lat="46.4249509122" lon="6.9655689285">
				<ele>1686.6</ele>
				<extensions>
					<swisstopo:routepoint_id>1119804986</swisstopo:routepoint_id>
				</extensions>
			</trkpt>
			<trkpt lat="46.4249050952" lon="6.9657418647">
				<ele>1684.1</ele>
				<extensions>
					<swisstopo:routepoint_id>1153091702</swisstopo:routepoint_id>
				</extensions>
			</trkpt>
			<trkpt lat="46.4248580938" lon="6.9659002668">
				<ele>1681.7</ele>
				<extensions>
					<swisstopo:routepoint_id>1398034847</swisstopo:routepoint_id>
				</extensions>
			</trkpt>
			<trkpt lat="46.4248506685" lon="6.9659471374">
				<ele>1681.0</ele>
				<extensions>
					<swisstopo:routepoint_id>1713904694</swisstopo:routepoint_id>
				</extensions>
			</trkpt>
			<trkpt lat="46.4248547146" lon="6.9660049272">
				<ele>1680.4</ele>
				<extensions>
					<swisstopo:routepoint_id>1367913747</swisstopo:routepoint_id>
				</extensions>
			</trkpt>
			<trkpt lat="46.4248625960" lon="6.9660681996">
				<ele>1679.6</ele>
				<extensions>
					<swisstopo:routepoint_id>296515141</swisstopo:routepoint_id>
				</extensions>
			</trkpt>
			<trkpt lat="46.4248588597" lon="6.9660847533">
				<ele>1679.5</ele>
				<extensions>
					<swisstopo:routepoint_id>1745143581</swisstopo:routepoint_id>
				</extensions>
			</trkpt>
			<trkpt lat="46.4248493225" lon="6.9660820781">
				<ele>1679.2</ele>
				<extensions>
					<swisstopo:routepoint_id>945625283</swisstopo:routepoint_id>
				</extensions>
			</trkpt>
			<trkpt lat="46.4248205900" lon="6.9660410244">
				<ele>1678.3</ele>
				<extensions>
					<swisstopo:routepoint_id>85792060</swisstopo:routepoint_id>
				</extensions>
			</trkpt>
			<trkpt lat="46.4248115178" lon="6.9659792193">
				<ele>1677.5</ele>
				<extensions>
					<swisstopo:routepoint_id>69258162</swisstopo:routepoint_id>
				</extensions>
			</trkpt>
			<trkpt lat="46.4248049487" lon="6.9659331725">
				<ele>1676.8</ele>
				<extensions>
					<swisstopo:routepoint_id>1245792516</swisstopo:routepoint_id>
				</extensions>
			</trkpt>
			<trkpt lat="46.4248045694" lon="6.9658267496">
				<ele>1675.1</ele>
				<extensions>
					<swisstopo:routepoint_id>1411967638</swisstopo:routepoint_id>
				</extensions>
			</trkpt>
			<trkpt lat="46.4247995157" lon="6.9657688258">
				<ele>1674.6</ele>
				<extensions>
					<swisstopo:routepoint_id>1786608456</swisstopo:routepoint_id>
				</extensions>
			</trkpt>
			<trkpt lat="46.4248000862" lon="6.9655184117">
				<ele>1672.0</ele>
				<extensions>
					<swisstopo:routepoint_id>804693945</swisstopo:routepoint_id>
				</extensions>
			</trkpt>
			<trkpt lat="46.4247806133" lon="6.9654629289">
				<ele>1671.1</ele>
				<extensions>
					<swisstopo:routepoint_id>1181694143</swisstopo:routepoint_id>
				</extensions>
			</trkpt>
			<trkpt lat="46.4247452264" lon="6.9654354234">
				<ele>1669.9</ele>
				<extensions>
					<swisstopo:routepoint_id>638680607</swisstopo:routepoint_id>
				</extensions>
			</trkpt>
			<trkpt lat="46.4247067931" lon="6.9654195222">
				<ele>1669.3</ele>
				<extensions>
					<swisstopo:routepoint_id>1929540622</swisstopo:routepoint_id>
				</extensions>
			</trkpt>
			<trkpt lat="46.4246614932" lon="6.9654135939">
				<ele>1667.6</ele>
				<extensions>
					<swisstopo:routepoint_id>2120510541</swisstopo:routepoint_id>
				</extensions>
			</trkpt>
			<trkpt lat="46.4245851088" lon="6.9654153117">
				<ele>1666.1</ele>
				<extensions>
					<swisstopo:routepoint_id>1204643830</swisstopo:routepoint_id>
				</extensions>
			</trkpt>
			<trkpt lat="46.4245068977" lon="6.9654626284">
				<ele>1665.6</ele>
				<extensions>
					<swisstopo:routepoint_id>1780207462</swisstopo:routepoint_id>
				</extensions>
			</trkpt>
			<trkpt lat="46.4244553223" lon="6.9655075022">
				<ele>1664.5</ele>
				<extensions>
					<swisstopo:routepoint_id>918922777</swisstopo:routepoint_id>
				</extensions>
			</trkpt>
			<trkpt lat="46.4244105989" lon="6.9655472946">
				<ele>1663.1</ele>
				<extensions>
					<swisstopo:routepoint_id>184814677</swisstopo:routepoint_id>
				</extensions>
			</trkpt>
			<trkpt lat="46.4243529032" lon="6.9655524402">
				<ele>1661.9</ele>
				<extensions>
					<swisstopo:routepoint_id>495770891</swisstopo:routepoint_id>
				</extensions>
			</trkpt>
			<trkpt lat="46.4242069974" lon="6.9655537085">
				<ele>1659.3</ele>
				<extensions>
					<swisstopo:routepoint_id>593024774</swisstopo:routepoint_id>
				</extensions>
			</trkpt>
			<trkpt lat="46.4241236377" lon="6.9655567488">
				<ele>1657.8</ele>
				<extensions>
					<swisstopo:routepoint_id>273853185</swisstopo:routepoint_id>
				</extensions>
			</trkpt>
			<trkpt lat="46.4240483688" lon="6.9655782691">
				<ele>1656.9</ele>
				<extensions>
					<swisstopo:routepoint_id>318810350</swisstopo:routepoint_id>
				</extensions>
			</trkpt>
			<trkpt lat="46.4240035664" lon="6.9656074991">
				<ele>1656.2</ele>
				<extensions>
					<swisstopo:routepoint_id>1218463906</swisstopo:routepoint_id>
				</extensions>
			</trkpt>
			<trkpt lat="46.4239774838" lon="6.9656217492">
				<ele>1656.0</ele>
				<extensions>
					<swisstopo:routepoint_id>221631172</swisstopo:routepoint_id>
				</extensions>
			</trkpt>
			<trkpt lat="46.4239580662" lon="6.9656250268">
				<ele>1655.7</ele>
				<extensions>
					<swisstopo:routepoint_id>1921210552</swisstopo:routepoint_id>
				</extensions>
			</trkpt>
			<trkpt lat="46.4239492723" lon="6.9656064619">
				<ele>1655.2</ele>
				<extensions>
					<swisstopo:routepoint_id>864755343</swisstopo:routepoint_id>
				</extensions>
			</trkpt>
			<trkpt lat="46.4239504268" lon="6.9655619098">
				<ele>1654.7</ele>
				<extensions>
					<swisstopo:routepoint_id>76459807</swisstopo:routepoint_id>
				</extensions>
			</trkpt>
			<trkpt lat="46.4239760981" lon="6.9654529337">
				<ele>1654.4</ele>
				<extensions>
					<swisstopo:routepoint_id>1729286615</swisstopo:routepoint_id>
				</extensions>
			</trkpt>
			<trkpt lat="46.4239864251" lon="6.9653750903">
				<ele>1652.7</ele>
				<extensions>
					<swisstopo:routepoint_id>810440327</swisstopo:routepoint_id>
				</extensions>
			</trkpt>
			<trkpt lat="46.4239846462" lon="6.9652890011">
				<ele>1651.9</ele>
				<extensions>
					<swisstopo:routepoint_id>1896585364</swisstopo:routepoint_id>
				</extensions>
			</trkpt>
			<trkpt lat="46.4239827183" lon="6.9652125132">
				<ele>1651.0</ele>
				<extensions>
					<swisstopo:routepoint_id>1759166059</swisstopo:routepoint_id>
				</extensions>
			</trkpt>
			<trkpt lat="46.4239689903" lon="6.9651432051">
				<ele>1650.2</ele>
				<extensions>
					<swisstopo:routepoint_id>781820915</swisstopo:routepoint_id>
				</extensions>
			</trkpt>
			<trkpt lat="46.4239392137" lon="6.9650933153">
				<ele>1649.4</ele>
				<extensions>
					<swisstopo:routepoint_id>1577661832</swisstopo:routepoint_id>
				</extensions>
			</trkpt>
			<trkpt lat="46.4239267469" lon="6.9650373821">
				<ele>1648.5</ele>
				<extensions>
					<swisstopo:routepoint_id>801742730</swisstopo:routepoint_id>
				</extensions>
			</trkpt>
			<trkpt lat="46.4239097813" lon="6.9648841308">
				<ele>1646.2</ele>
				<extensions>
					<swisstopo:routepoint_id>211384524</swisstopo:routepoint_id>
				</extensions>
			</trkpt>
			<trkpt lat="46.4238888707" lon="6.9647619007">
				<ele>1644.2</ele>
				<extensions>
					<swisstopo:routepoint_id>256581100</swisstopo:routepoint_id>
				</extensions>
			</trkpt>
			<trkpt lat="46.4238987699" lon="6.9646895380">
				<ele>1643.3</ele>
				<extensions>
					<swisstopo:routepoint_id>1315823358</swisstopo:routepoint_id>
				</extensions>
			</trkpt>
			<trkpt lat="46.4238913947" lon="6.9646335737">
				<ele>1642.7</ele>
				<extensions>
					<swisstopo:routepoint_id>1087300183</swisstopo:routepoint_id>
				</extensions>
			</trkpt>
			<trkpt lat="46.4238764422" lon="6.9645337708">
				<ele>1641.8</ele>
				<extensions>
					<swisstopo:routepoint_id>1995881589</swisstopo:routepoint_id>
				</extensions>
			</trkpt>
			<trkpt lat="46.4238743244" lon="6.9644508326">
				<ele>1641.5</ele>
				<extensions>
					<swisstopo:routepoint_id>534721691</swisstopo:routepoint_id>
				</extensions>
			</trkpt>
			<trkpt lat="46.4238991026" lon="6.9643913230">
				<ele>1641.4</ele>
				<extensions>
					<swisstopo:routepoint_id>703934202</swisstopo:routepoint_id>
				</extensions>
			</trkpt>
			<trkpt lat="46.4239128775" lon="6.9642925316">
				<ele>1640.2</ele>
				<extensions>
					<swisstopo:routepoint_id>150430903</swisstopo:routepoint_id>
				</extensions>
			</trkpt>
			<trkpt lat="46.4239112440" lon="6.9642243931">
				<ele>1639.8</ele>
				<extensions>
					<swisstopo:routepoint_id>1819243327</swisstopo:routepoint_id>
				</extensions>
			</trkpt>
			<trkpt lat="46.4238873236" lon="6.9641595450">
				<ele>1639.4</ele>
				<extensions>
					<swisstopo:routepoint_id>1385680485</swisstopo:routepoint_id>
				</extensions>
			</trkpt>
			<trkpt lat="46.4238473194" lon="6.9641227018">
				<ele>1637.6</ele>
				<extensions>
					<swisstopo:routepoint_id>115461618</swisstopo:routepoint_id>
				</extensions>
			</trkpt>
			<trkpt lat="46.4237493672" lon="6.9640802498">
				<ele>1635.6</ele>
				<extensions>
					<swisstopo:routepoint_id>1293454657</swisstopo:routepoint_id>
				</extensions>
			</trkpt>
			<trkpt lat="46.4236400592" lon="6.9640369473">
				<ele>1633.8</ele>
				<extensions>
					<swisstopo:routepoint_id>1493106436</swisstopo:routepoint_id>
				</extensions>
			</trkpt>
			<trkpt lat="46.4235594805" lon="6.9640361800">
				<ele>1632.4</ele>
				<extensions>
					<swisstopo:routepoint_id>943310370</swisstopo:routepoint_id>
				</extensions>
			</trkpt>
			<trkpt lat="46.4234932640" lon="6.9640559191">
				<ele>1631.5</ele>
				<extensions>
					<swisstopo:routepoint_id>2114190976</swisstopo:routepoint_id>
				</extensions>
			</trkpt>
			<trkpt lat="46.4234174435" lon="6.9640959834">
				<ele>1629.9</ele>
				<extensions>
					<swisstopo:routepoint_id>814679743</swisstopo:routepoint_id>
				</extensions>
			</trkpt>
			<trkpt lat="46.4233710913" lon="6.9641118807">
				<ele>1628.9</ele>
				<extensions>
					<swisstopo:routepoint_id>2087223184</swisstopo:routepoint_id>
				</extensions>
			</trkpt>
			<trkpt lat="46.4233422100" lon="6.9640911367">
				<ele>1628.2</ele>
				<extensions>
					<swisstopo:routepoint_id>581875425</swisstopo:routepoint_id>
				</extensions>
			</trkpt>
			<trkpt lat="46.4232847351" lon="6.9640069648">
				<ele>1626.6</ele>
				<extensions>
					<swisstopo:routepoint_id>492216867</swisstopo:routepoint_id>
				</extensions>
			</trkpt>
			<trkpt lat="46.4232115983" lon="6.9639353271">
				<ele>1624.5</ele>
				<extensions>
					<swisstopo:routepoint_id>241265029</swisstopo:routepoint_id>
				</extensions>
			</trkpt>
			<trkpt lat="46.4231483776" lon="6.9638429454">
				<ele>1622.5</ele>
				<extensions>
					<swisstopo:routepoint_id>1272124023</swisstopo:routepoint_id>
				</extensions>
			</trkpt>
			<trkpt lat="46.4230852000" lon="6.9637608923">
				<ele>1620.7</ele>
				<extensions>
					<swisstopo:routepoint_id>1101735951</swisstopo:routepoint_id>
				</extensions>
			</trkpt>
			<trkpt lat="46.4230264935" lon="6.9637221709">
				<ele>1619.7</ele>
				<extensions>
					<swisstopo:routepoint_id>1569631157</swisstopo:routepoint_id>
				</extensions>
			</trkpt>
			<trkpt lat="46.4229607311" lon="6.9637062238">
				<ele>1618.5</ele>
				<extensions>
					<swisstopo:routepoint_id>893227841</swisstopo:routepoint_id>
				</extensions>
			</trkpt>
			<trkpt lat="46.4229163695" lon="6.9636838851">
				<ele>1617.6</ele>
				<extensions>
					<swisstopo:routepoint_id>2054262380</swisstopo:routepoint_id>
				</extensions>
			</trkpt>
			<trkpt lat="46.4228561727" lon="6.9636327927">
				<ele>1616.0</ele>
				<extensions>
					<swisstopo:routepoint_id>1494429435</swisstopo:routepoint_id>
				</extensions>
			</trkpt>
			<trkpt lat="46.4227959417" lon="6.9635713590">
				<ele>1614.2</ele>
				<extensions>
					<swisstopo:routepoint_id>405896501</swisstopo:routepoint_id>
				</extensions>
			</trkpt>
			<trkpt lat="46.4227362006" lon="6.9634960542">
				<ele>1612.6</ele>
				<extensions>
					<swisstopo:routepoint_id>291219202</swisstopo:routepoint_id>
				</extensions>
			</trkpt>
			<trkpt lat="46.4226980371" lon="6.9634564514">
				<ele>1611.8</ele>
				<extensions>
					<swisstopo:routepoint_id>374648258</swisstopo:routepoint_id>
				</extensions>
			</trkpt>
			<trkpt lat="46.4226291701" lon="6.9633799647">
				<ele>1610.3</ele>
				<extensions>
					<swisstopo:routepoint_id>1004702717</swisstopo:routepoint_id>
				</extensions>
			</trkpt>
			<trkpt lat="46.4225870025" lon="6.9633142496">
				<ele>1609.3</ele>
				<extensions>
					<swisstopo:routepoint_id>966408254</swisstopo:routepoint_id>
				</extensions>
			</trkpt>
			<trkpt lat="46.4225581656" lon="6.9632484208">
				<ele>1608.3</ele>
				<extensions>
					<swisstopo:routepoint_id>1612682663</swisstopo:routepoint_id>
				</extensions>
			</trkpt>
			<trkpt lat="46.4225293056" lon="6.9631770726">
				<ele>1607.6</ele>
				<extensions>
					<swisstopo:routepoint_id>121224917</swisstopo:routepoint_id>
				</extensions>
			</trkpt>
			<trkpt lat="46.4224890349" lon="6.9631085841">
				<ele>1606.6</ele>
				<extensions>
					<swisstopo:routepoint_id>86509648</swisstopo:routepoint_id>
				</extensions>
			</trkpt>
			<trkpt lat="46.4224640384" lon="6.9630509793">
				<ele>1605.6</ele>
				<extensions>
					<swisstopo:routepoint_id>981941949</swisstopo:routepoint_id>
				</extensions>
			</trkpt>
			<trkpt lat="46.4224199250" lon="6.9629742768">
				<ele>1604.3</ele>
				<extensions>
					<swisstopo:routepoint_id>971134507</swisstopo:routepoint_id>
				</extensions>
			</trkpt>
			<trkpt lat="46.4224121569" lon="6.9629385462">
				<ele>1603.8</ele>
				<extensions>
					<swisstopo:routepoint_id>1774571549</swisstopo:routepoint_id>
				</extensions>
			</trkpt>
			<trkpt lat="46.4224118807" lon="6.9628724683">
				<ele>1602.7</ele>
				<extensions>
					<swisstopo:routepoint_id>1288697992</swisstopo:routepoint_id>
				</extensions>
			</trkpt>
			<trkpt lat="46.4224040781" lon="6.9628284744">
				<ele>1601.8</ele>
				<extensions>
					<swisstopo:routepoint_id>1144796495</swisstopo:routepoint_id>
				</extensions>
			</trkpt>
			<trkpt lat="46.4223770145" lon="6.9627566187">
				<ele>1601.0</ele>
				<extensions>
					<swisstopo:routepoint_id>1689229405</swisstopo:routepoint_id>
				</extensions>
			</trkpt>
			<trkpt lat="46.4223635665" lon="6.9627139668">
				<ele>1600.2</ele>
				<extensions>
					<swisstopo:routepoint_id>1747398590</swisstopo:routepoint_id>
				</extensions>
			</trkpt>
			<trkpt lat="46.4223324666" lon="6.9625587355">
				<ele>1597.7</ele>
				<extensions>
					<swisstopo:routepoint_id>822068763</swisstopo:routepoint_id>
				</extensions>
			</trkpt>
			<trkpt lat="46.4222857381" lon="6.9623615101">
				<ele>1594.9</ele>
				<extensions>
					<swisstopo:routepoint_id>1369649508</swisstopo:routepoint_id>
				</extensions>
			</trkpt>
			<trkpt lat="46.4222192043" lon="6.9621744084">
				<ele>1592.1</ele>
				<extensions>
					<swisstopo:routepoint_id>1420024717</swisstopo:routepoint_id>
				</extensions>
			</trkpt>
			<trkpt lat="46.4221698572" lon="6.9620075774">
				<ele>1590.2</ele>
				<extensions>
					<swisstopo:routepoint_id>1351669069</swisstopo:routepoint_id>
				</extensions>
			</trkpt>
			<trkpt lat="46.4221075233" lon="6.9617411291">
				<ele>1587.1</ele>
				<extensions>
					<swisstopo:routepoint_id>1275256647</swisstopo:routepoint_id>
				</extensions>
			</trkpt>
			<trkpt lat="46.4220734426" lon="6.9616411215">
				<ele>1585.4</ele>
				<extensions>
					<swisstopo:routepoint_id>1478539212</swisstopo:routepoint_id>
				</extensions>
			</trkpt>
			<trkpt lat="46.4220301837" lon="6.9615426618">
				<ele>1583.8</ele>
				<extensions>
					<swisstopo:routepoint_id>300227145</swisstopo:routepoint_id>
				</extensions>
			</trkpt>
			<trkpt lat="46.4219890377" lon="6.9614589228">
				<ele>1582.3</ele>
				<extensions>
					<swisstopo:routepoint_id>2092814594</swisstopo:routepoint_id>
				</extensions>
			</trkpt>
			<trkpt lat="46.4219368581" lon="6.9613700405">
				<ele>1580.6</ele>
				<extensions>
					<swisstopo:routepoint_id>755519494</swisstopo:routepoint_id>
				</extensions>
			</trkpt>
			<trkpt lat="46.4218546697" lon="6.9612687373">
				<ele>1578.3</ele>
				<extensions>
					<swisstopo:routepoint_id>585629385</swisstopo:routepoint_id>
				</extensions>
			</trkpt>
			<trkpt lat="46.4217859768" lon="6.9612040383">
				<ele>1576.7</ele>
				<extensions>
					<swisstopo:routepoint_id>1240840086</swisstopo:routepoint_id>
				</extensions>
			</trkpt>
			<trkpt lat="46.4217060227" lon="6.9611118084">
				<ele>1574.7</ele>
				<extensions>
					<swisstopo:routepoint_id>867270325</swisstopo:routepoint_id>
				</extensions>
			</trkpt>
			<trkpt lat="46.4216689476" lon="6.9610295208">
				<ele>1573.2</ele>
				<extensions>
					<swisstopo:routepoint_id>982371723</swisstopo:routepoint_id>
				</extensions>
			</trkpt>
			<trkpt lat="46.4216490856" lon="6.9609161211">
				<ele>1571.8</ele>
				<extensions>
					<swisstopo:routepoint_id>1295550608</swisstopo:routepoint_id>
				</extensions>
			</trkpt>
			<trkpt lat="46.4216266611" lon="6.9608070471">
				<ele>1570.1</ele>
				<extensions>
					<swisstopo:routepoint_id>21287430</swisstopo:routepoint_id>
				</extensions>
			</trkpt>
			<trkpt lat="46.4215974338" lon="6.9607192000">
				<ele>1568.8</ele>
				<extensions>
					<swisstopo:routepoint_id>1998629172</swisstopo:routepoint_id>
				</extensions>
			</trkpt>
			<trkpt lat="46.4215553017" lon="6.9606152441">
				<ele>1567.2</ele>
				<extensions>
					<swisstopo:routepoint_id>1686852517</swisstopo:routepoint_id>
				</extensions>
			</trkpt>
			<trkpt lat="46.4214970415" lon="6.9604859219">
				<ele>1565.4</ele>
				<extensions>
					<swisstopo:routepoint_id>221914587</swisstopo:routepoint_id>
				</extensions>
			</trkpt>
			<trkpt lat="46.4214519012" lon="6.9604260383">
				<ele>1564.4</ele>
				<extensions>
					<swisstopo:routepoint_id>1333709539</swisstopo:routepoint_id>
				</extensions>
			</trkpt>
			<trkpt lat="46.4213859074" lon="6.9603640228">
				<ele>1563.1</ele>
				<extensions>
					<swisstopo:routepoint_id>838015795</swisstopo:routepoint_id>
				</extensions>
			</trkpt>
			<trkpt lat="46.4213295509" lon="6.9603088682">
				<ele>1561.9</ele>
				<extensions>
					<swisstopo:routepoint_id>54481231</swisstopo:routepoint_id>
				</extensions>
			</trkpt>
			<trkpt lat="46.4213004206" lon="6.9602442012">
				<ele>1560.9</ele>
				<extensions>
					<swisstopo:routepoint_id>426637852</swisstopo:routepoint_id>
				</extensions>
			</trkpt>
			<trkpt lat="46.4212609395" lon="6.9601544665">
				<ele>1558.7</ele>
				<extensions>
					<swisstopo:routepoint_id>1950227259</swisstopo:routepoint_id>
				</extensions>
			</trkpt>
			<trkpt lat="46.4212147497" lon="6.9600868944">
				<ele>1558.0</ele>
				<extensions>
					<swisstopo:routepoint_id>1493656606</swisstopo:routepoint_id>
				</extensions>
			</trkpt>
			<trkpt lat="46.4211289669" lon="6.9600142686">
				<ele>1556.5</ele>
				<extensions>
					<swisstopo:routepoint_id>538397231</swisstopo:routepoint_id>
				</extensions>
			</trkpt>
			<trkpt lat="46.4210964517" lon="6.9599787570">
				<ele>1555.8</ele>
				<extensions>
					<swisstopo:routepoint_id>671607809</swisstopo:routepoint_id>
				</extensions>
			</trkpt>
			<trkpt lat="46.4210791414" lon="6.9599376080">
				<ele>1555.1</ele>
				<extensions>
					<swisstopo:routepoint_id>729241434</swisstopo:routepoint_id>
				</extensions>
			</trkpt>
			<trkpt lat="46.4210674971" lon="6.9598854050">
				<ele>1554.3</ele>
				<extensions>
					<swisstopo:routepoint_id>2066391074</swisstopo:routepoint_id>
				</extensions>
			</trkpt>
			<trkpt lat="46.4210634248" lon="6.9598221060">
				<ele>1553.5</ele>
				<extensions>
					<swisstopo:routepoint_id>1958118986</swisstopo:routepoint_id>
				</extensions>
			</trkpt>
			<trkpt lat="46.4210441619" lon="6.9597699702">
				<ele>1552.8</ele>
				<extensions>
					<swisstopo:routepoint_id>308944255</swisstopo:routepoint_id>
				</extensions>
			</trkpt>
			<trkpt lat="46.4209788655" lon="6.9596383809">
				<ele>1550.7</ele>
				<extensions>
					<swisstopo:routepoint_id>1168504010</swisstopo:routepoint_id>
				</extensions>
			</trkpt>
			<trkpt lat="46.4209366002" lon="6.9595478936">
				<ele>1549.2</ele>
				<extensions>
					<swisstopo:routepoint_id>194795834</swisstopo:routepoint_id>
				</extensions>
			</trkpt>
			<trkpt lat="46.4209020490" lon="6.9594821159">
				<ele>1548.2</ele>
				<extensions>
					<swisstopo:routepoint_id>1017597106</swisstopo:routepoint_id>
				</extensions>
			</trkpt>
			<trkpt lat="46.4208866267" lon="6.9594381941">
				<ele>1547.6</ele>
				<extensions>
					<swisstopo:routepoint_id>563412447</swisstopo:routepoint_id>
				</extensions>
			</trkpt>
			<trkpt lat="46.4208787482" lon="6.9593749415">
				<ele>1546.9</ele>
				<extensions>
					<swisstopo:routepoint_id>1110510132</swisstopo:routepoint_id>
				</extensions>
			</trkpt>
			<trkpt lat="46.4208671521" lon="6.9593337424">
				<ele>1546.4</ele>
				<extensions>
					<swisstopo:routepoint_id>816153303</swisstopo:routepoint_id>
				</extensions>
			</trkpt>
			<trkpt lat="46.4208460384" lon="6.9592953712">
				<ele>1545.8</ele>
				<extensions>
					<swisstopo:routepoint_id>1203032944</swisstopo:routepoint_id>
				</extensions>
			</trkpt>
			<trkpt lat="46.4207924993" lon="6.9592407811">
				<ele>1544.7</ele>
				<extensions>
					<swisstopo:routepoint_id>2048147701</swisstopo:routepoint_id>
				</extensions>
			</trkpt>
			<trkpt lat="46.4207396801" lon="6.9592012093">
				<ele>1543.5</ele>
				<extensions>
					<swisstopo:routepoint_id>918044307</swisstopo:routepoint_id>
				</extensions>
			</trkpt>
			<trkpt lat="46.4206914357" lon="6.9591668500">
				<ele>1542.2</ele>
				<extensions>
					<swisstopo:routepoint_id>858945863</swisstopo:routepoint_id>
				</extensions>
			</trkpt>
			<trkpt lat="46.4206464704" lon="6.9591486964">
				<ele>1541.1</ele>
				<extensions>
					<swisstopo:routepoint_id>1976829800</swisstopo:routepoint_id>
				</extensions>
			</trkpt>
			<trkpt lat="46.4205806721" lon="6.9591353693">
				<ele>1539.7</ele>
				<extensions>
					<swisstopo:routepoint_id>1124265958</swisstopo:routepoint_id>
				</extensions>
			</trkpt>
			<trkpt lat="46.4205273727" lon="6.9591329776">
				<ele>1538.7</ele>
				<extensions>
					<swisstopo:routepoint_id>1579087712</swisstopo:routepoint_id>
				</extensions>
			</trkpt>
			<trkpt lat="46.4204722499" lon="6.9591554998">
				<ele>1537.7</ele>
				<extensions>
					<swisstopo:routepoint_id>1479579475</swisstopo:routepoint_id>
				</extensions>
			</trkpt>
			<trkpt lat="46.4203791014" lon="6.9591921047">
				<ele>1536.4</ele>
				<extensions>
					<swisstopo:routepoint_id>532774374</swisstopo:routepoint_id>
				</extensions>
			</trkpt>
			<trkpt lat="46.4203031105" lon="6.9592340748">
				<ele>1535.2</ele>
				<extensions>
					<swisstopo:routepoint_id>1507243998</swisstopo:routepoint_id>
				</extensions>
			</trkpt>
			<trkpt lat="46.4202670769" lon="6.9592674326">
				<ele>1535.1</ele>
				<extensions>
					<swisstopo:routepoint_id>8011616</swisstopo:routepoint_id>
				</extensions>
			</trkpt>
			<trkpt lat="46.4202482565" lon="6.9593199156">
				<ele>1534.6</ele>
				<extensions>
					<swisstopo:routepoint_id>1653257507</swisstopo:routepoint_id>
				</extensions>
			</trkpt>
			<trkpt lat="46.4202331863" lon="6.9593585892">
				<ele>1534.5</ele>
				<extensions>
					<swisstopo:routepoint_id>131704731</swisstopo:routepoint_id>
				</extensions>
			</trkpt>
			<trkpt lat="46.4202084313" lon="6.9593588072">
				<ele>1534.4</ele>
				<extensions>
					<swisstopo:routepoint_id>618429973</swisstopo:routepoint_id>
				</extensions>
			</trkpt>
			<trkpt lat="46.4201969025" lon="6.9593341284">
				<ele>1534.2</ele>
				<extensions>
					<swisstopo:routepoint_id>977629310</swisstopo:routepoint_id>
				</extensions>
			</trkpt>
			<trkpt lat="46.4201929249" lon="6.9592928628">
				<ele>1533.9</ele>
				<extensions>
					<swisstopo:routepoint_id>1367614393</swisstopo:routepoint_id>
				</extensions>
			</trkpt>
			<trkpt lat="46.4201984074" lon="6.9592377535">
				<ele>1533.2</ele>
				<extensions>
					<swisstopo:routepoint_id>829457010</swisstopo:routepoint_id>
				</extensions>
			</trkpt>
			<trkpt lat="46.4202191020" lon="6.9591797504">
				<ele>1532.4</ele>
				<extensions>
					<swisstopo:routepoint_id>1291963861</swisstopo:routepoint_id>
				</extensions>
			</trkpt>
			<trkpt lat="46.4202739350" lon="6.9590884092">
				<ele>1531.1</ele>
				<extensions>
					<swisstopo:routepoint_id>1926768482</swisstopo:routepoint_id>
				</extensions>
			</trkpt>
			<trkpt lat="46.4203382229" lon="6.9589804611">
				<ele>1529.5</ele>
				<extensions>
					<swisstopo:routepoint_id>688556474</swisstopo:routepoint_id>
				</extensions>
			</trkpt>
			<trkpt lat="46.4203797085" lon="6.9588837336">
				<ele>1527.8</ele>
				<extensions>
					<swisstopo:routepoint_id>1812503367</swisstopo:routepoint_id>
				</extensions>
			</trkpt>
			<trkpt lat="46.4204219745" lon="6.9587611896">
				<ele>1525.9</ele>
				<extensions>
					<swisstopo:routepoint_id>544421541</swisstopo:routepoint_id>
				</extensions>
			</trkpt>
			<trkpt lat="46.4204722401" lon="6.9585810428">
				<ele>1523.5</ele>
				<extensions>
					<swisstopo:routepoint_id>1373977276</swisstopo:routepoint_id>
				</extensions>
			</trkpt>
			<trkpt lat="46.4205306146" lon="6.9583917193">
				<ele>1520.7</ele>
				<extensions>
					<swisstopo:routepoint_id>1173550532</swisstopo:routepoint_id>
				</extensions>
			</trkpt>
			<trkpt lat="46.4205785381" lon="6.9582474405">
				<ele>1519.0</ele>
				<extensions>
					<swisstopo:routepoint_id>1534881128</swisstopo:routepoint_id>
				</extensions>
			</trkpt>
			<trkpt lat="46.4205946127" lon="6.9580872621">
				<ele>1516.9</ele>
				<extensions>
					<swisstopo:routepoint_id>1351037037</swisstopo:routepoint_id>
				</extensions>
			</trkpt>
			<trkpt lat="46.4206013908" lon="6.9579667105">
				<ele>1515.4</ele>
				<extensions>
					<swisstopo:routepoint_id>398093806</swisstopo:routepoint_id>
				</extensions>
			</trkpt>
			<trkpt lat="46.4205880138" lon="6.9578346817">
				<ele>1513.4</ele>
				<extensions>
					<swisstopo:routepoint_id>481472986</swisstopo:routepoint_id>
				</extensions>
			</trkpt>
			<trkpt lat="46.4205714846" lon="6.9577165844">
				<ele>1512.0</ele>
				<extensions>
					<swisstopo:routepoint_id>1643830463</swisstopo:routepoint_id>
				</extensions>
			</trkpt>
			<trkpt lat="46.4205532377" lon="6.9575730073">
				<ele>1510.4</ele>
				<extensions>
					<swisstopo:routepoint_id>577632529</swisstopo:routepoint_id>
				</extensions>
			</trkpt>
			<trkpt lat="46.4205334855" lon="6.9574526108">
				<ele>1508.7</ele>
				<extensions>
					<swisstopo:routepoint_id>2143301501</swisstopo:routepoint_id>
				</extensions>
			</trkpt>
			<trkpt lat="46.4204829142" lon="6.9572467286">
				<ele>1505.7</ele>
				<extensions>
					<swisstopo:routepoint_id>935043800</swisstopo:routepoint_id>
				</extensions>
			</trkpt>
			<trkpt lat="46.4204375759" lon="6.9571404749">
				<ele>1503.9</ele>
				<extensions>
					<swisstopo:routepoint_id>1488613050</swisstopo:routepoint_id>
				</extensions>
			</trkpt>
			<trkpt lat="46.4203972171" lon="6.9570759227">
				<ele>1502.7</ele>
				<extensions>
					<swisstopo:routepoint_id>1807567816</swisstopo:routepoint_id>
				</extensions>
			</trkpt>
			<trkpt lat="46.4203569282" lon="6.9570252765">
				<ele>1501.6</ele>
				<extensions>
					<swisstopo:routepoint_id>420736820</swisstopo:routepoint_id>
				</extensions>
			</trkpt>
			<trkpt lat="46.4202988895" lon="6.9569539228">
				<ele>1500.1</ele>
				<extensions>
					<swisstopo:routepoint_id>847033369</swisstopo:routepoint_id>
				</extensions>
			</trkpt>
			<trkpt lat="46.4202199886" lon="6.9568711498">
				<ele>1498.1</ele>
				<extensions>
					<swisstopo:routepoint_id>2045571056</swisstopo:routepoint_id>
				</extensions>
			</trkpt>
			<trkpt lat="46.4200960434" lon="6.9567563323">
				<ele>1495.3</ele>
				<extensions>
					<swisstopo:routepoint_id>1861776778</swisstopo:routepoint_id>
				</extensions>
			</trkpt>
			<trkpt lat="46.4200107994" lon="6.9566921654">
				<ele>1493.4</ele>
				<extensions>
					<swisstopo:routepoint_id>1887192703</swisstopo:routepoint_id>
				</extensions>
			</trkpt>
			<trkpt lat="46.4199206443" lon="6.9566071778">
				<ele>1491.5</ele>
				<extensions>
					<swisstopo:routepoint_id>229465124</swisstopo:routepoint_id>
				</extensions>
			</trkpt>
			<trkpt lat="46.4198565912" lon="6.9565257827">
				<ele>1490.1</ele>
				<extensions>
					<swisstopo:routepoint_id>1698502385</swisstopo:routepoint_id>
				</extensions>
			</trkpt>
			<trkpt lat="46.4198174142" lon="6.9564302356">
				<ele>1488.6</ele>
				<extensions>
					<swisstopo:routepoint_id>1178169675</swisstopo:routepoint_id>
				</extensions>
			</trkpt>
			<trkpt lat="46.4197847542" lon="6.9563209086">
				<ele>1487.1</ele>
				<extensions>
					<swisstopo:routepoint_id>240155884</swisstopo:routepoint_id>
				</extensions>
			</trkpt>
			<trkpt lat="46.4196967161" lon="6.9559924623">
				<ele>1482.4</ele>
				<extensions>
					<swisstopo:routepoint_id>614092138</swisstopo:routepoint_id>
				</extensions>
			</trkpt>
			<trkpt lat="46.4196319271" lon="6.9557904676">
				<ele>1479.5</ele>
				<extensions>
					<swisstopo:routepoint_id>1384331048</swisstopo:routepoint_id>
				</extensions>
			</trkpt>
			<trkpt lat="46.4195287391" lon="6.9555140612">
				<ele>1475.6</ele>
				<extensions>
					<swisstopo:routepoint_id>379951997</swisstopo:routepoint_id>
				</extensions>
			</trkpt>
			<trkpt lat="46.4194627760" lon="6.9553533766">
				<ele>1473.2</ele>
				<extensions>
					<swisstopo:routepoint_id>24427282</swisstopo:routepoint_id>
				</extensions>
			</trkpt>
			<trkpt lat="46.4193654344" lon="6.9551713271">
				<ele>1470.0</ele>
				<extensions>
					<swisstopo:routepoint_id>139785300</swisstopo:routepoint_id>
				</extensions>
			</trkpt>
			<trkpt lat="46.4192587162" lon="6.9550247690">
				<ele>1467.2</ele>
				<extensions>
					<swisstopo:routepoint_id>1710507727</swisstopo:routepoint_id>
				</extensions>
			</trkpt>
			<trkpt lat="46.4191330367" lon="6.9548960954">
				<ele>1464.4</ele>
				<extensions>
					<swisstopo:routepoint_id>953800705</swisstopo:routepoint_id>
				</extensions>
			</trkpt>
			<trkpt lat="46.4190661622" lon="6.9548435798">
				<ele>1462.9</ele>
				<extensions>
					<swisstopo:routepoint_id>1621114942</swisstopo:routepoint_id>
				</extensions>
			</trkpt>
			<trkpt lat="46.4189857560" lon="6.9548069373">
				<ele>1461.2</ele>
				<extensions>
					<swisstopo:routepoint_id>1526091409</swisstopo:routepoint_id>
				</extensions>
			</trkpt>
			<trkpt lat="46.4188890072" lon="6.9547645083">
				<ele>1459.4</ele>
				<extensions>
					<swisstopo:routepoint_id>1740233586</swisstopo:routepoint_id>
				</extensions>
			</trkpt>
			<trkpt lat="46.4187719729" lon="6.9547517996">
				<ele>1457.3</ele>
				<extensions>
					<swisstopo:routepoint_id>769298018</swisstopo:routepoint_id>
				</extensions>
			</trkpt>
			<trkpt lat="46.4186958727" lon="6.9547681893">
				<ele>1456.0</ele>
				<extensions>
					<swisstopo:routepoint_id>391926081</swisstopo:routepoint_id>
				</extensions>
			</trkpt>
			<trkpt lat="46.4185967894" lon="6.9548182388">
				<ele>1454.8</ele>
				<extensions>
					<swisstopo:routepoint_id>572319342</swisstopo:routepoint_id>
				</extensions>
			</trkpt>
			<trkpt lat="46.4185615735" lon="6.9548520056">
				<ele>1454.5</ele>
				<extensions>
					<swisstopo:routepoint_id>610023160</swisstopo:routepoint_id>
				</extensions>
			</trkpt>
			<trkpt lat="46.4184966835" lon="6.9549450143">
				<ele>1454.2</ele>
				<extensions>
					<swisstopo:routepoint_id>1678209094</swisstopo:routepoint_id>
				</extensions>
			</trkpt>
			<trkpt lat="46.4184425812" lon="6.9550162818">
				<ele>1454.0</ele>
				<extensions>
					<swisstopo:routepoint_id>886206777</swisstopo:routepoint_id>
				</extensions>
			</trkpt>
			<trkpt lat="46.4183964768" lon="6.9550501452">
				<ele>1453.8</ele>
				<extensions>
					<swisstopo:routepoint_id>1504326244</swisstopo:routepoint_id>
				</extensions>
			</trkpt>
			<trkpt lat="46.4183326223" lon="6.9550664256">
				<ele>1453.5</ele>
				<extensions>
					<swisstopo:routepoint_id>558969346</swisstopo:routepoint_id>
				</extensions>
			</trkpt>
			<trkpt lat="46.4182510089" lon="6.9550671506">
				<ele>1453.1</ele>
				<extensions>
					<swisstopo:routepoint_id>1656740164</swisstopo:routepoint_id>
				</extensions>
			</trkpt>
			<trkpt lat="46.4182074236" lon="6.9550498480">
				<ele>1452.8</ele>
				<extensions>
					<swisstopo:routepoint_id>231495783</swisstopo:routepoint_id>
				</extensions>
			</trkpt>
			<trkpt lat="46.4181883325" lon="6.9550309098">
				<ele>1452.5</ele>
				<extensions>
					<swisstopo:routepoint_id>332607332</swisstopo:routepoint_id>
				</extensions>
			</trkpt>
			<trkpt lat="46.4181683309" lon="6.9549961493">
				<ele>1452.3</ele>
				<extensions>
					<swisstopo:routepoint_id>1522181549</swisstopo:routepoint_id>
				</extensions>
			</trkpt>
			<trkpt lat="46.4181565876" lon="6.9549480747">
				<ele>1451.7</ele>
				<extensions>
					<swisstopo:routepoint_id>1943648238</swisstopo:routepoint_id>
				</extensions>
			</trkpt>
			<trkpt lat="46.4181576245" lon="6.9548923301">
				<ele>1451.1</ele>
				<extensions>
					<swisstopo:routepoint_id>1993760397</swisstopo:routepoint_id>
				</extensions>
			</trkpt>
			<trkpt lat="46.4181750423" lon="6.9547924987">
				<ele>1450.1</ele>
				<extensions>
					<swisstopo:routepoint_id>948323312</swisstopo:routepoint_id>
				</extensions>
			</trkpt>
			<trkpt lat="46.4182354337" lon="6.9546011953">
				<ele>1448.3</ele>
				<extensions>
					<swisstopo:routepoint_id>1923170387</swisstopo:routepoint_id>
				</extensions>
			</trkpt>
			<trkpt lat="46.4182772190" lon="6.9545123220">
				<ele>1447.3</ele>
				<extensions>
					<swisstopo:routepoint_id>1258807912</swisstopo:routepoint_id>
				</extensions>
			</trkpt>
			<trkpt lat="46.4183839815" lon="6.9543520569">
				<ele>1445.2</ele>
				<extensions>
					<swisstopo:routepoint_id>1376830791</swisstopo:routepoint_id>
				</extensions>
			</trkpt>
			<trkpt lat="46.4184352601" lon="6.9542552422">
				<ele>1444.1</ele>
				<extensions>
					<swisstopo:routepoint_id>1248681325</swisstopo:routepoint_id>
				</extensions>
			</trkpt>
			<trkpt lat="46.4184593871" lon="6.9541704394">
				<ele>1443.2</ele>
				<extensions>
					<swisstopo:routepoint_id>2004963086</swisstopo:routepoint_id>
				</extensions>
			</trkpt>
			<trkpt lat="46.4184711263" lon="6.9540523454">
				<ele>1442.2</ele>
				<extensions>
					<swisstopo:routepoint_id>1602905922</swisstopo:routepoint_id>
				</extensions>
			</trkpt>
			<trkpt lat="46.4184771595" lon="6.9538713450">
				<ele>1440.5</ele>
				<extensions>
					<swisstopo:routepoint_id>1377234584</swisstopo:routepoint_id>
				</extensions>
			</trkpt>
			<trkpt lat="46.4184752533" lon="6.9537435248">
				<ele>1439.2</ele>
				<extensions>
					<swisstopo:routepoint_id>363468836</swisstopo:routepoint_id>
				</extensions>
			</trkpt>
			<trkpt lat="46.4184515665" lon="6.9536119704">
				<ele>1438.0</ele>
				<extensions>
					<swisstopo:routepoint_id>1497778710</swisstopo:routepoint_id>
				</extensions>
			</trkpt>
			<trkpt lat="46.4184114155" lon="6.9534451560">
				<ele>1436.4</ele>
				<extensions>
					<swisstopo:routepoint_id>522298057</swisstopo:routepoint_id>
				</extensions>
			</trkpt>
			<trkpt lat="46.4183218876" lon="6.9531843754">
				<ele>1433.5</ele>
				<extensions>
					<swisstopo:routepoint_id>1589273749</swisstopo:routepoint_id>
				</extensions>
			</trkpt>
			<trkpt lat="46.4182710196" lon="6.9530569923">
				<ele>1432.1</ele>
				<extensions>
					<swisstopo:routepoint_id>1958857237</swisstopo:routepoint_id>
				</extensions>
			</trkpt>
			<trkpt lat="46.4182202059" lon="6.9529433706">
				<ele>1431.0</ele>
				<extensions>
					<swisstopo:routepoint_id>385480427</swisstopo:routepoint_id>
				</extensions>
			</trkpt>
			<trkpt lat="46.4181722077" lon="6.9528513691">
				<ele>1430.0</ele>
				<extensions>
					<swisstopo:routepoint_id>1415494099</swisstopo:routepoint_id>
				</extensions>
			</trkpt>
			<trkpt lat="46.4181036980" lon="6.9527339903">
				<ele>1428.7</ele>
				<extensions>
					<swisstopo:routepoint_id>924267550</swisstopo:routepoint_id>
				</extensions>
			</trkpt>
			<trkpt lat="46.4179777470" lon="6.9525423595">
				<ele>1426.2</ele>
				<extensions>
					<swisstopo:routepoint_id>954903883</swisstopo:routepoint_id>
				</extensions>
			</trkpt>
			<trkpt lat="46.4179570761" lon="6.9524796145">
				<ele>1425.7</ele>
				<extensions>
					<swisstopo:routepoint_id>1479031244</swisstopo:routepoint_id>
				</extensions>
			</trkpt>
			<trkpt lat="46.4179471799" lon="6.9523911890">
				<ele>1424.9</ele>
				<extensions>
					<swisstopo:routepoint_id>971675176</swisstopo:routepoint_id>
				</extensions>
			</trkpt>
			<trkpt lat="46.4179468270" lon="6.9523085960">
				<ele>1424.1</ele>
				<extensions>
					<swisstopo:routepoint_id>1558634926</swisstopo:routepoint_id>
				</extensions>
			</trkpt>
			<trkpt lat="46.4179695951" lon="6.9522257947">
				<ele>1423.1</ele>
				<extensions>
					<swisstopo:routepoint_id>1012311780</swisstopo:routepoint_id>
				</extensions>
			</trkpt>
			<trkpt lat="46.4180072686" lon="6.9521310645">
				<ele>1422.3</ele>
				<extensions>
					<swisstopo:routepoint_id>972669592</swisstopo:routepoint_id>
				</extensions>
			</trkpt>
			<trkpt lat="46.4180504599" lon="6.9520519977">
				<ele>1421.5</ele>
				<extensions>
					<swisstopo:routepoint_id>202322799</swisstopo:routepoint_id>
				</extensions>
			</trkpt>
			<trkpt lat="46.4181802396" lon="6.9518659761">
				<ele>1419.8</ele>
				<extensions>
					<swisstopo:routepoint_id>389975749</swisstopo:routepoint_id>
				</extensions>
			</trkpt>
			<trkpt lat="46.4183829957" lon="6.9515691539">
				<ele>1417.9</ele>
				<extensions>
					<swisstopo:routepoint_id>657160610</swisstopo:routepoint_id>
				</extensions>
			</trkpt>
			<trkpt lat="46.4184926291" lon="6.9514422870">
				<ele>1417.1</ele>
				<extensions>
					<swisstopo:routepoint_id>1094671837</swisstopo:routepoint_id>
				</extensions>
			</trkpt>
			<trkpt lat="46.4185101060" lon="6.9513949261">
				<ele>1416.9</ele>
				<extensions>
					<swisstopo:routepoint_id>365879714</swisstopo:routepoint_id>
				</extensions>
			</trkpt>
			<trkpt lat="46.4185112696" lon="6.9513496897">
				<ele>1416.7</ele>
				<extensions>
					<swisstopo:routepoint_id>1881353906</swisstopo:routepoint_id>
				</extensions>
			</trkpt>
			<trkpt lat="46.4184988856" lon="6.9513144064">
				<ele>1416.4</ele>
				<extensions>
					<swisstopo:routepoint_id>1456470516</swisstopo:routepoint_id>
				</extensions>
			</trkpt>
			<trkpt lat="46.4185967345" lon="6.9513385450">
				<ele>1416.5</ele>
				<extensions>
					<swisstopo:routepoint_id>1742784907</swisstopo:routepoint_id>
				</extensions>
			</trkpt>
			<trkpt lat="46.4186439532" lon="6.9513589592">
				<ele>1416.4</ele>
				<extensions>
					<swisstopo:routepoint_id>41757747</swisstopo:routepoint_id>
				</extensions>
			</trkpt>
			<trkpt lat="46.4186885907" lon="6.9513869422">
				<ele>1416.3</ele>
				<extensions>
					<swisstopo:routepoint_id>1569312543</swisstopo:routepoint_id>
				</extensions>
			</trkpt>
			<trkpt lat="46.4187555842" lon="6.9514412337">
				<ele>1415.8</ele>
				<extensions>
					<swisstopo:routepoint_id>1548193085</swisstopo:routepoint_id>
				</extensions>
			</trkpt>
			<trkpt lat="46.4188186430" lon="6.9514936759">
				<ele>1415.2</ele>
				<extensions>
					<swisstopo:routepoint_id>1183654978</swisstopo:routepoint_id>
				</extensions>
			</trkpt>
			<trkpt lat="46.4188751770" lon="6.9515518468">
				<ele>1414.6</ele>
				<extensions>
					<swisstopo:routepoint_id>2107944391</swisstopo:routepoint_id>
				</extensions>
			</trkpt>
			<trkpt lat="46.4189172733" lon="6.9515987907">
				<ele>1414.0</ele>
				<extensions>
					<swisstopo:routepoint_id>1369470470</swisstopo:routepoint_id>
				</extensions>
			</trkpt>
			<trkpt lat="46.4189647702" lon="6.9516873386">
				<ele>1413.0</ele>
				<extensions>
					<swisstopo:routepoint_id>278626990</swisstopo:routepoint_id>
				</extensions>
			</trkpt>
			<trkpt lat="46.4190084387" lon="6.9517948320">
				<ele>1412.2</ele>
				<extensions>
					<swisstopo:routepoint_id>1272126246</swisstopo:routepoint_id>
				</extensions>
			</trkpt>
			<trkpt lat="46.4190613903" lon="6.9519325386">
				<ele>1411.3</ele>
				<extensions>
					<swisstopo:routepoint_id>1484033272</swisstopo:routepoint_id>
				</extensions>
			</trkpt>
			<trkpt lat="46.4190986143" lon="6.9520665990">
				<ele>1410.5</ele>
				<extensions>
					<swisstopo:routepoint_id>491887225</swisstopo:routepoint_id>
				</extensions>
			</trkpt>
			<trkpt lat="46.4191332570" lon="6.9522082677">
				<ele>1409.5</ele>
				<extensions>
					<swisstopo:routepoint_id>1193558436</swisstopo:routepoint_id>
				</extensions>
			</trkpt>
			<trkpt lat="46.4191558195" lon="6.9522818850">
				<ele>1409.0</ele>
				<extensions>
					<swisstopo:routepoint_id>1024172963</swisstopo:routepoint_id>
				</extensions>
			</trkpt>
			<trkpt lat="46.4191822578" lon="6.9523384268">
				<ele>1408.6</ele>
				<extensions>
					<swisstopo:routepoint_id>54364534</swisstopo:routepoint_id>
				</extensions>
			</trkpt>
			<trkpt lat="46.4192177593" lon="6.9523778613">
				<ele>1408.1</ele>
				<extensions>
					<swisstopo:routepoint_id>505346117</swisstopo:routepoint_id>
				</extensions>
			</trkpt>
			<trkpt lat="46.4194132125" lon="6.9524707589">
				<ele>1406.2</ele>
				<extensions>
					<swisstopo:routepoint_id>1011226925</swisstopo:routepoint_id>
				</extensions>
			</trkpt>
			<trkpt lat="46.4194853407" lon="6.9525004089">
				<ele>1405.5</ele>
				<extensions>
					<swisstopo:routepoint_id>867116184</swisstopo:routepoint_id>
				</extensions>
			</trkpt>
			<trkpt lat="46.4194853406" lon="6.9525004093">
				<ele>1405.5</ele>
				<extensions>
					<swisstopo:routepoint_id>1989607603</swisstopo:routepoint_id>
				</extensions>
			</trkpt>
			<trkpt lat="46.4195614960" lon="6.9525546213">
				<ele>1404.8</ele>
				<extensions>
					<swisstopo:routepoint_id>285819185</swisstopo:routepoint_id>
				</extensions>
			</trkpt>
			<trkpt lat="46.4196219724" lon="6.9526165443">
				<ele>1404.2</ele>
				<extensions>
					<swisstopo:routepoint_id>721679863</swisstopo:routepoint_id>
				</extensions>
			</trkpt>
			<trkpt lat="46.4197061273" lon="6.9527028663">
				<ele>1403.4</ele>
				<extensions>
					<swisstopo:routepoint_id>2142798979</swisstopo:routepoint_id>
				</extensions>
			</trkpt>
			<trkpt lat="46.4197269515" lon="6.9527490410">
				<ele>1403.2</ele>
				<extensions>
					<swisstopo:routepoint_id>1976906188</swisstopo:routepoint_id>
				</extensions>
			</trkpt>
			<trkpt lat="46.4197419445" lon="6.9528142190">
				<ele>1402.8</ele>
				<extensions>
					<swisstopo:routepoint_id>1953769374</swisstopo:routepoint_id>
				</extensions>
			</trkpt>
			<trkpt lat="46.4197619372" lon="6.9528992277">
				<ele>1402.3</ele>
				<extensions>
					<swisstopo:routepoint_id>1077371833</swisstopo:routepoint_id>
				</extensions>
			</trkpt>
			<trkpt lat="46.4197780326" lon="6.9529880566">
				<ele>1401.5</ele>
				<extensions>
					<swisstopo:routepoint_id>1526953469</swisstopo:routepoint_id>
				</extensions>
			</trkpt>
			<trkpt lat="46.4197875377" lon="6.9530693625">
				<ele>1400.9</ele>
				<extensions>
					<swisstopo:routepoint_id>1568123179</swisstopo:routepoint_id>
				</extensions>
			</trkpt>
			<trkpt lat="46.4198021749" lon="6.9531222251">
				<ele>1400.4</ele>
				<extensions>
					<swisstopo:routepoint_id>1728992048</swisstopo:routepoint_id>
				</extensions>
			</trkpt>
			<trkpt lat="46.4198285747" lon="6.9531749957">
				<ele>1399.9</ele>
				<extensions>
					<swisstopo:routepoint_id>1089496910</swisstopo:routepoint_id>
				</extensions>
			</trkpt>
			<trkpt lat="46.4198641126" lon="6.9532220018">
				<ele>1399.6</ele>
				<extensions>
					<swisstopo:routepoint_id>2106661057</swisstopo:routepoint_id>
				</extensions>
			</trkpt>
			<trkpt lat="46.4199363210" lon="6.9532705658">
				<ele>1399.1</ele>
				<extensions>
					<swisstopo:routepoint_id>692783692</swisstopo:routepoint_id>
				</extensions>
			</trkpt>
			<trkpt lat="46.4200203465" lon="6.9533266209">
				<ele>1398.4</ele>
				<extensions>
					<swisstopo:routepoint_id>290852952</swisstopo:routepoint_id>
				</extensions>
			</trkpt>
			<trkpt lat="46.4200846854" lon="6.9533714713">
				<ele>1397.7</ele>
				<extensions>
					<swisstopo:routepoint_id>104919077</swisstopo:routepoint_id>
				</extensions>
			</trkpt>
			<trkpt lat="46.4201871395" lon="6.9534538466">
				<ele>1396.5</ele>
				<extensions>
					<swisstopo:routepoint_id>1638952678</swisstopo:routepoint_id>
				</extensions>
			</trkpt>
			<trkpt lat="46.4202961754" lon="6.9535418497">
				<ele>1395.2</ele>
				<extensions>
					<swisstopo:routepoint_id>1855236153</swisstopo:routepoint_id>
				</extensions>
			</trkpt>
			<trkpt lat="46.4203512845" lon="6.9535735258">
				<ele>1394.6</ele>
				<extensions>
					<swisstopo:routepoint_id>1537477151</swisstopo:routepoint_id>
				</extensions>
			</trkpt>
			<trkpt lat="46.4204443392" lon="6.9535973086">
				<ele>1393.8</ele>
				<extensions>
					<swisstopo:routepoint_id>1034926372</swisstopo:routepoint_id>
				</extensions>
			</trkpt>
			<trkpt lat="46.4205910255" lon="6.9536168265">
				<ele>1392.7</ele>
				<extensions>
					<swisstopo:routepoint_id>2110363232</swisstopo:routepoint_id>
				</extensions>
			</trkpt>
			<trkpt lat="46.4207494596" lon="6.9536229730">
				<ele>1391.4</ele>
				<extensions>
					<swisstopo:routepoint_id>1220359326</swisstopo:routepoint_id>
				</extensions>
			</trkpt>
			<trkpt lat="46.4207887326" lon="6.9536245221">
				<ele>1391.0</ele>
				<extensions>
					<swisstopo:routepoint_id>451239669</swisstopo:routepoint_id>
				</extensions>
			</trkpt>
			<trkpt lat="46.4208424865" lon="6.9536448556">
				<ele>1390.4</ele>
				<extensions>
					<swisstopo:routepoint_id>1686121583</swisstopo:routepoint_id>
				</extensions>
			</trkpt>
			<trkpt lat="46.4209134168" lon="6.9536991424">
				<ele>1389.6</ele>
				<extensions>
					<swisstopo:routepoint_id>786416403</swisstopo:routepoint_id>
				</extensions>
			</trkpt>
			<trkpt lat="46.4209699761" lon="6.9537629896">
				<ele>1389.0</ele>
				<extensions>
					<swisstopo:routepoint_id>564931970</swisstopo:routepoint_id>
				</extensions>
			</trkpt>
			<trkpt lat="46.4210108373" lon="6.9538269894">
				<ele>1388.4</ele>
				<extensions>
					<swisstopo:routepoint_id>1896954076</swisstopo:routepoint_id>
				</extensions>
			</trkpt>
			<trkpt lat="46.4210465369" lon="6.9539042783">
				<ele>1388.1</ele>
				<extensions>
					<swisstopo:routepoint_id>1691062982</swisstopo:routepoint_id>
				</extensions>
			</trkpt>
			<trkpt lat="46.4211137160" lon="6.9540096818">
				<ele>1386.7</ele>
				<extensions>
					<swisstopo:routepoint_id>1700378173</swisstopo:routepoint_id>
				</extensions>
			</trkpt>
			<trkpt lat="46.4211624548" lon="6.9540792966">
				<ele>1386.2</ele>
				<extensions>
					<swisstopo:routepoint_id>1859967415</swisstopo:routepoint_id>
				</extensions>
			</trkpt>
			<trkpt lat="46.4212318598" lon="6.9541452292">
				<ele>1385.4</ele>
				<extensions>
					<swisstopo:routepoint_id>417162289</swisstopo:routepoint_id>
				</extensions>
			</trkpt>
			<trkpt lat="46.4213962588" lon="6.9542809103">
				<ele>1384.8</ele>
				<extensions>
					<swisstopo:routepoint_id>1885701245</swisstopo:routepoint_id>
				</extensions>
			</trkpt>
			<trkpt lat="46.4214570560" lon="6.9543281224">
				<ele>1383.5</ele>
				<extensions>
					<swisstopo:routepoint_id>788855968</swisstopo:routepoint_id>
				</extensions>
			</trkpt>
			<trkpt lat="46.4215018837" lon="6.9543540384">
				<ele>1383.1</ele>
				<extensions>
					<swisstopo:routepoint_id>1696107978</swisstopo:routepoint_id>
				</extensions>
			</trkpt>
			<trkpt lat="46.4215433053" lon="6.9543655331">
				<ele>1382.3</ele>
				<extensions>
					<swisstopo:routepoint_id>261524820</swisstopo:routepoint_id>
				</extensions>
			</trkpt>
			<trkpt lat="46.4215943284" lon="6.9543593817">
				<ele>1381.9</ele>
				<extensions>
					<swisstopo:routepoint_id>977991394</swisstopo:routepoint_id>
				</extensions>
			</trkpt>
			<trkpt lat="46.4217105884" lon="6.9543015665">
				<ele>1381.1</ele>
				<extensions>
					<swisstopo:routepoint_id>2032801531</swisstopo:routepoint_id>
				</extensions>
			</trkpt>
			<trkpt lat="46.4220881021" lon="6.9541107965">
				<ele>1377.7</ele>
				<extensions>
					<swisstopo:routepoint_id>1056677282</swisstopo:routepoint_id>
				</extensions>
			</trkpt>
			<trkpt lat="46.4221503472" lon="6.9540925894">
				<ele>1377.0</ele>
				<extensions>
					<swisstopo:routepoint_id>795706393</swisstopo:routepoint_id>
				</extensions>
			</trkpt>
			<trkpt lat="46.4221967956" lon="6.9540849048">
				<ele>1376.2</ele>
				<extensions>
					<swisstopo:routepoint_id>138809005</swisstopo:routepoint_id>
				</extensions>
			</trkpt>
			<trkpt lat="46.4222343851" lon="6.9540820072">
				<ele>1375.8</ele>
				<extensions>
					<swisstopo:routepoint_id>1623494141</swisstopo:routepoint_id>
				</extensions>
			</trkpt>
			<trkpt lat="46.4222603604" lon="6.9540893472">
				<ele>1375.6</ele>
				<extensions>
					<swisstopo:routepoint_id>607913560</swisstopo:routepoint_id>
				</extensions>
			</trkpt>
			<trkpt lat="46.4222894244" lon="6.9541144033">
				<ele>1375.2</ele>
				<extensions>
					<swisstopo:routepoint_id>1155361162</swisstopo:routepoint_id>
				</extensions>
			</trkpt>
			<trkpt lat="46.4223160767" lon="6.9541579772">
				<ele>1374.9</ele>
				<extensions>
					<swisstopo:routepoint_id>502217296</swisstopo:routepoint_id>
				</extensions>
			</trkpt>
			<trkpt lat="46.4223456908" lon="6.9542323037">
				<ele>1374.3</ele>
				<extensions>
					<swisstopo:routepoint_id>353322693</swisstopo:routepoint_id>
				</extensions>
			</trkpt>
			<trkpt lat="46.4223729347" lon="6.9542900001">
				<ele>1373.8</ele>
				<extensions>
					<swisstopo:routepoint_id>39886251</swisstopo:routepoint_id>
				</extensions>
			</trkpt>
			<trkpt lat="46.4224230560" lon="6.9543785184">
				<ele>1372.9</ele>
				<extensions>
					<swisstopo:routepoint_id>1765699792</swisstopo:routepoint_id>
				</extensions>
			</trkpt>
			<trkpt lat="46.4224770937" lon="6.9544651027">
				<ele>1372.3</ele>
				<extensions>
					<swisstopo:routepoint_id>1752769613</swisstopo:routepoint_id>
				</extensions>
			</trkpt>
			<trkpt lat="46.4225377769" lon="6.9545743547">
				<ele>1371.6</ele>
				<extensions>
					<swisstopo:routepoint_id>1362294040</swisstopo:routepoint_id>
				</extensions>
			</trkpt>
			<trkpt lat="46.4226260379" lon="6.9547042004">
				<ele>1370.5</ele>
				<extensions>
					<swisstopo:routepoint_id>760970275</swisstopo:routepoint_id>
				</extensions>
			</trkpt>
			<trkpt lat="46.4226814450" lon="6.9548040293">
				<ele>1369.8</ele>
				<extensions>
					<swisstopo:routepoint_id>2035471855</swisstopo:routepoint_id>
				</extensions>
			</trkpt>
			<trkpt lat="46.4227303170" lon="6.9549077134">
				<ele>1368.9</ele>
				<extensions>
					<swisstopo:routepoint_id>1505800129</swisstopo:routepoint_id>
				</extensions>
			</trkpt>
			<trkpt lat="46.4227843061" lon="6.9549829564">
				<ele>1368.3</ele>
				<extensions>
					<swisstopo:routepoint_id>1903270942</swisstopo:routepoint_id>
				</extensions>
			</trkpt>
			<trkpt lat="46.4228776823" lon="6.9550824614">
				<ele>1367.5</ele>
				<extensions>
					<swisstopo:routepoint_id>1659375612</swisstopo:routepoint_id>
				</extensions>
			</trkpt>
			<trkpt lat="46.4229459743" lon="6.9551367501">
				<ele>1367.0</ele>
				<extensions>
					<swisstopo:routepoint_id>161220697</swisstopo:routepoint_id>
				</extensions>
			</trkpt>
			<trkpt lat="46.4229801914" lon="6.9551780870">
				<ele>1366.6</ele>
				<extensions>
					<swisstopo:routepoint_id>422938781</swisstopo:routepoint_id>
				</extensions>
			</trkpt>
			<trkpt lat="46.4230079460" lon="6.9552403075">
				<ele>1366.1</ele>
				<extensions>
					<swisstopo:routepoint_id>722837980</swisstopo:routepoint_id>
				</extensions>
			</trkpt>
			<trkpt lat="46.4230396879" lon="6.9553157616">
				<ele>1365.6</ele>
				<extensions>
					<swisstopo:routepoint_id>1038838870</swisstopo:routepoint_id>
				</extensions>
			</trkpt>
			<trkpt lat="46.4230832697" lon="6.9554062390">
				<ele>1364.7</ele>
				<extensions>
					<swisstopo:routepoint_id>212165270</swisstopo:routepoint_id>
				</extensions>
			</trkpt>
			<trkpt lat="46.4231268909" lon="6.9555080591">
				<ele>1363.7</ele>
				<extensions>
					<swisstopo:routepoint_id>1410245087</swisstopo:routepoint_id>
				</extensions>
			</trkpt>
			<trkpt lat="46.4231653050" lon="6.9556099541">
				<ele>1362.7</ele>
				<extensions>
					<swisstopo:routepoint_id>1015369507</swisstopo:routepoint_id>
				</extensions>
			</trkpt>
			<trkpt lat="46.4231917620" lon="6.9556759563">
				<ele>1362.1</ele>
				<extensions>
					<swisstopo:routepoint_id>1274853318</swisstopo:routepoint_id>
				</extensions>
			</trkpt>
			<trkpt lat="46.4232273770" lon="6.9557419058">
				<ele>1361.6</ele>
				<extensions>
					<swisstopo:routepoint_id>543367366</swisstopo:routepoint_id>
				</extensions>
			</trkpt>
			<trkpt lat="46.4232590854" lon="6.9557883138">
				<ele>1361.6</ele>
				<extensions>
					<swisstopo:routepoint_id>442383040</swisstopo:routepoint_id>
				</extensions>
			</trkpt>
			<trkpt lat="46.4233058899" lon="6.9558386721">
				<ele>1361.2</ele>
				<extensions>
					<swisstopo:routepoint_id>892521905</swisstopo:routepoint_id>
				</extensions>
			</trkpt>
			<trkpt lat="46.4234100197" lon="6.9559245530">
				<ele>1359.9</ele>
				<extensions>
					<swisstopo:routepoint_id>913886807</swisstopo:routepoint_id>
				</extensions>
			</trkpt>
			<trkpt lat="46.4234376343" lon="6.9559450851">
				<ele>1359.4</ele>
				<extensions>
					<swisstopo:routepoint_id>655530731</swisstopo:routepoint_id>
				</extensions>
			</trkpt>
			<trkpt lat="46.4234704686" lon="6.9559555507">
				<ele>1359.1</ele>
				<extensions>
					<swisstopo:routepoint_id>1524756226</swisstopo:routepoint_id>
				</extensions>
			</trkpt>
			<trkpt lat="46.4235476948" lon="6.9559529793">
				<ele>1358.3</ele>
				<extensions>
					<swisstopo:routepoint_id>945484397</swisstopo:routepoint_id>
				</extensions>
			</trkpt>
			<trkpt lat="46.4237518354" lon="6.9559360260">
				<ele>1357.3</ele>
				<extensions>
					<swisstopo:routepoint_id>366254157</swisstopo:routepoint_id>
				</extensions>
			</trkpt>
			<trkpt lat="46.4238330008" lon="6.9559353061">
				<ele>1356.9</ele>
				<extensions>
					<swisstopo:routepoint_id>1114076050</swisstopo:routepoint_id>
				</extensions>
			</trkpt>
			<trkpt lat="46.4238736273" lon="6.9559463030">
				<ele>1356.6</ele>
				<extensions>
					<swisstopo:routepoint_id>148155389</swisstopo:routepoint_id>
				</extensions>
			</trkpt>
			<trkpt lat="46.4239208749" lon="6.9559742707">
				<ele>1356.2</ele>
				<extensions>
					<swisstopo:routepoint_id>1853614174</swisstopo:routepoint_id>
				</extensions>
			</trkpt>
			<trkpt lat="46.4239865275" lon="6.9560210263">
				<ele>1355.4</ele>
				<extensions>
					<swisstopo:routepoint_id>798053727</swisstopo:routepoint_id>
				</extensions>
			</trkpt>
			<trkpt lat="46.4240311244" lon="6.9560433453">
				<ele>1355.1</ele>
				<extensions>
					<swisstopo:routepoint_id>231444692</swisstopo:routepoint_id>
				</extensions>
			</trkpt>
			<trkpt lat="46.4240914750" lon="6.9560749923">
				<ele>1354.5</ele>
				<extensions>
					<swisstopo:routepoint_id>2081822009</swisstopo:routepoint_id>
				</extensions>
			</trkpt>
			<trkpt lat="46.4241413083" lon="6.9560953785">
				<ele>1354.1</ele>
				<extensions>
					<swisstopo:routepoint_id>779029103</swisstopo:routepoint_id>
				</extensions>
			</trkpt>
			<trkpt lat="46.4241924060" lon="6.9561062828">
				<ele>1353.5</ele>
				<extensions>
					<swisstopo:routepoint_id>125391830</swisstopo:routepoint_id>
				</extensions>
			</trkpt>
			<trkpt lat="46.4243913110" lon="6.9560893761">
				<ele>1351.9</ele>
				<extensions>
					<swisstopo:routepoint_id>779423790</swisstopo:routepoint_id>
				</extensions>
			</trkpt>
			<trkpt lat="46.4244476042" lon="6.9560907636">
				<ele>1351.4</ele>
				<extensions>
					<swisstopo:routepoint_id>1410789931</swisstopo:routepoint_id>
				</extensions>
			</trkpt>
			<trkpt lat="46.4244857302" lon="6.9560994136">
				<ele>1351.2</ele>
				<extensions>
					<swisstopo:routepoint_id>188166045</swisstopo:routepoint_id>
				</extensions>
			</trkpt>
			<trkpt lat="46.4245205102" lon="6.9561274923">
				<ele>1351.1</ele>
				<extensions>
					<swisstopo:routepoint_id>532569763</swisstopo:routepoint_id>
				</extensions>
			</trkpt>
			<trkpt lat="46.4245489381" lon="6.9561745912">
				<ele>1350.2</ele>
				<extensions>
					<swisstopo:routepoint_id>110299932</swisstopo:routepoint_id>
				</extensions>
			</trkpt>
			<trkpt lat="46.4245632184" lon="6.9562436316">
				<ele>1349.7</ele>
				<extensions>
					<swisstopo:routepoint_id>1927337040</swisstopo:routepoint_id>
				</extensions>
			</trkpt>
			<trkpt lat="46.4245777378" lon="6.9563410983">
				<ele>1349.1</ele>
				<extensions>
					<swisstopo:routepoint_id>1027922044</swisstopo:routepoint_id>
				</extensions>
			</trkpt>
			<trkpt lat="46.4246025800" lon="6.9564252010">
				<ele>1348.5</ele>
				<extensions>
					<swisstopo:routepoint_id>399607859</swisstopo:routepoint_id>
				</extensions>
			</trkpt>
			<trkpt lat="46.4246265574" lon="6.9564856089">
				<ele>1348.0</ele>
				<extensions>
					<swisstopo:routepoint_id>3601425</swisstopo:routepoint_id>
				</extensions>
			</trkpt>
			<trkpt lat="46.4246774122" lon="6.9565646951">
				<ele>1347.1</ele>
				<extensions>
					<swisstopo:routepoint_id>1184840808</swisstopo:routepoint_id>
				</extensions>
			</trkpt>
			<trkpt lat="46.4248203214" lon="6.9567395203">
				<ele>1345.3</ele>
				<extensions>
					<swisstopo:routepoint_id>768753880</swisstopo:routepoint_id>
				</extensions>
			</trkpt>
			<trkpt lat="46.4249219130" lon="6.9568548155">
				<ele>1344.1</ele>
				<extensions>
					<swisstopo:routepoint_id>754162982</swisstopo:routepoint_id>
				</extensions>
			</trkpt>
			<trkpt lat="46.4249484512" lon="6.9568908762">
				<ele>1343.8</ele>
				<extensions>
					<swisstopo:routepoint_id>1564499550</swisstopo:routepoint_id>
				</extensions>
			</trkpt>
			<trkpt lat="46.4249959069" lon="6.9569680686">
				<ele>1343.3</ele>
				<extensions>
					<swisstopo:routepoint_id>1108525325</swisstopo:routepoint_id>
				</extensions>
			</trkpt>
			<trkpt lat="46.4250275427" lon="6.9570207997">
				<ele>1343.0</ele>
				<extensions>
					<swisstopo:routepoint_id>71874477</swisstopo:routepoint_id>
				</extensions>
			</trkpt>
			<trkpt lat="46.4250526704" lon="6.9570811601">
				<ele>1342.6</ele>
				<extensions>
					<swisstopo:routepoint_id>1831377104</swisstopo:routepoint_id>
				</extensions>
			</trkpt>
			<trkpt lat="46.4250739092" lon="6.9571510259">
				<ele>1342.3</ele>
				<extensions>
					<swisstopo:routepoint_id>1656049232</swisstopo:routepoint_id>
				</extensions>
			</trkpt>
			<trkpt lat="46.4250885918" lon="6.9572171385">
				<ele>1342.0</ele>
				<extensions>
					<swisstopo:routepoint_id>1522643612</swisstopo:routepoint_id>
				</extensions>
			</trkpt>
			<trkpt lat="46.4250861661" lon="6.9572625994">
				<ele>1341.8</ele>
				<extensions>
					<swisstopo:routepoint_id>1111844937</swisstopo:routepoint_id>
				</extensions>
			</trkpt>
			<trkpt lat="46.4250711329" lon="6.9573368832">
				<ele>1341.2</ele>
				<extensions>
					<swisstopo:routepoint_id>2084940948</swisstopo:routepoint_id>
				</extensions>
			</trkpt>
			<trkpt lat="46.4250299148" lon="6.9574690433">
				<ele>1340.8</ele>
				<extensions>
					<swisstopo:routepoint_id>24400954</swisstopo:routepoint_id>
				</extensions>
			</trkpt>
			<trkpt lat="46.4249738189" lon="6.9576270764">
				<ele>1340.1</ele>
				<extensions>
					<swisstopo:routepoint_id>92509226</swisstopo:routepoint_id>
				</extensions>
			</trkpt>
			<trkpt lat="46.4249145484" lon="6.9578509793">
				<ele>1338.7</ele>
				<extensions>
					<swisstopo:routepoint_id>2021632580</swisstopo:routepoint_id>
				</extensions>
			</trkpt>
			<trkpt lat="46.4248939247" lon="6.9579287739">
				<ele>1338.1</ele>
				<extensions>
					<swisstopo:routepoint_id>1007867267</swisstopo:routepoint_id>
				</extensions>
			</trkpt>
			<trkpt lat="46.4248941246" lon="6.9579760980">
				<ele>1337.8</ele>
				<extensions>
					<swisstopo:routepoint_id>301349099</swisstopo:routepoint_id>
				</extensions>
			</trkpt>
			<trkpt lat="46.4249047317" lon="6.9580081869">
				<ele>1337.6</ele>
				<extensions>
					<swisstopo:routepoint_id>1265355620</swisstopo:routepoint_id>
				</extensions>
			</trkpt>
			<trkpt lat="46.4249415716" lon="6.9580514049">
				<ele>1337.2</ele>
				<extensions>
					<swisstopo:routepoint_id>1536164322</swisstopo:routepoint_id>
				</extensions>
			</trkpt>
			<trkpt lat="46.4249887947" lon="6.9580736996">
				<ele>1336.8</ele>
				<extensions>
					<swisstopo:routepoint_id>373955692</swisstopo:routepoint_id>
				</extensions>
			</trkpt>
			<trkpt lat="46.4250399641" lon="6.9581016479">
				<ele>1336.3</ele>
				<extensions>
					<swisstopo:routepoint_id>2106618483</swisstopo:routepoint_id>
				</extensions>
			</trkpt>
			<trkpt lat="46.4250937834" lon="6.9581371413">
				<ele>1335.8</ele>
				<extensions>
					<swisstopo:routepoint_id>78322521</swisstopo:routepoint_id>
				</extensions>
			</trkpt>
			<trkpt lat="46.4251632761" lon="6.9581630285">
				<ele>1335.0</ele>
				<extensions>
					<swisstopo:routepoint_id>229357498</swisstopo:routepoint_id>
				</extensions>
			</trkpt>
			<trkpt lat="46.4252287680" lon="6.9581719213">
				<ele>1334.4</ele>
				<extensions>
					<swisstopo:routepoint_id>1877512588</swisstopo:routepoint_id>
				</extensions>
			</trkpt>
			<trkpt lat="46.4252694023" lon="6.9581848194">
				<ele>1333.9</ele>
				<extensions>
					<swisstopo:routepoint_id>216559458</swisstopo:routepoint_id>
				</extensions>
			</trkpt>
			<trkpt lat="46.4253350037" lon="6.9582202089">
				<ele>1333.1</ele>
				<extensions>
					<swisstopo:routepoint_id>1927087816</swisstopo:routepoint_id>
				</extensions>
			</trkpt>
			<trkpt lat="46.4254861185" lon="6.9583551722">
				<ele>1330.9</ele>
				<extensions>
					<swisstopo:routepoint_id>2096233493</swisstopo:routepoint_id>
				</extensions>
			</trkpt>
			<trkpt lat="46.4255755199" lon="6.9584471369">
				<ele>1329.6</ele>
				<extensions>
					<swisstopo:routepoint_id>2116687264</swisstopo:routepoint_id>
				</extensions>
			</trkpt>
			<trkpt lat="46.4256596304" lon="6.9585240082">
				<ele>1328.5</ele>
				<extensions>
					<swisstopo:routepoint_id>1871363997</swisstopo:routepoint_id>
				</extensions>
			</trkpt>
			<trkpt lat="46.4257464147" lon="6.9586141132">
				<ele>1327.6</ele>
				<extensions>
					<swisstopo:routepoint_id>1059223140</swisstopo:routepoint_id>
				</extensions>
			</trkpt>
			<trkpt lat="46.4258174353" lon="6.9586930092">
				<ele>1326.5</ele>
				<extensions>
					<swisstopo:routepoint_id>67655029</swisstopo:routepoint_id>
				</extensions>
			</trkpt>
			<trkpt lat="46.4258949330" lon="6.9587547962">
				<ele>1325.4</ele>
				<extensions>
					<swisstopo:routepoint_id>1721619701</swisstopo:routepoint_id>
				</extensions>
			</trkpt>
			<trkpt lat="46.4259630615" lon="6.9587853147">
				<ele>1324.6</ele>
				<extensions>
					<swisstopo:routepoint_id>9429876</swisstopo:routepoint_id>
				</extensions>
			</trkpt>
			<trkpt lat="46.4260345751" lon="6.9588358096">
				<ele>1323.6</ele>
				<extensions>
					<swisstopo:routepoint_id>365687370</swisstopo:routepoint_id>
				</extensions>
			</trkpt>
			<trkpt lat="46.4260708301" lon="6.9588706174">
				<ele>1323.1</ele>
				<extensions>
					<swisstopo:routepoint_id>542163313</swisstopo:routepoint_id>
				</extensions>
			</trkpt>
			<trkpt lat="46.4261431572" lon="6.9589494902">
				<ele>1322.0</ele>
				<extensions>
					<swisstopo:routepoint_id>1375765966</swisstopo:routepoint_id>
				</extensions>
			</trkpt>
			<trkpt lat="46.4261879226" lon="6.9590077803">
				<ele>1321.2</ele>
				<extensions>
					<swisstopo:routepoint_id>140376796</swisstopo:routepoint_id>
				</extensions>
			</trkpt>
			<trkpt lat="46.4262287881" lon="6.9590755761">
				<ele>1320.5</ele>
				<extensions>
					<swisstopo:routepoint_id>1780783005</swisstopo:routepoint_id>
				</extensions>
			</trkpt>
			<trkpt lat="46.4262660094" lon="6.9592115599">
				<ele>1319.5</ele>
				<extensions>
					<swisstopo:routepoint_id>554513734</swisstopo:routepoint_id>
				</extensions>
			</trkpt>
			<trkpt lat="46.4262833971" lon="6.9592965930">
				<ele>1318.7</ele>
				<extensions>
					<swisstopo:routepoint_id>121928596</swisstopo:routepoint_id>
				</extensions>
			</trkpt>
			<trkpt lat="46.4262863546" lon="6.9593798633">
				<ele>1318.1</ele>
				<extensions>
					<swisstopo:routepoint_id>228210134</swisstopo:routepoint_id>
				</extensions>
			</trkpt>
			<trkpt lat="46.4262800708" lon="6.9594423894">
				<ele>1317.5</ele>
				<extensions>
					<swisstopo:routepoint_id>2120025994</swisstopo:routepoint_id>
				</extensions>
			</trkpt>
			<trkpt lat="46.4262855543" lon="6.9594991266">
				<ele>1317.0</ele>
				<extensions>
					<swisstopo:routepoint_id>1440768617</swisstopo:routepoint_id>
				</extensions>
			</trkpt>
			<trkpt lat="46.4263080063" lon="6.9595481585">
				<ele>1316.5</ele>
				<extensions>
					<swisstopo:routepoint_id>586692342</swisstopo:routepoint_id>
				</extensions>
			</trkpt>
			<trkpt lat="46.4263500174" lon="6.9595761862">
				<ele>1316.1</ele>
				<extensions>
					<swisstopo:routepoint_id>1328492543</swisstopo:routepoint_id>
				</extensions>
			</trkpt>
			<trkpt lat="46.4264116983" lon="6.9596116158">
				<ele>1315.4</ele>
				<extensions>
					<swisstopo:routepoint_id>2024133810</swisstopo:routepoint_id>
				</extensions>
			</trkpt>
			<trkpt lat="46.4264471312" lon="6.9596457648">
				<ele>1314.9</ele>
				<extensions>
					<swisstopo:routepoint_id>957269241</swisstopo:routepoint_id>
				</extensions>
			</trkpt>
			<trkpt lat="46.4264872984" lon="6.9597058527">
				<ele>1314.3</ele>
				<extensions>
					<swisstopo:routepoint_id>1022625626</swisstopo:routepoint_id>
				</extensions>
			</trkpt>
			<trkpt lat="46.4265298611" lon="6.9597642553">
				<ele>1313.3</ele>
				<extensions>
					<swisstopo:routepoint_id>1209178341</swisstopo:routepoint_id>
				</extensions>
			</trkpt>
			<trkpt lat="46.4265840147" lon="6.9598088829">
				<ele>1312.4</ele>
				<extensions>
					<swisstopo:routepoint_id>1915902837</swisstopo:routepoint_id>
				</extensions>
			</trkpt>
			<trkpt lat="46.4266798024" lon="6.9598629393">
				<ele>1311.1</ele>
				<extensions>
					<swisstopo:routepoint_id>1263662860</swisstopo:routepoint_id>
				</extensions>
			</trkpt>
			<trkpt lat="46.4267257228" lon="6.9598852478">
				<ele>1310.6</ele>
				<extensions>
					<swisstopo:routepoint_id>809773757</swisstopo:routepoint_id>
				</extensions>
			</trkpt>
			<trkpt lat="46.4267664205" lon="6.9599132782">
				<ele>1310.1</ele>
				<extensions>
					<swisstopo:routepoint_id>1700964603</swisstopo:routepoint_id>
				</extensions>
			</trkpt>
			<trkpt lat="46.4268857924" lon="6.9599728255">
				<ele>1308.6</ele>
				<extensions>
					<swisstopo:routepoint_id>284268733</swisstopo:routepoint_id>
				</extensions>
			</trkpt>
			<trkpt lat="46.4269789962" lon="6.9600344773">
				<ele>1307.7</ele>
				<extensions>
					<swisstopo:routepoint_id>2124245844</swisstopo:routepoint_id>
				</extensions>
			</trkpt>
			<trkpt lat="46.4270056145" lon="6.9600579595">
				<ele>1307.1</ele>
				<extensions>
					<swisstopo:routepoint_id>500997212</swisstopo:routepoint_id>
				</extensions>
			</trkpt>
			<trkpt lat="46.4270246385" lon="6.9600747306">
				<ele>1307.3</ele>
				<extensions>
					<swisstopo:routepoint_id>574881295</swisstopo:routepoint_id>
				</extensions>
			</trkpt>
			<trkpt lat="46.4270512568" lon="6.9600982127">
				<ele>1306.4</ele>
				<extensions>
					<swisstopo:routepoint_id>490810946</swisstopo:routepoint_id>
				</extensions>
			</trkpt>
			<trkpt lat="46.4270728504" lon="6.9601207387">
				<ele>1306.5</ele>
				<extensions>
					<swisstopo:routepoint_id>2007601230</swisstopo:routepoint_id>
				</extensions>
			</trkpt>
			<trkpt lat="46.4271196355" lon="6.9601695545">
				<ele>1305.6</ele>
				<extensions>
					<swisstopo:routepoint_id>2026218587</swisstopo:routepoint_id>
				</extensions>
			</trkpt>
			<trkpt lat="46.4271853340" lon="6.9602276499">
				<ele>1304.7</ele>
				<extensions>
					<swisstopo:routepoint_id>420366510</swisstopo:routepoint_id>
				</extensions>
			</trkpt>
			<trkpt lat="46.4272745828" lon="6.9602836646">
				<ele>1303.5</ele>
				<extensions>
					<swisstopo:routepoint_id>2010152502</swisstopo:routepoint_id>
				</extensions>
			</trkpt>
			<trkpt lat="46.4273860851" lon="6.9603394839">
				<ele>1301.9</ele>
				<extensions>
					<swisstopo:routepoint_id>1041982020</swisstopo:routepoint_id>
				</extensions>
			</trkpt>
			<trkpt lat="46.4274543299" lon="6.9603805428">
				<ele>1301.1</ele>
				<extensions>
					<swisstopo:routepoint_id>159906231</swisstopo:routepoint_id>
				</extensions>
			</trkpt>
			<trkpt lat="46.4275239254" lon="6.9604310326">
				<ele>1300.2</ele>
				<extensions>
					<swisstopo:routepoint_id>1792155979</swisstopo:routepoint_id>
				</extensions>
			</trkpt>
			<trkpt lat="46.4275646946" lon="6.9604761159">
				<ele>1299.5</ele>
				<extensions>
					<swisstopo:routepoint_id>1067395910</swisstopo:routepoint_id>
				</extensions>
			</trkpt>
			<trkpt lat="46.4276034297" lon="6.9605142963">
				<ele>1299.0</ele>
				<extensions>
					<swisstopo:routepoint_id>770152397</swisstopo:routepoint_id>
				</extensions>
			</trkpt>
			<trkpt lat="46.4276715696" lon="6.9605607527">
				<ele>1298.6</ele>
				<extensions>
					<swisstopo:routepoint_id>432941319</swisstopo:routepoint_id>
				</extensions>
			</trkpt>
			<trkpt lat="46.4277721723" lon="6.9606276361">
				<ele>1296.9</ele>
				<extensions>
					<swisstopo:routepoint_id>1803288490</swisstopo:routepoint_id>
				</extensions>
			</trkpt>
			<trkpt lat="46.4278693515" lon="6.9607024998">
				<ele>1295.6</ele>
				<extensions>
					<swisstopo:routepoint_id>160718167</swisstopo:routepoint_id>
				</extensions>
			</trkpt>
			<trkpt lat="46.4280071518" lon="6.9607846046">
				<ele>1293.9</ele>
				<extensions>
					<swisstopo:routepoint_id>940803404</swisstopo:routepoint_id>
				</extensions>
			</trkpt>
			<trkpt lat="46.4281501718" lon="6.9608628525">
				<ele>1291.7</ele>
				<extensions>
					<swisstopo:routepoint_id>120546075</swisstopo:routepoint_id>
				</extensions>
			</trkpt>
			<trkpt lat="46.4282786941" lon="6.9609185372">
				<ele>1290.0</ele>
				<extensions>
					<swisstopo:routepoint_id>1384685002</swisstopo:routepoint_id>
				</extensions>
			</trkpt>
			<trkpt lat="46.4283560069" lon="6.9609386723">
				<ele>1289.1</ele>
				<extensions>
					<swisstopo:routepoint_id>571483998</swisstopo:routepoint_id>
				</extensions>
			</trkpt>
			<trkpt lat="46.4284516463" lon="6.9609548764">
				<ele>1288.2</ele>
				<extensions>
					<swisstopo:routepoint_id>1547239303</swisstopo:routepoint_id>
				</extensions>
			</trkpt>
			<trkpt lat="46.4285367570" lon="6.9609617015">
				<ele>1287.5</ele>
				<extensions>
					<swisstopo:routepoint_id>1712763613</swisstopo:routepoint_id>
				</extensions>
			</trkpt>
			<trkpt lat="46.4287003200" lon="6.9609451088">
				<ele>1285.6</ele>
				<extensions>
					<swisstopo:routepoint_id>559876160</swisstopo:routepoint_id>
				</extensions>
			</trkpt>
			<trkpt lat="46.4287618736" lon="6.9609502667">
				<ele>1284.9</ele>
				<extensions>
					<swisstopo:routepoint_id>2080819365</swisstopo:routepoint_id>
				</extensions>
			</trkpt>
			<trkpt lat="46.4288025719" lon="6.9609764121">
				<ele>1284.3</ele>
				<extensions>
					<swisstopo:routepoint_id>1148293501</swisstopo:routepoint_id>
				</extensions>
			</trkpt>
			<trkpt lat="46.4288657317" lon="6.9610534758">
				<ele>1283.5</ele>
				<extensions>
					<swisstopo:routepoint_id>1315109775</swisstopo:routepoint_id>
				</extensions>
			</trkpt>
			<trkpt lat="46.4289092366" lon="6.9611288095">
				<ele>1282.7</ele>
				<extensions>
					<swisstopo:routepoint_id>776428021</swisstopo:routepoint_id>
				</extensions>
			</trkpt>
			<trkpt lat="46.4289500849" lon="6.9611928242">
				<ele>1282.1</ele>
				<extensions>
					<swisstopo:routepoint_id>59332947</swisstopo:routepoint_id>
				</extensions>
			</trkpt>
			<trkpt lat="46.4289816403" lon="6.9612247483">
				<ele>1281.8</ele>
				<extensions>
					<swisstopo:routepoint_id>765364811</swisstopo:routepoint_id>
				</extensions>
			</trkpt>
			<trkpt lat="46.4290262211" lon="6.9612413883">
				<ele>1281.5</ele>
				<extensions>
					<swisstopo:routepoint_id>650155421</swisstopo:routepoint_id>
				</extensions>
			</trkpt>
			<trkpt lat="46.4290707385" lon="6.9612428972">
				<ele>1280.7</ele>
				<extensions>
					<swisstopo:routepoint_id>702280019</swisstopo:routepoint_id>
				</extensions>
			</trkpt>
			<trkpt lat="46.4291126610" lon="6.9612519852">
				<ele>1280.3</ele>
				<extensions>
					<swisstopo:routepoint_id>2108171296</swisstopo:routepoint_id>
				</extensions>
			</trkpt>
			<trkpt lat="46.4291730282" lon="6.9612874301">
				<ele>1279.4</ele>
				<extensions>
					<swisstopo:routepoint_id>43951631</swisstopo:routepoint_id>
				</extensions>
			</trkpt>
			<trkpt lat="46.4293253553" lon="6.9613996967">
				<ele>1277.5</ele>
				<extensions>
					<swisstopo:routepoint_id>416415372</swisstopo:routepoint_id>
				</extensions>
			</trkpt>
			<trkpt lat="46.4293858096" lon="6.9614559553">
				<ele>1276.6</ele>
				<extensions>
					<swisstopo:routepoint_id>587398033</swisstopo:routepoint_id>
				</extensions>
			</trkpt>
			<trkpt lat="46.4294515054" lon="6.9615140675">
				<ele>1275.9</ele>
				<extensions>
					<swisstopo:routepoint_id>1185386636</swisstopo:routepoint_id>
				</extensions>
			</trkpt>
			<trkpt lat="46.4295205136" lon="6.9615550305">
				<ele>1275.1</ele>
				<extensions>
					<swisstopo:routepoint_id>2116249750</swisstopo:routepoint_id>
				</extensions>
			</trkpt>
			<trkpt lat="46.4295899415" lon="6.9615803119">
				<ele>1274.3</ele>
				<extensions>
					<swisstopo:routepoint_id>311509127</swisstopo:routepoint_id>
				</extensions>
			</trkpt>
			<trkpt lat="46.4296550679" lon="6.9616079210">
				<ele>1273.5</ele>
				<extensions>
					<swisstopo:routepoint_id>1922238085</swisstopo:routepoint_id>
				</extensions>
			</trkpt>
			<trkpt lat="46.4296985176" lon="6.9616313752">
				<ele>1273.0</ele>
				<extensions>
					<swisstopo:routepoint_id>2120126787</swisstopo:routepoint_id>
				</extensions>
			</trkpt>
			<trkpt lat="46.4297337760" lon="6.9616643983">
				<ele>1271.9</ele>
				<extensions>
					<swisstopo:routepoint_id>1184072327</swisstopo:routepoint_id>
				</extensions>
			</trkpt>
			<trkpt lat="46.4297573294" lon="6.9616950368">
				<ele>1271.5</ele>
				<extensions>
					<swisstopo:routepoint_id>1152456660</swisstopo:routepoint_id>
				</extensions>
			</trkpt>
			<trkpt lat="46.4297782962" lon="6.9617137838">
				<ele>1271.4</ele>
				<extensions>
					<swisstopo:routepoint_id>398337537</swisstopo:routepoint_id>
				</extensions>
			</trkpt>
			<trkpt lat="46.4298386461" lon="6.9617435442">
				<ele>1270.7</ele>
				<extensions>
					<swisstopo:routepoint_id>132013384</swisstopo:routepoint_id>
				</extensions>
			</trkpt>
			<trkpt lat="46.4298911032" lon="6.9617676978">
				<ele>1270.1</ele>
				<extensions>
					<swisstopo:routepoint_id>1161082639</swisstopo:routepoint_id>
				</extensions>
			</trkpt>
			<trkpt lat="46.4299566028" lon="6.9617784824">
				<ele>1269.3</ele>
				<extensions>
					<swisstopo:routepoint_id>691960792</swisstopo:routepoint_id>
				</extensions>
			</trkpt>
			<trkpt lat="46.4299959083" lon="6.9617857103">
				<ele>1268.8</ele>
				<extensions>
					<swisstopo:routepoint_id>1336548516</swisstopo:routepoint_id>
				</extensions>
			</trkpt>
			<trkpt lat="46.4300470927" lon="6.9618174474">
				<ele>1268.1</ele>
				<extensions>
					<swisstopo:routepoint_id>1624076498</swisstopo:routepoint_id>
				</extensions>
			</trkpt>
			<trkpt lat="46.4300864925" lon="6.9618492910">
				<ele>1267.6</ele>
				<extensions>
					<swisstopo:routepoint_id>1492615015</swisstopo:routepoint_id>
				</extensions>
			</trkpt>
			<trkpt lat="46.4301128684" lon="6.9618926042">
				<ele>1267.2</ele>
				<extensions>
					<swisstopo:routepoint_id>1369050539</swisstopo:routepoint_id>
				</extensions>
			</trkpt>
			<trkpt lat="46.4301446613" lon="6.9619832026">
				<ele>1266.4</ele>
				<extensions>
					<swisstopo:routepoint_id>154431445</swisstopo:routepoint_id>
				</extensions>
			</trkpt>
			<trkpt lat="46.4301877376" lon="6.9621196540">
				<ele>1265.0</ele>
				<extensions>
					<swisstopo:routepoint_id>1858597701</swisstopo:routepoint_id>
				</extensions>
			</trkpt>
			<trkpt lat="46.4302227423" lon="6.9621803396">
				<ele>1264.5</ele>
				<extensions>
					<swisstopo:routepoint_id>1567759592</swisstopo:routepoint_id>
				</extensions>
			</trkpt>
			<trkpt lat="46.4302755085" lon="6.9622226554">
				<ele>1263.6</ele>
				<extensions>
					<swisstopo:routepoint_id>596666205</swisstopo:routepoint_id>
				</extensions>
			</trkpt>
			<trkpt lat="46.4303420529" lon="6.9622640959">
				<ele>1262.8</ele>
				<extensions>
					<swisstopo:routepoint_id>1373597065</swisstopo:routepoint_id>
				</extensions>
			</trkpt>
			<trkpt lat="46.4305467190" lon="6.9623723978">
				<ele>1260.2</ele>
				<extensions>
					<swisstopo:routepoint_id>2095561695</swisstopo:routepoint_id>
				</extensions>
			</trkpt>
			<trkpt lat="46.4306392806" lon="6.9624121019">
				<ele>1259.2</ele>
				<extensions>
					<swisstopo:routepoint_id>2012168772</swisstopo:routepoint_id>
				</extensions>
			</trkpt>
			<trkpt lat="46.4306845236" lon="6.9624214898">
				<ele>1258.5</ele>
				<extensions>
					<swisstopo:routepoint_id>1824976118</swisstopo:routepoint_id>
				</extensions>
			</trkpt>
			<trkpt lat="46.4307420809" lon="6.9624134271">
				<ele>1258.1</ele>
				<extensions>
					<swisstopo:routepoint_id>146792182</swisstopo:routepoint_id>
				</extensions>
			</trkpt>
			<trkpt lat="46.4308087116" lon="6.9623787567">
				<ele>1257.6</ele>
				<extensions>
					<swisstopo:routepoint_id>1593212375</swisstopo:routepoint_id>
				</extensions>
			</trkpt>
			<trkpt lat="46.4309170881" lon="6.9623153323">
				<ele>1257.2</ele>
				<extensions>
					<swisstopo:routepoint_id>2040376753</swisstopo:routepoint_id>
				</extensions>
			</trkpt>
			<trkpt lat="46.4310514140" lon="6.9621929903">
				<ele>1256.8</ele>
				<extensions>
					<swisstopo:routepoint_id>1495323021</swisstopo:routepoint_id>
				</extensions>
			</trkpt>
			<trkpt lat="46.4311047877" lon="6.9621224616">
				<ele>1256.7</ele>
				<extensions>
					<swisstopo:routepoint_id>909322839</swisstopo:routepoint_id>
				</extensions>
			</trkpt>
			<trkpt lat="46.4311374506" lon="6.9621051449">
				<ele>1256.6</ele>
				<extensions>
					<swisstopo:routepoint_id>340186279</swisstopo:routepoint_id>
				</extensions>
			</trkpt>
			<trkpt lat="46.4311859218" lon="6.9621141920">
				<ele>1256.5</ele>
				<extensions>
					<swisstopo:routepoint_id>1402586314</swisstopo:routepoint_id>
				</extensions>
			</trkpt>
			<trkpt lat="46.4313078056" lon="6.9622173780">
				<ele>1256.2</ele>
				<extensions>
					<swisstopo:routepoint_id>1140075664</swisstopo:routepoint_id>
				</extensions>
			</trkpt>
			<trkpt lat="46.4313538938" lon="6.9622481477">
				<ele>1256.2</ele>
				<extensions>
					<swisstopo:routepoint_id>1795153081</swisstopo:routepoint_id>
				</extensions>
			</trkpt>
			<trkpt lat="46.4313840225" lon="6.9622529060">
				<ele>1256.0</ele>
				<extensions>
					<swisstopo:routepoint_id>1951586416</swisstopo:routepoint_id>
				</extensions>
			</trkpt>
			<trkpt lat="46.4314008466" lon="6.9622490897">
				<ele>1255.7</ele>
				<extensions>
					<swisstopo:routepoint_id>83807543</swisstopo:routepoint_id>
				</extensions>
			</trkpt>
			<trkpt lat="46.4314206533" lon="6.9622314303">
				<ele>1255.5</ele>
				<extensions>
					<swisstopo:routepoint_id>1676900053</swisstopo:routepoint_id>
				</extensions>
			</trkpt>
			<trkpt lat="46.4314628943" lon="6.9621639781">
				<ele>1254.9</ele>
				<extensions>
					<swisstopo:routepoint_id>303816596</swisstopo:routepoint_id>
				</extensions>
			</trkpt>
			<trkpt lat="46.4315117133" lon="6.9621057447">
				<ele>1254.6</ele>
				<extensions>
					<swisstopo:routepoint_id>1204919058</swisstopo:routepoint_id>
				</extensions>
			</trkpt>
			<trkpt lat="46.4315478354" lon="6.9620916502">
				<ele>1254.5</ele>
				<extensions>
					<swisstopo:routepoint_id>2085840898</swisstopo:routepoint_id>
				</extensions>
			</trkpt>
			<trkpt lat="46.4315851201" lon="6.9620974387">
				<ele>1254.3</ele>
				<extensions>
					<swisstopo:routepoint_id>1829963655</swisstopo:routepoint_id>
				</extensions>
			</trkpt>
			<trkpt lat="46.4316126814" lon="6.9621142281">
				<ele>1254.1</ele>
				<extensions>
					<swisstopo:routepoint_id>2114243731</swisstopo:routepoint_id>
				</extensions>
			</trkpt>
			<trkpt lat="46.4317939539" lon="6.9622622109">
				<ele>1252.3</ele>
				<extensions>
					<swisstopo:routepoint_id>682817836</swisstopo:routepoint_id>
				</extensions>
			</trkpt>
			<trkpt lat="46.4318752613" lon="6.9622974736">
				<ele>1251.6</ele>
				<extensions>
					<swisstopo:routepoint_id>1521307974</swisstopo:routepoint_id>
				</extensions>
			</trkpt>
			<trkpt lat="46.4320195129" lon="6.9623587012">
				<ele>1250.7</ele>
				<extensions>
					<swisstopo:routepoint_id>1921671201</swisstopo:routepoint_id>
				</extensions>
			</trkpt>
			<trkpt lat="46.4321100499" lon="6.9624090148">
				<ele>1250.0</ele>
				<extensions>
					<swisstopo:routepoint_id>295014811</swisstopo:routepoint_id>
				</extensions>
			</trkpt>
			<trkpt lat="46.4322242570" lon="6.9624856504">
				<ele>1249.1</ele>
				<extensions>
					<swisstopo:routepoint_id>1011597730</swisstopo:routepoint_id>
				</extensions>
			</trkpt>
			<trkpt lat="46.4322965732" lon="6.9625607531">
				<ele>1248.8</ele>
				<extensions>
					<swisstopo:routepoint_id>406634412</swisstopo:routepoint_id>
				</extensions>
			</trkpt>
			<trkpt lat="46.4323873240" lon="6.9626622109">
				<ele>1248.3</ele>
				<extensions>
					<swisstopo:routepoint_id>646428655</swisstopo:routepoint_id>
				</extensions>
			</trkpt>
			<trkpt lat="46.4324320391" lon="6.9627110265">
				<ele>1248.0</ele>
				<extensions>
					<swisstopo:routepoint_id>1425987025</swisstopo:routepoint_id>
				</extensions>
			</trkpt>
			<trkpt lat="46.4324647735" lon="6.9627107402">
				<ele>1247.8</ele>
				<extensions>
					<swisstopo:routepoint_id>1295065910</swisstopo:routepoint_id>
				</extensions>
			</trkpt>
			<trkpt lat="46.4324986913" lon="6.9626858402">
				<ele>1247.8</ele>
				<extensions>
					<swisstopo:routepoint_id>299066270</swisstopo:routepoint_id>
				</extensions>
			</trkpt>
			<trkpt lat="46.4325323979" lon="6.9626060363">
				<ele>1247.1</ele>
				<extensions>
					<swisstopo:routepoint_id>1326558832</swisstopo:routepoint_id>
				</extensions>
			</trkpt>
			<trkpt lat="46.4325607013" lon="6.9624883922">
				<ele>1246.5</ele>
				<extensions>
					<swisstopo:routepoint_id>126574366</swisstopo:routepoint_id>
				</extensions>
			</trkpt>
			<trkpt lat="46.4326020399" lon="6.9623536027">
				<ele>1246.1</ele>
				<extensions>
					<swisstopo:routepoint_id>1116872799</swisstopo:routepoint_id>
				</extensions>
			</trkpt>
			<trkpt lat="46.4326512460" lon="6.9622244299">
				<ele>1245.9</ele>
				<extensions>
					<swisstopo:routepoint_id>2044692699</swisstopo:routepoint_id>
				</extensions>
			</trkpt>
			<trkpt lat="46.4327031876" lon="6.9621255091">
				<ele>1245.8</ele>
				<extensions>
					<swisstopo:routepoint_id>542135439</swisstopo:routepoint_id>
				</extensions>
			</trkpt>
			<trkpt lat="46.4327185766" lon="6.9620496382">
				<ele>1245.5</ele>
				<extensions>
					<swisstopo:routepoint_id>460782303</swisstopo:routepoint_id>
				</extensions>
			</trkpt>
			<trkpt lat="46.4327221271" lon="6.9619587264">
				<ele>1245.3</ele>
				<extensions>
					<swisstopo:routepoint_id>1936174242</swisstopo:routepoint_id>
				</extensions>
			</trkpt>
			<trkpt lat="46.4327066240" lon="6.9616956793">
				<ele>1244.6</ele>
				<extensions>
					<swisstopo:routepoint_id>937203620</swisstopo:routepoint_id>
				</extensions>
			</trkpt>
			<trkpt lat="46.4327000022" lon="6.9615326190">
				<ele>1244.1</ele>
				<extensions>
					<swisstopo:routepoint_id>388741742</swisstopo:routepoint_id>
				</extensions>
			</trkpt>
			<trkpt lat="46.4327111381" lon="6.9614636681">
				<ele>1243.9</ele>
				<extensions>
					<swisstopo:routepoint_id>1875094381</swisstopo:routepoint_id>
				</extensions>
			</trkpt>
			<trkpt lat="46.4327393643" lon="6.9613835608">
				<ele>1243.5</ele>
				<extensions>
					<swisstopo:routepoint_id>1627175097</swisstopo:routepoint_id>
				</extensions>
			</trkpt>
			<trkpt lat="46.4327733258" lon="6.9613089047">
				<ele>1243.1</ele>
				<extensions>
					<swisstopo:routepoint_id>987272317</swisstopo:routepoint_id>
				</extensions>
			</trkpt>
			<trkpt lat="46.4328471665" lon="6.9612091158">
				<ele>1241.8</ele>
				<extensions>
					<swisstopo:routepoint_id>694633687</swisstopo:routepoint_id>
				</extensions>
			</trkpt>
			<trkpt lat="46.4329001360" lon="6.9611260306">
				<ele>1241.1</ele>
				<extensions>
					<swisstopo:routepoint_id>265809521</swisstopo:routepoint_id>
				</extensions>
			</trkpt>
			<trkpt lat="46.4329589216" lon="6.9610676836">
				<ele>1240.2</ele>
				<extensions>
					<swisstopo:routepoint_id>1916996666</swisstopo:routepoint_id>
				</extensions>
			</trkpt>
			<trkpt lat="46.4329968275" lon="6.9610260406">
				<ele>1239.5</ele>
				<extensions>
					<swisstopo:routepoint_id>529094978</swisstopo:routepoint_id>
				</extensions>
			</trkpt>
			<trkpt lat="46.4330099965" lon="6.9609873719">
				<ele>1239.2</ele>
				<extensions>
					<swisstopo:routepoint_id>228234360</swisstopo:routepoint_id>
				</extensions>
			</trkpt>
			<trkpt lat="46.4330117900" lon="6.9609625700">
				<ele>1239.0</ele>
				<extensions>
					<swisstopo:routepoint_id>315229987</swisstopo:routepoint_id>
				</extensions>
			</trkpt>
			<trkpt lat="46.4329982138" lon="6.9609020975">
				<ele>1238.6</ele>
				<extensions>
					<swisstopo:routepoint_id>367366616</swisstopo:routepoint_id>
				</extensions>
			</trkpt>
			<trkpt lat="46.4329846173" lon="6.9608388682">
				<ele>1238.2</ele>
				<extensions>
					<swisstopo:routepoint_id>331721004</swisstopo:routepoint_id>
				</extensions>
			</trkpt>
			<trkpt lat="46.4329633628" lon="6.9607646963">
				<ele>1237.6</ele>
				<extensions>
					<swisstopo:routepoint_id>211228785</swisstopo:routepoint_id>
				</extensions>
			</trkpt>
			<trkpt lat="46.4329152503" lon="6.9606439485">
				<ele>1236.0</ele>
				<extensions>
					<swisstopo:routepoint_id>211349389</swisstopo:routepoint_id>
				</extensions>
			</trkpt>
			<trkpt lat="46.4328614025" lon="6.9605177338">
				<ele>1234.7</ele>
				<extensions>
					<swisstopo:routepoint_id>221060157</swisstopo:routepoint_id>
				</extensions>
			</trkpt>
			<trkpt lat="46.4327903803" lon="6.9603806636">
				<ele>1232.9</ele>
				<extensions>
					<swisstopo:routepoint_id>368127652</swisstopo:routepoint_id>
				</extensions>
			</trkpt>
			<trkpt lat="46.4327692692" lon="6.9603422994">
				<ele>1232.3</ele>
				<extensions>
					<swisstopo:routepoint_id>1660434231</swisstopo:routepoint_id>
				</extensions>
			</trkpt>
			<trkpt lat="46.4327500501" lon="6.9602984011">
				<ele>1231.6</ele>
				<extensions>
					<swisstopo:routepoint_id>1189539222</swisstopo:routepoint_id>
				</extensions>
			</trkpt>
			<trkpt lat="46.4327440952" lon="6.9602731083">
				<ele>1231.3</ele>
				<extensions>
					<swisstopo:routepoint_id>2039713869</swisstopo:routepoint_id>
				</extensions>
			</trkpt>
			<trkpt lat="46.4327364742" lon="6.9602406862">
				<ele>1231.0</ele>
				<extensions>
					<swisstopo:routepoint_id>1676633108</swisstopo:routepoint_id>
				</extensions>
			</trkpt>
			<trkpt lat="46.4327362313" lon="6.9601828542">
				<ele>1230.4</ele>
				<extensions>
					<swisstopo:routepoint_id>1098054597</swisstopo:routepoint_id>
				</extensions>
			</trkpt>
			<trkpt lat="46.4327529975" lon="6.9600945850">
				<ele>1229.4</ele>
				<extensions>
					<swisstopo:routepoint_id>1428058267</swisstopo:routepoint_id>
				</extensions>
			</trkpt>
			<trkpt lat="46.4327679616" lon="6.9600311048">
				<ele>1228.5</ele>
				<extensions>
					<swisstopo:routepoint_id>324884363</swisstopo:routepoint_id>
				</extensions>
			</trkpt>
			<trkpt lat="46.4327734538" lon="6.9599787399">
				<ele>1227.7</ele>
				<extensions>
					<swisstopo:routepoint_id>526061466</swisstopo:routepoint_id>
				</extensions>
			</trkpt>
			<trkpt lat="46.4327694279" lon="6.9599264460">
				<ele>1227.0</ele>
				<extensions>
					<swisstopo:routepoint_id>1964160450</swisstopo:routepoint_id>
				</extensions>
			</trkpt>
			<trkpt lat="46.4327526848" lon="6.9598833456">
				<ele>1226.4</ele>
				<extensions>
					<swisstopo:routepoint_id>1996444854</swisstopo:routepoint_id>
				</extensions>
			</trkpt>
			<trkpt lat="46.4327078817" lon="6.9598118021">
				<ele>1225.3</ele>
				<extensions>
					<swisstopo:routepoint_id>1807981351</swisstopo:routepoint_id>
				</extensions>
			</trkpt>
			<trkpt lat="46.4325815944" lon="6.9596652266">
				<ele>1222.3</ele>
				<extensions>
					<swisstopo:routepoint_id>1441772236</swisstopo:routepoint_id>
				</extensions>
			</trkpt>
			<trkpt lat="46.4324134018" lon="6.9594834380">
				<ele>1219.6</ele>
				<extensions>
					<swisstopo:routepoint_id>460452511</swisstopo:routepoint_id>
				</extensions>
			</trkpt>
			<trkpt lat="46.4323349577" lon="6.9593960075">
				<ele>1218.6</ele>
				<extensions>
					<swisstopo:routepoint_id>42831408</swisstopo:routepoint_id>
				</extensions>
			</trkpt>
			<trkpt lat="46.4322889725" lon="6.9593275597">
				<ele>1218.0</ele>
				<extensions>
					<swisstopo:routepoint_id>538822001</swisstopo:routepoint_id>
				</extensions>
			</trkpt>
			<trkpt lat="46.4322565106" lon="6.9592515506">
				<ele>1217.4</ele>
				<extensions>
					<swisstopo:routepoint_id>726678070</swisstopo:routepoint_id>
				</extensions>
			</trkpt>
			<trkpt lat="46.4321738626" lon="6.9588982161">
				<ele>1215.4</ele>
				<extensions>
					<swisstopo:routepoint_id>228246116</swisstopo:routepoint_id>
				</extensions>
			</trkpt>
			<trkpt lat="46.4321313806" lon="6.9587585063">
				<ele>1214.6</ele>
				<extensions>
					<swisstopo:routepoint_id>457058205</swisstopo:routepoint_id>
				</extensions>
			</trkpt>
			<trkpt lat="46.4320810209" lon="6.9586131392">
				<ele>1213.7</ele>
				<extensions>
					<swisstopo:routepoint_id>245734998</swisstopo:routepoint_id>
				</extensions>
			</trkpt>
			<trkpt lat="46.4320610964" lon="6.9585432777">
				<ele>1213.3</ele>
				<extensions>
					<swisstopo:routepoint_id>709539027</swisstopo:routepoint_id>
				</extensions>
			</trkpt>
			<trkpt lat="46.4320555086" lon="6.9584619053">
				<ele>1212.7</ele>
				<extensions>
					<swisstopo:routepoint_id>1487321901</swisstopo:routepoint_id>
				</extensions>
			</trkpt>
			<trkpt lat="46.4320625480" lon="6.9583969072">
				<ele>1212.3</ele>
				<extensions>
					<swisstopo:routepoint_id>1693849619</swisstopo:routepoint_id>
				</extensions>
			</trkpt>
			<trkpt lat="46.4320756473" lon="6.9583393617">
				<ele>1211.5</ele>
				<extensions>
					<swisstopo:routepoint_id>541220152</swisstopo:routepoint_id>
				</extensions>
			</trkpt>
			<trkpt lat="46.4321324316" lon="6.9581890816">
				<ele>1211.0</ele>
				<extensions>
					<swisstopo:routepoint_id>2061141187</swisstopo:routepoint_id>
				</extensions>
			</trkpt>
			<trkpt lat="46.4321787389" lon="6.9580984712">
				<ele>1210.5</ele>
				<extensions>
					<swisstopo:routepoint_id>839975674</swisstopo:routepoint_id>
				</extensions>
			</trkpt>
			<trkpt lat="46.4322388745" lon="6.9580064743">
				<ele>1210.1</ele>
				<extensions>
					<swisstopo:routepoint_id>109296037</swisstopo:routepoint_id>
				</extensions>
			</trkpt>
			<trkpt lat="46.4322763079" lon="6.9579707676">
				<ele>1210.5</ele>
				<extensions>
					<swisstopo:routepoint_id>81781331</swisstopo:routepoint_id>
				</extensions>
			</trkpt>
			<trkpt lat="46.4323136086" lon="6.9579421263">
				<ele>1210.0</ele>
				<extensions>
					<swisstopo:routepoint_id>920099454</swisstopo:routepoint_id>
				</extensions>
			</trkpt>
			<trkpt lat="46.4323792639" lon="6.9578877594">
				<ele>1209.6</ele>
				<extensions>
					<swisstopo:routepoint_id>1427408813</swisstopo:routepoint_id>
				</extensions>
			</trkpt>
			<trkpt lat="46.4324065728" lon="6.9578510492">
				<ele>1209.8</ele>
				<extensions>
					<swisstopo:routepoint_id>1309759909</swisstopo:routepoint_id>
				</extensions>
			</trkpt>
			<trkpt lat="46.4324258488" lon="6.9578098931">
				<ele>1209.6</ele>
				<extensions>
					<swisstopo:routepoint_id>1155275148</swisstopo:routepoint_id>
				</extensions>
			</trkpt>
			<trkpt lat="46.4324648533" lon="6.9576797295">
				<ele>1209.5</ele>
				<extensions>
					<swisstopo:routepoint_id>2143208097</swisstopo:routepoint_id>
				</extensions>
			</trkpt>
			<trkpt lat="46.4324832085" lon="6.9576254531">
				<ele>1209.4</ele>
				<extensions>
					<swisstopo:routepoint_id>106307022</swisstopo:routepoint_id>
				</extensions>
			</trkpt>
			<trkpt lat="46.4324915656" lon="6.9575808325">
				<ele>1208.9</ele>
				<extensions>
					<swisstopo:routepoint_id>1418160725</swisstopo:routepoint_id>
				</extensions>
			</trkpt>
			<trkpt lat="46.4324941858" lon="6.9575450137">
				<ele>1209.2</ele>
				<extensions>
					<swisstopo:routepoint_id>1284204725</swisstopo:routepoint_id>
				</extensions>
			</trkpt>
			<trkpt lat="46.4324897997" lon="6.9574799859">
				<ele>1209.1</ele>
				<extensions>
					<swisstopo:routepoint_id>2018892475</swisstopo:routepoint_id>
				</extensions>
			</trkpt>
			<trkpt lat="46.4324585328" lon="6.9573019897">
				<ele>1208.6</ele>
				<extensions>
					<swisstopo:routepoint_id>1646988494</swisstopo:routepoint_id>
				</extensions>
			</trkpt>
			<trkpt lat="46.4324320041" lon="6.9570972665">
				<ele>1208.2</ele>
				<extensions>
					<swisstopo:routepoint_id>1611317652</swisstopo:routepoint_id>
				</extensions>
			</trkpt>
			<trkpt lat="46.4324325499" lon="6.9570097882">
				<ele>1208.5</ele>
				<extensions>
					<swisstopo:routepoint_id>884669519</swisstopo:routepoint_id>
				</extensions>
			</trkpt>
			<trkpt lat="46.4324327779" lon="6.9569723040">
				<ele>1208.1</ele>
				<extensions>
					<swisstopo:routepoint_id>63683675</swisstopo:routepoint_id>
				</extensions>
			</trkpt>
			<trkpt lat="46.4324389656" lon="6.9568889529">
				<ele>1208.0</ele>
				<extensions>
					<swisstopo:routepoint_id>1153923276</swisstopo:routepoint_id>
				</extensions>
			</trkpt>
			<trkpt lat="46.4324765975" lon="6.9568109710">
				<ele>1207.5</ele>
				<extensions>
					<swisstopo:routepoint_id>2098104088</swisstopo:routepoint_id>
				</extensions>
			</trkpt>
			<trkpt lat="46.4325548429" lon="6.9567383535">
				<ele>1206.8</ele>
				<extensions>
					<swisstopo:routepoint_id>618674745</swisstopo:routepoint_id>
				</extensions>
			</trkpt>
			<trkpt lat="46.4327257378" lon="6.9565986156">
				<ele>1205.4</ele>
				<extensions>
					<swisstopo:routepoint_id>1436079454</swisstopo:routepoint_id>
				</extensions>
			</trkpt>
			<trkpt lat="46.4328470086" lon="6.9564858403">
				<ele>1204.0</ele>
				<extensions>
					<swisstopo:routepoint_id>1542307592</swisstopo:routepoint_id>
				</extensions>
			</trkpt>
			<trkpt lat="46.4330476171" lon="6.9562530679">
				<ele>1201.8</ele>
				<extensions>
					<swisstopo:routepoint_id>1852419393</swisstopo:routepoint_id>
				</extensions>
			</trkpt>
			<trkpt lat="46.4332452417" lon="6.9560480067">
				<ele>1201.1</ele>
				<extensions>
					<swisstopo:routepoint_id>1306974187</swisstopo:routepoint_id>
				</extensions>
			</trkpt>
			<trkpt lat="46.4332978777" lon="6.9559891842">
				<ele>1201.0</ele>
				<extensions>
					<swisstopo:routepoint_id>1848699969</swisstopo:routepoint_id>
				</extensions>
			</trkpt>
			<trkpt lat="46.4333771595" lon="6.9559005804">
				<ele>1200.8</ele>
				<extensions>
					<swisstopo:routepoint_id>1356422182</swisstopo:routepoint_id>
				</extensions>
			</trkpt>
			<trkpt lat="46.4334631181" lon="6.9557975752">
				<ele>1200.7</ele>
				<extensions>
					<swisstopo:routepoint_id>896792804</swisstopo:routepoint_id>
				</extensions>
			</trkpt>
			<trkpt lat="46.4336612224" lon="6.9555132171">
				<ele>1199.9</ele>
				<extensions>
					<swisstopo:routepoint_id>1379492488</swisstopo:routepoint_id>
				</extensions>
			</trkpt>
			<trkpt lat="46.4338408660" lon="6.9552773329">
				<ele>1198.2</ele>
				<extensions>
					<swisstopo:routepoint_id>1688348957</swisstopo:routepoint_id>
				</extensions>
			</trkpt>
			<trkpt lat="46.4339111743" lon="6.9551858241">
				<ele>1197.6</ele>
				<extensions>
					<swisstopo:routepoint_id>1175230288</swisstopo:routepoint_id>
				</extensions>
			</trkpt>
			<trkpt lat="46.4339345054" lon="6.9551316473">
				<ele>1197.2</ele>
				<extensions>
					<swisstopo:routepoint_id>1980170721</swisstopo:routepoint_id>
				</extensions>
			</trkpt>
			<trkpt lat="46.4339470073" lon="6.9550718934">
				<ele>1196.9</ele>
				<extensions>
					<swisstopo:routepoint_id>1127460486</swisstopo:routepoint_id>
				</extensions>
			</trkpt>
			<trkpt lat="46.4339545620" lon="6.9549994056">
				<ele>1196.4</ele>
				<extensions>
					<swisstopo:routepoint_id>53987360</swisstopo:routepoint_id>
				</extensions>
			</trkpt>
			<trkpt lat="46.4339514879" lon="6.9547395737">
				<ele>1195.0</ele>
				<extensions>
					<swisstopo:routepoint_id>902465103</swisstopo:routepoint_id>
				</extensions>
			</trkpt>
			<trkpt lat="46.4339416688" lon="6.9545081938">
				<ele>1193.7</ele>
				<extensions>
					<swisstopo:routepoint_id>1112574676</swisstopo:routepoint_id>
				</extensions>
			</trkpt>
			<trkpt lat="46.4339372234" lon="6.9543846926">
				<ele>1193.1</ele>
				<extensions>
					<swisstopo:routepoint_id>826119733</swisstopo:routepoint_id>
				</extensions>
			</trkpt>
			<trkpt lat="46.4339290195" lon="6.9543023786">
				<ele>1192.7</ele>
				<extensions>
					<swisstopo:routepoint_id>525324650</swisstopo:routepoint_id>
				</extensions>
			</trkpt>
			<trkpt lat="46.4339078705" lon="6.9541776206">
				<ele>1192.2</ele>
				<extensions>
					<swisstopo:routepoint_id>1122007451</swisstopo:routepoint_id>
				</extensions>
			</trkpt>
			<trkpt lat="46.4338798687" lon="6.9540600025">
				<ele>1191.6</ele>
				<extensions>
					<swisstopo:routepoint_id>1828500803</swisstopo:routepoint_id>
				</extensions>
			</trkpt>
			<trkpt lat="46.4338439727" lon="6.9539282589">
				<ele>1190.6</ele>
				<extensions>
					<swisstopo:routepoint_id>1068548031</swisstopo:routepoint_id>
				</extensions>
			</trkpt>
			<trkpt lat="46.4337853197" lon="6.9537569559">
				<ele>1189.6</ele>
				<extensions>
					<swisstopo:routepoint_id>993116645</swisstopo:routepoint_id>
				</extensions>
			</trkpt>
			<trkpt lat="46.4337574494" lon="6.9536677275">
				<ele>1189.0</ele>
				<extensions>
					<swisstopo:routepoint_id>700894920</swisstopo:routepoint_id>
				</extensions>
			</trkpt>
			<trkpt lat="46.4337403638" lon="6.9535741735">
				<ele>1188.2</ele>
				<extensions>
					<swisstopo:routepoint_id>1373219947</swisstopo:routepoint_id>
				</extensions>
			</trkpt>
			<trkpt lat="46.4337292716" lon="6.9535089437">
				<ele>1187.8</ele>
				<extensions>
					<swisstopo:routepoint_id>1865697742</swisstopo:routepoint_id>
				</extensions>
			</trkpt>
			<trkpt lat="46.4337229739" lon="6.9534138499">
				<ele>1187.2</ele>
				<extensions>
					<swisstopo:routepoint_id>995719538</swisstopo:routepoint_id>
				</extensions>
			</trkpt>
			<trkpt lat="46.4337136604" lon="6.9530688658">
				<ele>1185.5</ele>
				<extensions>
					<swisstopo:routepoint_id>1006911814</swisstopo:routepoint_id>
				</extensions>
			</trkpt>
			<trkpt lat="46.4337121881" lon="6.9529538613">
				<ele>1185.0</ele>
				<extensions>
					<swisstopo:routepoint_id>96784199</swisstopo:routepoint_id>
				</extensions>
			</trkpt>
			<trkpt lat="46.4337024281" lon="6.9527366765">
				<ele>1184.1</ele>
				<extensions>
					<swisstopo:routepoint_id>1434515124</swisstopo:routepoint_id>
				</extensions>
			</trkpt>
			<trkpt lat="46.4336898253" lon="6.9525450836">
				<ele>1183.2</ele>
				<extensions>
					<swisstopo:routepoint_id>714720685</swisstopo:routepoint_id>
				</extensions>
			</trkpt>
			<trkpt lat="46.4336774769" lon="6.9524131310">
				<ele>1182.5</ele>
				<extensions>
					<swisstopo:routepoint_id>122576994</swisstopo:routepoint_id>
				</extensions>
			</trkpt>
			<trkpt lat="46.4336552767" lon="6.9522741623">
				<ele>1182.1</ele>
				<extensions>
					<swisstopo:routepoint_id>942589959</swisstopo:routepoint_id>
				</extensions>
			</trkpt>
			<trkpt lat="46.4336410788" lon="6.9521663761">
				<ele>1181.7</ele>
				<extensions>
					<swisstopo:routepoint_id>174083139</swisstopo:routepoint_id>
				</extensions>
			</trkpt>
			<trkpt lat="46.4336356524" lon="6.9520457211">
				<ele>1181.1</ele>
				<extensions>
					<swisstopo:routepoint_id>1565359448</swisstopo:routepoint_id>
				</extensions>
			</trkpt>
			<trkpt lat="46.4336310961" lon="6.9518995032">
				<ele>1180.2</ele>
				<extensions>
					<swisstopo:routepoint_id>523068717</swisstopo:routepoint_id>
				</extensions>
			</trkpt>
			<trkpt lat="46.4336248821" lon="6.9518242909">
				<ele>1179.7</ele>
				<extensions>
					<swisstopo:routepoint_id>1927106053</swisstopo:routepoint_id>
				</extensions>
			</trkpt>
			<trkpt lat="46.4336076734" lon="6.9517023089">
				<ele>1179.0</ele>
				<extensions>
					<swisstopo:routepoint_id>734682608</swisstopo:routepoint_id>
				</extensions>
			</trkpt>
			<trkpt lat="46.4335751927" lon="6.9514526829">
				<ele>1177.7</ele>
				<extensions>
					<swisstopo:routepoint_id>520336056</swisstopo:routepoint_id>
				</extensions>
			</trkpt>
			<trkpt lat="46.4335365772" lon="6.9511491304">
				<ele>1175.9</ele>
				<extensions>
					<swisstopo:routepoint_id>1593617920</swisstopo:routepoint_id>
				</extensions>
			</trkpt>
			<trkpt lat="46.4335069955" lon="6.9508895382">
				<ele>1174.3</ele>
				<extensions>
					<swisstopo:routepoint_id>2094041508</swisstopo:routepoint_id>
				</extensions>
			</trkpt>
			<trkpt lat="46.4335036085" lon="6.9507858963">
				<ele>1173.7</ele>
				<extensions>
					<swisstopo:routepoint_id>683583273</swisstopo:routepoint_id>
				</extensions>
			</trkpt>
			<trkpt lat="46.4335052985" lon="6.9507205670">
				<ele>1173.3</ele>
				<extensions>
					<swisstopo:routepoint_id>398692959</swisstopo:routepoint_id>
				</extensions>
			</trkpt>
			<trkpt lat="46.4335147115" lon="6.9506267640">
				<ele>1172.8</ele>
				<extensions>
					<swisstopo:routepoint_id>914112971</swisstopo:routepoint_id>
				</extensions>
			</trkpt>
			<trkpt lat="46.4335319634" lon="6.9505300412">
				<ele>1172.0</ele>
				<extensions>
					<swisstopo:routepoint_id>2065890981</swisstopo:routepoint_id>
				</extensions>
			</trkpt>
			<trkpt lat="46.4335502578" lon="6.9504475161">
				<ele>1171.3</ele>
				<extensions>
					<swisstopo:routepoint_id>1305964703</swisstopo:routepoint_id>
				</extensions>
			</trkpt>
			<trkpt lat="46.4335851182" lon="6.9503321860">
				<ele>1170.4</ele>
				<extensions>
					<swisstopo:routepoint_id>876473868</swisstopo:routepoint_id>
				</extensions>
			</trkpt>
			<trkpt lat="46.4336483287" lon="6.9501910333">
				<ele>1169.2</ele>
				<extensions>
					<swisstopo:routepoint_id>410970660</swisstopo:routepoint_id>
				</extensions>
			</trkpt>
			<trkpt lat="46.4336860156" lon="6.9501120567">
				<ele>1168.6</ele>
				<extensions>
					<swisstopo:routepoint_id>1786804444</swisstopo:routepoint_id>
				</extensions>
			</trkpt>
			<trkpt lat="46.4337611986" lon="6.9499542987">
				<ele>1167.7</ele>
				<extensions>
					<swisstopo:routepoint_id>1380439855</swisstopo:routepoint_id>
				</extensions>
			</trkpt>
			<trkpt lat="46.4338262140" lon="6.9497747721">
				<ele>1166.7</ele>
				<extensions>
					<swisstopo:routepoint_id>1080020957</swisstopo:routepoint_id>
				</extensions>
			</trkpt>
			<trkpt lat="46.4339028341" lon="6.9495554053">
				<ele>1165.7</ele>
				<extensions>
					<swisstopo:routepoint_id>656435028</swisstopo:routepoint_id>
				</extensions>
			</trkpt>
			<trkpt lat="46.4339833789" lon="6.9493345843">
				<ele>1164.8</ele>
				<extensions>
					<swisstopo:routepoint_id>26360330</swisstopo:routepoint_id>
				</extensions>
			</trkpt>
			<trkpt lat="46.4340309397" lon="6.9492091845">
				<ele>1164.1</ele>
				<extensions>
					<swisstopo:routepoint_id>755396542</swisstopo:routepoint_id>
				</extensions>
			</trkpt>
			<trkpt lat="46.4340628777" lon="6.9491009706">
				<ele>1163.7</ele>
				<extensions>
					<swisstopo:routepoint_id>327655350</swisstopo:routepoint_id>
				</extensions>
			</trkpt>
			<trkpt lat="46.4340743486" lon="6.9490284338">
				<ele>1163.3</ele>
				<extensions>
					<swisstopo:routepoint_id>256588018</swisstopo:routepoint_id>
				</extensions>
			</trkpt>
			<trkpt lat="46.4340824090" lon="6.9489406391">
				<ele>1163.0</ele>
				<extensions>
					<swisstopo:routepoint_id>786970213</swisstopo:routepoint_id>
				</extensions>
			</trkpt>
			<trkpt lat="46.4340795418" lon="6.9487341647">
				<ele>1162.4</ele>
				<extensions>
					<swisstopo:routepoint_id>208317089</swisstopo:routepoint_id>
				</extensions>
			</trkpt>
			<trkpt lat="46.4340735684" lon="6.9485520620">
				<ele>1161.8</ele>
				<extensions>
					<swisstopo:routepoint_id>812010882</swisstopo:routepoint_id>
				</extensions>
			</trkpt>
			<trkpt lat="46.4340750685" lon="6.9483862861">
				<ele>1161.4</ele>
				<extensions>
					<swisstopo:routepoint_id>1632733864</swisstopo:routepoint_id>
				</extensions>
			</trkpt>
			<trkpt lat="46.4340836799" lon="6.9481425346">
				<ele>1160.9</ele>
				<extensions>
					<swisstopo:routepoint_id>68200245</swisstopo:routepoint_id>
				</extensions>
			</trkpt>
			<trkpt lat="46.4340922906" lon="6.9478447609">
				<ele>1160.4</ele>
				<extensions>
					<swisstopo:routepoint_id>564250371</swisstopo:routepoint_id>
				</extensions>
			</trkpt>
			<trkpt lat="46.4340984046" lon="6.9477769306">
				<ele>1160.3</ele>
				<extensions>
					<swisstopo:routepoint_id>585106912</swisstopo:routepoint_id>
				</extensions>
			</trkpt>
			<trkpt lat="46.4341098054" lon="6.9477025725">
				<ele>1160.1</ele>
				<extensions>
					<swisstopo:routepoint_id>362527293</swisstopo:routepoint_id>
				</extensions>
			</trkpt>
			<trkpt lat="46.4341349896" lon="6.9476078457">
				<ele>1160.0</ele>
				<extensions>
					<swisstopo:routepoint_id>1324390464</swisstopo:routepoint_id>
				</extensions>
			</trkpt>
			<trkpt lat="46.4341806022" lon="6.9474838927">
				<ele>1160.0</ele>
				<extensions>
					<swisstopo:routepoint_id>754323815</swisstopo:routepoint_id>
				</extensions>
			</trkpt>
			<trkpt lat="46.4342428149" lon="6.9473352236">
				<ele>1159.7</ele>
				<extensions>
					<swisstopo:routepoint_id>1868471928</swisstopo:routepoint_id>
				</extensions>
			</trkpt>
			<trkpt lat="46.4342589196" lon="6.9472878474">
				<ele>1159.5</ele>
				<extensions>
					<swisstopo:routepoint_id>611761331</swisstopo:routepoint_id>
				</extensions>
			</trkpt>
			<trkpt lat="46.4342652636" lon="6.9472362138">
				<ele>1159.4</ele>
				<extensions>
					<swisstopo:routepoint_id>131642763</swisstopo:routepoint_id>
				</extensions>
			</trkpt>
			<trkpt lat="46.4342648650" lon="6.9471728653">
				<ele>1159.2</ele>
				<extensions>
					<swisstopo:routepoint_id>475835113</swisstopo:routepoint_id>
				</extensions>
			</trkpt>
			<trkpt lat="46.4342428822" lon="6.9470841978">
				<ele>1158.8</ele>
				<extensions>
					<swisstopo:routepoint_id>335688426</swisstopo:routepoint_id>
				</extensions>
			</trkpt>
			<trkpt lat="46.4341249375" lon="6.9466422965">
				<ele>1156.5</ele>
				<extensions>
					<swisstopo:routepoint_id>2005803176</swisstopo:routepoint_id>
				</extensions>
			</trkpt>
			<trkpt lat="46.4340631194" lon="6.9464241765">
				<ele>1155.1</ele>
				<extensions>
					<swisstopo:routepoint_id>679105962</swisstopo:routepoint_id>
				</extensions>
			</trkpt>
		</trkseg>
	</trk>
</gpx>
