<?xml version="1.0"?>
<gpx version="1.1" creator="Generated by Swisstopo App. See https://www.swisstopo.ch/app for more information." xmlns="http://www.topografix.com/GPX/1/1" xmlns:xsi="http://www.w3.org/2001/XMLSchema-instance" xmlns:swisstopo="https://prod-static.swisstopo-app.ch/xmlschemas/SwisstopoExtensions" xsi:schemaLocation="http://www.topografix.com/GPX/1/1 http://www.topografix.com/GPX/1/1/gpx.xsd https://swisstopo-app.ch/xmlschemas/SwisstopoExtensions https://prod-static.swisstopo-app.ch/xmlschemas/SwisstopoExtensions.xsd">
	<metadata>
		<name>Via Alpina - Stg 10 - Meiringen to Grindelwald</name>
		<desc>SM - 23km 
800m to the hotel, 100m climb</desc>
		<time>2026-07-07T09:56:18Z</time>
		<extensions>
			<swisstopo:tour_type>0</swisstopo:tour_type>
		</extensions>
	</metadata>
	<wpt lat="46.7276565118" lon="8.1874361386">
		<ele>598.3</ele>
		<name>Starting point</name>
		<extensions>
			<swisstopo:waypoint_id>431921526</swisstopo:waypoint_id>
			<swisstopo:waypoint_routepoint_id>1972346625</swisstopo:waypoint_routepoint_id>
			<swisstopo:waypoint_meters_into_tour>0.000000</swisstopo:waypoint_meters_into_tour>
			<swisstopo:waypoint_is_controlpoint>1</swisstopo:waypoint_is_controlpoint>
		</extensions>
	</wpt>
	<wpt lat="46.7131509191" lon="8.1841183994">
		<ele>881.0</ele>
		<name>Waypoint</name>
		<extensions>
			<swisstopo:waypoint_id>1999126874</swisstopo:waypoint_id>
			<swisstopo:waypoint_routepoint_id>147351630</swisstopo:waypoint_routepoint_id>
			<swisstopo:waypoint_meters_into_tour>2704.705195</swisstopo:waypoint_meters_into_tour>
			<swisstopo:waypoint_is_controlpoint>1</swisstopo:waypoint_is_controlpoint>
		</extensions>
	</wpt>
	<wpt lat="46.7041044409" lon="8.1770858114">
		<ele>1150.3</ele>
		<name>Waypoint</name>
		<extensions>
			<swisstopo:waypoint_id>224140412</swisstopo:waypoint_id>
			<swisstopo:waypoint_routepoint_id>1621393017</swisstopo:waypoint_routepoint_id>
			<swisstopo:waypoint_meters_into_tour>4296.604421</swisstopo:waypoint_meters_into_tour>
			<swisstopo:waypoint_is_controlpoint>1</swisstopo:waypoint_is_controlpoint>
		</extensions>
	</wpt>
	<wpt lat="46.6999513654" lon="8.1737023151">
		<ele>1191.1</ele>
		<name>Waypoint</name>
		<extensions>
			<swisstopo:waypoint_id>939472322</swisstopo:waypoint_id>
			<swisstopo:waypoint_routepoint_id>1405789439</swisstopo:waypoint_routepoint_id>
			<swisstopo:waypoint_meters_into_tour>4882.135596</swisstopo:waypoint_meters_into_tour>
			<swisstopo:waypoint_is_controlpoint>1</swisstopo:waypoint_is_controlpoint>
		</extensions>
	</wpt>
	<wpt lat="46.6984341652" lon="8.1722507117">
		<ele>1214.8</ele>
		<name>Waypoint</name>
		<extensions>
			<swisstopo:waypoint_id>1287965181</swisstopo:waypoint_id>
			<swisstopo:waypoint_routepoint_id>1858614182</swisstopo:waypoint_routepoint_id>
			<swisstopo:waypoint_meters_into_tour>5098.879157</swisstopo:waypoint_meters_into_tour>
			<swisstopo:waypoint_is_controlpoint>1</swisstopo:waypoint_is_controlpoint>
		</extensions>
	</wpt>
	<wpt lat="46.6983145672" lon="8.1720846050">
		<ele>1216.5</ele>
		<name>Waypoint</name>
		<extensions>
			<swisstopo:waypoint_id>63765429</swisstopo:waypoint_id>
			<swisstopo:waypoint_routepoint_id>1388147148</swisstopo:waypoint_routepoint_id>
			<swisstopo:waypoint_meters_into_tour>5123.105913</swisstopo:waypoint_meters_into_tour>
			<swisstopo:waypoint_is_controlpoint>1</swisstopo:waypoint_is_controlpoint>
		</extensions>
	</wpt>
	<wpt lat="46.6972813499" lon="8.1718879301">
		<ele>1231.8</ele>
		<name>Waypoint</name>
		<extensions>
			<swisstopo:waypoint_id>1612186805</swisstopo:waypoint_id>
			<swisstopo:waypoint_routepoint_id>1127691181</swisstopo:waypoint_routepoint_id>
			<swisstopo:waypoint_meters_into_tour>5254.094208</swisstopo:waypoint_meters_into_tour>
			<swisstopo:waypoint_is_controlpoint>1</swisstopo:waypoint_is_controlpoint>
		</extensions>
	</wpt>
	<wpt lat="46.6968187374" lon="8.1714872101">
		<ele>1233.3</ele>
		<name>Waypoint</name>
		<extensions>
			<swisstopo:waypoint_id>1530268307</swisstopo:waypoint_id>
			<swisstopo:waypoint_routepoint_id>299568723</swisstopo:waypoint_routepoint_id>
			<swisstopo:waypoint_meters_into_tour>5315.383452</swisstopo:waypoint_meters_into_tour>
			<swisstopo:waypoint_is_controlpoint>1</swisstopo:waypoint_is_controlpoint>
		</extensions>
	</wpt>
	<wpt lat="46.6953140065" lon="8.1702340089">
		<ele>1254.6</ele>
		<name>Waypoint</name>
		<extensions>
			<swisstopo:waypoint_id>1367883442</swisstopo:waypoint_id>
			<swisstopo:waypoint_routepoint_id>1004662745</swisstopo:waypoint_routepoint_id>
			<swisstopo:waypoint_meters_into_tour>5515.247269</swisstopo:waypoint_meters_into_tour>
			<swisstopo:waypoint_is_controlpoint>1</swisstopo:waypoint_is_controlpoint>
		</extensions>
	</wpt>
	<wpt lat="46.6925212526" lon="8.1677258584">
		<ele>1299.1</ele>
		<name>Waypoint</name>
		<extensions>
			<swisstopo:waypoint_id>1572039011</swisstopo:waypoint_id>
			<swisstopo:waypoint_routepoint_id>1339700608</swisstopo:waypoint_routepoint_id>
			<swisstopo:waypoint_meters_into_tour>5920.075581</swisstopo:waypoint_meters_into_tour>
			<swisstopo:waypoint_is_controlpoint>1</swisstopo:waypoint_is_controlpoint>
		</extensions>
	</wpt>
	<wpt lat="46.6804300373" lon="8.1564118012">
		<ele>1327.8</ele>
		<name>Waypoint</name>
		<extensions>
			<swisstopo:waypoint_id>511755452</swisstopo:waypoint_id>
			<swisstopo:waypoint_routepoint_id>2071155748</swisstopo:waypoint_routepoint_id>
			<swisstopo:waypoint_meters_into_tour>7685.602435</swisstopo:waypoint_meters_into_tour>
			<swisstopo:waypoint_is_controlpoint>1</swisstopo:waypoint_is_controlpoint>
		</extensions>
	</wpt>
	<wpt lat="46.6781780511" lon="8.1449328715">
		<ele>1425.7</ele>
		<name>Waypoint</name>
		<extensions>
			<swisstopo:waypoint_id>883438101</swisstopo:waypoint_id>
			<swisstopo:waypoint_routepoint_id>125673476</swisstopo:waypoint_routepoint_id>
			<swisstopo:waypoint_meters_into_tour>9039.478462</swisstopo:waypoint_meters_into_tour>
			<swisstopo:waypoint_is_controlpoint>1</swisstopo:waypoint_is_controlpoint>
		</extensions>
	</wpt>
	<wpt lat="46.6750751225" lon="8.1358106460">
		<ele>1446.6</ele>
		<name>Waypoint</name>
		<extensions>
			<swisstopo:waypoint_id>1929585176</swisstopo:waypoint_id>
			<swisstopo:waypoint_routepoint_id>1847997456</swisstopo:waypoint_routepoint_id>
			<swisstopo:waypoint_meters_into_tour>9989.892234</swisstopo:waypoint_meters_into_tour>
			<swisstopo:waypoint_is_controlpoint>1</swisstopo:waypoint_is_controlpoint>
		</extensions>
	</wpt>
	<wpt lat="46.6741394116" lon="8.1337515476">
		<ele>1463.8</ele>
		<name>Waypoint</name>
		<extensions>
			<swisstopo:waypoint_id>1973026540</swisstopo:waypoint_id>
			<swisstopo:waypoint_routepoint_id>1908446931</swisstopo:waypoint_routepoint_id>
			<swisstopo:waypoint_meters_into_tour>10291.862144</swisstopo:waypoint_meters_into_tour>
			<swisstopo:waypoint_is_controlpoint>1</swisstopo:waypoint_is_controlpoint>
		</extensions>
	</wpt>
	<wpt lat="46.6726164335" lon="8.1315467200">
		<ele>1481.3</ele>
		<name>Waypoint</name>
		<extensions>
			<swisstopo:waypoint_id>1206517452</swisstopo:waypoint_id>
			<swisstopo:waypoint_routepoint_id>1641530603</swisstopo:waypoint_routepoint_id>
			<swisstopo:waypoint_meters_into_tour>10646.437366</swisstopo:waypoint_meters_into_tour>
			<swisstopo:waypoint_is_controlpoint>1</swisstopo:waypoint_is_controlpoint>
		</extensions>
	</wpt>
	<wpt lat="46.6666069543" lon="8.1232550272">
		<ele>1590.8</ele>
		<name>Waypoint</name>
		<extensions>
			<swisstopo:waypoint_id>828208149</swisstopo:waypoint_id>
			<swisstopo:waypoint_routepoint_id>1196696153</swisstopo:waypoint_routepoint_id>
			<swisstopo:waypoint_meters_into_tour>11887.544892</swisstopo:waypoint_meters_into_tour>
			<swisstopo:waypoint_is_controlpoint>1</swisstopo:waypoint_is_controlpoint>
		</extensions>
	</wpt>
	<wpt lat="46.6446102560" lon="8.0863269740">
		<ele>1542.2</ele>
		<name>Waypoint</name>
		<extensions>
			<swisstopo:waypoint_id>1075064749</swisstopo:waypoint_id>
			<swisstopo:waypoint_routepoint_id>662674279</swisstopo:waypoint_routepoint_id>
			<swisstopo:waypoint_meters_into_tour>16864.807326</swisstopo:waypoint_meters_into_tour>
			<swisstopo:waypoint_is_controlpoint>1</swisstopo:waypoint_is_controlpoint>
		</extensions>
	</wpt>
	<wpt lat="46.6283771936" lon="8.0670578128">
		<ele>1142.9</ele>
		<name>Waypoint</name>
		<extensions>
			<swisstopo:waypoint_id>1092484197</swisstopo:waypoint_id>
			<swisstopo:waypoint_routepoint_id>96757142</swisstopo:waypoint_routepoint_id>
			<swisstopo:waypoint_meters_into_tour>19790.705001</swisstopo:waypoint_meters_into_tour>
			<swisstopo:waypoint_is_controlpoint>1</swisstopo:waypoint_is_controlpoint>
		</extensions>
	</wpt>
	<wpt lat="46.6279268231" lon="8.0652768931">
		<ele>1144.3</ele>
		<name>Waypoint</name>
		<extensions>
			<swisstopo:waypoint_id>222052754</swisstopo:waypoint_id>
			<swisstopo:waypoint_routepoint_id>1120592043</swisstopo:waypoint_routepoint_id>
			<swisstopo:waypoint_meters_into_tour>19974.920940</swisstopo:waypoint_meters_into_tour>
			<swisstopo:waypoint_is_controlpoint>1</swisstopo:waypoint_is_controlpoint>
		</extensions>
	</wpt>
	<wpt lat="46.6280456139" lon="8.0634753213">
		<ele>1154.2</ele>
		<name>Waypoint</name>
		<extensions>
			<swisstopo:waypoint_id>199763594</swisstopo:waypoint_id>
			<swisstopo:waypoint_routepoint_id>1539880273</swisstopo:waypoint_routepoint_id>
			<swisstopo:waypoint_meters_into_tour>20118.041252</swisstopo:waypoint_meters_into_tour>
			<swisstopo:waypoint_is_controlpoint>1</swisstopo:waypoint_is_controlpoint>
		</extensions>
	</wpt>
	<wpt lat="46.6283274717" lon="8.0599655708">
		<ele>1137.8</ele>
		<name>Waypoint</name>
		<extensions>
			<swisstopo:waypoint_id>1690543290</swisstopo:waypoint_id>
			<swisstopo:waypoint_routepoint_id>739818535</swisstopo:waypoint_routepoint_id>
			<swisstopo:waypoint_meters_into_tour>20443.902365</swisstopo:waypoint_meters_into_tour>
			<swisstopo:waypoint_is_controlpoint>1</swisstopo:waypoint_is_controlpoint>
		</extensions>
	</wpt>
	<wpt lat="46.6243585373" lon="8.0340400573">
		<ele>1033.7</ele>
		<name>Destination</name>
		<extensions>
			<swisstopo:waypoint_id>810360622</swisstopo:waypoint_id>
			<swisstopo:waypoint_routepoint_id>1559173628</swisstopo:waypoint_routepoint_id>
			<swisstopo:waypoint_meters_into_tour>22933.009967</swisstopo:waypoint_meters_into_tour>
			<swisstopo:waypoint_is_controlpoint>1</swisstopo:waypoint_is_controlpoint>
			<swisstopo:waypoint_stage_before distance="22933.009967" duration="27725.616542" ascent="1465.450000" descent="1030.050000" />
		</extensions>
	</wpt>
	<trk>
		<name>Swisstopo Route</name>
		<trkseg>
			<trkpt lat="46.7276565118" lon="8.1874361386">
				<ele>598.3</ele>
				<extensions>
					<swisstopo:routepoint_id>1972346625</swisstopo:routepoint_id>
				</extensions>
			</trkpt>
			<trkpt lat="46.7274522243" lon="8.1872165593">
				<ele>597.9</ele>
				<extensions>
					<swisstopo:routepoint_id>522837386</swisstopo:routepoint_id>
				</extensions>
			</trkpt>
			<trkpt lat="46.7273723376" lon="8.1873472007">
				<ele>597.9</ele>
				<extensions>
					<swisstopo:routepoint_id>576799192</swisstopo:routepoint_id>
				</extensions>
			</trkpt>
			<trkpt lat="46.7271998314" lon="8.1876363662">
				<ele>598.3</ele>
				<extensions>
					<swisstopo:routepoint_id>52293545</swisstopo:routepoint_id>
				</extensions>
			</trkpt>
			<trkpt lat="46.7270351339" lon="8.1879130013">
				<ele>598.6</ele>
				<extensions>
					<swisstopo:routepoint_id>1135523262</swisstopo:routepoint_id>
				</extensions>
			</trkpt>
			<trkpt lat="46.7268287987" lon="8.1882573306">
				<ele>598.4</ele>
				<extensions>
					<swisstopo:routepoint_id>450979075</swisstopo:routepoint_id>
				</extensions>
			</trkpt>
			<trkpt lat="46.7267459367" lon="8.1883573289">
				<ele>598.5</ele>
				<extensions>
					<swisstopo:routepoint_id>515080476</swisstopo:routepoint_id>
				</extensions>
			</trkpt>
			<trkpt lat="46.7266409031" lon="8.1884635853">
				<ele>599.1</ele>
				<extensions>
					<swisstopo:routepoint_id>979284212</swisstopo:routepoint_id>
				</extensions>
			</trkpt>
			<trkpt lat="46.7265803935" lon="8.1885297361">
				<ele>599.2</ele>
				<extensions>
					<swisstopo:routepoint_id>64839263</swisstopo:routepoint_id>
				</extensions>
			</trkpt>
			<trkpt lat="46.7265166696" lon="8.1886030769">
				<ele>599.4</ele>
				<extensions>
					<swisstopo:routepoint_id>562716893</swisstopo:routepoint_id>
				</extensions>
			</trkpt>
			<trkpt lat="46.7264425531" lon="8.1886782483">
				<ele>599.4</ele>
				<extensions>
					<swisstopo:routepoint_id>846530724</swisstopo:routepoint_id>
				</extensions>
			</trkpt>
			<trkpt lat="46.7263929426" lon="8.1887366751">
				<ele>599.5</ele>
				<extensions>
					<swisstopo:routepoint_id>1741854204</swisstopo:routepoint_id>
				</extensions>
			</trkpt>
			<trkpt lat="46.7263364772" lon="8.1888061657">
				<ele>599.5</ele>
				<extensions>
					<swisstopo:routepoint_id>1215737566</swisstopo:routepoint_id>
				</extensions>
			</trkpt>
			<trkpt lat="46.7263008892" lon="8.1888595287">
				<ele>599.7</ele>
				<extensions>
					<swisstopo:routepoint_id>789710518</swisstopo:routepoint_id>
				</extensions>
			</trkpt>
			<trkpt lat="46.7262423737" lon="8.1889670976">
				<ele>599.8</ele>
				<extensions>
					<swisstopo:routepoint_id>1931721752</swisstopo:routepoint_id>
				</extensions>
			</trkpt>
			<trkpt lat="46.7262121487" lon="8.1890284239">
				<ele>599.8</ele>
				<extensions>
					<swisstopo:routepoint_id>418444290</swisstopo:routepoint_id>
				</extensions>
			</trkpt>
			<trkpt lat="46.7261658390" lon="8.1891348281">
				<ele>600.2</ele>
				<extensions>
					<swisstopo:routepoint_id>882170854</swisstopo:routepoint_id>
				</extensions>
			</trkpt>
			<trkpt lat="46.7261493703" lon="8.1891836559">
				<ele>600.2</ele>
				<extensions>
					<swisstopo:routepoint_id>885776094</swisstopo:routepoint_id>
				</extensions>
			</trkpt>
			<trkpt lat="46.7261400391" lon="8.1892113122">
				<ele>600.2</ele>
				<extensions>
					<swisstopo:routepoint_id>1501770755</swisstopo:routepoint_id>
				</extensions>
			</trkpt>
			<trkpt lat="46.7261104985" lon="8.1893081120">
				<ele>600.5</ele>
				<extensions>
					<swisstopo:routepoint_id>1014097221</swisstopo:routepoint_id>
				</extensions>
			</trkpt>
			<trkpt lat="46.7260882015" lon="8.1894004214">
				<ele>600.6</ele>
				<extensions>
					<swisstopo:routepoint_id>537090966</swisstopo:routepoint_id>
				</extensions>
			</trkpt>
			<trkpt lat="46.7260536425" lon="8.1895720971">
				<ele>600.9</ele>
				<extensions>
					<swisstopo:routepoint_id>1527815735</swisstopo:routepoint_id>
				</extensions>
			</trkpt>
			<trkpt lat="46.7260424448" lon="8.1896277091">
				<ele>601.1</ele>
				<extensions>
					<swisstopo:routepoint_id>1467182427</swisstopo:routepoint_id>
				</extensions>
			</trkpt>
			<trkpt lat="46.7260075364" lon="8.1897855137">
				<ele>601.3</ele>
				<extensions>
					<swisstopo:routepoint_id>1721319652</swisstopo:routepoint_id>
				</extensions>
			</trkpt>
			<trkpt lat="46.7259774191" lon="8.1899000305">
				<ele>601.6</ele>
				<extensions>
					<swisstopo:routepoint_id>1459399777</swisstopo:routepoint_id>
				</extensions>
			</trkpt>
			<trkpt lat="46.7259484912" lon="8.1899705706">
				<ele>602.0</ele>
				<extensions>
					<swisstopo:routepoint_id>861916856</swisstopo:routepoint_id>
				</extensions>
			</trkpt>
			<trkpt lat="46.7258885543" lon="8.1900465910">
				<ele>602.2</ele>
				<extensions>
					<swisstopo:routepoint_id>1857362064</swisstopo:routepoint_id>
				</extensions>
			</trkpt>
			<trkpt lat="46.7258687273" lon="8.1900616201">
				<ele>602.3</ele>
				<extensions>
					<swisstopo:routepoint_id>1784718359</swisstopo:routepoint_id>
				</extensions>
			</trkpt>
			<trkpt lat="46.7258358937" lon="8.1900790844">
				<ele>602.3</ele>
				<extensions>
					<swisstopo:routepoint_id>1069312065</swisstopo:routepoint_id>
				</extensions>
			</trkpt>
			<trkpt lat="46.7257904186" lon="8.1900915458">
				<ele>602.5</ele>
				<extensions>
					<swisstopo:routepoint_id>584625870</swisstopo:routepoint_id>
				</extensions>
			</trkpt>
			<trkpt lat="46.7257520166" lon="8.1900898983">
				<ele>602.6</ele>
				<extensions>
					<swisstopo:routepoint_id>1736599921</swisstopo:routepoint_id>
				</extensions>
			</trkpt>
			<trkpt lat="46.7256721068" lon="8.1900760818">
				<ele>602.8</ele>
				<extensions>
					<swisstopo:routepoint_id>997372908</swisstopo:routepoint_id>
				</extensions>
			</trkpt>
			<trkpt lat="46.7256329375" lon="8.1900803104">
				<ele>603.1</ele>
				<extensions>
					<swisstopo:routepoint_id>1364037919</swisstopo:routepoint_id>
				</extensions>
			</trkpt>
			<trkpt lat="46.7255934802" lon="8.1900900955">
				<ele>603.4</ele>
				<extensions>
					<swisstopo:routepoint_id>498396517</swisstopo:routepoint_id>
				</extensions>
			</trkpt>
			<trkpt lat="46.7255708969" lon="8.1901042748">
				<ele>603.5</ele>
				<extensions>
					<swisstopo:routepoint_id>1966458721</swisstopo:routepoint_id>
				</extensions>
			</trkpt>
			<trkpt lat="46.7255366096" lon="8.1901280633">
				<ele>603.5</ele>
				<extensions>
					<swisstopo:routepoint_id>306517061</swisstopo:routepoint_id>
				</extensions>
			</trkpt>
			<trkpt lat="46.7254986680" lon="8.1901712931">
				<ele>604.0</ele>
				<extensions>
					<swisstopo:routepoint_id>464601479</swisstopo:routepoint_id>
				</extensions>
			</trkpt>
			<trkpt lat="46.7254837278" lon="8.1901968818">
				<ele>604.1</ele>
				<extensions>
					<swisstopo:routepoint_id>822120211</swisstopo:routepoint_id>
				</extensions>
			</trkpt>
			<trkpt lat="46.7254635287" lon="8.1902342101">
				<ele>604.3</ele>
				<extensions>
					<swisstopo:routepoint_id>1797434080</swisstopo:routepoint_id>
				</extensions>
			</trkpt>
			<trkpt lat="46.7254320924" lon="8.1902950205">
				<ele>604.3</ele>
				<extensions>
					<swisstopo:routepoint_id>674365957</swisstopo:routepoint_id>
				</extensions>
			</trkpt>
			<trkpt lat="46.7254102230" lon="8.1903414174">
				<ele>604.4</ele>
				<extensions>
					<swisstopo:routepoint_id>517138138</swisstopo:routepoint_id>
				</extensions>
			</trkpt>
			<trkpt lat="46.7253377136" lon="8.1905204887">
				<ele>605.3</ele>
				<extensions>
					<swisstopo:routepoint_id>654868259</swisstopo:routepoint_id>
				</extensions>
			</trkpt>
			<trkpt lat="46.7253097371" lon="8.1905845129">
				<ele>605.6</ele>
				<extensions>
					<swisstopo:routepoint_id>1848405623</swisstopo:routepoint_id>
				</extensions>
			</trkpt>
			<trkpt lat="46.7252737683" lon="8.1906613762">
				<ele>605.9</ele>
				<extensions>
					<swisstopo:routepoint_id>1346966950</swisstopo:routepoint_id>
				</extensions>
			</trkpt>
			<trkpt lat="46.7252566036" lon="8.1906914728">
				<ele>605.8</ele>
				<extensions>
					<swisstopo:routepoint_id>798790221</swisstopo:routepoint_id>
				</extensions>
			</trkpt>
			<trkpt lat="46.7252241963" lon="8.1907384680">
				<ele>606.0</ele>
				<extensions>
					<swisstopo:routepoint_id>920653208</swisstopo:routepoint_id>
				</extensions>
			</trkpt>
			<trkpt lat="46.7251919414" lon="8.1907773157">
				<ele>606.1</ele>
				<extensions>
					<swisstopo:routepoint_id>1697776871</swisstopo:routepoint_id>
				</extensions>
			</trkpt>
			<trkpt lat="46.7251607916" lon="8.1908082247">
				<ele>606.2</ele>
				<extensions>
					<swisstopo:routepoint_id>1342613700</swisstopo:routepoint_id>
				</extensions>
			</trkpt>
			<trkpt lat="46.7251238935" lon="8.1908336504">
				<ele>606.5</ele>
				<extensions>
					<swisstopo:routepoint_id>39306247</swisstopo:routepoint_id>
				</extensions>
			</trkpt>
			<trkpt lat="46.7250932648" lon="8.1908414780">
				<ele>606.5</ele>
				<extensions>
					<swisstopo:routepoint_id>1725195663</swisstopo:routepoint_id>
				</extensions>
			</trkpt>
			<trkpt lat="46.7250671156" lon="8.1908411914">
				<ele>606.6</ele>
				<extensions>
					<swisstopo:routepoint_id>1164371761</swisstopo:routepoint_id>
				</extensions>
			</trkpt>
			<trkpt lat="46.7250277267" lon="8.1908282794">
				<ele>606.4</ele>
				<extensions>
					<swisstopo:routepoint_id>93982558</swisstopo:routepoint_id>
				</extensions>
			</trkpt>
			<trkpt lat="46.7249000266" lon="8.1907632477">
				<ele>606.2</ele>
				<extensions>
					<swisstopo:routepoint_id>162149743</swisstopo:routepoint_id>
				</extensions>
			</trkpt>
			<trkpt lat="46.7248893391" lon="8.1907578138">
				<ele>606.1</ele>
				<extensions>
					<swisstopo:routepoint_id>1042894251</swisstopo:routepoint_id>
				</extensions>
			</trkpt>
			<trkpt lat="46.7246627827" lon="8.1906368143">
				<ele>605.7</ele>
				<extensions>
					<swisstopo:routepoint_id>255863935</swisstopo:routepoint_id>
				</extensions>
			</trkpt>
			<trkpt lat="46.7245648048" lon="8.1905841027">
				<ele>605.4</ele>
				<extensions>
					<swisstopo:routepoint_id>997540352</swisstopo:routepoint_id>
				</extensions>
			</trkpt>
			<trkpt lat="46.7244375589" lon="8.1905156380">
				<ele>605.1</ele>
				<extensions>
					<swisstopo:routepoint_id>626531199</swisstopo:routepoint_id>
				</extensions>
			</trkpt>
			<trkpt lat="46.7244233062" lon="8.1905079699">
				<ele>605.0</ele>
				<extensions>
					<swisstopo:routepoint_id>1377432037</swisstopo:routepoint_id>
				</extensions>
			</trkpt>
			<trkpt lat="46.7241264252" lon="8.1903478462">
				<ele>604.2</ele>
				<extensions>
					<swisstopo:routepoint_id>1601718626</swisstopo:routepoint_id>
				</extensions>
			</trkpt>
			<trkpt lat="46.7238180020" lon="8.1901823177">
				<ele>603.4</ele>
				<extensions>
					<swisstopo:routepoint_id>646244215</swisstopo:routepoint_id>
				</extensions>
			</trkpt>
			<trkpt lat="46.7237149224" lon="8.1901269601">
				<ele>603.6</ele>
				<extensions>
					<swisstopo:routepoint_id>253029325</swisstopo:routepoint_id>
				</extensions>
			</trkpt>
			<trkpt lat="46.7235385441" lon="8.1900333636">
				<ele>602.9</ele>
				<extensions>
					<swisstopo:routepoint_id>1438740935</swisstopo:routepoint_id>
				</extensions>
			</trkpt>
			<trkpt lat="46.7234794685" lon="8.1900004910">
				<ele>602.8</ele>
				<extensions>
					<swisstopo:routepoint_id>718937451</swisstopo:routepoint_id>
				</extensions>
			</trkpt>
			<trkpt lat="46.7234399054" lon="8.1899784733">
				<ele>602.7</ele>
				<extensions>
					<swisstopo:routepoint_id>118871823</swisstopo:routepoint_id>
				</extensions>
			</trkpt>
			<trkpt lat="46.7233465118" lon="8.1899249513">
				<ele>602.3</ele>
				<extensions>
					<swisstopo:routepoint_id>672605033</swisstopo:routepoint_id>
				</extensions>
			</trkpt>
			<trkpt lat="46.7232835168" lon="8.1898915931">
				<ele>602.3</ele>
				<extensions>
					<swisstopo:routepoint_id>760034827</swisstopo:routepoint_id>
				</extensions>
			</trkpt>
			<trkpt lat="46.7232007014" lon="8.1898477423">
				<ele>602.4</ele>
				<extensions>
					<swisstopo:routepoint_id>308745197</swisstopo:routepoint_id>
				</extensions>
			</trkpt>
			<trkpt lat="46.7230548322" lon="8.1897794535">
				<ele>602.2</ele>
				<extensions>
					<swisstopo:routepoint_id>1908949511</swisstopo:routepoint_id>
				</extensions>
			</trkpt>
			<trkpt lat="46.7228547673" lon="8.1896913114">
				<ele>601.9</ele>
				<extensions>
					<swisstopo:routepoint_id>1369458630</swisstopo:routepoint_id>
				</extensions>
			</trkpt>
			<trkpt lat="46.7227061788" lon="8.1896357264">
				<ele>601.6</ele>
				<extensions>
					<swisstopo:routepoint_id>3531357</swisstopo:routepoint_id>
				</extensions>
			</trkpt>
			<trkpt lat="46.7225811471" lon="8.1895970441">
				<ele>601.4</ele>
				<extensions>
					<swisstopo:routepoint_id>1996711518</swisstopo:routepoint_id>
				</extensions>
			</trkpt>
			<trkpt lat="46.7225186253" lon="8.1895792853">
				<ele>601.4</ele>
				<extensions>
					<swisstopo:routepoint_id>593497398</swisstopo:routepoint_id>
				</extensions>
			</trkpt>
			<trkpt lat="46.7224882583" lon="8.1895706604">
				<ele>601.4</ele>
				<extensions>
					<swisstopo:routepoint_id>1037042350</swisstopo:routepoint_id>
				</extensions>
			</trkpt>
			<trkpt lat="46.7224251023" lon="8.1895563075">
				<ele>601.5</ele>
				<extensions>
					<swisstopo:routepoint_id>20505410</swisstopo:routepoint_id>
				</extensions>
			</trkpt>
			<trkpt lat="46.7222400114" lon="8.1895234468">
				<ele>601.5</ele>
				<extensions>
					<swisstopo:routepoint_id>613312430</swisstopo:routepoint_id>
				</extensions>
			</trkpt>
			<trkpt lat="46.7220516771" lon="8.1894900174">
				<ele>601.5</ele>
				<extensions>
					<swisstopo:routepoint_id>1110513101</swisstopo:routepoint_id>
				</extensions>
			</trkpt>
			<trkpt lat="46.7220475876" lon="8.1895672300">
				<ele>601.7</ele>
				<extensions>
					<swisstopo:routepoint_id>1205989241</swisstopo:routepoint_id>
				</extensions>
			</trkpt>
			<trkpt lat="46.7220083413" lon="8.1895640797">
				<ele>601.7</ele>
				<extensions>
					<swisstopo:routepoint_id>1417459516</swisstopo:routepoint_id>
				</extensions>
			</trkpt>
			<trkpt lat="46.7219280440" lon="8.1895586443">
				<ele>601.8</ele>
				<extensions>
					<swisstopo:routepoint_id>1328669746</swisstopo:routepoint_id>
				</extensions>
			</trkpt>
			<trkpt lat="46.7218650695" lon="8.1895439149">
				<ele>601.9</ele>
				<extensions>
					<swisstopo:routepoint_id>1353580231</swisstopo:routepoint_id>
				</extensions>
			</trkpt>
			<trkpt lat="46.7217610567" lon="8.1895251601">
				<ele>602.2</ele>
				<extensions>
					<swisstopo:routepoint_id>1272445751</swisstopo:routepoint_id>
				</extensions>
			</trkpt>
			<trkpt lat="46.7217176365" lon="8.1895219654">
				<ele>602.4</ele>
				<extensions>
					<swisstopo:routepoint_id>938825180</swisstopo:routepoint_id>
				</extensions>
			</trkpt>
			<trkpt lat="46.7216795371" lon="8.1895249005">
				<ele>602.5</ele>
				<extensions>
					<swisstopo:routepoint_id>1869505091</swisstopo:routepoint_id>
				</extensions>
			</trkpt>
			<trkpt lat="46.7216556906" lon="8.1895314887">
				<ele>602.5</ele>
				<extensions>
					<swisstopo:routepoint_id>726501698</swisstopo:routepoint_id>
				</extensions>
			</trkpt>
			<trkpt lat="46.7216150421" lon="8.1895594777">
				<ele>602.6</ele>
				<extensions>
					<swisstopo:routepoint_id>299799080</swisstopo:routepoint_id>
				</extensions>
			</trkpt>
			<trkpt lat="46.7215301559" lon="8.1896197224">
				<ele>602.8</ele>
				<extensions>
					<swisstopo:routepoint_id>159223206</swisstopo:routepoint_id>
				</extensions>
			</trkpt>
			<trkpt lat="46.7214333774" lon="8.1896772112">
				<ele>603.0</ele>
				<extensions>
					<swisstopo:routepoint_id>1030116760</swisstopo:routepoint_id>
				</extensions>
			</trkpt>
			<trkpt lat="46.7213372488" lon="8.1897260496">
				<ele>603.2</ele>
				<extensions>
					<swisstopo:routepoint_id>55387073</swisstopo:routepoint_id>
				</extensions>
			</trkpt>
			<trkpt lat="46.7212560758" lon="8.1897647236">
				<ele>603.4</ele>
				<extensions>
					<swisstopo:routepoint_id>535756192</swisstopo:routepoint_id>
				</extensions>
			</trkpt>
			<trkpt lat="46.7211898650" lon="8.1897880264">
				<ele>603.5</ele>
				<extensions>
					<swisstopo:routepoint_id>947342150</swisstopo:routepoint_id>
				</extensions>
			</trkpt>
			<trkpt lat="46.7211725498" lon="8.1897973082">
				<ele>603.5</ele>
				<extensions>
					<swisstopo:routepoint_id>1145031731</swisstopo:routepoint_id>
				</extensions>
			</trkpt>
			<trkpt lat="46.7211563934" lon="8.1898109223">
				<ele>603.5</ele>
				<extensions>
					<swisstopo:routepoint_id>312601299</swisstopo:routepoint_id>
				</extensions>
			</trkpt>
			<trkpt lat="46.7211444301" lon="8.1898202779">
				<ele>603.5</ele>
				<extensions>
					<swisstopo:routepoint_id>834121845</swisstopo:routepoint_id>
				</extensions>
			</trkpt>
			<trkpt lat="46.7211188607" lon="8.1898288299">
				<ele>603.3</ele>
				<extensions>
					<swisstopo:routepoint_id>292011320</swisstopo:routepoint_id>
				</extensions>
			</trkpt>
			<trkpt lat="46.7211013422" lon="8.1897187869">
				<ele>603.4</ele>
				<extensions>
					<swisstopo:routepoint_id>140567860</swisstopo:routepoint_id>
				</extensions>
			</trkpt>
			<trkpt lat="46.7209762182" lon="8.1897583389">
				<ele>603.8</ele>
				<extensions>
					<swisstopo:routepoint_id>884709784</swisstopo:routepoint_id>
				</extensions>
			</trkpt>
			<trkpt lat="46.7209834071" lon="8.1898401148">
				<ele>603.9</ele>
				<extensions>
					<swisstopo:routepoint_id>1642193404</swisstopo:routepoint_id>
				</extensions>
			</trkpt>
			<trkpt lat="46.7209944176" lon="8.1899507208">
				<ele>603.9</ele>
				<extensions>
					<swisstopo:routepoint_id>2092383347</swisstopo:routepoint_id>
				</extensions>
			</trkpt>
			<trkpt lat="46.7208790693" lon="8.1899757192">
				<ele>604.0</ele>
				<extensions>
					<swisstopo:routepoint_id>1392085395</swisstopo:routepoint_id>
				</extensions>
			</trkpt>
			<trkpt lat="46.7207766769" lon="8.1899962020">
				<ele>604.4</ele>
				<extensions>
					<swisstopo:routepoint_id>2021326584</swisstopo:routepoint_id>
				</extensions>
			</trkpt>
			<trkpt lat="46.7206343539" lon="8.1900302162">
				<ele>604.9</ele>
				<extensions>
					<swisstopo:routepoint_id>1893974174</swisstopo:routepoint_id>
				</extensions>
			</trkpt>
			<trkpt lat="46.7205015914" lon="8.1900548932">
				<ele>605.4</ele>
				<extensions>
					<swisstopo:routepoint_id>2120636198</swisstopo:routepoint_id>
				</extensions>
			</trkpt>
			<trkpt lat="46.7202581229" lon="8.1901126259">
				<ele>606.2</ele>
				<extensions>
					<swisstopo:routepoint_id>1740396734</swisstopo:routepoint_id>
				</extensions>
			</trkpt>
			<trkpt lat="46.7199795004" lon="8.1901797964">
				<ele>607.2</ele>
				<extensions>
					<swisstopo:routepoint_id>2112832897</swisstopo:routepoint_id>
				</extensions>
			</trkpt>
			<trkpt lat="46.7199295744" lon="8.1901891662">
				<ele>607.3</ele>
				<extensions>
					<swisstopo:routepoint_id>1429396377</swisstopo:routepoint_id>
				</extensions>
			</trkpt>
			<trkpt lat="46.7198994925" lon="8.1901987679">
				<ele>607.3</ele>
				<extensions>
					<swisstopo:routepoint_id>369093959</swisstopo:routepoint_id>
				</extensions>
			</trkpt>
			<trkpt lat="46.7198543135" lon="8.1902236728">
				<ele>607.8</ele>
				<extensions>
					<swisstopo:routepoint_id>1445008726</swisstopo:routepoint_id>
				</extensions>
			</trkpt>
			<trkpt lat="46.7197805272" lon="8.1902677037">
				<ele>608.1</ele>
				<extensions>
					<swisstopo:routepoint_id>1339915424</swisstopo:routepoint_id>
				</extensions>
			</trkpt>
			<trkpt lat="46.7197357067" lon="8.1903035478">
				<ele>608.3</ele>
				<extensions>
					<swisstopo:routepoint_id>545543381</swisstopo:routepoint_id>
				</extensions>
			</trkpt>
			<trkpt lat="46.7197102858" lon="8.1903243851">
				<ele>608.4</ele>
				<extensions>
					<swisstopo:routepoint_id>1132613827</swisstopo:routepoint_id>
				</extensions>
			</trkpt>
			<trkpt lat="46.7196629712" lon="8.1903694043">
				<ele>608.7</ele>
				<extensions>
					<swisstopo:routepoint_id>1238572714</swisstopo:routepoint_id>
				</extensions>
			</trkpt>
			<trkpt lat="46.7195890013" lon="8.1904306193">
				<ele>609.0</ele>
				<extensions>
					<swisstopo:routepoint_id>1087551133</swisstopo:routepoint_id>
				</extensions>
			</trkpt>
			<trkpt lat="46.7194374413" lon="8.1905571369">
				<ele>609.8</ele>
				<extensions>
					<swisstopo:routepoint_id>1774067383</swisstopo:routepoint_id>
				</extensions>
			</trkpt>
			<trkpt lat="46.7193583389" lon="8.1906186247">
				<ele>610.1</ele>
				<extensions>
					<swisstopo:routepoint_id>949460199</swisstopo:routepoint_id>
				</extensions>
			</trkpt>
			<trkpt lat="46.7190584848" lon="8.1908665740">
				<ele>611.5</ele>
				<extensions>
					<swisstopo:routepoint_id>218931930</swisstopo:routepoint_id>
				</extensions>
			</trkpt>
			<trkpt lat="46.7190508822" lon="8.1908472524">
				<ele>611.5</ele>
				<extensions>
					<swisstopo:routepoint_id>1968614237</swisstopo:routepoint_id>
				</extensions>
			</trkpt>
			<trkpt lat="46.7190276925" lon="8.1907883299">
				<ele>611.5</ele>
				<extensions>
					<swisstopo:routepoint_id>763689587</swisstopo:routepoint_id>
				</extensions>
			</trkpt>
			<trkpt lat="46.7190136330" lon="8.1907526208">
				<ele>611.5</ele>
				<extensions>
					<swisstopo:routepoint_id>1770598238</swisstopo:routepoint_id>
				</extensions>
			</trkpt>
			<trkpt lat="46.7188687969" lon="8.1908688314">
				<ele>612.3</ele>
				<extensions>
					<swisstopo:routepoint_id>1118631668</swisstopo:routepoint_id>
				</extensions>
			</trkpt>
			<trkpt lat="46.7187121732" lon="8.1909963222">
				<ele>613.1</ele>
				<extensions>
					<swisstopo:routepoint_id>1686033519</swisstopo:routepoint_id>
				</extensions>
			</trkpt>
			<trkpt lat="46.7185746677" lon="8.1911085271">
				<ele>613.8</ele>
				<extensions>
					<swisstopo:routepoint_id>760095125</swisstopo:routepoint_id>
				</extensions>
			</trkpt>
			<trkpt lat="46.7185139871" lon="8.1911617910">
				<ele>614.1</ele>
				<extensions>
					<swisstopo:routepoint_id>1125343522</swisstopo:routepoint_id>
				</extensions>
			</trkpt>
			<trkpt lat="46.7184631805" lon="8.1909491189">
				<ele>614.1</ele>
				<extensions>
					<swisstopo:routepoint_id>1448759144</swisstopo:routepoint_id>
				</extensions>
			</trkpt>
			<trkpt lat="46.7184365078" lon="8.1908587322">
				<ele>613.9</ele>
				<extensions>
					<swisstopo:routepoint_id>406149330</swisstopo:routepoint_id>
				</extensions>
			</trkpt>
			<trkpt lat="46.7184139851" lon="8.1908091187">
				<ele>613.8</ele>
				<extensions>
					<swisstopo:routepoint_id>1542118539</swisstopo:routepoint_id>
				</extensions>
			</trkpt>
			<trkpt lat="46.7184013805" lon="8.1907768432">
				<ele>613.7</ele>
				<extensions>
					<swisstopo:routepoint_id>1056009221</swisstopo:routepoint_id>
				</extensions>
			</trkpt>
			<trkpt lat="46.7183871161" lon="8.1907498199">
				<ele>613.7</ele>
				<extensions>
					<swisstopo:routepoint_id>1992685398</swisstopo:routepoint_id>
				</extensions>
			</trkpt>
			<trkpt lat="46.7183623177" lon="8.1907108854">
				<ele>613.7</ele>
				<extensions>
					<swisstopo:routepoint_id>1850146273</swisstopo:routepoint_id>
				</extensions>
			</trkpt>
			<trkpt lat="46.7183389313" lon="8.1906816401">
				<ele>613.8</ele>
				<extensions>
					<swisstopo:routepoint_id>1918240891</swisstopo:routepoint_id>
				</extensions>
			</trkpt>
			<trkpt lat="46.7183081434" lon="8.1906544118">
				<ele>613.8</ele>
				<extensions>
					<swisstopo:routepoint_id>1256763248</swisstopo:routepoint_id>
				</extensions>
			</trkpt>
			<trkpt lat="46.7182788644" lon="8.1906301810">
				<ele>613.8</ele>
				<extensions>
					<swisstopo:routepoint_id>2126220304</swisstopo:routepoint_id>
				</extensions>
			</trkpt>
			<trkpt lat="46.7182326860" lon="8.1906028149">
				<ele>614.0</ele>
				<extensions>
					<swisstopo:routepoint_id>245450992</swisstopo:routepoint_id>
				</extensions>
			</trkpt>
			<trkpt lat="46.7181443321" lon="8.1905471743">
				<ele>614.3</ele>
				<extensions>
					<swisstopo:routepoint_id>436104429</swisstopo:routepoint_id>
				</extensions>
			</trkpt>
			<trkpt lat="46.7180763406" lon="8.1904904382">
				<ele>614.5</ele>
				<extensions>
					<swisstopo:routepoint_id>1307912103</swisstopo:routepoint_id>
				</extensions>
			</trkpt>
			<trkpt lat="46.7180448588" lon="8.1904578614">
				<ele>614.6</ele>
				<extensions>
					<swisstopo:routepoint_id>946238134</swisstopo:routepoint_id>
				</extensions>
			</trkpt>
			<trkpt lat="46.7180156630" lon="8.1904156662">
				<ele>614.8</ele>
				<extensions>
					<swisstopo:routepoint_id>622311632</swisstopo:routepoint_id>
				</extensions>
			</trkpt>
			<trkpt lat="46.7179711659" lon="8.1903464528">
				<ele>615.0</ele>
				<extensions>
					<swisstopo:routepoint_id>1257836100</swisstopo:routepoint_id>
				</extensions>
			</trkpt>
			<trkpt lat="46.7179044011" lon="8.1902422047">
				<ele>615.3</ele>
				<extensions>
					<swisstopo:routepoint_id>451369672</swisstopo:routepoint_id>
				</extensions>
			</trkpt>
			<trkpt lat="46.7178775279" lon="8.1901994865">
				<ele>615.3</ele>
				<extensions>
					<swisstopo:routepoint_id>1805206184</swisstopo:routepoint_id>
				</extensions>
			</trkpt>
			<trkpt lat="46.7178162443" lon="8.1901113138">
				<ele>615.7</ele>
				<extensions>
					<swisstopo:routepoint_id>1726578464</swisstopo:routepoint_id>
				</extensions>
			</trkpt>
			<trkpt lat="46.7177796427" lon="8.1900664227">
				<ele>616.0</ele>
				<extensions>
					<swisstopo:routepoint_id>1167949492</swisstopo:routepoint_id>
				</extensions>
			</trkpt>
			<trkpt lat="46.7177471222" lon="8.1900314752">
				<ele>616.1</ele>
				<extensions>
					<swisstopo:routepoint_id>348506923</swisstopo:routepoint_id>
				</extensions>
			</trkpt>
			<trkpt lat="46.7176582604" lon="8.1899462396">
				<ele>616.9</ele>
				<extensions>
					<swisstopo:routepoint_id>1048910678</swisstopo:routepoint_id>
				</extensions>
			</trkpt>
			<trkpt lat="46.7175866819" lon="8.1898938425">
				<ele>617.7</ele>
				<extensions>
					<swisstopo:routepoint_id>288446451</swisstopo:routepoint_id>
				</extensions>
			</trkpt>
			<trkpt lat="46.7175005933" lon="8.1898397169">
				<ele>618.9</ele>
				<extensions>
					<swisstopo:routepoint_id>2140473285</swisstopo:routepoint_id>
				</extensions>
			</trkpt>
			<trkpt lat="46.7174847572" lon="8.1898245196">
				<ele>619.1</ele>
				<extensions>
					<swisstopo:routepoint_id>1959017806</swisstopo:routepoint_id>
				</extensions>
			</trkpt>
			<trkpt lat="46.7174747328" lon="8.1897952698">
				<ele>619.7</ele>
				<extensions>
					<swisstopo:routepoint_id>577395736</swisstopo:routepoint_id>
				</extensions>
			</trkpt>
			<trkpt lat="46.7174689347" lon="8.1897392295">
				<ele>620.5</ele>
				<extensions>
					<swisstopo:routepoint_id>52676900</swisstopo:routepoint_id>
				</extensions>
			</trkpt>
			<trkpt lat="46.7174737432" lon="8.1896467480">
				<ele>622.7</ele>
				<extensions>
					<swisstopo:routepoint_id>2133687279</swisstopo:routepoint_id>
				</extensions>
			</trkpt>
			<trkpt lat="46.7174821928" lon="8.1895883068">
				<ele>623.8</ele>
				<extensions>
					<swisstopo:routepoint_id>721534263</swisstopo:routepoint_id>
				</extensions>
			</trkpt>
			<trkpt lat="46.7174952853" lon="8.1895465291">
				<ele>624.9</ele>
				<extensions>
					<swisstopo:routepoint_id>210868659</swisstopo:routepoint_id>
				</extensions>
			</trkpt>
			<trkpt lat="46.7175141442" lon="8.1895082548">
				<ele>625.8</ele>
				<extensions>
					<swisstopo:routepoint_id>556209150</swisstopo:routepoint_id>
				</extensions>
			</trkpt>
			<trkpt lat="46.7175423402" lon="8.1894741981">
				<ele>627.5</ele>
				<extensions>
					<swisstopo:routepoint_id>869401734</swisstopo:routepoint_id>
				</extensions>
			</trkpt>
			<trkpt lat="46.7176151775" lon="8.1893634336">
				<ele>629.7</ele>
				<extensions>
					<swisstopo:routepoint_id>1106695143</swisstopo:routepoint_id>
				</extensions>
			</trkpt>
			<trkpt lat="46.7176277271" lon="8.1893347280">
				<ele>630.2</ele>
				<extensions>
					<swisstopo:routepoint_id>1031195319</swisstopo:routepoint_id>
				</extensions>
			</trkpt>
			<trkpt lat="46.7176342182" lon="8.1892988744">
				<ele>630.7</ele>
				<extensions>
					<swisstopo:routepoint_id>404335661</swisstopo:routepoint_id>
				</extensions>
			</trkpt>
			<trkpt lat="46.7176398529" lon="8.1892703088">
				<ele>631.1</ele>
				<extensions>
					<swisstopo:routepoint_id>961261606</swisstopo:routepoint_id>
				</extensions>
			</trkpt>
			<trkpt lat="46.7176411584" lon="8.1892308001">
				<ele>632.0</ele>
				<extensions>
					<swisstopo:routepoint_id>999498920</swisstopo:routepoint_id>
				</extensions>
			</trkpt>
			<trkpt lat="46.7176418679" lon="8.1891710566">
				<ele>632.5</ele>
				<extensions>
					<swisstopo:routepoint_id>2052735425</swisstopo:routepoint_id>
				</extensions>
			</trkpt>
			<trkpt lat="46.7176502969" lon="8.1890996947">
				<ele>633.2</ele>
				<extensions>
					<swisstopo:routepoint_id>1392849675</swisstopo:routepoint_id>
				</extensions>
			</trkpt>
			<trkpt lat="46.7176784167" lon="8.1889623582">
				<ele>634.7</ele>
				<extensions>
					<swisstopo:routepoint_id>9026995</swisstopo:routepoint_id>
				</extensions>
			</trkpt>
			<trkpt lat="46.7176948020" lon="8.1889101455">
				<ele>635.3</ele>
				<extensions>
					<swisstopo:routepoint_id>857102953</swisstopo:routepoint_id>
				</extensions>
			</trkpt>
			<trkpt lat="46.7177088579" lon="8.1888781269">
				<ele>635.8</ele>
				<extensions>
					<swisstopo:routepoint_id>331877916</swisstopo:routepoint_id>
				</extensions>
			</trkpt>
			<trkpt lat="46.7177290515" lon="8.1888465832">
				<ele>636.4</ele>
				<extensions>
					<swisstopo:routepoint_id>46656953</swisstopo:routepoint_id>
				</extensions>
			</trkpt>
			<trkpt lat="46.7177490098" lon="8.1888134141">
				<ele>637.3</ele>
				<extensions>
					<swisstopo:routepoint_id>1322838392</swisstopo:routepoint_id>
				</extensions>
			</trkpt>
			<trkpt lat="46.7177635063" lon="8.1887438097">
				<ele>638.3</ele>
				<extensions>
					<swisstopo:routepoint_id>200299263</swisstopo:routepoint_id>
				</extensions>
			</trkpt>
			<trkpt lat="46.7177884050" lon="8.1886006289">
				<ele>638.3</ele>
				<extensions>
					<swisstopo:routepoint_id>2037993959</swisstopo:routepoint_id>
				</extensions>
			</trkpt>
			<trkpt lat="46.7178009043" lon="8.1885073915">
				<ele>639.0</ele>
				<extensions>
					<swisstopo:routepoint_id>1286158202</swisstopo:routepoint_id>
				</extensions>
			</trkpt>
			<trkpt lat="46.7178011374" lon="8.1884519203">
				<ele>639.2</ele>
				<extensions>
					<swisstopo:routepoint_id>966936093</swisstopo:routepoint_id>
				</extensions>
			</trkpt>
			<trkpt lat="46.7177977576" lon="8.1884194738">
				<ele>639.2</ele>
				<extensions>
					<swisstopo:routepoint_id>1238307310</swisstopo:routepoint_id>
				</extensions>
			</trkpt>
			<trkpt lat="46.7177918196" lon="8.1883873047">
				<ele>639.2</ele>
				<extensions>
					<swisstopo:routepoint_id>6079017</swisstopo:routepoint_id>
				</extensions>
			</trkpt>
			<trkpt lat="46.7177848274" lon="8.1883337384">
				<ele>639.0</ele>
				<extensions>
					<swisstopo:routepoint_id>1724427047</swisstopo:routepoint_id>
				</extensions>
			</trkpt>
			<trkpt lat="46.7177853523" lon="8.1882819500">
				<ele>639.0</ele>
				<extensions>
					<swisstopo:routepoint_id>490240477</swisstopo:routepoint_id>
				</extensions>
			</trkpt>
			<trkpt lat="46.7177948749" lon="8.1881844815">
				<ele>639.2</ele>
				<extensions>
					<swisstopo:routepoint_id>247014704</swisstopo:routepoint_id>
				</extensions>
			</trkpt>
			<trkpt lat="46.7177954340" lon="8.1880539525">
				<ele>640.1</ele>
				<extensions>
					<swisstopo:routepoint_id>1050182371</swisstopo:routepoint_id>
				</extensions>
			</trkpt>
			<trkpt lat="46.7177924708" lon="8.1879714531">
				<ele>641.6</ele>
				<extensions>
					<swisstopo:routepoint_id>1644886486</swisstopo:routepoint_id>
				</extensions>
			</trkpt>
			<trkpt lat="46.7177953094" lon="8.1879338752">
				<ele>642.0</ele>
				<extensions>
					<swisstopo:routepoint_id>146142601</swisstopo:routepoint_id>
				</extensions>
			</trkpt>
			<trkpt lat="46.7178021112" lon="8.1878840964">
				<ele>643.0</ele>
				<extensions>
					<swisstopo:routepoint_id>2044251622</swisstopo:routepoint_id>
				</extensions>
			</trkpt>
			<trkpt lat="46.7178133500" lon="8.1878475805">
				<ele>643.9</ele>
				<extensions>
					<swisstopo:routepoint_id>2098412608</swisstopo:routepoint_id>
				</extensions>
			</trkpt>
			<trkpt lat="46.7178614121" lon="8.1877193847">
				<ele>646.4</ele>
				<extensions>
					<swisstopo:routepoint_id>771363700</swisstopo:routepoint_id>
				</extensions>
			</trkpt>
			<trkpt lat="46.7179276886" lon="8.1875773272">
				<ele>650.0</ele>
				<extensions>
					<swisstopo:routepoint_id>315517849</swisstopo:routepoint_id>
				</extensions>
			</trkpt>
			<trkpt lat="46.7179815523" lon="8.1874539057">
				<ele>652.5</ele>
				<extensions>
					<swisstopo:routepoint_id>1952137245</swisstopo:routepoint_id>
				</extensions>
			</trkpt>
			<trkpt lat="46.7180182922" lon="8.1873735351">
				<ele>654.4</ele>
				<extensions>
					<swisstopo:routepoint_id>1772585547</swisstopo:routepoint_id>
				</extensions>
			</trkpt>
			<trkpt lat="46.7180406710" lon="8.1873155355">
				<ele>655.3</ele>
				<extensions>
					<swisstopo:routepoint_id>1997583414</swisstopo:routepoint_id>
				</extensions>
			</trkpt>
			<trkpt lat="46.7180572098" lon="8.1872611909">
				<ele>656.5</ele>
				<extensions>
					<swisstopo:routepoint_id>1505286782</swisstopo:routepoint_id>
				</extensions>
			</trkpt>
			<trkpt lat="46.7180653270" lon="8.1872077066">
				<ele>657.7</ele>
				<extensions>
					<swisstopo:routepoint_id>1238083795</swisstopo:routepoint_id>
				</extensions>
			</trkpt>
			<trkpt lat="46.7180709084" lon="8.1871456928">
				<ele>659.8</ele>
				<extensions>
					<swisstopo:routepoint_id>1647964222</swisstopo:routepoint_id>
				</extensions>
			</trkpt>
			<trkpt lat="46.7180738120" lon="8.1870968110">
				<ele>661.5</ele>
				<extensions>
					<swisstopo:routepoint_id>261905275</swisstopo:routepoint_id>
				</extensions>
			</trkpt>
			<trkpt lat="46.7180749128" lon="8.1870281567">
				<ele>662.3</ele>
				<extensions>
					<swisstopo:routepoint_id>2079268358</swisstopo:routepoint_id>
				</extensions>
			</trkpt>
			<trkpt lat="46.7180869780" lon="8.1869901701">
				<ele>662.5</ele>
				<extensions>
					<swisstopo:routepoint_id>826688343</swisstopo:routepoint_id>
				</extensions>
			</trkpt>
			<trkpt lat="46.7180300751" lon="8.1869944832">
				<ele>663.1</ele>
				<extensions>
					<swisstopo:routepoint_id>1049450222</swisstopo:routepoint_id>
				</extensions>
			</trkpt>
			<trkpt lat="46.7179763898" lon="8.1870144947">
				<ele>664.7</ele>
				<extensions>
					<swisstopo:routepoint_id>1278816314</swisstopo:routepoint_id>
				</extensions>
			</trkpt>
			<trkpt lat="46.7178497565" lon="8.1870888786">
				<ele>667.2</ele>
				<extensions>
					<swisstopo:routepoint_id>1809599704</swisstopo:routepoint_id>
				</extensions>
			</trkpt>
			<trkpt lat="46.7177553951" lon="8.1871412036">
				<ele>669.2</ele>
				<extensions>
					<swisstopo:routepoint_id>365538932</swisstopo:routepoint_id>
				</extensions>
			</trkpt>
			<trkpt lat="46.7176669550" lon="8.1871988094">
				<ele>671.7</ele>
				<extensions>
					<swisstopo:routepoint_id>89974060</swisstopo:routepoint_id>
				</extensions>
			</trkpt>
			<trkpt lat="46.7176371131" lon="8.1872053565">
				<ele>672.5</ele>
				<extensions>
					<swisstopo:routepoint_id>1919286121</swisstopo:routepoint_id>
				</extensions>
			</trkpt>
			<trkpt lat="46.7174952068" lon="8.1873967984">
				<ele>674.9</ele>
				<extensions>
					<swisstopo:routepoint_id>1214214845</swisstopo:routepoint_id>
				</extensions>
			</trkpt>
			<trkpt lat="46.7172706586" lon="8.1876979625">
				<ele>678.6</ele>
				<extensions>
					<swisstopo:routepoint_id>1525428333</swisstopo:routepoint_id>
				</extensions>
			</trkpt>
			<trkpt lat="46.7172286657" lon="8.1877474755">
				<ele>679.4</ele>
				<extensions>
					<swisstopo:routepoint_id>83015548</swisstopo:routepoint_id>
				</extensions>
			</trkpt>
			<trkpt lat="46.7171029902" lon="8.1878685366">
				<ele>681.5</ele>
				<extensions>
					<swisstopo:routepoint_id>1109076044</swisstopo:routepoint_id>
				</extensions>
			</trkpt>
			<trkpt lat="46.7169492648" lon="8.1879947891">
				<ele>684.0</ele>
				<extensions>
					<swisstopo:routepoint_id>1535005065</swisstopo:routepoint_id>
				</extensions>
			</trkpt>
			<trkpt lat="46.7169233400" lon="8.1880148466">
				<ele>684.6</ele>
				<extensions>
					<swisstopo:routepoint_id>896420110</swisstopo:routepoint_id>
				</extensions>
			</trkpt>
			<trkpt lat="46.7169037038" lon="8.1880097326">
				<ele>685.0</ele>
				<extensions>
					<swisstopo:routepoint_id>1010100235</swisstopo:routepoint_id>
				</extensions>
			</trkpt>
			<trkpt lat="46.7168882089" lon="8.1879974084">
				<ele>685.3</ele>
				<extensions>
					<swisstopo:routepoint_id>412767435</swisstopo:routepoint_id>
				</extensions>
			</trkpt>
			<trkpt lat="46.7168282513" lon="8.1880587799">
				<ele>686.5</ele>
				<extensions>
					<swisstopo:routepoint_id>158846608</swisstopo:routepoint_id>
				</extensions>
			</trkpt>
			<trkpt lat="46.7164175122" lon="8.1882754225">
				<ele>696.9</ele>
				<extensions>
					<swisstopo:routepoint_id>500369180</swisstopo:routepoint_id>
				</extensions>
			</trkpt>
			<trkpt lat="46.7161784366" lon="8.1883793524">
				<ele>702.0</ele>
				<extensions>
					<swisstopo:routepoint_id>1851079667</swisstopo:routepoint_id>
				</extensions>
			</trkpt>
			<trkpt lat="46.7160629668" lon="8.1884152159">
				<ele>705.8</ele>
				<extensions>
					<swisstopo:routepoint_id>641914764</swisstopo:routepoint_id>
				</extensions>
			</trkpt>
			<trkpt lat="46.7158988694" lon="8.1884700796">
				<ele>710.6</ele>
				<extensions>
					<swisstopo:routepoint_id>53575151</swisstopo:routepoint_id>
				</extensions>
			</trkpt>
			<trkpt lat="46.7157558352" lon="8.1885040841">
				<ele>715.1</ele>
				<extensions>
					<swisstopo:routepoint_id>297842444</swisstopo:routepoint_id>
				</extensions>
			</trkpt>
			<trkpt lat="46.7156602758" lon="8.1885581187">
				<ele>716.7</ele>
				<extensions>
					<swisstopo:routepoint_id>1798169525</swisstopo:routepoint_id>
				</extensions>
			</trkpt>
			<trkpt lat="46.7155993932" lon="8.1885517412">
				<ele>718.3</ele>
				<extensions>
					<swisstopo:routepoint_id>31666962</swisstopo:routepoint_id>
				</extensions>
			</trkpt>
			<trkpt lat="46.7155099898" lon="8.1885366456">
				<ele>720.7</ele>
				<extensions>
					<swisstopo:routepoint_id>555687395</swisstopo:routepoint_id>
				</extensions>
			</trkpt>
			<trkpt lat="46.7154433340" lon="8.1885384902">
				<ele>722.9</ele>
				<extensions>
					<swisstopo:routepoint_id>1385860851</swisstopo:routepoint_id>
				</extensions>
			</trkpt>
			<trkpt lat="46.7153745718" lon="8.1885707556">
				<ele>725.0</ele>
				<extensions>
					<swisstopo:routepoint_id>193658808</swisstopo:routepoint_id>
				</extensions>
			</trkpt>
			<trkpt lat="46.7153212963" lon="8.1885644840">
				<ele>726.8</ele>
				<extensions>
					<swisstopo:routepoint_id>328260793</swisstopo:routepoint_id>
				</extensions>
			</trkpt>
			<trkpt lat="46.7152626023" lon="8.1885138348">
				<ele>729.3</ele>
				<extensions>
					<swisstopo:routepoint_id>902481422</swisstopo:routepoint_id>
				</extensions>
			</trkpt>
			<trkpt lat="46.7151999409" lon="8.1884880438">
				<ele>731.6</ele>
				<extensions>
					<swisstopo:routepoint_id>1360965717</swisstopo:routepoint_id>
				</extensions>
			</trkpt>
			<trkpt lat="46.7151489753" lon="8.1885045525">
				<ele>732.6</ele>
				<extensions>
					<swisstopo:routepoint_id>1543964174</swisstopo:routepoint_id>
				</extensions>
			</trkpt>
			<trkpt lat="46.7151197351" lon="8.1885197732">
				<ele>733.6</ele>
				<extensions>
					<swisstopo:routepoint_id>1067508916</swisstopo:routepoint_id>
				</extensions>
			</trkpt>
			<trkpt lat="46.7151052027" lon="8.1885133700">
				<ele>733.6</ele>
				<extensions>
					<swisstopo:routepoint_id>1866062872</swisstopo:routepoint_id>
				</extensions>
			</trkpt>
			<trkpt lat="46.7150947253" lon="8.1884955277">
				<ele>734.0</ele>
				<extensions>
					<swisstopo:routepoint_id>920205617</swisstopo:routepoint_id>
				</extensions>
			</trkpt>
			<trkpt lat="46.7150522755" lon="8.1883873341">
				<ele>735.3</ele>
				<extensions>
					<swisstopo:routepoint_id>1253765083</swisstopo:routepoint_id>
				</extensions>
			</trkpt>
			<trkpt lat="46.7150052421" lon="8.1883242408">
				<ele>737.2</ele>
				<extensions>
					<swisstopo:routepoint_id>1677480757</swisstopo:routepoint_id>
				</extensions>
			</trkpt>
			<trkpt lat="46.7149502279" lon="8.1882416671">
				<ele>739.6</ele>
				<extensions>
					<swisstopo:routepoint_id>23226752</swisstopo:routepoint_id>
				</extensions>
			</trkpt>
			<trkpt lat="46.7148839869" lon="8.1881536880">
				<ele>742.1</ele>
				<extensions>
					<swisstopo:routepoint_id>1779498303</swisstopo:routepoint_id>
				</extensions>
			</trkpt>
			<trkpt lat="46.7148528729" lon="8.1880931220">
				<ele>744.2</ele>
				<extensions>
					<swisstopo:routepoint_id>468522315</swisstopo:routepoint_id>
				</extensions>
			</trkpt>
			<trkpt lat="46.7148384708" lon="8.1880615331">
				<ele>745.8</ele>
				<extensions>
					<swisstopo:routepoint_id>136617394</swisstopo:routepoint_id>
				</extensions>
			</trkpt>
			<trkpt lat="46.7148234288" lon="8.1879963178">
				<ele>746.5</ele>
				<extensions>
					<swisstopo:routepoint_id>528094635</swisstopo:routepoint_id>
				</extensions>
			</trkpt>
			<trkpt lat="46.7147757503" lon="8.1878950007">
				<ele>748.2</ele>
				<extensions>
					<swisstopo:routepoint_id>1256936082</swisstopo:routepoint_id>
				</extensions>
			</trkpt>
			<trkpt lat="46.7147438262" lon="8.1878427195">
				<ele>750.2</ele>
				<extensions>
					<swisstopo:routepoint_id>1708018733</swisstopo:routepoint_id>
				</extensions>
			</trkpt>
			<trkpt lat="46.7147022452" lon="8.1877332490">
				<ele>752.4</ele>
				<extensions>
					<swisstopo:routepoint_id>373838144</swisstopo:routepoint_id>
				</extensions>
			</trkpt>
			<trkpt lat="46.7146850723" lon="8.1876500207">
				<ele>754.0</ele>
				<extensions>
					<swisstopo:routepoint_id>400591127</swisstopo:routepoint_id>
				</extensions>
			</trkpt>
			<trkpt lat="46.7146527975" lon="8.1875240372">
				<ele>756.6</ele>
				<extensions>
					<swisstopo:routepoint_id>1822069221</swisstopo:routepoint_id>
				</extensions>
			</trkpt>
			<trkpt lat="46.7146389038" lon="8.1875033378">
				<ele>758.0</ele>
				<extensions>
					<swisstopo:routepoint_id>205823213</swisstopo:routepoint_id>
				</extensions>
			</trkpt>
			<trkpt lat="46.7146214954" lon="8.1874974059">
				<ele>758.5</ele>
				<extensions>
					<swisstopo:routepoint_id>2048088368</swisstopo:routepoint_id>
				</extensions>
			</trkpt>
			<trkpt lat="46.7146040732" lon="8.1874949542">
				<ele>758.8</ele>
				<extensions>
					<swisstopo:routepoint_id>1300086078</swisstopo:routepoint_id>
				</extensions>
			</trkpt>
			<trkpt lat="46.7145517820" lon="8.1874899555">
				<ele>760.1</ele>
				<extensions>
					<swisstopo:routepoint_id>1499495489</swisstopo:routepoint_id>
				</extensions>
			</trkpt>
			<trkpt lat="46.7144393821" lon="8.1874891478">
				<ele>762.9</ele>
				<extensions>
					<swisstopo:routepoint_id>112529607</swisstopo:routepoint_id>
				</extensions>
			</trkpt>
			<trkpt lat="46.7144131893" lon="8.1874924753">
				<ele>764.4</ele>
				<extensions>
					<swisstopo:routepoint_id>828104602</swisstopo:routepoint_id>
				</extensions>
			</trkpt>
			<trkpt lat="46.7143898309" lon="8.1874936644">
				<ele>764.3</ele>
				<extensions>
					<swisstopo:routepoint_id>498747949</swisstopo:routepoint_id>
				</extensions>
			</trkpt>
			<trkpt lat="46.7143001508" lon="8.1875206715">
				<ele>766.3</ele>
				<extensions>
					<swisstopo:routepoint_id>1787065213</swisstopo:routepoint_id>
				</extensions>
			</trkpt>
			<trkpt lat="46.7142313889" lon="8.1875529376">
				<ele>768.0</ele>
				<extensions>
					<swisstopo:routepoint_id>1934336557</swisstopo:routepoint_id>
				</extensions>
			</trkpt>
			<trkpt lat="46.7141759886" lon="8.1875812445">
				<ele>769.2</ele>
				<extensions>
					<swisstopo:routepoint_id>1420569408</swisstopo:routepoint_id>
				</extensions>
			</trkpt>
			<trkpt lat="46.7141176338" lon="8.1876233429">
				<ele>770.6</ele>
				<extensions>
					<swisstopo:routepoint_id>2045732954</swisstopo:routepoint_id>
				</extensions>
			</trkpt>
			<trkpt lat="46.7140226463" lon="8.1877147575">
				<ele>772.5</ele>
				<extensions>
					<swisstopo:routepoint_id>250684903</swisstopo:routepoint_id>
				</extensions>
			</trkpt>
			<trkpt lat="46.7139883289" lon="8.1877272255">
				<ele>773.0</ele>
				<extensions>
					<swisstopo:routepoint_id>955247125</swisstopo:routepoint_id>
				</extensions>
			</trkpt>
			<trkpt lat="46.7139357438" lon="8.1877321978">
				<ele>774.1</ele>
				<extensions>
					<swisstopo:routepoint_id>117224832</swisstopo:routepoint_id>
				</extensions>
			</trkpt>
			<trkpt lat="46.7139045739" lon="8.1877282331">
				<ele>775.0</ele>
				<extensions>
					<swisstopo:routepoint_id>1257933821</swisstopo:routepoint_id>
				</extensions>
			</trkpt>
			<trkpt lat="46.7138681350" lon="8.1876958789">
				<ele>776.1</ele>
				<extensions>
					<swisstopo:routepoint_id>842994440</swisstopo:routepoint_id>
				</extensions>
			</trkpt>
			<trkpt lat="46.7138442855" lon="8.1876567962">
				<ele>777.5</ele>
				<extensions>
					<swisstopo:routepoint_id>492743496</swisstopo:routepoint_id>
				</extensions>
			</trkpt>
			<trkpt lat="46.7138047313" lon="8.1875142499">
				<ele>779.6</ele>
				<extensions>
					<swisstopo:routepoint_id>1679735394</swisstopo:routepoint_id>
				</extensions>
			</trkpt>
			<trkpt lat="46.7137371097" lon="8.1873567919">
				<ele>783.3</ele>
				<extensions>
					<swisstopo:routepoint_id>229836100</swisstopo:routepoint_id>
				</extensions>
			</trkpt>
			<trkpt lat="46.7137195681" lon="8.1873283534">
				<ele>784.5</ele>
				<extensions>
					<swisstopo:routepoint_id>1745395160</swisstopo:routepoint_id>
				</extensions>
			</trkpt>
			<trkpt lat="46.7137090977" lon="8.1873027272">
				<ele>785.1</ele>
				<extensions>
					<swisstopo:routepoint_id>1389381513</swisstopo:routepoint_id>
				</extensions>
			</trkpt>
			<trkpt lat="46.7137007508" lon="8.1872480224">
				<ele>785.9</ele>
				<extensions>
					<swisstopo:routepoint_id>945220796</swisstopo:routepoint_id>
				</extensions>
			</trkpt>
			<trkpt lat="46.7136992173" lon="8.1871898933">
				<ele>787.1</ele>
				<extensions>
					<swisstopo:routepoint_id>1148225934</swisstopo:routepoint_id>
				</extensions>
			</trkpt>
			<trkpt lat="46.7136948446" lon="8.1871534187">
				<ele>787.9</ele>
				<extensions>
					<swisstopo:routepoint_id>853976405</swisstopo:routepoint_id>
				</extensions>
			</trkpt>
			<trkpt lat="46.7136742954" lon="8.1871294470">
				<ele>788.1</ele>
				<extensions>
					<swisstopo:routepoint_id>1720644301</swisstopo:routepoint_id>
				</extensions>
			</trkpt>
			<trkpt lat="46.7136558899" lon="8.1870867491">
				<ele>788.9</ele>
				<extensions>
					<swisstopo:routepoint_id>1367914148</swisstopo:routepoint_id>
				</extensions>
			</trkpt>
			<trkpt lat="46.7136536686" lon="8.1870597686">
				<ele>789.4</ele>
				<extensions>
					<swisstopo:routepoint_id>2134276627</swisstopo:routepoint_id>
				</extensions>
			</trkpt>
			<trkpt lat="46.7136466561" lon="8.1870386609">
				<ele>790.1</ele>
				<extensions>
					<swisstopo:routepoint_id>758588517</swisstopo:routepoint_id>
				</extensions>
			</trkpt>
			<trkpt lat="46.7136290164" lon="8.1870398721">
				<ele>790.5</ele>
				<extensions>
					<swisstopo:routepoint_id>2038282723</swisstopo:routepoint_id>
				</extensions>
			</trkpt>
			<trkpt lat="46.7136189192" lon="8.1870269660">
				<ele>790.5</ele>
				<extensions>
					<swisstopo:routepoint_id>1285263807</swisstopo:routepoint_id>
				</extensions>
			</trkpt>
			<trkpt lat="46.7136159584" lon="8.1870109403">
				<ele>790.5</ele>
				<extensions>
					<swisstopo:routepoint_id>1966633312</swisstopo:routepoint_id>
				</extensions>
			</trkpt>
			<trkpt lat="46.7136572659" lon="8.1869386540">
				<ele>791.4</ele>
				<extensions>
					<swisstopo:routepoint_id>1423126793</swisstopo:routepoint_id>
				</extensions>
			</trkpt>
			<trkpt lat="46.7136529278" lon="8.1869062733">
				<ele>791.9</ele>
				<extensions>
					<swisstopo:routepoint_id>1224023858</swisstopo:routepoint_id>
				</extensions>
			</trkpt>
			<trkpt lat="46.7136830451" lon="8.1868577542">
				<ele>791.6</ele>
				<extensions>
					<swisstopo:routepoint_id>952494028</swisstopo:routepoint_id>
				</extensions>
			</trkpt>
			<trkpt lat="46.7137050196" lon="8.1868278589">
				<ele>791.4</ele>
				<extensions>
					<swisstopo:routepoint_id>187499911</swisstopo:routepoint_id>
				</extensions>
			</trkpt>
			<trkpt lat="46.7137264153" lon="8.1867924507">
				<ele>791.2</ele>
				<extensions>
					<swisstopo:routepoint_id>2051281607</swisstopo:routepoint_id>
				</extensions>
			</trkpt>
			<trkpt lat="46.7137390246" lon="8.1866219680">
				<ele>791.9</ele>
				<extensions>
					<swisstopo:routepoint_id>2050498088</swisstopo:routepoint_id>
				</extensions>
			</trkpt>
			<trkpt lat="46.7137472113" lon="8.1864868352">
				<ele>793.0</ele>
				<extensions>
					<swisstopo:routepoint_id>1533783347</swisstopo:routepoint_id>
				</extensions>
			</trkpt>
			<trkpt lat="46.7137758974" lon="8.1862694069">
				<ele>795.5</ele>
				<extensions>
					<swisstopo:routepoint_id>928746649</swisstopo:routepoint_id>
				</extensions>
			</trkpt>
			<trkpt lat="46.7137774628" lon="8.1862168895">
				<ele>795.8</ele>
				<extensions>
					<swisstopo:routepoint_id>1941185239</swisstopo:routepoint_id>
				</extensions>
			</trkpt>
			<trkpt lat="46.7137759931" lon="8.1861757486">
				<ele>796.0</ele>
				<extensions>
					<swisstopo:routepoint_id>856067956</swisstopo:routepoint_id>
				</extensions>
			</trkpt>
			<trkpt lat="46.7137633647" lon="8.1861335269">
				<ele>796.2</ele>
				<extensions>
					<swisstopo:routepoint_id>1960346890</swisstopo:routepoint_id>
				</extensions>
			</trkpt>
			<trkpt lat="46.7137433325" lon="8.1860842544">
				<ele>796.6</ele>
				<extensions>
					<swisstopo:routepoint_id>1589742631</swisstopo:routepoint_id>
				</extensions>
			</trkpt>
			<trkpt lat="46.7136935628" lon="8.1859907671">
				<ele>797.3</ele>
				<extensions>
					<swisstopo:routepoint_id>824614846</swisstopo:routepoint_id>
				</extensions>
			</trkpt>
			<trkpt lat="46.7136613171" lon="8.1859123706">
				<ele>798.1</ele>
				<extensions>
					<swisstopo:routepoint_id>1688827035</swisstopo:routepoint_id>
				</extensions>
			</trkpt>
			<trkpt lat="46.7136455027" lon="8.1858508890">
				<ele>798.6</ele>
				<extensions>
					<swisstopo:routepoint_id>7255781</swisstopo:routepoint_id>
				</extensions>
			</trkpt>
			<trkpt lat="46.7136208803" lon="8.1857647369">
				<ele>799.3</ele>
				<extensions>
					<swisstopo:routepoint_id>880868657</swisstopo:routepoint_id>
				</extensions>
			</trkpt>
			<trkpt lat="46.7136127426" lon="8.1856927607">
				<ele>800.5</ele>
				<extensions>
					<swisstopo:routepoint_id>833133471</swisstopo:routepoint_id>
				</extensions>
			</trkpt>
			<trkpt lat="46.7136144833" lon="8.1856228244">
				<ele>801.5</ele>
				<extensions>
					<swisstopo:routepoint_id>650031680</swisstopo:routepoint_id>
				</extensions>
			</trkpt>
			<trkpt lat="46.7136708085" lon="8.1854626288">
				<ele>804.7</ele>
				<extensions>
					<swisstopo:routepoint_id>36198483</swisstopo:routepoint_id>
				</extensions>
			</trkpt>
			<trkpt lat="46.7136805909" lon="8.1854189871">
				<ele>805.8</ele>
				<extensions>
					<swisstopo:routepoint_id>805100890</swisstopo:routepoint_id>
				</extensions>
			</trkpt>
			<trkpt lat="46.7136901920" lon="8.1853534256">
				<ele>806.6</ele>
				<extensions>
					<swisstopo:routepoint_id>593170952</swisstopo:routepoint_id>
				</extensions>
			</trkpt>
			<trkpt lat="46.7137009154" lon="8.1852667030">
				<ele>807.2</ele>
				<extensions>
					<swisstopo:routepoint_id>1946787292</swisstopo:routepoint_id>
				</extensions>
			</trkpt>
			<trkpt lat="46.7137087670" lon="8.1852026628">
				<ele>807.3</ele>
				<extensions>
					<swisstopo:routepoint_id>2090101553</swisstopo:routepoint_id>
				</extensions>
			</trkpt>
			<trkpt lat="46.7137194938" lon="8.1851556622">
				<ele>807.8</ele>
				<extensions>
					<swisstopo:routepoint_id>257587294</swisstopo:routepoint_id>
				</extensions>
			</trkpt>
			<trkpt lat="46.7137473710" lon="8.1850869115">
				<ele>808.8</ele>
				<extensions>
					<swisstopo:routepoint_id>1005462391</swisstopo:routepoint_id>
				</extensions>
			</trkpt>
			<trkpt lat="46.7138103941" lon="8.1849797171">
				<ele>810.5</ele>
				<extensions>
					<swisstopo:routepoint_id>594460605</swisstopo:routepoint_id>
				</extensions>
			</trkpt>
			<trkpt lat="46.7138339256" lon="8.1849306393">
				<ele>811.2</ele>
				<extensions>
					<swisstopo:routepoint_id>709687549</swisstopo:routepoint_id>
				</extensions>
			</trkpt>
			<trkpt lat="46.7138331588" lon="8.1848934356">
				<ele>812.1</ele>
				<extensions>
					<swisstopo:routepoint_id>2072778569</swisstopo:routepoint_id>
				</extensions>
			</trkpt>
			<trkpt lat="46.7138238619" lon="8.1847850419">
				<ele>814.3</ele>
				<extensions>
					<swisstopo:routepoint_id>547375810</swisstopo:routepoint_id>
				</extensions>
			</trkpt>
			<trkpt lat="46.7138239742" lon="8.1846846335">
				<ele>815.9</ele>
				<extensions>
					<swisstopo:routepoint_id>2127583601</swisstopo:routepoint_id>
				</extensions>
			</trkpt>
			<trkpt lat="46.7138239882" lon="8.1846448989">
				<ele>816.2</ele>
				<extensions>
					<swisstopo:routepoint_id>495247618</swisstopo:routepoint_id>
				</extensions>
			</trkpt>
			<trkpt lat="46.7138175127" lon="8.1846101260">
				<ele>816.2</ele>
				<extensions>
					<swisstopo:routepoint_id>1002026656</swisstopo:routepoint_id>
				</extensions>
			</trkpt>
			<trkpt lat="46.7138014691" lon="8.1845567263">
				<ele>816.1</ele>
				<extensions>
					<swisstopo:routepoint_id>1360332774</swisstopo:routepoint_id>
				</extensions>
			</trkpt>
			<trkpt lat="46.7137858492" lon="8.1845164241">
				<ele>816.1</ele>
				<extensions>
					<swisstopo:routepoint_id>320791592</swisstopo:routepoint_id>
				</extensions>
			</trkpt>
			<trkpt lat="46.7137808429" lon="8.1844611974">
				<ele>821.3</ele>
				<extensions>
					<swisstopo:routepoint_id>116037124</swisstopo:routepoint_id>
				</extensions>
			</trkpt>
			<trkpt lat="46.7137777177" lon="8.1843936843">
				<ele>823.4</ele>
				<extensions>
					<swisstopo:routepoint_id>384604142</swisstopo:routepoint_id>
				</extensions>
			</trkpt>
			<trkpt lat="46.7137805509" lon="8.1843245101">
				<ele>824.7</ele>
				<extensions>
					<swisstopo:routepoint_id>519804134</swisstopo:routepoint_id>
				</extensions>
			</trkpt>
			<trkpt lat="46.7137689537" lon="8.1842776284">
				<ele>824.6</ele>
				<extensions>
					<swisstopo:routepoint_id>1089041645</swisstopo:routepoint_id>
				</extensions>
			</trkpt>
			<trkpt lat="46.7137550978" lon="8.1842134154">
				<ele>824.4</ele>
				<extensions>
					<swisstopo:routepoint_id>992095679</swisstopo:routepoint_id>
				</extensions>
			</trkpt>
			<trkpt lat="46.7137591845" lon="8.1841338875">
				<ele>824.8</ele>
				<extensions>
					<swisstopo:routepoint_id>890765788</swisstopo:routepoint_id>
				</extensions>
			</trkpt>
			<trkpt lat="46.7137893442" lon="8.1840720073">
				<ele>825.1</ele>
				<extensions>
					<swisstopo:routepoint_id>1139150799</swisstopo:routepoint_id>
				</extensions>
			</trkpt>
			<trkpt lat="46.7138199827" lon="8.1839879290">
				<ele>826.6</ele>
				<extensions>
					<swisstopo:routepoint_id>420058184</swisstopo:routepoint_id>
				</extensions>
			</trkpt>
			<trkpt lat="46.7138527355" lon="8.1839110323">
				<ele>829.1</ele>
				<extensions>
					<swisstopo:routepoint_id>68894731</swisstopo:routepoint_id>
				</extensions>
			</trkpt>
			<trkpt lat="46.7138930772" lon="8.1838477536">
				<ele>831.0</ele>
				<extensions>
					<swisstopo:routepoint_id>667746679</swisstopo:routepoint_id>
				</extensions>
			</trkpt>
			<trkpt lat="46.7139258162" lon="8.1838105915">
				<ele>832.9</ele>
				<extensions>
					<swisstopo:routepoint_id>2110213612</swisstopo:routepoint_id>
				</extensions>
			</trkpt>
			<trkpt lat="46.7139478733" lon="8.1837759765">
				<ele>833.5</ele>
				<extensions>
					<swisstopo:routepoint_id>1193782498</swisstopo:routepoint_id>
				</extensions>
			</trkpt>
			<trkpt lat="46.7139562273" lon="8.1837505472">
				<ele>833.9</ele>
				<extensions>
					<swisstopo:routepoint_id>582461132</swisstopo:routepoint_id>
				</extensions>
			</trkpt>
			<trkpt lat="46.7139566074" lon="8.1837286606">
				<ele>834.4</ele>
				<extensions>
					<swisstopo:routepoint_id>1220779510</swisstopo:routepoint_id>
				</extensions>
			</trkpt>
			<trkpt lat="46.7139527953" lon="8.1837043851">
				<ele>834.9</ele>
				<extensions>
					<swisstopo:routepoint_id>235430812</swisstopo:routepoint_id>
				</extensions>
			</trkpt>
			<trkpt lat="46.7139483185" lon="8.1836702018">
				<ele>835.2</ele>
				<extensions>
					<swisstopo:routepoint_id>766397474</swisstopo:routepoint_id>
				</extensions>
			</trkpt>
			<trkpt lat="46.7139413500" lon="8.1836476452">
				<ele>835.2</ele>
				<extensions>
					<swisstopo:routepoint_id>1301032004</swisstopo:routepoint_id>
				</extensions>
			</trkpt>
			<trkpt lat="46.7139383800" lon="8.1836289182">
				<ele>835.3</ele>
				<extensions>
					<swisstopo:routepoint_id>1800656904</swisstopo:routepoint_id>
				</extensions>
			</trkpt>
			<trkpt lat="46.7139313813" lon="8.1836190378">
				<ele>835.5</ele>
				<extensions>
					<swisstopo:routepoint_id>1398456696</swisstopo:routepoint_id>
				</extensions>
			</trkpt>
			<trkpt lat="46.7139147032" lon="8.1836115846">
				<ele>835.8</ele>
				<extensions>
					<swisstopo:routepoint_id>228158313</swisstopo:routepoint_id>
				</extensions>
			</trkpt>
			<trkpt lat="46.7138914930" lon="8.1836169540">
				<ele>836.2</ele>
				<extensions>
					<swisstopo:routepoint_id>614730290</swisstopo:routepoint_id>
				</extensions>
			</trkpt>
			<trkpt lat="46.7138685977" lon="8.1836279412">
				<ele>836.6</ele>
				<extensions>
					<swisstopo:routepoint_id>1540342125</swisstopo:routepoint_id>
				</extensions>
			</trkpt>
			<trkpt lat="46.7138525389" lon="8.1836507351">
				<ele>837.1</ele>
				<extensions>
					<swisstopo:routepoint_id>1931127548</swisstopo:routepoint_id>
				</extensions>
			</trkpt>
			<trkpt lat="46.7138234533" lon="8.1836706220">
				<ele>837.9</ele>
				<extensions>
					<swisstopo:routepoint_id>142326437</swisstopo:routepoint_id>
				</extensions>
			</trkpt>
			<trkpt lat="46.7138039031" lon="8.1836805506">
				<ele>838.3</ele>
				<extensions>
					<swisstopo:routepoint_id>1801226828</swisstopo:routepoint_id>
				</extensions>
			</trkpt>
			<trkpt lat="46.7137855405" lon="8.1836767908">
				<ele>838.5</ele>
				<extensions>
					<swisstopo:routepoint_id>479256554</swisstopo:routepoint_id>
				</extensions>
			</trkpt>
			<trkpt lat="46.7136937848" lon="8.1836317074">
				<ele>840.1</ele>
				<extensions>
					<swisstopo:routepoint_id>156550647</swisstopo:routepoint_id>
				</extensions>
			</trkpt>
			<trkpt lat="46.7136645776" lon="8.1836473522">
				<ele>841.9</ele>
				<extensions>
					<swisstopo:routepoint_id>486441768</swisstopo:routepoint_id>
				</extensions>
			</trkpt>
			<trkpt lat="46.7135577312" lon="8.1837861476">
				<ele>846.7</ele>
				<extensions>
					<swisstopo:routepoint_id>1645619583</swisstopo:routepoint_id>
				</extensions>
			</trkpt>
			<trkpt lat="46.7134609669" lon="8.1840167995">
				<ele>848.8</ele>
				<extensions>
					<swisstopo:routepoint_id>1402663986</swisstopo:routepoint_id>
				</extensions>
			</trkpt>
			<trkpt lat="46.7134002135" lon="8.1842029263">
				<ele>852.2</ele>
				<extensions>
					<swisstopo:routepoint_id>1245616306</swisstopo:routepoint_id>
				</extensions>
			</trkpt>
			<trkpt lat="46.7133117812" lon="8.1842501869">
				<ele>855.6</ele>
				<extensions>
					<swisstopo:routepoint_id>1893928020</swisstopo:routepoint_id>
				</extensions>
			</trkpt>
			<trkpt lat="46.7131849433" lon="8.1843453676">
				<ele>861.4</ele>
				<extensions>
					<swisstopo:routepoint_id>19150889</swisstopo:routepoint_id>
				</extensions>
			</trkpt>
			<trkpt lat="46.7132216337" lon="8.1841970020">
				<ele>868.1</ele>
				<extensions>
					<swisstopo:routepoint_id>1810930260</swisstopo:routepoint_id>
				</extensions>
			</trkpt>
			<trkpt lat="46.7132606907" lon="8.1840521174">
				<ele>867.5</ele>
				<extensions>
					<swisstopo:routepoint_id>1156710472</swisstopo:routepoint_id>
				</extensions>
			</trkpt>
			<trkpt lat="46.7133164792" lon="8.1838970802">
				<ele>872.5</ele>
				<extensions>
					<swisstopo:routepoint_id>1851374265</swisstopo:routepoint_id>
				</extensions>
			</trkpt>
			<trkpt lat="46.7132133881" lon="8.1840029418">
				<ele>872.6</ele>
				<extensions>
					<swisstopo:routepoint_id>1051172241</swisstopo:routepoint_id>
				</extensions>
			</trkpt>
			<trkpt lat="46.7131712015" lon="8.1840836856">
				<ele>877.2</ele>
				<extensions>
					<swisstopo:routepoint_id>490200419</swisstopo:routepoint_id>
				</extensions>
			</trkpt>
			<trkpt lat="46.7131509191" lon="8.1841183994">
				<ele>881.0</ele>
				<extensions>
					<swisstopo:routepoint_id>147351630</swisstopo:routepoint_id>
				</extensions>
			</trkpt>
			<trkpt lat="46.7131170502" lon="8.1841763720">
				<ele>887.2</ele>
				<extensions>
					<swisstopo:routepoint_id>1246667580</swisstopo:routepoint_id>
				</extensions>
			</trkpt>
			<trkpt lat="46.7130581067" lon="8.1842724403">
				<ele>888.3</ele>
				<extensions>
					<swisstopo:routepoint_id>1520958203</swisstopo:routepoint_id>
				</extensions>
			</trkpt>
			<trkpt lat="46.7129960830" lon="8.1842940807">
				<ele>891.4</ele>
				<extensions>
					<swisstopo:routepoint_id>1642870126</swisstopo:routepoint_id>
				</extensions>
			</trkpt>
			<trkpt lat="46.7128875638" lon="8.1843271860">
				<ele>894.2</ele>
				<extensions>
					<swisstopo:routepoint_id>1521237323</swisstopo:routepoint_id>
				</extensions>
			</trkpt>
			<trkpt lat="46.7127828994" lon="8.1843216449">
				<ele>897.7</ele>
				<extensions>
					<swisstopo:routepoint_id>249120418</swisstopo:routepoint_id>
				</extensions>
			</trkpt>
			<trkpt lat="46.7127311286" lon="8.1843471884">
				<ele>899.1</ele>
				<extensions>
					<swisstopo:routepoint_id>981057212</swisstopo:routepoint_id>
				</extensions>
			</trkpt>
			<trkpt lat="46.7126933605" lon="8.1844010624">
				<ele>899.1</ele>
				<extensions>
					<swisstopo:routepoint_id>1596328569</swisstopo:routepoint_id>
				</extensions>
			</trkpt>
			<trkpt lat="46.7126543135" lon="8.1844530283">
				<ele>901.3</ele>
				<extensions>
					<swisstopo:routepoint_id>535464557</swisstopo:routepoint_id>
				</extensions>
			</trkpt>
			<trkpt lat="46.7126075485" lon="8.1845030227">
				<ele>901.7</ele>
				<extensions>
					<swisstopo:routepoint_id>1071793199</swisstopo:routepoint_id>
				</extensions>
			</trkpt>
			<trkpt lat="46.7125570200" lon="8.1845360803">
				<ele>902.8</ele>
				<extensions>
					<swisstopo:routepoint_id>659117775</swisstopo:routepoint_id>
				</extensions>
			</trkpt>
			<trkpt lat="46.7124962348" lon="8.1845577628">
				<ele>904.4</ele>
				<extensions>
					<swisstopo:routepoint_id>1087516656</swisstopo:routepoint_id>
				</extensions>
			</trkpt>
			<trkpt lat="46.7124367952" lon="8.1845738123">
				<ele>905.7</ele>
				<extensions>
					<swisstopo:routepoint_id>277076936</swisstopo:routepoint_id>
				</extensions>
			</trkpt>
			<trkpt lat="46.7123915003" lon="8.1845938061">
				<ele>905.2</ele>
				<extensions>
					<swisstopo:routepoint_id>289422713</swisstopo:routepoint_id>
				</extensions>
			</trkpt>
			<trkpt lat="46.7123578146" lon="8.1846158508">
				<ele>905.5</ele>
				<extensions>
					<swisstopo:routepoint_id>871302458</swisstopo:routepoint_id>
				</extensions>
			</trkpt>
			<trkpt lat="46.7123215217" lon="8.1846416079">
				<ele>906.0</ele>
				<extensions>
					<swisstopo:routepoint_id>854471021</swisstopo:routepoint_id>
				</extensions>
			</trkpt>
			<trkpt lat="46.7122824341" lon="8.1847011018">
				<ele>906.0</ele>
				<extensions>
					<swisstopo:routepoint_id>1992162314</swisstopo:routepoint_id>
				</extensions>
			</trkpt>
			<trkpt lat="46.7122330532" lon="8.1847548081">
				<ele>907.8</ele>
				<extensions>
					<swisstopo:routepoint_id>2022128927</swisstopo:routepoint_id>
				</extensions>
			</trkpt>
			<trkpt lat="46.7122043730" lon="8.1848012971">
				<ele>908.8</ele>
				<extensions>
					<swisstopo:routepoint_id>574332935</swisstopo:routepoint_id>
				</extensions>
			</trkpt>
			<trkpt lat="46.7121807423" lon="8.1848628630">
				<ele>909.3</ele>
				<extensions>
					<swisstopo:routepoint_id>1875488743</swisstopo:routepoint_id>
				</extensions>
			</trkpt>
			<trkpt lat="46.7121493078" lon="8.1849355731">
				<ele>910.8</ele>
				<extensions>
					<swisstopo:routepoint_id>684081362</swisstopo:routepoint_id>
				</extensions>
			</trkpt>
			<trkpt lat="46.7121231925" lon="8.1849821102">
				<ele>912.6</ele>
				<extensions>
					<swisstopo:routepoint_id>1859651400</swisstopo:routepoint_id>
				</extensions>
			</trkpt>
			<trkpt lat="46.7120804609" lon="8.1850077714">
				<ele>914.9</ele>
				<extensions>
					<swisstopo:routepoint_id>312516045</swisstopo:routepoint_id>
				</extensions>
			</trkpt>
			<trkpt lat="46.7119932229" lon="8.1850255110">
				<ele>916.8</ele>
				<extensions>
					<swisstopo:routepoint_id>715292793</swisstopo:routepoint_id>
				</extensions>
			</trkpt>
			<trkpt lat="46.7119687610" lon="8.1848798470">
				<ele>919.7</ele>
				<extensions>
					<swisstopo:routepoint_id>520845995</swisstopo:routepoint_id>
				</extensions>
			</trkpt>
			<trkpt lat="46.7119605127" lon="8.1848072394">
				<ele>921.2</ele>
				<extensions>
					<swisstopo:routepoint_id>226572818</swisstopo:routepoint_id>
				</extensions>
			</trkpt>
			<trkpt lat="46.7119638108" lon="8.1846858496">
				<ele>923.8</ele>
				<extensions>
					<swisstopo:routepoint_id>491556861</swisstopo:routepoint_id>
				</extensions>
			</trkpt>
			<trkpt lat="46.7119708482" lon="8.1845608906">
				<ele>926.0</ele>
				<extensions>
					<swisstopo:routepoint_id>1562822874</swisstopo:routepoint_id>
				</extensions>
			</trkpt>
			<trkpt lat="46.7119876715" lon="8.1844668921">
				<ele>927.6</ele>
				<extensions>
					<swisstopo:routepoint_id>538912439</swisstopo:routepoint_id>
				</extensions>
			</trkpt>
			<trkpt lat="46.7120182784" lon="8.1843621897">
				<ele>930.1</ele>
				<extensions>
					<swisstopo:routepoint_id>1093642616</swisstopo:routepoint_id>
				</extensions>
			</trkpt>
			<trkpt lat="46.7120511763" lon="8.1842443382">
				<ele>931.7</ele>
				<extensions>
					<swisstopo:routepoint_id>216129499</swisstopo:routepoint_id>
				</extensions>
			</trkpt>
			<trkpt lat="46.7120891537" lon="8.1841208030">
				<ele>933.2</ele>
				<extensions>
					<swisstopo:routepoint_id>1027948002</swisstopo:routepoint_id>
				</extensions>
			</trkpt>
			<trkpt lat="46.7121172394" lon="8.1840039511">
				<ele>935.5</ele>
				<extensions>
					<swisstopo:routepoint_id>1444920154</swisstopo:routepoint_id>
				</extensions>
			</trkpt>
			<trkpt lat="46.7121450660" lon="8.1839347605">
				<ele>937.2</ele>
				<extensions>
					<swisstopo:routepoint_id>1325732597</swisstopo:routepoint_id>
				</extensions>
			</trkpt>
			<trkpt lat="46.7121701222" lon="8.1838794850">
				<ele>938.3</ele>
				<extensions>
					<swisstopo:routepoint_id>968727272</swisstopo:routepoint_id>
				</extensions>
			</trkpt>
			<trkpt lat="46.7121986901" lon="8.1838164989">
				<ele>939.3</ele>
				<extensions>
					<swisstopo:routepoint_id>1367358317</swisstopo:routepoint_id>
				</extensions>
			</trkpt>
			<trkpt lat="46.7122432589" lon="8.1837207310">
				<ele>940.7</ele>
				<extensions>
					<swisstopo:routepoint_id>844023136</swisstopo:routepoint_id>
				</extensions>
			</trkpt>
			<trkpt lat="46.7122885431" lon="8.1836364869">
				<ele>943.5</ele>
				<extensions>
					<swisstopo:routepoint_id>346443279</swisstopo:routepoint_id>
				</extensions>
			</trkpt>
			<trkpt lat="46.7123444256" lon="8.1835409262">
				<ele>945.8</ele>
				<extensions>
					<swisstopo:routepoint_id>932892518</swisstopo:routepoint_id>
				</extensions>
			</trkpt>
			<trkpt lat="46.7124158748" lon="8.1834387217">
				<ele>947.9</ele>
				<extensions>
					<swisstopo:routepoint_id>1868738099</swisstopo:routepoint_id>
				</extensions>
			</trkpt>
			<trkpt lat="46.7124295417" lon="8.1834189670">
				<ele>948.4</ele>
				<extensions>
					<swisstopo:routepoint_id>1197218006</swisstopo:routepoint_id>
				</extensions>
			</trkpt>
			<trkpt lat="46.7124807548" lon="8.1833630815">
				<ele>949.7</ele>
				<extensions>
					<swisstopo:routepoint_id>248973366</swisstopo:routepoint_id>
				</extensions>
			</trkpt>
			<trkpt lat="46.7125124143" lon="8.1833364739">
				<ele>950.8</ele>
				<extensions>
					<swisstopo:routepoint_id>1654038483</swisstopo:routepoint_id>
				</extensions>
			</trkpt>
			<trkpt lat="46.7125482620" lon="8.1833075550">
				<ele>951.3</ele>
				<extensions>
					<swisstopo:routepoint_id>781048021</swisstopo:routepoint_id>
				</extensions>
			</trkpt>
			<trkpt lat="46.7125630289" lon="8.1832888308">
				<ele>951.6</ele>
				<extensions>
					<swisstopo:routepoint_id>405470736</swisstopo:routepoint_id>
				</extensions>
			</trkpt>
			<trkpt lat="46.7125770511" lon="8.1832630908">
				<ele>952.5</ele>
				<extensions>
					<swisstopo:routepoint_id>1904355432</swisstopo:routepoint_id>
				</extensions>
			</trkpt>
			<trkpt lat="46.7125971459" lon="8.1832343247">
				<ele>953.5</ele>
				<extensions>
					<swisstopo:routepoint_id>1524191664</swisstopo:routepoint_id>
				</extensions>
			</trkpt>
			<trkpt lat="46.7126291236" lon="8.1831966799">
				<ele>954.5</ele>
				<extensions>
					<swisstopo:routepoint_id>1423739334</swisstopo:routepoint_id>
				</extensions>
			</trkpt>
			<trkpt lat="46.7126459904" lon="8.1831698616">
				<ele>955.0</ele>
				<extensions>
					<swisstopo:routepoint_id>1319853771</swisstopo:routepoint_id>
				</extensions>
			</trkpt>
			<trkpt lat="46.7126782687" lon="8.1831211476">
				<ele>955.9</ele>
				<extensions>
					<swisstopo:routepoint_id>2116513297</swisstopo:routepoint_id>
				</extensions>
			</trkpt>
			<trkpt lat="46.7127097621" lon="8.1830742107">
				<ele>957.4</ele>
				<extensions>
					<swisstopo:routepoint_id>824390642</swisstopo:routepoint_id>
				</extensions>
			</trkpt>
			<trkpt lat="46.7127274680" lon="8.1830507310">
				<ele>958.1</ele>
				<extensions>
					<swisstopo:routepoint_id>1956384037</swisstopo:routepoint_id>
				</extensions>
			</trkpt>
			<trkpt lat="46.7127402573" lon="8.1830281412">
				<ele>958.8</ele>
				<extensions>
					<swisstopo:routepoint_id>1905342122</swisstopo:routepoint_id>
				</extensions>
			</trkpt>
			<trkpt lat="46.7127479014" lon="8.1830010678">
				<ele>959.2</ele>
				<extensions>
					<swisstopo:routepoint_id>1460049592</swisstopo:routepoint_id>
				</extensions>
			</trkpt>
			<trkpt lat="46.7127745882" lon="8.1829475890">
				<ele>960.2</ele>
				<extensions>
					<swisstopo:routepoint_id>1242297618</swisstopo:routepoint_id>
				</extensions>
			</trkpt>
			<trkpt lat="46.7127931503" lon="8.1828965652">
				<ele>961.2</ele>
				<extensions>
					<swisstopo:routepoint_id>1346803114</swisstopo:routepoint_id>
				</extensions>
			</trkpt>
			<trkpt lat="46.7127998325" lon="8.1828647591">
				<ele>961.7</ele>
				<extensions>
					<swisstopo:routepoint_id>1636087786</swisstopo:routepoint_id>
				</extensions>
			</trkpt>
			<trkpt lat="46.7127922644" lon="8.1828344549">
				<ele>962.3</ele>
				<extensions>
					<swisstopo:routepoint_id>424432039</swisstopo:routepoint_id>
				</extensions>
			</trkpt>
			<trkpt lat="46.7127671845" lon="8.1827992154">
				<ele>962.2</ele>
				<extensions>
					<swisstopo:routepoint_id>2098827323</swisstopo:routepoint_id>
				</extensions>
			</trkpt>
			<trkpt lat="46.7127741494" lon="8.1827631217">
				<ele>962.6</ele>
				<extensions>
					<swisstopo:routepoint_id>698916338</swisstopo:routepoint_id>
				</extensions>
			</trkpt>
			<trkpt lat="46.7127802901" lon="8.1827160199">
				<ele>963.2</ele>
				<extensions>
					<swisstopo:routepoint_id>1684986361</swisstopo:routepoint_id>
				</extensions>
			</trkpt>
			<trkpt lat="46.7127808288" lon="8.1826805846">
				<ele>963.5</ele>
				<extensions>
					<swisstopo:routepoint_id>1220717336</swisstopo:routepoint_id>
				</extensions>
			</trkpt>
			<trkpt lat="46.7127762693" lon="8.1826388527">
				<ele>964.0</ele>
				<extensions>
					<swisstopo:routepoint_id>21666297</swisstopo:routepoint_id>
				</extensions>
			</trkpt>
			<trkpt lat="46.7127694041" lon="8.1825923569">
				<ele>964.8</ele>
				<extensions>
					<swisstopo:routepoint_id>1091823016</swisstopo:routepoint_id>
				</extensions>
			</trkpt>
			<trkpt lat="46.7127605216" lon="8.1825588034">
				<ele>965.1</ele>
				<extensions>
					<swisstopo:routepoint_id>119405102</swisstopo:routepoint_id>
				</extensions>
			</trkpt>
			<trkpt lat="46.7127438402" lon="8.1825181878">
				<ele>965.5</ele>
				<extensions>
					<swisstopo:routepoint_id>134424478</swisstopo:routepoint_id>
				</extensions>
			</trkpt>
			<trkpt lat="46.7127232416" lon="8.1824787572">
				<ele>966.0</ele>
				<extensions>
					<swisstopo:routepoint_id>660211961</swisstopo:routepoint_id>
				</extensions>
			</trkpt>
			<trkpt lat="46.7126918295" lon="8.1824324591">
				<ele>966.6</ele>
				<extensions>
					<swisstopo:routepoint_id>382464376</swisstopo:routepoint_id>
				</extensions>
			</trkpt>
			<trkpt lat="46.7126598224" lon="8.1823978970">
				<ele>967.1</ele>
				<extensions>
					<swisstopo:routepoint_id>354209980</swisstopo:routepoint_id>
				</extensions>
			</trkpt>
			<trkpt lat="46.7126020501" lon="8.1823442619">
				<ele>967.9</ele>
				<extensions>
					<swisstopo:routepoint_id>545868052</swisstopo:routepoint_id>
				</extensions>
			</trkpt>
			<trkpt lat="46.7125373173" lon="8.1822896945">
				<ele>968.8</ele>
				<extensions>
					<swisstopo:routepoint_id>1267158993</swisstopo:routepoint_id>
				</extensions>
			</trkpt>
			<trkpt lat="46.7125003199" lon="8.1822538439">
				<ele>969.1</ele>
				<extensions>
					<swisstopo:routepoint_id>2041762858</swisstopo:routepoint_id>
				</extensions>
			</trkpt>
			<trkpt lat="46.7124742647" lon="8.1822226464">
				<ele>969.4</ele>
				<extensions>
					<swisstopo:routepoint_id>1014129350</swisstopo:routepoint_id>
				</extensions>
			</trkpt>
			<trkpt lat="46.7124532835" lon="8.1821933838">
				<ele>969.8</ele>
				<extensions>
					<swisstopo:routepoint_id>1785818146</swisstopo:routepoint_id>
				</extensions>
			</trkpt>
			<trkpt lat="46.7124291395" lon="8.1822086071">
				<ele>970.9</ele>
				<extensions>
					<swisstopo:routepoint_id>1350668648</swisstopo:routepoint_id>
				</extensions>
			</trkpt>
			<trkpt lat="46.7124073868" lon="8.1822046670">
				<ele>971.4</ele>
				<extensions>
					<swisstopo:routepoint_id>2026818366</swisstopo:routepoint_id>
				</extensions>
			</trkpt>
			<trkpt lat="46.7123752471" lon="8.1822052712">
				<ele>972.3</ele>
				<extensions>
					<swisstopo:routepoint_id>1590513225</swisstopo:routepoint_id>
				</extensions>
			</trkpt>
			<trkpt lat="46.7123574808" lon="8.1822636305">
				<ele>974.1</ele>
				<extensions>
					<swisstopo:routepoint_id>597561971</swisstopo:routepoint_id>
				</extensions>
			</trkpt>
			<trkpt lat="46.7123851845" lon="8.1823033824">
				<ele>974.1</ele>
				<extensions>
					<swisstopo:routepoint_id>1858751840</swisstopo:routepoint_id>
				</extensions>
			</trkpt>
			<trkpt lat="46.7124101660" lon="8.1823483205">
				<ele>974.0</ele>
				<extensions>
					<swisstopo:routepoint_id>2040137006</swisstopo:routepoint_id>
				</extensions>
			</trkpt>
			<trkpt lat="46.7124342254" lon="8.1823945742">
				<ele>974.3</ele>
				<extensions>
					<swisstopo:routepoint_id>802664659</swisstopo:routepoint_id>
				</extensions>
			</trkpt>
			<trkpt lat="46.7124450598" lon="8.1824346235">
				<ele>974.4</ele>
				<extensions>
					<swisstopo:routepoint_id>405344249</swisstopo:routepoint_id>
				</extensions>
			</trkpt>
			<trkpt lat="46.7124439738" lon="8.1824812455">
				<ele>974.5</ele>
				<extensions>
					<swisstopo:routepoint_id>1227796496</swisstopo:routepoint_id>
				</extensions>
			</trkpt>
			<trkpt lat="46.7124374220" lon="8.1825226835">
				<ele>974.5</ele>
				<extensions>
					<swisstopo:routepoint_id>502349379</swisstopo:routepoint_id>
				</extensions>
			</trkpt>
			<trkpt lat="46.7124175876" lon="8.1825627183">
				<ele>974.5</ele>
				<extensions>
					<swisstopo:routepoint_id>1420356433</swisstopo:routepoint_id>
				</extensions>
			</trkpt>
			<trkpt lat="46.7123991118" lon="8.1825843802">
				<ele>974.5</ele>
				<extensions>
					<swisstopo:routepoint_id>1491197389</swisstopo:routepoint_id>
				</extensions>
			</trkpt>
			<trkpt lat="46.7123735200" lon="8.1826006498">
				<ele>974.8</ele>
				<extensions>
					<swisstopo:routepoint_id>1770641524</swisstopo:routepoint_id>
				</extensions>
			</trkpt>
			<trkpt lat="46.7123504740" lon="8.1825997443">
				<ele>975.0</ele>
				<extensions>
					<swisstopo:routepoint_id>1124253690</swisstopo:routepoint_id>
				</extensions>
			</trkpt>
			<trkpt lat="46.7123269950" lon="8.1825843941">
				<ele>975.2</ele>
				<extensions>
					<swisstopo:routepoint_id>113657239</swisstopo:routepoint_id>
				</extensions>
			</trkpt>
			<trkpt lat="46.7122999389" lon="8.1825558074">
				<ele>975.3</ele>
				<extensions>
					<swisstopo:routepoint_id>2004001141</swisstopo:routepoint_id>
				</extensions>
			</trkpt>
			<trkpt lat="46.7122787428" lon="8.1825258136">
				<ele>975.6</ele>
				<extensions>
					<swisstopo:routepoint_id>302175007</swisstopo:routepoint_id>
				</extensions>
			</trkpt>
			<trkpt lat="46.7122489911" lon="8.1824620158">
				<ele>976.3</ele>
				<extensions>
					<swisstopo:routepoint_id>1821807819</swisstopo:routepoint_id>
				</extensions>
			</trkpt>
			<trkpt lat="46.7122129866" lon="8.1824463459">
				<ele>976.7</ele>
				<extensions>
					<swisstopo:routepoint_id>1945582663</swisstopo:routepoint_id>
				</extensions>
			</trkpt>
			<trkpt lat="46.7121531748" lon="8.1824225441">
				<ele>978.6</ele>
				<extensions>
					<swisstopo:routepoint_id>1802867398</swisstopo:routepoint_id>
				</extensions>
			</trkpt>
			<trkpt lat="46.7121087989" lon="8.1824148307">
				<ele>980.4</ele>
				<extensions>
					<swisstopo:routepoint_id>2106064636</swisstopo:routepoint_id>
				</extensions>
			</trkpt>
			<trkpt lat="46.7120810337" lon="8.1824060756">
				<ele>980.8</ele>
				<extensions>
					<swisstopo:routepoint_id>2037979577</swisstopo:routepoint_id>
				</extensions>
			</trkpt>
			<trkpt lat="46.7120194767" lon="8.1823616103">
				<ele>983.0</ele>
				<extensions>
					<swisstopo:routepoint_id>403884471</swisstopo:routepoint_id>
				</extensions>
			</trkpt>
			<trkpt lat="46.7119522858" lon="8.1823134976">
				<ele>984.9</ele>
				<extensions>
					<swisstopo:routepoint_id>201650091</swisstopo:routepoint_id>
				</extensions>
			</trkpt>
			<trkpt lat="46.7119244209" lon="8.1822876844">
				<ele>986.1</ele>
				<extensions>
					<swisstopo:routepoint_id>1347124516</swisstopo:routepoint_id>
				</extensions>
			</trkpt>
			<trkpt lat="46.7119060968" lon="8.1822591739">
				<ele>986.8</ele>
				<extensions>
					<swisstopo:routepoint_id>2131975473</swisstopo:routepoint_id>
				</extensions>
			</trkpt>
			<trkpt lat="46.7118590318" lon="8.1821896011">
				<ele>988.2</ele>
				<extensions>
					<swisstopo:routepoint_id>712334493</swisstopo:routepoint_id>
				</extensions>
			</trkpt>
			<trkpt lat="46.7117782706" lon="8.1820764142">
				<ele>991.2</ele>
				<extensions>
					<swisstopo:routepoint_id>1220531691</swisstopo:routepoint_id>
				</extensions>
			</trkpt>
			<trkpt lat="46.7117491273" lon="8.1820351551">
				<ele>992.4</ele>
				<extensions>
					<swisstopo:routepoint_id>1257488374</swisstopo:routepoint_id>
				</extensions>
			</trkpt>
			<trkpt lat="46.7117132293" lon="8.1819627163">
				<ele>994.3</ele>
				<extensions>
					<swisstopo:routepoint_id>1243946617</swisstopo:routepoint_id>
				</extensions>
			</trkpt>
			<trkpt lat="46.7116873358" lon="8.1819080342">
				<ele>995.9</ele>
				<extensions>
					<swisstopo:routepoint_id>1288410874</swisstopo:routepoint_id>
				</extensions>
			</trkpt>
			<trkpt lat="46.7116603191" lon="8.1818680052">
				<ele>997.4</ele>
				<extensions>
					<swisstopo:routepoint_id>1047177777</swisstopo:routepoint_id>
				</extensions>
			</trkpt>
			<trkpt lat="46.7116192065" lon="8.1818219260">
				<ele>998.6</ele>
				<extensions>
					<swisstopo:routepoint_id>736802397</swisstopo:routepoint_id>
				</extensions>
			</trkpt>
			<trkpt lat="46.7115591779" lon="8.1817329921">
				<ele>1000.6</ele>
				<extensions>
					<swisstopo:routepoint_id>820858675</swisstopo:routepoint_id>
				</extensions>
			</trkpt>
			<trkpt lat="46.7115171117" lon="8.1816795499">
				<ele>1002.1</ele>
				<extensions>
					<swisstopo:routepoint_id>270161319</swisstopo:routepoint_id>
				</extensions>
			</trkpt>
			<trkpt lat="46.7114669552" lon="8.1816259834">
				<ele>1004.1</ele>
				<extensions>
					<swisstopo:routepoint_id>986424937</swisstopo:routepoint_id>
				</extensions>
			</trkpt>
			<trkpt lat="46.7114257661" lon="8.1815916472">
				<ele>1005.2</ele>
				<extensions>
					<swisstopo:routepoint_id>329969013</swisstopo:routepoint_id>
				</extensions>
			</trkpt>
			<trkpt lat="46.7113322750" lon="8.1815242714">
				<ele>1008.3</ele>
				<extensions>
					<swisstopo:routepoint_id>1716013289</swisstopo:routepoint_id>
				</extensions>
			</trkpt>
			<trkpt lat="46.7112588455" lon="8.1814762851">
				<ele>1011.0</ele>
				<extensions>
					<swisstopo:routepoint_id>219616405</swisstopo:routepoint_id>
				</extensions>
			</trkpt>
			<trkpt lat="46.7111432153" lon="8.1813968612">
				<ele>1014.5</ele>
				<extensions>
					<swisstopo:routepoint_id>1605355159</swisstopo:routepoint_id>
				</extensions>
			</trkpt>
			<trkpt lat="46.7109530315" lon="8.1812855734">
				<ele>1018.4</ele>
				<extensions>
					<swisstopo:routepoint_id>366548965</swisstopo:routepoint_id>
				</extensions>
			</trkpt>
			<trkpt lat="46.7107900167" lon="8.1811922918">
				<ele>1022.6</ele>
				<extensions>
					<swisstopo:routepoint_id>782760241</swisstopo:routepoint_id>
				</extensions>
			</trkpt>
			<trkpt lat="46.7107326825" lon="8.1811562716">
				<ele>1024.2</ele>
				<extensions>
					<swisstopo:routepoint_id>1224880169</swisstopo:routepoint_id>
				</extensions>
			</trkpt>
			<trkpt lat="46.7106874724" lon="8.1811174618">
				<ele>1025.0</ele>
				<extensions>
					<swisstopo:routepoint_id>1911176164</swisstopo:routepoint_id>
				</extensions>
			</trkpt>
			<trkpt lat="46.7106533919" lon="8.1810788182">
				<ele>1025.4</ele>
				<extensions>
					<swisstopo:routepoint_id>435436899</swisstopo:routepoint_id>
				</extensions>
			</trkpt>
			<trkpt lat="46.7106303870" lon="8.1810432518">
				<ele>1025.7</ele>
				<extensions>
					<swisstopo:routepoint_id>509585305</swisstopo:routepoint_id>
				</extensions>
			</trkpt>
			<trkpt lat="46.7105954117" lon="8.1809855024">
				<ele>1026.4</ele>
				<extensions>
					<swisstopo:routepoint_id>226572148</swisstopo:routepoint_id>
				</extensions>
			</trkpt>
			<trkpt lat="46.7105635053" lon="8.1809219395">
				<ele>1027.7</ele>
				<extensions>
					<swisstopo:routepoint_id>93287894</swisstopo:routepoint_id>
				</extensions>
			</trkpt>
			<trkpt lat="46.7104995498" lon="8.1808153168">
				<ele>1028.5</ele>
				<extensions>
					<swisstopo:routepoint_id>747734134</swisstopo:routepoint_id>
				</extensions>
			</trkpt>
			<trkpt lat="46.7104485929" lon="8.1807294674">
				<ele>1029.2</ele>
				<extensions>
					<swisstopo:routepoint_id>999997308</swisstopo:routepoint_id>
				</extensions>
			</trkpt>
			<trkpt lat="46.7104126831" lon="8.1806614245">
				<ele>1030.0</ele>
				<extensions>
					<swisstopo:routepoint_id>1354838407</swisstopo:routepoint_id>
				</extensions>
			</trkpt>
			<trkpt lat="46.7103566075" lon="8.1805872355">
				<ele>1030.8</ele>
				<extensions>
					<swisstopo:routepoint_id>1763989206</swisstopo:routepoint_id>
				</extensions>
			</trkpt>
			<trkpt lat="46.7102296268" lon="8.1804267192">
				<ele>1032.7</ele>
				<extensions>
					<swisstopo:routepoint_id>1122592243</swisstopo:routepoint_id>
				</extensions>
			</trkpt>
			<trkpt lat="46.7101835887" lon="8.1803665898">
				<ele>1033.8</ele>
				<extensions>
					<swisstopo:routepoint_id>875312999</swisstopo:routepoint_id>
				</extensions>
			</trkpt>
			<trkpt lat="46.7101503283" lon="8.1803341972">
				<ele>1034.5</ele>
				<extensions>
					<swisstopo:routepoint_id>1648325957</swisstopo:routepoint_id>
				</extensions>
			</trkpt>
			<trkpt lat="46.7100961745" lon="8.1802954252">
				<ele>1035.3</ele>
				<extensions>
					<swisstopo:routepoint_id>1421574576</swisstopo:routepoint_id>
				</extensions>
			</trkpt>
			<trkpt lat="46.7100534599" lon="8.1802659486">
				<ele>1035.8</ele>
				<extensions>
					<swisstopo:routepoint_id>567780771</swisstopo:routepoint_id>
				</extensions>
			</trkpt>
			<trkpt lat="46.7099793765" lon="8.1802360278">
				<ele>1036.8</ele>
				<extensions>
					<swisstopo:routepoint_id>1907176099</swisstopo:routepoint_id>
				</extensions>
			</trkpt>
			<trkpt lat="46.7098875050" lon="8.1802058560">
				<ele>1038.9</ele>
				<extensions>
					<swisstopo:routepoint_id>1843113661</swisstopo:routepoint_id>
				</extensions>
			</trkpt>
			<trkpt lat="46.7098457730" lon="8.1801900904">
				<ele>1039.6</ele>
				<extensions>
					<swisstopo:routepoint_id>1965516545</swisstopo:routepoint_id>
				</extensions>
			</trkpt>
			<trkpt lat="46.7098177009" lon="8.1801623160">
				<ele>1040.2</ele>
				<extensions>
					<swisstopo:routepoint_id>279301320</swisstopo:routepoint_id>
				</extensions>
			</trkpt>
			<trkpt lat="46.7097866309" lon="8.1801132297">
				<ele>1041.2</ele>
				<extensions>
					<swisstopo:routepoint_id>791954718</swisstopo:routepoint_id>
				</extensions>
			</trkpt>
			<trkpt lat="46.7097713476" lon="8.1800506505">
				<ele>1042.6</ele>
				<extensions>
					<swisstopo:routepoint_id>1149111227</swisstopo:routepoint_id>
				</extensions>
			</trkpt>
			<trkpt lat="46.7097622967" lon="8.1799942616">
				<ele>1043.9</ele>
				<extensions>
					<swisstopo:routepoint_id>1213146835</swisstopo:routepoint_id>
				</extensions>
			</trkpt>
			<trkpt lat="46.7097522995" lon="8.1799226299">
				<ele>1045.1</ele>
				<extensions>
					<swisstopo:routepoint_id>911733740</swisstopo:routepoint_id>
				</extensions>
			</trkpt>
			<trkpt lat="46.7097445607" lon="8.1798251991">
				<ele>1046.8</ele>
				<extensions>
					<swisstopo:routepoint_id>888077770</swisstopo:routepoint_id>
				</extensions>
			</trkpt>
			<trkpt lat="46.7097338739" lon="8.1796988070">
				<ele>1049.3</ele>
				<extensions>
					<swisstopo:routepoint_id>1916011505</swisstopo:routepoint_id>
				</extensions>
			</trkpt>
			<trkpt lat="46.7097314930" lon="8.1796433911">
				<ele>1049.3</ele>
				<extensions>
					<swisstopo:routepoint_id>1152755756</swisstopo:routepoint_id>
				</extensions>
			</trkpt>
			<trkpt lat="46.7097101805" lon="8.1796609463">
				<ele>1049.8</ele>
				<extensions>
					<swisstopo:routepoint_id>1756949658</swisstopo:routepoint_id>
				</extensions>
			</trkpt>
			<trkpt lat="46.7096789260" lon="8.1796605167">
				<ele>1050.5</ele>
				<extensions>
					<swisstopo:routepoint_id>2130338806</swisstopo:routepoint_id>
				</extensions>
			</trkpt>
			<trkpt lat="46.7096545005" lon="8.1796406983">
				<ele>1051.0</ele>
				<extensions>
					<swisstopo:routepoint_id>2133172032</swisstopo:routepoint_id>
				</extensions>
			</trkpt>
			<trkpt lat="46.7096410572" lon="8.1796112735">
				<ele>1051.3</ele>
				<extensions>
					<swisstopo:routepoint_id>1234671278</swisstopo:routepoint_id>
				</extensions>
			</trkpt>
			<trkpt lat="46.7096350349" lon="8.1795714334">
				<ele>1051.6</ele>
				<extensions>
					<swisstopo:routepoint_id>1157315051</swisstopo:routepoint_id>
				</extensions>
			</trkpt>
			<trkpt lat="46.7096365526" lon="8.1795366140">
				<ele>1051.9</ele>
				<extensions>
					<swisstopo:routepoint_id>1740083871</swisstopo:routepoint_id>
				</extensions>
			</trkpt>
			<trkpt lat="46.7096488516" lon="8.1794771216">
				<ele>1052.3</ele>
				<extensions>
					<swisstopo:routepoint_id>157392304</swisstopo:routepoint_id>
				</extensions>
			</trkpt>
			<trkpt lat="46.7096693137" lon="8.1794038652">
				<ele>1052.7</ele>
				<extensions>
					<swisstopo:routepoint_id>2074278986</swisstopo:routepoint_id>
				</extensions>
			</trkpt>
			<trkpt lat="46.7096736495" lon="8.1793490525">
				<ele>1053.2</ele>
				<extensions>
					<swisstopo:routepoint_id>1342252782</swisstopo:routepoint_id>
				</extensions>
			</trkpt>
			<trkpt lat="46.7096417526" lon="8.1793609578">
				<ele>1053.2</ele>
				<extensions>
					<swisstopo:routepoint_id>47994801</swisstopo:routepoint_id>
				</extensions>
			</trkpt>
			<trkpt lat="46.7096135444" lon="8.1793892485">
				<ele>1053.4</ele>
				<extensions>
					<swisstopo:routepoint_id>1922861272</swisstopo:routepoint_id>
				</extensions>
			</trkpt>
			<trkpt lat="46.7095903153" lon="8.1794191655">
				<ele>1053.9</ele>
				<extensions>
					<swisstopo:routepoint_id>1056926287</swisstopo:routepoint_id>
				</extensions>
			</trkpt>
			<trkpt lat="46.7095657119" lon="8.1794443063">
				<ele>1054.6</ele>
				<extensions>
					<swisstopo:routepoint_id>683777112</swisstopo:routepoint_id>
				</extensions>
			</trkpt>
			<trkpt lat="46.7095512897" lon="8.1794492741">
				<ele>1055.2</ele>
				<extensions>
					<swisstopo:routepoint_id>1681024492</swisstopo:routepoint_id>
				</extensions>
			</trkpt>
			<trkpt lat="46.7095392581" lon="8.1794405521">
				<ele>1055.4</ele>
				<extensions>
					<swisstopo:routepoint_id>1563532512</swisstopo:routepoint_id>
				</extensions>
			</trkpt>
			<trkpt lat="46.7095317212" lon="8.1794093247">
				<ele>1056.5</ele>
				<extensions>
					<swisstopo:routepoint_id>956730743</swisstopo:routepoint_id>
				</extensions>
			</trkpt>
			<trkpt lat="46.7095238257" lon="8.1793887119">
				<ele>1057.3</ele>
				<extensions>
					<swisstopo:routepoint_id>1436099568</swisstopo:routepoint_id>
				</extensions>
			</trkpt>
			<trkpt lat="46.7094915578" lon="8.1793698140">
				<ele>1058.5</ele>
				<extensions>
					<swisstopo:routepoint_id>985599897</swisstopo:routepoint_id>
				</extensions>
			</trkpt>
			<trkpt lat="46.7094278542" lon="8.1793472915">
				<ele>1059.7</ele>
				<extensions>
					<swisstopo:routepoint_id>1866441318</swisstopo:routepoint_id>
				</extensions>
			</trkpt>
			<trkpt lat="46.7093404711" lon="8.1792901335">
				<ele>1061.6</ele>
				<extensions>
					<swisstopo:routepoint_id>86869033</swisstopo:routepoint_id>
				</extensions>
			</trkpt>
			<trkpt lat="46.7092914792" lon="8.1792491800">
				<ele>1062.8</ele>
				<extensions>
					<swisstopo:routepoint_id>1225477630</swisstopo:routepoint_id>
				</extensions>
			</trkpt>
			<trkpt lat="46.7092456054" lon="8.1792015516">
				<ele>1064.1</ele>
				<extensions>
					<swisstopo:routepoint_id>2113696672</swisstopo:routepoint_id>
				</extensions>
			</trkpt>
			<trkpt lat="46.7092012600" lon="8.1791539506">
				<ele>1065.5</ele>
				<extensions>
					<swisstopo:routepoint_id>1651721742</swisstopo:routepoint_id>
				</extensions>
			</trkpt>
			<trkpt lat="46.7091399873" lon="8.1791060981">
				<ele>1067.1</ele>
				<extensions>
					<swisstopo:routepoint_id>113816396</swisstopo:routepoint_id>
				</extensions>
			</trkpt>
			<trkpt lat="46.7090608295" lon="8.1790526171">
				<ele>1069.5</ele>
				<extensions>
					<swisstopo:routepoint_id>978365925</swisstopo:routepoint_id>
				</extensions>
			</trkpt>
			<trkpt lat="46.7090112624" lon="8.1790149957">
				<ele>1070.5</ele>
				<extensions>
					<swisstopo:routepoint_id>587048149</swisstopo:routepoint_id>
				</extensions>
			</trkpt>
			<trkpt lat="46.7089716514" lon="8.1789431502">
				<ele>1072.2</ele>
				<extensions>
					<swisstopo:routepoint_id>752874439</swisstopo:routepoint_id>
				</extensions>
			</trkpt>
			<trkpt lat="46.7088755300" lon="8.1787299309">
				<ele>1077.5</ele>
				<extensions>
					<swisstopo:routepoint_id>1954974277</swisstopo:routepoint_id>
				</extensions>
			</trkpt>
			<trkpt lat="46.7088007335" lon="8.1785783705">
				<ele>1080.7</ele>
				<extensions>
					<swisstopo:routepoint_id>521047528</swisstopo:routepoint_id>
				</extensions>
			</trkpt>
			<trkpt lat="46.7087873980" lon="8.1785309661">
				<ele>1081.0</ele>
				<extensions>
					<swisstopo:routepoint_id>268226883</swisstopo:routepoint_id>
				</extensions>
			</trkpt>
			<trkpt lat="46.7087437373" lon="8.1785239942">
				<ele>1081.9</ele>
				<extensions>
					<swisstopo:routepoint_id>725256465</swisstopo:routepoint_id>
				</extensions>
			</trkpt>
			<trkpt lat="46.7086961498" lon="8.1785305632">
				<ele>1083.1</ele>
				<extensions>
					<swisstopo:routepoint_id>120405477</swisstopo:routepoint_id>
				</extensions>
			</trkpt>
			<trkpt lat="46.7086815407" lon="8.1785805662">
				<ele>1084.1</ele>
				<extensions>
					<swisstopo:routepoint_id>1201713816</swisstopo:routepoint_id>
				</extensions>
			</trkpt>
			<trkpt lat="46.7086705008" lon="8.1786207076">
				<ele>1084.8</ele>
				<extensions>
					<swisstopo:routepoint_id>1389732484</swisstopo:routepoint_id>
				</extensions>
			</trkpt>
			<trkpt lat="46.7086484301" lon="8.1787009778">
				<ele>1086.7</ele>
				<extensions>
					<swisstopo:routepoint_id>366791682</swisstopo:routepoint_id>
				</extensions>
			</trkpt>
			<trkpt lat="46.7086113425" lon="8.1787857606">
				<ele>1088.3</ele>
				<extensions>
					<swisstopo:routepoint_id>1125447894</swisstopo:routepoint_id>
				</extensions>
			</trkpt>
			<trkpt lat="46.7085925355" lon="8.1788233625">
				<ele>1088.6</ele>
				<extensions>
					<swisstopo:routepoint_id>1271409992</swisstopo:routepoint_id>
				</extensions>
			</trkpt>
			<trkpt lat="46.7085733828" lon="8.1788330100">
				<ele>1089.3</ele>
				<extensions>
					<swisstopo:routepoint_id>1511760007</swisstopo:routepoint_id>
				</extensions>
			</trkpt>
			<trkpt lat="46.7085269414" lon="8.1788403097">
				<ele>1090.6</ele>
				<extensions>
					<swisstopo:routepoint_id>2133007454</swisstopo:routepoint_id>
				</extensions>
			</trkpt>
			<trkpt lat="46.7084914922" lon="8.1788378243">
				<ele>1091.2</ele>
				<extensions>
					<swisstopo:routepoint_id>1252687285</swisstopo:routepoint_id>
				</extensions>
			</trkpt>
			<trkpt lat="46.7084547455" lon="8.1788254300">
				<ele>1091.6</ele>
				<extensions>
					<swisstopo:routepoint_id>976389316</swisstopo:routepoint_id>
				</extensions>
			</trkpt>
			<trkpt lat="46.7084112164" lon="8.1788049925">
				<ele>1092.5</ele>
				<extensions>
					<swisstopo:routepoint_id>1549179992</swisstopo:routepoint_id>
				</extensions>
			</trkpt>
			<trkpt lat="46.7083446726" lon="8.1787584673">
				<ele>1094.1</ele>
				<extensions>
					<swisstopo:routepoint_id>1642744032</swisstopo:routepoint_id>
				</extensions>
			</trkpt>
			<trkpt lat="46.7083160912" lon="8.1787481710">
				<ele>1094.5</ele>
				<extensions>
					<swisstopo:routepoint_id>10958461</swisstopo:routepoint_id>
				</extensions>
			</trkpt>
			<trkpt lat="46.7082697486" lon="8.1787415900">
				<ele>1095.4</ele>
				<extensions>
					<swisstopo:routepoint_id>1468242134</swisstopo:routepoint_id>
				</extensions>
			</trkpt>
			<trkpt lat="46.7081863792" lon="8.1787251970">
				<ele>1096.6</ele>
				<extensions>
					<swisstopo:routepoint_id>998890219</swisstopo:routepoint_id>
				</extensions>
			</trkpt>
			<trkpt lat="46.7081318648" lon="8.1786809890">
				<ele>1097.4</ele>
				<extensions>
					<swisstopo:routepoint_id>72762366</swisstopo:routepoint_id>
				</extensions>
			</trkpt>
			<trkpt lat="46.7081012634" lon="8.1786381182">
				<ele>1097.8</ele>
				<extensions>
					<swisstopo:routepoint_id>1502872340</swisstopo:routepoint_id>
				</extensions>
			</trkpt>
			<trkpt lat="46.7080212665" lon="8.1785636574">
				<ele>1101.4</ele>
				<extensions>
					<swisstopo:routepoint_id>415479991</swisstopo:routepoint_id>
				</extensions>
			</trkpt>
			<trkpt lat="46.7079374892" lon="8.1784395426">
				<ele>1103.8</ele>
				<extensions>
					<swisstopo:routepoint_id>833233554</swisstopo:routepoint_id>
				</extensions>
			</trkpt>
			<trkpt lat="46.7078996166" lon="8.1783894461">
				<ele>1104.7</ele>
				<extensions>
					<swisstopo:routepoint_id>1670044892</swisstopo:routepoint_id>
				</extensions>
			</trkpt>
			<trkpt lat="46.7078737970" lon="8.1783732431">
				<ele>1105.2</ele>
				<extensions>
					<swisstopo:routepoint_id>892083857</swisstopo:routepoint_id>
				</extensions>
			</trkpt>
			<trkpt lat="46.7078410280" lon="8.1783787384">
				<ele>1106.1</ele>
				<extensions>
					<swisstopo:routepoint_id>1421274034</swisstopo:routepoint_id>
				</extensions>
			</trkpt>
			<trkpt lat="46.7078013863" lon="8.1783900971">
				<ele>1107.3</ele>
				<extensions>
					<swisstopo:routepoint_id>1670207653</swisstopo:routepoint_id>
				</extensions>
			</trkpt>
			<trkpt lat="46.7077603276" lon="8.1784113337">
				<ele>1108.6</ele>
				<extensions>
					<swisstopo:routepoint_id>777982427</swisstopo:routepoint_id>
				</extensions>
			</trkpt>
			<trkpt lat="46.7077302304" lon="8.1784247965">
				<ele>1109.1</ele>
				<extensions>
					<swisstopo:routepoint_id>481495589</swisstopo:routepoint_id>
				</extensions>
			</trkpt>
			<trkpt lat="46.7076920402" lon="8.1784222994">
				<ele>1109.5</ele>
				<extensions>
					<swisstopo:routepoint_id>101863864</swisstopo:routepoint_id>
				</extensions>
			</trkpt>
			<trkpt lat="46.7076321287" lon="8.1784056031">
				<ele>1110.7</ele>
				<extensions>
					<swisstopo:routepoint_id>1183696696</swisstopo:routepoint_id>
				</extensions>
			</trkpt>
			<trkpt lat="46.7075886596" lon="8.1783772557">
				<ele>1110.9</ele>
				<extensions>
					<swisstopo:routepoint_id>341735882</swisstopo:routepoint_id>
				</extensions>
			</trkpt>
			<trkpt lat="46.7075004540" lon="8.1783046564">
				<ele>1112.4</ele>
				<extensions>
					<swisstopo:routepoint_id>1030638712</swisstopo:routepoint_id>
				</extensions>
			</trkpt>
			<trkpt lat="46.7074285281" lon="8.1782481421">
				<ele>1112.7</ele>
				<extensions>
					<swisstopo:routepoint_id>1973390140</swisstopo:routepoint_id>
				</extensions>
			</trkpt>
			<trkpt lat="46.7073755146" lon="8.1782176653">
				<ele>1113.1</ele>
				<extensions>
					<swisstopo:routepoint_id>85853211</swisstopo:routepoint_id>
				</extensions>
			</trkpt>
			<trkpt lat="46.7072612882" lon="8.1781625442">
				<ele>1114.3</ele>
				<extensions>
					<swisstopo:routepoint_id>1190978814</swisstopo:routepoint_id>
				</extensions>
			</trkpt>
			<trkpt lat="46.7071280330" lon="8.1780952792">
				<ele>1116.8</ele>
				<extensions>
					<swisstopo:routepoint_id>1054071731</swisstopo:routepoint_id>
				</extensions>
			</trkpt>
			<trkpt lat="46.7070165812" lon="8.1780322724">
				<ele>1118.0</ele>
				<extensions>
					<swisstopo:routepoint_id>1948220220</swisstopo:routepoint_id>
				</extensions>
			</trkpt>
			<trkpt lat="46.7069146174" lon="8.1779773393">
				<ele>1118.9</ele>
				<extensions>
					<swisstopo:routepoint_id>553501511</swisstopo:routepoint_id>
				</extensions>
			</trkpt>
			<trkpt lat="46.7068520126" lon="8.1779546558">
				<ele>1119.8</ele>
				<extensions>
					<swisstopo:routepoint_id>403029507</swisstopo:routepoint_id>
				</extensions>
			</trkpt>
			<trkpt lat="46.7067757271" lon="8.1779377550">
				<ele>1121.7</ele>
				<extensions>
					<swisstopo:routepoint_id>1303310301</swisstopo:routepoint_id>
				</extensions>
			</trkpt>
			<trkpt lat="46.7066476825" lon="8.1779082296">
				<ele>1124.5</ele>
				<extensions>
					<swisstopo:routepoint_id>173721282</swisstopo:routepoint_id>
				</extensions>
			</trkpt>
			<trkpt lat="46.7065346160" lon="8.1778828750">
				<ele>1128.0</ele>
				<extensions>
					<swisstopo:routepoint_id>467787907</swisstopo:routepoint_id>
				</extensions>
			</trkpt>
			<trkpt lat="46.7064542626" lon="8.1778619470">
				<ele>1129.1</ele>
				<extensions>
					<swisstopo:routepoint_id>251485429</swisstopo:routepoint_id>
				</extensions>
			</trkpt>
			<trkpt lat="46.7063985258" lon="8.1778314466">
				<ele>1130.3</ele>
				<extensions>
					<swisstopo:routepoint_id>1687004110</swisstopo:routepoint_id>
				</extensions>
			</trkpt>
			<trkpt lat="46.7063401775" lon="8.1777850238">
				<ele>1131.5</ele>
				<extensions>
					<swisstopo:routepoint_id>898856844</swisstopo:routepoint_id>
				</extensions>
			</trkpt>
			<trkpt lat="46.7062654978" lon="8.1777304722">
				<ele>1132.0</ele>
				<extensions>
					<swisstopo:routepoint_id>589854428</swisstopo:routepoint_id>
				</extensions>
			</trkpt>
			<trkpt lat="46.7061608879" lon="8.1776635894">
				<ele>1131.9</ele>
				<extensions>
					<swisstopo:routepoint_id>333395293</swisstopo:routepoint_id>
				</extensions>
			</trkpt>
			<trkpt lat="46.7060263352" lon="8.1775863800">
				<ele>1134.7</ele>
				<extensions>
					<swisstopo:routepoint_id>1467750226</swisstopo:routepoint_id>
				</extensions>
			</trkpt>
			<trkpt lat="46.7059094319" lon="8.1775213342">
				<ele>1134.7</ele>
				<extensions>
					<swisstopo:routepoint_id>933214781</swisstopo:routepoint_id>
				</extensions>
			</trkpt>
			<trkpt lat="46.7058170728" lon="8.1774605775">
				<ele>1136.8</ele>
				<extensions>
					<swisstopo:routepoint_id>1046262231</swisstopo:routepoint_id>
				</extensions>
			</trkpt>
			<trkpt lat="46.7056949242" lon="8.1773617273">
				<ele>1138.9</ele>
				<extensions>
					<swisstopo:routepoint_id>673554624</swisstopo:routepoint_id>
				</extensions>
			</trkpt>
			<trkpt lat="46.7056296901" lon="8.1773231480">
				<ele>1139.3</ele>
				<extensions>
					<swisstopo:routepoint_id>1941681148</swisstopo:routepoint_id>
				</extensions>
			</trkpt>
			<trkpt lat="46.7055794554" lon="8.1772867602">
				<ele>1138.9</ele>
				<extensions>
					<swisstopo:routepoint_id>187814313</swisstopo:routepoint_id>
				</extensions>
			</trkpt>
			<trkpt lat="46.7055400449" lon="8.1772624482">
				<ele>1139.0</ele>
				<extensions>
					<swisstopo:routepoint_id>1463141730</swisstopo:routepoint_id>
				</extensions>
			</trkpt>
			<trkpt lat="46.7054980014" lon="8.1772241869">
				<ele>1139.9</ele>
				<extensions>
					<swisstopo:routepoint_id>329102965</swisstopo:routepoint_id>
				</extensions>
			</trkpt>
			<trkpt lat="46.7054614088" lon="8.1771879797">
				<ele>1139.6</ele>
				<extensions>
					<swisstopo:routepoint_id>1594500954</swisstopo:routepoint_id>
				</extensions>
			</trkpt>
			<trkpt lat="46.7054193524" lon="8.1771517042">
				<ele>1139.7</ele>
				<extensions>
					<swisstopo:routepoint_id>786666498</swisstopo:routepoint_id>
				</extensions>
			</trkpt>
			<trkpt lat="46.7053731255" lon="8.1771272735">
				<ele>1140.6</ele>
				<extensions>
					<swisstopo:routepoint_id>1517608731</swisstopo:routepoint_id>
				</extensions>
			</trkpt>
			<trkpt lat="46.7053266475" lon="8.1771009047">
				<ele>1140.8</ele>
				<extensions>
					<swisstopo:routepoint_id>1239490033</swisstopo:routepoint_id>
				</extensions>
			</trkpt>
			<trkpt lat="46.7052612764" lon="8.1770522612">
				<ele>1141.3</ele>
				<extensions>
					<swisstopo:routepoint_id>1586122092</swisstopo:routepoint_id>
				</extensions>
			</trkpt>
			<trkpt lat="46.7051857656" lon="8.1770242371">
				<ele>1142.4</ele>
				<extensions>
					<swisstopo:routepoint_id>1271692948</swisstopo:routepoint_id>
				</extensions>
			</trkpt>
			<trkpt lat="46.7050787480" lon="8.1770103143">
				<ele>1143.6</ele>
				<extensions>
					<swisstopo:routepoint_id>1193093741</swisstopo:routepoint_id>
				</extensions>
			</trkpt>
			<trkpt lat="46.7049816462" lon="8.1770089846">
				<ele>1144.2</ele>
				<extensions>
					<swisstopo:routepoint_id>1259403339</swisstopo:routepoint_id>
				</extensions>
			</trkpt>
			<trkpt lat="46.7048716123" lon="8.1770199353">
				<ele>1145.3</ele>
				<extensions>
					<swisstopo:routepoint_id>960034750</swisstopo:routepoint_id>
				</extensions>
			</trkpt>
			<trkpt lat="46.7047801261" lon="8.1770332150">
				<ele>1145.2</ele>
				<extensions>
					<swisstopo:routepoint_id>1112322555</swisstopo:routepoint_id>
				</extensions>
			</trkpt>
			<trkpt lat="46.7046928239" lon="8.1770610845">
				<ele>1145.6</ele>
				<extensions>
					<swisstopo:routepoint_id>1925607835</swisstopo:routepoint_id>
				</extensions>
			</trkpt>
			<trkpt lat="46.7045957221" lon="8.1770597549">
				<ele>1145.3</ele>
				<extensions>
					<swisstopo:routepoint_id>897593309</swisstopo:routepoint_id>
				</extensions>
			</trkpt>
			<trkpt lat="46.7045127558" lon="8.1770814517">
				<ele>1146.1</ele>
				<extensions>
					<swisstopo:routepoint_id>467319884</swisstopo:routepoint_id>
				</extensions>
			</trkpt>
			<trkpt lat="46.7044328594" lon="8.1770699755">
				<ele>1146.7</ele>
				<extensions>
					<swisstopo:routepoint_id>1546977559</swisstopo:routepoint_id>
				</extensions>
			</trkpt>
			<trkpt lat="46.7043528334" lon="8.1770771801">
				<ele>1147.3</ele>
				<extensions>
					<swisstopo:routepoint_id>915842344</swisstopo:routepoint_id>
				</extensions>
			</trkpt>
			<trkpt lat="46.7042900214" lon="8.1770742449">
				<ele>1148.1</ele>
				<extensions>
					<swisstopo:routepoint_id>315270899</swisstopo:routepoint_id>
				</extensions>
			</trkpt>
			<trkpt lat="46.7042657146" lon="8.1770780686">
				<ele>1148.3</ele>
				<extensions>
					<swisstopo:routepoint_id>32345370</swisstopo:routepoint_id>
				</extensions>
			</trkpt>
			<trkpt lat="46.7041600393" lon="8.1770766215">
				<ele>1149.6</ele>
				<extensions>
					<swisstopo:routepoint_id>358533436</swisstopo:routepoint_id>
				</extensions>
			</trkpt>
			<trkpt lat="46.7041071567" lon="8.1770842043">
				<ele>1150.3</ele>
				<extensions>
					<swisstopo:routepoint_id>1332439936</swisstopo:routepoint_id>
				</extensions>
			</trkpt>
			<trkpt lat="46.7041044409" lon="8.1770858114">
				<ele>1150.3</ele>
				<extensions>
					<swisstopo:routepoint_id>1621393017</swisstopo:routepoint_id>
				</extensions>
			</trkpt>
			<trkpt lat="46.7040455037" lon="8.1771207187">
				<ele>1152.3</ele>
				<extensions>
					<swisstopo:routepoint_id>1387794703</swisstopo:routepoint_id>
				</extensions>
			</trkpt>
			<trkpt lat="46.7039747562" lon="8.1771398754">
				<ele>1154.0</ele>
				<extensions>
					<swisstopo:routepoint_id>857696081</swisstopo:routepoint_id>
				</extensions>
			</trkpt>
			<trkpt lat="46.7039037099" lon="8.1771129409">
				<ele>1153.6</ele>
				<extensions>
					<swisstopo:routepoint_id>2070998551</swisstopo:routepoint_id>
				</extensions>
			</trkpt>
			<trkpt lat="46.7038179664" lon="8.1770656224">
				<ele>1153.2</ele>
				<extensions>
					<swisstopo:routepoint_id>510960351</swisstopo:routepoint_id>
				</extensions>
			</trkpt>
			<trkpt lat="46.7037164622" lon="8.1770047882">
				<ele>1153.0</ele>
				<extensions>
					<swisstopo:routepoint_id>1501876227</swisstopo:routepoint_id>
				</extensions>
			</trkpt>
			<trkpt lat="46.7036577273" lon="8.1769596914">
				<ele>1152.0</ele>
				<extensions>
					<swisstopo:routepoint_id>945738582</swisstopo:routepoint_id>
				</extensions>
			</trkpt>
			<trkpt lat="46.7036164084" lon="8.1768705597">
				<ele>1151.1</ele>
				<extensions>
					<swisstopo:routepoint_id>1314203311</swisstopo:routepoint_id>
				</extensions>
			</trkpt>
			<trkpt lat="46.7036166057" lon="8.1768401062">
				<ele>1150.9</ele>
				<extensions>
					<swisstopo:routepoint_id>1265543657</swisstopo:routepoint_id>
				</extensions>
			</trkpt>
			<trkpt lat="46.7036283206" lon="8.1767959931">
				<ele>1150.7</ele>
				<extensions>
					<swisstopo:routepoint_id>209367749</swisstopo:routepoint_id>
				</extensions>
			</trkpt>
			<trkpt lat="46.7034242483" lon="8.1766323436">
				<ele>1152.7</ele>
				<extensions>
					<swisstopo:routepoint_id>1561272806</swisstopo:routepoint_id>
				</extensions>
			</trkpt>
			<trkpt lat="46.7031583221" lon="8.1764398576">
				<ele>1153.9</ele>
				<extensions>
					<swisstopo:routepoint_id>1323567376</swisstopo:routepoint_id>
				</extensions>
			</trkpt>
			<trkpt lat="46.7029852352" lon="8.1763371571">
				<ele>1154.9</ele>
				<extensions>
					<swisstopo:routepoint_id>1297231960</swisstopo:routepoint_id>
				</extensions>
			</trkpt>
			<trkpt lat="46.7028311614" lon="8.1762381781">
				<ele>1155.3</ele>
				<extensions>
					<swisstopo:routepoint_id>851174261</swisstopo:routepoint_id>
				</extensions>
			</trkpt>
			<trkpt lat="46.7025512222" lon="8.1760959511">
				<ele>1153.9</ele>
				<extensions>
					<swisstopo:routepoint_id>1056351430</swisstopo:routepoint_id>
				</extensions>
			</trkpt>
			<trkpt lat="46.7024922097" lon="8.1760190305">
				<ele>1153.9</ele>
				<extensions>
					<swisstopo:routepoint_id>346967005</swisstopo:routepoint_id>
				</extensions>
			</trkpt>
			<trkpt lat="46.7023102266" lon="8.1758193406">
				<ele>1153.1</ele>
				<extensions>
					<swisstopo:routepoint_id>398928477</swisstopo:routepoint_id>
				</extensions>
			</trkpt>
			<trkpt lat="46.7022655506" lon="8.1757356955">
				<ele>1153.8</ele>
				<extensions>
					<swisstopo:routepoint_id>1365407817</swisstopo:routepoint_id>
				</extensions>
			</trkpt>
			<trkpt lat="46.7020455765" lon="8.1755216524">
				<ele>1156.8</ele>
				<extensions>
					<swisstopo:routepoint_id>662329574</swisstopo:routepoint_id>
				</extensions>
			</trkpt>
			<trkpt lat="46.7018109252" lon="8.1753696683">
				<ele>1159.2</ele>
				<extensions>
					<swisstopo:routepoint_id>2036999264</swisstopo:routepoint_id>
				</extensions>
			</trkpt>
			<trkpt lat="46.7016326649" lon="8.1753291864">
				<ele>1157.3</ele>
				<extensions>
					<swisstopo:routepoint_id>742611083</swisstopo:routepoint_id>
				</extensions>
			</trkpt>
			<trkpt lat="46.7014421531" lon="8.1753438799">
				<ele>1155.9</ele>
				<extensions>
					<swisstopo:routepoint_id>63930769</swisstopo:routepoint_id>
				</extensions>
			</trkpt>
			<trkpt lat="46.7013062734" lon="8.1753766223">
				<ele>1154.4</ele>
				<extensions>
					<swisstopo:routepoint_id>1768256686</swisstopo:routepoint_id>
				</extensions>
			</trkpt>
			<trkpt lat="46.7011565128" lon="8.1753468922">
				<ele>1158.3</ele>
				<extensions>
					<swisstopo:routepoint_id>1251387851</swisstopo:routepoint_id>
				</extensions>
			</trkpt>
			<trkpt lat="46.7010792979" lon="8.1753813042">
				<ele>1160.7</ele>
				<extensions>
					<swisstopo:routepoint_id>1242412976</swisstopo:routepoint_id>
				</extensions>
			</trkpt>
			<trkpt lat="46.7009791803" lon="8.1754048430">
				<ele>1164.8</ele>
				<extensions>
					<swisstopo:routepoint_id>1879233915</swisstopo:routepoint_id>
				</extensions>
			</trkpt>
			<trkpt lat="46.7008891978" lon="8.1754056950">
				<ele>1164.7</ele>
				<extensions>
					<swisstopo:routepoint_id>273035301</swisstopo:routepoint_id>
				</extensions>
			</trkpt>
			<trkpt lat="46.7007896973" lon="8.1753337534">
				<ele>1165.5</ele>
				<extensions>
					<swisstopo:routepoint_id>1346106578</swisstopo:routepoint_id>
				</extensions>
			</trkpt>
			<trkpt lat="46.7006221487" lon="8.1751840886">
				<ele>1168.8</ele>
				<extensions>
					<swisstopo:routepoint_id>2012763046</swisstopo:routepoint_id>
				</extensions>
			</trkpt>
			<trkpt lat="46.7004955400" lon="8.1751076275">
				<ele>1171.7</ele>
				<extensions>
					<swisstopo:routepoint_id>1854236209</swisstopo:routepoint_id>
				</extensions>
			</trkpt>
			<trkpt lat="46.7004565987" lon="8.1750568617">
				<ele>1173.1</ele>
				<extensions>
					<swisstopo:routepoint_id>1588586359</swisstopo:routepoint_id>
				</extensions>
			</trkpt>
			<trkpt lat="46.7004457871" lon="8.1749612325">
				<ele>1171.1</ele>
				<extensions>
					<swisstopo:routepoint_id>637427085</swisstopo:routepoint_id>
				</extensions>
			</trkpt>
			<trkpt lat="46.7004406135" lon="8.1748781365">
				<ele>1171.9</ele>
				<extensions>
					<swisstopo:routepoint_id>794148170</swisstopo:routepoint_id>
				</extensions>
			</trkpt>
			<trkpt lat="46.7004426887" lon="8.1747785270">
				<ele>1173.1</ele>
				<extensions>
					<swisstopo:routepoint_id>1765105804</swisstopo:routepoint_id>
				</extensions>
			</trkpt>
			<trkpt lat="46.7004564161" lon="8.1746417073">
				<ele>1172.6</ele>
				<extensions>
					<swisstopo:routepoint_id>592205886</swisstopo:routepoint_id>
				</extensions>
			</trkpt>
			<trkpt lat="46.7004513762" lon="8.1745378570">
				<ele>1172.3</ele>
				<extensions>
					<swisstopo:routepoint_id>1037681139</swisstopo:routepoint_id>
				</extensions>
			</trkpt>
			<trkpt lat="46.7004181536" lon="8.1743754840">
				<ele>1175.0</ele>
				<extensions>
					<swisstopo:routepoint_id>1366084688</swisstopo:routepoint_id>
				</extensions>
			</trkpt>
			<trkpt lat="46.7003675381" lon="8.1742523307">
				<ele>1177.1</ele>
				<extensions>
					<swisstopo:routepoint_id>1529142791</swisstopo:routepoint_id>
				</extensions>
			</trkpt>
			<trkpt lat="46.7003194292" lon="8.1741831680">
				<ele>1179.0</ele>
				<extensions>
					<swisstopo:routepoint_id>1716340185</swisstopo:routepoint_id>
				</extensions>
			</trkpt>
			<trkpt lat="46.7002271945" lon="8.1740905787">
				<ele>1181.9</ele>
				<extensions>
					<swisstopo:routepoint_id>1404329245</swisstopo:routepoint_id>
				</extensions>
			</trkpt>
			<trkpt lat="46.7001442651" lon="8.1738860293">
				<ele>1185.2</ele>
				<extensions>
					<swisstopo:routepoint_id>2134534340</swisstopo:routepoint_id>
				</extensions>
			</trkpt>
			<trkpt lat="46.7001017767" lon="8.1738294000">
				<ele>1186.5</ele>
				<extensions>
					<swisstopo:routepoint_id>861318160</swisstopo:routepoint_id>
				</extensions>
			</trkpt>
			<trkpt lat="46.7000506787" lon="8.1737809598">
				<ele>1188.0</ele>
				<extensions>
					<swisstopo:routepoint_id>488016979</swisstopo:routepoint_id>
				</extensions>
			</trkpt>
			<trkpt lat="46.6999513654" lon="8.1737023151">
				<ele>1191.1</ele>
				<extensions>
					<swisstopo:routepoint_id>1405789439</swisstopo:routepoint_id>
				</extensions>
			</trkpt>
			<trkpt lat="46.6998986472" lon="8.1736605692">
				<ele>1192.8</ele>
				<extensions>
					<swisstopo:routepoint_id>8213317</swisstopo:routepoint_id>
				</extensions>
			</trkpt>
			<trkpt lat="46.6997627456" lon="8.1734760561">
				<ele>1194.9</ele>
				<extensions>
					<swisstopo:routepoint_id>1961446402</swisstopo:routepoint_id>
				</extensions>
			</trkpt>
			<trkpt lat="46.6996186542" lon="8.1732972420">
				<ele>1198.8</ele>
				<extensions>
					<swisstopo:routepoint_id>1306980674</swisstopo:routepoint_id>
				</extensions>
			</trkpt>
			<trkpt lat="46.6995662312" lon="8.1732321850">
				<ele>1200.0</ele>
				<extensions>
					<swisstopo:routepoint_id>201448278</swisstopo:routepoint_id>
				</extensions>
			</trkpt>
			<trkpt lat="46.6994975785" lon="8.1731745046">
				<ele>1201.6</ele>
				<extensions>
					<swisstopo:routepoint_id>145417852</swisstopo:routepoint_id>
				</extensions>
			</trkpt>
			<trkpt lat="46.6994071065" lon="8.1731040902">
				<ele>1203.7</ele>
				<extensions>
					<swisstopo:routepoint_id>1044809853</swisstopo:routepoint_id>
				</extensions>
			</trkpt>
			<trkpt lat="46.6993482227" lon="8.1730832154">
				<ele>1205.2</ele>
				<extensions>
					<swisstopo:routepoint_id>1161520269</swisstopo:routepoint_id>
				</extensions>
			</trkpt>
			<trkpt lat="46.6993201840" lon="8.1730745338">
				<ele>1205.6</ele>
				<extensions>
					<swisstopo:routepoint_id>186106843</swisstopo:routepoint_id>
				</extensions>
			</trkpt>
			<trkpt lat="46.6992164044" lon="8.1730788345">
				<ele>1207.7</ele>
				<extensions>
					<swisstopo:routepoint_id>1992889186</swisstopo:routepoint_id>
				</extensions>
			</trkpt>
			<trkpt lat="46.6991145286" lon="8.1730726205">
				<ele>1210.5</ele>
				<extensions>
					<swisstopo:routepoint_id>75121425</swisstopo:routepoint_id>
				</extensions>
			</trkpt>
			<trkpt lat="46.6990754498" lon="8.1730444181">
				<ele>1211.8</ele>
				<extensions>
					<swisstopo:routepoint_id>1049022185</swisstopo:routepoint_id>
				</extensions>
			</trkpt>
			<trkpt lat="46.6990460785" lon="8.1729834810">
				<ele>1211.5</ele>
				<extensions>
					<swisstopo:routepoint_id>105475280</swisstopo:routepoint_id>
				</extensions>
			</trkpt>
			<trkpt lat="46.6990417718" lon="8.1729142279">
				<ele>1210.2</ele>
				<extensions>
					<swisstopo:routepoint_id>451556654</swisstopo:routepoint_id>
				</extensions>
			</trkpt>
			<trkpt lat="46.6989854718" lon="8.1727854538">
				<ele>1210.4</ele>
				<extensions>
					<swisstopo:routepoint_id>1437858335</swisstopo:routepoint_id>
				</extensions>
			</trkpt>
			<trkpt lat="46.6989120710" lon="8.1727256413">
				<ele>1210.9</ele>
				<extensions>
					<swisstopo:routepoint_id>925291066</swisstopo:routepoint_id>
				</extensions>
			</trkpt>
			<trkpt lat="46.6988053154" lon="8.1726723086">
				<ele>1212.6</ele>
				<extensions>
					<swisstopo:routepoint_id>1896208878</swisstopo:routepoint_id>
				</extensions>
			</trkpt>
			<trkpt lat="46.6987055757" lon="8.1726290694">
				<ele>1212.3</ele>
				<extensions>
					<swisstopo:routepoint_id>2122936248</swisstopo:routepoint_id>
				</extensions>
			</trkpt>
			<trkpt lat="46.6986338467" lon="8.1725865818">
				<ele>1213.3</ele>
				<extensions>
					<swisstopo:routepoint_id>341919539</swisstopo:routepoint_id>
				</extensions>
			</trkpt>
			<trkpt lat="46.6985580454" lon="8.1725284612">
				<ele>1214.3</ele>
				<extensions>
					<swisstopo:routepoint_id>1651616323</swisstopo:routepoint_id>
				</extensions>
			</trkpt>
			<trkpt lat="46.6984699316" lon="8.1724451146">
				<ele>1217.4</ele>
				<extensions>
					<swisstopo:routepoint_id>1774612037</swisstopo:routepoint_id>
				</extensions>
			</trkpt>
			<trkpt lat="46.6984404488" lon="8.1724014594">
				<ele>1217.7</ele>
				<extensions>
					<swisstopo:routepoint_id>1099082612</swisstopo:routepoint_id>
				</extensions>
			</trkpt>
			<trkpt lat="46.6984234581" lon="8.1723605726">
				<ele>1217.7</ele>
				<extensions>
					<swisstopo:routepoint_id>431427612</swisstopo:routepoint_id>
				</extensions>
			</trkpt>
			<trkpt lat="46.6984341652" lon="8.1722507117">
				<ele>1214.8</ele>
				<extensions>
					<swisstopo:routepoint_id>1858614182</swisstopo:routepoint_id>
				</extensions>
			</trkpt>
			<trkpt lat="46.6984413019" lon="8.1721774631">
				<ele>1212.9</ele>
				<extensions>
					<swisstopo:routepoint_id>1201216200</swisstopo:routepoint_id>
				</extensions>
			</trkpt>
			<trkpt lat="46.6984427715" lon="8.1721333800">
				<ele>1213.2</ele>
				<extensions>
					<swisstopo:routepoint_id>40064473</swisstopo:routepoint_id>
				</extensions>
			</trkpt>
			<trkpt lat="46.6984220973" lon="8.1721106131">
				<ele>1213.5</ele>
				<extensions>
					<swisstopo:routepoint_id>998933017</swisstopo:routepoint_id>
				</extensions>
			</trkpt>
			<trkpt lat="46.6983811897" lon="8.1720867028">
				<ele>1213.9</ele>
				<extensions>
					<swisstopo:routepoint_id>326775428</swisstopo:routepoint_id>
				</extensions>
			</trkpt>
			<trkpt lat="46.6983145672" lon="8.1720846050">
				<ele>1216.5</ele>
				<extensions>
					<swisstopo:routepoint_id>1388147148</swisstopo:routepoint_id>
				</extensions>
			</trkpt>
			<trkpt lat="46.6982848192" lon="8.1720836683">
				<ele>1217.7</ele>
				<extensions>
					<swisstopo:routepoint_id>1284319351</swisstopo:routepoint_id>
				</extensions>
			</trkpt>
			<trkpt lat="46.6981651937" lon="8.1721313092">
				<ele>1223.2</ele>
				<extensions>
					<swisstopo:routepoint_id>776426189</swisstopo:routepoint_id>
				</extensions>
			</trkpt>
			<trkpt lat="46.6980954244" lon="8.1720258746">
				<ele>1223.7</ele>
				<extensions>
					<swisstopo:routepoint_id>322928994</swisstopo:routepoint_id>
				</extensions>
			</trkpt>
			<trkpt lat="46.6980328554" lon="8.1719305424">
				<ele>1223.9</ele>
				<extensions>
					<swisstopo:routepoint_id>1132856128</swisstopo:routepoint_id>
				</extensions>
			</trkpt>
			<trkpt lat="46.6979746541" lon="8.1718595556">
				<ele>1224.5</ele>
				<extensions>
					<swisstopo:routepoint_id>103180351</swisstopo:routepoint_id>
				</extensions>
			</trkpt>
			<trkpt lat="46.6979386138" lon="8.1718314727">
				<ele>1224.7</ele>
				<extensions>
					<swisstopo:routepoint_id>1461347870</swisstopo:routepoint_id>
				</extensions>
			</trkpt>
			<trkpt lat="46.6979162196" lon="8.1718261629">
				<ele>1224.8</ele>
				<extensions>
					<swisstopo:routepoint_id>1494266384</swisstopo:routepoint_id>
				</extensions>
			</trkpt>
			<trkpt lat="46.6978882850" lon="8.1718449743">
				<ele>1225.0</ele>
				<extensions>
					<swisstopo:routepoint_id>315560861</swisstopo:routepoint_id>
				</extensions>
			</trkpt>
			<trkpt lat="46.6978743841" lon="8.1718672772">
				<ele>1225.1</ele>
				<extensions>
					<swisstopo:routepoint_id>653834080</swisstopo:routepoint_id>
				</extensions>
			</trkpt>
			<trkpt lat="46.6978595661" lon="8.1718983140">
				<ele>1225.2</ele>
				<extensions>
					<swisstopo:routepoint_id>1757942158</swisstopo:routepoint_id>
				</extensions>
			</trkpt>
			<trkpt lat="46.6978542160" lon="8.1719269770">
				<ele>1225.2</ele>
				<extensions>
					<swisstopo:routepoint_id>904355311</swisstopo:routepoint_id>
				</extensions>
			</trkpt>
			<trkpt lat="46.6978491294" lon="8.1719556499">
				<ele>1225.9</ele>
				<extensions>
					<swisstopo:routepoint_id>333797325</swisstopo:routepoint_id>
				</extensions>
			</trkpt>
			<trkpt lat="46.6976907935" lon="8.1719696681">
				<ele>1228.1</ele>
				<extensions>
					<swisstopo:routepoint_id>2006953022</swisstopo:routepoint_id>
				</extensions>
			</trkpt>
			<trkpt lat="46.6975765045" lon="8.1719743260">
				<ele>1229.8</ele>
				<extensions>
					<swisstopo:routepoint_id>335012887</swisstopo:routepoint_id>
				</extensions>
			</trkpt>
			<trkpt lat="46.6975004549" lon="8.1719588570">
				<ele>1230.7</ele>
				<extensions>
					<swisstopo:routepoint_id>1411530128</swisstopo:routepoint_id>
				</extensions>
			</trkpt>
			<trkpt lat="46.6974069201" lon="8.1719452125">
				<ele>1231.5</ele>
				<extensions>
					<swisstopo:routepoint_id>1562494292</swisstopo:routepoint_id>
				</extensions>
			</trkpt>
			<trkpt lat="46.6972813499" lon="8.1718879301">
				<ele>1231.8</ele>
				<extensions>
					<swisstopo:routepoint_id>1127691181</swisstopo:routepoint_id>
				</extensions>
			</trkpt>
			<trkpt lat="46.6972671291" lon="8.1718814423">
				<ele>1231.8</ele>
				<extensions>
					<swisstopo:routepoint_id>695976336</swisstopo:routepoint_id>
				</extensions>
			</trkpt>
			<trkpt lat="46.6971125748" lon="8.1718128559">
				<ele>1232.4</ele>
				<extensions>
					<swisstopo:routepoint_id>992072292</swisstopo:routepoint_id>
				</extensions>
			</trkpt>
			<trkpt lat="46.6969746574" lon="8.1717091022">
				<ele>1232.9</ele>
				<extensions>
					<swisstopo:routepoint_id>473075298</swisstopo:routepoint_id>
				</extensions>
			</trkpt>
			<trkpt lat="46.6968695717" lon="8.1715831888">
				<ele>1233.2</ele>
				<extensions>
					<swisstopo:routepoint_id>1149858893</swisstopo:routepoint_id>
				</extensions>
			</trkpt>
			<trkpt lat="46.6968187374" lon="8.1714872101">
				<ele>1233.3</ele>
				<extensions>
					<swisstopo:routepoint_id>299568723</swisstopo:routepoint_id>
				</extensions>
			</trkpt>
			<trkpt lat="46.6967730620" lon="8.1714009629">
				<ele>1233.4</ele>
				<extensions>
					<swisstopo:routepoint_id>34404604</swisstopo:routepoint_id>
				</extensions>
			</trkpt>
			<trkpt lat="46.6966183865" lon="8.1711448045">
				<ele>1234.9</ele>
				<extensions>
					<swisstopo:routepoint_id>994205073</swisstopo:routepoint_id>
				</extensions>
			</trkpt>
			<trkpt lat="46.6964858049" lon="8.1709857565">
				<ele>1236.1</ele>
				<extensions>
					<swisstopo:routepoint_id>1342444065</swisstopo:routepoint_id>
				</extensions>
			</trkpt>
			<trkpt lat="46.6963772394" lon="8.1708858456">
				<ele>1237.0</ele>
				<extensions>
					<swisstopo:routepoint_id>343023059</swisstopo:routepoint_id>
				</extensions>
			</trkpt>
			<trkpt lat="46.6962130998" lon="8.1707967870">
				<ele>1239.5</ele>
				<extensions>
					<swisstopo:routepoint_id>1898729697</swisstopo:routepoint_id>
				</extensions>
			</trkpt>
			<trkpt lat="46.6961669731" lon="8.1707469713">
				<ele>1239.7</ele>
				<extensions>
					<swisstopo:routepoint_id>1219580095</swisstopo:routepoint_id>
				</extensions>
			</trkpt>
			<trkpt lat="46.6961165449" lon="8.1707253406">
				<ele>1240.2</ele>
				<extensions>
					<swisstopo:routepoint_id>1624452858</swisstopo:routepoint_id>
				</extensions>
			</trkpt>
			<trkpt lat="46.6960894283" lon="8.1707508727">
				<ele>1241.0</ele>
				<extensions>
					<swisstopo:routepoint_id>2002685527</swisstopo:routepoint_id>
				</extensions>
			</trkpt>
			<trkpt lat="46.6960371342" lon="8.1707585323">
				<ele>1241.6</ele>
				<extensions>
					<swisstopo:routepoint_id>565898749</swisstopo:routepoint_id>
				</extensions>
			</trkpt>
			<trkpt lat="46.6960049209" lon="8.1707035750">
				<ele>1241.9</ele>
				<extensions>
					<swisstopo:routepoint_id>385142001</swisstopo:routepoint_id>
				</extensions>
			</trkpt>
			<trkpt lat="46.6959333459" lon="8.1706739200">
				<ele>1242.1</ele>
				<extensions>
					<swisstopo:routepoint_id>396375285</swisstopo:routepoint_id>
				</extensions>
			</trkpt>
			<trkpt lat="46.6957953611" lon="8.1705777675">
				<ele>1244.2</ele>
				<extensions>
					<swisstopo:routepoint_id>1144232310</swisstopo:routepoint_id>
				</extensions>
			</trkpt>
			<trkpt lat="46.6955460087" lon="8.1704294535">
				<ele>1247.9</ele>
				<extensions>
					<swisstopo:routepoint_id>285768886</swisstopo:routepoint_id>
				</extensions>
			</trkpt>
			<trkpt lat="46.6954700105" lon="8.1703388739">
				<ele>1249.4</ele>
				<extensions>
					<swisstopo:routepoint_id>659582100</swisstopo:routepoint_id>
				</extensions>
			</trkpt>
			<trkpt lat="46.6953611199" lon="8.1702813324">
				<ele>1253.4</ele>
				<extensions>
					<swisstopo:routepoint_id>1850322501</swisstopo:routepoint_id>
				</extensions>
			</trkpt>
			<trkpt lat="46.6953140065" lon="8.1702340089">
				<ele>1254.6</ele>
				<extensions>
					<swisstopo:routepoint_id>1004662745</swisstopo:routepoint_id>
				</extensions>
			</trkpt>
			<trkpt lat="46.6952728628" lon="8.1701926809">
				<ele>1255.7</ele>
				<extensions>
					<swisstopo:routepoint_id>786839673</swisstopo:routepoint_id>
				</extensions>
			</trkpt>
			<trkpt lat="46.6952141592" lon="8.1701860816">
				<ele>1257.5</ele>
				<extensions>
					<swisstopo:routepoint_id>80927232</swisstopo:routepoint_id>
				</extensions>
			</trkpt>
			<trkpt lat="46.6951858555" lon="8.1701529287">
				<ele>1258.1</ele>
				<extensions>
					<swisstopo:routepoint_id>2039136815</swisstopo:routepoint_id>
				</extensions>
			</trkpt>
			<trkpt lat="46.6951783464" lon="8.1701745196">
				<ele>1258.7</ele>
				<extensions>
					<swisstopo:routepoint_id>1049905681</swisstopo:routepoint_id>
				</extensions>
			</trkpt>
			<trkpt lat="46.6952061928" lon="8.1702652114">
				<ele>1259.5</ele>
				<extensions>
					<swisstopo:routepoint_id>604812876</swisstopo:routepoint_id>
				</extensions>
			</trkpt>
			<trkpt lat="46.6951969503" lon="8.1703008873">
				<ele>1259.6</ele>
				<extensions>
					<swisstopo:routepoint_id>116820662</swisstopo:routepoint_id>
				</extensions>
			</trkpt>
			<trkpt lat="46.6949445797" lon="8.1700328236">
				<ele>1262.7</ele>
				<extensions>
					<swisstopo:routepoint_id>1877378119</swisstopo:routepoint_id>
				</extensions>
			</trkpt>
			<trkpt lat="46.6948700838" lon="8.1699586152">
				<ele>1263.6</ele>
				<extensions>
					<swisstopo:routepoint_id>1244111273</swisstopo:routepoint_id>
				</extensions>
			</trkpt>
			<trkpt lat="46.6947932296" lon="8.1698877649">
				<ele>1264.8</ele>
				<extensions>
					<swisstopo:routepoint_id>1547534870</swisstopo:routepoint_id>
				</extensions>
			</trkpt>
			<trkpt lat="46.6947315112" lon="8.1698307496">
				<ele>1265.6</ele>
				<extensions>
					<swisstopo:routepoint_id>361434598</swisstopo:routepoint_id>
				</extensions>
			</trkpt>
			<trkpt lat="46.6946732826" lon="8.1697788825">
				<ele>1266.4</ele>
				<extensions>
					<swisstopo:routepoint_id>636842978</swisstopo:routepoint_id>
				</extensions>
			</trkpt>
			<trkpt lat="46.6946104175" lon="8.1697184493">
				<ele>1267.4</ele>
				<extensions>
					<swisstopo:routepoint_id>1785923471</swisstopo:routepoint_id>
				</extensions>
			</trkpt>
			<trkpt lat="46.6945511339" lon="8.1696461398">
				<ele>1268.7</ele>
				<extensions>
					<swisstopo:routepoint_id>512221121</swisstopo:routepoint_id>
				</extensions>
			</trkpt>
			<trkpt lat="46.6945298246" lon="8.1696182405">
				<ele>1269.0</ele>
				<extensions>
					<swisstopo:routepoint_id>637874135</swisstopo:routepoint_id>
				</extensions>
			</trkpt>
			<trkpt lat="46.6944963802" lon="8.1696195237">
				<ele>1269.8</ele>
				<extensions>
					<swisstopo:routepoint_id>2041597643</swisstopo:routepoint_id>
				</extensions>
			</trkpt>
			<trkpt lat="46.6944356119" lon="8.1695937965">
				<ele>1271.8</ele>
				<extensions>
					<swisstopo:routepoint_id>1990060803</swisstopo:routepoint_id>
				</extensions>
			</trkpt>
			<trkpt lat="46.6943559321" lon="8.1695484317">
				<ele>1273.6</ele>
				<extensions>
					<swisstopo:routepoint_id>92753954</swisstopo:routepoint_id>
				</extensions>
			</trkpt>
			<trkpt lat="46.6942951815" lon="8.1695199471">
				<ele>1274.6</ele>
				<extensions>
					<swisstopo:routepoint_id>671836840</swisstopo:routepoint_id>
				</extensions>
			</trkpt>
			<trkpt lat="46.6942303876" lon="8.1695273680">
				<ele>1277.0</ele>
				<extensions>
					<swisstopo:routepoint_id>680304324</swisstopo:routepoint_id>
				</extensions>
			</trkpt>
			<trkpt lat="46.6941369297" lon="8.1695510113">
				<ele>1279.1</ele>
				<extensions>
					<swisstopo:routepoint_id>1873833997</swisstopo:routepoint_id>
				</extensions>
			</trkpt>
			<trkpt lat="46.6940475590" lon="8.1695331957">
				<ele>1281.9</ele>
				<extensions>
					<swisstopo:routepoint_id>393652851</swisstopo:routepoint_id>
				</extensions>
			</trkpt>
			<trkpt lat="46.6939965347" lon="8.1694716153">
				<ele>1282.4</ele>
				<extensions>
					<swisstopo:routepoint_id>393053689</swisstopo:routepoint_id>
				</extensions>
			</trkpt>
			<trkpt lat="46.6939645371" lon="8.1694130697">
				<ele>1281.2</ele>
				<extensions>
					<swisstopo:routepoint_id>176222586</swisstopo:routepoint_id>
				</extensions>
			</trkpt>
			<trkpt lat="46.6939876513" lon="8.1693718689">
				<ele>1282.7</ele>
				<extensions>
					<swisstopo:routepoint_id>1506072825</swisstopo:routepoint_id>
				</extensions>
			</trkpt>
			<trkpt lat="46.6939649983" lon="8.1693411303">
				<ele>1284.1</ele>
				<extensions>
					<swisstopo:routepoint_id>646110751</swisstopo:routepoint_id>
				</extensions>
			</trkpt>
			<trkpt lat="46.6938606084" lon="8.1692899031">
				<ele>1286.4</ele>
				<extensions>
					<swisstopo:routepoint_id>804242767</swisstopo:routepoint_id>
				</extensions>
			</trkpt>
			<trkpt lat="46.6937827285" lon="8.1692583973">
				<ele>1289.2</ele>
				<extensions>
					<swisstopo:routepoint_id>134337452</swisstopo:routepoint_id>
				</extensions>
			</trkpt>
			<trkpt lat="46.6936744552" lon="8.1692181937">
				<ele>1291.7</ele>
				<extensions>
					<swisstopo:routepoint_id>1513736723</swisstopo:routepoint_id>
				</extensions>
			</trkpt>
			<trkpt lat="46.6935947931" lon="8.1691700725">
				<ele>1294.4</ele>
				<extensions>
					<swisstopo:routepoint_id>1468459321</swisstopo:routepoint_id>
				</extensions>
			</trkpt>
			<trkpt lat="46.6935544284" lon="8.1691339937">
				<ele>1295.7</ele>
				<extensions>
					<swisstopo:routepoint_id>1486600417</swisstopo:routepoint_id>
				</extensions>
			</trkpt>
			<trkpt lat="46.6935220922" lon="8.1691049308">
				<ele>1296.8</ele>
				<extensions>
					<swisstopo:routepoint_id>1144808270</swisstopo:routepoint_id>
				</extensions>
			</trkpt>
			<trkpt lat="46.6934641981" lon="8.1690131398">
				<ele>1297.7</ele>
				<extensions>
					<swisstopo:routepoint_id>659633212</swisstopo:routepoint_id>
				</extensions>
			</trkpt>
			<trkpt lat="46.6933910634" lon="8.1688978227">
				<ele>1299.7</ele>
				<extensions>
					<swisstopo:routepoint_id>1745037413</swisstopo:routepoint_id>
				</extensions>
			</trkpt>
			<trkpt lat="46.6933556410" lon="8.1688623027">
				<ele>1299.8</ele>
				<extensions>
					<swisstopo:routepoint_id>523334954</swisstopo:routepoint_id>
				</extensions>
			</trkpt>
			<trkpt lat="46.6933189009" lon="8.1688267776">
				<ele>1299.8</ele>
				<extensions>
					<swisstopo:routepoint_id>929964260</swisstopo:routepoint_id>
				</extensions>
			</trkpt>
			<trkpt lat="46.6932847854" lon="8.1687929543">
				<ele>1299.8</ele>
				<extensions>
					<swisstopo:routepoint_id>1605397424</swisstopo:routepoint_id>
				</extensions>
			</trkpt>
			<trkpt lat="46.6932428390" lon="8.1687473428">
				<ele>1299.5</ele>
				<extensions>
					<swisstopo:routepoint_id>1947997477</swisstopo:routepoint_id>
				</extensions>
			</trkpt>
			<trkpt lat="46.6931905395" lon="8.1686749264">
				<ele>1299.5</ele>
				<extensions>
					<swisstopo:routepoint_id>147821687</swisstopo:routepoint_id>
				</extensions>
			</trkpt>
			<trkpt lat="46.6931292177" lon="8.1685723716">
				<ele>1298.8</ele>
				<extensions>
					<swisstopo:routepoint_id>2091272248</swisstopo:routepoint_id>
				</extensions>
			</trkpt>
			<trkpt lat="46.6931057174" lon="8.1685353536">
				<ele>1298.6</ele>
				<extensions>
					<swisstopo:routepoint_id>1059747317</swisstopo:routepoint_id>
				</extensions>
			</trkpt>
			<trkpt lat="46.6930622704" lon="8.1685114011">
				<ele>1298.4</ele>
				<extensions>
					<swisstopo:routepoint_id>888342123</swisstopo:routepoint_id>
				</extensions>
			</trkpt>
			<trkpt lat="46.6930174279" lon="8.1684940882">
				<ele>1298.4</ele>
				<extensions>
					<swisstopo:routepoint_id>997705757</swisstopo:routepoint_id>
				</extensions>
			</trkpt>
			<trkpt lat="46.6929857719" lon="8.1684836437">
				<ele>1298.4</ele>
				<extensions>
					<swisstopo:routepoint_id>821257518</swisstopo:routepoint_id>
				</extensions>
			</trkpt>
			<trkpt lat="46.6929502269" lon="8.1684631498">
				<ele>1298.0</ele>
				<extensions>
					<swisstopo:routepoint_id>2115716992</swisstopo:routepoint_id>
				</extensions>
			</trkpt>
			<trkpt lat="46.6928937460" lon="8.1684139971">
				<ele>1297.1</ele>
				<extensions>
					<swisstopo:routepoint_id>1957483055</swisstopo:routepoint_id>
				</extensions>
			</trkpt>
			<trkpt lat="46.6928478998" lon="8.1683599963">
				<ele>1297.1</ele>
				<extensions>
					<swisstopo:routepoint_id>2014843793</swisstopo:routepoint_id>
				</extensions>
			</trkpt>
			<trkpt lat="46.6927942825" lon="8.1682875629">
				<ele>1296.5</ele>
				<extensions>
					<swisstopo:routepoint_id>2030818852</swisstopo:routepoint_id>
				</extensions>
			</trkpt>
			<trkpt lat="46.6927458932" lon="8.1682218650">
				<ele>1296.5</ele>
				<extensions>
					<swisstopo:routepoint_id>109366891</swisstopo:routepoint_id>
				</extensions>
			</trkpt>
			<trkpt lat="46.6927067750" lon="8.1681529603">
				<ele>1296.6</ele>
				<extensions>
					<swisstopo:routepoint_id>1897438063</swisstopo:routepoint_id>
				</extensions>
			</trkpt>
			<trkpt lat="46.6926756046" lon="8.1680858357">
				<ele>1296.9</ele>
				<extensions>
					<swisstopo:routepoint_id>1282316644</swisstopo:routepoint_id>
				</extensions>
			</trkpt>
			<trkpt lat="46.6926327285" lon="8.1679918692">
				<ele>1297.2</ele>
				<extensions>
					<swisstopo:routepoint_id>1186961261</swisstopo:routepoint_id>
				</extensions>
			</trkpt>
			<trkpt lat="46.6926079177" lon="8.1679276268">
				<ele>1297.8</ele>
				<extensions>
					<swisstopo:routepoint_id>1611418054</swisstopo:routepoint_id>
				</extensions>
			</trkpt>
			<trkpt lat="46.6925449674" lon="8.1677993514">
				<ele>1299.0</ele>
				<extensions>
					<swisstopo:routepoint_id>2129563508</swisstopo:routepoint_id>
				</extensions>
			</trkpt>
			<trkpt lat="46.6925212526" lon="8.1677258584">
				<ele>1299.1</ele>
				<extensions>
					<swisstopo:routepoint_id>1339700608</swisstopo:routepoint_id>
				</extensions>
			</trkpt>
			<trkpt lat="46.6925018011" lon="8.1676655858">
				<ele>1299.2</ele>
				<extensions>
					<swisstopo:routepoint_id>1297074550</swisstopo:routepoint_id>
				</extensions>
			</trkpt>
			<trkpt lat="46.6924786040" lon="8.1675701431">
				<ele>1299.7</ele>
				<extensions>
					<swisstopo:routepoint_id>72269015</swisstopo:routepoint_id>
				</extensions>
			</trkpt>
			<trkpt lat="46.6924412958" lon="8.1674503031">
				<ele>1299.9</ele>
				<extensions>
					<swisstopo:routepoint_id>1678815964</swisstopo:routepoint_id>
				</extensions>
			</trkpt>
			<trkpt lat="46.6923906049" lon="8.1673735188">
				<ele>1301.5</ele>
				<extensions>
					<swisstopo:routepoint_id>242485589</swisstopo:routepoint_id>
				</extensions>
			</trkpt>
			<trkpt lat="46.6923904694" lon="8.1672092085">
				<ele>1301.0</ele>
				<extensions>
					<swisstopo:routepoint_id>1089919557</swisstopo:routepoint_id>
				</extensions>
			</trkpt>
			<trkpt lat="46.6924223473" lon="8.1670626367">
				<ele>1299.5</ele>
				<extensions>
					<swisstopo:routepoint_id>813213295</swisstopo:routepoint_id>
				</extensions>
			</trkpt>
			<trkpt lat="46.6924467299" lon="8.1669712904">
				<ele>1298.7</ele>
				<extensions>
					<swisstopo:routepoint_id>653991463</swisstopo:routepoint_id>
				</extensions>
			</trkpt>
			<trkpt lat="46.6924514241" lon="8.1669007061">
				<ele>1297.4</ele>
				<extensions>
					<swisstopo:routepoint_id>1036790403</swisstopo:routepoint_id>
				</extensions>
			</trkpt>
			<trkpt lat="46.6924373750" lon="8.1668404974">
				<ele>1297.3</ele>
				<extensions>
					<swisstopo:routepoint_id>1242655754</swisstopo:routepoint_id>
				</extensions>
			</trkpt>
			<trkpt lat="46.6924231415" lon="8.1668036184">
				<ele>1297.3</ele>
				<extensions>
					<swisstopo:routepoint_id>43389041</swisstopo:routepoint_id>
				</extensions>
			</trkpt>
			<trkpt lat="46.6923958136" lon="8.1667482226">
				<ele>1297.3</ele>
				<extensions>
					<swisstopo:routepoint_id>137358738</swisstopo:routepoint_id>
				</extensions>
			</trkpt>
			<trkpt lat="46.6923462067" lon="8.1666708216">
				<ele>1296.8</ele>
				<extensions>
					<swisstopo:routepoint_id>1600239338</swisstopo:routepoint_id>
				</extensions>
			</trkpt>
			<trkpt lat="46.6923056371" lon="8.1666185794">
				<ele>1296.7</ele>
				<extensions>
					<swisstopo:routepoint_id>10189293</swisstopo:routepoint_id>
				</extensions>
			</trkpt>
			<trkpt lat="46.6922479881" lon="8.1665527458">
				<ele>1296.7</ele>
				<extensions>
					<swisstopo:routepoint_id>1145487064</swisstopo:routepoint_id>
				</extensions>
			</trkpt>
			<trkpt lat="46.6922310523" lon="8.1665208289">
				<ele>1296.6</ele>
				<extensions>
					<swisstopo:routepoint_id>512438562</swisstopo:routepoint_id>
				</extensions>
			</trkpt>
			<trkpt lat="46.6922220107" lon="8.1664564367">
				<ele>1294.8</ele>
				<extensions>
					<swisstopo:routepoint_id>45773284</swisstopo:routepoint_id>
				</extensions>
			</trkpt>
			<trkpt lat="46.6921484647" lon="8.1663982343">
				<ele>1294.9</ele>
				<extensions>
					<swisstopo:routepoint_id>2108515554</swisstopo:routepoint_id>
				</extensions>
			</trkpt>
			<trkpt lat="46.6921522655" lon="8.1663436674">
				<ele>1294.6</ele>
				<extensions>
					<swisstopo:routepoint_id>805351964</swisstopo:routepoint_id>
				</extensions>
			</trkpt>
			<trkpt lat="46.6921599561" lon="8.1662963347">
				<ele>1294.2</ele>
				<extensions>
					<swisstopo:routepoint_id>977129339</swisstopo:routepoint_id>
				</extensions>
			</trkpt>
			<trkpt lat="46.6921697124" lon="8.1662474019">
				<ele>1293.6</ele>
				<extensions>
					<swisstopo:routepoint_id>653362350</swisstopo:routepoint_id>
				</extensions>
			</trkpt>
			<trkpt lat="46.6921739306" lon="8.1661962750">
				<ele>1293.3</ele>
				<extensions>
					<swisstopo:routepoint_id>1032573851</swisstopo:routepoint_id>
				</extensions>
			</trkpt>
			<trkpt lat="46.6921692909" lon="8.1661634261">
				<ele>1292.9</ele>
				<extensions>
					<swisstopo:routepoint_id>1841528345</swisstopo:routepoint_id>
				</extensions>
			</trkpt>
			<trkpt lat="46.6921236452" lon="8.1660668521">
				<ele>1293.0</ele>
				<extensions>
					<swisstopo:routepoint_id>413455770</swisstopo:routepoint_id>
				</extensions>
			</trkpt>
			<trkpt lat="46.6920499849" lon="8.1659315350">
				<ele>1293.2</ele>
				<extensions>
					<swisstopo:routepoint_id>295180620</swisstopo:routepoint_id>
				</extensions>
			</trkpt>
			<trkpt lat="46.6919653811" lon="8.1657696044">
				<ele>1293.2</ele>
				<extensions>
					<swisstopo:routepoint_id>824665594</swisstopo:routepoint_id>
				</extensions>
			</trkpt>
			<trkpt lat="46.6918761132" lon="8.1656116394">
				<ele>1293.1</ele>
				<extensions>
					<swisstopo:routepoint_id>290221933</swisstopo:routepoint_id>
				</extensions>
			</trkpt>
			<trkpt lat="46.6918049663" lon="8.1654802322">
				<ele>1293.1</ele>
				<extensions>
					<swisstopo:routepoint_id>1422899275</swisstopo:routepoint_id>
				</extensions>
			</trkpt>
			<trkpt lat="46.6917507401" lon="8.1653831481">
				<ele>1293.2</ele>
				<extensions>
					<swisstopo:routepoint_id>784484144</swisstopo:routepoint_id>
				</extensions>
			</trkpt>
			<trkpt lat="46.6916980153" lon="8.1653220236">
				<ele>1293.5</ele>
				<extensions>
					<swisstopo:routepoint_id>357428229</swisstopo:routepoint_id>
				</extensions>
			</trkpt>
			<trkpt lat="46.6916009773" lon="8.1652224926">
				<ele>1295.1</ele>
				<extensions>
					<swisstopo:routepoint_id>1451141144</swisstopo:routepoint_id>
				</extensions>
			</trkpt>
			<trkpt lat="46.6915786416" lon="8.1651886718">
				<ele>1295.6</ele>
				<extensions>
					<swisstopo:routepoint_id>1758756236</swisstopo:routepoint_id>
				</extensions>
			</trkpt>
			<trkpt lat="46.6915260359" lon="8.1650798899">
				<ele>1295.5</ele>
				<extensions>
					<swisstopo:routepoint_id>230096348</swisstopo:routepoint_id>
				</extensions>
			</trkpt>
			<trkpt lat="46.6914901586" lon="8.1650094496">
				<ele>1295.4</ele>
				<extensions>
					<swisstopo:routepoint_id>1191498489</swisstopo:routepoint_id>
				</extensions>
			</trkpt>
			<trkpt lat="46.6914479969" lon="8.1649270514">
				<ele>1295.2</ele>
				<extensions>
					<swisstopo:routepoint_id>1737147122</swisstopo:routepoint_id>
				</extensions>
			</trkpt>
			<trkpt lat="46.6913941296" lon="8.1648273368">
				<ele>1295.0</ele>
				<extensions>
					<swisstopo:routepoint_id>202623831</swisstopo:routepoint_id>
				</extensions>
			</trkpt>
			<trkpt lat="46.6913340041" lon="8.1647143308">
				<ele>1294.3</ele>
				<extensions>
					<swisstopo:routepoint_id>1854511827</swisstopo:routepoint_id>
				</extensions>
			</trkpt>
			<trkpt lat="46.6910678170" lon="8.1642976149">
				<ele>1294.8</ele>
				<extensions>
					<swisstopo:routepoint_id>1132436163</swisstopo:routepoint_id>
				</extensions>
			</trkpt>
			<trkpt lat="46.6908410842" lon="8.1639606461">
				<ele>1295.5</ele>
				<extensions>
					<swisstopo:routepoint_id>1510090687</swisstopo:routepoint_id>
				</extensions>
			</trkpt>
			<trkpt lat="46.6906504480" lon="8.1636624021">
				<ele>1296.3</ele>
				<extensions>
					<swisstopo:routepoint_id>1269260734</swisstopo:routepoint_id>
				</extensions>
			</trkpt>
			<trkpt lat="46.6904265453" lon="8.1633069965">
				<ele>1296.7</ele>
				<extensions>
					<swisstopo:routepoint_id>1319333487</swisstopo:routepoint_id>
				</extensions>
			</trkpt>
			<trkpt lat="46.6903464169" lon="8.1631977853">
				<ele>1296.8</ele>
				<extensions>
					<swisstopo:routepoint_id>1004120059</swisstopo:routepoint_id>
				</extensions>
			</trkpt>
			<trkpt lat="46.6903084511" lon="8.1631543980">
				<ele>1296.9</ele>
				<extensions>
					<swisstopo:routepoint_id>1572691905</swisstopo:routepoint_id>
				</extensions>
			</trkpt>
			<trkpt lat="46.6902491067" lon="8.1630813602">
				<ele>1297.0</ele>
				<extensions>
					<swisstopo:routepoint_id>1770007507</swisstopo:routepoint_id>
				</extensions>
			</trkpt>
			<trkpt lat="46.6901948985" lon="8.1630184261">
				<ele>1297.0</ele>
				<extensions>
					<swisstopo:routepoint_id>2031954243</swisstopo:routepoint_id>
				</extensions>
			</trkpt>
			<trkpt lat="46.6901620974" lon="8.1630332417">
				<ele>1297.1</ele>
				<extensions>
					<swisstopo:routepoint_id>1349277788</swisstopo:routepoint_id>
				</extensions>
			</trkpt>
			<trkpt lat="46.6901250462" lon="8.1630436470">
				<ele>1297.2</ele>
				<extensions>
					<swisstopo:routepoint_id>562921089</swisstopo:routepoint_id>
				</extensions>
			</trkpt>
			<trkpt lat="46.6901189149" lon="8.1630020599">
				<ele>1297.2</ele>
				<extensions>
					<swisstopo:routepoint_id>25588127</swisstopo:routepoint_id>
				</extensions>
			</trkpt>
			<trkpt lat="46.6901092750" lon="8.1629403055">
				<ele>1297.2</ele>
				<extensions>
					<swisstopo:routepoint_id>1625404002</swisstopo:routepoint_id>
				</extensions>
			</trkpt>
			<trkpt lat="46.6900833218" lon="8.1629143597">
				<ele>1297.3</ele>
				<extensions>
					<swisstopo:routepoint_id>1020876555</swisstopo:routepoint_id>
				</extensions>
			</trkpt>
			<trkpt lat="46.6899778035" lon="8.1628232056">
				<ele>1297.8</ele>
				<extensions>
					<swisstopo:routepoint_id>699618840</swisstopo:routepoint_id>
				</extensions>
			</trkpt>
			<trkpt lat="46.6898388267" lon="8.1627120889">
				<ele>1297.9</ele>
				<extensions>
					<swisstopo:routepoint_id>700749684</swisstopo:routepoint_id>
				</extensions>
			</trkpt>
			<trkpt lat="46.6896883446" lon="8.1626115231">
				<ele>1298.3</ele>
				<extensions>
					<swisstopo:routepoint_id>734609641</swisstopo:routepoint_id>
				</extensions>
			</trkpt>
			<trkpt lat="46.6894952416" lon="8.1624908722">
				<ele>1298.7</ele>
				<extensions>
					<swisstopo:routepoint_id>695513066</swisstopo:routepoint_id>
				</extensions>
			</trkpt>
			<trkpt lat="46.6894252084" lon="8.1624616160">
				<ele>1298.7</ele>
				<extensions>
					<swisstopo:routepoint_id>1417301370</swisstopo:routepoint_id>
				</extensions>
			</trkpt>
			<trkpt lat="46.6893917277" lon="8.1624465235">
				<ele>1298.8</ele>
				<extensions>
					<swisstopo:routepoint_id>1734094001</swisstopo:routepoint_id>
				</extensions>
			</trkpt>
			<trkpt lat="46.6893742917" lon="8.1624267759">
				<ele>1299.1</ele>
				<extensions>
					<swisstopo:routepoint_id>407571812</swisstopo:routepoint_id>
				</extensions>
			</trkpt>
			<trkpt lat="46.6893500447" lon="8.1623991364">
				<ele>1299.3</ele>
				<extensions>
					<swisstopo:routepoint_id>1379591153</swisstopo:routepoint_id>
				</extensions>
			</trkpt>
			<trkpt lat="46.6891053162" lon="8.1622348861">
				<ele>1299.7</ele>
				<extensions>
					<swisstopo:routepoint_id>1634684232</swisstopo:routepoint_id>
				</extensions>
			</trkpt>
			<trkpt lat="46.6888301241" lon="8.1620604242">
				<ele>1299.9</ele>
				<extensions>
					<swisstopo:routepoint_id>1267607096</swisstopo:routepoint_id>
				</extensions>
			</trkpt>
			<trkpt lat="46.6885510971" lon="8.1618908021">
				<ele>1300.4</ele>
				<extensions>
					<swisstopo:routepoint_id>1661893254</swisstopo:routepoint_id>
				</extensions>
			</trkpt>
			<trkpt lat="46.6884461877" lon="8.1618240317">
				<ele>1300.6</ele>
				<extensions>
					<swisstopo:routepoint_id>276472245</swisstopo:routepoint_id>
				</extensions>
			</trkpt>
			<trkpt lat="46.6884096153" lon="8.1618157220">
				<ele>1300.9</ele>
				<extensions>
					<swisstopo:routepoint_id>1654678985</swisstopo:routepoint_id>
				</extensions>
			</trkpt>
			<trkpt lat="46.6883630612" lon="8.1618160298">
				<ele>1301.1</ele>
				<extensions>
					<swisstopo:routepoint_id>1853192718</swisstopo:routepoint_id>
				</extensions>
			</trkpt>
			<trkpt lat="46.6883248651" lon="8.1618213327">
				<ele>1301.5</ele>
				<extensions>
					<swisstopo:routepoint_id>1450080182</swisstopo:routepoint_id>
				</extensions>
			</trkpt>
			<trkpt lat="46.6882935400" lon="8.1618306406">
				<ele>1301.9</ele>
				<extensions>
					<swisstopo:routepoint_id>1078108503</swisstopo:routepoint_id>
				</extensions>
			</trkpt>
			<trkpt lat="46.6882401125" lon="8.1618647124">
				<ele>1302.5</ele>
				<extensions>
					<swisstopo:routepoint_id>859210933</swisstopo:routepoint_id>
				</extensions>
			</trkpt>
			<trkpt lat="46.6881846221" lon="8.1618680854">
				<ele>1302.4</ele>
				<extensions>
					<swisstopo:routepoint_id>1045618962</swisstopo:routepoint_id>
				</extensions>
			</trkpt>
			<trkpt lat="46.6881038505" lon="8.1618752366">
				<ele>1302.5</ele>
				<extensions>
					<swisstopo:routepoint_id>94486585</swisstopo:routepoint_id>
				</extensions>
			</trkpt>
			<trkpt lat="46.6880087265" lon="8.1618889423">
				<ele>1302.5</ele>
				<extensions>
					<swisstopo:routepoint_id>255296413</swisstopo:routepoint_id>
				</extensions>
			</trkpt>
			<trkpt lat="46.6879592668" lon="8.1618847364">
				<ele>1302.5</ele>
				<extensions>
					<swisstopo:routepoint_id>870150469</swisstopo:routepoint_id>
				</extensions>
			</trkpt>
			<trkpt lat="46.6879370561" lon="8.1618809088">
				<ele>1302.5</ele>
				<extensions>
					<swisstopo:routepoint_id>1761277131</swisstopo:routepoint_id>
				</extensions>
			</trkpt>
			<trkpt lat="46.6879057382" lon="8.1618641609">
				<ele>1302.0</ele>
				<extensions>
					<swisstopo:routepoint_id>1083493492</swisstopo:routepoint_id>
				</extensions>
			</trkpt>
			<trkpt lat="46.6878572211" lon="8.1618193904">
				<ele>1301.5</ele>
				<extensions>
					<swisstopo:routepoint_id>803629925</swisstopo:routepoint_id>
				</extensions>
			</trkpt>
			<trkpt lat="46.6878256920" lon="8.1617874479">
				<ele>1301.7</ele>
				<extensions>
					<swisstopo:routepoint_id>1529492645</swisstopo:routepoint_id>
				</extensions>
			</trkpt>
			<trkpt lat="46.6878007489" lon="8.1617352062">
				<ele>1302.3</ele>
				<extensions>
					<swisstopo:routepoint_id>720731675</swisstopo:routepoint_id>
				</extensions>
			</trkpt>
			<trkpt lat="46.6877694103" lon="8.1616524507">
				<ele>1303.2</ele>
				<extensions>
					<swisstopo:routepoint_id>247028418</swisstopo:routepoint_id>
				</extensions>
			</trkpt>
			<trkpt lat="46.6877337691" lon="8.1615984699">
				<ele>1303.5</ele>
				<extensions>
					<swisstopo:routepoint_id>54573841</swisstopo:routepoint_id>
				</extensions>
			</trkpt>
			<trkpt lat="46.6876935064" lon="8.1615681085">
				<ele>1303.8</ele>
				<extensions>
					<swisstopo:routepoint_id>251333070</swisstopo:routepoint_id>
				</extensions>
			</trkpt>
			<trkpt lat="46.6876263205" lon="8.1615372777">
				<ele>1304.1</ele>
				<extensions>
					<swisstopo:routepoint_id>766270647</swisstopo:routepoint_id>
				</extensions>
			</trkpt>
			<trkpt lat="46.6875740938" lon="8.1615067050">
				<ele>1304.2</ele>
				<extensions>
					<swisstopo:routepoint_id>903146349</swisstopo:routepoint_id>
				</extensions>
			</trkpt>
			<trkpt lat="46.6874906894" lon="8.1614261821">
				<ele>1304.3</ele>
				<extensions>
					<swisstopo:routepoint_id>1583163297</swisstopo:routepoint_id>
				</extensions>
			</trkpt>
			<trkpt lat="46.6873668982" lon="8.1613390033">
				<ele>1304.2</ele>
				<extensions>
					<swisstopo:routepoint_id>955965272</swisstopo:routepoint_id>
				</extensions>
			</trkpt>
			<trkpt lat="46.6872147191" lon="8.1612453935">
				<ele>1304.0</ele>
				<extensions>
					<swisstopo:routepoint_id>1942336817</swisstopo:routepoint_id>
				</extensions>
			</trkpt>
			<trkpt lat="46.6870132949" lon="8.1611192925">
				<ele>1303.7</ele>
				<extensions>
					<swisstopo:routepoint_id>1214599536</swisstopo:routepoint_id>
				</extensions>
			</trkpt>
			<trkpt lat="46.6868014211" lon="8.1609910228">
				<ele>1304.7</ele>
				<extensions>
					<swisstopo:routepoint_id>1984389578</swisstopo:routepoint_id>
				</extensions>
			</trkpt>
			<trkpt lat="46.6866277409" lon="8.1608633484">
				<ele>1304.9</ele>
				<extensions>
					<swisstopo:routepoint_id>376282278</swisstopo:routepoint_id>
				</extensions>
			</trkpt>
			<trkpt lat="46.6865447879" lon="8.1608792738">
				<ele>1305.3</ele>
				<extensions>
					<swisstopo:routepoint_id>1494457370</swisstopo:routepoint_id>
				</extensions>
			</trkpt>
			<trkpt lat="46.6863579076" lon="8.1609117754">
				<ele>1305.7</ele>
				<extensions>
					<swisstopo:routepoint_id>1289831284</swisstopo:routepoint_id>
				</extensions>
			</trkpt>
			<trkpt lat="46.6862472862" lon="8.1609422023">
				<ele>1306.1</ele>
				<extensions>
					<swisstopo:routepoint_id>460699017</swisstopo:routepoint_id>
				</extensions>
			</trkpt>
			<trkpt lat="46.6861376230" lon="8.1609434273">
				<ele>1306.9</ele>
				<extensions>
					<swisstopo:routepoint_id>1871776560</swisstopo:routepoint_id>
				</extensions>
			</trkpt>
			<trkpt lat="46.6860607135" lon="8.1609267403">
				<ele>1307.0</ele>
				<extensions>
					<swisstopo:routepoint_id>1765297695</swisstopo:routepoint_id>
				</extensions>
			</trkpt>
			<trkpt lat="46.6860109570" lon="8.1609210762">
				<ele>1307.0</ele>
				<extensions>
					<swisstopo:routepoint_id>2056358638</swisstopo:routepoint_id>
				</extensions>
			</trkpt>
			<trkpt lat="46.6858970768" lon="8.1608828625">
				<ele>1307.0</ele>
				<extensions>
					<swisstopo:routepoint_id>535236382</swisstopo:routepoint_id>
				</extensions>
			</trkpt>
			<trkpt lat="46.6858046129" lon="8.1608167428">
				<ele>1307.0</ele>
				<extensions>
					<swisstopo:routepoint_id>1353916342</swisstopo:routepoint_id>
				</extensions>
			</trkpt>
			<trkpt lat="46.6857357728" lon="8.1607590648">
				<ele>1306.9</ele>
				<extensions>
					<swisstopo:routepoint_id>1252002064</swisstopo:routepoint_id>
				</extensions>
			</trkpt>
			<trkpt lat="46.6855927947" lon="8.1606833333">
				<ele>1308.5</ele>
				<extensions>
					<swisstopo:routepoint_id>1332109777</swisstopo:routepoint_id>
				</extensions>
			</trkpt>
			<trkpt lat="46.6855518900" lon="8.1606549566">
				<ele>1308.7</ele>
				<extensions>
					<swisstopo:routepoint_id>654150110</swisstopo:routepoint_id>
				</extensions>
			</trkpt>
			<trkpt lat="46.6854683129" lon="8.1605918480">
				<ele>1308.7</ele>
				<extensions>
					<swisstopo:routepoint_id>1502906932</swisstopo:routepoint_id>
				</extensions>
			</trkpt>
			<trkpt lat="46.6853913839" lon="8.1605272775">
				<ele>1308.7</ele>
				<extensions>
					<swisstopo:routepoint_id>586568266</swisstopo:routepoint_id>
				</extensions>
			</trkpt>
			<trkpt lat="46.6852924823" lon="8.1604406989">
				<ele>1308.7</ele>
				<extensions>
					<swisstopo:routepoint_id>1537018347</swisstopo:routepoint_id>
				</extensions>
			</trkpt>
			<trkpt lat="46.6852276667" lon="8.1603824822">
				<ele>1308.7</ele>
				<extensions>
					<swisstopo:routepoint_id>313519034</swisstopo:routepoint_id>
				</extensions>
			</trkpt>
			<trkpt lat="46.6851464207" lon="8.1602992552">
				<ele>1308.7</ele>
				<extensions>
					<swisstopo:routepoint_id>663289173</swisstopo:routepoint_id>
				</extensions>
			</trkpt>
			<trkpt lat="46.6850860624" lon="8.1602318179">
				<ele>1308.7</ele>
				<extensions>
					<swisstopo:routepoint_id>1609853618</swisstopo:routepoint_id>
				</extensions>
			</trkpt>
			<trkpt lat="46.6849042999" lon="8.1599674895">
				<ele>1308.7</ele>
				<extensions>
					<swisstopo:routepoint_id>264586244</swisstopo:routepoint_id>
				</extensions>
			</trkpt>
			<trkpt lat="46.6848123518" lon="8.1598283290">
				<ele>1309.4</ele>
				<extensions>
					<swisstopo:routepoint_id>2109167439</swisstopo:routepoint_id>
				</extensions>
			</trkpt>
			<trkpt lat="46.6847817320" lon="8.1597767940">
				<ele>1310.2</ele>
				<extensions>
					<swisstopo:routepoint_id>941813747</swisstopo:routepoint_id>
				</extensions>
			</trkpt>
			<trkpt lat="46.6847423868" lon="8.1597080876">
				<ele>1310.7</ele>
				<extensions>
					<swisstopo:routepoint_id>1254021915</swisstopo:routepoint_id>
				</extensions>
			</trkpt>
			<trkpt lat="46.6846667615" lon="8.1596094402">
				<ele>1311.4</ele>
				<extensions>
					<swisstopo:routepoint_id>714837719</swisstopo:routepoint_id>
				</extensions>
			</trkpt>
			<trkpt lat="46.6845987829" lon="8.1595263925">
				<ele>1312.5</ele>
				<extensions>
					<swisstopo:routepoint_id>1984615389</swisstopo:routepoint_id>
				</extensions>
			</trkpt>
			<trkpt lat="46.6845603782" lon="8.1594824768">
				<ele>1312.7</ele>
				<extensions>
					<swisstopo:routepoint_id>945383985</swisstopo:routepoint_id>
				</extensions>
			</trkpt>
			<trkpt lat="46.6845066774" lon="8.1594120218">
				<ele>1312.3</ele>
				<extensions>
					<swisstopo:routepoint_id>76975697</swisstopo:routepoint_id>
				</extensions>
			</trkpt>
			<trkpt lat="46.6844015676" lon="8.1592572094">
				<ele>1311.3</ele>
				<extensions>
					<swisstopo:routepoint_id>114361566</swisstopo:routepoint_id>
				</extensions>
			</trkpt>
			<trkpt lat="46.6843599014" lon="8.1592055147">
				<ele>1311.2</ele>
				<extensions>
					<swisstopo:routepoint_id>1639847652</swisstopo:routepoint_id>
				</extensions>
			</trkpt>
			<trkpt lat="46.6843214468" lon="8.1591709112">
				<ele>1311.2</ele>
				<extensions>
					<swisstopo:routepoint_id>2004219721</swisstopo:routepoint_id>
				</extensions>
			</trkpt>
			<trkpt lat="46.6842906790" lon="8.1591441461">
				<ele>1311.2</ele>
				<extensions>
					<swisstopo:routepoint_id>1031376494</swisstopo:routepoint_id>
				</extensions>
			</trkpt>
			<trkpt lat="46.6842587656" lon="8.1591235761">
				<ele>1312.1</ele>
				<extensions>
					<swisstopo:routepoint_id>1126892941</swisstopo:routepoint_id>
				</extensions>
			</trkpt>
			<trkpt lat="46.6842356455" lon="8.1591108594">
				<ele>1312.6</ele>
				<extensions>
					<swisstopo:routepoint_id>1909764829</swisstopo:routepoint_id>
				</extensions>
			</trkpt>
			<trkpt lat="46.6841949388" lon="8.1590824107">
				<ele>1312.7</ele>
				<extensions>
					<swisstopo:routepoint_id>310474656</swisstopo:routepoint_id>
				</extensions>
			</trkpt>
			<trkpt lat="46.6841641809" lon="8.1590541077">
				<ele>1312.7</ele>
				<extensions>
					<swisstopo:routepoint_id>959467197</swisstopo:routepoint_id>
				</extensions>
			</trkpt>
			<trkpt lat="46.6841179806" lon="8.1590209391">
				<ele>1311.8</ele>
				<extensions>
					<swisstopo:routepoint_id>296618612</swisstopo:routepoint_id>
				</extensions>
			</trkpt>
			<trkpt lat="46.6840354395" lon="8.1589702308">
				<ele>1311.8</ele>
				<extensions>
					<swisstopo:routepoint_id>266169159</swisstopo:routepoint_id>
				</extensions>
			</trkpt>
			<trkpt lat="46.6839354589" lon="8.1588805729">
				<ele>1311.8</ele>
				<extensions>
					<swisstopo:routepoint_id>1820527945</swisstopo:routepoint_id>
				</extensions>
			</trkpt>
			<trkpt lat="46.6838599023" lon="8.1587695276">
				<ele>1312.0</ele>
				<extensions>
					<swisstopo:routepoint_id>1338404489</swisstopo:routepoint_id>
				</extensions>
			</trkpt>
			<trkpt lat="46.6837843545" lon="8.1586584891">
				<ele>1312.6</ele>
				<extensions>
					<swisstopo:routepoint_id>703726474</swisstopo:routepoint_id>
				</extensions>
			</trkpt>
			<trkpt lat="46.6836795282" lon="8.1584571868">
				<ele>1313.3</ele>
				<extensions>
					<swisstopo:routepoint_id>480852305</swisstopo:routepoint_id>
				</extensions>
			</trkpt>
			<trkpt lat="46.6836162020" lon="8.1583339300">
				<ele>1313.3</ele>
				<extensions>
					<swisstopo:routepoint_id>2029960942</swisstopo:routepoint_id>
				</extensions>
			</trkpt>
			<trkpt lat="46.6835637438" lon="8.1582418058">
				<ele>1313.6</ele>
				<extensions>
					<swisstopo:routepoint_id>985507458</swisstopo:routepoint_id>
				</extensions>
			</trkpt>
			<trkpt lat="46.6834970383" lon="8.1581293549">
				<ele>1313.8</ele>
				<extensions>
					<swisstopo:routepoint_id>88860989</swisstopo:routepoint_id>
				</extensions>
			</trkpt>
			<trkpt lat="46.6834313309" lon="8.1580354971">
				<ele>1313.7</ele>
				<extensions>
					<swisstopo:routepoint_id>196775967</swisstopo:routepoint_id>
				</extensions>
			</trkpt>
			<trkpt lat="46.6833567429" lon="8.1579461677">
				<ele>1313.8</ele>
				<extensions>
					<swisstopo:routepoint_id>21988693</swisstopo:routepoint_id>
				</extensions>
			</trkpt>
			<trkpt lat="46.6833018948" lon="8.1578834489">
				<ele>1313.8</ele>
				<extensions>
					<swisstopo:routepoint_id>659310859</swisstopo:routepoint_id>
				</extensions>
			</trkpt>
			<trkpt lat="46.6832359428" lon="8.1578283243">
				<ele>1314.0</ele>
				<extensions>
					<swisstopo:routepoint_id>430634807</swisstopo:routepoint_id>
				</extensions>
			</trkpt>
			<trkpt lat="46.6830995626" lon="8.1577288596">
				<ele>1314.7</ele>
				<extensions>
					<swisstopo:routepoint_id>1386236730</swisstopo:routepoint_id>
				</extensions>
			</trkpt>
			<trkpt lat="46.6830104510" lon="8.1576672292">
				<ele>1314.7</ele>
				<extensions>
					<swisstopo:routepoint_id>68441125</swisstopo:routepoint_id>
				</extensions>
			</trkpt>
			<trkpt lat="46.6829017639" lon="8.1575557332">
				<ele>1315.1</ele>
				<extensions>
					<swisstopo:routepoint_id>574600012</swisstopo:routepoint_id>
				</extensions>
			</trkpt>
			<trkpt lat="46.6828501869" lon="8.1574992691">
				<ele>1317.5</ele>
				<extensions>
					<swisstopo:routepoint_id>63537453</swisstopo:routepoint_id>
				</extensions>
			</trkpt>
			<trkpt lat="46.6828141505" lon="8.1574305982">
				<ele>1316.2</ele>
				<extensions>
					<swisstopo:routepoint_id>1967710579</swisstopo:routepoint_id>
				</extensions>
			</trkpt>
			<trkpt lat="46.6827792985" lon="8.1573495740">
				<ele>1315.9</ele>
				<extensions>
					<swisstopo:routepoint_id>1972040390</swisstopo:routepoint_id>
				</extensions>
			</trkpt>
			<trkpt lat="46.6827106141" lon="8.1571999087">
				<ele>1316.1</ele>
				<extensions>
					<swisstopo:routepoint_id>2129073872</swisstopo:routepoint_id>
				</extensions>
			</trkpt>
			<trkpt lat="46.6826519878" lon="8.1570286772">
				<ele>1316.9</ele>
				<extensions>
					<swisstopo:routepoint_id>1913018787</swisstopo:routepoint_id>
				</extensions>
			</trkpt>
			<trkpt lat="46.6826008515" lon="8.1568993894">
				<ele>1317.0</ele>
				<extensions>
					<swisstopo:routepoint_id>1804015419</swisstopo:routepoint_id>
				</extensions>
			</trkpt>
			<trkpt lat="46.6825462087" lon="8.1568025865">
				<ele>1317.0</ele>
				<extensions>
					<swisstopo:routepoint_id>1141888373</swisstopo:routepoint_id>
				</extensions>
			</trkpt>
			<trkpt lat="46.6825035618" lon="8.1567307394">
				<ele>1316.8</ele>
				<extensions>
					<swisstopo:routepoint_id>1773303977</swisstopo:routepoint_id>
				</extensions>
			</trkpt>
			<trkpt lat="46.6824530907" lon="8.1566742784">
				<ele>1317.0</ele>
				<extensions>
					<swisstopo:routepoint_id>615844410</swisstopo:routepoint_id>
				</extensions>
			</trkpt>
			<trkpt lat="46.6823959909" lon="8.1566161785">
				<ele>1317.3</ele>
				<extensions>
					<swisstopo:routepoint_id>299792496</swisstopo:routepoint_id>
				</extensions>
			</trkpt>
			<trkpt lat="46.6823487996" lon="8.1565659716">
				<ele>1317.6</ele>
				<extensions>
					<swisstopo:routepoint_id>553275658</swisstopo:routepoint_id>
				</extensions>
			</trkpt>
			<trkpt lat="46.6822927772" lon="8.1565125198">
				<ele>1317.8</ele>
				<extensions>
					<swisstopo:routepoint_id>841035916</swisstopo:routepoint_id>
				</extensions>
			</trkpt>
			<trkpt lat="46.6822158757" lon="8.1564417492">
				<ele>1318.3</ele>
				<extensions>
					<swisstopo:routepoint_id>874785154</swisstopo:routepoint_id>
				</extensions>
			</trkpt>
			<trkpt lat="46.6821587847" lon="8.1563836627">
				<ele>1318.2</ele>
				<extensions>
					<swisstopo:routepoint_id>19090251</swisstopo:routepoint_id>
				</extensions>
			</trkpt>
			<trkpt lat="46.6820950643" lon="8.1563254816">
				<ele>1318.3</ele>
				<extensions>
					<swisstopo:routepoint_id>1273005216</swisstopo:routepoint_id>
				</extensions>
			</trkpt>
			<trkpt lat="46.6820423509" lon="8.1562736316">
				<ele>1318.6</ele>
				<extensions>
					<swisstopo:routepoint_id>273765870</swisstopo:routepoint_id>
				</extensions>
			</trkpt>
			<trkpt lat="46.6819962280" lon="8.1562280668">
				<ele>1319.1</ele>
				<extensions>
					<swisstopo:routepoint_id>228091395</swisstopo:routepoint_id>
				</extensions>
			</trkpt>
			<trkpt lat="46.6819555100" lon="8.1562027295">
				<ele>1319.5</ele>
				<extensions>
					<swisstopo:routepoint_id>1055419945</swisstopo:routepoint_id>
				</extensions>
			</trkpt>
			<trkpt lat="46.6819114134" lon="8.1561881846">
				<ele>1319.7</ele>
				<extensions>
					<swisstopo:routepoint_id>229160088</swisstopo:routepoint_id>
				</extensions>
			</trkpt>
			<trkpt lat="46.6818783639" lon="8.1561722422">
				<ele>1319.8</ele>
				<extensions>
					<swisstopo:routepoint_id>1039831682</swisstopo:routepoint_id>
				</extensions>
			</trkpt>
			<trkpt lat="46.6816980434" lon="8.1560303634">
				<ele>1319.8</ele>
				<extensions>
					<swisstopo:routepoint_id>94741787</swisstopo:routepoint_id>
				</extensions>
			</trkpt>
			<trkpt lat="46.6815926739" lon="8.1559189303">
				<ele>1320.5</ele>
				<extensions>
					<swisstopo:routepoint_id>439162018</swisstopo:routepoint_id>
				</extensions>
			</trkpt>
			<trkpt lat="46.6815333442" lon="8.1558777475">
				<ele>1320.2</ele>
				<extensions>
					<swisstopo:routepoint_id>624198059</swisstopo:routepoint_id>
				</extensions>
			</trkpt>
			<trkpt lat="46.6814963711" lon="8.1558534052">
				<ele>1320.5</ele>
				<extensions>
					<swisstopo:routepoint_id>1664282662</swisstopo:routepoint_id>
				</extensions>
			</trkpt>
			<trkpt lat="46.6814749676" lon="8.1558352117">
				<ele>1320.5</ele>
				<extensions>
					<swisstopo:routepoint_id>1519705319</swisstopo:routepoint_id>
				</extensions>
			</trkpt>
			<trkpt lat="46.6814341024" lon="8.1558346556">
				<ele>1320.8</ele>
				<extensions>
					<swisstopo:routepoint_id>957239228</swisstopo:routepoint_id>
				</extensions>
			</trkpt>
			<trkpt lat="46.6813556638" lon="8.1558351573">
				<ele>1321.3</ele>
				<extensions>
					<swisstopo:routepoint_id>2006095704</swisstopo:routepoint_id>
				</extensions>
			</trkpt>
			<trkpt lat="46.6813159455" lon="8.1558268619">
				<ele>1321.7</ele>
				<extensions>
					<swisstopo:routepoint_id>1332282418</swisstopo:routepoint_id>
				</extensions>
			</trkpt>
			<trkpt lat="46.6812894175" lon="8.1558280409">
				<ele>1321.9</ele>
				<extensions>
					<swisstopo:routepoint_id>1284710708</swisstopo:routepoint_id>
				</extensions>
			</trkpt>
			<trkpt lat="46.6812617442" lon="8.1558369785">
				<ele>1322.1</ele>
				<extensions>
					<swisstopo:routepoint_id>306732044</swisstopo:routepoint_id>
				</extensions>
			</trkpt>
			<trkpt lat="46.6811875164" lon="8.1558715857">
				<ele>1322.5</ele>
				<extensions>
					<swisstopo:routepoint_id>1546073592</swisstopo:routepoint_id>
				</extensions>
			</trkpt>
			<trkpt lat="46.6811132209" lon="8.1559170610">
				<ele>1323.1</ele>
				<extensions>
					<swisstopo:routepoint_id>943696841</swisstopo:routepoint_id>
				</extensions>
			</trkpt>
			<trkpt lat="46.6809990108" lon="8.1559867686">
				<ele>1323.7</ele>
				<extensions>
					<swisstopo:routepoint_id>2124796172</swisstopo:routepoint_id>
				</extensions>
			</trkpt>
			<trkpt lat="46.6809534170" lon="8.1560357398">
				<ele>1323.9</ele>
				<extensions>
					<swisstopo:routepoint_id>1318234432</swisstopo:routepoint_id>
				</extensions>
			</trkpt>
			<trkpt lat="46.6809156087" lon="8.1560755092">
				<ele>1324.2</ele>
				<extensions>
					<swisstopo:routepoint_id>350176916</swisstopo:routepoint_id>
				</extensions>
			</trkpt>
			<trkpt lat="46.6808799336" lon="8.1561307902">
				<ele>1324.7</ele>
				<extensions>
					<swisstopo:routepoint_id>91506424</swisstopo:routepoint_id>
				</extensions>
			</trkpt>
			<trkpt lat="46.6808318624" lon="8.1562230893">
				<ele>1324.9</ele>
				<extensions>
					<swisstopo:routepoint_id>1168746619</swisstopo:routepoint_id>
				</extensions>
			</trkpt>
			<trkpt lat="46.6808038397" lon="8.1562974656">
				<ele>1325.2</ele>
				<extensions>
					<swisstopo:routepoint_id>979706424</swisstopo:routepoint_id>
				</extensions>
			</trkpt>
			<trkpt lat="46.6807577961" lon="8.1563521935">
				<ele>1325.3</ele>
				<extensions>
					<swisstopo:routepoint_id>612219543</swisstopo:routepoint_id>
				</extensions>
			</trkpt>
			<trkpt lat="46.6807042117" lon="8.1563957415">
				<ele>1325.5</ele>
				<extensions>
					<swisstopo:routepoint_id>731921137</swisstopo:routepoint_id>
				</extensions>
			</trkpt>
			<trkpt lat="46.6806602222" lon="8.1564255995">
				<ele>1325.4</ele>
				<extensions>
					<swisstopo:routepoint_id>241151518</swisstopo:routepoint_id>
				</extensions>
			</trkpt>
			<trkpt lat="46.6806049576" lon="8.1564331611">
				<ele>1325.8</ele>
				<extensions>
					<swisstopo:routepoint_id>116415705</swisstopo:routepoint_id>
				</extensions>
			</trkpt>
			<trkpt lat="46.6805286562" lon="8.1564542794">
				<ele>1327.2</ele>
				<extensions>
					<swisstopo:routepoint_id>609101622</swisstopo:routepoint_id>
				</extensions>
			</trkpt>
			<trkpt lat="46.6804752809" lon="8.1564646358">
				<ele>1327.5</ele>
				<extensions>
					<swisstopo:routepoint_id>2130142737</swisstopo:routepoint_id>
				</extensions>
			</trkpt>
			<trkpt lat="46.6804410616" lon="8.1564558836">
				<ele>1327.8</ele>
				<extensions>
					<swisstopo:routepoint_id>1352222413</swisstopo:routepoint_id>
				</extensions>
			</trkpt>
			<trkpt lat="46.6804300373" lon="8.1564118012">
				<ele>1327.8</ele>
				<extensions>
					<swisstopo:routepoint_id>2071155748</swisstopo:routepoint_id>
				</extensions>
			</trkpt>
			<trkpt lat="46.6804257056" lon="8.1563944802">
				<ele>1327.7</ele>
				<extensions>
					<swisstopo:routepoint_id>1815903204</swisstopo:routepoint_id>
				</extensions>
			</trkpt>
			<trkpt lat="46.6804311775" lon="8.1562727038">
				<ele>1327.7</ele>
				<extensions>
					<swisstopo:routepoint_id>1574784576</swisstopo:routepoint_id>
				</extensions>
			</trkpt>
			<trkpt lat="46.6804446635" lon="8.1561754586">
				<ele>1327.3</ele>
				<extensions>
					<swisstopo:routepoint_id>207469551</swisstopo:routepoint_id>
				</extensions>
			</trkpt>
			<trkpt lat="46.6804762488" lon="8.1560081540">
				<ele>1326.0</ele>
				<extensions>
					<swisstopo:routepoint_id>1372679496</swisstopo:routepoint_id>
				</extensions>
			</trkpt>
			<trkpt lat="46.6804864447" lon="8.1559003917">
				<ele>1325.5</ele>
				<extensions>
					<swisstopo:routepoint_id>1865058844</swisstopo:routepoint_id>
				</extensions>
			</trkpt>
			<trkpt lat="46.6804756133" lon="8.1558061738">
				<ele>1325.4</ele>
				<extensions>
					<swisstopo:routepoint_id>832169844</swisstopo:routepoint_id>
				</extensions>
			</trkpt>
			<trkpt lat="46.6804495873" lon="8.1557062268">
				<ele>1325.3</ele>
				<extensions>
					<swisstopo:routepoint_id>311049406</swisstopo:routepoint_id>
				</extensions>
			</trkpt>
			<trkpt lat="46.6804386333" lon="8.1556313838">
				<ele>1325.0</ele>
				<extensions>
					<swisstopo:routepoint_id>998693594</swisstopo:routepoint_id>
				</extensions>
			</trkpt>
			<trkpt lat="46.6804604793" lon="8.1554878062">
				<ele>1324.7</ele>
				<extensions>
					<swisstopo:routepoint_id>454931902</swisstopo:routepoint_id>
				</extensions>
			</trkpt>
			<trkpt lat="46.6804666438" lon="8.1554159604">
				<ele>1324.6</ele>
				<extensions>
					<swisstopo:routepoint_id>92407069</swisstopo:routepoint_id>
				</extensions>
			</trkpt>
			<trkpt lat="46.6804671311" lon="8.1553384932">
				<ele>1324.5</ele>
				<extensions>
					<swisstopo:routepoint_id>2057281288</swisstopo:routepoint_id>
				</extensions>
			</trkpt>
			<trkpt lat="46.6804827688" lon="8.1552750702">
				<ele>1324.3</ele>
				<extensions>
					<swisstopo:routepoint_id>2052031723</swisstopo:routepoint_id>
				</extensions>
			</trkpt>
			<trkpt lat="46.6805254463" lon="8.1551834650">
				<ele>1324.2</ele>
				<extensions>
					<swisstopo:routepoint_id>1086832894</swisstopo:routepoint_id>
				</extensions>
			</trkpt>
			<trkpt lat="46.6805829861" lon="8.1550743784">
				<ele>1324.4</ele>
				<extensions>
					<swisstopo:routepoint_id>1439173865</swisstopo:routepoint_id>
				</extensions>
			</trkpt>
			<trkpt lat="46.6805968573" lon="8.1550430024">
				<ele>1324.3</ele>
				<extensions>
					<swisstopo:routepoint_id>528299909</swisstopo:routepoint_id>
				</extensions>
			</trkpt>
			<trkpt lat="46.6805851883" lon="8.1550274982">
				<ele>1324.3</ele>
				<extensions>
					<swisstopo:routepoint_id>1788344703</swisstopo:routepoint_id>
				</extensions>
			</trkpt>
			<trkpt lat="46.6805717295" lon="8.1549918726">
				<ele>1324.3</ele>
				<extensions>
					<swisstopo:routepoint_id>1011942128</swisstopo:routepoint_id>
				</extensions>
			</trkpt>
			<trkpt lat="46.6805595719" lon="8.1549381067">
				<ele>1324.3</ele>
				<extensions>
					<swisstopo:routepoint_id>674319221</swisstopo:routepoint_id>
				</extensions>
			</trkpt>
			<trkpt lat="46.6805417806" lon="8.1548332530">
				<ele>1324.4</ele>
				<extensions>
					<swisstopo:routepoint_id>1633875630</swisstopo:routepoint_id>
				</extensions>
			</trkpt>
			<trkpt lat="46.6805296379" lon="8.1546826627">
				<ele>1324.6</ele>
				<extensions>
					<swisstopo:routepoint_id>914825329</swisstopo:routepoint_id>
				</extensions>
			</trkpt>
			<trkpt lat="46.6805246446" lon="8.1545295635">
				<ele>1325.1</ele>
				<extensions>
					<swisstopo:routepoint_id>254323037</swisstopo:routepoint_id>
				</extensions>
			</trkpt>
			<trkpt lat="46.6805120562" lon="8.1544498547">
				<ele>1325.2</ele>
				<extensions>
					<swisstopo:routepoint_id>1656083172</swisstopo:routepoint_id>
				</extensions>
			</trkpt>
			<trkpt lat="46.6805326498" lon="8.1544309302">
				<ele>1325.1</ele>
				<extensions>
					<swisstopo:routepoint_id>863845156</swisstopo:routepoint_id>
				</extensions>
			</trkpt>
			<trkpt lat="46.6804613497" lon="8.1542115719">
				<ele>1325.8</ele>
				<extensions>
					<swisstopo:routepoint_id>1791686770</swisstopo:routepoint_id>
				</extensions>
			</trkpt>
			<trkpt lat="46.6804009703" lon="8.1540480756">
				<ele>1326.3</ele>
				<extensions>
					<swisstopo:routepoint_id>1452759759</swisstopo:routepoint_id>
				</extensions>
			</trkpt>
			<trkpt lat="46.6803184732" lon="8.1538452912">
				<ele>1326.8</ele>
				<extensions>
					<swisstopo:routepoint_id>126709648</swisstopo:routepoint_id>
				</extensions>
			</trkpt>
			<trkpt lat="46.6802413503" lon="8.1536948680">
				<ele>1327.5</ele>
				<extensions>
					<swisstopo:routepoint_id>2069421780</swisstopo:routepoint_id>
				</extensions>
			</trkpt>
			<trkpt lat="46.6801658654" lon="8.1535859702">
				<ele>1328.1</ele>
				<extensions>
					<swisstopo:routepoint_id>1650441376</swisstopo:routepoint_id>
				</extensions>
			</trkpt>
			<trkpt lat="46.6801242527" lon="8.1535411582">
				<ele>1328.1</ele>
				<extensions>
					<swisstopo:routepoint_id>566772203</swisstopo:routepoint_id>
				</extensions>
			</trkpt>
			<trkpt lat="46.6801014914" lon="8.1535270201">
				<ele>1328.2</ele>
				<extensions>
					<swisstopo:routepoint_id>1876893798</swisstopo:routepoint_id>
				</extensions>
			</trkpt>
			<trkpt lat="46.6800767633" lon="8.1535239289">
				<ele>1328.2</ele>
				<extensions>
					<swisstopo:routepoint_id>1787658304</swisstopo:routepoint_id>
				</extensions>
			</trkpt>
			<trkpt lat="46.6800394306" lon="8.1535554088">
				<ele>1328.0</ele>
				<extensions>
					<swisstopo:routepoint_id>981532073</swisstopo:routepoint_id>
				</extensions>
			</trkpt>
			<trkpt lat="46.6799612853" lon="8.1537084257">
				<ele>1328.3</ele>
				<extensions>
					<swisstopo:routepoint_id>974456585</swisstopo:routepoint_id>
				</extensions>
			</trkpt>
			<trkpt lat="46.6798840014" lon="8.1538976275">
				<ele>1329.3</ele>
				<extensions>
					<swisstopo:routepoint_id>490579174</swisstopo:routepoint_id>
				</extensions>
			</trkpt>
			<trkpt lat="46.6798165346" lon="8.1540949368">
				<ele>1329.9</ele>
				<extensions>
					<swisstopo:routepoint_id>494511352</swisstopo:routepoint_id>
				</extensions>
			</trkpt>
			<trkpt lat="46.6797362719" lon="8.1541409150">
				<ele>1330.4</ele>
				<extensions>
					<swisstopo:routepoint_id>1288110737</swisstopo:routepoint_id>
				</extensions>
			</trkpt>
			<trkpt lat="46.6796502633" lon="8.1541923309">
				<ele>1331.8</ele>
				<extensions>
					<swisstopo:routepoint_id>1028139557</swisstopo:routepoint_id>
				</extensions>
			</trkpt>
			<trkpt lat="46.6795967318" lon="8.1542275905">
				<ele>1332.8</ele>
				<extensions>
					<swisstopo:routepoint_id>228519599</swisstopo:routepoint_id>
				</extensions>
			</trkpt>
			<trkpt lat="46.6795738668" lon="8.1542300570">
				<ele>1333.5</ele>
				<extensions>
					<swisstopo:routepoint_id>1087618809</swisstopo:routepoint_id>
				</extensions>
			</trkpt>
			<trkpt lat="46.6795301387" lon="8.1542184040">
				<ele>1334.5</ele>
				<extensions>
					<swisstopo:routepoint_id>1053171169</swisstopo:routepoint_id>
				</extensions>
			</trkpt>
			<trkpt lat="46.6794863765" lon="8.1542150537">
				<ele>1335.0</ele>
				<extensions>
					<swisstopo:routepoint_id>1932759613</swisstopo:routepoint_id>
				</extensions>
			</trkpt>
			<trkpt lat="46.6794406113" lon="8.1542255195">
				<ele>1335.5</ele>
				<extensions>
					<swisstopo:routepoint_id>1697581544</swisstopo:routepoint_id>
				</extensions>
			</trkpt>
			<trkpt lat="46.6793470091" lon="8.1542713075">
				<ele>1337.1</ele>
				<extensions>
					<swisstopo:routepoint_id>1380945639</swisstopo:routepoint_id>
				</extensions>
			</trkpt>
			<trkpt lat="46.6792380480" lon="8.1543390310">
				<ele>1339.3</ele>
				<extensions>
					<swisstopo:routepoint_id>560495283</swisstopo:routepoint_id>
				</extensions>
			</trkpt>
			<trkpt lat="46.6791843605" lon="8.1543991844">
				<ele>1340.5</ele>
				<extensions>
					<swisstopo:routepoint_id>1114726473</swisstopo:routepoint_id>
				</extensions>
			</trkpt>
			<trkpt lat="46.6791535461" lon="8.1544541017">
				<ele>1341.4</ele>
				<extensions>
					<swisstopo:routepoint_id>1697660645</swisstopo:routepoint_id>
				</extensions>
			</trkpt>
			<trkpt lat="46.6791110127" lon="8.1545559055">
				<ele>1343.0</ele>
				<extensions>
					<swisstopo:routepoint_id>864742042</swisstopo:routepoint_id>
				</extensions>
			</trkpt>
			<trkpt lat="46.6790914049" lon="8.1546469407">
				<ele>1344.6</ele>
				<extensions>
					<swisstopo:routepoint_id>474601000</swisstopo:routepoint_id>
				</extensions>
			</trkpt>
			<trkpt lat="46.6790834039" lon="8.1547076937">
				<ele>1345.7</ele>
				<extensions>
					<swisstopo:routepoint_id>516231840</swisstopo:routepoint_id>
				</extensions>
			</trkpt>
			<trkpt lat="46.6790831604" lon="8.1547464296">
				<ele>1346.4</ele>
				<extensions>
					<swisstopo:routepoint_id>742648372</swisstopo:routepoint_id>
				</extensions>
			</trkpt>
			<trkpt lat="46.6790958651" lon="8.1548461966">
				<ele>1348.1</ele>
				<extensions>
					<swisstopo:routepoint_id>2136283795</swisstopo:routepoint_id>
				</extensions>
			</trkpt>
			<trkpt lat="46.6791012468" lon="8.1548988243">
				<ele>1349.2</ele>
				<extensions>
					<swisstopo:routepoint_id>752966617</swisstopo:routepoint_id>
				</extensions>
			</trkpt>
			<trkpt lat="46.6790990613" lon="8.1549430676">
				<ele>1349.9</ele>
				<extensions>
					<swisstopo:routepoint_id>1401077596</swisstopo:routepoint_id>
				</extensions>
			</trkpt>
			<trkpt lat="46.6790855218" lon="8.1549760872">
				<ele>1350.5</ele>
				<extensions>
					<swisstopo:routepoint_id>1824428666</swisstopo:routepoint_id>
				</extensions>
			</trkpt>
			<trkpt lat="46.6790585911" lon="8.1550199956">
				<ele>1351.5</ele>
				<extensions>
					<swisstopo:routepoint_id>1949416014</swisstopo:routepoint_id>
				</extensions>
			</trkpt>
			<trkpt lat="46.6790269461" lon="8.1550310375">
				<ele>1352.6</ele>
				<extensions>
					<swisstopo:routepoint_id>92240443</swisstopo:routepoint_id>
				</extensions>
			</trkpt>
			<trkpt lat="46.6789859852" lon="8.1550142321">
				<ele>1353.7</ele>
				<extensions>
					<swisstopo:routepoint_id>1075855569</swisstopo:routepoint_id>
				</extensions>
			</trkpt>
			<trkpt lat="46.6789325231" lon="8.1549682991">
				<ele>1355.1</ele>
				<extensions>
					<swisstopo:routepoint_id>1334782533</swisstopo:routepoint_id>
				</extensions>
			</trkpt>
			<trkpt lat="46.6788781948" lon="8.1549127878">
				<ele>1356.1</ele>
				<extensions>
					<swisstopo:routepoint_id>1484803639</swisstopo:routepoint_id>
				</extensions>
			</trkpt>
			<trkpt lat="46.6788249983" lon="8.1548733171">
				<ele>1357.0</ele>
				<extensions>
					<swisstopo:routepoint_id>697218753</swisstopo:routepoint_id>
				</extensions>
			</trkpt>
			<trkpt lat="46.6788046336" lon="8.1548715533">
				<ele>1357.4</ele>
				<extensions>
					<swisstopo:routepoint_id>1407846257</swisstopo:routepoint_id>
				</extensions>
			</trkpt>
			<trkpt lat="46.6787841633" lon="8.1548894384">
				<ele>1357.6</ele>
				<extensions>
					<swisstopo:routepoint_id>1645929952</swisstopo:routepoint_id>
				</extensions>
			</trkpt>
			<trkpt lat="46.6787636074" lon="8.1549209670">
				<ele>1358.2</ele>
				<extensions>
					<swisstopo:routepoint_id>1599945777</swisstopo:routepoint_id>
				</extensions>
			</trkpt>
			<trkpt lat="46.6787506333" lon="8.1549384411">
				<ele>1358.4</ele>
				<extensions>
					<swisstopo:routepoint_id>1220584503</swisstopo:routepoint_id>
				</extensions>
			</trkpt>
			<trkpt lat="46.6786745822" lon="8.1548382102">
				<ele>1359.3</ele>
				<extensions>
					<swisstopo:routepoint_id>1906320528</swisstopo:routepoint_id>
				</extensions>
			</trkpt>
			<trkpt lat="46.6786153667" lon="8.1549504684">
				<ele>1359.7</ele>
				<extensions>
					<swisstopo:routepoint_id>1035842730</swisstopo:routepoint_id>
				</extensions>
			</trkpt>
			<trkpt lat="46.6785471836" lon="8.1549295172">
				<ele>1360.7</ele>
				<extensions>
					<swisstopo:routepoint_id>598551154</swisstopo:routepoint_id>
				</extensions>
			</trkpt>
			<trkpt lat="46.6784532541" lon="8.1548784714">
				<ele>1363.1</ele>
				<extensions>
					<swisstopo:routepoint_id>2145091570</swisstopo:routepoint_id>
				</extensions>
			</trkpt>
			<trkpt lat="46.6784220169" lon="8.1548490123">
				<ele>1363.8</ele>
				<extensions>
					<swisstopo:routepoint_id>1910719823</swisstopo:routepoint_id>
				</extensions>
			</trkpt>
			<trkpt lat="46.6783710657" lon="8.1547757027">
				<ele>1365.0</ele>
				<extensions>
					<swisstopo:routepoint_id>783874303</swisstopo:routepoint_id>
				</extensions>
			</trkpt>
			<trkpt lat="46.6783129945" lon="8.1547002372">
				<ele>1366.7</ele>
				<extensions>
					<swisstopo:routepoint_id>2090926773</swisstopo:routepoint_id>
				</extensions>
			</trkpt>
			<trkpt lat="46.6782820179" lon="8.1546292863">
				<ele>1367.9</ele>
				<extensions>
					<swisstopo:routepoint_id>847388290</swisstopo:routepoint_id>
				</extensions>
			</trkpt>
			<trkpt lat="46.6782569705" lon="8.1545252023">
				<ele>1368.5</ele>
				<extensions>
					<swisstopo:routepoint_id>1956129859</swisstopo:routepoint_id>
				</extensions>
			</trkpt>
			<trkpt lat="46.6782304704" lon="8.1544231925">
				<ele>1369.1</ele>
				<extensions>
					<swisstopo:routepoint_id>73713733</swisstopo:routepoint_id>
				</extensions>
			</trkpt>
			<trkpt lat="46.6782051492" lon="8.1543626810">
				<ele>1369.3</ele>
				<extensions>
					<swisstopo:routepoint_id>900421906</swisstopo:routepoint_id>
				</extensions>
			</trkpt>
			<trkpt lat="46.6781429568" lon="8.1542601788">
				<ele>1369.9</ele>
				<extensions>
					<swisstopo:routepoint_id>1044854775</swisstopo:routepoint_id>
				</extensions>
			</trkpt>
			<trkpt lat="46.6780397540" lon="8.1540928221">
				<ele>1368.9</ele>
				<extensions>
					<swisstopo:routepoint_id>2024244707</swisstopo:routepoint_id>
				</extensions>
			</trkpt>
			<trkpt lat="46.6780229176" lon="8.1540448747">
				<ele>1369.2</ele>
				<extensions>
					<swisstopo:routepoint_id>1084786870</swisstopo:routepoint_id>
				</extensions>
			</trkpt>
			<trkpt lat="46.6780133151" lon="8.1539824981">
				<ele>1369.0</ele>
				<extensions>
					<swisstopo:routepoint_id>1155772855</swisstopo:routepoint_id>
				</extensions>
			</trkpt>
			<trkpt lat="46.6780107021" lon="8.1539430423">
				<ele>1369.2</ele>
				<extensions>
					<swisstopo:routepoint_id>594980641</swisstopo:routepoint_id>
				</extensions>
			</trkpt>
			<trkpt lat="46.6780085148" lon="8.1538371945">
				<ele>1370.8</ele>
				<extensions>
					<swisstopo:routepoint_id>610535601</swisstopo:routepoint_id>
				</extensions>
			</trkpt>
			<trkpt lat="46.6780106352" lon="8.1537272556">
				<ele>1372.1</ele>
				<extensions>
					<swisstopo:routepoint_id>445836912</swisstopo:routepoint_id>
				</extensions>
			</trkpt>
			<trkpt lat="46.6780212931" lon="8.1536215780">
				<ele>1373.7</ele>
				<extensions>
					<swisstopo:routepoint_id>1878803200</swisstopo:routepoint_id>
				</extensions>
			</trkpt>
			<trkpt lat="46.6780215665" lon="8.1535780059">
				<ele>1373.7</ele>
				<extensions>
					<swisstopo:routepoint_id>321972399</swisstopo:routepoint_id>
				</extensions>
			</trkpt>
			<trkpt lat="46.6780161149" lon="8.1535364383">
				<ele>1373.8</ele>
				<extensions>
					<swisstopo:routepoint_id>1826408831</swisstopo:routepoint_id>
				</extensions>
			</trkpt>
			<trkpt lat="46.6780039504" lon="8.1534263038">
				<ele>1373.9</ele>
				<extensions>
					<swisstopo:routepoint_id>902315014</swisstopo:routepoint_id>
				</extensions>
			</trkpt>
			<trkpt lat="46.6780072013" lon="8.1533641039">
				<ele>1374.0</ele>
				<extensions>
					<swisstopo:routepoint_id>162964477</swisstopo:routepoint_id>
				</extensions>
			</trkpt>
			<trkpt lat="46.6780239526" lon="8.1532678566">
				<ele>1374.4</ele>
				<extensions>
					<swisstopo:routepoint_id>386779078</swisstopo:routepoint_id>
				</extensions>
			</trkpt>
			<trkpt lat="46.6780492194" lon="8.1531335006">
				<ele>1375.0</ele>
				<extensions>
					<swisstopo:routepoint_id>597490350</swisstopo:routepoint_id>
				</extensions>
			</trkpt>
			<trkpt lat="46.6780615481" lon="8.1530711528">
				<ele>1374.9</ele>
				<extensions>
					<swisstopo:routepoint_id>539110549</swisstopo:routepoint_id>
				</extensions>
			</trkpt>
			<trkpt lat="46.6780752414" lon="8.1530005585">
				<ele>1375.3</ele>
				<extensions>
					<swisstopo:routepoint_id>1610229549</swisstopo:routepoint_id>
				</extensions>
			</trkpt>
			<trkpt lat="46.6780868930" lon="8.1529141610">
				<ele>1375.9</ele>
				<extensions>
					<swisstopo:routepoint_id>324128563</swisstopo:routepoint_id>
				</extensions>
			</trkpt>
			<trkpt lat="46.6781035735" lon="8.1528335163">
				<ele>1376.5</ele>
				<extensions>
					<swisstopo:routepoint_id>1777727382</swisstopo:routepoint_id>
				</extensions>
			</trkpt>
			<trkpt lat="46.6781129338" lon="8.1527466288">
				<ele>1377.6</ele>
				<extensions>
					<swisstopo:routepoint_id>624788795</swisstopo:routepoint_id>
				</extensions>
			</trkpt>
			<trkpt lat="46.6781189542" lon="8.1526889393">
				<ele>1378.1</ele>
				<extensions>
					<swisstopo:routepoint_id>1346894146</swisstopo:routepoint_id>
				</extensions>
			</trkpt>
			<trkpt lat="46.6781433527" lon="8.1525637867">
				<ele>1378.8</ele>
				<extensions>
					<swisstopo:routepoint_id>644568002</swisstopo:routepoint_id>
				</extensions>
			</trkpt>
			<trkpt lat="46.6781627462" lon="8.1524606623">
				<ele>1379.0</ele>
				<extensions>
					<swisstopo:routepoint_id>750322398</swisstopo:routepoint_id>
				</extensions>
			</trkpt>
			<trkpt lat="46.6781798474" lon="8.1523788167">
				<ele>1379.6</ele>
				<extensions>
					<swisstopo:routepoint_id>619872285</swisstopo:routepoint_id>
				</extensions>
			</trkpt>
			<trkpt lat="46.6781907344" lon="8.1522879798">
				<ele>1380.2</ele>
				<extensions>
					<swisstopo:routepoint_id>2057568218</swisstopo:routepoint_id>
				</extensions>
			</trkpt>
			<trkpt lat="46.6782016570" lon="8.1522001491">
				<ele>1380.7</ele>
				<extensions>
					<swisstopo:routepoint_id>1646863022</swisstopo:routepoint_id>
				</extensions>
			</trkpt>
			<trkpt lat="46.6782182672" lon="8.1521421398">
				<ele>1381.5</ele>
				<extensions>
					<swisstopo:routepoint_id>1650288461</swisstopo:routepoint_id>
				</extensions>
			</trkpt>
			<trkpt lat="46.6782324390" lon="8.1520913035">
				<ele>1382.1</ele>
				<extensions>
					<swisstopo:routepoint_id>809157895</swisstopo:routepoint_id>
				</extensions>
			</trkpt>
			<trkpt lat="46.6782471524" lon="8.1520315971">
				<ele>1382.4</ele>
				<extensions>
					<swisstopo:routepoint_id>1781717209</swisstopo:routepoint_id>
				</extensions>
			</trkpt>
			<trkpt lat="46.6782620117" lon="8.1519672529">
				<ele>1382.6</ele>
				<extensions>
					<swisstopo:routepoint_id>1330224697</swisstopo:routepoint_id>
				</extensions>
			</trkpt>
			<trkpt lat="46.6782769643" lon="8.1519268294">
				<ele>1383.1</ele>
				<extensions>
					<swisstopo:routepoint_id>160562247</swisstopo:routepoint_id>
				</extensions>
			</trkpt>
			<trkpt lat="46.6782849462" lon="8.1519105844">
				<ele>1382.9</ele>
				<extensions>
					<swisstopo:routepoint_id>1656588686</swisstopo:routepoint_id>
				</extensions>
			</trkpt>
			<trkpt lat="46.6782994936" lon="8.1518931434">
				<ele>1382.9</ele>
				<extensions>
					<swisstopo:routepoint_id>376135001</swisstopo:routepoint_id>
				</extensions>
			</trkpt>
			<trkpt lat="46.6783194226" lon="8.1518841275">
				<ele>1383.1</ele>
				<extensions>
					<swisstopo:routepoint_id>1120209750</swisstopo:routepoint_id>
				</extensions>
			</trkpt>
			<trkpt lat="46.6783729665" lon="8.1518668510">
				<ele>1383.2</ele>
				<extensions>
					<swisstopo:routepoint_id>1322646721</swisstopo:routepoint_id>
				</extensions>
			</trkpt>
			<trkpt lat="46.6783892560" lon="8.1518527644">
				<ele>1383.2</ele>
				<extensions>
					<swisstopo:routepoint_id>1334924990</swisstopo:routepoint_id>
				</extensions>
			</trkpt>
			<trkpt lat="46.6784052338" lon="8.1518339318">
				<ele>1383.1</ele>
				<extensions>
					<swisstopo:routepoint_id>756752132</swisstopo:routepoint_id>
				</extensions>
			</trkpt>
			<trkpt lat="46.6784433270" lon="8.1517800674">
				<ele>1382.9</ele>
				<extensions>
					<swisstopo:routepoint_id>698197620</swisstopo:routepoint_id>
				</extensions>
			</trkpt>
			<trkpt lat="46.6784807825" lon="8.1517187786">
				<ele>1382.5</ele>
				<extensions>
					<swisstopo:routepoint_id>1382675001</swisstopo:routepoint_id>
				</extensions>
			</trkpt>
			<trkpt lat="46.6785062989" lon="8.1516908564">
				<ele>1382.2</ele>
				<extensions>
					<swisstopo:routepoint_id>505297377</swisstopo:routepoint_id>
				</extensions>
			</trkpt>
			<trkpt lat="46.6785277486" lon="8.1516529629">
				<ele>1382.3</ele>
				<extensions>
					<swisstopo:routepoint_id>789284928</swisstopo:routepoint_id>
				</extensions>
			</trkpt>
			<trkpt lat="46.6785796622" lon="8.1515727189">
				<ele>1383.0</ele>
				<extensions>
					<swisstopo:routepoint_id>780229930</swisstopo:routepoint_id>
				</extensions>
			</trkpt>
			<trkpt lat="46.6785927501" lon="8.1515355445">
				<ele>1383.3</ele>
				<extensions>
					<swisstopo:routepoint_id>2101403956</swisstopo:routepoint_id>
				</extensions>
			</trkpt>
			<trkpt lat="46.6786280860" lon="8.1513658673">
				<ele>1384.9</ele>
				<extensions>
					<swisstopo:routepoint_id>42929043</swisstopo:routepoint_id>
				</extensions>
			</trkpt>
			<trkpt lat="46.6786468595" lon="8.1513329163">
				<ele>1385.3</ele>
				<extensions>
					<swisstopo:routepoint_id>129309001</swisstopo:routepoint_id>
				</extensions>
			</trkpt>
			<trkpt lat="46.6787190279" lon="8.1512734703">
				<ele>1386.0</ele>
				<extensions>
					<swisstopo:routepoint_id>1360919714</swisstopo:routepoint_id>
				</extensions>
			</trkpt>
			<trkpt lat="46.6788313153" lon="8.1510676975">
				<ele>1392.1</ele>
				<extensions>
					<swisstopo:routepoint_id>1548308459</swisstopo:routepoint_id>
				</extensions>
			</trkpt>
			<trkpt lat="46.6788458765" lon="8.1510222328">
				<ele>1392.2</ele>
				<extensions>
					<swisstopo:routepoint_id>616597662</swisstopo:routepoint_id>
				</extensions>
			</trkpt>
			<trkpt lat="46.6788761610" lon="8.1507466643">
				<ele>1392.9</ele>
				<extensions>
					<swisstopo:routepoint_id>732304717</swisstopo:routepoint_id>
				</extensions>
			</trkpt>
			<trkpt lat="46.6788721905" lon="8.1506968128">
				<ele>1393.3</ele>
				<extensions>
					<swisstopo:routepoint_id>139060779</swisstopo:routepoint_id>
				</extensions>
			</trkpt>
			<trkpt lat="46.6788147190" lon="8.1503909936">
				<ele>1394.7</ele>
				<extensions>
					<swisstopo:routepoint_id>1686358555</swisstopo:routepoint_id>
				</extensions>
			</trkpt>
			<trkpt lat="46.6787833792" lon="8.1502827368">
				<ele>1394.5</ele>
				<extensions>
					<swisstopo:routepoint_id>1448153658</swisstopo:routepoint_id>
				</extensions>
			</trkpt>
			<trkpt lat="46.6787708489" lon="8.1502306953">
				<ele>1394.6</ele>
				<extensions>
					<swisstopo:routepoint_id>1507170689</swisstopo:routepoint_id>
				</extensions>
			</trkpt>
			<trkpt lat="46.6787710821" lon="8.1501933540">
				<ele>1394.6</ele>
				<extensions>
					<swisstopo:routepoint_id>1941475201</swisstopo:routepoint_id>
				</extensions>
			</trkpt>
			<trkpt lat="46.6787770015" lon="8.1501602329">
				<ele>1394.8</ele>
				<extensions>
					<swisstopo:routepoint_id>1477556666</swisstopo:routepoint_id>
				</extensions>
			</trkpt>
			<trkpt lat="46.6788116229" lon="8.1501046713">
				<ele>1395.2</ele>
				<extensions>
					<swisstopo:routepoint_id>1212271965</swisstopo:routepoint_id>
				</extensions>
			</trkpt>
			<trkpt lat="46.6788275966" lon="8.1500633828">
				<ele>1395.4</ele>
				<extensions>
					<swisstopo:routepoint_id>1161658006</swisstopo:routepoint_id>
				</extensions>
			</trkpt>
			<trkpt lat="46.6788623447" lon="8.1499514377">
				<ele>1395.9</ele>
				<extensions>
					<swisstopo:routepoint_id>1684502801</swisstopo:routepoint_id>
				</extensions>
			</trkpt>
			<trkpt lat="46.6788803333" lon="8.1498885566">
				<ele>1396.0</ele>
				<extensions>
					<swisstopo:routepoint_id>1412121514</swisstopo:routepoint_id>
				</extensions>
			</trkpt>
			<trkpt lat="46.6788971005" lon="8.1498542063">
				<ele>1396.2</ele>
				<extensions>
					<swisstopo:routepoint_id>1407122154</swisstopo:routepoint_id>
				</extensions>
			</trkpt>
			<trkpt lat="46.6789202952" lon="8.1497902833">
				<ele>1396.7</ele>
				<extensions>
					<swisstopo:routepoint_id>1620247502</swisstopo:routepoint_id>
				</extensions>
			</trkpt>
			<trkpt lat="46.6789339125" lon="8.1497387427">
				<ele>1397.2</ele>
				<extensions>
					<swisstopo:routepoint_id>423281138</swisstopo:routepoint_id>
				</extensions>
			</trkpt>
			<trkpt lat="46.6789449121" lon="8.1496685035">
				<ele>1397.8</ele>
				<extensions>
					<swisstopo:routepoint_id>1254885475</swisstopo:routepoint_id>
				</extensions>
			</trkpt>
			<trkpt lat="46.6789509598" lon="8.1495614735">
				<ele>1398.4</ele>
				<extensions>
					<swisstopo:routepoint_id>1081802311</swisstopo:routepoint_id>
				</extensions>
			</trkpt>
			<trkpt lat="46.6789445969" lon="8.1494811770">
				<ele>1398.6</ele>
				<extensions>
					<swisstopo:routepoint_id>153647715</swisstopo:routepoint_id>
				</extensions>
			</trkpt>
			<trkpt lat="46.6789549968" lon="8.1494406892">
				<ele>1398.4</ele>
				<extensions>
					<swisstopo:routepoint_id>674779246</swisstopo:routepoint_id>
				</extensions>
			</trkpt>
			<trkpt lat="46.6789798798" lon="8.1493627254">
				<ele>1399.1</ele>
				<extensions>
					<swisstopo:routepoint_id>994498721</swisstopo:routepoint_id>
				</extensions>
			</trkpt>
			<trkpt lat="46.6789878747" lon="8.1493126552">
				<ele>1399.5</ele>
				<extensions>
					<swisstopo:routepoint_id>193379976</swisstopo:routepoint_id>
				</extensions>
			</trkpt>
			<trkpt lat="46.6789881122" lon="8.1492673554">
				<ele>1400.2</ele>
				<extensions>
					<swisstopo:routepoint_id>1258577218</swisstopo:routepoint_id>
				</extensions>
			</trkpt>
			<trkpt lat="46.6789873303" lon="8.1491706221">
				<ele>1401.9</ele>
				<extensions>
					<swisstopo:routepoint_id>1216092131</swisstopo:routepoint_id>
				</extensions>
			</trkpt>
			<trkpt lat="46.6789891754" lon="8.1490925780">
				<ele>1402.8</ele>
				<extensions>
					<swisstopo:routepoint_id>2078430719</swisstopo:routepoint_id>
				</extensions>
			</trkpt>
			<trkpt lat="46.6789939769" lon="8.1490338372">
				<ele>1403.6</ele>
				<extensions>
					<swisstopo:routepoint_id>960594574</swisstopo:routepoint_id>
				</extensions>
			</trkpt>
			<trkpt lat="46.6789953873" lon="8.1489215669">
				<ele>1403.6</ele>
				<extensions>
					<swisstopo:routepoint_id>1144649200</swisstopo:routepoint_id>
				</extensions>
			</trkpt>
			<trkpt lat="46.6790018971" lon="8.1488600021">
				<ele>1404.3</ele>
				<extensions>
					<swisstopo:routepoint_id>1746599549</swisstopo:routepoint_id>
				</extensions>
			</trkpt>
			<trkpt lat="46.6790015698" lon="8.1487740316">
				<ele>1404.5</ele>
				<extensions>
					<swisstopo:routepoint_id>989068247</swisstopo:routepoint_id>
				</extensions>
			</trkpt>
			<trkpt lat="46.6790010637" lon="8.1486704157">
				<ele>1404.1</ele>
				<extensions>
					<swisstopo:routepoint_id>1433034936</swisstopo:routepoint_id>
				</extensions>
			</trkpt>
			<trkpt lat="46.6789985558" lon="8.1486037383">
				<ele>1404.0</ele>
				<extensions>
					<swisstopo:routepoint_id>184717493</swisstopo:routepoint_id>
				</extensions>
			</trkpt>
			<trkpt lat="46.6789982909" lon="8.1485364617">
				<ele>1403.3</ele>
				<extensions>
					<swisstopo:routepoint_id>112451379</swisstopo:routepoint_id>
				</extensions>
			</trkpt>
			<trkpt lat="46.6789963466" lon="8.1484832386">
				<ele>1403.9</ele>
				<extensions>
					<swisstopo:routepoint_id>1885683115</swisstopo:routepoint_id>
				</extensions>
			</trkpt>
			<trkpt lat="46.6789863806" lon="8.1483675000">
				<ele>1404.7</ele>
				<extensions>
					<swisstopo:routepoint_id>300506916</swisstopo:routepoint_id>
				</extensions>
			</trkpt>
			<trkpt lat="46.6789707829" lon="8.1482532286">
				<ele>1405.6</ele>
				<extensions>
					<swisstopo:routepoint_id>121274617</swisstopo:routepoint_id>
				</extensions>
			</trkpt>
			<trkpt lat="46.6789509652" lon="8.1481332825">
				<ele>1407.1</ele>
				<extensions>
					<swisstopo:routepoint_id>911157682</swisstopo:routepoint_id>
				</extensions>
			</trkpt>
			<trkpt lat="46.6789175934" lon="8.1480056687">
				<ele>1408.7</ele>
				<extensions>
					<swisstopo:routepoint_id>820852</swisstopo:routepoint_id>
				</extensions>
			</trkpt>
			<trkpt lat="46.6789068144" lon="8.1479452328">
				<ele>1409.0</ele>
				<extensions>
					<swisstopo:routepoint_id>102346357</swisstopo:routepoint_id>
				</extensions>
			</trkpt>
			<trkpt lat="46.6788974349" lon="8.1478739020">
				<ele>1409.5</ele>
				<extensions>
					<swisstopo:routepoint_id>92002771</swisstopo:routepoint_id>
				</extensions>
			</trkpt>
			<trkpt lat="46.6788707171" lon="8.1477727530">
				<ele>1410.4</ele>
				<extensions>
					<swisstopo:routepoint_id>735212287</swisstopo:routepoint_id>
				</extensions>
			</trkpt>
			<trkpt lat="46.6788609058" lon="8.1477216093">
				<ele>1410.7</ele>
				<extensions>
					<swisstopo:routepoint_id>406362421</swisstopo:routepoint_id>
				</extensions>
			</trkpt>
			<trkpt lat="46.6788414526" lon="8.1476109989">
				<ele>1410.5</ele>
				<extensions>
					<swisstopo:routepoint_id>30945285</swisstopo:routepoint_id>
				</extensions>
			</trkpt>
			<trkpt lat="46.6788364777" lon="8.1475560768">
				<ele>1410.5</ele>
				<extensions>
					<swisstopo:routepoint_id>1055408215</swisstopo:routepoint_id>
				</extensions>
			</trkpt>
			<trkpt lat="46.6788235338" lon="8.1475125154">
				<ele>1410.6</ele>
				<extensions>
					<swisstopo:routepoint_id>179711871</swisstopo:routepoint_id>
				</extensions>
			</trkpt>
			<trkpt lat="46.6787899314" lon="8.1473986877">
				<ele>1411.7</ele>
				<extensions>
					<swisstopo:routepoint_id>872573662</swisstopo:routepoint_id>
				</extensions>
			</trkpt>
			<trkpt lat="46.6787284809" lon="8.1471758535">
				<ele>1413.3</ele>
				<extensions>
					<swisstopo:routepoint_id>1051625096</swisstopo:routepoint_id>
				</extensions>
			</trkpt>
			<trkpt lat="46.6786655993" lon="8.1469530168">
				<ele>1415.1</ele>
				<extensions>
					<swisstopo:routepoint_id>2127358057</swisstopo:routepoint_id>
				</extensions>
			</trkpt>
			<trkpt lat="46.6786265189" lon="8.1468072654">
				<ele>1416.0</ele>
				<extensions>
					<swisstopo:routepoint_id>2113750333</swisstopo:routepoint_id>
				</extensions>
			</trkpt>
			<trkpt lat="46.6785875023" lon="8.1466511252">
				<ele>1416.8</ele>
				<extensions>
					<swisstopo:routepoint_id>1269935517</swisstopo:routepoint_id>
				</extensions>
			</trkpt>
			<trkpt lat="46.6785314655" lon="8.1464760977">
				<ele>1418.2</ele>
				<extensions>
					<swisstopo:routepoint_id>714199800</swisstopo:routepoint_id>
				</extensions>
			</trkpt>
			<trkpt lat="46.6784921392" lon="8.1463697620">
				<ele>1420.2</ele>
				<extensions>
					<swisstopo:routepoint_id>1252347321</swisstopo:routepoint_id>
				</extensions>
			</trkpt>
			<trkpt lat="46.6784739559" lon="8.1463093478">
				<ele>1420.9</ele>
				<extensions>
					<swisstopo:routepoint_id>1761044325</swisstopo:routepoint_id>
				</extensions>
			</trkpt>
			<trkpt lat="46.6784194049" lon="8.1461239762">
				<ele>1422.6</ele>
				<extensions>
					<swisstopo:routepoint_id>26298280</swisstopo:routepoint_id>
				</extensions>
			</trkpt>
			<trkpt lat="46.6783802586" lon="8.1459885895">
				<ele>1423.2</ele>
				<extensions>
					<swisstopo:routepoint_id>1147404620</swisstopo:routepoint_id>
				</extensions>
			</trkpt>
			<trkpt lat="46.6783505351" lon="8.1459467043">
				<ele>1423.7</ele>
				<extensions>
					<swisstopo:routepoint_id>1092401089</swisstopo:routepoint_id>
				</extensions>
			</trkpt>
			<trkpt lat="46.6782440344" lon="8.1458477884">
				<ele>1424.1</ele>
				<extensions>
					<swisstopo:routepoint_id>649919333</swisstopo:routepoint_id>
				</extensions>
			</trkpt>
			<trkpt lat="46.6782299526" lon="8.1458164727">
				<ele>1423.7</ele>
				<extensions>
					<swisstopo:routepoint_id>1033979151</swisstopo:routepoint_id>
				</extensions>
			</trkpt>
			<trkpt lat="46.6781724717" lon="8.1456435057">
				<ele>1429.3</ele>
				<extensions>
					<swisstopo:routepoint_id>2081103120</swisstopo:routepoint_id>
				</extensions>
			</trkpt>
			<trkpt lat="46.6781699548" lon="8.1455895325">
				<ele>1429.6</ele>
				<extensions>
					<swisstopo:routepoint_id>282119207</swisstopo:routepoint_id>
				</extensions>
			</trkpt>
			<trkpt lat="46.6781618330" lon="8.1455167932">
				<ele>1429.9</ele>
				<extensions>
					<swisstopo:routepoint_id>484021549</swisstopo:routepoint_id>
				</extensions>
			</trkpt>
			<trkpt lat="46.6781691817" lon="8.1454459064">
				<ele>1429.2</ele>
				<extensions>
					<swisstopo:routepoint_id>1193557968</swisstopo:routepoint_id>
				</extensions>
			</trkpt>
			<trkpt lat="46.6781686294" lon="8.1453898784">
				<ele>1429.2</ele>
				<extensions>
					<swisstopo:routepoint_id>1508816592</swisstopo:routepoint_id>
				</extensions>
			</trkpt>
			<trkpt lat="46.6781555340" lon="8.1453212862">
				<ele>1429.2</ele>
				<extensions>
					<swisstopo:routepoint_id>959410724</swisstopo:routepoint_id>
				</extensions>
			</trkpt>
			<trkpt lat="46.6781563509" lon="8.1452490692">
				<ele>1428.9</ele>
				<extensions>
					<swisstopo:routepoint_id>103042258</swisstopo:routepoint_id>
				</extensions>
			</trkpt>
			<trkpt lat="46.6781497199" lon="8.1451680530">
				<ele>1428.7</ele>
				<extensions>
					<swisstopo:routepoint_id>1341113310</swisstopo:routepoint_id>
				</extensions>
			</trkpt>
			<trkpt lat="46.6781542327" lon="8.1451307714">
				<ele>1428.4</ele>
				<extensions>
					<swisstopo:routepoint_id>744486276</swisstopo:routepoint_id>
				</extensions>
			</trkpt>
			<trkpt lat="46.6781793355" lon="8.1450677211">
				<ele>1427.1</ele>
				<extensions>
					<swisstopo:routepoint_id>696535839</swisstopo:routepoint_id>
				</extensions>
			</trkpt>
			<trkpt lat="46.6781838290" lon="8.1450234446">
				<ele>1426.6</ele>
				<extensions>
					<swisstopo:routepoint_id>131647807</swisstopo:routepoint_id>
				</extensions>
			</trkpt>
			<trkpt lat="46.6781787669" lon="8.1449607076">
				<ele>1425.7</ele>
				<extensions>
					<swisstopo:routepoint_id>1217686131</swisstopo:routepoint_id>
				</extensions>
			</trkpt>
			<trkpt lat="46.6781780511" lon="8.1449328715">
				<ele>1425.7</ele>
				<extensions>
					<swisstopo:routepoint_id>125673476</swisstopo:routepoint_id>
				</extensions>
			</trkpt>
			<trkpt lat="46.6781745624" lon="8.1447972238">
				<ele>1425.9</ele>
				<extensions>
					<swisstopo:routepoint_id>484477331</swisstopo:routepoint_id>
				</extensions>
			</trkpt>
			<trkpt lat="46.6781790073" lon="8.1445895306">
				<ele>1425.9</ele>
				<extensions>
					<swisstopo:routepoint_id>2080176013</swisstopo:routepoint_id>
				</extensions>
			</trkpt>
			<trkpt lat="46.6781780528" lon="8.1445127433">
				<ele>1426.2</ele>
				<extensions>
					<swisstopo:routepoint_id>1843635047</swisstopo:routepoint_id>
				</extensions>
			</trkpt>
			<trkpt lat="46.6781685755" lon="8.1444001250">
				<ele>1426.2</ele>
				<extensions>
					<swisstopo:routepoint_id>1707287002</swisstopo:routepoint_id>
				</extensions>
			</trkpt>
			<trkpt lat="46.6781579743" lon="8.1442831776">
				<ele>1426.6</ele>
				<extensions>
					<swisstopo:routepoint_id>6234694</swisstopo:routepoint_id>
				</extensions>
			</trkpt>
			<trkpt lat="46.6781363268" lon="8.1441399039">
				<ele>1428.2</ele>
				<extensions>
					<swisstopo:routepoint_id>393030638</swisstopo:routepoint_id>
				</extensions>
			</trkpt>
			<trkpt lat="46.6781274826" lon="8.1440238827">
				<ele>1429.1</ele>
				<extensions>
					<swisstopo:routepoint_id>291601756</swisstopo:routepoint_id>
				</extensions>
			</trkpt>
			<trkpt lat="46.6781176031" lon="8.1438977838">
				<ele>1429.5</ele>
				<extensions>
					<swisstopo:routepoint_id>1252449950</swisstopo:routepoint_id>
				</extensions>
			</trkpt>
			<trkpt lat="46.6781021491" lon="8.1436257721">
				<ele>1429.6</ele>
				<extensions>
					<swisstopo:routepoint_id>429009047</swisstopo:routepoint_id>
				</extensions>
			</trkpt>
			<trkpt lat="46.6780987186" lon="8.1434867128">
				<ele>1429.0</ele>
				<extensions>
					<swisstopo:routepoint_id>1832037219</swisstopo:routepoint_id>
				</extensions>
			</trkpt>
			<trkpt lat="46.6781013295" lon="8.1432958570">
				<ele>1428.5</ele>
				<extensions>
					<swisstopo:routepoint_id>1299945450</swisstopo:routepoint_id>
				</extensions>
			</trkpt>
			<trkpt lat="46.6780909446" lon="8.1431276531">
				<ele>1428.4</ele>
				<extensions>
					<swisstopo:routepoint_id>2035887243</swisstopo:routepoint_id>
				</extensions>
			</trkpt>
			<trkpt lat="46.6780807012" lon="8.1429366295">
				<ele>1428.8</ele>
				<extensions>
					<swisstopo:routepoint_id>1759685440</swisstopo:routepoint_id>
				</extensions>
			</trkpt>
			<trkpt lat="46.6780608349" lon="8.1426853051">
				<ele>1429.0</ele>
				<extensions>
					<swisstopo:routepoint_id>2072202177</swisstopo:routepoint_id>
				</extensions>
			</trkpt>
			<trkpt lat="46.6780543849" lon="8.1425731831">
				<ele>1429.4</ele>
				<extensions>
					<swisstopo:routepoint_id>1942403232</swisstopo:routepoint_id>
				</extensions>
			</trkpt>
			<trkpt lat="46.6780491222" lon="8.1425004816">
				<ele>1429.9</ele>
				<extensions>
					<swisstopo:routepoint_id>1381982391</swisstopo:routepoint_id>
				</extensions>
			</trkpt>
			<trkpt lat="46.6780394871" lon="8.1424422613">
				<ele>1430.2</ele>
				<extensions>
					<swisstopo:routepoint_id>1946450906</swisstopo:routepoint_id>
				</extensions>
			</trkpt>
			<trkpt lat="46.6780249991" lon="8.1422449602">
				<ele>1430.1</ele>
				<extensions>
					<swisstopo:routepoint_id>1546426700</swisstopo:routepoint_id>
				</extensions>
			</trkpt>
			<trkpt lat="46.6780182284" lon="8.1421846969">
				<ele>1430.0</ele>
				<extensions>
					<swisstopo:routepoint_id>2093910927</swisstopo:routepoint_id>
				</extensions>
			</trkpt>
			<trkpt lat="46.6779683790" lon="8.1421633055">
				<ele>1430.1</ele>
				<extensions>
					<swisstopo:routepoint_id>823494885</swisstopo:routepoint_id>
				</extensions>
			</trkpt>
			<trkpt lat="46.6779014878" lon="8.1421250766">
				<ele>1430.2</ele>
				<extensions>
					<swisstopo:routepoint_id>1255420380</swisstopo:routepoint_id>
				</extensions>
			</trkpt>
			<trkpt lat="46.6778488001" lon="8.1421015710">
				<ele>1430.2</ele>
				<extensions>
					<swisstopo:routepoint_id>208856054</swisstopo:routepoint_id>
				</extensions>
			</trkpt>
			<trkpt lat="46.6778102756" lon="8.1420948463">
				<ele>1430.1</ele>
				<extensions>
					<swisstopo:routepoint_id>653699958</swisstopo:routepoint_id>
				</extensions>
			</trkpt>
			<trkpt lat="46.6777604012" lon="8.1420775966">
				<ele>1429.9</ele>
				<extensions>
					<swisstopo:routepoint_id>1623141457</swisstopo:routepoint_id>
				</extensions>
			</trkpt>
			<trkpt lat="46.6776749908" lon="8.1420329074">
				<ele>1429.9</ele>
				<extensions>
					<swisstopo:routepoint_id>1459777255</swisstopo:routepoint_id>
				</extensions>
			</trkpt>
			<trkpt lat="46.6776350967" lon="8.1420178652">
				<ele>1429.6</ele>
				<extensions>
					<swisstopo:routepoint_id>1049360117</swisstopo:routepoint_id>
				</extensions>
			</trkpt>
			<trkpt lat="46.6776044441" lon="8.1419849467">
				<ele>1429.5</ele>
				<extensions>
					<swisstopo:routepoint_id>1516857722</swisstopo:routepoint_id>
				</extensions>
			</trkpt>
			<trkpt lat="46.6775869445" lon="8.1419547493">
				<ele>1429.5</ele>
				<extensions>
					<swisstopo:routepoint_id>1425527722</swisstopo:routepoint_id>
				</extensions>
			</trkpt>
			<trkpt lat="46.6775759187" lon="8.1419265444">
				<ele>1429.5</ele>
				<extensions>
					<swisstopo:routepoint_id>369988141</swisstopo:routepoint_id>
				</extensions>
			</trkpt>
			<trkpt lat="46.6775428833" lon="8.1418511588">
				<ele>1429.9</ele>
				<extensions>
					<swisstopo:routepoint_id>1257821087</swisstopo:routepoint_id>
				</extensions>
			</trkpt>
			<trkpt lat="46.6775165926" lon="8.1417848244">
				<ele>1430.3</ele>
				<extensions>
					<swisstopo:routepoint_id>383138799</swisstopo:routepoint_id>
				</extensions>
			</trkpt>
			<trkpt lat="46.6775442817" lon="8.1417542875">
				<ele>1429.7</ele>
				<extensions>
					<swisstopo:routepoint_id>1938980632</swisstopo:routepoint_id>
				</extensions>
			</trkpt>
			<trkpt lat="46.6776167250" lon="8.1416976066">
				<ele>1428.9</ele>
				<extensions>
					<swisstopo:routepoint_id>3565243</swisstopo:routepoint_id>
				</extensions>
			</trkpt>
			<trkpt lat="46.6776304615" lon="8.1416845561">
				<ele>1427.9</ele>
				<extensions>
					<swisstopo:routepoint_id>485282707</swisstopo:routepoint_id>
				</extensions>
			</trkpt>
			<trkpt lat="46.6776333839" lon="8.1416657229">
				<ele>1427.4</ele>
				<extensions>
					<swisstopo:routepoint_id>1047385538</swisstopo:routepoint_id>
				</extensions>
			</trkpt>
			<trkpt lat="46.6776070498" lon="8.1416108625">
				<ele>1426.7</ele>
				<extensions>
					<swisstopo:routepoint_id>1762565408</swisstopo:routepoint_id>
				</extensions>
			</trkpt>
			<trkpt lat="46.6775624208" lon="8.1414723401">
				<ele>1426.4</ele>
				<extensions>
					<swisstopo:routepoint_id>2060574990</swisstopo:routepoint_id>
				</extensions>
			</trkpt>
			<trkpt lat="46.6775570431" lon="8.1414414903">
				<ele>1426.4</ele>
				<extensions>
					<swisstopo:routepoint_id>1868805195</swisstopo:routepoint_id>
				</extensions>
			</trkpt>
			<trkpt lat="46.6775561302" lon="8.1413064924">
				<ele>1426.7</ele>
				<extensions>
					<swisstopo:routepoint_id>67447652</swisstopo:routepoint_id>
				</extensions>
			</trkpt>
			<trkpt lat="46.6775492103" lon="8.1411726958">
				<ele>1427.0</ele>
				<extensions>
					<swisstopo:routepoint_id>77945646</swisstopo:routepoint_id>
				</extensions>
			</trkpt>
			<trkpt lat="46.6775504167" lon="8.1411228883">
				<ele>1427.5</ele>
				<extensions>
					<swisstopo:routepoint_id>615104672</swisstopo:routepoint_id>
				</extensions>
			</trkpt>
			<trkpt lat="46.6775580258" lon="8.1410749670">
				<ele>1427.5</ele>
				<extensions>
					<swisstopo:routepoint_id>804113149</swisstopo:routepoint_id>
				</extensions>
			</trkpt>
			<trkpt lat="46.6775928405" lon="8.1409829630">
				<ele>1426.9</ele>
				<extensions>
					<swisstopo:routepoint_id>805018807</swisstopo:routepoint_id>
				</extensions>
			</trkpt>
			<trkpt lat="46.6776204771" lon="8.1408645945">
				<ele>1427.7</ele>
				<extensions>
					<swisstopo:routepoint_id>1747090434</swisstopo:routepoint_id>
				</extensions>
			</trkpt>
			<trkpt lat="46.6776473255" lon="8.1407295237">
				<ele>1427.7</ele>
				<extensions>
					<swisstopo:routepoint_id>1962699822</swisstopo:routepoint_id>
				</extensions>
			</trkpt>
			<trkpt lat="46.6776826070" lon="8.1405660707">
				<ele>1427.7</ele>
				<extensions>
					<swisstopo:routepoint_id>593239828</swisstopo:routepoint_id>
				</extensions>
			</trkpt>
			<trkpt lat="46.6776945295" lon="8.1404853100">
				<ele>1427.9</ele>
				<extensions>
					<swisstopo:routepoint_id>368660889</swisstopo:routepoint_id>
				</extensions>
			</trkpt>
			<trkpt lat="46.6776950664" lon="8.1403981660">
				<ele>1428.0</ele>
				<extensions>
					<swisstopo:routepoint_id>2129361792</swisstopo:routepoint_id>
				</extensions>
			</trkpt>
			<trkpt lat="46.6776945138" lon="8.1402570650">
				<ele>1428.4</ele>
				<extensions>
					<swisstopo:routepoint_id>1391193183</swisstopo:routepoint_id>
				</extensions>
			</trkpt>
			<trkpt lat="46.6777005836" lon="8.1401990497">
				<ele>1428.6</ele>
				<extensions>
					<swisstopo:routepoint_id>783332299</swisstopo:routepoint_id>
				</extensions>
			</trkpt>
			<trkpt lat="46.6777022605" lon="8.1401575733">
				<ele>1428.6</ele>
				<extensions>
					<swisstopo:routepoint_id>2106259521</swisstopo:routepoint_id>
				</extensions>
			</trkpt>
			<trkpt lat="46.6776981448" lon="8.1401305435">
				<ele>1428.6</ele>
				<extensions>
					<swisstopo:routepoint_id>429187621</swisstopo:routepoint_id>
				</extensions>
			</trkpt>
			<trkpt lat="46.6776871294" lon="8.1400640032">
				<ele>1428.8</ele>
				<extensions>
					<swisstopo:routepoint_id>498851987</swisstopo:routepoint_id>
				</extensions>
			</trkpt>
			<trkpt lat="46.6776873465" lon="8.1400287430">
				<ele>1429.0</ele>
				<extensions>
					<swisstopo:routepoint_id>1744516754</swisstopo:routepoint_id>
				</extensions>
			</trkpt>
			<trkpt lat="46.6776818772" lon="8.1399892382">
				<ele>1429.0</ele>
				<extensions>
					<swisstopo:routepoint_id>1960527525</swisstopo:routepoint_id>
				</extensions>
			</trkpt>
			<trkpt lat="46.6776566807" lon="8.1399291827">
				<ele>1429.0</ele>
				<extensions>
					<swisstopo:routepoint_id>228447302</swisstopo:routepoint_id>
				</extensions>
			</trkpt>
			<trkpt lat="46.6776353994" lon="8.1398541711">
				<ele>1429.1</ele>
				<extensions>
					<swisstopo:routepoint_id>1661064786</swisstopo:routepoint_id>
				</extensions>
			</trkpt>
			<trkpt lat="46.6776155366" lon="8.1397781313">
				<ele>1429.1</ele>
				<extensions>
					<swisstopo:routepoint_id>1691943359</swisstopo:routepoint_id>
				</extensions>
			</trkpt>
			<trkpt lat="46.6776036214" lon="8.1397101946">
				<ele>1429.2</ele>
				<extensions>
					<swisstopo:routepoint_id>1111727237</swisstopo:routepoint_id>
				</extensions>
			</trkpt>
			<trkpt lat="46.6775967345" lon="8.1396686102">
				<ele>1429.6</ele>
				<extensions>
					<swisstopo:routepoint_id>1160374292</swisstopo:routepoint_id>
				</extensions>
			</trkpt>
			<trkpt lat="46.6775885028" lon="8.1396145477">
				<ele>1429.5</ele>
				<extensions>
					<swisstopo:routepoint_id>813984126</swisstopo:routepoint_id>
				</extensions>
			</trkpt>
			<trkpt lat="46.6775703328" lon="8.1395499951">
				<ele>1429.6</ele>
				<extensions>
					<swisstopo:routepoint_id>1186422303</swisstopo:routepoint_id>
				</extensions>
			</trkpt>
			<trkpt lat="46.6775434708" lon="8.1395060707">
				<ele>1429.7</ele>
				<extensions>
					<swisstopo:routepoint_id>886049743</swisstopo:routepoint_id>
				</extensions>
			</trkpt>
			<trkpt lat="46.6774952470" lon="8.1394515048">
				<ele>1430.2</ele>
				<extensions>
					<swisstopo:routepoint_id>1730995836</swisstopo:routepoint_id>
				</extensions>
			</trkpt>
			<trkpt lat="46.6774258310" lon="8.1393613847">
				<ele>1430.5</ele>
				<extensions>
					<swisstopo:routepoint_id>1959376762</swisstopo:routepoint_id>
				</extensions>
			</trkpt>
			<trkpt lat="46.6773934519" lon="8.1393091690">
				<ele>1430.5</ele>
				<extensions>
					<swisstopo:routepoint_id>370403224</swisstopo:routepoint_id>
				</extensions>
			</trkpt>
			<trkpt lat="46.6773666854" lon="8.1392292908">
				<ele>1430.5</ele>
				<extensions>
					<swisstopo:routepoint_id>1666950798</swisstopo:routepoint_id>
				</extensions>
			</trkpt>
			<trkpt lat="46.6773076600" lon="8.1390966852">
				<ele>1430.8</ele>
				<extensions>
					<swisstopo:routepoint_id>1463101964</swisstopo:routepoint_id>
				</extensions>
			</trkpt>
			<trkpt lat="46.6772406283" lon="8.1389816503">
				<ele>1430.3</ele>
				<extensions>
					<swisstopo:routepoint_id>1101747314</swisstopo:routepoint_id>
				</extensions>
			</trkpt>
			<trkpt lat="46.6771462806" lon="8.1387574000">
				<ele>1430.9</ele>
				<extensions>
					<swisstopo:routepoint_id>397695654</swisstopo:routepoint_id>
				</extensions>
			</trkpt>
			<trkpt lat="46.6771319266" lon="8.1387202886">
				<ele>1430.9</ele>
				<extensions>
					<swisstopo:routepoint_id>678115869</swisstopo:routepoint_id>
				</extensions>
			</trkpt>
			<trkpt lat="46.6771265334" lon="8.1386698341">
				<ele>1431.3</ele>
				<extensions>
					<swisstopo:routepoint_id>263380848</swisstopo:routepoint_id>
				</extensions>
			</trkpt>
			<trkpt lat="46.6771392808" lon="8.1385907311">
				<ele>1431.4</ele>
				<extensions>
					<swisstopo:routepoint_id>170465078</swisstopo:routepoint_id>
				</extensions>
			</trkpt>
			<trkpt lat="46.6771661941" lon="8.1383904423">
				<ele>1431.9</ele>
				<extensions>
					<swisstopo:routepoint_id>575117175</swisstopo:routepoint_id>
				</extensions>
			</trkpt>
			<trkpt lat="46.6771880014" lon="8.1382203976">
				<ele>1432.0</ele>
				<extensions>
					<swisstopo:routepoint_id>1567555453</swisstopo:routepoint_id>
				</extensions>
			</trkpt>
			<trkpt lat="46.6771870743" lon="8.1381809140">
				<ele>1432.0</ele>
				<extensions>
					<swisstopo:routepoint_id>50819216</swisstopo:routepoint_id>
				</extensions>
			</trkpt>
			<trkpt lat="46.6771739064" lon="8.1381248959">
				<ele>1432.0</ele>
				<extensions>
					<swisstopo:routepoint_id>1847858590</swisstopo:routepoint_id>
				</extensions>
			</trkpt>
			<trkpt lat="46.6770893517" lon="8.1378511878">
				<ele>1434.9</ele>
				<extensions>
					<swisstopo:routepoint_id>260767210</swisstopo:routepoint_id>
				</extensions>
			</trkpt>
			<trkpt lat="46.6770650983" lon="8.1377808842">
				<ele>1435.8</ele>
				<extensions>
					<swisstopo:routepoint_id>1249892652</swisstopo:routepoint_id>
				</extensions>
			</trkpt>
			<trkpt lat="46.6770606536" lon="8.1377487516">
				<ele>1436.4</ele>
				<extensions>
					<swisstopo:routepoint_id>1312049264</swisstopo:routepoint_id>
				</extensions>
			</trkpt>
			<trkpt lat="46.6770611210" lon="8.1376813435">
				<ele>1436.4</ele>
				<extensions>
					<swisstopo:routepoint_id>659132070</swisstopo:routepoint_id>
				</extensions>
			</trkpt>
			<trkpt lat="46.6770824903" lon="8.1375575613">
				<ele>1436.7</ele>
				<extensions>
					<swisstopo:routepoint_id>1908459266</swisstopo:routepoint_id>
				</extensions>
			</trkpt>
			<trkpt lat="46.6771046141" lon="8.1374470533">
				<ele>1436.4</ele>
				<extensions>
					<swisstopo:routepoint_id>1513458962</swisstopo:routepoint_id>
				</extensions>
			</trkpt>
			<trkpt lat="46.6771102197" lon="8.1372386067">
				<ele>1437.7</ele>
				<extensions>
					<swisstopo:routepoint_id>339838905</swisstopo:routepoint_id>
				</extensions>
			</trkpt>
			<trkpt lat="46.6771051168" lon="8.1370437997">
				<ele>1436.5</ele>
				<extensions>
					<swisstopo:routepoint_id>1628744802</swisstopo:routepoint_id>
				</extensions>
			</trkpt>
			<trkpt lat="46.6770145519" lon="8.1368491916">
				<ele>1436.9</ele>
				<extensions>
					<swisstopo:routepoint_id>346362196</swisstopo:routepoint_id>
				</extensions>
			</trkpt>
			<trkpt lat="46.6768324616" lon="8.1367631889">
				<ele>1437.0</ele>
				<extensions>
					<swisstopo:routepoint_id>1014539568</swisstopo:routepoint_id>
				</extensions>
			</trkpt>
			<trkpt lat="46.6767496912" lon="8.1367631100">
				<ele>1437.5</ele>
				<extensions>
					<swisstopo:routepoint_id>24209493</swisstopo:routepoint_id>
				</extensions>
			</trkpt>
			<trkpt lat="46.6766234416" lon="8.1367705606">
				<ele>1438.8</ele>
				<extensions>
					<swisstopo:routepoint_id>486561667</swisstopo:routepoint_id>
				</extensions>
			</trkpt>
			<trkpt lat="46.6765627992" lon="8.1367824149">
				<ele>1439.6</ele>
				<extensions>
					<swisstopo:routepoint_id>1380490265</swisstopo:routepoint_id>
				</extensions>
			</trkpt>
			<trkpt lat="46.6765008529" lon="8.1367869834">
				<ele>1440.3</ele>
				<extensions>
					<swisstopo:routepoint_id>627959489</swisstopo:routepoint_id>
				</extensions>
			</trkpt>
			<trkpt lat="46.6764043756" lon="8.1367700900">
				<ele>1440.5</ele>
				<extensions>
					<swisstopo:routepoint_id>1532676522</swisstopo:routepoint_id>
				</extensions>
			</trkpt>
			<trkpt lat="46.6762887971" lon="8.1367084466">
				<ele>1440.1</ele>
				<extensions>
					<swisstopo:routepoint_id>1906211324</swisstopo:routepoint_id>
				</extensions>
			</trkpt>
			<trkpt lat="46.6761875511" lon="8.1366755215">
				<ele>1440.6</ele>
				<extensions>
					<swisstopo:routepoint_id>398637931</swisstopo:routepoint_id>
				</extensions>
			</trkpt>
			<trkpt lat="46.6760357331" lon="8.1366585026">
				<ele>1440.8</ele>
				<extensions>
					<swisstopo:routepoint_id>1146787908</swisstopo:routepoint_id>
				</extensions>
			</trkpt>
			<trkpt lat="46.6759586554" lon="8.1366512832">
				<ele>1441.2</ele>
				<extensions>
					<swisstopo:routepoint_id>796095074</swisstopo:routepoint_id>
				</extensions>
			</trkpt>
			<trkpt lat="46.6757993307" lon="8.1365496295">
				<ele>1440.9</ele>
				<extensions>
					<swisstopo:routepoint_id>1559263345</swisstopo:routepoint_id>
				</extensions>
			</trkpt>
			<trkpt lat="46.6757038359" lon="8.1365193416">
				<ele>1441.1</ele>
				<extensions>
					<swisstopo:routepoint_id>1193749717</swisstopo:routepoint_id>
				</extensions>
			</trkpt>
			<trkpt lat="46.6756752629" lon="8.1365210492">
				<ele>1441.1</ele>
				<extensions>
					<swisstopo:routepoint_id>651330868</swisstopo:routepoint_id>
				</extensions>
			</trkpt>
			<trkpt lat="46.6756327007" lon="8.1365538139">
				<ele>1441.5</ele>
				<extensions>
					<swisstopo:routepoint_id>1373983637</swisstopo:routepoint_id>
				</extensions>
			</trkpt>
			<trkpt lat="46.6755385182" lon="8.1365839100">
				<ele>1443.2</ele>
				<extensions>
					<swisstopo:routepoint_id>400139542</swisstopo:routepoint_id>
				</extensions>
			</trkpt>
			<trkpt lat="46.6754608711" lon="8.1365697849">
				<ele>1443.2</ele>
				<extensions>
					<swisstopo:routepoint_id>1228307279</swisstopo:routepoint_id>
				</extensions>
			</trkpt>
			<trkpt lat="46.6754178335" lon="8.1365656193">
				<ele>1443.5</ele>
				<extensions>
					<swisstopo:routepoint_id>1803719133</swisstopo:routepoint_id>
				</extensions>
			</trkpt>
			<trkpt lat="46.6753730827" lon="8.1365458157">
				<ele>1444.6</ele>
				<extensions>
					<swisstopo:routepoint_id>1838252125</swisstopo:routepoint_id>
				</extensions>
			</trkpt>
			<trkpt lat="46.6753257941" lon="8.1364954084">
				<ele>1444.9</ele>
				<extensions>
					<swisstopo:routepoint_id>1590885325</swisstopo:routepoint_id>
				</extensions>
			</trkpt>
			<trkpt lat="46.6752996070" lon="8.1364175938">
				<ele>1444.7</ele>
				<extensions>
					<swisstopo:routepoint_id>177954907</swisstopo:routepoint_id>
				</extensions>
			</trkpt>
			<trkpt lat="46.6752955341" lon="8.1363453047">
				<ele>1444.5</ele>
				<extensions>
					<swisstopo:routepoint_id>648842739</swisstopo:routepoint_id>
				</extensions>
			</trkpt>
			<trkpt lat="46.6752839726" lon="8.1362838727">
				<ele>1444.6</ele>
				<extensions>
					<swisstopo:routepoint_id>811398227</swisstopo:routepoint_id>
				</extensions>
			</trkpt>
			<trkpt lat="46.6752647044" lon="8.1362043194">
				<ele>1444.9</ele>
				<extensions>
					<swisstopo:routepoint_id>2122999476</swisstopo:routepoint_id>
				</extensions>
			</trkpt>
			<trkpt lat="46.6752132675" lon="8.1360850877">
				<ele>1445.3</ele>
				<extensions>
					<swisstopo:routepoint_id>336041977</swisstopo:routepoint_id>
				</extensions>
			</trkpt>
			<trkpt lat="46.6751408471" lon="8.1359284154">
				<ele>1445.4</ele>
				<extensions>
					<swisstopo:routepoint_id>1839186985</swisstopo:routepoint_id>
				</extensions>
			</trkpt>
			<trkpt lat="46.6750914204" lon="8.1358377421">
				<ele>1446.3</ele>
				<extensions>
					<swisstopo:routepoint_id>237256431</swisstopo:routepoint_id>
				</extensions>
			</trkpt>
			<trkpt lat="46.6750751225" lon="8.1358106460">
				<ele>1446.6</ele>
				<extensions>
					<swisstopo:routepoint_id>1847997456</swisstopo:routepoint_id>
				</extensions>
			</trkpt>
			<trkpt lat="46.6750409814" lon="8.1357538874">
				<ele>1447.3</ele>
				<extensions>
					<swisstopo:routepoint_id>266760761</swisstopo:routepoint_id>
				</extensions>
			</trkpt>
			<trkpt lat="46.6750064640" lon="8.1356788154">
				<ele>1447.4</ele>
				<extensions>
					<swisstopo:routepoint_id>780709933</swisstopo:routepoint_id>
				</extensions>
			</trkpt>
			<trkpt lat="46.6749461220" lon="8.1354769880">
				<ele>1447.4</ele>
				<extensions>
					<swisstopo:routepoint_id>587291935</swisstopo:routepoint_id>
				</extensions>
			</trkpt>
			<trkpt lat="46.6749042545" lon="8.1352902750">
				<ele>1447.7</ele>
				<extensions>
					<swisstopo:routepoint_id>516238545</swisstopo:routepoint_id>
				</extensions>
			</trkpt>
			<trkpt lat="46.6748602841" lon="8.1351708414">
				<ele>1448.0</ele>
				<extensions>
					<swisstopo:routepoint_id>1026304807</swisstopo:routepoint_id>
				</extensions>
			</trkpt>
			<trkpt lat="46.6748068020" lon="8.1350709403">
				<ele>1448.6</ele>
				<extensions>
					<swisstopo:routepoint_id>485343559</swisstopo:routepoint_id>
				</extensions>
			</trkpt>
			<trkpt lat="46.6747818778" lon="8.1350218828">
				<ele>1449.0</ele>
				<extensions>
					<swisstopo:routepoint_id>32994355</swisstopo:routepoint_id>
				</extensions>
			</trkpt>
			<trkpt lat="46.6747568793" lon="8.1349053748">
				<ele>1449.3</ele>
				<extensions>
					<swisstopo:routepoint_id>598108166</swisstopo:routepoint_id>
				</extensions>
			</trkpt>
			<trkpt lat="46.6747243805" lon="8.1348179528">
				<ele>1450.7</ele>
				<extensions>
					<swisstopo:routepoint_id>132664136</swisstopo:routepoint_id>
				</extensions>
			</trkpt>
			<trkpt lat="46.6747448620" lon="8.1347963507">
				<ele>1450.7</ele>
				<extensions>
					<swisstopo:routepoint_id>1979853143</swisstopo:routepoint_id>
				</extensions>
			</trkpt>
			<trkpt lat="46.6748017636" lon="8.1347326252">
				<ele>1450.8</ele>
				<extensions>
					<swisstopo:routepoint_id>1994401417</swisstopo:routepoint_id>
				</extensions>
			</trkpt>
			<trkpt lat="46.6748641018" lon="8.1346536411">
				<ele>1451.2</ele>
				<extensions>
					<swisstopo:routepoint_id>1052714029</swisstopo:routepoint_id>
				</extensions>
			</trkpt>
			<trkpt lat="46.6748986403" lon="8.1346105135">
				<ele>1451.9</ele>
				<extensions>
					<swisstopo:routepoint_id>681221398</swisstopo:routepoint_id>
				</extensions>
			</trkpt>
			<trkpt lat="46.6749230702" lon="8.1345859310">
				<ele>1452.6</ele>
				<extensions>
					<swisstopo:routepoint_id>1088923476</swisstopo:routepoint_id>
				</extensions>
			</trkpt>
			<trkpt lat="46.6749804302" lon="8.1345472554">
				<ele>1453.5</ele>
				<extensions>
					<swisstopo:routepoint_id>1291979299</swisstopo:routepoint_id>
				</extensions>
			</trkpt>
			<trkpt lat="46.6750349552" lon="8.1345043855">
				<ele>1454.1</ele>
				<extensions>
					<swisstopo:routepoint_id>1109786842</swisstopo:routepoint_id>
				</extensions>
			</trkpt>
			<trkpt lat="46.6750694810" lon="8.1344633347">
				<ele>1454.1</ele>
				<extensions>
					<swisstopo:routepoint_id>623088002</swisstopo:routepoint_id>
				</extensions>
			</trkpt>
			<trkpt lat="46.6750954164" lon="8.1344263179">
				<ele>1454.3</ele>
				<extensions>
					<swisstopo:routepoint_id>1400047683</swisstopo:routepoint_id>
				</extensions>
			</trkpt>
			<trkpt lat="46.6751156830" lon="8.1343809383">
				<ele>1454.4</ele>
				<extensions>
					<swisstopo:routepoint_id>372286542</swisstopo:routepoint_id>
				</extensions>
			</trkpt>
			<trkpt lat="46.6751317430" lon="8.1343230538">
				<ele>1454.5</ele>
				<extensions>
					<swisstopo:routepoint_id>29793299</swisstopo:routepoint_id>
				</extensions>
			</trkpt>
			<trkpt lat="46.6751524490" lon="8.1342071315">
				<ele>1454.7</ele>
				<extensions>
					<swisstopo:routepoint_id>1890278031</swisstopo:routepoint_id>
				</extensions>
			</trkpt>
			<trkpt lat="46.6751589394" lon="8.1341180040">
				<ele>1455.1</ele>
				<extensions>
					<swisstopo:routepoint_id>1550384326</swisstopo:routepoint_id>
				</extensions>
			</trkpt>
			<trkpt lat="46.6750969581" lon="8.1341386119">
				<ele>1455.4</ele>
				<extensions>
					<swisstopo:routepoint_id>1129607058</swisstopo:routepoint_id>
				</extensions>
			</trkpt>
			<trkpt lat="46.6750539326" lon="8.1341486059">
				<ele>1455.5</ele>
				<extensions>
					<swisstopo:routepoint_id>944694247</swisstopo:routepoint_id>
				</extensions>
			</trkpt>
			<trkpt lat="46.6750251206" lon="8.1341497117">
				<ele>1455.7</ele>
				<extensions>
					<swisstopo:routepoint_id>654765925</swisstopo:routepoint_id>
				</extensions>
			</trkpt>
			<trkpt lat="46.6749899871" lon="8.1341430496">
				<ele>1455.7</ele>
				<extensions>
					<swisstopo:routepoint_id>1833328383</swisstopo:routepoint_id>
				</extensions>
			</trkpt>
			<trkpt lat="46.6748779772" lon="8.1340815902">
				<ele>1455.9</ele>
				<extensions>
					<swisstopo:routepoint_id>1053982177</swisstopo:routepoint_id>
				</extensions>
			</trkpt>
			<trkpt lat="46.6747994990" lon="8.1340251261">
				<ele>1456.1</ele>
				<extensions>
					<swisstopo:routepoint_id>427208414</swisstopo:routepoint_id>
				</extensions>
			</trkpt>
			<trkpt lat="46.6747500396" lon="8.1339809411">
				<ele>1456.1</ele>
				<extensions>
					<swisstopo:routepoint_id>1480788671</swisstopo:routepoint_id>
				</extensions>
			</trkpt>
			<trkpt lat="46.6747257927" lon="8.1339475243">
				<ele>1456.1</ele>
				<extensions>
					<swisstopo:routepoint_id>114828411</swisstopo:routepoint_id>
				</extensions>
			</trkpt>
			<trkpt lat="46.6747081432" lon="8.1339873026">
				<ele>1456.2</ele>
				<extensions>
					<swisstopo:routepoint_id>2105708653</swisstopo:routepoint_id>
				</extensions>
			</trkpt>
			<trkpt lat="46.6746744370" lon="8.1340224292">
				<ele>1456.3</ele>
				<extensions>
					<swisstopo:routepoint_id>1823065086</swisstopo:routepoint_id>
				</extensions>
			</trkpt>
			<trkpt lat="46.6746135992" lon="8.1340515870">
				<ele>1456.3</ele>
				<extensions>
					<swisstopo:routepoint_id>611503083</swisstopo:routepoint_id>
				</extensions>
			</trkpt>
			<trkpt lat="46.6745149008" lon="8.1340802440">
				<ele>1456.4</ele>
				<extensions>
					<swisstopo:routepoint_id>688478217</swisstopo:routepoint_id>
				</extensions>
			</trkpt>
			<trkpt lat="46.6744821622" lon="8.1341174728">
				<ele>1456.7</ele>
				<extensions>
					<swisstopo:routepoint_id>702154526</swisstopo:routepoint_id>
				</extensions>
			</trkpt>
			<trkpt lat="46.6744528365" lon="8.1341498605">
				<ele>1457.1</ele>
				<extensions>
					<swisstopo:routepoint_id>503212516</swisstopo:routepoint_id>
				</extensions>
			</trkpt>
			<trkpt lat="46.6744216787" lon="8.1341668675">
				<ele>1457.9</ele>
				<extensions>
					<swisstopo:routepoint_id>1192920244</swisstopo:routepoint_id>
				</extensions>
			</trkpt>
			<trkpt lat="46.6743930130" lon="8.1341720657">
				<ele>1459.0</ele>
				<extensions>
					<swisstopo:routepoint_id>395656708</swisstopo:routepoint_id>
				</extensions>
			</trkpt>
			<trkpt lat="46.6743586034" lon="8.1341646280">
				<ele>1459.7</ele>
				<extensions>
					<swisstopo:routepoint_id>1755882426</swisstopo:routepoint_id>
				</extensions>
			</trkpt>
			<trkpt lat="46.6743276808" lon="8.1341432790">
				<ele>1460.2</ele>
				<extensions>
					<swisstopo:routepoint_id>1472690243</swisstopo:routepoint_id>
				</extensions>
			</trkpt>
			<trkpt lat="46.6743035866" lon="8.1341157609">
				<ele>1460.8</ele>
				<extensions>
					<swisstopo:routepoint_id>2057746733</swisstopo:routepoint_id>
				</extensions>
			</trkpt>
			<trkpt lat="46.6742795606" lon="8.1340770665">
				<ele>1461.7</ele>
				<extensions>
					<swisstopo:routepoint_id>1012597023</swisstopo:routepoint_id>
				</extensions>
			</trkpt>
			<trkpt lat="46.6742734772" lon="8.1340421165">
				<ele>1462.0</ele>
				<extensions>
					<swisstopo:routepoint_id>933315473</swisstopo:routepoint_id>
				</extensions>
			</trkpt>
			<trkpt lat="46.6742669242" lon="8.1340029711">
				<ele>1461.9</ele>
				<extensions>
					<swisstopo:routepoint_id>348109643</swisstopo:routepoint_id>
				</extensions>
			</trkpt>
			<trkpt lat="46.6742511938" lon="8.1339581235">
				<ele>1462.0</ele>
				<extensions>
					<swisstopo:routepoint_id>379251477</swisstopo:routepoint_id>
				</extensions>
			</trkpt>
			<trkpt lat="46.6742261451" lon="8.1339277918">
				<ele>1462.2</ele>
				<extensions>
					<swisstopo:routepoint_id>1443220506</swisstopo:routepoint_id>
				</extensions>
			</trkpt>
			<trkpt lat="46.6741972753" lon="8.1338883429">
				<ele>1462.8</ele>
				<extensions>
					<swisstopo:routepoint_id>408832237</swisstopo:routepoint_id>
				</extensions>
			</trkpt>
			<trkpt lat="46.6741762199" lon="8.1338406318">
				<ele>1463.0</ele>
				<extensions>
					<swisstopo:routepoint_id>198328283</swisstopo:routepoint_id>
				</extensions>
			</trkpt>
			<trkpt lat="46.6741581116" lon="8.1337873748">
				<ele>1463.3</ele>
				<extensions>
					<swisstopo:routepoint_id>451817725</swisstopo:routepoint_id>
				</extensions>
			</trkpt>
			<trkpt lat="46.6741394116" lon="8.1337515476">
				<ele>1463.8</ele>
				<extensions>
					<swisstopo:routepoint_id>1908446931</swisstopo:routepoint_id>
				</extensions>
			</trkpt>
			<trkpt lat="46.6741135154" lon="8.1337009887">
				<ele>1464.2</ele>
				<extensions>
					<swisstopo:routepoint_id>1062604101</swisstopo:routepoint_id>
				</extensions>
			</trkpt>
			<trkpt lat="46.6740963320" lon="8.1336554176">
				<ele>1464.6</ele>
				<extensions>
					<swisstopo:routepoint_id>602130395</swisstopo:routepoint_id>
				</extensions>
			</trkpt>
			<trkpt lat="46.6740719229" lon="8.1336013872">
				<ele>1465.1</ele>
				<extensions>
					<swisstopo:routepoint_id>1983075405</swisstopo:routepoint_id>
				</extensions>
			</trkpt>
			<trkpt lat="46.6740372333" lon="8.1334837355">
				<ele>1465.0</ele>
				<extensions>
					<swisstopo:routepoint_id>1878000252</swisstopo:routepoint_id>
				</extensions>
			</trkpt>
			<trkpt lat="46.6740119333" lon="8.1334164428">
				<ele>1463.8</ele>
				<extensions>
					<swisstopo:routepoint_id>400552850</swisstopo:routepoint_id>
				</extensions>
			</trkpt>
			<trkpt lat="46.6739901613" lon="8.1333282740">
				<ele>1463.2</ele>
				<extensions>
					<swisstopo:routepoint_id>534243451</swisstopo:routepoint_id>
				</extensions>
			</trkpt>
			<trkpt lat="46.6739837823" lon="8.1332605327">
				<ele>1463.4</ele>
				<extensions>
					<swisstopo:routepoint_id>1461501291</swisstopo:routepoint_id>
				</extensions>
			</trkpt>
			<trkpt lat="46.6739808086" lon="8.1331935277">
				<ele>1463.6</ele>
				<extensions>
					<swisstopo:routepoint_id>571871888</swisstopo:routepoint_id>
				</extensions>
			</trkpt>
			<trkpt lat="46.6739735474" lon="8.1331125367">
				<ele>1463.8</ele>
				<extensions>
					<swisstopo:routepoint_id>1891715789</swisstopo:routepoint_id>
				</extensions>
			</trkpt>
			<trkpt lat="46.6739594194" lon="8.1330439873">
				<ele>1463.9</ele>
				<extensions>
					<swisstopo:routepoint_id>160467882</swisstopo:routepoint_id>
				</extensions>
			</trkpt>
			<trkpt lat="46.6739311921" lon="8.1329787375">
				<ele>1463.9</ele>
				<extensions>
					<swisstopo:routepoint_id>964952518</swisstopo:routepoint_id>
				</extensions>
			</trkpt>
			<trkpt lat="46.6738825435" lon="8.1329194948">
				<ele>1463.8</ele>
				<extensions>
					<swisstopo:routepoint_id>1732789355</swisstopo:routepoint_id>
				</extensions>
			</trkpt>
			<trkpt lat="46.6738391061" lon="8.1328819522">
				<ele>1463.8</ele>
				<extensions>
					<swisstopo:routepoint_id>1812693271</swisstopo:routepoint_id>
				</extensions>
			</trkpt>
			<trkpt lat="46.6738078540" lon="8.1328347998">
				<ele>1463.7</ele>
				<extensions>
					<swisstopo:routepoint_id>978083687</swisstopo:routepoint_id>
				</extensions>
			</trkpt>
			<trkpt lat="46.6737753447" lon="8.1327562411">
				<ele>1463.9</ele>
				<extensions>
					<swisstopo:routepoint_id>153002678</swisstopo:routepoint_id>
				</extensions>
			</trkpt>
			<trkpt lat="46.6737607258" lon="8.1326883941">
				<ele>1464.2</ele>
				<extensions>
					<swisstopo:routepoint_id>256322080</swisstopo:routepoint_id>
				</extensions>
			</trkpt>
			<trkpt lat="46.6737350761" lon="8.1326001601">
				<ele>1464.5</ele>
				<extensions>
					<swisstopo:routepoint_id>1772740194</swisstopo:routepoint_id>
				</extensions>
			</trkpt>
			<trkpt lat="46.6737016502" lon="8.1325125346">
				<ele>1464.9</ele>
				<extensions>
					<swisstopo:routepoint_id>310338730</swisstopo:routepoint_id>
				</extensions>
			</trkpt>
			<trkpt lat="46.6736734224" lon="8.1324472951">
				<ele>1465.1</ele>
				<extensions>
					<swisstopo:routepoint_id>1848512897</swisstopo:routepoint_id>
				</extensions>
			</trkpt>
			<trkpt lat="46.6736542580" lon="8.1324079721">
				<ele>1465.4</ele>
				<extensions>
					<swisstopo:routepoint_id>1734375204</swisstopo:routepoint_id>
				</extensions>
			</trkpt>
			<trkpt lat="46.6736303548" lon="8.1323504618">
				<ele>1466.1</ele>
				<extensions>
					<swisstopo:routepoint_id>2037318596</swisstopo:routepoint_id>
				</extensions>
			</trkpt>
			<trkpt lat="46.6736079265" lon="8.1322887748">
				<ele>1466.5</ele>
				<extensions>
					<swisstopo:routepoint_id>1482417749</swisstopo:routepoint_id>
				</extensions>
			</trkpt>
			<trkpt lat="46.6735919605" lon="8.1322027845">
				<ele>1466.8</ele>
				<extensions>
					<swisstopo:routepoint_id>1711865344</swisstopo:routepoint_id>
				</extensions>
			</trkpt>
			<trkpt lat="46.6735928920" lon="8.1321309547">
				<ele>1467.2</ele>
				<extensions>
					<swisstopo:routepoint_id>679855112</swisstopo:routepoint_id>
				</extensions>
			</trkpt>
			<trkpt lat="46.6736108368" lon="8.1320558691">
				<ele>1467.9</ele>
				<extensions>
					<swisstopo:routepoint_id>213038323</swisstopo:routepoint_id>
				</extensions>
			</trkpt>
			<trkpt lat="46.6736180880" lon="8.1319820434">
				<ele>1468.1</ele>
				<extensions>
					<swisstopo:routepoint_id>1064235398</swisstopo:routepoint_id>
				</extensions>
			</trkpt>
			<trkpt lat="46.6736092713" lon="8.1319170568">
				<ele>1468.7</ele>
				<extensions>
					<swisstopo:routepoint_id>1245723943</swisstopo:routepoint_id>
				</extensions>
			</trkpt>
			<trkpt lat="46.6735787124" lon="8.1318371361">
				<ele>1469.6</ele>
				<extensions>
					<swisstopo:routepoint_id>19495641</swisstopo:routepoint_id>
				</extensions>
			</trkpt>
			<trkpt lat="46.6735561650" lon="8.1317949876">
				<ele>1469.9</ele>
				<extensions>
					<swisstopo:routepoint_id>32583318</swisstopo:routepoint_id>
				</extensions>
			</trkpt>
			<trkpt lat="46.6735428155" lon="8.1317564448">
				<ele>1470.1</ele>
				<extensions>
					<swisstopo:routepoint_id>523488611</swisstopo:routepoint_id>
				</extensions>
			</trkpt>
			<trkpt lat="46.6735343281" lon="8.1317172721">
				<ele>1470.5</ele>
				<extensions>
					<swisstopo:routepoint_id>1506860126</swisstopo:routepoint_id>
				</extensions>
			</trkpt>
			<trkpt lat="46.6735263543" lon="8.1316718331">
				<ele>1470.8</ele>
				<extensions>
					<swisstopo:routepoint_id>1385278579</swisstopo:routepoint_id>
				</extensions>
			</trkpt>
			<trkpt lat="46.6735086635" lon="8.1316297472">
				<ele>1470.8</ele>
				<extensions>
					<swisstopo:routepoint_id>849901768</swisstopo:routepoint_id>
				</extensions>
			</trkpt>
			<trkpt lat="46.6734817028" lon="8.1315959050">
				<ele>1470.7</ele>
				<extensions>
					<swisstopo:routepoint_id>987226070</swisstopo:routepoint_id>
				</extensions>
			</trkpt>
			<trkpt lat="46.6734528933" lon="8.1315359648">
				<ele>1471.5</ele>
				<extensions>
					<swisstopo:routepoint_id>823173492</swisstopo:routepoint_id>
				</extensions>
			</trkpt>
			<trkpt lat="46.6734171017" lon="8.1314718860">
				<ele>1472.1</ele>
				<extensions>
					<swisstopo:routepoint_id>543723811</swisstopo:routepoint_id>
				</extensions>
			</trkpt>
			<trkpt lat="46.6733584876" lon="8.1314047415">
				<ele>1473.0</ele>
				<extensions>
					<swisstopo:routepoint_id>316526490</swisstopo:routepoint_id>
				</extensions>
			</trkpt>
			<trkpt lat="46.6733208812" lon="8.1313254137">
				<ele>1474.3</ele>
				<extensions>
					<swisstopo:routepoint_id>1663625490</swisstopo:routepoint_id>
				</extensions>
			</trkpt>
			<trkpt lat="46.6732435022" lon="8.1312123925">
				<ele>1475.4</ele>
				<extensions>
					<swisstopo:routepoint_id>25781391</swisstopo:routepoint_id>
				</extensions>
			</trkpt>
			<trkpt lat="46.6731903390" lon="8.1311868131">
				<ele>1474.5</ele>
				<extensions>
					<swisstopo:routepoint_id>947311807</swisstopo:routepoint_id>
				</extensions>
			</trkpt>
			<trkpt lat="46.6731428460" lon="8.1311696055">
				<ele>1473.8</ele>
				<extensions>
					<swisstopo:routepoint_id>1451559561</swisstopo:routepoint_id>
				</extensions>
			</trkpt>
			<trkpt lat="46.6730599117" lon="8.1313428150">
				<ele>1469.9</ele>
				<extensions>
					<swisstopo:routepoint_id>963751605</swisstopo:routepoint_id>
				</extensions>
			</trkpt>
			<trkpt lat="46.6730243678" lon="8.1313949215">
				<ele>1470.1</ele>
				<extensions>
					<swisstopo:routepoint_id>1103123108</swisstopo:routepoint_id>
				</extensions>
			</trkpt>
			<trkpt lat="46.6729943584" lon="8.1314761405">
				<ele>1469.6</ele>
				<extensions>
					<swisstopo:routepoint_id>200925056</swisstopo:routepoint_id>
				</extensions>
			</trkpt>
			<trkpt lat="46.6729863188" lon="8.1315465700">
				<ele>1469.5</ele>
				<extensions>
					<swisstopo:routepoint_id>1478986383</swisstopo:routepoint_id>
				</extensions>
			</trkpt>
			<trkpt lat="46.6729742238" lon="8.1315946127">
				<ele>1469.1</ele>
				<extensions>
					<swisstopo:routepoint_id>77901858</swisstopo:routepoint_id>
				</extensions>
			</trkpt>
			<trkpt lat="46.6728648161" lon="8.1315828314">
				<ele>1473.6</ele>
				<extensions>
					<swisstopo:routepoint_id>477748513</swisstopo:routepoint_id>
				</extensions>
			</trkpt>
			<trkpt lat="46.6728000911" lon="8.1316580874">
				<ele>1475.6</ele>
				<extensions>
					<swisstopo:routepoint_id>355493381</swisstopo:routepoint_id>
				</extensions>
			</trkpt>
			<trkpt lat="46.6727230870" lon="8.1317953903">
				<ele>1478.7</ele>
				<extensions>
					<swisstopo:routepoint_id>1047633362</swisstopo:routepoint_id>
				</extensions>
			</trkpt>
			<trkpt lat="46.6726760233" lon="8.1319339837">
				<ele>1481.1</ele>
				<extensions>
					<swisstopo:routepoint_id>1336441905</swisstopo:routepoint_id>
				</extensions>
			</trkpt>
			<trkpt lat="46.6726608702" lon="8.1318444638">
				<ele>1481.4</ele>
				<extensions>
					<swisstopo:routepoint_id>371132799</swisstopo:routepoint_id>
				</extensions>
			</trkpt>
			<trkpt lat="46.6726406112" lon="8.1317306997">
				<ele>1480.8</ele>
				<extensions>
					<swisstopo:routepoint_id>1477335459</swisstopo:routepoint_id>
				</extensions>
			</trkpt>
			<trkpt lat="46.6726288941" lon="8.1316366487">
				<ele>1480.5</ele>
				<extensions>
					<swisstopo:routepoint_id>482431612</swisstopo:routepoint_id>
				</extensions>
			</trkpt>
			<trkpt lat="46.6726164335" lon="8.1315467200">
				<ele>1481.3</ele>
				<extensions>
					<swisstopo:routepoint_id>1641530603</swisstopo:routepoint_id>
				</extensions>
			</trkpt>
			<trkpt lat="46.6725923351" lon="8.1314710955">
				<ele>1481.9</ele>
				<extensions>
					<swisstopo:routepoint_id>506413079</swisstopo:routepoint_id>
				</extensions>
			</trkpt>
			<trkpt lat="46.6725517675" lon="8.1313756532">
				<ele>1482.6</ele>
				<extensions>
					<swisstopo:routepoint_id>1700691007</swisstopo:routepoint_id>
				</extensions>
			</trkpt>
			<trkpt lat="46.6725003619" lon="8.1312800750">
				<ele>1482.6</ele>
				<extensions>
					<swisstopo:routepoint_id>1647480654</swisstopo:routepoint_id>
				</extensions>
			</trkpt>
			<trkpt lat="46.6724495426" lon="8.1312092702">
				<ele>1483.4</ele>
				<extensions>
					<swisstopo:routepoint_id>2076795335</swisstopo:routepoint_id>
				</extensions>
			</trkpt>
			<trkpt lat="46.6724050764" lon="8.1311632967">
				<ele>1484.5</ele>
				<extensions>
					<swisstopo:routepoint_id>249792339</swisstopo:routepoint_id>
				</extensions>
			</trkpt>
			<trkpt lat="46.6723656506" lon="8.1311184346">
				<ele>1485.9</ele>
				<extensions>
					<swisstopo:routepoint_id>283671297</swisstopo:routepoint_id>
				</extensions>
			</trkpt>
			<trkpt lat="46.6723276380" lon="8.1310777097">
				<ele>1487.1</ele>
				<extensions>
					<swisstopo:routepoint_id>606428337</swisstopo:routepoint_id>
				</extensions>
			</trkpt>
			<trkpt lat="46.6722983068" lon="8.1310340110">
				<ele>1487.6</ele>
				<extensions>
					<swisstopo:routepoint_id>1815181717</swisstopo:routepoint_id>
				</extensions>
			</trkpt>
			<trkpt lat="46.6722842058" lon="8.1309770721">
				<ele>1487.4</ele>
				<extensions>
					<swisstopo:routepoint_id>1097679521</swisstopo:routepoint_id>
				</extensions>
			</trkpt>
			<trkpt lat="46.6722715279" lon="8.1309242929">
				<ele>1487.1</ele>
				<extensions>
					<swisstopo:routepoint_id>194024981</swisstopo:routepoint_id>
				</extensions>
			</trkpt>
			<trkpt lat="46.6722444620" lon="8.1308630718">
				<ele>1487.0</ele>
				<extensions>
					<swisstopo:routepoint_id>1728526971</swisstopo:routepoint_id>
				</extensions>
			</trkpt>
			<trkpt lat="46.6722013601" lon="8.1308295088">
				<ele>1487.6</ele>
				<extensions>
					<swisstopo:routepoint_id>463025036</swisstopo:routepoint_id>
				</extensions>
			</trkpt>
			<trkpt lat="46.6721531298" lon="8.1308092996">
				<ele>1488.7</ele>
				<extensions>
					<swisstopo:routepoint_id>1970673131</swisstopo:routepoint_id>
				</extensions>
			</trkpt>
			<trkpt lat="46.6721041292" lon="8.1307973251">
				<ele>1489.8</ele>
				<extensions>
					<swisstopo:routepoint_id>1678034505</swisstopo:routepoint_id>
				</extensions>
			</trkpt>
			<trkpt lat="46.6720739068" lon="8.1307835304">
				<ele>1490.9</ele>
				<extensions>
					<swisstopo:routepoint_id>437467398</swisstopo:routepoint_id>
				</extensions>
			</trkpt>
			<trkpt lat="46.6720414706" lon="8.1307769309">
				<ele>1492.0</ele>
				<extensions>
					<swisstopo:routepoint_id>1548636834</swisstopo:routepoint_id>
				</extensions>
			</trkpt>
			<trkpt lat="46.6720147300" lon="8.1307838177">
				<ele>1492.9</ele>
				<extensions>
					<swisstopo:routepoint_id>696455912</swisstopo:routepoint_id>
				</extensions>
			</trkpt>
			<trkpt lat="46.6719873304" lon="8.1307803808">
				<ele>1494.1</ele>
				<extensions>
					<swisstopo:routepoint_id>1842786078</swisstopo:routepoint_id>
				</extensions>
			</trkpt>
			<trkpt lat="46.6719650226" lon="8.1307697699">
				<ele>1494.8</ele>
				<extensions>
					<swisstopo:routepoint_id>74345855</swisstopo:routepoint_id>
				</extensions>
			</trkpt>
			<trkpt lat="46.6719483578" lon="8.1307809114">
				<ele>1495.6</ele>
				<extensions>
					<swisstopo:routepoint_id>1766979574</swisstopo:routepoint_id>
				</extensions>
			</trkpt>
			<trkpt lat="46.6719278589" lon="8.1308322435">
				<ele>1497.0</ele>
				<extensions>
					<swisstopo:routepoint_id>1702682607</swisstopo:routepoint_id>
				</extensions>
			</trkpt>
			<trkpt lat="46.6719209651" lon="8.1308992374">
				<ele>1497.9</ele>
				<extensions>
					<swisstopo:routepoint_id>1996940389</swisstopo:routepoint_id>
				</extensions>
			</trkpt>
			<trkpt lat="46.6719183047" lon="8.1309848421">
				<ele>1499.3</ele>
				<extensions>
					<swisstopo:routepoint_id>802023223</swisstopo:routepoint_id>
				</extensions>
			</trkpt>
			<trkpt lat="46.6719199755" lon="8.1310694718">
				<ele>1500.7</ele>
				<extensions>
					<swisstopo:routepoint_id>970357163</swisstopo:routepoint_id>
				</extensions>
			</trkpt>
			<trkpt lat="46.6719246885" lon="8.1311273203">
				<ele>1501.2</ele>
				<extensions>
					<swisstopo:routepoint_id>649528752</swisstopo:routepoint_id>
				</extensions>
			</trkpt>
			<trkpt lat="46.6719195614" lon="8.1311406645">
				<ele>1502.2</ele>
				<extensions>
					<swisstopo:routepoint_id>791848973</swisstopo:routepoint_id>
				</extensions>
			</trkpt>
			<trkpt lat="46.6719030498" lon="8.1311249783">
				<ele>1503.3</ele>
				<extensions>
					<swisstopo:routepoint_id>1321221679</swisstopo:routepoint_id>
				</extensions>
			</trkpt>
			<trkpt lat="46.6718829846" lon="8.1311020356">
				<ele>1504.1</ele>
				<extensions>
					<swisstopo:routepoint_id>1321892042</swisstopo:routepoint_id>
				</extensions>
			</trkpt>
			<trkpt lat="46.6718656973" lon="8.1310956176">
				<ele>1504.6</ele>
				<extensions>
					<swisstopo:routepoint_id>44543714</swisstopo:routepoint_id>
				</extensions>
			</trkpt>
			<trkpt lat="46.6718541003" lon="8.1311047597">
				<ele>1505.8</ele>
				<extensions>
					<swisstopo:routepoint_id>11885555</swisstopo:routepoint_id>
				</extensions>
			</trkpt>
			<trkpt lat="46.6718517120" lon="8.1311439350">
				<ele>1506.7</ele>
				<extensions>
					<swisstopo:routepoint_id>934278117</swisstopo:routepoint_id>
				</extensions>
			</trkpt>
			<trkpt lat="46.6718464083" lon="8.1311861710">
				<ele>1507.9</ele>
				<extensions>
					<swisstopo:routepoint_id>2067553232</swisstopo:routepoint_id>
				</extensions>
			</trkpt>
			<trkpt lat="46.6718333908" lon="8.1312188989">
				<ele>1509.4</ele>
				<extensions>
					<swisstopo:routepoint_id>592734974</swisstopo:routepoint_id>
				</extensions>
			</trkpt>
			<trkpt lat="46.6718152334" lon="8.1311840192">
				<ele>1509.4</ele>
				<extensions>
					<swisstopo:routepoint_id>62771893</swisstopo:routepoint_id>
				</extensions>
			</trkpt>
			<trkpt lat="46.6717939824" lon="8.1310822824">
				<ele>1509.1</ele>
				<extensions>
					<swisstopo:routepoint_id>1744746354</swisstopo:routepoint_id>
				</extensions>
			</trkpt>
			<trkpt lat="46.6717602507" lon="8.1309649240">
				<ele>1508.7</ele>
				<extensions>
					<swisstopo:routepoint_id>1868403084</swisstopo:routepoint_id>
				</extensions>
			</trkpt>
			<trkpt lat="46.6716968212" lon="8.1308669983">
				<ele>1508.7</ele>
				<extensions>
					<swisstopo:routepoint_id>2138395147</swisstopo:routepoint_id>
				</extensions>
			</trkpt>
			<trkpt lat="46.6716284582" lon="8.1308216221">
				<ele>1510.2</ele>
				<extensions>
					<swisstopo:routepoint_id>67208146</swisstopo:routepoint_id>
				</extensions>
			</trkpt>
			<trkpt lat="46.6715967274" lon="8.1308131779">
				<ele>1511.6</ele>
				<extensions>
					<swisstopo:routepoint_id>1480511705</swisstopo:routepoint_id>
				</extensions>
			</trkpt>
			<trkpt lat="46.6715479416" lon="8.1307481343">
				<ele>1511.4</ele>
				<extensions>
					<swisstopo:routepoint_id>1397926555</swisstopo:routepoint_id>
				</extensions>
			</trkpt>
			<trkpt lat="46.6715117185" lon="8.1307239253">
				<ele>1510.8</ele>
				<extensions>
					<swisstopo:routepoint_id>682902989</swisstopo:routepoint_id>
				</extensions>
			</trkpt>
			<trkpt lat="46.6714877766" lon="8.1306994017">
				<ele>1510.8</ele>
				<extensions>
					<swisstopo:routepoint_id>1198680728</swisstopo:routepoint_id>
				</extensions>
			</trkpt>
			<trkpt lat="46.6714655415" lon="8.1306352764">
				<ele>1510.8</ele>
				<extensions>
					<swisstopo:routepoint_id>832769061</swisstopo:routepoint_id>
				</extensions>
			</trkpt>
			<trkpt lat="46.6714351830" lon="8.1306008308">
				<ele>1510.8</ele>
				<extensions>
					<swisstopo:routepoint_id>640704217</swisstopo:routepoint_id>
				</extensions>
			</trkpt>
			<trkpt lat="46.6713572902" lon="8.1305395461">
				<ele>1511.6</ele>
				<extensions>
					<swisstopo:routepoint_id>1370405356</swisstopo:routepoint_id>
				</extensions>
			</trkpt>
			<trkpt lat="46.6712703190" lon="8.1304298304">
				<ele>1513.2</ele>
				<extensions>
					<swisstopo:routepoint_id>1164861744</swisstopo:routepoint_id>
				</extensions>
			</trkpt>
			<trkpt lat="46.6712057218" lon="8.1303463827">
				<ele>1513.8</ele>
				<extensions>
					<swisstopo:routepoint_id>505795510</swisstopo:routepoint_id>
				</extensions>
			</trkpt>
			<trkpt lat="46.6711149465" lon="8.1302630846">
				<ele>1514.4</ele>
				<extensions>
					<swisstopo:routepoint_id>1911005606</swisstopo:routepoint_id>
				</extensions>
			</trkpt>
			<trkpt lat="46.6710696672" lon="8.1302014083">
				<ele>1513.4</ele>
				<extensions>
					<swisstopo:routepoint_id>680889146</swisstopo:routepoint_id>
				</extensions>
			</trkpt>
			<trkpt lat="46.6709794675" lon="8.1300926989">
				<ele>1513.8</ele>
				<extensions>
					<swisstopo:routepoint_id>201283253</swisstopo:routepoint_id>
				</extensions>
			</trkpt>
			<trkpt lat="46.6709660041" lon="8.1300462508">
				<ele>1513.6</ele>
				<extensions>
					<swisstopo:routepoint_id>144523430</swisstopo:routepoint_id>
				</extensions>
			</trkpt>
			<trkpt lat="46.6709086011" lon="8.1299809833">
				<ele>1514.5</ele>
				<extensions>
					<swisstopo:routepoint_id>544450071</swisstopo:routepoint_id>
				</extensions>
			</trkpt>
			<trkpt lat="46.6708443365" lon="8.1299096427">
				<ele>1515.7</ele>
				<extensions>
					<swisstopo:routepoint_id>159621082</swisstopo:routepoint_id>
				</extensions>
			</trkpt>
			<trkpt lat="46.6708023722" lon="8.1298410987">
				<ele>1516.6</ele>
				<extensions>
					<swisstopo:routepoint_id>1009161984</swisstopo:routepoint_id>
				</extensions>
			</trkpt>
			<trkpt lat="46.6707513401" lon="8.1296940764">
				<ele>1517.8</ele>
				<extensions>
					<swisstopo:routepoint_id>42352963</swisstopo:routepoint_id>
				</extensions>
			</trkpt>
			<trkpt lat="46.6707239983" lon="8.1296322287">
				<ele>1518.7</ele>
				<extensions>
					<swisstopo:routepoint_id>485412788</swisstopo:routepoint_id>
				</extensions>
			</trkpt>
			<trkpt lat="46.6706872099" lon="8.1295795351">
				<ele>1520.0</ele>
				<extensions>
					<swisstopo:routepoint_id>1443610142</swisstopo:routepoint_id>
				</extensions>
			</trkpt>
			<trkpt lat="46.6706756337" lon="8.1294947422">
				<ele>1521.1</ele>
				<extensions>
					<swisstopo:routepoint_id>1836058555</swisstopo:routepoint_id>
				</extensions>
			</trkpt>
			<trkpt lat="46.6706584897" lon="8.1294572670">
				<ele>1522.1</ele>
				<extensions>
					<swisstopo:routepoint_id>225245567</swisstopo:routepoint_id>
				</extensions>
			</trkpt>
			<trkpt lat="46.6706119160" lon="8.1294012736">
				<ele>1524.6</ele>
				<extensions>
					<swisstopo:routepoint_id>623290919</swisstopo:routepoint_id>
				</extensions>
			</trkpt>
			<trkpt lat="46.6705863357" lon="8.1293442792">
				<ele>1525.6</ele>
				<extensions>
					<swisstopo:routepoint_id>1899001919</swisstopo:routepoint_id>
				</extensions>
			</trkpt>
			<trkpt lat="46.6705392015" lon="8.1292961212">
				<ele>1527.1</ele>
				<extensions>
					<swisstopo:routepoint_id>590936121</swisstopo:routepoint_id>
				</extensions>
			</trkpt>
			<trkpt lat="46.6705112789" lon="8.1292099581">
				<ele>1528.2</ele>
				<extensions>
					<swisstopo:routepoint_id>1410650943</swisstopo:routepoint_id>
				</extensions>
			</trkpt>
			<trkpt lat="46.6704723073" lon="8.1290067023">
				<ele>1530.5</ele>
				<extensions>
					<swisstopo:routepoint_id>769917274</swisstopo:routepoint_id>
				</extensions>
			</trkpt>
			<trkpt lat="46.6703648315" lon="8.1287412681">
				<ele>1532.9</ele>
				<extensions>
					<swisstopo:routepoint_id>1963280547</swisstopo:routepoint_id>
				</extensions>
			</trkpt>
			<trkpt lat="46.6703173042" lon="8.1286821942">
				<ele>1534.6</ele>
				<extensions>
					<swisstopo:routepoint_id>1956579573</swisstopo:routepoint_id>
				</extensions>
			</trkpt>
			<trkpt lat="46.6702142640" lon="8.1286274929">
				<ele>1536.7</ele>
				<extensions>
					<swisstopo:routepoint_id>1866243544</swisstopo:routepoint_id>
				</extensions>
			</trkpt>
			<trkpt lat="46.6700924826" lon="8.1285331496">
				<ele>1537.8</ele>
				<extensions>
					<swisstopo:routepoint_id>103351760</swisstopo:routepoint_id>
				</extensions>
			</trkpt>
			<trkpt lat="46.6699811741" lon="8.1283448501">
				<ele>1536.9</ele>
				<extensions>
					<swisstopo:routepoint_id>853147597</swisstopo:routepoint_id>
				</extensions>
			</trkpt>
			<trkpt lat="46.6698368420" lon="8.1282619829">
				<ele>1538.7</ele>
				<extensions>
					<swisstopo:routepoint_id>1267305049</swisstopo:routepoint_id>
				</extensions>
			</trkpt>
			<trkpt lat="46.6695362144" lon="8.1281405272">
				<ele>1542.3</ele>
				<extensions>
					<swisstopo:routepoint_id>1629311078</swisstopo:routepoint_id>
				</extensions>
			</trkpt>
			<trkpt lat="46.6691293377" lon="8.1281836783">
				<ele>1548.2</ele>
				<extensions>
					<swisstopo:routepoint_id>1002349678</swisstopo:routepoint_id>
				</extensions>
			</trkpt>
			<trkpt lat="46.6689757911" lon="8.1279883124">
				<ele>1553.1</ele>
				<extensions>
					<swisstopo:routepoint_id>1665327347</swisstopo:routepoint_id>
				</extensions>
			</trkpt>
			<trkpt lat="46.6688096725" lon="8.1279378360">
				<ele>1557.3</ele>
				<extensions>
					<swisstopo:routepoint_id>944853895</swisstopo:routepoint_id>
				</extensions>
			</trkpt>
			<trkpt lat="46.6686783938" lon="8.1278667036">
				<ele>1560.3</ele>
				<extensions>
					<swisstopo:routepoint_id>1456287022</swisstopo:routepoint_id>
				</extensions>
			</trkpt>
			<trkpt lat="46.6686465884" lon="8.1278837966">
				<ele>1561.0</ele>
				<extensions>
					<swisstopo:routepoint_id>792408067</swisstopo:routepoint_id>
				</extensions>
			</trkpt>
			<trkpt lat="46.6685931648" lon="8.1278610270">
				<ele>1562.3</ele>
				<extensions>
					<swisstopo:routepoint_id>246521590</swisstopo:routepoint_id>
				</extensions>
			</trkpt>
			<trkpt lat="46.6685762436" lon="8.1278653986">
				<ele>1562.6</ele>
				<extensions>
					<swisstopo:routepoint_id>1985609710</swisstopo:routepoint_id>
				</extensions>
			</trkpt>
			<trkpt lat="46.6685491341" lon="8.1278797282">
				<ele>1563.6</ele>
				<extensions>
					<swisstopo:routepoint_id>1151226619</swisstopo:routepoint_id>
				</extensions>
			</trkpt>
			<trkpt lat="46.6685320830" lon="8.1279324103">
				<ele>1564.0</ele>
				<extensions>
					<swisstopo:routepoint_id>1005771108</swisstopo:routepoint_id>
				</extensions>
			</trkpt>
			<trkpt lat="46.6685227910" lon="8.1279366943">
				<ele>1564.4</ele>
				<extensions>
					<swisstopo:routepoint_id>1034128097</swisstopo:routepoint_id>
				</extensions>
			</trkpt>
			<trkpt lat="46.6684541917" lon="8.1279657437">
				<ele>1566.2</ele>
				<extensions>
					<swisstopo:routepoint_id>373670275</swisstopo:routepoint_id>
				</extensions>
			</trkpt>
			<trkpt lat="46.6684463586" lon="8.1279742927">
				<ele>1566.6</ele>
				<extensions>
					<swisstopo:routepoint_id>2023310360</swisstopo:routepoint_id>
				</extensions>
			</trkpt>
			<trkpt lat="46.6684285321" lon="8.1280019649">
				<ele>1567.4</ele>
				<extensions>
					<swisstopo:routepoint_id>874727725</swisstopo:routepoint_id>
				</extensions>
			</trkpt>
			<trkpt lat="46.6684164937" lon="8.1280127637">
				<ele>1568.0</ele>
				<extensions>
					<swisstopo:routepoint_id>558548566</swisstopo:routepoint_id>
				</extensions>
			</trkpt>
			<trkpt lat="46.6683467120" lon="8.1280395742">
				<ele>1569.7</ele>
				<extensions>
					<swisstopo:routepoint_id>415679351</swisstopo:routepoint_id>
				</extensions>
			</trkpt>
			<trkpt lat="46.6682842756" lon="8.1280642580">
				<ele>1570.8</ele>
				<extensions>
					<swisstopo:routepoint_id>9479947</swisstopo:routepoint_id>
				</extensions>
			</trkpt>
			<trkpt lat="46.6682511010" lon="8.1280816714">
				<ele>1571.5</ele>
				<extensions>
					<swisstopo:routepoint_id>1599976183</swisstopo:routepoint_id>
				</extensions>
			</trkpt>
			<trkpt lat="46.6682374076" lon="8.1280848687">
				<ele>1571.7</ele>
				<extensions>
					<swisstopo:routepoint_id>1550878146</swisstopo:routepoint_id>
				</extensions>
			</trkpt>
			<trkpt lat="46.6682238026" lon="8.1280809047">
				<ele>1571.9</ele>
				<extensions>
					<swisstopo:routepoint_id>1876696805</swisstopo:routepoint_id>
				</extensions>
			</trkpt>
			<trkpt lat="46.6682014120" lon="8.1280630683">
				<ele>1572.1</ele>
				<extensions>
					<swisstopo:routepoint_id>1688250767</swisstopo:routepoint_id>
				</extensions>
			</trkpt>
			<trkpt lat="46.6681841875" lon="8.1280419034">
				<ele>1572.4</ele>
				<extensions>
					<swisstopo:routepoint_id>2008055796</swisstopo:routepoint_id>
				</extensions>
			</trkpt>
			<trkpt lat="46.6681532779" lon="8.1280298125">
				<ele>1573.1</ele>
				<extensions>
					<swisstopo:routepoint_id>574587644</swisstopo:routepoint_id>
				</extensions>
			</trkpt>
			<trkpt lat="46.6681127752" lon="8.1280140833">
				<ele>1574.4</ele>
				<extensions>
					<swisstopo:routepoint_id>1711811329</swisstopo:routepoint_id>
				</extensions>
			</trkpt>
			<trkpt lat="46.6680872373" lon="8.1280078771">
				<ele>1574.8</ele>
				<extensions>
					<swisstopo:routepoint_id>960189441</swisstopo:routepoint_id>
				</extensions>
			</trkpt>
			<trkpt lat="46.6680453569" lon="8.1280160038">
				<ele>1575.3</ele>
				<extensions>
					<swisstopo:routepoint_id>1233323755</swisstopo:routepoint_id>
				</extensions>
			</trkpt>
			<trkpt lat="46.6680319577" lon="8.1280212435">
				<ele>1575.5</ele>
				<extensions>
					<swisstopo:routepoint_id>623606445</swisstopo:routepoint_id>
				</extensions>
			</trkpt>
			<trkpt lat="46.6680114003" lon="8.1280378003">
				<ele>1575.9</ele>
				<extensions>
					<swisstopo:routepoint_id>844362203</swisstopo:routepoint_id>
				</extensions>
			</trkpt>
			<trkpt lat="46.6679696097" lon="8.1280505160">
				<ele>1576.1</ele>
				<extensions>
					<swisstopo:routepoint_id>1743387353</swisstopo:routepoint_id>
				</extensions>
			</trkpt>
			<trkpt lat="46.6679347797" lon="8.1280485810">
				<ele>1576.5</ele>
				<extensions>
					<swisstopo:routepoint_id>1685048506</swisstopo:routepoint_id>
				</extensions>
			</trkpt>
			<trkpt lat="46.6678741191" lon="8.1280384103">
				<ele>1577.6</ele>
				<extensions>
					<swisstopo:routepoint_id>1414038144</swisstopo:routepoint_id>
				</extensions>
			</trkpt>
			<trkpt lat="46.6678089497" lon="8.1280343489">
				<ele>1578.6</ele>
				<extensions>
					<swisstopo:routepoint_id>2000756410</swisstopo:routepoint_id>
				</extensions>
			</trkpt>
			<trkpt lat="46.6677460312" lon="8.1280419228">
				<ele>1579.4</ele>
				<extensions>
					<swisstopo:routepoint_id>1610699835</swisstopo:routepoint_id>
				</extensions>
			</trkpt>
			<trkpt lat="46.6676996608" lon="8.1280326143">
				<ele>1580.1</ele>
				<extensions>
					<swisstopo:routepoint_id>2030922579</swisstopo:routepoint_id>
				</extensions>
			</trkpt>
			<trkpt lat="46.6676653205" lon="8.1280183899">
				<ele>1580.7</ele>
				<extensions>
					<swisstopo:routepoint_id>365935420</swisstopo:routepoint_id>
				</extensions>
			</trkpt>
			<trkpt lat="46.6676478094" lon="8.1279951926">
				<ele>1580.9</ele>
				<extensions>
					<swisstopo:routepoint_id>423462054</swisstopo:routepoint_id>
				</extensions>
			</trkpt>
			<trkpt lat="46.6676276673" lon="8.1279654660">
				<ele>1581.1</ele>
				<extensions>
					<swisstopo:routepoint_id>313836098</swisstopo:routepoint_id>
				</extensions>
			</trkpt>
			<trkpt lat="46.6676006946" lon="8.1278962036">
				<ele>1581.5</ele>
				<extensions>
					<swisstopo:routepoint_id>2099842928</swisstopo:routepoint_id>
				</extensions>
			</trkpt>
			<trkpt lat="46.6675895433" lon="8.1278778189">
				<ele>1581.5</ele>
				<extensions>
					<swisstopo:routepoint_id>210184028</swisstopo:routepoint_id>
				</extensions>
			</trkpt>
			<trkpt lat="46.6675746763" lon="8.1278670178">
				<ele>1581.5</ele>
				<extensions>
					<swisstopo:routepoint_id>365188222</swisstopo:routepoint_id>
				</extensions>
			</trkpt>
			<trkpt lat="46.6674840753" lon="8.1278613269">
				<ele>1583.7</ele>
				<extensions>
					<swisstopo:routepoint_id>852396537</swisstopo:routepoint_id>
				</extensions>
			</trkpt>
			<trkpt lat="46.6673957260" lon="8.1278555468">
				<ele>1585.8</ele>
				<extensions>
					<swisstopo:routepoint_id>528776089</swisstopo:routepoint_id>
				</extensions>
			</trkpt>
			<trkpt lat="46.6673721359" lon="8.1278472090">
				<ele>1585.9</ele>
				<extensions>
					<swisstopo:routepoint_id>319081064</swisstopo:routepoint_id>
				</extensions>
			</trkpt>
			<trkpt lat="46.6673184455" lon="8.1278534335">
				<ele>1586.0</ele>
				<extensions>
					<swisstopo:routepoint_id>1674230815</swisstopo:routepoint_id>
				</extensions>
			</trkpt>
			<trkpt lat="46.6672816998" lon="8.1278458050">
				<ele>1586.0</ele>
				<extensions>
					<swisstopo:routepoint_id>1731042732</swisstopo:routepoint_id>
				</extensions>
			</trkpt>
			<trkpt lat="46.6672477737" lon="8.1278135768">
				<ele>1586.3</ele>
				<extensions>
					<swisstopo:routepoint_id>585176335</swisstopo:routepoint_id>
				</extensions>
			</trkpt>
			<trkpt lat="46.6672198463" lon="8.1277844849">
				<ele>1586.4</ele>
				<extensions>
					<swisstopo:routepoint_id>2132057911</swisstopo:routepoint_id>
				</extensions>
			</trkpt>
			<trkpt lat="46.6671867385" lon="8.1277255325">
				<ele>1586.9</ele>
				<extensions>
					<swisstopo:routepoint_id>1067543907</swisstopo:routepoint_id>
				</extensions>
			</trkpt>
			<trkpt lat="46.6671495649" lon="8.1276768265">
				<ele>1587.3</ele>
				<extensions>
					<swisstopo:routepoint_id>1059558633</swisstopo:routepoint_id>
				</extensions>
			</trkpt>
			<trkpt lat="46.6671238549" lon="8.1276097345">
				<ele>1588.1</ele>
				<extensions>
					<swisstopo:routepoint_id>1981186024</swisstopo:routepoint_id>
				</extensions>
			</trkpt>
			<trkpt lat="46.6671043469" lon="8.1275139770">
				<ele>1588.8</ele>
				<extensions>
					<swisstopo:routepoint_id>722036282</swisstopo:routepoint_id>
				</extensions>
			</trkpt>
			<trkpt lat="46.6671054731" lon="8.1274348908">
				<ele>1588.4</ele>
				<extensions>
					<swisstopo:routepoint_id>1924562428</swisstopo:routepoint_id>
				</extensions>
			</trkpt>
			<trkpt lat="46.6671196198" lon="8.1273490893">
				<ele>1590.6</ele>
				<extensions>
					<swisstopo:routepoint_id>889415764</swisstopo:routepoint_id>
				</extensions>
			</trkpt>
			<trkpt lat="46.6671358531" lon="8.1272621627">
				<ele>1591.2</ele>
				<extensions>
					<swisstopo:routepoint_id>1878446273</swisstopo:routepoint_id>
				</extensions>
			</trkpt>
			<trkpt lat="46.6671360538" lon="8.1272289732">
				<ele>1591.5</ele>
				<extensions>
					<swisstopo:routepoint_id>552347401</swisstopo:routepoint_id>
				</extensions>
			</trkpt>
			<trkpt lat="46.6671262347" lon="8.1271998129">
				<ele>1591.6</ele>
				<extensions>
					<swisstopo:routepoint_id>629187947</swisstopo:routepoint_id>
				</extensions>
			</trkpt>
			<trkpt lat="46.6671063609" lon="8.1271808831">
				<ele>1590.3</ele>
				<extensions>
					<swisstopo:routepoint_id>1660577537</swisstopo:routepoint_id>
				</extensions>
			</trkpt>
			<trkpt lat="46.6670792467" lon="8.1271763834">
				<ele>1590.2</ele>
				<extensions>
					<swisstopo:routepoint_id>1578352983</swisstopo:routepoint_id>
				</extensions>
			</trkpt>
			<trkpt lat="46.6670378792" lon="8.1271696343">
				<ele>1589.5</ele>
				<extensions>
					<swisstopo:routepoint_id>701696380</swisstopo:routepoint_id>
				</extensions>
			</trkpt>
			<trkpt lat="46.6670136765" lon="8.1271568864">
				<ele>1589.2</ele>
				<extensions>
					<swisstopo:routepoint_id>467819321</swisstopo:routepoint_id>
				</extensions>
			</trkpt>
			<trkpt lat="46.6669923835" lon="8.1271358618">
				<ele>1589.2</ele>
				<extensions>
					<swisstopo:routepoint_id>33504405</swisstopo:routepoint_id>
				</extensions>
			</trkpt>
			<trkpt lat="46.6669695751" lon="8.1271293528">
				<ele>1589.1</ele>
				<extensions>
					<swisstopo:routepoint_id>864387480</swisstopo:routepoint_id>
				</extensions>
			</trkpt>
			<trkpt lat="46.6669395726" lon="8.1271310469">
				<ele>1588.5</ele>
				<extensions>
					<swisstopo:routepoint_id>1261428152</swisstopo:routepoint_id>
				</extensions>
			</trkpt>
			<trkpt lat="46.6669311118" lon="8.1271122661">
				<ele>1588.2</ele>
				<extensions>
					<swisstopo:routepoint_id>1619216648</swisstopo:routepoint_id>
				</extensions>
			</trkpt>
			<trkpt lat="46.6669146276" lon="8.1270041821">
				<ele>1588.0</ele>
				<extensions>
					<swisstopo:routepoint_id>1491975860</swisstopo:routepoint_id>
				</extensions>
			</trkpt>
			<trkpt lat="46.6669148909" lon="8.1269606187">
				<ele>1589.0</ele>
				<extensions>
					<swisstopo:routepoint_id>209764541</swisstopo:routepoint_id>
				</extensions>
			</trkpt>
			<trkpt lat="46.6669312453" lon="8.1268550338">
				<ele>1590.3</ele>
				<extensions>
					<swisstopo:routepoint_id>331839400</swisstopo:routepoint_id>
				</extensions>
			</trkpt>
			<trkpt lat="46.6669429328" lon="8.1268116161">
				<ele>1590.9</ele>
				<extensions>
					<swisstopo:routepoint_id>1626444409</swisstopo:routepoint_id>
				</extensions>
			</trkpt>
			<trkpt lat="46.6669775809" lon="8.1267498312">
				<ele>1590.9</ele>
				<extensions>
					<swisstopo:routepoint_id>2095448966</swisstopo:routepoint_id>
				</extensions>
			</trkpt>
			<trkpt lat="46.6669834684" lon="8.1267208554">
				<ele>1590.9</ele>
				<extensions>
					<swisstopo:routepoint_id>763543</swisstopo:routepoint_id>
				</extensions>
			</trkpt>
			<trkpt lat="46.6669793276" lon="8.1266959087">
				<ele>1590.8</ele>
				<extensions>
					<swisstopo:routepoint_id>2059320206</swisstopo:routepoint_id>
				</extensions>
			</trkpt>
			<trkpt lat="46.6669652262" lon="8.1266666938">
				<ele>1590.2</ele>
				<extensions>
					<swisstopo:routepoint_id>214014812</swisstopo:routepoint_id>
				</extensions>
			</trkpt>
			<trkpt lat="46.6669496471" lon="8.1266457455">
				<ele>1589.8</ele>
				<extensions>
					<swisstopo:routepoint_id>1510163815</swisstopo:routepoint_id>
				</extensions>
			</trkpt>
			<trkpt lat="46.6668961053" lon="8.1265783248">
				<ele>1588.9</ele>
				<extensions>
					<swisstopo:routepoint_id>96814142</swisstopo:routepoint_id>
				</extensions>
			</trkpt>
			<trkpt lat="46.6668524019" lon="8.1265590437">
				<ele>1588.2</ele>
				<extensions>
					<swisstopo:routepoint_id>697902808</swisstopo:routepoint_id>
				</extensions>
			</trkpt>
			<trkpt lat="46.6667975088" lon="8.1265622647">
				<ele>1588.1</ele>
				<extensions>
					<swisstopo:routepoint_id>378250104</swisstopo:routepoint_id>
				</extensions>
			</trkpt>
			<trkpt lat="46.6666029435" lon="8.1263062746">
				<ele>1586.2</ele>
				<extensions>
					<swisstopo:routepoint_id>2116073953</swisstopo:routepoint_id>
				</extensions>
			</trkpt>
			<trkpt lat="46.6665649478" lon="8.1262612189">
				<ele>1586.1</ele>
				<extensions>
					<swisstopo:routepoint_id>196002172</swisstopo:routepoint_id>
				</extensions>
			</trkpt>
			<trkpt lat="46.6665523282" lon="8.1262237095">
				<ele>1586.0</ele>
				<extensions>
					<swisstopo:routepoint_id>1843139621</swisstopo:routepoint_id>
				</extensions>
			</trkpt>
			<trkpt lat="46.6665439550" lon="8.1261904143">
				<ele>1585.9</ele>
				<extensions>
					<swisstopo:routepoint_id>1531215546</swisstopo:routepoint_id>
				</extensions>
			</trkpt>
			<trkpt lat="46.6665414801" lon="8.1261281532">
				<ele>1585.9</ele>
				<extensions>
					<swisstopo:routepoint_id>257681814</swisstopo:routepoint_id>
				</extensions>
			</trkpt>
			<trkpt lat="46.6665359558" lon="8.1260969712">
				<ele>1585.5</ele>
				<extensions>
					<swisstopo:routepoint_id>843701565</swisstopo:routepoint_id>
				</extensions>
			</trkpt>
			<trkpt lat="46.6665093046" lon="8.1260157167">
				<ele>1585.3</ele>
				<extensions>
					<swisstopo:routepoint_id>323827409</swisstopo:routepoint_id>
				</extensions>
			</trkpt>
			<trkpt lat="46.6665066920" lon="8.1259762739">
				<ele>1585.2</ele>
				<extensions>
					<swisstopo:routepoint_id>375289064</swisstopo:routepoint_id>
				</extensions>
			</trkpt>
			<trkpt lat="46.6665014932" lon="8.1258911518">
				<ele>1584.7</ele>
				<extensions>
					<swisstopo:routepoint_id>513926014</swisstopo:routepoint_id>
				</extensions>
			</trkpt>
			<trkpt lat="46.6665017310" lon="8.1258517422">
				<ele>1584.6</ele>
				<extensions>
					<swisstopo:routepoint_id>1771861109</swisstopo:routepoint_id>
				</extensions>
			</trkpt>
			<trkpt lat="46.6665220806" lon="8.1257918391">
				<ele>1584.5</ele>
				<extensions>
					<swisstopo:routepoint_id>699024657</swisstopo:routepoint_id>
				</extensions>
			</trkpt>
			<trkpt lat="46.6665796390" lon="8.1257199710">
				<ele>1584.2</ele>
				<extensions>
					<swisstopo:routepoint_id>2068561420</swisstopo:routepoint_id>
				</extensions>
			</trkpt>
			<trkpt lat="46.6666256584" lon="8.1256666285">
				<ele>1583.5</ele>
				<extensions>
					<swisstopo:routepoint_id>429185378</swisstopo:routepoint_id>
				</extensions>
			</trkpt>
			<trkpt lat="46.6666833168" lon="8.1255781495">
				<ele>1583.0</ele>
				<extensions>
					<swisstopo:routepoint_id>2027785724</swisstopo:routepoint_id>
				</extensions>
			</trkpt>
			<trkpt lat="46.6667381475" lon="8.1254855093">
				<ele>1583.0</ele>
				<extensions>
					<swisstopo:routepoint_id>1227381937</swisstopo:routepoint_id>
				</extensions>
			</trkpt>
			<trkpt lat="46.6667898691" lon="8.1254236540">
				<ele>1581.9</ele>
				<extensions>
					<swisstopo:routepoint_id>1129076747</swisstopo:routepoint_id>
				</extensions>
			</trkpt>
			<trkpt lat="46.6668308701" lon="8.1253987047">
				<ele>1581.2</ele>
				<extensions>
					<swisstopo:routepoint_id>465033740</swisstopo:routepoint_id>
				</extensions>
			</trkpt>
			<trkpt lat="46.6668599553" lon="8.1253804819">
				<ele>1580.8</ele>
				<extensions>
					<swisstopo:routepoint_id>1640890702</swisstopo:routepoint_id>
				</extensions>
			</trkpt>
			<trkpt lat="46.6668800314" lon="8.1253600643">
				<ele>1580.3</ele>
				<extensions>
					<swisstopo:routepoint_id>1979942881</swisstopo:routepoint_id>
				</extensions>
			</trkpt>
			<trkpt lat="46.6668986031" lon="8.1253520537">
				<ele>1580.0</ele>
				<extensions>
					<swisstopo:routepoint_id>534976289</swisstopo:routepoint_id>
				</extensions>
			</trkpt>
			<trkpt lat="46.6669161866" lon="8.1253509185">
				<ele>1579.8</ele>
				<extensions>
					<swisstopo:routepoint_id>1054416019</swisstopo:routepoint_id>
				</extensions>
			</trkpt>
			<trkpt lat="46.6669375589" lon="8.1253512319">
				<ele>1579.5</ele>
				<extensions>
					<swisstopo:routepoint_id>1990257613</swisstopo:routepoint_id>
				</extensions>
			</trkpt>
			<trkpt lat="46.6670308215" lon="8.1253256428">
				<ele>1579.5</ele>
				<extensions>
					<swisstopo:routepoint_id>285308131</swisstopo:routepoint_id>
				</extensions>
			</trkpt>
			<trkpt lat="46.6670475226" lon="8.1253127624">
				<ele>1579.6</ele>
				<extensions>
					<swisstopo:routepoint_id>191932275</swisstopo:routepoint_id>
				</extensions>
			</trkpt>
			<trkpt lat="46.6670595257" lon="8.1252915496">
				<ele>1579.8</ele>
				<extensions>
					<swisstopo:routepoint_id>1267010161</swisstopo:routepoint_id>
				</extensions>
			</trkpt>
			<trkpt lat="46.6670639990" lon="8.1252584783">
				<ele>1579.9</ele>
				<extensions>
					<swisstopo:routepoint_id>1015616531</swisstopo:routepoint_id>
				</extensions>
			</trkpt>
			<trkpt lat="46.6670633844" lon="8.1252005059">
				<ele>1580.0</ele>
				<extensions>
					<swisstopo:routepoint_id>2136044490</swisstopo:routepoint_id>
				</extensions>
			</trkpt>
			<trkpt lat="46.6670652936" lon="8.1251184116">
				<ele>1580.1</ele>
				<extensions>
					<swisstopo:routepoint_id>1630768272</swisstopo:routepoint_id>
				</extensions>
			</trkpt>
			<trkpt lat="46.6670614973" lon="8.1250362352">
				<ele>1580.3</ele>
				<extensions>
					<swisstopo:routepoint_id>280942454</swisstopo:routepoint_id>
				</extensions>
			</trkpt>
			<trkpt lat="46.6670531161" lon="8.1250071319">
				<ele>1580.3</ele>
				<extensions>
					<swisstopo:routepoint_id>1779641410</swisstopo:routepoint_id>
				</extensions>
			</trkpt>
			<trkpt lat="46.6670425779" lon="8.1249707623">
				<ele>1580.1</ele>
				<extensions>
					<swisstopo:routepoint_id>2049970833</swisstopo:routepoint_id>
				</extensions>
			</trkpt>
			<trkpt lat="46.6670501116" lon="8.1249221932">
				<ele>1580.3</ele>
				<extensions>
					<swisstopo:routepoint_id>1505289899</swisstopo:routepoint_id>
				</extensions>
			</trkpt>
			<trkpt lat="46.6670495141" lon="8.1248540407">
				<ele>1580.3</ele>
				<extensions>
					<swisstopo:routepoint_id>1658201974</swisstopo:routepoint_id>
				</extensions>
			</trkpt>
			<trkpt lat="46.6670459134" lon="8.1247021745">
				<ele>1580.7</ele>
				<extensions>
					<swisstopo:routepoint_id>1209088384</swisstopo:routepoint_id>
				</extensions>
			</trkpt>
			<trkpt lat="46.6670329772" lon="8.1246351317">
				<ele>1580.7</ele>
				<extensions>
					<swisstopo:routepoint_id>36742839</swisstopo:routepoint_id>
				</extensions>
			</trkpt>
			<trkpt lat="46.6670116369" lon="8.1245740817">
				<ele>1580.5</ele>
				<extensions>
					<swisstopo:routepoint_id>226288468</swisstopo:routepoint_id>
				</extensions>
			</trkpt>
			<trkpt lat="46.6669880224" lon="8.1245351151">
				<ele>1580.7</ele>
				<extensions>
					<swisstopo:routepoint_id>1308538485</swisstopo:routepoint_id>
				</extensions>
			</trkpt>
			<trkpt lat="46.6669739391" lon="8.1244776222">
				<ele>1581.3</ele>
				<extensions>
					<swisstopo:routepoint_id>580295816</swisstopo:routepoint_id>
				</extensions>
			</trkpt>
			<trkpt lat="46.6669470419" lon="8.1243582630">
				<ele>1582.3</ele>
				<extensions>
					<swisstopo:routepoint_id>963955312</swisstopo:routepoint_id>
				</extensions>
			</trkpt>
			<trkpt lat="46.6669243436" lon="8.1243122766">
				<ele>1582.4</ele>
				<extensions>
					<swisstopo:routepoint_id>1270378198</swisstopo:routepoint_id>
				</extensions>
			</trkpt>
			<trkpt lat="46.6669077388" lon="8.1242537054">
				<ele>1582.5</ele>
				<extensions>
					<swisstopo:routepoint_id>66517634</swisstopo:routepoint_id>
				</extensions>
			</trkpt>
			<trkpt lat="46.6668835881" lon="8.1242304285">
				<ele>1582.7</ele>
				<extensions>
					<swisstopo:routepoint_id>1290512962</swisstopo:routepoint_id>
				</extensions>
			</trkpt>
			<trkpt lat="46.6668170583" lon="8.1241013651">
				<ele>1582.8</ele>
				<extensions>
					<swisstopo:routepoint_id>1309879537</swisstopo:routepoint_id>
				</extensions>
			</trkpt>
			<trkpt lat="46.6667887145" lon="8.1240500688">
				<ele>1583.2</ele>
				<extensions>
					<swisstopo:routepoint_id>1661767996</swisstopo:routepoint_id>
				</extensions>
			</trkpt>
			<trkpt lat="46.6667793558" lon="8.1240147450">
				<ele>1583.1</ele>
				<extensions>
					<swisstopo:routepoint_id>910610474</swisstopo:routepoint_id>
				</extensions>
			</trkpt>
			<trkpt lat="46.6667647342" lon="8.1239404409">
				<ele>1583.4</ele>
				<extensions>
					<swisstopo:routepoint_id>1679249164</swisstopo:routepoint_id>
				</extensions>
			</trkpt>
			<trkpt lat="46.6667430688" lon="8.1238797417">
				<ele>1583.8</ele>
				<extensions>
					<swisstopo:routepoint_id>20032528</swisstopo:routepoint_id>
				</extensions>
			</trkpt>
			<trkpt lat="46.6666981348" lon="8.1237827206">
				<ele>1583.9</ele>
				<extensions>
					<swisstopo:routepoint_id>1741677255</swisstopo:routepoint_id>
				</extensions>
			</trkpt>
			<trkpt lat="46.6666660377" lon="8.1237047062">
				<ele>1584.3</ele>
				<extensions>
					<swisstopo:routepoint_id>806480096</swisstopo:routepoint_id>
				</extensions>
			</trkpt>
			<trkpt lat="46.6666570863" lon="8.1236195364">
				<ele>1585.0</ele>
				<extensions>
					<swisstopo:routepoint_id>1616889662</swisstopo:routepoint_id>
				</extensions>
			</trkpt>
			<trkpt lat="46.6666425185" lon="8.1235512437">
				<ele>1585.5</ele>
				<extensions>
					<swisstopo:routepoint_id>1674052487</swisstopo:routepoint_id>
				</extensions>
			</trkpt>
			<trkpt lat="46.6666190799" lon="8.1234712608">
				<ele>1587.4</ele>
				<extensions>
					<swisstopo:routepoint_id>1460419150</swisstopo:routepoint_id>
				</extensions>
			</trkpt>
			<trkpt lat="46.6665919256" lon="8.1233612551">
				<ele>1589.4</ele>
				<extensions>
					<swisstopo:routepoint_id>215512456</swisstopo:routepoint_id>
				</extensions>
			</trkpt>
			<trkpt lat="46.6665896712" lon="8.1233427883">
				<ele>1589.3</ele>
				<extensions>
					<swisstopo:routepoint_id>794506386</swisstopo:routepoint_id>
				</extensions>
			</trkpt>
			<trkpt lat="46.6665935495" lon="8.1233201912">
				<ele>1589.2</ele>
				<extensions>
					<swisstopo:routepoint_id>1406702087</swisstopo:routepoint_id>
				</extensions>
			</trkpt>
			<trkpt lat="46.6666069543" lon="8.1232550272">
				<ele>1590.8</ele>
				<extensions>
					<swisstopo:routepoint_id>1196696153</swisstopo:routepoint_id>
				</extensions>
			</trkpt>
			<trkpt lat="46.6666110997" lon="8.1232348753">
				<ele>1591.3</ele>
				<extensions>
					<swisstopo:routepoint_id>252039891</swisstopo:routepoint_id>
				</extensions>
			</trkpt>
			<trkpt lat="46.6666186617" lon="8.1232025908">
				<ele>1592.0</ele>
				<extensions>
					<swisstopo:routepoint_id>12792313</swisstopo:routepoint_id>
				</extensions>
			</trkpt>
			<trkpt lat="46.6666449794" lon="8.1231494524">
				<ele>1593.3</ele>
				<extensions>
					<swisstopo:routepoint_id>1985340257</swisstopo:routepoint_id>
				</extensions>
			</trkpt>
			<trkpt lat="46.6666463341" lon="8.1231245766">
				<ele>1593.7</ele>
				<extensions>
					<swisstopo:routepoint_id>1954664288</swisstopo:routepoint_id>
				</extensions>
			</trkpt>
			<trkpt lat="46.6666734859" lon="8.1230523971">
				<ele>1594.8</ele>
				<extensions>
					<swisstopo:routepoint_id>517597634</swisstopo:routepoint_id>
				</extensions>
			</trkpt>
			<trkpt lat="46.6667003962" lon="8.1230024157">
				<ele>1595.3</ele>
				<extensions>
					<swisstopo:routepoint_id>531183859</swisstopo:routepoint_id>
				</extensions>
			</trkpt>
			<trkpt lat="46.6667006923" lon="8.1229665623">
				<ele>1596.1</ele>
				<extensions>
					<swisstopo:routepoint_id>66729199</swisstopo:routepoint_id>
				</extensions>
			</trkpt>
			<trkpt lat="46.6666858521" lon="8.1228986722">
				<ele>1596.8</ele>
				<extensions>
					<swisstopo:routepoint_id>1295368355</swisstopo:routepoint_id>
				</extensions>
			</trkpt>
			<trkpt lat="46.6666786846" lon="8.1228054361">
				<ele>1598.0</ele>
				<extensions>
					<swisstopo:routepoint_id>93862579</swisstopo:routepoint_id>
				</extensions>
			</trkpt>
			<trkpt lat="46.6667088843" lon="8.1227769271">
				<ele>1599.4</ele>
				<extensions>
					<swisstopo:routepoint_id>1629752352</swisstopo:routepoint_id>
				</extensions>
			</trkpt>
			<trkpt lat="46.6667657016" lon="8.1227591055">
				<ele>1600.9</ele>
				<extensions>
					<swisstopo:routepoint_id>1880534693</swisstopo:routepoint_id>
				</extensions>
			</trkpt>
			<trkpt lat="46.6667890954" lon="8.1227733318">
				<ele>1602.0</ele>
				<extensions>
					<swisstopo:routepoint_id>2139290281</swisstopo:routepoint_id>
				</extensions>
			</trkpt>
			<trkpt lat="46.6668172079" lon="8.1227897219">
				<ele>1602.8</ele>
				<extensions>
					<swisstopo:routepoint_id>2106212426</swisstopo:routepoint_id>
				</extensions>
			</trkpt>
			<trkpt lat="46.6668628914" lon="8.1227923661">
				<ele>1603.3</ele>
				<extensions>
					<swisstopo:routepoint_id>848539158</swisstopo:routepoint_id>
				</extensions>
			</trkpt>
			<trkpt lat="46.6668887277" lon="8.1227698776">
				<ele>1603.7</ele>
				<extensions>
					<swisstopo:routepoint_id>1443887294</swisstopo:routepoint_id>
				</extensions>
			</trkpt>
			<trkpt lat="46.6669245542" lon="8.1227495941">
				<ele>1604.1</ele>
				<extensions>
					<swisstopo:routepoint_id>387877477</swisstopo:routepoint_id>
				</extensions>
			</trkpt>
			<trkpt lat="46.6669717301" lon="8.1227418943">
				<ele>1604.7</ele>
				<extensions>
					<swisstopo:routepoint_id>1233289703</swisstopo:routepoint_id>
				</extensions>
			</trkpt>
			<trkpt lat="46.6670631709" lon="8.1227347558">
				<ele>1606.0</ele>
				<extensions>
					<swisstopo:routepoint_id>388887132</swisstopo:routepoint_id>
				</extensions>
			</trkpt>
			<trkpt lat="46.6671046723" lon="8.1227207509">
				<ele>1606.4</ele>
				<extensions>
					<swisstopo:routepoint_id>252630693</swisstopo:routepoint_id>
				</extensions>
			</trkpt>
			<trkpt lat="46.6672221618" lon="8.1226558574">
				<ele>1607.7</ele>
				<extensions>
					<swisstopo:routepoint_id>260288976</swisstopo:routepoint_id>
				</extensions>
			</trkpt>
			<trkpt lat="46.6673139390" lon="8.1225927160">
				<ele>1608.7</ele>
				<extensions>
					<swisstopo:routepoint_id>1863587153</swisstopo:routepoint_id>
				</extensions>
			</trkpt>
			<trkpt lat="46.6673713954" lon="8.1225374366">
				<ele>1609.3</ele>
				<extensions>
					<swisstopo:routepoint_id>1997205509</swisstopo:routepoint_id>
				</extensions>
			</trkpt>
			<trkpt lat="46.6674131705" lon="8.1224778029">
				<ele>1609.8</ele>
				<extensions>
					<swisstopo:routepoint_id>1535185681</swisstopo:routepoint_id>
				</extensions>
			</trkpt>
			<trkpt lat="46.6674463856" lon="8.1224159958">
				<ele>1610.1</ele>
				<extensions>
					<swisstopo:routepoint_id>706549192</swisstopo:routepoint_id>
				</extensions>
			</trkpt>
			<trkpt lat="46.6674725793" lon="8.1223354138">
				<ele>1610.5</ele>
				<extensions>
					<swisstopo:routepoint_id>1727279734</swisstopo:routepoint_id>
				</extensions>
			</trkpt>
			<trkpt lat="46.6675032080" lon="8.1222279288">
				<ele>1611.1</ele>
				<extensions>
					<swisstopo:routepoint_id>1092435591</swisstopo:routepoint_id>
				</extensions>
			</trkpt>
			<trkpt lat="46.6675369047" lon="8.1220872911">
				<ele>1611.5</ele>
				<extensions>
					<swisstopo:routepoint_id>831612781</swisstopo:routepoint_id>
				</extensions>
			</trkpt>
			<trkpt lat="46.6675692494" lon="8.1219321177">
				<ele>1612.1</ele>
				<extensions>
					<swisstopo:routepoint_id>2077002338</swisstopo:routepoint_id>
				</extensions>
			</trkpt>
			<trkpt lat="46.6675826013" lon="8.1218493069">
				<ele>1612.2</ele>
				<extensions>
					<swisstopo:routepoint_id>1555761909</swisstopo:routepoint_id>
				</extensions>
			</trkpt>
			<trkpt lat="46.6676053500" lon="8.1216276288">
				<ele>1612.2</ele>
				<extensions>
					<swisstopo:routepoint_id>1851270235</swisstopo:routepoint_id>
				</extensions>
			</trkpt>
			<trkpt lat="46.6676395347" lon="8.1214040166">
				<ele>1612.3</ele>
				<extensions>
					<swisstopo:routepoint_id>1617718465</swisstopo:routepoint_id>
				</extensions>
			</trkpt>
			<trkpt lat="46.6676544284" lon="8.1213025520">
				<ele>1612.5</ele>
				<extensions>
					<swisstopo:routepoint_id>1531457680</swisstopo:routepoint_id>
				</extensions>
			</trkpt>
			<trkpt lat="46.6676807244" lon="8.1212033094">
				<ele>1612.7</ele>
				<extensions>
					<swisstopo:routepoint_id>263431621</swisstopo:routepoint_id>
				</extensions>
			</trkpt>
			<trkpt lat="46.6677213669" lon="8.1210938723">
				<ele>1613.0</ele>
				<extensions>
					<swisstopo:routepoint_id>1751530271</swisstopo:routepoint_id>
				</extensions>
			</trkpt>
			<trkpt lat="46.6677747767" lon="8.1209991278">
				<ele>1613.2</ele>
				<extensions>
					<swisstopo:routepoint_id>226262723</swisstopo:routepoint_id>
				</extensions>
			</trkpt>
			<trkpt lat="46.6678655204" lon="8.1208695850">
				<ele>1613.7</ele>
				<extensions>
					<swisstopo:routepoint_id>1598200257</swisstopo:routepoint_id>
				</extensions>
			</trkpt>
			<trkpt lat="46.6679345608" lon="8.1207874785">
				<ele>1614.3</ele>
				<extensions>
					<swisstopo:routepoint_id>30121786</swisstopo:routepoint_id>
				</extensions>
			</trkpt>
			<trkpt lat="46.6680725919" lon="8.1206315614">
				<ele>1615.3</ele>
				<extensions>
					<swisstopo:routepoint_id>716170403</swisstopo:routepoint_id>
				</extensions>
			</trkpt>
			<trkpt lat="46.6681517094" lon="8.1205371276">
				<ele>1615.9</ele>
				<extensions>
					<swisstopo:routepoint_id>425271717</swisstopo:routepoint_id>
				</extensions>
			</trkpt>
			<trkpt lat="46.6681992861" lon="8.1204609690">
				<ele>1616.6</ele>
				<extensions>
					<swisstopo:routepoint_id>1032688053</swisstopo:routepoint_id>
				</extensions>
			</trkpt>
			<trkpt lat="46.6682512770" lon="8.1203641142">
				<ele>1617.4</ele>
				<extensions>
					<swisstopo:routepoint_id>744467925</swisstopo:routepoint_id>
				</extensions>
			</trkpt>
			<trkpt lat="46.6682858828" lon="8.1202757038">
				<ele>1617.7</ele>
				<extensions>
					<swisstopo:routepoint_id>496698602</swisstopo:routepoint_id>
				</extensions>
			</trkpt>
			<trkpt lat="46.6682958251" lon="8.1202303401">
				<ele>1617.7</ele>
				<extensions>
					<swisstopo:routepoint_id>1012376369</swisstopo:routepoint_id>
				</extensions>
			</trkpt>
			<trkpt lat="46.6683096358" lon="8.1201502913">
				<ele>1618.4</ele>
				<extensions>
					<swisstopo:routepoint_id>1259775906</swisstopo:routepoint_id>
				</extensions>
			</trkpt>
			<trkpt lat="46.6683196656" lon="8.1200646806">
				<ele>1619.3</ele>
				<extensions>
					<swisstopo:routepoint_id>795590704</swisstopo:routepoint_id>
				</extensions>
			</trkpt>
			<trkpt lat="46.6682604615" lon="8.1197762584">
				<ele>1621.6</ele>
				<extensions>
					<swisstopo:routepoint_id>1816726250</swisstopo:routepoint_id>
				</extensions>
			</trkpt>
			<trkpt lat="46.6682365167" lon="8.1196404302">
				<ele>1622.9</ele>
				<extensions>
					<swisstopo:routepoint_id>2038984547</swisstopo:routepoint_id>
				</extensions>
			</trkpt>
			<trkpt lat="46.6682353465" lon="8.1195187022">
				<ele>1624.1</ele>
				<extensions>
					<swisstopo:routepoint_id>1526244045</swisstopo:routepoint_id>
				</extensions>
			</trkpt>
			<trkpt lat="46.6682017194" lon="8.1194104033">
				<ele>1625.1</ele>
				<extensions>
					<swisstopo:routepoint_id>1745472295</swisstopo:routepoint_id>
				</extensions>
			</trkpt>
			<trkpt lat="46.6681738704" lon="8.1192911221">
				<ele>1626.7</ele>
				<extensions>
					<swisstopo:routepoint_id>1486616899</swisstopo:routepoint_id>
				</extensions>
			</trkpt>
			<trkpt lat="46.6681646753" lon="8.1192356775">
				<ele>1627.9</ele>
				<extensions>
					<swisstopo:routepoint_id>1063800082</swisstopo:routepoint_id>
				</extensions>
			</trkpt>
			<trkpt lat="46.6681438667" lon="8.1192133040">
				<ele>1628.5</ele>
				<extensions>
					<swisstopo:routepoint_id>1383463393</swisstopo:routepoint_id>
				</extensions>
			</trkpt>
			<trkpt lat="46.6681018598" lon="8.1192321277">
				<ele>1630.1</ele>
				<extensions>
					<swisstopo:routepoint_id>1569264600</swisstopo:routepoint_id>
				</extensions>
			</trkpt>
			<trkpt lat="46.6680295280" lon="8.1192284579">
				<ele>1632.2</ele>
				<extensions>
					<swisstopo:routepoint_id>110872707</swisstopo:routepoint_id>
				</extensions>
			</trkpt>
			<trkpt lat="46.6680162799" lon="8.1192144518">
				<ele>1632.7</ele>
				<extensions>
					<swisstopo:routepoint_id>648327655</swisstopo:routepoint_id>
				</extensions>
			</trkpt>
			<trkpt lat="46.6679976424" lon="8.1191478329">
				<ele>1633.7</ele>
				<extensions>
					<swisstopo:routepoint_id>995136013</swisstopo:routepoint_id>
				</extensions>
			</trkpt>
			<trkpt lat="46.6679849596" lon="8.1191144676">
				<ele>1634.1</ele>
				<extensions>
					<swisstopo:routepoint_id>927947961</swisstopo:routepoint_id>
				</extensions>
			</trkpt>
			<trkpt lat="46.6679568838" lon="8.1190465928">
				<ele>1635.4</ele>
				<extensions>
					<swisstopo:routepoint_id>801959619</swisstopo:routepoint_id>
				</extensions>
			</trkpt>
			<trkpt lat="46.6679358849" lon="8.1189672553">
				<ele>1635.8</ele>
				<extensions>
					<swisstopo:routepoint_id>2118143534</swisstopo:routepoint_id>
				</extensions>
			</trkpt>
			<trkpt lat="46.6679308171" lon="8.1188593174">
				<ele>1636.6</ele>
				<extensions>
					<swisstopo:routepoint_id>1831498855</swisstopo:routepoint_id>
				</extensions>
			</trkpt>
			<trkpt lat="46.6678921875" lon="8.1186320277">
				<ele>1640.7</ele>
				<extensions>
					<swisstopo:routepoint_id>1363576456</swisstopo:routepoint_id>
				</extensions>
			</trkpt>
			<trkpt lat="46.6678816714" lon="8.1184797739">
				<ele>1644.1</ele>
				<extensions>
					<swisstopo:routepoint_id>1975326547</swisstopo:routepoint_id>
				</extensions>
			</trkpt>
			<trkpt lat="46.6678575184" lon="8.1183771106">
				<ele>1646.1</ele>
				<extensions>
					<swisstopo:routepoint_id>329516759</swisstopo:routepoint_id>
				</extensions>
			</trkpt>
			<trkpt lat="46.6678351987" lon="8.1182883351">
				<ele>1647.0</ele>
				<extensions>
					<swisstopo:routepoint_id>2131659380</swisstopo:routepoint_id>
				</extensions>
			</trkpt>
			<trkpt lat="46.6678319640" lon="8.1181942333">
				<ele>1647.9</ele>
				<extensions>
					<swisstopo:routepoint_id>330548246</swisstopo:routepoint_id>
				</extensions>
			</trkpt>
			<trkpt lat="46.6678136877" lon="8.1180640186">
				<ele>1649.3</ele>
				<extensions>
					<swisstopo:routepoint_id>916792153</swisstopo:routepoint_id>
				</extensions>
			</trkpt>
			<trkpt lat="46.6677895851" lon="8.1179558154">
				<ele>1651.1</ele>
				<extensions>
					<swisstopo:routepoint_id>1280341699</swisstopo:routepoint_id>
				</extensions>
			</trkpt>
			<trkpt lat="46.6677482476" lon="8.1178640172">
				<ele>1652.6</ele>
				<extensions>
					<swisstopo:routepoint_id>1618962227</swisstopo:routepoint_id>
				</extensions>
			</trkpt>
			<trkpt lat="46.6677352542" lon="8.1178057682">
				<ele>1653.5</ele>
				<extensions>
					<swisstopo:routepoint_id>1192219991</swisstopo:routepoint_id>
				</extensions>
			</trkpt>
			<trkpt lat="46.6677304655" lon="8.1176508298">
				<ele>1655.1</ele>
				<extensions>
					<swisstopo:routepoint_id>1854570707</swisstopo:routepoint_id>
				</extensions>
			</trkpt>
			<trkpt lat="46.6677328599" lon="8.1175706379">
				<ele>1655.8</ele>
				<extensions>
					<swisstopo:routepoint_id>875356551</swisstopo:routepoint_id>
				</extensions>
			</trkpt>
			<trkpt lat="46.6677466434" lon="8.1174933721">
				<ele>1657.0</ele>
				<extensions>
					<swisstopo:routepoint_id>286391754</swisstopo:routepoint_id>
				</extensions>
			</trkpt>
			<trkpt lat="46.6677701339" lon="8.1173857944">
				<ele>1658.8</ele>
				<extensions>
					<swisstopo:routepoint_id>1518984470</swisstopo:routepoint_id>
				</extensions>
			</trkpt>
			<trkpt lat="46.6677820030" lon="8.1173112621">
				<ele>1659.9</ele>
				<extensions>
					<swisstopo:routepoint_id>929895727</swisstopo:routepoint_id>
				</extensions>
			</trkpt>
			<trkpt lat="46.6677787988" lon="8.1172088627">
				<ele>1661.2</ele>
				<extensions>
					<swisstopo:routepoint_id>685430605</swisstopo:routepoint_id>
				</extensions>
			</trkpt>
			<trkpt lat="46.6677874477" lon="8.1170374974">
				<ele>1663.9</ele>
				<extensions>
					<swisstopo:routepoint_id>1236246190</swisstopo:routepoint_id>
				</extensions>
			</trkpt>
			<trkpt lat="46.6677919685" lon="8.1169158422">
				<ele>1665.4</ele>
				<extensions>
					<swisstopo:routepoint_id>928856719</swisstopo:routepoint_id>
				</extensions>
			</trkpt>
			<trkpt lat="46.6677928084" lon="8.1167747872">
				<ele>1667.6</ele>
				<extensions>
					<swisstopo:routepoint_id>1855960542</swisstopo:routepoint_id>
				</extensions>
			</trkpt>
			<trkpt lat="46.6677730951" lon="8.1165698476">
				<ele>1670.4</ele>
				<extensions>
					<swisstopo:routepoint_id>431855965</swisstopo:routepoint_id>
				</extensions>
			</trkpt>
			<trkpt lat="46.6677509878" lon="8.1164451002">
				<ele>1672.4</ele>
				<extensions>
					<swisstopo:routepoint_id>1181288640</swisstopo:routepoint_id>
				</extensions>
			</trkpt>
			<trkpt lat="46.6677303013" lon="8.1164005935">
				<ele>1673.1</ele>
				<extensions>
					<swisstopo:routepoint_id>1725391383</swisstopo:routepoint_id>
				</extensions>
			</trkpt>
			<trkpt lat="46.6677253134" lon="8.1162788186">
				<ele>1674.7</ele>
				<extensions>
					<swisstopo:routepoint_id>292319896</swisstopo:routepoint_id>
				</extensions>
			</trkpt>
			<trkpt lat="46.6677122222" lon="8.1162399479">
				<ele>1675.4</ele>
				<extensions>
					<swisstopo:routepoint_id>1813757523</swisstopo:routepoint_id>
				</extensions>
			</trkpt>
			<trkpt lat="46.6676877540" lon="8.1161898527">
				<ele>1676.6</ele>
				<extensions>
					<swisstopo:routepoint_id>793834841</swisstopo:routepoint_id>
				</extensions>
			</trkpt>
			<trkpt lat="46.6676412735" lon="8.1161306738">
				<ele>1678.2</ele>
				<extensions>
					<swisstopo:routepoint_id>962179193</swisstopo:routepoint_id>
				</extensions>
			</trkpt>
			<trkpt lat="46.6675875622" lon="8.1160696400">
				<ele>1678.6</ele>
				<extensions>
					<swisstopo:routepoint_id>798384007</swisstopo:routepoint_id>
				</extensions>
			</trkpt>
			<trkpt lat="46.6675462215" lon="8.1159750864">
				<ele>1678.7</ele>
				<extensions>
					<swisstopo:routepoint_id>1876396486</swisstopo:routepoint_id>
				</extensions>
			</trkpt>
			<trkpt lat="46.6675106439" lon="8.1158750647">
				<ele>1679.6</ele>
				<extensions>
					<swisstopo:routepoint_id>1022552540</swisstopo:routepoint_id>
				</extensions>
			</trkpt>
			<trkpt lat="46.6674996479" lon="8.1158030026">
				<ele>1680.4</ele>
				<extensions>
					<swisstopo:routepoint_id>1374516817</swisstopo:routepoint_id>
				</extensions>
			</trkpt>
			<trkpt lat="46.6674694197" lon="8.1157639169">
				<ele>1680.7</ele>
				<extensions>
					<swisstopo:routepoint_id>88373042</swisstopo:routepoint_id>
				</extensions>
			</trkpt>
			<trkpt lat="46.6674126622" lon="8.1157023358">
				<ele>1682.0</ele>
				<extensions>
					<swisstopo:routepoint_id>1072149917</swisstopo:routepoint_id>
				</extensions>
			</trkpt>
			<trkpt lat="46.6673652151" lon="8.1156740894">
				<ele>1682.8</ele>
				<extensions>
					<swisstopo:routepoint_id>429509412</swisstopo:routepoint_id>
				</extensions>
			</trkpt>
			<trkpt lat="46.6673424984" lon="8.1156516679">
				<ele>1683.1</ele>
				<extensions>
					<swisstopo:routepoint_id>972762689</swisstopo:routepoint_id>
				</extensions>
			</trkpt>
			<trkpt lat="46.6672992119" lon="8.1155681458">
				<ele>1684.2</ele>
				<extensions>
					<swisstopo:routepoint_id>518433624</swisstopo:routepoint_id>
				</extensions>
			</trkpt>
			<trkpt lat="46.6672615532" lon="8.1154957757">
				<ele>1685.2</ele>
				<extensions>
					<swisstopo:routepoint_id>567727035</swisstopo:routepoint_id>
				</extensions>
			</trkpt>
			<trkpt lat="46.6672296725" lon="8.1154123970">
				<ele>1686.4</ele>
				<extensions>
					<swisstopo:routepoint_id>1939886027</swisstopo:routepoint_id>
				</extensions>
			</trkpt>
			<trkpt lat="46.6671863694" lon="8.1153316323">
				<ele>1687.5</ele>
				<extensions>
					<swisstopo:routepoint_id>93773154</swisstopo:routepoint_id>
				</extensions>
			</trkpt>
			<trkpt lat="46.6671504120" lon="8.1152924491">
				<ele>1688.4</ele>
				<extensions>
					<swisstopo:routepoint_id>1310447198</swisstopo:routepoint_id>
				</extensions>
			</trkpt>
			<trkpt lat="46.6671086452" lon="8.1152725723">
				<ele>1689.2</ele>
				<extensions>
					<swisstopo:routepoint_id>2035249002</swisstopo:routepoint_id>
				</extensions>
			</trkpt>
			<trkpt lat="46.6670384338" lon="8.1152329597">
				<ele>1690.4</ele>
				<extensions>
					<swisstopo:routepoint_id>874472889</swisstopo:routepoint_id>
				</extensions>
			</trkpt>
			<trkpt lat="46.6670024924" lon="8.1151910198">
				<ele>1691.4</ele>
				<extensions>
					<swisstopo:routepoint_id>188389681</swisstopo:routepoint_id>
				</extensions>
			</trkpt>
			<trkpt lat="46.6669702517" lon="8.1151712626">
				<ele>1691.9</ele>
				<extensions>
					<swisstopo:routepoint_id>1715877092</swisstopo:routepoint_id>
				</extensions>
			</trkpt>
			<trkpt lat="46.6669343759" lon="8.1151182554">
				<ele>1693.5</ele>
				<extensions>
					<swisstopo:routepoint_id>1880284271</swisstopo:routepoint_id>
				</extensions>
			</trkpt>
			<trkpt lat="46.6669194844" lon="8.1150627542">
				<ele>1694.2</ele>
				<extensions>
					<swisstopo:routepoint_id>437734978</swisstopo:routepoint_id>
				</extensions>
			</trkpt>
			<trkpt lat="46.6669143306" lon="8.1149686431">
				<ele>1695.7</ele>
				<extensions>
					<swisstopo:routepoint_id>1276096681</swisstopo:routepoint_id>
				</extensions>
			</trkpt>
			<trkpt lat="46.6669114855" lon="8.1148054211">
				<ele>1698.1</ele>
				<extensions>
					<swisstopo:routepoint_id>1181722191</swisstopo:routepoint_id>
				</extensions>
			</trkpt>
			<trkpt lat="46.6669117974" lon="8.1147528677">
				<ele>1698.6</ele>
				<extensions>
					<swisstopo:routepoint_id>1676326512</swisstopo:routepoint_id>
				</extensions>
			</trkpt>
			<trkpt lat="46.6668951050" lon="8.1146779780">
				<ele>1699.3</ele>
				<extensions>
					<swisstopo:routepoint_id>1339034775</swisstopo:routepoint_id>
				</extensions>
			</trkpt>
			<trkpt lat="46.6668593129" lon="8.1146139172">
				<ele>1700.6</ele>
				<extensions>
					<swisstopo:routepoint_id>498139483</swisstopo:routepoint_id>
				</extensions>
			</trkpt>
			<trkpt lat="46.6668082660" lon="8.1145524226">
				<ele>1701.6</ele>
				<extensions>
					<swisstopo:routepoint_id>2046189163</swisstopo:routepoint_id>
				</extensions>
			</trkpt>
			<trkpt lat="46.6667649938" lon="8.1144633749">
				<ele>1702.5</ele>
				<extensions>
					<swisstopo:routepoint_id>919960788</swisstopo:routepoint_id>
				</extensions>
			</trkpt>
			<trkpt lat="46.6667140125" lon="8.1143908133">
				<ele>1703.4</ele>
				<extensions>
					<swisstopo:routepoint_id>14620878</swisstopo:routepoint_id>
				</extensions>
			</trkpt>
			<trkpt lat="46.6666687434" lon="8.1143183365">
				<ele>1704.4</ele>
				<extensions>
					<swisstopo:routepoint_id>1144976235</swisstopo:routepoint_id>
				</extensions>
			</trkpt>
			<trkpt lat="46.6666291697" lon="8.1142486882">
				<ele>1705.7</ele>
				<extensions>
					<swisstopo:routepoint_id>1029919865</swisstopo:routepoint_id>
				</extensions>
			</trkpt>
			<trkpt lat="46.6665784020" lon="8.1141401813">
				<ele>1707.9</ele>
				<extensions>
					<swisstopo:routepoint_id>469372128</swisstopo:routepoint_id>
				</extensions>
			</trkpt>
			<trkpt lat="46.6665540332" lon="8.1140762644">
				<ele>1708.8</ele>
				<extensions>
					<swisstopo:routepoint_id>143006103</swisstopo:routepoint_id>
				</extensions>
			</trkpt>
			<trkpt lat="46.6665181902" lon="8.1140177312">
				<ele>1709.8</ele>
				<extensions>
					<swisstopo:routepoint_id>787730094</swisstopo:routepoint_id>
				</extensions>
			</trkpt>
			<trkpt lat="46.6664974548" lon="8.1139842805">
				<ele>1710.8</ele>
				<extensions>
					<swisstopo:routepoint_id>1315216095</swisstopo:routepoint_id>
				</extensions>
			</trkpt>
			<trkpt lat="46.6664321335" lon="8.1138889211">
				<ele>1713.2</ele>
				<extensions>
					<swisstopo:routepoint_id>417257650</swisstopo:routepoint_id>
				</extensions>
			</trkpt>
			<trkpt lat="46.6663709580" lon="8.1138001472">
				<ele>1714.0</ele>
				<extensions>
					<swisstopo:routepoint_id>169324275</swisstopo:routepoint_id>
				</extensions>
			</trkpt>
			<trkpt lat="46.6663426927" lon="8.1137500064">
				<ele>1714.7</ele>
				<extensions>
					<swisstopo:routepoint_id>259261834</swisstopo:routepoint_id>
				</extensions>
			</trkpt>
			<trkpt lat="46.6663014176" lon="8.1136471463">
				<ele>1717.0</ele>
				<extensions>
					<swisstopo:routepoint_id>1254109077</swisstopo:routepoint_id>
				</extensions>
			</trkpt>
			<trkpt lat="46.6662600766" lon="8.1135553542">
				<ele>1718.6</ele>
				<extensions>
					<swisstopo:routepoint_id>179340374</swisstopo:routepoint_id>
				</extensions>
			</trkpt>
			<trkpt lat="46.6662168205" lon="8.1134635384">
				<ele>1719.9</ele>
				<extensions>
					<swisstopo:routepoint_id>1865371161</swisstopo:routepoint_id>
				</extensions>
			</trkpt>
			<trkpt lat="46.6661791760" lon="8.1133883885">
				<ele>1720.7</ele>
				<extensions>
					<swisstopo:routepoint_id>847630416</swisstopo:routepoint_id>
				</extensions>
			</trkpt>
			<trkpt lat="46.6661680304" lon="8.1133412328">
				<ele>1721.2</ele>
				<extensions>
					<swisstopo:routepoint_id>1437881901</swisstopo:routepoint_id>
				</extensions>
			</trkpt>
			<trkpt lat="46.6661577035" lon="8.1132852806">
				<ele>1721.6</ele>
				<extensions>
					<swisstopo:routepoint_id>2061577857</swisstopo:routepoint_id>
				</extensions>
			</trkpt>
			<trkpt lat="46.6661344974" lon="8.1132163474">
				<ele>1721.6</ele>
				<extensions>
					<swisstopo:routepoint_id>1878899335</swisstopo:routepoint_id>
				</extensions>
			</trkpt>
			<trkpt lat="46.6661121242" lon="8.1131358616">
				<ele>1722.5</ele>
				<extensions>
					<swisstopo:routepoint_id>1520868047</swisstopo:routepoint_id>
				</extensions>
			</trkpt>
			<trkpt lat="46.6660744796" lon="8.1130607105">
				<ele>1723.9</ele>
				<extensions>
					<swisstopo:routepoint_id>956344885</swisstopo:routepoint_id>
				</extensions>
			</trkpt>
			<trkpt lat="46.6659729092" lon="8.1128492296">
				<ele>1726.2</ele>
				<extensions>
					<swisstopo:routepoint_id>1043069278</swisstopo:routepoint_id>
				</extensions>
			</trkpt>
			<trkpt lat="46.6658974262" lon="8.1127348894">
				<ele>1727.6</ele>
				<extensions>
					<swisstopo:routepoint_id>939322625</swisstopo:routepoint_id>
				</extensions>
			</trkpt>
			<trkpt lat="46.6658693406" lon="8.1126543184">
				<ele>1728.7</ele>
				<extensions>
					<swisstopo:routepoint_id>877090919</swisstopo:routepoint_id>
				</extensions>
			</trkpt>
			<trkpt lat="46.6658205026" lon="8.1125403116">
				<ele>1730.1</ele>
				<extensions>
					<swisstopo:routepoint_id>1168410041</swisstopo:routepoint_id>
				</extensions>
			</trkpt>
			<trkpt lat="46.6657810092" lon="8.1124568404">
				<ele>1731.1</ele>
				<extensions>
					<swisstopo:routepoint_id>744987093</swisstopo:routepoint_id>
				</extensions>
			</trkpt>
			<trkpt lat="46.6657526966" lon="8.1124149996">
				<ele>1731.2</ele>
				<extensions>
					<swisstopo:routepoint_id>452105797</swisstopo:routepoint_id>
				</extensions>
			</trkpt>
			<trkpt lat="46.6657377863" lon="8.1123622576">
				<ele>1732.0</ele>
				<extensions>
					<swisstopo:routepoint_id>605160627</swisstopo:routepoint_id>
				</extensions>
			</trkpt>
			<trkpt lat="46.6657189315" lon="8.1123288310">
				<ele>1732.8</ele>
				<extensions>
					<swisstopo:routepoint_id>156430365</swisstopo:routepoint_id>
				</extensions>
			</trkpt>
			<trkpt lat="46.6656999469" lon="8.1123202961">
				<ele>1733.1</ele>
				<extensions>
					<swisstopo:routepoint_id>629675483</swisstopo:routepoint_id>
				</extensions>
			</trkpt>
			<trkpt lat="46.6656314840" lon="8.1123056165">
				<ele>1734.5</ele>
				<extensions>
					<swisstopo:routepoint_id>2050541277</swisstopo:routepoint_id>
				</extensions>
			</trkpt>
			<trkpt lat="46.6655992912" lon="8.1122747815">
				<ele>1735.6</ele>
				<extensions>
					<swisstopo:routepoint_id>286206130</swisstopo:routepoint_id>
				</extensions>
			</trkpt>
			<trkpt lat="46.6655501413" lon="8.1122160835">
				<ele>1736.5</ele>
				<extensions>
					<swisstopo:routepoint_id>103768842</swisstopo:routepoint_id>
				</extensions>
			</trkpt>
			<trkpt lat="46.6655181120" lon="8.1121576011">
				<ele>1737.5</ele>
				<extensions>
					<swisstopo:routepoint_id>2005022738</swisstopo:routepoint_id>
				</extensions>
			</trkpt>
			<trkpt lat="46.6655031512" lon="8.1121103985">
				<ele>1738.0</ele>
				<extensions>
					<swisstopo:routepoint_id>1445744928</swisstopo:routepoint_id>
				</extensions>
			</trkpt>
			<trkpt lat="46.6654959669" lon="8.1120383998">
				<ele>1739.2</ele>
				<extensions>
					<swisstopo:routepoint_id>1156816517</swisstopo:routepoint_id>
				</extensions>
			</trkpt>
			<trkpt lat="46.6654830052" lon="8.1119773848">
				<ele>1740.2</ele>
				<extensions>
					<swisstopo:routepoint_id>928085354</swisstopo:routepoint_id>
				</extensions>
			</trkpt>
			<trkpt lat="46.6654632980" lon="8.1118964234">
				<ele>1741.0</ele>
				<extensions>
					<swisstopo:routepoint_id>1243288152</swisstopo:routepoint_id>
				</extensions>
			</trkpt>
			<trkpt lat="46.6654024934" lon="8.1118735421">
				<ele>1741.6</ele>
				<extensions>
					<swisstopo:routepoint_id>734258602</swisstopo:routepoint_id>
				</extensions>
			</trkpt>
			<trkpt lat="46.6653626748" lon="8.1118453830">
				<ele>1742.1</ele>
				<extensions>
					<swisstopo:routepoint_id>41186648</swisstopo:routepoint_id>
				</extensions>
			</trkpt>
			<trkpt lat="46.6653229356" lon="8.1118033986">
				<ele>1742.7</ele>
				<extensions>
					<swisstopo:routepoint_id>2030445875</swisstopo:routepoint_id>
				</extensions>
			</trkpt>
			<trkpt lat="46.6652680918" lon="8.1117418740">
				<ele>1743.3</ele>
				<extensions>
					<swisstopo:routepoint_id>799341980</swisstopo:routepoint_id>
				</extensions>
			</trkpt>
			<trkpt lat="46.6652303481" lon="8.1116833208">
				<ele>1743.8</ele>
				<extensions>
					<swisstopo:routepoint_id>1784016542</swisstopo:routepoint_id>
				</extensions>
			</trkpt>
			<trkpt lat="46.6652002825" lon="8.1116165642">
				<ele>1744.4</ele>
				<extensions>
					<swisstopo:routepoint_id>2092136239</swisstopo:routepoint_id>
				</extensions>
			</trkpt>
			<trkpt lat="46.6651722288" lon="8.1115304699">
				<ele>1745.0</ele>
				<extensions>
					<swisstopo:routepoint_id>397626808</swisstopo:routepoint_id>
				</extensions>
			</trkpt>
			<trkpt lat="46.6651611969" lon="8.1114639508">
				<ele>1745.6</ele>
				<extensions>
					<swisstopo:routepoint_id>1536879332</swisstopo:routepoint_id>
				</extensions>
			</trkpt>
			<trkpt lat="46.6651579237" lon="8.1113726370">
				<ele>1746.3</ele>
				<extensions>
					<swisstopo:routepoint_id>1542696909</swisstopo:routepoint_id>
				</extensions>
			</trkpt>
			<trkpt lat="46.6650776777" lon="8.1112891574">
				<ele>1746.3</ele>
				<extensions>
					<swisstopo:routepoint_id>907281287</swisstopo:routepoint_id>
				</extensions>
			</trkpt>
			<trkpt lat="46.6650021277" lon="8.1111858888">
				<ele>1747.7</ele>
				<extensions>
					<swisstopo:routepoint_id>913759912</swisstopo:routepoint_id>
				</extensions>
			</trkpt>
			<trkpt lat="46.6649776258" lon="8.1111413244">
				<ele>1748.7</ele>
				<extensions>
					<swisstopo:routepoint_id>1172373191</swisstopo:routepoint_id>
				</extensions>
			</trkpt>
			<trkpt lat="46.6649665611" lon="8.1110803338">
				<ele>1749.3</ele>
				<extensions>
					<swisstopo:routepoint_id>1897629084</swisstopo:routepoint_id>
				</extensions>
			</trkpt>
			<trkpt lat="46.6649574133" lon="8.1110193799">
				<ele>1750.2</ele>
				<extensions>
					<swisstopo:routepoint_id>2133158186</swisstopo:routepoint_id>
				</extensions>
			</trkpt>
			<trkpt lat="46.6649447250" lon="8.1109085848">
				<ele>1751.3</ele>
				<extensions>
					<swisstopo:routepoint_id>1100509450</swisstopo:routepoint_id>
				</extensions>
			</trkpt>
			<trkpt lat="46.6649354957" lon="8.1108614546">
				<ele>1751.5</ele>
				<extensions>
					<swisstopo:routepoint_id>1044100041</swisstopo:routepoint_id>
				</extensions>
			</trkpt>
			<trkpt lat="46.6649204855" lon="8.1108225371">
				<ele>1751.6</ele>
				<extensions>
					<swisstopo:routepoint_id>621039723</swisstopo:routepoint_id>
				</extensions>
			</trkpt>
			<trkpt lat="46.6648506145" lon="8.1107248656">
				<ele>1753.7</ele>
				<extensions>
					<swisstopo:routepoint_id>785841939</swisstopo:routepoint_id>
				</extensions>
			</trkpt>
			<trkpt lat="46.6648148679" lon="8.1106497432">
				<ele>1754.8</ele>
				<extensions>
					<swisstopo:routepoint_id>1541885584</swisstopo:routepoint_id>
				</extensions>
			</trkpt>
			<trkpt lat="46.6647607088" lon="8.1104720511">
				<ele>1755.8</ele>
				<extensions>
					<swisstopo:routepoint_id>708338415</swisstopo:routepoint_id>
				</extensions>
			</trkpt>
			<trkpt lat="46.6647308860" lon="8.1103610551">
				<ele>1756.7</ele>
				<extensions>
					<swisstopo:routepoint_id>1514154195</swisstopo:routepoint_id>
				</extensions>
			</trkpt>
			<trkpt lat="46.6646952545" lon="8.1102693393">
				<ele>1757.5</ele>
				<extensions>
					<swisstopo:routepoint_id>1858550830</swisstopo:routepoint_id>
				</extensions>
			</trkpt>
			<trkpt lat="46.6646406510" lon="8.1101635493">
				<ele>1758.9</ele>
				<extensions>
					<swisstopo:routepoint_id>1626663020</swisstopo:routepoint_id>
				</extensions>
			</trkpt>
			<trkpt lat="46.6645803877" lon="8.1100521751">
				<ele>1760.2</ele>
				<extensions>
					<swisstopo:routepoint_id>1365480866</swisstopo:routepoint_id>
				</extensions>
			</trkpt>
			<trkpt lat="46.6644521512" lon="8.1098403731">
				<ele>1763.0</ele>
				<extensions>
					<swisstopo:routepoint_id>2100033273</swisstopo:routepoint_id>
				</extensions>
			</trkpt>
			<trkpt lat="46.6644032431" lon="8.1097374248">
				<ele>1763.7</ele>
				<extensions>
					<swisstopo:routepoint_id>806629191</swisstopo:routepoint_id>
				</extensions>
			</trkpt>
			<trkpt lat="46.6643772682" lon="8.1096236944">
				<ele>1764.7</ele>
				<extensions>
					<swisstopo:routepoint_id>1347416058</swisstopo:routepoint_id>
				</extensions>
			</trkpt>
			<trkpt lat="46.6643285227" lon="8.1094931130">
				<ele>1765.4</ele>
				<extensions>
					<swisstopo:routepoint_id>2090065891</swisstopo:routepoint_id>
				</extensions>
			</trkpt>
			<trkpt lat="46.6642971436" lon="8.1093239908">
				<ele>1766.5</ele>
				<extensions>
					<swisstopo:routepoint_id>1405629213</swisstopo:routepoint_id>
				</extensions>
			</trkpt>
			<trkpt lat="46.6642446356" lon="8.1091878227">
				<ele>1767.5</ele>
				<extensions>
					<swisstopo:routepoint_id>1948752230</swisstopo:routepoint_id>
				</extensions>
			</trkpt>
			<trkpt lat="46.6642166615" lon="8.1090879062">
				<ele>1768.1</ele>
				<extensions>
					<swisstopo:routepoint_id>379602260</swisstopo:routepoint_id>
				</extensions>
			</trkpt>
			<trkpt lat="46.6641829102" lon="8.1089989717">
				<ele>1768.6</ele>
				<extensions>
					<swisstopo:routepoint_id>362003973</swisstopo:routepoint_id>
				</extensions>
			</trkpt>
			<trkpt lat="46.6641356655" lon="8.1089375466">
				<ele>1769.3</ele>
				<extensions>
					<swisstopo:routepoint_id>2144566403</swisstopo:routepoint_id>
				</extensions>
			</trkpt>
			<trkpt lat="46.6641131125" lon="8.1088874812">
				<ele>1769.9</ele>
				<extensions>
					<swisstopo:routepoint_id>1206689632</swisstopo:routepoint_id>
				</extensions>
			</trkpt>
			<trkpt lat="46.6640720192" lon="8.1087514557">
				<ele>1771.7</ele>
				<extensions>
					<swisstopo:routepoint_id>944443287</swisstopo:routepoint_id>
				</extensions>
			</trkpt>
			<trkpt lat="46.6640382188" lon="8.1086708194">
				<ele>1773.0</ele>
				<extensions>
					<swisstopo:routepoint_id>1832195660</swisstopo:routepoint_id>
				</extensions>
			</trkpt>
			<trkpt lat="46.6639968087" lon="8.1085900879">
				<ele>1774.9</ele>
				<extensions>
					<swisstopo:routepoint_id>1694892324</swisstopo:routepoint_id>
				</extensions>
			</trkpt>
			<trkpt lat="46.6639536117" lon="8.1084872261">
				<ele>1777.1</ele>
				<extensions>
					<swisstopo:routepoint_id>199682534</swisstopo:routepoint_id>
				</extensions>
			</trkpt>
			<trkpt lat="46.6639291426" lon="8.1084398951">
				<ele>1777.6</ele>
				<extensions>
					<swisstopo:routepoint_id>1433499061</swisstopo:routepoint_id>
				</extensions>
			</trkpt>
			<trkpt lat="46.6638951140" lon="8.1083979861">
				<ele>1778.1</ele>
				<extensions>
					<swisstopo:routepoint_id>732481095</swisstopo:routepoint_id>
				</extensions>
			</trkpt>
			<trkpt lat="46.6638477229" lon="8.1083614516">
				<ele>1779.1</ele>
				<extensions>
					<swisstopo:routepoint_id>2071118874</swisstopo:routepoint_id>
				</extensions>
			</trkpt>
			<trkpt lat="46.6637795379" lon="8.1082997667">
				<ele>1781.3</ele>
				<extensions>
					<swisstopo:routepoint_id>100425167</swisstopo:routepoint_id>
				</extensions>
			</trkpt>
			<trkpt lat="46.6637455259" lon="8.1082550745">
				<ele>1782.1</ele>
				<extensions>
					<swisstopo:routepoint_id>1467353045</swisstopo:routepoint_id>
				</extensions>
			</trkpt>
			<trkpt lat="46.6637248462" lon="8.1082105735">
				<ele>1782.9</ele>
				<extensions>
					<swisstopo:routepoint_id>37141525</swisstopo:routepoint_id>
				</extensions>
			</trkpt>
			<trkpt lat="46.6637174534" lon="8.1081717523">
				<ele>1783.6</ele>
				<extensions>
					<swisstopo:routepoint_id>109887135</swisstopo:routepoint_id>
				</extensions>
			</trkpt>
			<trkpt lat="46.6637147094" lon="8.1081214510">
				<ele>1784.4</ele>
				<extensions>
					<swisstopo:routepoint_id>389842476</swisstopo:routepoint_id>
				</extensions>
			</trkpt>
			<trkpt lat="46.6636935930" lon="8.1080193473">
				<ele>1784.4</ele>
				<extensions>
					<swisstopo:routepoint_id>1639225177</swisstopo:routepoint_id>
				</extensions>
			</trkpt>
			<trkpt lat="46.6636525888" lon="8.1078694868">
				<ele>1784.4</ele>
				<extensions>
					<swisstopo:routepoint_id>311097425</swisstopo:routepoint_id>
				</extensions>
			</trkpt>
			<trkpt lat="46.6636226424" lon="8.1077806021">
				<ele>1785.0</ele>
				<extensions>
					<swisstopo:routepoint_id>2045283622</swisstopo:routepoint_id>
				</extensions>
			</trkpt>
			<trkpt lat="46.6635568671" lon="8.1076332173">
				<ele>1786.3</ele>
				<extensions>
					<swisstopo:routepoint_id>1467340989</swisstopo:routepoint_id>
				</extensions>
			</trkpt>
			<trkpt lat="46.6634871796" lon="8.1075023539">
				<ele>1787.6</ele>
				<extensions>
					<swisstopo:routepoint_id>646491766</swisstopo:routepoint_id>
				</extensions>
			</trkpt>
			<trkpt lat="46.6634119424" lon="8.1073437727">
				<ele>1789.3</ele>
				<extensions>
					<swisstopo:routepoint_id>2078141282</swisstopo:routepoint_id>
				</extensions>
			</trkpt>
			<trkpt lat="46.6633516027" lon="8.1072434575">
				<ele>1791.1</ele>
				<extensions>
					<swisstopo:routepoint_id>635156296</swisstopo:routepoint_id>
				</extensions>
			</trkpt>
			<trkpt lat="46.6633365674" lon="8.1072100823">
				<ele>1791.4</ele>
				<extensions>
					<swisstopo:routepoint_id>1345489258</swisstopo:routepoint_id>
				</extensions>
			</trkpt>
			<trkpt lat="46.6633103776" lon="8.1071295416">
				<ele>1792.5</ele>
				<extensions>
					<swisstopo:routepoint_id>547332537</swisstopo:routepoint_id>
				</extensions>
			</trkpt>
			<trkpt lat="46.6632861351" lon="8.1070435118">
				<ele>1793.2</ele>
				<extensions>
					<swisstopo:routepoint_id>1094409756</swisstopo:routepoint_id>
				</extensions>
			</trkpt>
			<trkpt lat="46.6632825152" lon="8.1070102775">
				<ele>1793.9</ele>
				<extensions>
					<swisstopo:routepoint_id>1923179079</swisstopo:routepoint_id>
				</extensions>
			</trkpt>
			<trkpt lat="46.6632601864" lon="8.1069214881">
				<ele>1795.6</ele>
				<extensions>
					<swisstopo:routepoint_id>425471306</swisstopo:routepoint_id>
				</extensions>
			</trkpt>
			<trkpt lat="46.6632301993" lon="8.1068409015">
				<ele>1796.7</ele>
				<extensions>
					<swisstopo:routepoint_id>444420396</swisstopo:routepoint_id>
				</extensions>
			</trkpt>
			<trkpt lat="46.6631419390" lon="8.1066296202">
				<ele>1798.5</ele>
				<extensions>
					<swisstopo:routepoint_id>1433769169</swisstopo:routepoint_id>
				</extensions>
			</trkpt>
			<trkpt lat="46.6630951722" lon="8.1064879884">
				<ele>1799.6</ele>
				<extensions>
					<swisstopo:routepoint_id>686993863</swisstopo:routepoint_id>
				</extensions>
			</trkpt>
			<trkpt lat="46.6630540600" lon="8.1063547233">
				<ele>1800.3</ele>
				<extensions>
					<swisstopo:routepoint_id>567609291</swisstopo:routepoint_id>
				</extensions>
			</trkpt>
			<trkpt lat="46.6630375074" lon="8.1062549518">
				<ele>1801.1</ele>
				<extensions>
					<swisstopo:routepoint_id>1354557134</swisstopo:routepoint_id>
				</extensions>
			</trkpt>
			<trkpt lat="46.6629850032" lon="8.1061160065">
				<ele>1802.5</ele>
				<extensions>
					<swisstopo:routepoint_id>381100184</swisstopo:routepoint_id>
				</extensions>
			</trkpt>
			<trkpt lat="46.6629398438" lon="8.1060241787">
				<ele>1803.7</ele>
				<extensions>
					<swisstopo:routepoint_id>806399143</swisstopo:routepoint_id>
				</extensions>
			</trkpt>
			<trkpt lat="46.6629039980" lon="8.1059684373">
				<ele>1804.8</ele>
				<extensions>
					<swisstopo:routepoint_id>12953070</swisstopo:routepoint_id>
				</extensions>
			</trkpt>
			<trkpt lat="46.6628339684" lon="8.1058956537">
				<ele>1807.0</ele>
				<extensions>
					<swisstopo:routepoint_id>532559338</swisstopo:routepoint_id>
				</extensions>
			</trkpt>
			<trkpt lat="46.6627733013" lon="8.1058506606">
				<ele>1808.5</ele>
				<extensions>
					<swisstopo:routepoint_id>980818530</swisstopo:routepoint_id>
				</extensions>
			</trkpt>
			<trkpt lat="46.6627411392" lon="8.1058142912">
				<ele>1809.1</ele>
				<extensions>
					<swisstopo:routepoint_id>1136089601</swisstopo:routepoint_id>
				</extensions>
			</trkpt>
			<trkpt lat="46.6627205536" lon="8.1057531993">
				<ele>1810.4</ele>
				<extensions>
					<swisstopo:routepoint_id>1743788030</swisstopo:routepoint_id>
				</extensions>
			</trkpt>
			<trkpt lat="46.6626700865" lon="8.1055921720">
				<ele>1813.7</ele>
				<extensions>
					<swisstopo:routepoint_id>1787394838</swisstopo:routepoint_id>
				</extensions>
			</trkpt>
			<trkpt lat="46.6626420121" lon="8.1055088527">
				<ele>1814.2</ele>
				<extensions>
					<swisstopo:routepoint_id>673854267</swisstopo:routepoint_id>
				</extensions>
			</trkpt>
			<trkpt lat="46.6626142454" lon="8.1053729720">
				<ele>1816.3</ele>
				<extensions>
					<swisstopo:routepoint_id>205499349</swisstopo:routepoint_id>
				</extensions>
			</trkpt>
			<trkpt lat="46.6625768007" lon="8.1052646462">
				<ele>1816.4</ele>
				<extensions>
					<swisstopo:routepoint_id>1890032939</swisstopo:routepoint_id>
				</extensions>
			</trkpt>
			<trkpt lat="46.6625582926" lon="8.1051731490">
				<ele>1816.6</ele>
				<extensions>
					<swisstopo:routepoint_id>1606860052</swisstopo:routepoint_id>
				</extensions>
			</trkpt>
			<trkpt lat="46.6625339891" lon="8.1050954170">
				<ele>1817.4</ele>
				<extensions>
					<swisstopo:routepoint_id>1206657639</swisstopo:routepoint_id>
				</extensions>
			</trkpt>
			<trkpt lat="46.6624925440" lon="8.1050202312">
				<ele>1818.3</ele>
				<extensions>
					<swisstopo:routepoint_id>13743524</swisstopo:routepoint_id>
				</extensions>
			</trkpt>
			<trkpt lat="46.6624814944" lon="8.1049564743">
				<ele>1819.6</ele>
				<extensions>
					<swisstopo:routepoint_id>828609817</swisstopo:routepoint_id>
				</extensions>
			</trkpt>
			<trkpt lat="46.6624626763" lon="8.1049175397">
				<ele>1820.9</ele>
				<extensions>
					<swisstopo:routepoint_id>22409606</swisstopo:routepoint_id>
				</extensions>
			</trkpt>
			<trkpt lat="46.6624059461" lon="8.1048504619">
				<ele>1822.5</ele>
				<extensions>
					<swisstopo:routepoint_id>142851736</swisstopo:routepoint_id>
				</extensions>
			</trkpt>
			<trkpt lat="46.6623416925" lon="8.1047666975">
				<ele>1824.1</ele>
				<extensions>
					<swisstopo:routepoint_id>1487543730</swisstopo:routepoint_id>
				</extensions>
			</trkpt>
			<trkpt lat="46.6622669309" lon="8.1046752243">
				<ele>1826.2</ele>
				<extensions>
					<swisstopo:routepoint_id>1825455996</swisstopo:routepoint_id>
				</extensions>
			</trkpt>
			<trkpt lat="46.6622423697" lon="8.1046587844">
				<ele>1826.7</ele>
				<extensions>
					<swisstopo:routepoint_id>914197862</swisstopo:routepoint_id>
				</extensions>
			</trkpt>
			<trkpt lat="46.6622406558" lon="8.1046825703">
				<ele>1826.7</ele>
				<extensions>
					<swisstopo:routepoint_id>151593372</swisstopo:routepoint_id>
				</extensions>
			</trkpt>
			<trkpt lat="46.6622198509" lon="8.1046885196">
				<ele>1827.0</ele>
				<extensions>
					<swisstopo:routepoint_id>154742327</swisstopo:routepoint_id>
				</extensions>
			</trkpt>
			<trkpt lat="46.6621936051" lon="8.1046739539">
				<ele>1827.5</ele>
				<extensions>
					<swisstopo:routepoint_id>492191453</swisstopo:routepoint_id>
				</extensions>
			</trkpt>
			<trkpt lat="46.6621333377" lon="8.1046299996">
				<ele>1828.8</ele>
				<extensions>
					<swisstopo:routepoint_id>468062402</swisstopo:routepoint_id>
				</extensions>
			</trkpt>
			<trkpt lat="46.6621279641" lon="8.1045859518">
				<ele>1829.3</ele>
				<extensions>
					<swisstopo:routepoint_id>1669512072</swisstopo:routepoint_id>
				</extensions>
			</trkpt>
			<trkpt lat="46.6621153793" lon="8.1045686932">
				<ele>1829.7</ele>
				<extensions>
					<swisstopo:routepoint_id>1161429665</swisstopo:routepoint_id>
				</extensions>
			</trkpt>
			<trkpt lat="46.6620932267" lon="8.1045636371">
				<ele>1830.5</ele>
				<extensions>
					<swisstopo:routepoint_id>220477820</swisstopo:routepoint_id>
				</extensions>
			</trkpt>
			<trkpt lat="46.6620681224" lon="8.1045258926">
				<ele>1831.0</ele>
				<extensions>
					<swisstopo:routepoint_id>1867162433</swisstopo:routepoint_id>
				</extensions>
			</trkpt>
			<trkpt lat="46.6620180177" lon="8.1044363321">
				<ele>1832.8</ele>
				<extensions>
					<swisstopo:routepoint_id>894139956</swisstopo:routepoint_id>
				</extensions>
			</trkpt>
			<trkpt lat="46.6619706091" lon="8.1044025591">
				<ele>1833.6</ele>
				<extensions>
					<swisstopo:routepoint_id>2068445256</swisstopo:routepoint_id>
				</extensions>
			</trkpt>
			<trkpt lat="46.6618928718" lon="8.1043463037">
				<ele>1834.2</ele>
				<extensions>
					<swisstopo:routepoint_id>1327941840</swisstopo:routepoint_id>
				</extensions>
			</trkpt>
			<trkpt lat="46.6618379507" lon="8.1042958303">
				<ele>1834.0</ele>
				<extensions>
					<swisstopo:routepoint_id>1608998752</swisstopo:routepoint_id>
				</extensions>
			</trkpt>
			<trkpt lat="46.6618227605" lon="8.1042873456">
				<ele>1834.1</ele>
				<extensions>
					<swisstopo:routepoint_id>1879639046</swisstopo:routepoint_id>
				</extensions>
			</trkpt>
			<trkpt lat="46.6617923349" lon="8.1042814436">
				<ele>1834.1</ele>
				<extensions>
					<swisstopo:routepoint_id>1663974040</swisstopo:routepoint_id>
				</extensions>
			</trkpt>
			<trkpt lat="46.6617215930" lon="8.1043303530">
				<ele>1833.6</ele>
				<extensions>
					<swisstopo:routepoint_id>1665366713</swisstopo:routepoint_id>
				</extensions>
			</trkpt>
			<trkpt lat="46.6616815601" lon="8.1043381563">
				<ele>1833.8</ele>
				<extensions>
					<swisstopo:routepoint_id>1889608707</swisstopo:routepoint_id>
				</extensions>
			</trkpt>
			<trkpt lat="46.6616568057" lon="8.1043378509">
				<ele>1833.7</ele>
				<extensions>
					<swisstopo:routepoint_id>820288400</swisstopo:routepoint_id>
				</extensions>
			</trkpt>
			<trkpt lat="46.6616368729" lon="8.1043084412">
				<ele>1833.8</ele>
				<extensions>
					<swisstopo:routepoint_id>1015973271</swisstopo:routepoint_id>
				</extensions>
			</trkpt>
			<trkpt lat="46.6616189298" lon="8.1042877322">
				<ele>1833.8</ele>
				<extensions>
					<swisstopo:routepoint_id>663075422</swisstopo:routepoint_id>
				</extensions>
			</trkpt>
			<trkpt lat="46.6615643192" lon="8.1042562608">
				<ele>1833.5</ele>
				<extensions>
					<swisstopo:routepoint_id>1767142376</swisstopo:routepoint_id>
				</extensions>
			</trkpt>
			<trkpt lat="46.6615322156" lon="8.1042372593">
				<ele>1833.5</ele>
				<extensions>
					<swisstopo:routepoint_id>1321279708</swisstopo:routepoint_id>
				</extensions>
			</trkpt>
			<trkpt lat="46.6615064042" lon="8.1042268924">
				<ele>1833.5</ele>
				<extensions>
					<swisstopo:routepoint_id>1427560456</swisstopo:routepoint_id>
				</extensions>
			</trkpt>
			<trkpt lat="46.6614968785" lon="8.1042374893">
				<ele>1833.5</ele>
				<extensions>
					<swisstopo:routepoint_id>1503591815</swisstopo:routepoint_id>
				</extensions>
			</trkpt>
			<trkpt lat="46.6615045514" lon="8.1042977404">
				<ele>1833.8</ele>
				<extensions>
					<swisstopo:routepoint_id>1177391439</swisstopo:routepoint_id>
				</extensions>
			</trkpt>
			<trkpt lat="46.6615078738" lon="8.1044079288">
				<ele>1835.4</ele>
				<extensions>
					<swisstopo:routepoint_id>1892646229</swisstopo:routepoint_id>
				</extensions>
			</trkpt>
			<trkpt lat="46.6615111550" lon="8.1044992360">
				<ele>1836.8</ele>
				<extensions>
					<swisstopo:routepoint_id>282107994</swisstopo:routepoint_id>
				</extensions>
			</trkpt>
			<trkpt lat="46.6614995367" lon="8.1045322811">
				<ele>1837.3</ele>
				<extensions>
					<swisstopo:routepoint_id>206625999</swisstopo:routepoint_id>
				</extensions>
			</trkpt>
			<trkpt lat="46.6614823520" lon="8.1045403662">
				<ele>1837.6</ele>
				<extensions>
					<swisstopo:routepoint_id>1559100499</swisstopo:routepoint_id>
				</extensions>
			</trkpt>
			<trkpt lat="46.6614556914" lon="8.1045400371">
				<ele>1838.0</ele>
				<extensions>
					<swisstopo:routepoint_id>1914390379</swisstopo:routepoint_id>
				</extensions>
			</trkpt>
			<trkpt lat="46.6614386685" lon="8.1045204496">
				<ele>1838.5</ele>
				<extensions>
					<swisstopo:routepoint_id>718454659</swisstopo:routepoint_id>
				</extensions>
			</trkpt>
			<trkpt lat="46.6613915597" lon="8.1044368987">
				<ele>1841.0</ele>
				<extensions>
					<swisstopo:routepoint_id>1221937560</swisstopo:routepoint_id>
				</extensions>
			</trkpt>
			<trkpt lat="46.6613367406" lon="8.1043670894">
				<ele>1842.5</ele>
				<extensions>
					<swisstopo:routepoint_id>1453875818</swisstopo:routepoint_id>
				</extensions>
			</trkpt>
			<trkpt lat="46.6613084574" lon="8.1043197155">
				<ele>1843.9</ele>
				<extensions>
					<swisstopo:routepoint_id>1067631329</swisstopo:routepoint_id>
				</extensions>
			</trkpt>
			<trkpt lat="46.6612935344" lon="8.1042669928">
				<ele>1844.6</ele>
				<extensions>
					<swisstopo:routepoint_id>1447861298</swisstopo:routepoint_id>
				</extensions>
			</trkpt>
			<trkpt lat="46.6612844390" lon="8.1041949645">
				<ele>1845.8</ele>
				<extensions>
					<swisstopo:routepoint_id>1120529063</swisstopo:routepoint_id>
				</extensions>
			</trkpt>
			<trkpt lat="46.6612551821" lon="8.1039871798">
				<ele>1848.4</ele>
				<extensions>
					<swisstopo:routepoint_id>1086394151</swisstopo:routepoint_id>
				</extensions>
			</trkpt>
			<trkpt lat="46.6612425305" lon="8.1038708670">
				<ele>1849.9</ele>
				<extensions>
					<swisstopo:routepoint_id>716105477</swisstopo:routepoint_id>
				</extensions>
			</trkpt>
			<trkpt lat="46.6612275611" lon="8.1038264405">
				<ele>1850.5</ele>
				<extensions>
					<swisstopo:routepoint_id>344902390</swisstopo:routepoint_id>
				</extensions>
			</trkpt>
			<trkpt lat="46.6611955503" lon="8.1037651971">
				<ele>1852.0</ele>
				<extensions>
					<swisstopo:routepoint_id>1375626456</swisstopo:routepoint_id>
				</extensions>
			</trkpt>
			<trkpt lat="46.6611788018" lon="8.1036986152">
				<ele>1853.1</ele>
				<extensions>
					<swisstopo:routepoint_id>354141299</swisstopo:routepoint_id>
				</extensions>
			</trkpt>
			<trkpt lat="46.6611525608" lon="8.1036263895">
				<ele>1854.9</ele>
				<extensions>
					<swisstopo:routepoint_id>1743102639</swisstopo:routepoint_id>
				</extensions>
			</trkpt>
			<trkpt lat="46.6611261490" lon="8.1035845791">
				<ele>1855.8</ele>
				<extensions>
					<swisstopo:routepoint_id>1208710116</swisstopo:routepoint_id>
				</extensions>
			</trkpt>
			<trkpt lat="46.6610826032" lon="8.1035425580">
				<ele>1857.2</ele>
				<extensions>
					<swisstopo:routepoint_id>180998724</swisstopo:routepoint_id>
				</extensions>
			</trkpt>
			<trkpt lat="46.6610010671" lon="8.1034834746">
				<ele>1859.6</ele>
				<extensions>
					<swisstopo:routepoint_id>919849811</swisstopo:routepoint_id>
				</extensions>
			</trkpt>
			<trkpt lat="46.6609421856" lon="8.1034578584">
				<ele>1860.7</ele>
				<extensions>
					<swisstopo:routepoint_id>1089576540</swisstopo:routepoint_id>
				</extensions>
			</trkpt>
			<trkpt lat="46.6608965558" lon="8.1034462295">
				<ele>1861.9</ele>
				<extensions>
					<swisstopo:routepoint_id>1074764951</swisstopo:routepoint_id>
				</extensions>
			</trkpt>
			<trkpt lat="46.6608395966" lon="8.1034178669">
				<ele>1863.4</ele>
				<extensions>
					<swisstopo:routepoint_id>1667120480</swisstopo:routepoint_id>
				</extensions>
			</trkpt>
			<trkpt lat="46.6607941100" lon="8.1033813619">
				<ele>1864.7</ele>
				<extensions>
					<swisstopo:routepoint_id>748211095</swisstopo:routepoint_id>
				</extensions>
			</trkpt>
			<trkpt lat="46.6607715362" lon="8.1033340595">
				<ele>1866.2</ele>
				<extensions>
					<swisstopo:routepoint_id>1562327052</swisstopo:routepoint_id>
				</extensions>
			</trkpt>
			<trkpt lat="46.6607491582" lon="8.1032535850">
				<ele>1867.7</ele>
				<extensions>
					<swisstopo:routepoint_id>1268497203</swisstopo:routepoint_id>
				</extensions>
			</trkpt>
			<trkpt lat="46.6607362863" lon="8.1031759846">
				<ele>1869.3</ele>
				<extensions>
					<swisstopo:routepoint_id>1119751752</swisstopo:routepoint_id>
				</extensions>
			</trkpt>
			<trkpt lat="46.6607213079" lon="8.1031315590">
				<ele>1870.3</ele>
				<extensions>
					<swisstopo:routepoint_id>1317535767</swisstopo:routepoint_id>
				</extensions>
			</trkpt>
			<trkpt lat="46.6607099645" lon="8.1031175822">
				<ele>1870.5</ele>
				<extensions>
					<swisstopo:routepoint_id>1669690388</swisstopo:routepoint_id>
				</extensions>
			</trkpt>
			<trkpt lat="46.6606720973" lon="8.1030948645">
				<ele>1871.4</ele>
				<extensions>
					<swisstopo:routepoint_id>1719798423</swisstopo:routepoint_id>
				</extensions>
			</trkpt>
			<trkpt lat="46.6606427408" lon="8.1030864286">
				<ele>1872.3</ele>
				<extensions>
					<swisstopo:routepoint_id>62711179</swisstopo:routepoint_id>
				</extensions>
			</trkpt>
			<trkpt lat="46.6606189342" lon="8.1030945628">
				<ele>1872.7</ele>
				<extensions>
					<swisstopo:routepoint_id>1597551660</swisstopo:routepoint_id>
				</extensions>
			</trkpt>
			<trkpt lat="46.6606021032" lon="8.1031176913">
				<ele>1873.0</ele>
				<extensions>
					<swisstopo:routepoint_id>508376718</swisstopo:routepoint_id>
				</extensions>
			</trkpt>
			<trkpt lat="46.6605919847" lon="8.1031621737">
				<ele>1873.5</ele>
				<extensions>
					<swisstopo:routepoint_id>1073835958</swisstopo:routepoint_id>
				</extensions>
			</trkpt>
			<trkpt lat="46.6605800922" lon="8.1031760469">
				<ele>1873.8</ele>
				<extensions>
					<swisstopo:routepoint_id>492118365</swisstopo:routepoint_id>
				</extensions>
			</trkpt>
			<trkpt lat="46.6605531204" lon="8.1031823912">
				<ele>1874.9</ele>
				<extensions>
					<swisstopo:routepoint_id>2113014172</swisstopo:routepoint_id>
				</extensions>
			</trkpt>
			<trkpt lat="46.6605163873" lon="8.1031828535">
				<ele>1875.6</ele>
				<extensions>
					<swisstopo:routepoint_id>1185732955</swisstopo:routepoint_id>
				</extensions>
			</trkpt>
			<trkpt lat="46.6604937993" lon="8.1031737428">
				<ele>1876.1</ele>
				<extensions>
					<swisstopo:routepoint_id>702056339</swisstopo:routepoint_id>
				</extensions>
			</trkpt>
			<trkpt lat="46.6604771397" lon="8.1031580937">
				<ele>1876.5</ele>
				<extensions>
					<swisstopo:routepoint_id>1264101730</swisstopo:routepoint_id>
				</extensions>
			</trkpt>
			<trkpt lat="46.6604657394" lon="8.1031184813">
				<ele>1877.7</ele>
				<extensions>
					<swisstopo:routepoint_id>2066678444</swisstopo:routepoint_id>
				</extensions>
			</trkpt>
			<trkpt lat="46.6604459618" lon="8.1030037152">
				<ele>1879.6</ele>
				<extensions>
					<swisstopo:routepoint_id>308056302</swisstopo:routepoint_id>
				</extensions>
			</trkpt>
			<trkpt lat="46.6604349572" lon="8.1029316652">
				<ele>1880.6</ele>
				<extensions>
					<swisstopo:routepoint_id>1599993948</swisstopo:routepoint_id>
				</extensions>
			</trkpt>
			<trkpt lat="46.6604315781" lon="8.1028569521">
				<ele>1881.7</ele>
				<extensions>
					<swisstopo:routepoint_id>1485713831</swisstopo:routepoint_id>
				</extensions>
			</trkpt>
			<trkpt lat="46.6604164846" lon="8.1028318759">
				<ele>1882.4</ele>
				<extensions>
					<swisstopo:routepoint_id>1725409496</swisstopo:routepoint_id>
				</extensions>
			</trkpt>
			<trkpt lat="46.6603974832" lon="8.1028261151">
				<ele>1882.9</ele>
				<extensions>
					<swisstopo:routepoint_id>472480065</swisstopo:routepoint_id>
				</extensions>
			</trkpt>
			<trkpt lat="46.6603773289" lon="8.1028327527">
				<ele>1883.3</ele>
				<extensions>
					<swisstopo:routepoint_id>1925569765</swisstopo:routepoint_id>
				</extensions>
			</trkpt>
			<trkpt lat="46.6603305392" lon="8.1028765224">
				<ele>1884.7</ele>
				<extensions>
					<swisstopo:routepoint_id>1088614194</swisstopo:routepoint_id>
				</extensions>
			</trkpt>
			<trkpt lat="46.6602723939" lon="8.1029498243">
				<ele>1886.3</ele>
				<extensions>
					<swisstopo:routepoint_id>83756197</swisstopo:routepoint_id>
				</extensions>
			</trkpt>
			<trkpt lat="46.6602545541" lon="8.1029855357">
				<ele>1886.2</ele>
				<extensions>
					<swisstopo:routepoint_id>950765132</swisstopo:routepoint_id>
				</extensions>
			</trkpt>
			<trkpt lat="46.6602358657" lon="8.1030337668">
				<ele>1886.6</ele>
				<extensions>
					<swisstopo:routepoint_id>1237667482</swisstopo:routepoint_id>
				</extensions>
			</trkpt>
			<trkpt lat="46.6602075161" lon="8.1030853935">
				<ele>1887.2</ele>
				<extensions>
					<swisstopo:routepoint_id>667943993</swisstopo:routepoint_id>
				</extensions>
			</trkpt>
			<trkpt lat="46.6601753303" lon="8.1031297346">
				<ele>1888.3</ele>
				<extensions>
					<swisstopo:routepoint_id>954888632</swisstopo:routepoint_id>
				</extensions>
			</trkpt>
			<trkpt lat="46.6601541972" lon="8.1031426705">
				<ele>1889.1</ele>
				<extensions>
					<swisstopo:routepoint_id>1391123303</swisstopo:routepoint_id>
				</extensions>
			</trkpt>
			<trkpt lat="46.6601335225" lon="8.1031473941">
				<ele>1889.6</ele>
				<extensions>
					<swisstopo:routepoint_id>2097990428</swisstopo:routepoint_id>
				</extensions>
			</trkpt>
			<trkpt lat="46.6601116350" lon="8.1031492020">
				<ele>1890.4</ele>
				<extensions>
					<swisstopo:routepoint_id>172490833</swisstopo:routepoint_id>
				</extensions>
			</trkpt>
			<trkpt lat="46.6600936902" lon="8.1031287291">
				<ele>1891.3</ele>
				<extensions>
					<swisstopo:routepoint_id>121139227</swisstopo:routepoint_id>
				</extensions>
			</trkpt>
			<trkpt lat="46.6600469535" lon="8.1030305259">
				<ele>1893.5</ele>
				<extensions>
					<swisstopo:routepoint_id>400831638</swisstopo:routepoint_id>
				</extensions>
			</trkpt>
			<trkpt lat="46.6600108245" lon="8.1029444087">
				<ele>1895.6</ele>
				<extensions>
					<swisstopo:routepoint_id>2090648436</swisstopo:routepoint_id>
				</extensions>
			</trkpt>
			<trkpt lat="46.6599858816" lon="8.1029410181">
				<ele>1896.6</ele>
				<extensions>
					<swisstopo:routepoint_id>645634440</swisstopo:routepoint_id>
				</extensions>
			</trkpt>
			<trkpt lat="46.6599652550" lon="8.1029284824">
				<ele>1897.3</ele>
				<extensions>
					<swisstopo:routepoint_id>403929401</swisstopo:routepoint_id>
				</extensions>
			</trkpt>
			<trkpt lat="46.6599483551" lon="8.1029141112">
				<ele>1897.8</ele>
				<extensions>
					<swisstopo:routepoint_id>1588372294</swisstopo:routepoint_id>
				</extensions>
			</trkpt>
			<trkpt lat="46.6599355878" lon="8.1029021296">
				<ele>1897.9</ele>
				<extensions>
					<swisstopo:routepoint_id>1165769125</swisstopo:routepoint_id>
				</extensions>
			</trkpt>
			<trkpt lat="46.6598681158" lon="8.1028499375">
				<ele>1899.6</ele>
				<extensions>
					<swisstopo:routepoint_id>218817027</swisstopo:routepoint_id>
				</extensions>
			</trkpt>
			<trkpt lat="46.6598400421" lon="8.1028433334">
				<ele>1900.2</ele>
				<extensions>
					<swisstopo:routepoint_id>1979091630</swisstopo:routepoint_id>
				</extensions>
			</trkpt>
			<trkpt lat="46.6598097107" lon="8.1028476634">
				<ele>1901.4</ele>
				<extensions>
					<swisstopo:routepoint_id>1366140701</swisstopo:routepoint_id>
				</extensions>
			</trkpt>
			<trkpt lat="46.6597901706" lon="8.1028431373">
				<ele>1901.9</ele>
				<extensions>
					<swisstopo:routepoint_id>583876892</swisstopo:routepoint_id>
				</extensions>
			</trkpt>
			<trkpt lat="46.6597631998" lon="8.1028681137">
				<ele>1902.9</ele>
				<extensions>
					<swisstopo:routepoint_id>466406806</swisstopo:routepoint_id>
				</extensions>
			</trkpt>
			<trkpt lat="46.6597525565" lon="8.1028576084">
				<ele>1903.1</ele>
				<extensions>
					<swisstopo:routepoint_id>1002024940</swisstopo:routepoint_id>
				</extensions>
			</trkpt>
			<trkpt lat="46.6597372810" lon="8.1028237761">
				<ele>1903.4</ele>
				<extensions>
					<swisstopo:routepoint_id>1705703649</swisstopo:routepoint_id>
				</extensions>
			</trkpt>
			<trkpt lat="46.6597314833" lon="8.1027841810">
				<ele>1904.1</ele>
				<extensions>
					<swisstopo:routepoint_id>60154877</swisstopo:routepoint_id>
				</extensions>
			</trkpt>
			<trkpt lat="46.6597268228" lon="8.1027691245">
				<ele>1904.4</ele>
				<extensions>
					<swisstopo:routepoint_id>72578739</swisstopo:routepoint_id>
				</extensions>
			</trkpt>
			<trkpt lat="46.6597183457" lon="8.1027325277">
				<ele>1905.1</ele>
				<extensions>
					<swisstopo:routepoint_id>162531789</swisstopo:routepoint_id>
				</extensions>
			</trkpt>
			<trkpt lat="46.6597189094" lon="8.1026851842">
				<ele>1905.9</ele>
				<extensions>
					<swisstopo:routepoint_id>1932834394</swisstopo:routepoint_id>
				</extensions>
			</trkpt>
			<trkpt lat="46.6597196391" lon="8.1026511832">
				<ele>1906.2</ele>
				<extensions>
					<swisstopo:routepoint_id>1690426251</swisstopo:routepoint_id>
				</extensions>
			</trkpt>
			<trkpt lat="46.6597161695" lon="8.1025825457">
				<ele>1907.4</ele>
				<extensions>
					<swisstopo:routepoint_id>398625092</swisstopo:routepoint_id>
				</extensions>
			</trkpt>
			<trkpt lat="46.6597202357" lon="8.1025300454">
				<ele>1908.4</ele>
				<extensions>
					<swisstopo:routepoint_id>1204158060</swisstopo:routepoint_id>
				</extensions>
			</trkpt>
			<trkpt lat="46.6597254405" lon="8.1025014827">
				<ele>1909.0</ele>
				<extensions>
					<swisstopo:routepoint_id>561762496</swisstopo:routepoint_id>
				</extensions>
			</trkpt>
			<trkpt lat="46.6597334447" lon="8.1024831977">
				<ele>1909.3</ele>
				<extensions>
					<swisstopo:routepoint_id>1090194100</swisstopo:routepoint_id>
				</extensions>
			</trkpt>
			<trkpt lat="46.6597386334" lon="8.1024713326">
				<ele>1909.6</ele>
				<extensions>
					<swisstopo:routepoint_id>1080259234</swisstopo:routepoint_id>
				</extensions>
			</trkpt>
			<trkpt lat="46.6597472985" lon="8.1024493318">
				<ele>1910.4</ele>
				<extensions>
					<swisstopo:routepoint_id>90655451</swisstopo:routepoint_id>
				</extensions>
			</trkpt>
			<trkpt lat="46.6597432506" lon="8.1024354323">
				<ele>1910.7</ele>
				<extensions>
					<swisstopo:routepoint_id>344609630</swisstopo:routepoint_id>
				</extensions>
			</trkpt>
			<trkpt lat="46.6597304225" lon="8.1024108681">
				<ele>1910.8</ele>
				<extensions>
					<swisstopo:routepoint_id>558900344</swisstopo:routepoint_id>
				</extensions>
			</trkpt>
			<trkpt lat="46.6596328985" lon="8.1024815686">
				<ele>1912.5</ele>
				<extensions>
					<swisstopo:routepoint_id>1961223621</swisstopo:routepoint_id>
				</extensions>
			</trkpt>
			<trkpt lat="46.6595392541" lon="8.1025384934">
				<ele>1913.8</ele>
				<extensions>
					<swisstopo:routepoint_id>1096666025</swisstopo:routepoint_id>
				</extensions>
			</trkpt>
			<trkpt lat="46.6594736581" lon="8.1025705725">
				<ele>1914.7</ele>
				<extensions>
					<swisstopo:routepoint_id>1651150137</swisstopo:routepoint_id>
				</extensions>
			</trkpt>
			<trkpt lat="46.6593903072" lon="8.1026113306">
				<ele>1915.8</ele>
				<extensions>
					<swisstopo:routepoint_id>1254958532</swisstopo:routepoint_id>
				</extensions>
			</trkpt>
			<trkpt lat="46.6592224074" lon="8.1026701107">
				<ele>1917.7</ele>
				<extensions>
					<swisstopo:routepoint_id>896020128</swisstopo:routepoint_id>
				</extensions>
			</trkpt>
			<trkpt lat="46.6590336052" lon="8.1027203240">
				<ele>1920.1</ele>
				<extensions>
					<swisstopo:routepoint_id>2138209518</swisstopo:routepoint_id>
				</extensions>
			</trkpt>
			<trkpt lat="46.6588639171" lon="8.1027569614">
				<ele>1922.0</ele>
				<extensions>
					<swisstopo:routepoint_id>203542106</swisstopo:routepoint_id>
				</extensions>
			</trkpt>
			<trkpt lat="46.6587362596" lon="8.1027719832">
				<ele>1923.4</ele>
				<extensions>
					<swisstopo:routepoint_id>1620048117</swisstopo:routepoint_id>
				</extensions>
			</trkpt>
			<trkpt lat="46.6585991722" lon="8.1027702958">
				<ele>1925.0</ele>
				<extensions>
					<swisstopo:routepoint_id>414848097</swisstopo:routepoint_id>
				</extensions>
			</trkpt>
			<trkpt lat="46.6584659606" lon="8.1027548200">
				<ele>1926.5</ele>
				<extensions>
					<swisstopo:routepoint_id>941968483</swisstopo:routepoint_id>
				</extensions>
			</trkpt>
			<trkpt lat="46.6584497163" lon="8.1027993689">
				<ele>1926.3</ele>
				<extensions>
					<swisstopo:routepoint_id>295978705</swisstopo:routepoint_id>
				</extensions>
			</trkpt>
			<trkpt lat="46.6584286525" lon="8.1028184728">
				<ele>1926.4</ele>
				<extensions>
					<swisstopo:routepoint_id>1390700779</swisstopo:routepoint_id>
				</extensions>
			</trkpt>
			<trkpt lat="46.6583981142" lon="8.1028319199">
				<ele>1926.4</ele>
				<extensions>
					<swisstopo:routepoint_id>442050136</swisstopo:routepoint_id>
				</extensions>
			</trkpt>
			<trkpt lat="46.6583524338" lon="8.1028286008">
				<ele>1926.6</ele>
				<extensions>
					<swisstopo:routepoint_id>1322478598</swisstopo:routepoint_id>
				</extensions>
			</trkpt>
			<trkpt lat="46.6582877505" lon="8.1028167384">
				<ele>1926.8</ele>
				<extensions>
					<swisstopo:routepoint_id>1889971625</swisstopo:routepoint_id>
				</extensions>
			</trkpt>
			<trkpt lat="46.6582629727" lon="8.1028219597">
				<ele>1927.1</ele>
				<extensions>
					<swisstopo:routepoint_id>814538629</swisstopo:routepoint_id>
				</extensions>
			</trkpt>
			<trkpt lat="46.6582152496" lon="8.1028435049">
				<ele>1927.4</ele>
				<extensions>
					<swisstopo:routepoint_id>1392392684</swisstopo:routepoint_id>
				</extensions>
			</trkpt>
			<trkpt lat="46.6581827478" lon="8.1028652248">
				<ele>1927.6</ele>
				<extensions>
					<swisstopo:routepoint_id>195448021</swisstopo:routepoint_id>
				</extensions>
			</trkpt>
			<trkpt lat="46.6581198990" lon="8.1028672206">
				<ele>1928.1</ele>
				<extensions>
					<swisstopo:routepoint_id>1070750783</swisstopo:routepoint_id>
				</extensions>
			</trkpt>
			<trkpt lat="46.6580876069" lon="8.1028529871">
				<ele>1928.6</ele>
				<extensions>
					<swisstopo:routepoint_id>1944899110</swisstopo:routepoint_id>
				</extensions>
			</trkpt>
			<trkpt lat="46.6580155092" lon="8.1028106174">
				<ele>1927.7</ele>
				<extensions>
					<swisstopo:routepoint_id>816714041</swisstopo:routepoint_id>
				</extensions>
			</trkpt>
			<trkpt lat="46.6579794025" lon="8.1027963498">
				<ele>1927.3</ele>
				<extensions>
					<swisstopo:routepoint_id>1509433036</swisstopo:routepoint_id>
				</extensions>
			</trkpt>
			<trkpt lat="46.6579109060" lon="8.1027872104">
				<ele>1927.1</ele>
				<extensions>
					<swisstopo:routepoint_id>1955402611</swisstopo:routepoint_id>
				</extensions>
			</trkpt>
			<trkpt lat="46.6578480110" lon="8.1027975024">
				<ele>1927.0</ele>
				<extensions>
					<swisstopo:routepoint_id>1015146397</swisstopo:routepoint_id>
				</extensions>
			</trkpt>
			<trkpt lat="46.6578099740" lon="8.1027914943">
				<ele>1926.7</ele>
				<extensions>
					<swisstopo:routepoint_id>1795273421</swisstopo:routepoint_id>
				</extensions>
			</trkpt>
			<trkpt lat="46.6577548818" lon="8.1027686969">
				<ele>1926.8</ele>
				<extensions>
					<swisstopo:routepoint_id>1849240115</swisstopo:routepoint_id>
				</extensions>
			</trkpt>
			<trkpt lat="46.6576788244" lon="8.1027511681">
				<ele>1927.3</ele>
				<extensions>
					<swisstopo:routepoint_id>1512305480</swisstopo:routepoint_id>
				</extensions>
			</trkpt>
			<trkpt lat="46.6575570711" lon="8.1027303070">
				<ele>1929.1</ele>
				<extensions>
					<swisstopo:routepoint_id>1971374428</swisstopo:routepoint_id>
				</extensions>
			</trkpt>
			<trkpt lat="46.6574809168" lon="8.1027293697">
				<ele>1929.6</ele>
				<extensions>
					<swisstopo:routepoint_id>955093958</swisstopo:routepoint_id>
				</extensions>
			</trkpt>
			<trkpt lat="46.6573496705" lon="8.1027056349">
				<ele>1929.7</ele>
				<extensions>
					<swisstopo:routepoint_id>2107291926</swisstopo:routepoint_id>
				</extensions>
			</trkpt>
			<trkpt lat="46.6572240719" lon="8.1026930232">
				<ele>1930.7</ele>
				<extensions>
					<swisstopo:routepoint_id>824134547</swisstopo:routepoint_id>
				</extensions>
			</trkpt>
			<trkpt lat="46.6571898155" lon="8.1026898449">
				<ele>1931.6</ele>
				<extensions>
					<swisstopo:routepoint_id>994890927</swisstopo:routepoint_id>
				</extensions>
			</trkpt>
			<trkpt lat="46.6571382942" lon="8.1027085601">
				<ele>1932.5</ele>
				<extensions>
					<swisstopo:routepoint_id>840551099</swisstopo:routepoint_id>
				</extensions>
			</trkpt>
			<trkpt lat="46.6570810949" lon="8.1027216923">
				<ele>1933.1</ele>
				<extensions>
					<swisstopo:routepoint_id>1142725460</swisstopo:routepoint_id>
				</extensions>
			</trkpt>
			<trkpt lat="46.6570238937" lon="8.1027348108">
				<ele>1933.9</ele>
				<extensions>
					<swisstopo:routepoint_id>1990773960</swisstopo:routepoint_id>
				</extensions>
			</trkpt>
			<trkpt lat="46.6570001078" lon="8.1027428145">
				<ele>1934.2</ele>
				<extensions>
					<swisstopo:routepoint_id>2028645276</swisstopo:routepoint_id>
				</extensions>
			</trkpt>
			<trkpt lat="46.6569726697" lon="8.1027413138">
				<ele>1934.4</ele>
				<extensions>
					<swisstopo:routepoint_id>1064471198</swisstopo:routepoint_id>
				</extensions>
			</trkpt>
			<trkpt lat="46.6569461276" lon="8.1027327042">
				<ele>1934.9</ele>
				<extensions>
					<swisstopo:routepoint_id>1377458094</swisstopo:routepoint_id>
				</extensions>
			</trkpt>
			<trkpt lat="46.6569008233" lon="8.1027142345">
				<ele>1935.9</ele>
				<extensions>
					<swisstopo:routepoint_id>273133219</swisstopo:routepoint_id>
				</extensions>
			</trkpt>
			<trkpt lat="46.6568659133" lon="8.1026830366">
				<ele>1936.2</ele>
				<extensions>
					<swisstopo:routepoint_id>2024709883</swisstopo:routepoint_id>
				</extensions>
			</trkpt>
			<trkpt lat="46.6567969461" lon="8.1026160268">
				<ele>1936.5</ele>
				<extensions>
					<swisstopo:routepoint_id>1484844689</swisstopo:routepoint_id>
				</extensions>
			</trkpt>
			<trkpt lat="46.6567558527" lon="8.1025880060">
				<ele>1937.1</ele>
				<extensions>
					<swisstopo:routepoint_id>1348095277</swisstopo:routepoint_id>
				</extensions>
			</trkpt>
			<trkpt lat="46.6567220294" lon="8.1025817631">
				<ele>1937.1</ele>
				<extensions>
					<swisstopo:routepoint_id>1057658728</swisstopo:routepoint_id>
				</extensions>
			</trkpt>
			<trkpt lat="46.6566699208" lon="8.1025764969">
				<ele>1937.6</ele>
				<extensions>
					<swisstopo:routepoint_id>1922154707</swisstopo:routepoint_id>
				</extensions>
			</trkpt>
			<trkpt lat="46.6565883785" lon="8.1025368736">
				<ele>1938.6</ele>
				<extensions>
					<swisstopo:routepoint_id>1398463925</swisstopo:routepoint_id>
				</extensions>
			</trkpt>
			<trkpt lat="46.6565531735" lon="8.1025329390">
				<ele>1939.2</ele>
				<extensions>
					<swisstopo:routepoint_id>1547671827</swisstopo:routepoint_id>
				</extensions>
			</trkpt>
			<trkpt lat="46.6564538768" lon="8.1025068287">
				<ele>1941.8</ele>
				<extensions>
					<swisstopo:routepoint_id>1235914173</swisstopo:routepoint_id>
				</extensions>
			</trkpt>
			<trkpt lat="46.6564091167" lon="8.1024767384">
				<ele>1943.3</ele>
				<extensions>
					<swisstopo:routepoint_id>132829858</swisstopo:routepoint_id>
				</extensions>
			</trkpt>
			<trkpt lat="46.6563758769" lon="8.1024412372">
				<ele>1944.3</ele>
				<extensions>
					<swisstopo:routepoint_id>1731589886</swisstopo:routepoint_id>
				</extensions>
			</trkpt>
			<trkpt lat="46.6563352775" lon="8.1024445003">
				<ele>1945.5</ele>
				<extensions>
					<swisstopo:routepoint_id>201601315</swisstopo:routepoint_id>
				</extensions>
			</trkpt>
			<trkpt lat="46.6563095665" lon="8.1024741550">
				<ele>1947.1</ele>
				<extensions>
					<swisstopo:routepoint_id>1988418047</swisstopo:routepoint_id>
				</extensions>
			</trkpt>
			<trkpt lat="46.6562836978" lon="8.1025199293">
				<ele>1948.0</ele>
				<extensions>
					<swisstopo:routepoint_id>775573670</swisstopo:routepoint_id>
				</extensions>
			</trkpt>
			<trkpt lat="46.6562614197" lon="8.1025484371">
				<ele>1948.8</ele>
				<extensions>
					<swisstopo:routepoint_id>778568063</swisstopo:routepoint_id>
				</extensions>
			</trkpt>
			<trkpt lat="46.6562234145" lon="8.1025633078">
				<ele>1949.6</ele>
				<extensions>
					<swisstopo:routepoint_id>49238994</swisstopo:routepoint_id>
				</extensions>
			</trkpt>
			<trkpt lat="46.6561901208" lon="8.1025340118">
				<ele>1950.5</ele>
				<extensions>
					<swisstopo:routepoint_id>554538482</swisstopo:routepoint_id>
				</extensions>
			</trkpt>
			<trkpt lat="46.6561749645" lon="8.1025336292">
				<ele>1950.8</ele>
				<extensions>
					<swisstopo:routepoint_id>832602962</swisstopo:routepoint_id>
				</extensions>
			</trkpt>
			<trkpt lat="46.6561537701" lon="8.1025227859">
				<ele>1951.4</ele>
				<extensions>
					<swisstopo:routepoint_id>623199283</swisstopo:routepoint_id>
				</extensions>
			</trkpt>
			<trkpt lat="46.6561270573" lon="8.1024911018">
				<ele>1951.9</ele>
				<extensions>
					<swisstopo:routepoint_id>909654268</swisstopo:routepoint_id>
				</extensions>
			</trkpt>
			<trkpt lat="46.6560953394" lon="8.1024661496">
				<ele>1952.3</ele>
				<extensions>
					<swisstopo:routepoint_id>203341235</swisstopo:routepoint_id>
				</extensions>
			</trkpt>
			<trkpt lat="46.6560658046" lon="8.1024694313">
				<ele>1953.6</ele>
				<extensions>
					<swisstopo:routepoint_id>1452665254</swisstopo:routepoint_id>
				</extensions>
			</trkpt>
			<trkpt lat="46.6560495397" lon="8.1024972159">
				<ele>1954.2</ele>
				<extensions>
					<swisstopo:routepoint_id>2076272651</swisstopo:routepoint_id>
				</extensions>
			</trkpt>
			<trkpt lat="46.6560230179" lon="8.1025657414">
				<ele>1955.9</ele>
				<extensions>
					<swisstopo:routepoint_id>851859479</swisstopo:routepoint_id>
				</extensions>
			</trkpt>
			<trkpt lat="46.6559930344" lon="8.1026135943">
				<ele>1956.7</ele>
				<extensions>
					<swisstopo:routepoint_id>772567263</swisstopo:routepoint_id>
				</extensions>
			</trkpt>
			<trkpt lat="46.6559686971" lon="8.1026294955">
				<ele>1957.2</ele>
				<extensions>
					<swisstopo:routepoint_id>1110139257</swisstopo:routepoint_id>
				</extensions>
			</trkpt>
			<trkpt lat="46.6559392642" lon="8.1026228621">
				<ele>1957.4</ele>
				<extensions>
					<swisstopo:routepoint_id>1210716826</swisstopo:routepoint_id>
				</extensions>
			</trkpt>
			<trkpt lat="46.6559251147" lon="8.1026042275">
				<ele>1957.8</ele>
				<extensions>
					<swisstopo:routepoint_id>1851888571</swisstopo:routepoint_id>
				</extensions>
			</trkpt>
			<trkpt lat="46.6559155335" lon="8.1025780713">
				<ele>1958.3</ele>
				<extensions>
					<swisstopo:routepoint_id>911388425</swisstopo:routepoint_id>
				</extensions>
			</trkpt>
			<trkpt lat="46.6559013768" lon="8.1025606647">
				<ele>1958.5</ele>
				<extensions>
					<swisstopo:routepoint_id>418255808</swisstopo:routepoint_id>
				</extensions>
			</trkpt>
			<trkpt lat="46.6558895754" lon="8.1025529031">
				<ele>1958.6</ele>
				<extensions>
					<swisstopo:routepoint_id>710443704</swisstopo:routepoint_id>
				</extensions>
			</trkpt>
			<trkpt lat="46.6558711999" lon="8.1025475161">
				<ele>1958.7</ele>
				<extensions>
					<swisstopo:routepoint_id>182757902</swisstopo:routepoint_id>
				</extensions>
			</trkpt>
			<trkpt lat="46.6558572633" lon="8.1025078239">
				<ele>1959.1</ele>
				<extensions>
					<swisstopo:routepoint_id>1741686937</swisstopo:routepoint_id>
				</extensions>
			</trkpt>
			<trkpt lat="46.6558530198" lon="8.1024427090">
				<ele>1960.3</ele>
				<extensions>
					<swisstopo:routepoint_id>2003970234</swisstopo:routepoint_id>
				</extensions>
			</trkpt>
			<trkpt lat="46.6558539720" lon="8.1023889856">
				<ele>1960.9</ele>
				<extensions>
					<swisstopo:routepoint_id>1247824227</swisstopo:routepoint_id>
				</extensions>
			</trkpt>
			<trkpt lat="46.6558429168" lon="8.1023485445">
				<ele>1961.4</ele>
				<extensions>
					<swisstopo:routepoint_id>1306043802</swisstopo:routepoint_id>
				</extensions>
			</trkpt>
			<trkpt lat="46.6558250639" lon="8.1023107638">
				<ele>1962.3</ele>
				<extensions>
					<swisstopo:routepoint_id>1839883565</swisstopo:routepoint_id>
				</extensions>
			</trkpt>
			<trkpt lat="46.6558201191" lon="8.1022796741">
				<ele>1962.3</ele>
				<extensions>
					<swisstopo:routepoint_id>1668827055</swisstopo:routepoint_id>
				</extensions>
			</trkpt>
			<trkpt lat="46.6557893899" lon="8.1021574023">
				<ele>1963.0</ele>
				<extensions>
					<swisstopo:routepoint_id>920449428</swisstopo:routepoint_id>
				</extensions>
			</trkpt>
			<trkpt lat="46.6557783947" lon="8.1020682178">
				<ele>1962.3</ele>
				<extensions>
					<swisstopo:routepoint_id>1849315837</swisstopo:routepoint_id>
				</extensions>
			</trkpt>
			<trkpt lat="46.6557998213" lon="8.1018785981">
				<ele>1961.8</ele>
				<extensions>
					<swisstopo:routepoint_id>1131796988</swisstopo:routepoint_id>
				</extensions>
			</trkpt>
			<trkpt lat="46.6557413141" lon="8.1018844113">
				<ele>1961.3</ele>
				<extensions>
					<swisstopo:routepoint_id>114552100</swisstopo:routepoint_id>
				</extensions>
			</trkpt>
			<trkpt lat="46.6556802080" lon="8.1018809559">
				<ele>1960.5</ele>
				<extensions>
					<swisstopo:routepoint_id>1999273587</swisstopo:routepoint_id>
				</extensions>
			</trkpt>
			<trkpt lat="46.6555405683" lon="8.1018864513">
				<ele>1959.1</ele>
				<extensions>
					<swisstopo:routepoint_id>556060012</swisstopo:routepoint_id>
				</extensions>
			</trkpt>
			<trkpt lat="46.6555456904" lon="8.1018565960">
				<ele>1959.1</ele>
				<extensions>
					<swisstopo:routepoint_id>738306454</swisstopo:routepoint_id>
				</extensions>
			</trkpt>
			<trkpt lat="46.6555725767" lon="8.1018182028">
				<ele>1958.1</ele>
				<extensions>
					<swisstopo:routepoint_id>1664033905</swisstopo:routepoint_id>
				</extensions>
			</trkpt>
			<trkpt lat="46.6556337426" lon="8.1017774738">
				<ele>1956.6</ele>
				<extensions>
					<swisstopo:routepoint_id>695696139</swisstopo:routepoint_id>
				</extensions>
			</trkpt>
			<trkpt lat="46.6556395189" lon="8.1017664924">
				<ele>1956.2</ele>
				<extensions>
					<swisstopo:routepoint_id>293664135</swisstopo:routepoint_id>
				</extensions>
			</trkpt>
			<trkpt lat="46.6556358281" lon="8.1017470852">
				<ele>1955.3</ele>
				<extensions>
					<swisstopo:routepoint_id>921006473</swisstopo:routepoint_id>
				</extensions>
			</trkpt>
			<trkpt lat="46.6556149900" lon="8.1017274669">
				<ele>1954.7</ele>
				<extensions>
					<swisstopo:routepoint_id>514980669</swisstopo:routepoint_id>
				</extensions>
			</trkpt>
			<trkpt lat="46.6555809270" lon="8.1016911077">
				<ele>1953.5</ele>
				<extensions>
					<swisstopo:routepoint_id>1931066540</swisstopo:routepoint_id>
				</extensions>
			</trkpt>
			<trkpt lat="46.6555619578" lon="8.1016798085">
				<ele>1953.0</ele>
				<extensions>
					<swisstopo:routepoint_id>602437614</swisstopo:routepoint_id>
				</extensions>
			</trkpt>
			<trkpt lat="46.6554915711" lon="8.1016678781">
				<ele>1951.0</ele>
				<extensions>
					<swisstopo:routepoint_id>404054604</swisstopo:routepoint_id>
				</extensions>
			</trkpt>
			<trkpt lat="46.6554800185" lon="8.1016513268">
				<ele>1950.5</ele>
				<extensions>
					<swisstopo:routepoint_id>841410357</swisstopo:routepoint_id>
				</extensions>
			</trkpt>
			<trkpt lat="46.6554586078" lon="8.1016206754">
				<ele>1949.7</ele>
				<extensions>
					<swisstopo:routepoint_id>1587120592</swisstopo:routepoint_id>
				</extensions>
			</trkpt>
			<trkpt lat="46.6554115513" lon="8.1014983477">
				<ele>1947.2</ele>
				<extensions>
					<swisstopo:routepoint_id>54525802</swisstopo:routepoint_id>
				</extensions>
			</trkpt>
			<trkpt lat="46.6553396787" lon="8.1013289179">
				<ele>1944.8</ele>
				<extensions>
					<swisstopo:routepoint_id>1115974100</swisstopo:routepoint_id>
				</extensions>
			</trkpt>
			<trkpt lat="46.6552765060" lon="8.1011997299">
				<ele>1944.6</ele>
				<extensions>
					<swisstopo:routepoint_id>306466458</swisstopo:routepoint_id>
				</extensions>
			</trkpt>
			<trkpt lat="46.6552285229" lon="8.1010822123">
				<ele>1945.3</ele>
				<extensions>
					<swisstopo:routepoint_id>1965425116</swisstopo:routepoint_id>
				</extensions>
			</trkpt>
			<trkpt lat="46.6551948747" lon="8.1011058774">
				<ele>1945.7</ele>
				<extensions>
					<swisstopo:routepoint_id>768800324</swisstopo:routepoint_id>
				</extensions>
			</trkpt>
			<trkpt lat="46.6551903941" lon="8.1010874013">
				<ele>1945.7</ele>
				<extensions>
					<swisstopo:routepoint_id>912601714</swisstopo:routepoint_id>
				</extensions>
			</trkpt>
			<trkpt lat="46.6551090466" lon="8.1009602119">
				<ele>1942.1</ele>
				<extensions>
					<swisstopo:routepoint_id>2071129591</swisstopo:routepoint_id>
				</extensions>
			</trkpt>
			<trkpt lat="46.6550337095" lon="8.1008206720">
				<ele>1941.1</ele>
				<extensions>
					<swisstopo:routepoint_id>102213992</swisstopo:routepoint_id>
				</extensions>
			</trkpt>
			<trkpt lat="46.6549837769" lon="8.1007240873">
				<ele>1940.9</ele>
				<extensions>
					<swisstopo:routepoint_id>1492013373</swisstopo:routepoint_id>
				</extensions>
			</trkpt>
			<trkpt lat="46.6549718225" lon="8.1006912530">
				<ele>1940.9</ele>
				<extensions>
					<swisstopo:routepoint_id>1921669458</swisstopo:routepoint_id>
				</extensions>
			</trkpt>
			<trkpt lat="46.6549570350" lon="8.1005903831">
				<ele>1940.5</ele>
				<extensions>
					<swisstopo:routepoint_id>1287812332</swisstopo:routepoint_id>
				</extensions>
			</trkpt>
			<trkpt lat="46.6549262279" lon="8.1004612149">
				<ele>1939.2</ele>
				<extensions>
					<swisstopo:routepoint_id>1711725992</swisstopo:routepoint_id>
				</extensions>
			</trkpt>
			<trkpt lat="46.6548771999" lon="8.1003498658">
				<ele>1937.6</ele>
				<extensions>
					<swisstopo:routepoint_id>2115769974</swisstopo:routepoint_id>
				</extensions>
			</trkpt>
			<trkpt lat="46.6548061539" lon="8.1002597769">
				<ele>1935.5</ele>
				<extensions>
					<swisstopo:routepoint_id>1393236745</swisstopo:routepoint_id>
				</extensions>
			</trkpt>
			<trkpt lat="46.6547438138" lon="8.1002036843">
				<ele>1934.4</ele>
				<extensions>
					<swisstopo:routepoint_id>1404565567</swisstopo:routepoint_id>
				</extensions>
			</trkpt>
			<trkpt lat="46.6546549104" lon="8.1001180674">
				<ele>1933.0</ele>
				<extensions>
					<swisstopo:routepoint_id>486771570</swisstopo:routepoint_id>
				</extensions>
			</trkpt>
			<trkpt lat="46.6546144728" lon="8.1000594741">
				<ele>1932.8</ele>
				<extensions>
					<swisstopo:routepoint_id>435863241</swisstopo:routepoint_id>
				</extensions>
			</trkpt>
			<trkpt lat="46.6545788754" lon="8.1000035792">
				<ele>1932.6</ele>
				<extensions>
					<swisstopo:routepoint_id>1524743156</swisstopo:routepoint_id>
				</extensions>
			</trkpt>
			<trkpt lat="46.6545265285" lon="8.0999493340">
				<ele>1932.6</ele>
				<extensions>
					<swisstopo:routepoint_id>99498246</swisstopo:routepoint_id>
				</extensions>
			</trkpt>
			<trkpt lat="46.6544900701" lon="8.0999024955">
				<ele>1932.4</ele>
				<extensions>
					<swisstopo:routepoint_id>716302304</swisstopo:routepoint_id>
				</extensions>
			</trkpt>
			<trkpt lat="46.6544499707" lon="8.0998321879">
				<ele>1931.1</ele>
				<extensions>
					<swisstopo:routepoint_id>845645450</swisstopo:routepoint_id>
				</extensions>
			</trkpt>
			<trkpt lat="46.6544250374" lon="8.0997571539">
				<ele>1930.8</ele>
				<extensions>
					<swisstopo:routepoint_id>211259363</swisstopo:routepoint_id>
				</extensions>
			</trkpt>
			<trkpt lat="46.6544066467" lon="8.0996696322">
				<ele>1930.2</ele>
				<extensions>
					<swisstopo:routepoint_id>2143918568</swisstopo:routepoint_id>
				</extensions>
			</trkpt>
			<trkpt lat="46.6543712152" lon="8.0995419901">
				<ele>1929.6</ele>
				<extensions>
					<swisstopo:routepoint_id>592995064</swisstopo:routepoint_id>
				</extensions>
			</trkpt>
			<trkpt lat="46.6543395944" lon="8.0994116381">
				<ele>1929.5</ele>
				<extensions>
					<swisstopo:routepoint_id>434208510</swisstopo:routepoint_id>
				</extensions>
			</trkpt>
			<trkpt lat="46.6543228113" lon="8.0993505919">
				<ele>1929.2</ele>
				<extensions>
					<swisstopo:routepoint_id>874633175</swisstopo:routepoint_id>
				</extensions>
			</trkpt>
			<trkpt lat="46.6542982902" lon="8.0993115818">
				<ele>1928.8</ele>
				<extensions>
					<swisstopo:routepoint_id>1439672332</swisstopo:routepoint_id>
				</extensions>
			</trkpt>
			<trkpt lat="46.6542609617" lon="8.0992875044">
				<ele>1927.2</ele>
				<extensions>
					<swisstopo:routepoint_id>1515219894</swisstopo:routepoint_id>
				</extensions>
			</trkpt>
			<trkpt lat="46.6542137428" lon="8.0992752729">
				<ele>1925.2</ele>
				<extensions>
					<swisstopo:routepoint_id>620939981</swisstopo:routepoint_id>
				</extensions>
			</trkpt>
			<trkpt lat="46.6541289212" lon="8.0992733199">
				<ele>1923.3</ele>
				<extensions>
					<swisstopo:routepoint_id>894832446</swisstopo:routepoint_id>
				</extensions>
			</trkpt>
			<trkpt lat="46.6540396062" lon="8.0992990083">
				<ele>1920.5</ele>
				<extensions>
					<swisstopo:routepoint_id>1357259840</swisstopo:routepoint_id>
				</extensions>
			</trkpt>
			<trkpt lat="46.6540102823" lon="8.0992765837">
				<ele>1919.7</ele>
				<extensions>
					<swisstopo:routepoint_id>1738945809</swisstopo:routepoint_id>
				</extensions>
			</trkpt>
			<trkpt lat="46.6539809064" lon="8.0992218765">
				<ele>1918.3</ele>
				<extensions>
					<swisstopo:routepoint_id>1403563951</swisstopo:routepoint_id>
				</extensions>
			</trkpt>
			<trkpt lat="46.6539723766" lon="8.0991585410">
				<ele>1916.9</ele>
				<extensions>
					<swisstopo:routepoint_id>544013890</swisstopo:routepoint_id>
				</extensions>
			</trkpt>
			<trkpt lat="46.6539739269" lon="8.0990972490">
				<ele>1916.5</ele>
				<extensions>
					<swisstopo:routepoint_id>279983381</swisstopo:routepoint_id>
				</extensions>
			</trkpt>
			<trkpt lat="46.6539742787" lon="8.0990366089">
				<ele>1915.7</ele>
				<extensions>
					<swisstopo:routepoint_id>1763030841</swisstopo:routepoint_id>
				</extensions>
			</trkpt>
			<trkpt lat="46.6539559651" lon="8.0989091906">
				<ele>1913.5</ele>
				<extensions>
					<swisstopo:routepoint_id>1308885466</swisstopo:routepoint_id>
				</extensions>
			</trkpt>
			<trkpt lat="46.6539716208" lon="8.0988374762">
				<ele>1912.8</ele>
				<extensions>
					<swisstopo:routepoint_id>1187857254</swisstopo:routepoint_id>
				</extensions>
			</trkpt>
			<trkpt lat="46.6539565422" lon="8.0988096478">
				<ele>1911.8</ele>
				<extensions>
					<swisstopo:routepoint_id>1664188426</swisstopo:routepoint_id>
				</extensions>
			</trkpt>
			<trkpt lat="46.6539260845" lon="8.0988092752">
				<ele>1911.1</ele>
				<extensions>
					<swisstopo:routepoint_id>2029775803</swisstopo:routepoint_id>
				</extensions>
			</trkpt>
			<trkpt lat="46.6538417420" lon="8.0989050235">
				<ele>1908.9</ele>
				<extensions>
					<swisstopo:routepoint_id>1541320731</swisstopo:routepoint_id>
				</extensions>
			</trkpt>
			<trkpt lat="46.6537764185" lon="8.0990065435">
				<ele>1906.9</ele>
				<extensions>
					<swisstopo:routepoint_id>1721962929</swisstopo:routepoint_id>
				</extensions>
			</trkpt>
			<trkpt lat="46.6537208606" lon="8.0990639339">
				<ele>1905.7</ele>
				<extensions>
					<swisstopo:routepoint_id>414981934</swisstopo:routepoint_id>
				</extensions>
			</trkpt>
			<trkpt lat="46.6536975473" lon="8.0991438369">
				<ele>1904.2</ele>
				<extensions>
					<swisstopo:routepoint_id>1468266173</swisstopo:routepoint_id>
				</extensions>
			</trkpt>
			<trkpt lat="46.6536416058" lon="8.0992703585">
				<ele>1901.6</ele>
				<extensions>
					<swisstopo:routepoint_id>98983793</swisstopo:routepoint_id>
				</extensions>
			</trkpt>
			<trkpt lat="46.6536234724" lon="8.0993053838">
				<ele>1901.3</ele>
				<extensions>
					<swisstopo:routepoint_id>85997232</swisstopo:routepoint_id>
				</extensions>
			</trkpt>
			<trkpt lat="46.6535949009" lon="8.0993379819">
				<ele>1900.7</ele>
				<extensions>
					<swisstopo:routepoint_id>899017132</swisstopo:routepoint_id>
				</extensions>
			</trkpt>
			<trkpt lat="46.6535608110" lon="8.0993451157">
				<ele>1899.3</ele>
				<extensions>
					<swisstopo:routepoint_id>361523785</swisstopo:routepoint_id>
				</extensions>
			</trkpt>
			<trkpt lat="46.6534942268" lon="8.0993212814">
				<ele>1897.7</ele>
				<extensions>
					<swisstopo:routepoint_id>936471064</swisstopo:routepoint_id>
				</extensions>
			</trkpt>
			<trkpt lat="46.6534444742" lon="8.0992835569">
				<ele>1895.6</ele>
				<extensions>
					<swisstopo:routepoint_id>476266319</swisstopo:routepoint_id>
				</extensions>
			</trkpt>
			<trkpt lat="46.6534251956" lon="8.0992540048">
				<ele>1895.0</ele>
				<extensions>
					<swisstopo:routepoint_id>2113907641</swisstopo:routepoint_id>
				</extensions>
			</trkpt>
			<trkpt lat="46.6534206423" lon="8.0992048801">
				<ele>1894.2</ele>
				<extensions>
					<swisstopo:routepoint_id>199707465</swisstopo:routepoint_id>
				</extensions>
			</trkpt>
			<trkpt lat="46.6534133019" lon="8.0991224205">
				<ele>1892.7</ele>
				<extensions>
					<swisstopo:routepoint_id>2051026787</swisstopo:routepoint_id>
				</extensions>
			</trkpt>
			<trkpt lat="46.6533841782" lon="8.0990253500">
				<ele>1890.2</ele>
				<extensions>
					<swisstopo:routepoint_id>580851086</swisstopo:routepoint_id>
				</extensions>
			</trkpt>
			<trkpt lat="46.6533702171" lon="8.0989680628">
				<ele>1888.7</ele>
				<extensions>
					<swisstopo:routepoint_id>673910252</swisstopo:routepoint_id>
				</extensions>
			</trkpt>
			<trkpt lat="46.6533471408" lon="8.0989419395">
				<ele>1887.9</ele>
				<extensions>
					<swisstopo:routepoint_id>647466743</swisstopo:routepoint_id>
				</extensions>
			</trkpt>
			<trkpt lat="46.6532603235" lon="8.0989122667">
				<ele>1885.7</ele>
				<extensions>
					<swisstopo:routepoint_id>125256229</swisstopo:routepoint_id>
				</extensions>
			</trkpt>
			<trkpt lat="46.6532133872" lon="8.0989005357">
				<ele>1884.9</ele>
				<extensions>
					<swisstopo:routepoint_id>1749477679</swisstopo:routepoint_id>
				</extensions>
			</trkpt>
			<trkpt lat="46.6531531950" lon="8.0988897921">
				<ele>1883.3</ele>
				<extensions>
					<swisstopo:routepoint_id>1384909695</swisstopo:routepoint_id>
				</extensions>
			</trkpt>
			<trkpt lat="46.6530945879" lon="8.0988416914">
				<ele>1881.4</ele>
				<extensions>
					<swisstopo:routepoint_id>1463212956</swisstopo:routepoint_id>
				</extensions>
			</trkpt>
			<trkpt lat="46.6530653387" lon="8.0988078634">
				<ele>1880.7</ele>
				<extensions>
					<swisstopo:routepoint_id>1814593829</swisstopo:routepoint_id>
				</extensions>
			</trkpt>
			<trkpt lat="46.6530611684" lon="8.0987858256">
				<ele>1880.3</ele>
				<extensions>
					<swisstopo:routepoint_id>1127195088</swisstopo:routepoint_id>
				</extensions>
			</trkpt>
			<trkpt lat="46.6530641090" lon="8.0987453237">
				<ele>1879.3</ele>
				<extensions>
					<swisstopo:routepoint_id>976126303</swisstopo:routepoint_id>
				</extensions>
			</trkpt>
			<trkpt lat="46.6530559630" lon="8.0987074558">
				<ele>1878.2</ele>
				<extensions>
					<swisstopo:routepoint_id>1116540027</swisstopo:routepoint_id>
				</extensions>
			</trkpt>
			<trkpt lat="46.6530324295" lon="8.0986689033">
				<ele>1877.4</ele>
				<extensions>
					<swisstopo:routepoint_id>1456936103</swisstopo:routepoint_id>
				</extensions>
			</trkpt>
			<trkpt lat="46.6530176665" lon="8.0986116327">
				<ele>1876.9</ele>
				<extensions>
					<swisstopo:routepoint_id>877505036</swisstopo:routepoint_id>
				</extensions>
			</trkpt>
			<trkpt lat="46.6529757649" lon="8.0985073001">
				<ele>1874.8</ele>
				<extensions>
					<swisstopo:routepoint_id>1118706303</swisstopo:routepoint_id>
				</extensions>
			</trkpt>
			<trkpt lat="46.6529497947" lon="8.0983908431">
				<ele>1872.4</ele>
				<extensions>
					<swisstopo:routepoint_id>168982691</swisstopo:routepoint_id>
				</extensions>
			</trkpt>
			<trkpt lat="46.6528800717" lon="8.0982627861">
				<ele>1869.7</ele>
				<extensions>
					<swisstopo:routepoint_id>1234809957</swisstopo:routepoint_id>
				</extensions>
			</trkpt>
			<trkpt lat="46.6528372833" lon="8.0980908238">
				<ele>1866.6</ele>
				<extensions>
					<swisstopo:routepoint_id>1542551163</swisstopo:routepoint_id>
				</extensions>
			</trkpt>
			<trkpt lat="46.6528185363" lon="8.0980380512">
				<ele>1865.7</ele>
				<extensions>
					<swisstopo:routepoint_id>1760422726</swisstopo:routepoint_id>
				</extensions>
			</trkpt>
			<trkpt lat="46.6527738683" lon="8.0980073928">
				<ele>1864.2</ele>
				<extensions>
					<swisstopo:routepoint_id>950098253</swisstopo:routepoint_id>
				</extensions>
			</trkpt>
			<trkpt lat="46.6527387163" lon="8.0979696264">
				<ele>1863.5</ele>
				<extensions>
					<swisstopo:routepoint_id>2009034062</swisstopo:routepoint_id>
				</extensions>
			</trkpt>
			<trkpt lat="46.6526745916" lon="8.0979389916">
				<ele>1862.4</ele>
				<extensions>
					<swisstopo:routepoint_id>644096306</swisstopo:routepoint_id>
				</extensions>
			</trkpt>
			<trkpt lat="46.6526403675" lon="8.0978976179">
				<ele>1861.3</ele>
				<extensions>
					<swisstopo:routepoint_id>641331857</swisstopo:routepoint_id>
				</extensions>
			</trkpt>
			<trkpt lat="46.6525664489" lon="8.0978386455">
				<ele>1859.3</ele>
				<extensions>
					<swisstopo:routepoint_id>188120263</swisstopo:routepoint_id>
				</extensions>
			</trkpt>
			<trkpt lat="46.6524637597" lon="8.0978152608">
				<ele>1856.8</ele>
				<extensions>
					<swisstopo:routepoint_id>248402233</swisstopo:routepoint_id>
				</extensions>
			</trkpt>
			<trkpt lat="46.6523611848" lon="8.0977725298">
				<ele>1854.3</ele>
				<extensions>
					<swisstopo:routepoint_id>1498794049</swisstopo:routepoint_id>
				</extensions>
			</trkpt>
			<trkpt lat="46.6523384485" lon="8.0977529045">
				<ele>1853.6</ele>
				<extensions>
					<swisstopo:routepoint_id>1401121972</swisstopo:routepoint_id>
				</extensions>
			</trkpt>
			<trkpt lat="46.6523309816" lon="8.0977251570">
				<ele>1852.8</ele>
				<extensions>
					<swisstopo:routepoint_id>747173083</swisstopo:routepoint_id>
				</extensions>
			</trkpt>
			<trkpt lat="46.6523226263" lon="8.0976114382">
				<ele>1850.2</ele>
				<extensions>
					<swisstopo:routepoint_id>324843851</swisstopo:routepoint_id>
				</extensions>
			</trkpt>
			<trkpt lat="46.6523108646" lon="8.0975838734">
				<ele>1849.8</ele>
				<extensions>
					<swisstopo:routepoint_id>1291167198</swisstopo:routepoint_id>
				</extensions>
			</trkpt>
			<trkpt lat="46.6522457030" lon="8.0974993774">
				<ele>1847.1</ele>
				<extensions>
					<swisstopo:routepoint_id>1622668293</swisstopo:routepoint_id>
				</extensions>
			</trkpt>
			<trkpt lat="46.6522282869" lon="8.0974465827">
				<ele>1845.7</ele>
				<extensions>
					<swisstopo:routepoint_id>760219128</swisstopo:routepoint_id>
				</extensions>
			</trkpt>
			<trkpt lat="46.6522022597" lon="8.0973735906">
				<ele>1844.2</ele>
				<extensions>
					<swisstopo:routepoint_id>1235611774</swisstopo:routepoint_id>
				</extensions>
			</trkpt>
			<trkpt lat="46.6521815949" lon="8.0973504504">
				<ele>1843.5</ele>
				<extensions>
					<swisstopo:routepoint_id>666666139</swisstopo:routepoint_id>
				</extensions>
			</trkpt>
			<trkpt lat="46.6521614201" lon="8.0972054174">
				<ele>1841.8</ele>
				<extensions>
					<swisstopo:routepoint_id>586901830</swisstopo:routepoint_id>
				</extensions>
			</trkpt>
			<trkpt lat="46.6521350444" lon="8.0970996178">
				<ele>1840.6</ele>
				<extensions>
					<swisstopo:routepoint_id>313462503</swisstopo:routepoint_id>
				</extensions>
			</trkpt>
			<trkpt lat="46.6521123220" lon="8.0970156612">
				<ele>1839.7</ele>
				<extensions>
					<swisstopo:routepoint_id>428825405</swisstopo:routepoint_id>
				</extensions>
			</trkpt>
			<trkpt lat="46.6520881247" lon="8.0969527769">
				<ele>1839.1</ele>
				<extensions>
					<swisstopo:routepoint_id>851378138</swisstopo:routepoint_id>
				</extensions>
			</trkpt>
			<trkpt lat="46.6519683097" lon="8.0967955445">
				<ele>1834.9</ele>
				<extensions>
					<swisstopo:routepoint_id>10528056</swisstopo:routepoint_id>
				</extensions>
			</trkpt>
			<trkpt lat="46.6519179419" lon="8.0967706604">
				<ele>1834.1</ele>
				<extensions>
					<swisstopo:routepoint_id>1957868891</swisstopo:routepoint_id>
				</extensions>
			</trkpt>
			<trkpt lat="46.6518597400" lon="8.0967439537">
				<ele>1832.2</ele>
				<extensions>
					<swisstopo:routepoint_id>1503751141</swisstopo:routepoint_id>
				</extensions>
			</trkpt>
			<trkpt lat="46.6518159239" lon="8.0967060971">
				<ele>1830.6</ele>
				<extensions>
					<swisstopo:routepoint_id>1825968053</swisstopo:routepoint_id>
				</extensions>
			</trkpt>
			<trkpt lat="46.6517798717" lon="8.0966386003">
				<ele>1829.2</ele>
				<extensions>
					<swisstopo:routepoint_id>299736724</swisstopo:routepoint_id>
				</extensions>
			</trkpt>
			<trkpt lat="46.6517243161" lon="8.0965773850">
				<ele>1826.9</ele>
				<extensions>
					<swisstopo:routepoint_id>1446282331</swisstopo:routepoint_id>
				</extensions>
			</trkpt>
			<trkpt lat="46.6516914385" lon="8.0965629668">
				<ele>1825.8</ele>
				<extensions>
					<swisstopo:routepoint_id>1230286121</swisstopo:routepoint_id>
				</extensions>
			</trkpt>
			<trkpt lat="46.6516722198" lon="8.0965697874">
				<ele>1825.2</ele>
				<extensions>
					<swisstopo:routepoint_id>268269082</swisstopo:routepoint_id>
				</extensions>
			</trkpt>
			<trkpt lat="46.6516376507" lon="8.0966114706">
				<ele>1824.2</ele>
				<extensions>
					<swisstopo:routepoint_id>1741819798</swisstopo:routepoint_id>
				</extensions>
			</trkpt>
			<trkpt lat="46.6515620008" lon="8.0966898969">
				<ele>1823.0</ele>
				<extensions>
					<swisstopo:routepoint_id>879566357</swisstopo:routepoint_id>
				</extensions>
			</trkpt>
			<trkpt lat="46.6515240538" lon="8.0967183443">
				<ele>1821.4</ele>
				<extensions>
					<swisstopo:routepoint_id>1818647844</swisstopo:routepoint_id>
				</extensions>
			</trkpt>
			<trkpt lat="46.6514886376" lon="8.0967213347">
				<ele>1821.1</ele>
				<extensions>
					<swisstopo:routepoint_id>281975818</swisstopo:routepoint_id>
				</extensions>
			</trkpt>
			<trkpt lat="46.6514598057" lon="8.0967089001">
				<ele>1820.1</ele>
				<extensions>
					<swisstopo:routepoint_id>1369617373</swisstopo:routepoint_id>
				</extensions>
			</trkpt>
			<trkpt lat="46.6513911611" lon="8.0966679055">
				<ele>1818.2</ele>
				<extensions>
					<swisstopo:routepoint_id>315170125</swisstopo:routepoint_id>
				</extensions>
			</trkpt>
			<trkpt lat="46.6513480104" lon="8.0966098989">
				<ele>1816.5</ele>
				<extensions>
					<swisstopo:routepoint_id>1265100896</swisstopo:routepoint_id>
				</extensions>
			</trkpt>
			<trkpt lat="46.6513380041" lon="8.0965668097">
				<ele>1816.1</ele>
				<extensions>
					<swisstopo:routepoint_id>2059523206</swisstopo:routepoint_id>
				</extensions>
			</trkpt>
			<trkpt lat="46.6513310737" lon="8.0965098204">
				<ele>1814.4</ele>
				<extensions>
					<swisstopo:routepoint_id>1586043110</swisstopo:routepoint_id>
				</extensions>
			</trkpt>
			<trkpt lat="46.6513280925" lon="8.0964216952">
				<ele>1813.3</ele>
				<extensions>
					<swisstopo:routepoint_id>1797735079</swisstopo:routepoint_id>
				</extensions>
			</trkpt>
			<trkpt lat="46.6513130936" lon="8.0963567428">
				<ele>1813.3</ele>
				<extensions>
					<swisstopo:routepoint_id>782717622</swisstopo:routepoint_id>
				</extensions>
			</trkpt>
			<trkpt lat="46.6512710264" lon="8.0962964645">
				<ele>1812.8</ele>
				<extensions>
					<swisstopo:routepoint_id>1689463408</swisstopo:routepoint_id>
				</extensions>
			</trkpt>
			<trkpt lat="46.6512350641" lon="8.0962600612">
				<ele>1812.2</ele>
				<extensions>
					<swisstopo:routepoint_id>2019299907</swisstopo:routepoint_id>
				</extensions>
			</trkpt>
			<trkpt lat="46.6511855848" lon="8.0961762957">
				<ele>1810.7</ele>
				<extensions>
					<swisstopo:routepoint_id>1549880910</swisstopo:routepoint_id>
				</extensions>
			</trkpt>
			<trkpt lat="46.6511584161" lon="8.0961609284">
				<ele>1810.2</ele>
				<extensions>
					<swisstopo:routepoint_id>2133648588</swisstopo:routepoint_id>
				</extensions>
			</trkpt>
			<trkpt lat="46.6511299425" lon="8.0961518554">
				<ele>1809.9</ele>
				<extensions>
					<swisstopo:routepoint_id>770982477</swisstopo:routepoint_id>
				</extensions>
			</trkpt>
			<trkpt lat="46.6510990657" lon="8.0961336857">
				<ele>1809.3</ele>
				<extensions>
					<swisstopo:routepoint_id>450062973</swisstopo:routepoint_id>
				</extensions>
			</trkpt>
			<trkpt lat="46.6510554576" lon="8.0961205485">
				<ele>1808.6</ele>
				<extensions>
					<swisstopo:routepoint_id>1614951858</swisstopo:routepoint_id>
				</extensions>
			</trkpt>
			<trkpt lat="46.6510253229" lon="8.0961015794">
				<ele>1807.9</ele>
				<extensions>
					<swisstopo:routepoint_id>2000640591</swisstopo:routepoint_id>
				</extensions>
			</trkpt>
			<trkpt lat="46.6509814332" lon="8.0960624025">
				<ele>1806.8</ele>
				<extensions>
					<swisstopo:routepoint_id>679233428</swisstopo:routepoint_id>
				</extensions>
			</trkpt>
			<trkpt lat="46.6509487485" lon="8.0960052292">
				<ele>1805.5</ele>
				<extensions>
					<swisstopo:routepoint_id>1743377528</swisstopo:routepoint_id>
				</extensions>
			</trkpt>
			<trkpt lat="46.6509041882" lon="8.0959248427">
				<ele>1803.4</ele>
				<extensions>
					<swisstopo:routepoint_id>1053210186</swisstopo:routepoint_id>
				</extensions>
			</trkpt>
			<trkpt lat="46.6508253663" lon="8.0958406935">
				<ele>1801.2</ele>
				<extensions>
					<swisstopo:routepoint_id>1224512941</swisstopo:routepoint_id>
				</extensions>
			</trkpt>
			<trkpt lat="46.6507639805" lon="8.0957795398">
				<ele>1798.3</ele>
				<extensions>
					<swisstopo:routepoint_id>1470358710</swisstopo:routepoint_id>
				</extensions>
			</trkpt>
			<trkpt lat="46.6507107384" lon="8.0957476040">
				<ele>1797.4</ele>
				<extensions>
					<swisstopo:routepoint_id>1033772420</swisstopo:routepoint_id>
				</extensions>
			</trkpt>
			<trkpt lat="46.6506765300" lon="8.0957018449">
				<ele>1796.3</ele>
				<extensions>
					<swisstopo:routepoint_id>1411188384</swisstopo:routepoint_id>
				</extensions>
			</trkpt>
			<trkpt lat="46.6506277925" lon="8.0955752282">
				<ele>1794.1</ele>
				<extensions>
					<swisstopo:routepoint_id>648021703</swisstopo:routepoint_id>
				</extensions>
			</trkpt>
			<trkpt lat="46.6505956539" lon="8.0955028571">
				<ele>1791.8</ele>
				<extensions>
					<swisstopo:routepoint_id>1542005157</swisstopo:routepoint_id>
				</extensions>
			</trkpt>
			<trkpt lat="46.6505393104" lon="8.0953972186">
				<ele>1790.3</ele>
				<extensions>
					<swisstopo:routepoint_id>1102007555</swisstopo:routepoint_id>
				</extensions>
			</trkpt>
			<trkpt lat="46.6505078176" lon="8.0953376590">
				<ele>1789.9</ele>
				<extensions>
					<swisstopo:routepoint_id>727478218</swisstopo:routepoint_id>
				</extensions>
			</trkpt>
			<trkpt lat="46.6504599100" lon="8.0952994389">
				<ele>1788.7</ele>
				<extensions>
					<swisstopo:routepoint_id>1434041557</swisstopo:routepoint_id>
				</extensions>
			</trkpt>
			<trkpt lat="46.6504362462" lon="8.0952924502">
				<ele>1788.0</ele>
				<extensions>
					<swisstopo:routepoint_id>1804498013</swisstopo:routepoint_id>
				</extensions>
			</trkpt>
			<trkpt lat="46.6503799926" lon="8.0952959596">
				<ele>1786.3</ele>
				<extensions>
					<swisstopo:routepoint_id>491650746</swisstopo:routepoint_id>
				</extensions>
			</trkpt>
			<trkpt lat="46.6503534862" lon="8.0952827044">
				<ele>1786.0</ele>
				<extensions>
					<swisstopo:routepoint_id>879364200</swisstopo:routepoint_id>
				</extensions>
			</trkpt>
			<trkpt lat="46.6503242274" lon="8.0952460190">
				<ele>1785.3</ele>
				<extensions>
					<swisstopo:routepoint_id>1707357402</swisstopo:routepoint_id>
				</extensions>
			</trkpt>
			<trkpt lat="46.6502785028" lon="8.0952114311">
				<ele>1783.8</ele>
				<extensions>
					<swisstopo:routepoint_id>539176585</swisstopo:routepoint_id>
				</extensions>
			</trkpt>
			<trkpt lat="46.6502574292" lon="8.0951749106">
				<ele>1782.8</ele>
				<extensions>
					<swisstopo:routepoint_id>843973860</swisstopo:routepoint_id>
				</extensions>
			</trkpt>
			<trkpt lat="46.6502305691" lon="8.0951169101">
				<ele>1781.5</ele>
				<extensions>
					<swisstopo:routepoint_id>1523873026</swisstopo:routepoint_id>
				</extensions>
			</trkpt>
			<trkpt lat="46.6501763997" lon="8.0950804049">
				<ele>1780.1</ele>
				<extensions>
					<swisstopo:routepoint_id>506711283</swisstopo:routepoint_id>
				</extensions>
			</trkpt>
			<trkpt lat="46.6500937864" lon="8.0950670541">
				<ele>1778.0</ele>
				<extensions>
					<swisstopo:routepoint_id>1541868976</swisstopo:routepoint_id>
				</extensions>
			</trkpt>
			<trkpt lat="46.6500438141" lon="8.0950670746">
				<ele>1777.0</ele>
				<extensions>
					<swisstopo:routepoint_id>1663187304</swisstopo:routepoint_id>
				</extensions>
			</trkpt>
			<trkpt lat="46.6499773441" lon="8.0950186101">
				<ele>1774.7</ele>
				<extensions>
					<swisstopo:routepoint_id>1694754495</swisstopo:routepoint_id>
				</extensions>
			</trkpt>
			<trkpt lat="46.6499473570" lon="8.0949896246">
				<ele>1774.3</ele>
				<extensions>
					<swisstopo:routepoint_id>191505043</swisstopo:routepoint_id>
				</extensions>
			</trkpt>
			<trkpt lat="46.6499349948" lon="8.0949400164">
				<ele>1773.4</ele>
				<extensions>
					<swisstopo:routepoint_id>1549772158</swisstopo:routepoint_id>
				</extensions>
			</trkpt>
			<trkpt lat="46.6498844261" lon="8.0948624711">
				<ele>1772.3</ele>
				<extensions>
					<swisstopo:routepoint_id>2111288277</swisstopo:routepoint_id>
				</extensions>
			</trkpt>
			<trkpt lat="46.6498382592" lon="8.0947969201">
				<ele>1771.2</ele>
				<extensions>
					<swisstopo:routepoint_id>426760230</swisstopo:routepoint_id>
				</extensions>
			</trkpt>
			<trkpt lat="46.6498062678" lon="8.0947301685">
				<ele>1770.3</ele>
				<extensions>
					<swisstopo:routepoint_id>1655454566</swisstopo:routepoint_id>
				</extensions>
			</trkpt>
			<trkpt lat="46.6497968571" lon="8.0946647648">
				<ele>1769.0</ele>
				<extensions>
					<swisstopo:routepoint_id>1587296800</swisstopo:routepoint_id>
				</extensions>
			</trkpt>
			<trkpt lat="46.6497918257" lon="8.0946059061">
				<ele>1768.5</ele>
				<extensions>
					<swisstopo:routepoint_id>1052178714</swisstopo:routepoint_id>
				</extensions>
			</trkpt>
			<trkpt lat="46.6497343665" lon="8.0944439276">
				<ele>1764.5</ele>
				<extensions>
					<swisstopo:routepoint_id>2079698698</swisstopo:routepoint_id>
				</extensions>
			</trkpt>
			<trkpt lat="46.6496999899" lon="8.0943507864">
				<ele>1763.3</ele>
				<extensions>
					<swisstopo:routepoint_id>1179853407</swisstopo:routepoint_id>
				</extensions>
			</trkpt>
			<trkpt lat="46.6496570803" lon="8.0942866343">
				<ele>1761.8</ele>
				<extensions>
					<swisstopo:routepoint_id>1266813395</swisstopo:routepoint_id>
				</extensions>
			</trkpt>
			<trkpt lat="46.6496295728" lon="8.0942675679">
				<ele>1760.7</ele>
				<extensions>
					<swisstopo:routepoint_id>483824591</swisstopo:routepoint_id>
				</extensions>
			</trkpt>
			<trkpt lat="46.6495671317" lon="8.0942411133">
				<ele>1759.5</ele>
				<extensions>
					<swisstopo:routepoint_id>970721550</swisstopo:routepoint_id>
				</extensions>
			</trkpt>
			<trkpt lat="46.6495342469" lon="8.0942544564">
				<ele>1758.6</ele>
				<extensions>
					<swisstopo:routepoint_id>494539920</swisstopo:routepoint_id>
				</extensions>
			</trkpt>
			<trkpt lat="46.6495039298" lon="8.0942546112">
				<ele>1757.6</ele>
				<extensions>
					<swisstopo:routepoint_id>2025873015</swisstopo:routepoint_id>
				</extensions>
			</trkpt>
			<trkpt lat="46.6494132769" lon="8.0942064172">
				<ele>1754.1</ele>
				<extensions>
					<swisstopo:routepoint_id>1102291891</swisstopo:routepoint_id>
				</extensions>
			</trkpt>
			<trkpt lat="46.6493372334" lon="8.0941769895">
				<ele>1752.3</ele>
				<extensions>
					<swisstopo:routepoint_id>1677855064</swisstopo:routepoint_id>
				</extensions>
			</trkpt>
			<trkpt lat="46.6492936993" lon="8.0941322018">
				<ele>1751.4</ele>
				<extensions>
					<swisstopo:routepoint_id>1085405126</swisstopo:routepoint_id>
				</extensions>
			</trkpt>
			<trkpt lat="46.6492429280" lon="8.0940209932">
				<ele>1750.0</ele>
				<extensions>
					<swisstopo:routepoint_id>1651916106</swisstopo:routepoint_id>
				</extensions>
			</trkpt>
			<trkpt lat="46.6492055742" lon="8.0938933557">
				<ele>1748.2</ele>
				<extensions>
					<swisstopo:routepoint_id>1692198361</swisstopo:routepoint_id>
				</extensions>
			</trkpt>
			<trkpt lat="46.6491796534" lon="8.0937658332">
				<ele>1746.2</ele>
				<extensions>
					<swisstopo:routepoint_id>1080550599</swisstopo:routepoint_id>
				</extensions>
			</trkpt>
			<trkpt lat="46.6491484175" lon="8.0935691539">
				<ele>1742.8</ele>
				<extensions>
					<swisstopo:routepoint_id>2145503568</swisstopo:routepoint_id>
				</extensions>
			</trkpt>
			<trkpt lat="46.6491246329" lon="8.0934001807">
				<ele>1740.6</ele>
				<extensions>
					<swisstopo:routepoint_id>1848238768</swisstopo:routepoint_id>
				</extensions>
			</trkpt>
			<trkpt lat="46.6491199064" lon="8.0932287097">
				<ele>1739.1</ele>
				<extensions>
					<swisstopo:routepoint_id>130055281</swisstopo:routepoint_id>
				</extensions>
			</trkpt>
			<trkpt lat="46.6491263815" lon="8.0930960665">
				<ele>1737.4</ele>
				<extensions>
					<swisstopo:routepoint_id>1469654725</swisstopo:routepoint_id>
				</extensions>
			</trkpt>
			<trkpt lat="46.6491386000" lon="8.0929579547">
				<ele>1735.0</ele>
				<extensions>
					<swisstopo:routepoint_id>1787122981</swisstopo:routepoint_id>
				</extensions>
			</trkpt>
			<trkpt lat="46.6491547825" lon="8.0927922490">
				<ele>1731.6</ele>
				<extensions>
					<swisstopo:routepoint_id>1856011608</swisstopo:routepoint_id>
				</extensions>
			</trkpt>
			<trkpt lat="46.6491665558" lon="8.0927315697">
				<ele>1730.6</ele>
				<extensions>
					<swisstopo:routepoint_id>2145421934</swisstopo:routepoint_id>
				</extensions>
			</trkpt>
			<trkpt lat="46.6491611138" lon="8.0926844896">
				<ele>1729.5</ele>
				<extensions>
					<swisstopo:routepoint_id>1541455385</swisstopo:routepoint_id>
				</extensions>
			</trkpt>
			<trkpt lat="46.6491498805" lon="8.0926511733">
				<ele>1728.7</ele>
				<extensions>
					<swisstopo:routepoint_id>1269134827</swisstopo:routepoint_id>
				</extensions>
			</trkpt>
			<trkpt lat="46.6491176903" lon="8.0926203594">
				<ele>1727.5</ele>
				<extensions>
					<swisstopo:routepoint_id>1051648691</swisstopo:routepoint_id>
				</extensions>
			</trkpt>
			<trkpt lat="46.6490568924" lon="8.0925975197">
				<ele>1725.3</ele>
				<extensions>
					<swisstopo:routepoint_id>1136604908</swisstopo:routepoint_id>
				</extensions>
			</trkpt>
			<trkpt lat="46.6490245346" lon="8.0925943449">
				<ele>1723.9</ele>
				<extensions>
					<swisstopo:routepoint_id>1939408782</swisstopo:routepoint_id>
				</extensions>
			</trkpt>
			<trkpt lat="46.6489882694" lon="8.0926104958">
				<ele>1722.9</ele>
				<extensions>
					<swisstopo:routepoint_id>1330617399</swisstopo:routepoint_id>
				</extensions>
			</trkpt>
			<trkpt lat="46.6489193602" lon="8.0926732644">
				<ele>1720.5</ele>
				<extensions>
					<swisstopo:routepoint_id>1083340095</swisstopo:routepoint_id>
				</extensions>
			</trkpt>
			<trkpt lat="46.6488351651" lon="8.0927441433">
				<ele>1718.1</ele>
				<extensions>
					<swisstopo:routepoint_id>1150534069</swisstopo:routepoint_id>
				</extensions>
			</trkpt>
			<trkpt lat="46.6487416125" lon="8.0927872407">
				<ele>1715.2</ele>
				<extensions>
					<swisstopo:routepoint_id>1008198757</swisstopo:routepoint_id>
				</extensions>
			</trkpt>
			<trkpt lat="46.6485851413" lon="8.0928461653">
				<ele>1710.5</ele>
				<extensions>
					<swisstopo:routepoint_id>133455175</swisstopo:routepoint_id>
				</extensions>
			</trkpt>
			<trkpt lat="46.6485319019" lon="8.0928667998">
				<ele>1708.5</ele>
				<extensions>
					<swisstopo:routepoint_id>1133228174</swisstopo:routepoint_id>
				</extensions>
			</trkpt>
			<trkpt lat="46.6484676398" lon="8.0928660854">
				<ele>1707.4</ele>
				<extensions>
					<swisstopo:routepoint_id>978426579</swisstopo:routepoint_id>
				</extensions>
			</trkpt>
			<trkpt lat="46.6484030340" lon="8.0928718472">
				<ele>1705.1</ele>
				<extensions>
					<swisstopo:routepoint_id>25485076</swisstopo:routepoint_id>
				</extensions>
			</trkpt>
			<trkpt lat="46.6483749857" lon="8.0928404045">
				<ele>1704.5</ele>
				<extensions>
					<swisstopo:routepoint_id>1623231852</swisstopo:routepoint_id>
				</extensions>
			</trkpt>
			<trkpt lat="46.6483172760" lon="8.0928218216">
				<ele>1702.3</ele>
				<extensions>
					<swisstopo:routepoint_id>1426172917</swisstopo:routepoint_id>
				</extensions>
			</trkpt>
			<trkpt lat="46.6483048254" lon="8.0927952441">
				<ele>1701.7</ele>
				<extensions>
					<swisstopo:routepoint_id>2010595666</swisstopo:routepoint_id>
				</extensions>
			</trkpt>
			<trkpt lat="46.6482883394" lon="8.0927054328">
				<ele>1699.5</ele>
				<extensions>
					<swisstopo:routepoint_id>1697458402</swisstopo:routepoint_id>
				</extensions>
			</trkpt>
			<trkpt lat="46.6482849135" lon="8.0926612777">
				<ele>1699.0</ele>
				<extensions>
					<swisstopo:routepoint_id>2099797479</swisstopo:routepoint_id>
				</extensions>
			</trkpt>
			<trkpt lat="46.6482921484" lon="8.0926296098">
				<ele>1698.2</ele>
				<extensions>
					<swisstopo:routepoint_id>531022452</swisstopo:routepoint_id>
				</extensions>
			</trkpt>
			<trkpt lat="46.6483021474" lon="8.0925959104">
				<ele>1697.2</ele>
				<extensions>
					<swisstopo:routepoint_id>1357493740</swisstopo:routepoint_id>
				</extensions>
			</trkpt>
			<trkpt lat="46.6483034146" lon="8.0925679063">
				<ele>1696.9</ele>
				<extensions>
					<swisstopo:routepoint_id>901520475</swisstopo:routepoint_id>
				</extensions>
			</trkpt>
			<trkpt lat="46.6482982171" lon="8.0925409338">
				<ele>1696.9</ele>
				<extensions>
					<swisstopo:routepoint_id>467575664</swisstopo:routepoint_id>
				</extensions>
			</trkpt>
			<trkpt lat="46.6481996073" lon="8.0926092854">
				<ele>1695.9</ele>
				<extensions>
					<swisstopo:routepoint_id>1471846951</swisstopo:routepoint_id>
				</extensions>
			</trkpt>
			<trkpt lat="46.6481746304" lon="8.0925614863">
				<ele>1695.3</ele>
				<extensions>
					<swisstopo:routepoint_id>1020484099</swisstopo:routepoint_id>
				</extensions>
			</trkpt>
			<trkpt lat="46.6481593506" lon="8.0925357238">
				<ele>1695.6</ele>
				<extensions>
					<swisstopo:routepoint_id>320515825</swisstopo:routepoint_id>
				</extensions>
			</trkpt>
			<trkpt lat="46.6480917960" lon="8.0925443501">
				<ele>1695.4</ele>
				<extensions>
					<swisstopo:routepoint_id>1281711726</swisstopo:routepoint_id>
				</extensions>
			</trkpt>
			<trkpt lat="46.6480579245" lon="8.0925478192">
				<ele>1694.7</ele>
				<extensions>
					<swisstopo:routepoint_id>837118289</swisstopo:routepoint_id>
				</extensions>
			</trkpt>
			<trkpt lat="46.6480381525" lon="8.0925429809">
				<ele>1694.3</ele>
				<extensions>
					<swisstopo:routepoint_id>490187683</swisstopo:routepoint_id>
				</extensions>
			</trkpt>
			<trkpt lat="46.6480013754" lon="8.0925135488">
				<ele>1693.1</ele>
				<extensions>
					<swisstopo:routepoint_id>1314048433</swisstopo:routepoint_id>
				</extensions>
			</trkpt>
			<trkpt lat="46.6479412734" lon="8.0924322104">
				<ele>1691.3</ele>
				<extensions>
					<swisstopo:routepoint_id>2049432038</swisstopo:routepoint_id>
				</extensions>
			</trkpt>
			<trkpt lat="46.6479156525" lon="8.0924072111">
				<ele>1691.0</ele>
				<extensions>
					<swisstopo:routepoint_id>450522359</swisstopo:routepoint_id>
				</extensions>
			</trkpt>
			<trkpt lat="46.6478682617" lon="8.0923681541">
				<ele>1690.0</ele>
				<extensions>
					<swisstopo:routepoint_id>1265620042</swisstopo:routepoint_id>
				</extensions>
			</trkpt>
			<trkpt lat="46.6478498444" lon="8.0923435689">
				<ele>1689.4</ele>
				<extensions>
					<swisstopo:routepoint_id>1110807459</swisstopo:routepoint_id>
				</extensions>
			</trkpt>
			<trkpt lat="46.6477885996" lon="8.0922528632">
				<ele>1687.8</ele>
				<extensions>
					<swisstopo:routepoint_id>927699297</swisstopo:routepoint_id>
				</extensions>
			</trkpt>
			<trkpt lat="46.6477429523" lon="8.0921921166">
				<ele>1686.4</ele>
				<extensions>
					<swisstopo:routepoint_id>2042892619</swisstopo:routepoint_id>
				</extensions>
			</trkpt>
			<trkpt lat="46.6476818661" lon="8.0921035036">
				<ele>1684.2</ele>
				<extensions>
					<swisstopo:routepoint_id>1247187677</swisstopo:routepoint_id>
				</extensions>
			</trkpt>
			<trkpt lat="46.6476687872" lon="8.0920578480">
				<ele>1683.4</ele>
				<extensions>
					<swisstopo:routepoint_id>1390757375</swisstopo:routepoint_id>
				</extensions>
			</trkpt>
			<trkpt lat="46.6476462654" lon="8.0919412120">
				<ele>1682.1</ele>
				<extensions>
					<swisstopo:routepoint_id>1981205730</swisstopo:routepoint_id>
				</extensions>
			</trkpt>
			<trkpt lat="46.6476402522" lon="8.0919278149">
				<ele>1682.0</ele>
				<extensions>
					<swisstopo:routepoint_id>1358729983</swisstopo:routepoint_id>
				</extensions>
			</trkpt>
			<trkpt lat="46.6476250060" lon="8.0919227972">
				<ele>1681.9</ele>
				<extensions>
					<swisstopo:routepoint_id>1185815849</swisstopo:routepoint_id>
				</extensions>
			</trkpt>
			<trkpt lat="46.6475964815" lon="8.0919428951">
				<ele>1681.9</ele>
				<extensions>
					<swisstopo:routepoint_id>860367300</swisstopo:routepoint_id>
				</extensions>
			</trkpt>
			<trkpt lat="46.6475808541" lon="8.0910882455">
				<ele>1673.6</ele>
				<extensions>
					<swisstopo:routepoint_id>1818135609</swisstopo:routepoint_id>
				</extensions>
			</trkpt>
			<trkpt lat="46.6475723917" lon="8.0905710940">
				<ele>1668.8</ele>
				<extensions>
					<swisstopo:routepoint_id>1585517655</swisstopo:routepoint_id>
				</extensions>
			</trkpt>
			<trkpt lat="46.6475704141" lon="8.0902503400">
				<ele>1665.6</ele>
				<extensions>
					<swisstopo:routepoint_id>1557138171</swisstopo:routepoint_id>
				</extensions>
			</trkpt>
			<trkpt lat="46.6475656356" lon="8.0900871415">
				<ele>1664.1</ele>
				<extensions>
					<swisstopo:routepoint_id>1169856008</swisstopo:routepoint_id>
				</extensions>
			</trkpt>
			<trkpt lat="46.6475509602" lon="8.0899901961">
				<ele>1663.0</ele>
				<extensions>
					<swisstopo:routepoint_id>1513542789</swisstopo:routepoint_id>
				</extensions>
			</trkpt>
			<trkpt lat="46.6475268062" lon="8.0898848406">
				<ele>1662.1</ele>
				<extensions>
					<swisstopo:routepoint_id>1748282549</swisstopo:routepoint_id>
				</extensions>
			</trkpt>
			<trkpt lat="46.6474929930" lon="8.0898042408">
				<ele>1661.3</ele>
				<extensions>
					<swisstopo:routepoint_id>240828671</swisstopo:routepoint_id>
				</extensions>
			</trkpt>
			<trkpt lat="46.6474419962" lon="8.0897317414">
				<ele>1660.2</ele>
				<extensions>
					<swisstopo:routepoint_id>1341760374</swisstopo:routepoint_id>
				</extensions>
			</trkpt>
			<trkpt lat="46.6474041090" lon="8.0896981045">
				<ele>1659.9</ele>
				<extensions>
					<swisstopo:routepoint_id>518455579</swisstopo:routepoint_id>
				</extensions>
			</trkpt>
			<trkpt lat="46.6473509364" lon="8.0896725790">
				<ele>1659.1</ele>
				<extensions>
					<swisstopo:routepoint_id>1679098058</swisstopo:routepoint_id>
				</extensions>
			</trkpt>
			<trkpt lat="46.6473033740" lon="8.0896664792">
				<ele>1658.6</ele>
				<extensions>
					<swisstopo:routepoint_id>1981989525</swisstopo:routepoint_id>
				</extensions>
			</trkpt>
			<trkpt lat="46.6472576153" lon="8.0896769783">
				<ele>1657.8</ele>
				<extensions>
					<swisstopo:routepoint_id>1699756617</swisstopo:routepoint_id>
				</extensions>
			</trkpt>
			<trkpt lat="46.6472175523" lon="8.0896903287">
				<ele>1657.4</ele>
				<extensions>
					<swisstopo:routepoint_id>1036852625</swisstopo:routepoint_id>
				</extensions>
			</trkpt>
			<trkpt lat="46.6472041243" lon="8.0896567000">
				<ele>1657.2</ele>
				<extensions>
					<swisstopo:routepoint_id>305439565</swisstopo:routepoint_id>
				</extensions>
			</trkpt>
			<trkpt lat="46.6472107221" lon="8.0896418879">
				<ele>1656.7</ele>
				<extensions>
					<swisstopo:routepoint_id>1827685579</swisstopo:routepoint_id>
				</extensions>
			</trkpt>
			<trkpt lat="46.6471793187" lon="8.0896370420">
				<ele>1656.2</ele>
				<extensions>
					<swisstopo:routepoint_id>1305183891</swisstopo:routepoint_id>
				</extensions>
			</trkpt>
			<trkpt lat="46.6470349465" lon="8.0895830627">
				<ele>1653.7</ele>
				<extensions>
					<swisstopo:routepoint_id>1305408349</swisstopo:routepoint_id>
				</extensions>
			</trkpt>
			<trkpt lat="46.6469965707" lon="8.0895751022">
				<ele>1653.5</ele>
				<extensions>
					<swisstopo:routepoint_id>2105523945</swisstopo:routepoint_id>
				</extensions>
			</trkpt>
			<trkpt lat="46.6469098096" lon="8.0895035700">
				<ele>1652.7</ele>
				<extensions>
					<swisstopo:routepoint_id>1349793258</swisstopo:routepoint_id>
				</extensions>
			</trkpt>
			<trkpt lat="46.6468562828" lon="8.0894471215">
				<ele>1652.0</ele>
				<extensions>
					<swisstopo:routepoint_id>429142612</swisstopo:routepoint_id>
				</extensions>
			</trkpt>
			<trkpt lat="46.6468483241" lon="8.0894183004">
				<ele>1651.6</ele>
				<extensions>
					<swisstopo:routepoint_id>1722280075</swisstopo:routepoint_id>
				</extensions>
			</trkpt>
			<trkpt lat="46.6468467744" lon="8.0893809884">
				<ele>1651.2</ele>
				<extensions>
					<swisstopo:routepoint_id>1316932751</swisstopo:routepoint_id>
				</extensions>
			</trkpt>
			<trkpt lat="46.6468295504" lon="8.0893332200">
				<ele>1650.4</ele>
				<extensions>
					<swisstopo:routepoint_id>809393607</swisstopo:routepoint_id>
				</extensions>
			</trkpt>
			<trkpt lat="46.6467926009" lon="8.0893022994">
				<ele>1649.8</ele>
				<extensions>
					<swisstopo:routepoint_id>444443239</swisstopo:routepoint_id>
				</extensions>
			</trkpt>
			<trkpt lat="46.6467757214" lon="8.0892809212">
				<ele>1649.0</ele>
				<extensions>
					<swisstopo:routepoint_id>579349991</swisstopo:routepoint_id>
				</extensions>
			</trkpt>
			<trkpt lat="46.6467602756" lon="8.0892556550">
				<ele>1648.6</ele>
				<extensions>
					<swisstopo:routepoint_id>1104250195</swisstopo:routepoint_id>
				</extensions>
			</trkpt>
			<trkpt lat="46.6467320101" lon="8.0892321279">
				<ele>1648.0</ele>
				<extensions>
					<swisstopo:routepoint_id>844518574</swisstopo:routepoint_id>
				</extensions>
			</trkpt>
			<trkpt lat="46.6466600944" lon="8.0892247169">
				<ele>1646.0</ele>
				<extensions>
					<swisstopo:routepoint_id>234769559</swisstopo:routepoint_id>
				</extensions>
			</trkpt>
			<trkpt lat="46.6466259343" lon="8.0892221110">
				<ele>1645.1</ele>
				<extensions>
					<swisstopo:routepoint_id>1208875918</swisstopo:routepoint_id>
				</extensions>
			</trkpt>
			<trkpt lat="46.6465644290" lon="8.0891796865">
				<ele>1643.4</ele>
				<extensions>
					<swisstopo:routepoint_id>877745823</swisstopo:routepoint_id>
				</extensions>
			</trkpt>
			<trkpt lat="46.6465160053" lon="8.0891321954">
				<ele>1641.8</ele>
				<extensions>
					<swisstopo:routepoint_id>1211597411</swisstopo:routepoint_id>
				</extensions>
			</trkpt>
			<trkpt lat="46.6464982272" lon="8.0890995338">
				<ele>1641.0</ele>
				<extensions>
					<swisstopo:routepoint_id>2002277643</swisstopo:routepoint_id>
				</extensions>
			</trkpt>
			<trkpt lat="46.6464910927" lon="8.0890713640">
				<ele>1640.4</ele>
				<extensions>
					<swisstopo:routepoint_id>48161845</swisstopo:routepoint_id>
				</extensions>
			</trkpt>
			<trkpt lat="46.6465104194" lon="8.0890251072">
				<ele>1639.3</ele>
				<extensions>
					<swisstopo:routepoint_id>755270066</swisstopo:routepoint_id>
				</extensions>
			</trkpt>
			<trkpt lat="46.6465031910" lon="8.0889786874">
				<ele>1638.5</ele>
				<extensions>
					<swisstopo:routepoint_id>103157885</swisstopo:routepoint_id>
				</extensions>
			</trkpt>
			<trkpt lat="46.6465149405" lon="8.0889280947">
				<ele>1637.8</ele>
				<extensions>
					<swisstopo:routepoint_id>434051592</swisstopo:routepoint_id>
				</extensions>
			</trkpt>
			<trkpt lat="46.6465113816" lon="8.0888865778">
				<ele>1637.1</ele>
				<extensions>
					<swisstopo:routepoint_id>1183077595</swisstopo:routepoint_id>
				</extensions>
			</trkpt>
			<trkpt lat="46.6464963011" lon="8.0888587563">
				<ele>1636.2</ele>
				<extensions>
					<swisstopo:routepoint_id>64468069</swisstopo:routepoint_id>
				</extensions>
			</trkpt>
			<trkpt lat="46.6464601155" lon="8.0888610765">
				<ele>1634.4</ele>
				<extensions>
					<swisstopo:routepoint_id>732399639</swisstopo:routepoint_id>
				</extensions>
			</trkpt>
			<trkpt lat="46.6464506688" lon="8.0888471428">
				<ele>1633.8</ele>
				<extensions>
					<swisstopo:routepoint_id>1075254792</swisstopo:routepoint_id>
				</extensions>
			</trkpt>
			<trkpt lat="46.6464284363" lon="8.0887390442">
				<ele>1630.5</ele>
				<extensions>
					<swisstopo:routepoint_id>1904778603</swisstopo:routepoint_id>
				</extensions>
			</trkpt>
			<trkpt lat="46.6464119321" lon="8.0886282449">
				<ele>1628.7</ele>
				<extensions>
					<swisstopo:routepoint_id>1266600981</swisstopo:routepoint_id>
				</extensions>
			</trkpt>
			<trkpt lat="46.6463862013" lon="8.0885577507">
				<ele>1626.8</ele>
				<extensions>
					<swisstopo:routepoint_id>1509587577</swisstopo:routepoint_id>
				</extensions>
			</trkpt>
			<trkpt lat="46.6463788752" lon="8.0885078945">
				<ele>1626.4</ele>
				<extensions>
					<swisstopo:routepoint_id>1378251217</swisstopo:routepoint_id>
				</extensions>
			</trkpt>
			<trkpt lat="46.6463638743" lon="8.0884662408">
				<ele>1626.1</ele>
				<extensions>
					<swisstopo:routepoint_id>1710198095</swisstopo:routepoint_id>
				</extensions>
			</trkpt>
			<trkpt lat="46.6463764903" lon="8.0884245799">
				<ele>1626.2</ele>
				<extensions>
					<swisstopo:routepoint_id>979866413</swisstopo:routepoint_id>
				</extensions>
			</trkpt>
			<trkpt lat="46.6463690458" lon="8.0883781577">
				<ele>1625.6</ele>
				<extensions>
					<swisstopo:routepoint_id>395260712</swisstopo:routepoint_id>
				</extensions>
			</trkpt>
			<trkpt lat="46.6463642767" lon="8.0883484221">
				<ele>1625.3</ele>
				<extensions>
					<swisstopo:routepoint_id>362260451</swisstopo:routepoint_id>
				</extensions>
			</trkpt>
			<trkpt lat="46.6463493108" lon="8.0882974160">
				<ele>1624.0</ele>
				<extensions>
					<swisstopo:routepoint_id>1080471469</swisstopo:routepoint_id>
				</extensions>
			</trkpt>
			<trkpt lat="46.6462922358" lon="8.0882731250">
				<ele>1622.5</ele>
				<extensions>
					<swisstopo:routepoint_id>493779811</swisstopo:routepoint_id>
				</extensions>
			</trkpt>
			<trkpt lat="46.6462195809" lon="8.0882833276">
				<ele>1620.2</ele>
				<extensions>
					<swisstopo:routepoint_id>2091165059</swisstopo:routepoint_id>
				</extensions>
			</trkpt>
			<trkpt lat="46.6462143811" lon="8.0882408122">
				<ele>1619.1</ele>
				<extensions>
					<swisstopo:routepoint_id>65799831</swisstopo:routepoint_id>
				</extensions>
			</trkpt>
			<trkpt lat="46.6462208882" lon="8.0882039236">
				<ele>1618.0</ele>
				<extensions>
					<swisstopo:routepoint_id>522468402</swisstopo:routepoint_id>
				</extensions>
			</trkpt>
			<trkpt lat="46.6462446414" lon="8.0881291532">
				<ele>1616.8</ele>
				<extensions>
					<swisstopo:routepoint_id>8847435</swisstopo:routepoint_id>
				</extensions>
			</trkpt>
			<trkpt lat="46.6462887228" lon="8.0880452738">
				<ele>1615.8</ele>
				<extensions>
					<swisstopo:routepoint_id>1495202147</swisstopo:routepoint_id>
				</extensions>
			</trkpt>
			<trkpt lat="46.6462823534" lon="8.0879585541">
				<ele>1614.0</ele>
				<extensions>
					<swisstopo:routepoint_id>931427590</swisstopo:routepoint_id>
				</extensions>
			</trkpt>
			<trkpt lat="46.6461435587" lon="8.0880039092">
				<ele>1610.5</ele>
				<extensions>
					<swisstopo:routepoint_id>1210833966</swisstopo:routepoint_id>
				</extensions>
			</trkpt>
			<trkpt lat="46.6461121960" lon="8.0878245769">
				<ele>1607.0</ele>
				<extensions>
					<swisstopo:routepoint_id>456350029</swisstopo:routepoint_id>
				</extensions>
			</trkpt>
			<trkpt lat="46.6460819149" lon="8.0876985391">
				<ele>1604.4</ele>
				<extensions>
					<swisstopo:routepoint_id>562356868</swisstopo:routepoint_id>
				</extensions>
			</trkpt>
			<trkpt lat="46.6460850507" lon="8.0876598337">
				<ele>1603.6</ele>
				<extensions>
					<swisstopo:routepoint_id>1632846783</swisstopo:routepoint_id>
				</extensions>
			</trkpt>
			<trkpt lat="46.6461218125" lon="8.0875879105">
				<ele>1601.9</ele>
				<extensions>
					<swisstopo:routepoint_id>1102779599</swisstopo:routepoint_id>
				</extensions>
			</trkpt>
			<trkpt lat="46.6461545925" lon="8.0875328548">
				<ele>1600.6</ele>
				<extensions>
					<swisstopo:routepoint_id>1522610693</swisstopo:routepoint_id>
				</extensions>
			</trkpt>
			<trkpt lat="46.6461989910" lon="8.0874958734">
				<ele>1598.9</ele>
				<extensions>
					<swisstopo:routepoint_id>194816903</swisstopo:routepoint_id>
				</extensions>
			</trkpt>
			<trkpt lat="46.6462694939" lon="8.0874703092">
				<ele>1597.3</ele>
				<extensions>
					<swisstopo:routepoint_id>467661389</swisstopo:routepoint_id>
				</extensions>
			</trkpt>
			<trkpt lat="46.6462765012" lon="8.0874592771">
				<ele>1596.9</ele>
				<extensions>
					<swisstopo:routepoint_id>1034096080</swisstopo:routepoint_id>
				</extensions>
			</trkpt>
			<trkpt lat="46.6462710599" lon="8.0874401403">
				<ele>1596.5</ele>
				<extensions>
					<swisstopo:routepoint_id>18460864</swisstopo:routepoint_id>
				</extensions>
			</trkpt>
			<trkpt lat="46.6462391853" lon="8.0874247748">
				<ele>1596.0</ele>
				<extensions>
					<swisstopo:routepoint_id>2112347124</swisstopo:routepoint_id>
				</extensions>
			</trkpt>
			<trkpt lat="46.6462130051" lon="8.0873872580">
				<ele>1594.8</ele>
				<extensions>
					<swisstopo:routepoint_id>282887705</swisstopo:routepoint_id>
				</extensions>
			</trkpt>
			<trkpt lat="46.6461677352" lon="8.0873056223">
				<ele>1592.6</ele>
				<extensions>
					<swisstopo:routepoint_id>408507652</swisstopo:routepoint_id>
				</extensions>
			</trkpt>
			<trkpt lat="46.6461156262" lon="8.0872007057">
				<ele>1589.9</ele>
				<extensions>
					<swisstopo:routepoint_id>864920885</swisstopo:routepoint_id>
				</extensions>
			</trkpt>
			<trkpt lat="46.6460537313" lon="8.0871144425">
				<ele>1587.6</ele>
				<extensions>
					<swisstopo:routepoint_id>1996890543</swisstopo:routepoint_id>
				</extensions>
			</trkpt>
			<trkpt lat="46.6460052043" lon="8.0869760125">
				<ele>1583.2</ele>
				<extensions>
					<swisstopo:routepoint_id>614963301</swisstopo:routepoint_id>
				</extensions>
			</trkpt>
			<trkpt lat="46.6459812760" lon="8.0869269374">
				<ele>1582.3</ele>
				<extensions>
					<swisstopo:routepoint_id>1261029992</swisstopo:routepoint_id>
				</extensions>
			</trkpt>
			<trkpt lat="46.6459371857" lon="8.0868576997">
				<ele>1580.8</ele>
				<extensions>
					<swisstopo:routepoint_id>1291861766</swisstopo:routepoint_id>
				</extensions>
			</trkpt>
			<trkpt lat="46.6459017445" lon="8.0868145208">
				<ele>1580.2</ele>
				<extensions>
					<swisstopo:routepoint_id>1191561663</swisstopo:routepoint_id>
				</extensions>
			</trkpt>
			<trkpt lat="46.6458498837" lon="8.0867512770">
				<ele>1579.2</ele>
				<extensions>
					<swisstopo:routepoint_id>878639205</swisstopo:routepoint_id>
				</extensions>
			</trkpt>
			<trkpt lat="46.6457740000" lon="8.0866870661">
				<ele>1577.5</ele>
				<extensions>
					<swisstopo:routepoint_id>164240800</swisstopo:routepoint_id>
				</extensions>
			</trkpt>
			<trkpt lat="46.6457026867" lon="8.0866417717">
				<ele>1576.4</ele>
				<extensions>
					<swisstopo:routepoint_id>1674860468</swisstopo:routepoint_id>
				</extensions>
			</trkpt>
			<trkpt lat="46.6456547463" lon="8.0866199699">
				<ele>1576.7</ele>
				<extensions>
					<swisstopo:routepoint_id>1671628246</swisstopo:routepoint_id>
				</extensions>
			</trkpt>
			<trkpt lat="46.6456280680" lon="8.0866319672">
				<ele>1576.6</ele>
				<extensions>
					<swisstopo:routepoint_id>98357027</swisstopo:routepoint_id>
				</extensions>
			</trkpt>
			<trkpt lat="46.6455971215" lon="8.0865925527">
				<ele>1576.1</ele>
				<extensions>
					<swisstopo:routepoint_id>1069850594</swisstopo:routepoint_id>
				</extensions>
			</trkpt>
			<trkpt lat="46.6455617824" lon="8.0865615102">
				<ele>1575.5</ele>
				<extensions>
					<swisstopo:routepoint_id>859465988</swisstopo:routepoint_id>
				</extensions>
			</trkpt>
			<trkpt lat="46.6455243667" lon="8.0865350413">
				<ele>1575.2</ele>
				<extensions>
					<swisstopo:routepoint_id>459395679</swisstopo:routepoint_id>
				</extensions>
			</trkpt>
			<trkpt lat="46.6455001389" lon="8.0864847350">
				<ele>1574.4</ele>
				<extensions>
					<swisstopo:routepoint_id>1977444893</swisstopo:routepoint_id>
				</extensions>
			</trkpt>
			<trkpt lat="46.6454869722" lon="8.0864573423">
				<ele>1574.2</ele>
				<extensions>
					<swisstopo:routepoint_id>871658440</swisstopo:routepoint_id>
				</extensions>
			</trkpt>
			<trkpt lat="46.6454589328" lon="8.0864065721">
				<ele>1574.3</ele>
				<extensions>
					<swisstopo:routepoint_id>1809192159</swisstopo:routepoint_id>
				</extensions>
			</trkpt>
			<trkpt lat="46.6454482478" lon="8.0863793659">
				<ele>1574.3</ele>
				<extensions>
					<swisstopo:routepoint_id>308935394</swisstopo:routepoint_id>
				</extensions>
			</trkpt>
			<trkpt lat="46.6454290259" lon="8.0863125440">
				<ele>1574.1</ele>
				<extensions>
					<swisstopo:routepoint_id>327628786</swisstopo:routepoint_id>
				</extensions>
			</trkpt>
			<trkpt lat="46.6454211931" lon="8.0862678165">
				<ele>1573.5</ele>
				<extensions>
					<swisstopo:routepoint_id>857505229</swisstopo:routepoint_id>
				</extensions>
			</trkpt>
			<trkpt lat="46.6454174925" lon="8.0862431106">
				<ele>1572.9</ele>
				<extensions>
					<swisstopo:routepoint_id>746885192</swisstopo:routepoint_id>
				</extensions>
			</trkpt>
			<trkpt lat="46.6453965631" lon="8.0861997018">
				<ele>1572.3</ele>
				<extensions>
					<swisstopo:routepoint_id>867113162</swisstopo:routepoint_id>
				</extensions>
			</trkpt>
			<trkpt lat="46.6453811417" lon="8.0861826667">
				<ele>1572.0</ele>
				<extensions>
					<swisstopo:routepoint_id>7334663</swisstopo:routepoint_id>
				</extensions>
			</trkpt>
			<trkpt lat="46.6453544006" lon="8.0861362490">
				<ele>1571.3</ele>
				<extensions>
					<swisstopo:routepoint_id>1321047228</swisstopo:routepoint_id>
				</extensions>
			</trkpt>
			<trkpt lat="46.6453347608" lon="8.0861460716">
				<ele>1570.7</ele>
				<extensions>
					<swisstopo:routepoint_id>1859050433</swisstopo:routepoint_id>
				</extensions>
			</trkpt>
			<trkpt lat="46.6453304319" lon="8.0861874660">
				<ele>1570.0</ele>
				<extensions>
					<swisstopo:routepoint_id>1859337990</swisstopo:routepoint_id>
				</extensions>
			</trkpt>
			<trkpt lat="46.6453175903" lon="8.0862150819">
				<ele>1569.2</ele>
				<extensions>
					<swisstopo:routepoint_id>1451869372</swisstopo:routepoint_id>
				</extensions>
			</trkpt>
			<trkpt lat="46.6453091718" lon="8.0862623445">
				<ele>1568.5</ele>
				<extensions>
					<swisstopo:routepoint_id>1656282198</swisstopo:routepoint_id>
				</extensions>
			</trkpt>
			<trkpt lat="46.6452913553" lon="8.0862932187">
				<ele>1567.7</ele>
				<extensions>
					<swisstopo:routepoint_id>174892242</swisstopo:routepoint_id>
				</extensions>
			</trkpt>
			<trkpt lat="46.6452819526" lon="8.0862998458">
				<ele>1567.2</ele>
				<extensions>
					<swisstopo:routepoint_id>642198352</swisstopo:routepoint_id>
				</extensions>
			</trkpt>
			<trkpt lat="46.6452632098" lon="8.0862468759">
				<ele>1566.7</ele>
				<extensions>
					<swisstopo:routepoint_id>328543027</swisstopo:routepoint_id>
				</extensions>
			</trkpt>
			<trkpt lat="46.6452478213" lon="8.0862557042">
				<ele>1566.2</ele>
				<extensions>
					<swisstopo:routepoint_id>786187</swisstopo:routepoint_id>
				</extensions>
			</trkpt>
			<trkpt lat="46.6452241320" lon="8.0863037501">
				<ele>1565.1</ele>
				<extensions>
					<swisstopo:routepoint_id>250052138</swisstopo:routepoint_id>
				</extensions>
			</trkpt>
			<trkpt lat="46.6451884971" lon="8.0863230723">
				<ele>1564.0</ele>
				<extensions>
					<swisstopo:routepoint_id>1190477491</swisstopo:routepoint_id>
				</extensions>
			</trkpt>
			<trkpt lat="46.6451365352" lon="8.0863328201">
				<ele>1562.7</ele>
				<extensions>
					<swisstopo:routepoint_id>1978510577</swisstopo:routepoint_id>
				</extensions>
			</trkpt>
			<trkpt lat="46.6450914829" lon="8.0863393591">
				<ele>1561.2</ele>
				<extensions>
					<swisstopo:routepoint_id>2141212708</swisstopo:routepoint_id>
				</extensions>
			</trkpt>
			<trkpt lat="46.6450718576" lon="8.0863197132">
				<ele>1560.3</ele>
				<extensions>
					<swisstopo:routepoint_id>418073435</swisstopo:routepoint_id>
				</extensions>
			</trkpt>
			<trkpt lat="46.6450566704" lon="8.0862837405">
				<ele>1559.2</ele>
				<extensions>
					<swisstopo:routepoint_id>1512986966</swisstopo:routepoint_id>
				</extensions>
			</trkpt>
			<trkpt lat="46.6450322807" lon="8.0862714177">
				<ele>1558.5</ele>
				<extensions>
					<swisstopo:routepoint_id>982026823</swisstopo:routepoint_id>
				</extensions>
			</trkpt>
			<trkpt lat="46.6449966233" lon="8.0862584108">
				<ele>1557.7</ele>
				<extensions>
					<swisstopo:routepoint_id>896131662</swisstopo:routepoint_id>
				</extensions>
			</trkpt>
			<trkpt lat="46.6449188437" lon="8.0862001219">
				<ele>1555.9</ele>
				<extensions>
					<swisstopo:routepoint_id>1307811701</swisstopo:routepoint_id>
				</extensions>
			</trkpt>
			<trkpt lat="46.6447996577" lon="8.0861115026">
				<ele>1551.3</ele>
				<extensions>
					<swisstopo:routepoint_id>1848827792</swisstopo:routepoint_id>
				</extensions>
			</trkpt>
			<trkpt lat="46.6447603758" lon="8.0860730206">
				<ele>1551.9</ele>
				<extensions>
					<swisstopo:routepoint_id>1493778346</swisstopo:routepoint_id>
				</extensions>
			</trkpt>
			<trkpt lat="46.6447432396" lon="8.0860728150">
				<ele>1551.5</ele>
				<extensions>
					<swisstopo:routepoint_id>1941346631</swisstopo:routepoint_id>
				</extensions>
			</trkpt>
			<trkpt lat="46.6447336191" lon="8.0860892883">
				<ele>1551.0</ele>
				<extensions>
					<swisstopo:routepoint_id>2072468532</swisstopo:routepoint_id>
				</extensions>
			</trkpt>
			<trkpt lat="46.6447326676" lon="8.0861664215">
				<ele>1548.8</ele>
				<extensions>
					<swisstopo:routepoint_id>1694906620</swisstopo:routepoint_id>
				</extensions>
			</trkpt>
			<trkpt lat="46.6447348821" lon="8.0862927320">
				<ele>1546.5</ele>
				<extensions>
					<swisstopo:routepoint_id>280818497</swisstopo:routepoint_id>
				</extensions>
			</trkpt>
			<trkpt lat="46.6447332983" lon="8.0864034663">
				<ele>1545.0</ele>
				<extensions>
					<swisstopo:routepoint_id>1998005748</swisstopo:routepoint_id>
				</extensions>
			</trkpt>
			<trkpt lat="46.6447207512" lon="8.0864252729">
				<ele>1544.4</ele>
				<extensions>
					<swisstopo:routepoint_id>1990569302</swisstopo:routepoint_id>
				</extensions>
			</trkpt>
			<trkpt lat="46.6446977071" lon="8.0864388288">
				<ele>1544.2</ele>
				<extensions>
					<swisstopo:routepoint_id>1042875267</swisstopo:routepoint_id>
				</extensions>
			</trkpt>
			<trkpt lat="46.6446551739" lon="8.0864120898">
				<ele>1543.4</ele>
				<extensions>
					<swisstopo:routepoint_id>202199203</swisstopo:routepoint_id>
				</extensions>
			</trkpt>
			<trkpt lat="46.6446381099" lon="8.0863960800">
				<ele>1543.1</ele>
				<extensions>
					<swisstopo:routepoint_id>1973596395</swisstopo:routepoint_id>
				</extensions>
			</trkpt>
			<trkpt lat="46.6446251223" lon="8.0863545042">
				<ele>1542.6</ele>
				<extensions>
					<swisstopo:routepoint_id>716413811</swisstopo:routepoint_id>
				</extensions>
			</trkpt>
			<trkpt lat="46.6446102560" lon="8.0863269740">
				<ele>1542.2</ele>
				<extensions>
					<swisstopo:routepoint_id>662674279</swisstopo:routepoint_id>
				</extensions>
			</trkpt>
			<trkpt lat="46.6445780802" lon="8.0863139699">
				<ele>1541.8</ele>
				<extensions>
					<swisstopo:routepoint_id>453394704</swisstopo:routepoint_id>
				</extensions>
			</trkpt>
			<trkpt lat="46.6445544740" lon="8.0862935319">
				<ele>1541.1</ele>
				<extensions>
					<swisstopo:routepoint_id>1508005914</swisstopo:routepoint_id>
				</extensions>
			</trkpt>
			<trkpt lat="46.6445173278" lon="8.0862955420">
				<ele>1540.2</ele>
				<extensions>
					<swisstopo:routepoint_id>994420524</swisstopo:routepoint_id>
				</extensions>
			</trkpt>
			<trkpt lat="46.6444842562" lon="8.0862580492">
				<ele>1539.6</ele>
				<extensions>
					<swisstopo:routepoint_id>1939272549</swisstopo:routepoint_id>
				</extensions>
			</trkpt>
			<trkpt lat="46.6444421958" lon="8.0862082223">
				<ele>1538.2</ele>
				<extensions>
					<swisstopo:routepoint_id>1707037146</swisstopo:routepoint_id>
				</extensions>
			</trkpt>
			<trkpt lat="46.6444385655" lon="8.0861790504">
				<ele>1537.6</ele>
				<extensions>
					<swisstopo:routepoint_id>480912001</swisstopo:routepoint_id>
				</extensions>
			</trkpt>
			<trkpt lat="46.6444059162" lon="8.0861290883">
				<ele>1535.9</ele>
				<extensions>
					<swisstopo:routepoint_id>1533562185</swisstopo:routepoint_id>
				</extensions>
			</trkpt>
			<trkpt lat="46.6443898714" lon="8.0861220515">
				<ele>1535.5</ele>
				<extensions>
					<swisstopo:routepoint_id>1267345533</swisstopo:routepoint_id>
				</extensions>
			</trkpt>
			<trkpt lat="46.6443754714" lon="8.0861295462">
				<ele>1535.3</ele>
				<extensions>
					<swisstopo:routepoint_id>103954992</swisstopo:routepoint_id>
				</extensions>
			</trkpt>
			<trkpt lat="46.6443541398" lon="8.0861489222">
				<ele>1534.8</ele>
				<extensions>
					<swisstopo:routepoint_id>828998504</swisstopo:routepoint_id>
				</extensions>
			</trkpt>
			<trkpt lat="46.6443282471" lon="8.0861588262">
				<ele>1534.2</ele>
				<extensions>
					<swisstopo:routepoint_id>1298991358</swisstopo:routepoint_id>
				</extensions>
			</trkpt>
			<trkpt lat="46.6443019901" lon="8.0861806772">
				<ele>1533.6</ele>
				<extensions>
					<swisstopo:routepoint_id>2124306219</swisstopo:routepoint_id>
				</extensions>
			</trkpt>
			<trkpt lat="46.6442733356" lon="8.0862079987">
				<ele>1533.2</ele>
				<extensions>
					<swisstopo:routepoint_id>187058540</swisstopo:routepoint_id>
				</extensions>
			</trkpt>
			<trkpt lat="46.6442487568" lon="8.0862400317">
				<ele>1532.8</ele>
				<extensions>
					<swisstopo:routepoint_id>2067381000</swisstopo:routepoint_id>
				</extensions>
			</trkpt>
			<trkpt lat="46.6442315842" lon="8.0862510328">
				<ele>1532.5</ele>
				<extensions>
					<swisstopo:routepoint_id>176449980</swisstopo:routepoint_id>
				</extensions>
			</trkpt>
			<trkpt lat="46.6442118379" lon="8.0862494506">
				<ele>1532.0</ele>
				<extensions>
					<swisstopo:routepoint_id>1339839946</swisstopo:routepoint_id>
				</extensions>
			</trkpt>
			<trkpt lat="46.6441920993" lon="8.0862497886">
				<ele>1531.5</ele>
				<extensions>
					<swisstopo:routepoint_id>801856353</swisstopo:routepoint_id>
				</extensions>
			</trkpt>
			<trkpt lat="46.6441671266" lon="8.0862640005">
				<ele>1530.9</ele>
				<extensions>
					<swisstopo:routepoint_id>113126964</swisstopo:routepoint_id>
				</extensions>
			</trkpt>
			<trkpt lat="46.6441421936" lon="8.0862997786">
				<ele>1530.2</ele>
				<extensions>
					<swisstopo:routepoint_id>661105106</swisstopo:routepoint_id>
				</extensions>
			</trkpt>
			<trkpt lat="46.6441266456" lon="8.0863114130">
				<ele>1529.8</ele>
				<extensions>
					<swisstopo:routepoint_id>723107697</swisstopo:routepoint_id>
				</extensions>
			</trkpt>
			<trkpt lat="46.6440417567" lon="8.0861982187">
				<ele>1527.2</ele>
				<extensions>
					<swisstopo:routepoint_id>347458270</swisstopo:routepoint_id>
				</extensions>
			</trkpt>
			<trkpt lat="46.6439816779" lon="8.0860581669">
				<ele>1524.7</ele>
				<extensions>
					<swisstopo:routepoint_id>1566391949</swisstopo:routepoint_id>
				</extensions>
			</trkpt>
			<trkpt lat="46.6439330488" lon="8.0859027481">
				<ele>1522.6</ele>
				<extensions>
					<swisstopo:routepoint_id>763537882</swisstopo:routepoint_id>
				</extensions>
			</trkpt>
			<trkpt lat="46.6438407016" lon="8.0857357551">
				<ele>1519.8</ele>
				<extensions>
					<swisstopo:routepoint_id>200138212</swisstopo:routepoint_id>
				</extensions>
			</trkpt>
			<trkpt lat="46.6437953046" lon="8.0856826892">
				<ele>1519.0</ele>
				<extensions>
					<swisstopo:routepoint_id>1950597102</swisstopo:routepoint_id>
				</extensions>
			</trkpt>
			<trkpt lat="46.6437706188" lon="8.0856685609">
				<ele>1518.4</ele>
				<extensions>
					<swisstopo:routepoint_id>75374455</swisstopo:routepoint_id>
				</extensions>
			</trkpt>
			<trkpt lat="46.6437002399" lon="8.0856566667">
				<ele>1517.1</ele>
				<extensions>
					<swisstopo:routepoint_id>1775157118</swisstopo:routepoint_id>
				</extensions>
			</trkpt>
			<trkpt lat="46.6436604130" lon="8.0856285242">
				<ele>1515.8</ele>
				<extensions>
					<swisstopo:routepoint_id>1031362865</swisstopo:routepoint_id>
				</extensions>
			</trkpt>
			<trkpt lat="46.6436073903" lon="8.0855781232">
				<ele>1514.4</ele>
				<extensions>
					<swisstopo:routepoint_id>1515962239</swisstopo:routepoint_id>
				</extensions>
			</trkpt>
			<trkpt lat="46.6435053599" lon="8.0854386806">
				<ele>1511.8</ele>
				<extensions>
					<swisstopo:routepoint_id>2028489252</swisstopo:routepoint_id>
				</extensions>
			</trkpt>
			<trkpt lat="46.6433882952" lon="8.0852630995">
				<ele>1508.5</ele>
				<extensions>
					<swisstopo:routepoint_id>1410736476</swisstopo:routepoint_id>
				</extensions>
			</trkpt>
			<trkpt lat="46.6432921180" lon="8.0850988197">
				<ele>1505.8</ele>
				<extensions>
					<swisstopo:routepoint_id>641121925</swisstopo:routepoint_id>
				</extensions>
			</trkpt>
			<trkpt lat="46.6432505186" lon="8.0850485561">
				<ele>1505.1</ele>
				<extensions>
					<swisstopo:routepoint_id>1112303580</swisstopo:routepoint_id>
				</extensions>
			</trkpt>
			<trkpt lat="46.6430838652" lon="8.0848862155">
				<ele>1501.6</ele>
				<extensions>
					<swisstopo:routepoint_id>1656134221</swisstopo:routepoint_id>
				</extensions>
			</trkpt>
			<trkpt lat="46.6430309201" lon="8.0848219841">
				<ele>1500.1</ele>
				<extensions>
					<swisstopo:routepoint_id>121738595</swisstopo:routepoint_id>
				</extensions>
			</trkpt>
			<trkpt lat="46.6429969933" lon="8.0847607629">
				<ele>1499.0</ele>
				<extensions>
					<swisstopo:routepoint_id>688832396</swisstopo:routepoint_id>
				</extensions>
			</trkpt>
			<trkpt lat="46.6429609245" lon="8.0847409607">
				<ele>1498.3</ele>
				<extensions>
					<swisstopo:routepoint_id>1940915418</swisstopo:routepoint_id>
				</extensions>
			</trkpt>
			<trkpt lat="46.6429136511" lon="8.0846823361">
				<ele>1497.0</ele>
				<extensions>
					<swisstopo:routepoint_id>1177928552</swisstopo:routepoint_id>
				</extensions>
			</trkpt>
			<trkpt lat="46.6428515248" lon="8.0845571803">
				<ele>1494.7</ele>
				<extensions>
					<swisstopo:routepoint_id>1761678763</swisstopo:routepoint_id>
				</extensions>
			</trkpt>
			<trkpt lat="46.6428006499" lon="8.0844625805">
				<ele>1492.7</ele>
				<extensions>
					<swisstopo:routepoint_id>1192611802</swisstopo:routepoint_id>
				</extensions>
			</trkpt>
			<trkpt lat="46.6427665981" lon="8.0844234586">
				<ele>1491.6</ele>
				<extensions>
					<swisstopo:routepoint_id>520107756</swisstopo:routepoint_id>
				</extensions>
			</trkpt>
			<trkpt lat="46.6427438281" lon="8.0844093800">
				<ele>1491.0</ele>
				<extensions>
					<swisstopo:routepoint_id>2009775117</swisstopo:routepoint_id>
				</extensions>
			</trkpt>
			<trkpt lat="46.6427153002" lon="8.0844035005">
				<ele>1490.6</ele>
				<extensions>
					<swisstopo:routepoint_id>771997292</swisstopo:routepoint_id>
				</extensions>
			</trkpt>
			<trkpt lat="46.6427040173" lon="8.0843784832">
				<ele>1489.9</ele>
				<extensions>
					<swisstopo:routepoint_id>293029809</swisstopo:routepoint_id>
				</extensions>
			</trkpt>
			<trkpt lat="46.6427023070" lon="8.0843452862">
				<ele>1489.5</ele>
				<extensions>
					<swisstopo:routepoint_id>648210720</swisstopo:routepoint_id>
				</extensions>
			</trkpt>
			<trkpt lat="46.6427157708" lon="8.0843205650">
				<ele>1489.3</ele>
				<extensions>
					<swisstopo:routepoint_id>1054167210</swisstopo:routepoint_id>
				</extensions>
			</trkpt>
			<trkpt lat="46.6427369557" lon="8.0842793482">
				<ele>1488.5</ele>
				<extensions>
					<swisstopo:routepoint_id>981488431</swisstopo:routepoint_id>
				</extensions>
			</trkpt>
			<trkpt lat="46.6427410427" lon="8.0842296325">
				<ele>1487.6</ele>
				<extensions>
					<swisstopo:routepoint_id>199512314</swisstopo:routepoint_id>
				</extensions>
			</trkpt>
			<trkpt lat="46.6427318706" lon="8.0841687081">
				<ele>1486.0</ele>
				<extensions>
					<swisstopo:routepoint_id>732407674</swisstopo:routepoint_id>
				</extensions>
			</trkpt>
			<trkpt lat="46.6427149539" lon="8.0841297914">
				<ele>1485.4</ele>
				<extensions>
					<swisstopo:routepoint_id>963581043</swisstopo:routepoint_id>
				</extensions>
			</trkpt>
			<trkpt lat="46.6426997632" lon="8.0841213155">
				<ele>1485.3</ele>
				<extensions>
					<swisstopo:routepoint_id>12834649</swisstopo:routepoint_id>
				</extensions>
			</trkpt>
			<trkpt lat="46.6426583865" lon="8.0841252746">
				<ele>1484.6</ele>
				<extensions>
					<swisstopo:routepoint_id>432640713</swisstopo:routepoint_id>
				</extensions>
			</trkpt>
			<trkpt lat="46.6426273362" lon="8.0841342813">
				<ele>1483.9</ele>
				<extensions>
					<swisstopo:routepoint_id>861216899</swisstopo:routepoint_id>
				</extensions>
			</trkpt>
			<trkpt lat="46.6426065678" lon="8.0841036128">
				<ele>1483.1</ele>
				<extensions>
					<swisstopo:routepoint_id>1229356898</swisstopo:routepoint_id>
				</extensions>
			</trkpt>
			<trkpt lat="46.6426012163" lon="8.0840399520">
				<ele>1482.3</ele>
				<extensions>
					<swisstopo:routepoint_id>1745071311</swisstopo:routepoint_id>
				</extensions>
			</trkpt>
			<trkpt lat="46.6425732044" lon="8.0839428441">
				<ele>1481.3</ele>
				<extensions>
					<swisstopo:routepoint_id>871644614</swisstopo:routepoint_id>
				</extensions>
			</trkpt>
			<trkpt lat="46.6425486380" lon="8.0839093740">
				<ele>1480.3</ele>
				<extensions>
					<swisstopo:routepoint_id>1911282920</swisstopo:routepoint_id>
				</extensions>
			</trkpt>
			<trkpt lat="46.6424880101" lon="8.0838561288">
				<ele>1478.9</ele>
				<extensions>
					<swisstopo:routepoint_id>1790599133</swisstopo:routepoint_id>
				</extensions>
			</trkpt>
			<trkpt lat="46.6424540052" lon="8.0838087140">
				<ele>1478.3</ele>
				<extensions>
					<swisstopo:routepoint_id>1887188468</swisstopo:routepoint_id>
				</extensions>
			</trkpt>
			<trkpt lat="46.6423767961" lon="8.0836557423">
				<ele>1476.3</ele>
				<extensions>
					<swisstopo:routepoint_id>131974196</swisstopo:routepoint_id>
				</extensions>
			</trkpt>
			<trkpt lat="46.6423315079" lon="8.0835833108">
				<ele>1475.2</ele>
				<extensions>
					<swisstopo:routepoint_id>1674730775</swisstopo:routepoint_id>
				</extensions>
			</trkpt>
			<trkpt lat="46.6422960622" lon="8.0835486531">
				<ele>1474.6</ele>
				<extensions>
					<swisstopo:routepoint_id>1993233304</swisstopo:routepoint_id>
				</extensions>
			</trkpt>
			<trkpt lat="46.6422950334" lon="8.0834635454">
				<ele>1473.9</ele>
				<extensions>
					<swisstopo:routepoint_id>1330237282</swisstopo:routepoint_id>
				</extensions>
			</trkpt>
			<trkpt lat="46.6422934702" lon="8.0833329774">
				<ele>1472.7</ele>
				<extensions>
					<swisstopo:routepoint_id>1183003144</swisstopo:routepoint_id>
				</extensions>
			</trkpt>
			<trkpt lat="46.6422741335" lon="8.0833177911">
				<ele>1472.5</ele>
				<extensions>
					<swisstopo:routepoint_id>748565610</swisstopo:routepoint_id>
				</extensions>
			</trkpt>
			<trkpt lat="46.6422569113" lon="8.0832995997">
				<ele>1472.0</ele>
				<extensions>
					<swisstopo:routepoint_id>1186673957</swisstopo:routepoint_id>
				</extensions>
			</trkpt>
			<trkpt lat="46.6422393737" lon="8.0832971698">
				<ele>1471.5</ele>
				<extensions>
					<swisstopo:routepoint_id>1678882270</swisstopo:routepoint_id>
				</extensions>
			</trkpt>
			<trkpt lat="46.6422311843" lon="8.0832914686">
				<ele>1471.3</ele>
				<extensions>
					<swisstopo:routepoint_id>1591898028</swisstopo:routepoint_id>
				</extensions>
			</trkpt>
			<trkpt lat="46.6422289438" lon="8.0832676831">
				<ele>1470.7</ele>
				<extensions>
					<swisstopo:routepoint_id>1271948838</swisstopo:routepoint_id>
				</extensions>
			</trkpt>
			<trkpt lat="46.6422096922" lon="8.0832390444">
				<ele>1470.2</ele>
				<extensions>
					<swisstopo:routepoint_id>1343610549</swisstopo:routepoint_id>
				</extensions>
			</trkpt>
			<trkpt lat="46.6422044352" lon="8.0831841888">
				<ele>1469.2</ele>
				<extensions>
					<swisstopo:routepoint_id>472201802</swisstopo:routepoint_id>
				</extensions>
			</trkpt>
			<trkpt lat="46.6421991320" lon="8.0831452678">
				<ele>1468.6</ele>
				<extensions>
					<swisstopo:routepoint_id>665215212</swisstopo:routepoint_id>
				</extensions>
			</trkpt>
			<trkpt lat="46.6421913385" lon="8.0831171711">
				<ele>1468.2</ele>
				<extensions>
					<swisstopo:routepoint_id>1357246178</swisstopo:routepoint_id>
				</extensions>
			</trkpt>
			<trkpt lat="46.6421953398" lon="8.0830840426">
				<ele>1467.6</ele>
				<extensions>
					<swisstopo:routepoint_id>771830694</swisstopo:routepoint_id>
				</extensions>
			</trkpt>
			<trkpt lat="46.6421917141" lon="8.0830508235">
				<ele>1466.5</ele>
				<extensions>
					<swisstopo:routepoint_id>71854444</swisstopo:routepoint_id>
				</extensions>
			</trkpt>
			<trkpt lat="46.6421804933" lon="8.0830147574">
				<ele>1466.1</ele>
				<extensions>
					<swisstopo:routepoint_id>445804861</swisstopo:routepoint_id>
				</extensions>
			</trkpt>
			<trkpt lat="46.6421790183" lon="8.0829400937">
				<ele>1465.1</ele>
				<extensions>
					<swisstopo:routepoint_id>907216023</swisstopo:routepoint_id>
				</extensions>
			</trkpt>
			<trkpt lat="46.6421759244" lon="8.0829161282">
				<ele>1464.7</ele>
				<extensions>
					<swisstopo:routepoint_id>1779934219</swisstopo:routepoint_id>
				</extensions>
			</trkpt>
			<trkpt lat="46.6421618003" lon="8.0828876163">
				<ele>1464.2</ele>
				<extensions>
					<swisstopo:routepoint_id>975909594</swisstopo:routepoint_id>
				</extensions>
			</trkpt>
			<trkpt lat="46.6421389022" lon="8.0828563350">
				<ele>1463.6</ele>
				<extensions>
					<swisstopo:routepoint_id>1336054318</swisstopo:routepoint_id>
				</extensions>
			</trkpt>
			<trkpt lat="46.6421191679" lon="8.0828415491">
				<ele>1463.7</ele>
				<extensions>
					<swisstopo:routepoint_id>1351025207</swisstopo:routepoint_id>
				</extensions>
			</trkpt>
			<trkpt lat="46.6420939015" lon="8.0828395496">
				<ele>1463.1</ele>
				<extensions>
					<swisstopo:routepoint_id>1314866291</swisstopo:routepoint_id>
				</extensions>
			</trkpt>
			<trkpt lat="46.6420406491" lon="8.0828278639">
				<ele>1460.9</ele>
				<extensions>
					<swisstopo:routepoint_id>929755809</swisstopo:routepoint_id>
				</extensions>
			</trkpt>
			<trkpt lat="46.6420178477" lon="8.0828192979">
				<ele>1460.5</ele>
				<extensions>
					<swisstopo:routepoint_id>2092596504</swisstopo:routepoint_id>
				</extensions>
			</trkpt>
			<trkpt lat="46.6420046580" lon="8.0827942585">
				<ele>1459.6</ele>
				<extensions>
					<swisstopo:routepoint_id>445797320</swisstopo:routepoint_id>
				</extensions>
			</trkpt>
			<trkpt lat="46.6420162532" lon="8.0827639768">
				<ele>1459.1</ele>
				<extensions>
					<swisstopo:routepoint_id>626626144</swisstopo:routepoint_id>
				</extensions>
			</trkpt>
			<trkpt lat="46.6420259363" lon="8.0827364544">
				<ele>1458.5</ele>
				<extensions>
					<swisstopo:routepoint_id>330458698</swisstopo:routepoint_id>
				</extensions>
			</trkpt>
			<trkpt lat="46.6420184891" lon="8.0827059457">
				<ele>1457.9</ele>
				<extensions>
					<swisstopo:routepoint_id>1399391406</swisstopo:routepoint_id>
				</extensions>
			</trkpt>
			<trkpt lat="46.6419900550" lon="8.0826834803">
				<ele>1457.2</ele>
				<extensions>
					<swisstopo:routepoint_id>323860472</swisstopo:routepoint_id>
				</extensions>
			</trkpt>
			<trkpt lat="46.6419405692" lon="8.0826801338">
				<ele>1456.3</ele>
				<extensions>
					<swisstopo:routepoint_id>2134342280</swisstopo:routepoint_id>
				</extensions>
			</trkpt>
			<trkpt lat="46.6419312000" lon="8.0826523843">
				<ele>1455.7</ele>
				<extensions>
					<swisstopo:routepoint_id>2017920872</swisstopo:routepoint_id>
				</extensions>
			</trkpt>
			<trkpt lat="46.6419333096" lon="8.0826164514">
				<ele>1455.0</ele>
				<extensions>
					<swisstopo:routepoint_id>720760736</swisstopo:routepoint_id>
				</extensions>
			</trkpt>
			<trkpt lat="46.6419639960" lon="8.0825781296">
				<ele>1453.7</ele>
				<extensions>
					<swisstopo:routepoint_id>1332333715</swisstopo:routepoint_id>
				</extensions>
			</trkpt>
			<trkpt lat="46.6419796161" lon="8.0825091821">
				<ele>1452.2</ele>
				<extensions>
					<swisstopo:routepoint_id>1754149333</swisstopo:routepoint_id>
				</extensions>
			</trkpt>
			<trkpt lat="46.6420067225" lon="8.0824293478">
				<ele>1450.5</ele>
				<extensions>
					<swisstopo:routepoint_id>82518064</swisstopo:routepoint_id>
				</extensions>
			</trkpt>
			<trkpt lat="46.6420603034" lon="8.0823829790">
				<ele>1448.7</ele>
				<extensions>
					<swisstopo:routepoint_id>889178391</swisstopo:routepoint_id>
				</extensions>
			</trkpt>
			<trkpt lat="46.6421012241" lon="8.0823291708">
				<ele>1447.7</ele>
				<extensions>
					<swisstopo:routepoint_id>1526431179</swisstopo:routepoint_id>
				</extensions>
			</trkpt>
			<trkpt lat="46.6421191129" lon="8.0822996042">
				<ele>1447.4</ele>
				<extensions>
					<swisstopo:routepoint_id>596663746</swisstopo:routepoint_id>
				</extensions>
			</trkpt>
			<trkpt lat="46.6421279791" lon="8.0822636863">
				<ele>1447.2</ele>
				<extensions>
					<swisstopo:routepoint_id>1639493029</swisstopo:routepoint_id>
				</extensions>
			</trkpt>
			<trkpt lat="46.6421422879" lon="8.0822118072">
				<ele>1446.7</ele>
				<extensions>
					<swisstopo:routepoint_id>674612106</swisstopo:routepoint_id>
				</extensions>
			</trkpt>
			<trkpt lat="46.6421369171" lon="8.0821768041">
				<ele>1445.9</ele>
				<extensions>
					<swisstopo:routepoint_id>169084041</swisstopo:routepoint_id>
				</extensions>
			</trkpt>
			<trkpt lat="46.6421385223" lon="8.0821411131">
				<ele>1445.1</ele>
				<extensions>
					<swisstopo:routepoint_id>1222671512</swisstopo:routepoint_id>
				</extensions>
			</trkpt>
			<trkpt lat="46.6421484015" lon="8.0821041104">
				<ele>1444.4</ele>
				<extensions>
					<swisstopo:routepoint_id>1535906236</swisstopo:routepoint_id>
				</extensions>
			</trkpt>
			<trkpt lat="46.6421474030" lon="8.0820612570">
				<ele>1443.5</ele>
				<extensions>
					<swisstopo:routepoint_id>1341198564</swisstopo:routepoint_id>
				</extensions>
			</trkpt>
			<trkpt lat="46.6421412019" lon="8.0820410293">
				<ele>1443.4</ele>
				<extensions>
					<swisstopo:routepoint_id>863315328</swisstopo:routepoint_id>
				</extensions>
			</trkpt>
			<trkpt lat="46.6421715922" lon="8.0819754575">
				<ele>1442.8</ele>
				<extensions>
					<swisstopo:routepoint_id>467701164</swisstopo:routepoint_id>
				</extensions>
			</trkpt>
			<trkpt lat="46.6421932292" lon="8.0819225030">
				<ele>1442.4</ele>
				<extensions>
					<swisstopo:routepoint_id>45642849</swisstopo:routepoint_id>
				</extensions>
			</trkpt>
			<trkpt lat="46.6422108941" lon="8.0818577199">
				<ele>1441.6</ele>
				<extensions>
					<swisstopo:routepoint_id>1610839054</swisstopo:routepoint_id>
				</extensions>
			</trkpt>
			<trkpt lat="46.6422201781" lon="8.0817796971">
				<ele>1441.0</ele>
				<extensions>
					<swisstopo:routepoint_id>205044006</swisstopo:routepoint_id>
				</extensions>
			</trkpt>
			<trkpt lat="46.6422208052" lon="8.0817037131">
				<ele>1440.5</ele>
				<extensions>
					<swisstopo:routepoint_id>498327558</swisstopo:routepoint_id>
				</extensions>
			</trkpt>
			<trkpt lat="46.6422040916" lon="8.0816288678">
				<ele>1439.7</ele>
				<extensions>
					<swisstopo:routepoint_id>524027415</swisstopo:routepoint_id>
				</extensions>
			</trkpt>
			<trkpt lat="46.6421834473" lon="8.0815760888">
				<ele>1439.3</ele>
				<extensions>
					<swisstopo:routepoint_id>198335137</swisstopo:routepoint_id>
				</extensions>
			</trkpt>
			<trkpt lat="46.6421776348" lon="8.0814996755">
				<ele>1438.6</ele>
				<extensions>
					<swisstopo:routepoint_id>25949754</swisstopo:routepoint_id>
				</extensions>
			</trkpt>
			<trkpt lat="46.6421645474" lon="8.0814580494">
				<ele>1438.0</ele>
				<extensions>
					<swisstopo:routepoint_id>1079812593</swisstopo:routepoint_id>
				</extensions>
			</trkpt>
			<trkpt lat="46.6421381508" lon="8.0814107531">
				<ele>1437.6</ele>
				<extensions>
					<swisstopo:routepoint_id>1204965229</swisstopo:routepoint_id>
				</extensions>
			</trkpt>
			<trkpt lat="46.6421021683" lon="8.0813771485">
				<ele>1437.3</ele>
				<extensions>
					<swisstopo:routepoint_id>200547796</swisstopo:routepoint_id>
				</extensions>
			</trkpt>
			<trkpt lat="46.6420299815" lon="8.0813458690">
				<ele>1436.5</ele>
				<extensions>
					<swisstopo:routepoint_id>1074967601</swisstopo:routepoint_id>
				</extensions>
			</trkpt>
			<trkpt lat="46.6418875094" lon="8.0812861145">
				<ele>1435.4</ele>
				<extensions>
					<swisstopo:routepoint_id>2125953941</swisstopo:routepoint_id>
				</extensions>
			</trkpt>
			<trkpt lat="46.6418436446" lon="8.0811843798">
				<ele>1434.4</ele>
				<extensions>
					<swisstopo:routepoint_id>2116433486</swisstopo:routepoint_id>
				</extensions>
			</trkpt>
			<trkpt lat="46.6418135475" lon="8.0811281058">
				<ele>1433.7</ele>
				<extensions>
					<swisstopo:routepoint_id>469820094</swisstopo:routepoint_id>
				</extensions>
			</trkpt>
			<trkpt lat="46.6417035603" lon="8.0810202291">
				<ele>1432.7</ele>
				<extensions>
					<swisstopo:routepoint_id>184915729</swisstopo:routepoint_id>
				</extensions>
			</trkpt>
			<trkpt lat="46.6415573631" lon="8.0808952951">
				<ele>1432.6</ele>
				<extensions>
					<swisstopo:routepoint_id>1902681258</swisstopo:routepoint_id>
				</extensions>
			</trkpt>
			<trkpt lat="46.6414183106" lon="8.0807634718">
				<ele>1429.9</ele>
				<extensions>
					<swisstopo:routepoint_id>1089251698</swisstopo:routepoint_id>
				</extensions>
			</trkpt>
			<trkpt lat="46.6412202741" lon="8.0805611879">
				<ele>1427.0</ele>
				<extensions>
					<swisstopo:routepoint_id>745621249</swisstopo:routepoint_id>
				</extensions>
			</trkpt>
			<trkpt lat="46.6411107116" lon="8.0804466835">
				<ele>1424.8</ele>
				<extensions>
					<swisstopo:routepoint_id>1937980014</swisstopo:routepoint_id>
				</extensions>
			</trkpt>
			<trkpt lat="46.6410727071" lon="8.0803982580">
				<ele>1424.0</ele>
				<extensions>
					<swisstopo:routepoint_id>468148425</swisstopo:routepoint_id>
				</extensions>
			</trkpt>
			<trkpt lat="46.6410461135" lon="8.0803507779">
				<ele>1423.6</ele>
				<extensions>
					<swisstopo:routepoint_id>1960196036</swisstopo:routepoint_id>
				</extensions>
			</trkpt>
			<trkpt lat="46.6410262822" lon="8.0802892591">
				<ele>1422.9</ele>
				<extensions>
					<swisstopo:routepoint_id>1804018226</swisstopo:routepoint_id>
				</extensions>
			</trkpt>
			<trkpt lat="46.6410041674" lon="8.0802242913">
				<ele>1421.9</ele>
				<extensions>
					<swisstopo:routepoint_id>1121316893</swisstopo:routepoint_id>
				</extensions>
			</trkpt>
			<trkpt lat="46.6409765826" lon="8.0801467177">
				<ele>1421.2</ele>
				<extensions>
					<swisstopo:routepoint_id>1309869470</swisstopo:routepoint_id>
				</extensions>
			</trkpt>
			<trkpt lat="46.6409249298" lon="8.0799692046">
				<ele>1419.3</ele>
				<extensions>
					<swisstopo:routepoint_id>1821995549</swisstopo:routepoint_id>
				</extensions>
			</trkpt>
			<trkpt lat="46.6409182084" lon="8.0799405280">
				<ele>1418.9</ele>
				<extensions>
					<swisstopo:routepoint_id>106160137</swisstopo:routepoint_id>
				</extensions>
			</trkpt>
			<trkpt lat="46.6409035882" lon="8.0798262353">
				<ele>1417.4</ele>
				<extensions>
					<swisstopo:routepoint_id>949999826</swisstopo:routepoint_id>
				</extensions>
			</trkpt>
			<trkpt lat="46.6408940966" lon="8.0797816714">
				<ele>1416.8</ele>
				<extensions>
					<swisstopo:routepoint_id>2082375855</swisstopo:routepoint_id>
				</extensions>
			</trkpt>
			<trkpt lat="46.6408694389" lon="8.0796986878">
				<ele>1415.2</ele>
				<extensions>
					<swisstopo:routepoint_id>1706662341</swisstopo:routepoint_id>
				</extensions>
			</trkpt>
			<trkpt lat="46.6408552219" lon="8.0796258792">
				<ele>1414.4</ele>
				<extensions>
					<swisstopo:routepoint_id>622740196</swisstopo:routepoint_id>
				</extensions>
			</trkpt>
			<trkpt lat="46.6408479456" lon="8.0795825917">
				<ele>1413.8</ele>
				<extensions>
					<swisstopo:routepoint_id>1247614272</swisstopo:routepoint_id>
				</extensions>
			</trkpt>
			<trkpt lat="46.6408423108" lon="8.0795255100">
				<ele>1413.2</ele>
				<extensions>
					<swisstopo:routepoint_id>2065910824</swisstopo:routepoint_id>
				</extensions>
			</trkpt>
			<trkpt lat="46.6408260667" lon="8.0794101268">
				<ele>1412.1</ele>
				<extensions>
					<swisstopo:routepoint_id>1520879174</swisstopo:routepoint_id>
				</extensions>
			</trkpt>
			<trkpt lat="46.6408104484" lon="8.0793318299">
				<ele>1410.6</ele>
				<extensions>
					<swisstopo:routepoint_id>432602667</swisstopo:routepoint_id>
				</extensions>
			</trkpt>
			<trkpt lat="46.6407908130" lon="8.0792656408">
				<ele>1409.4</ele>
				<extensions>
					<swisstopo:routepoint_id>476747432</swisstopo:routepoint_id>
				</extensions>
			</trkpt>
			<trkpt lat="46.6407644671" lon="8.0792015660">
				<ele>1408.4</ele>
				<extensions>
					<swisstopo:routepoint_id>1900654251</swisstopo:routepoint_id>
				</extensions>
			</trkpt>
			<trkpt lat="46.6407232744" lon="8.0791187821">
				<ele>1407.3</ele>
				<extensions>
					<swisstopo:routepoint_id>68216186</swisstopo:routepoint_id>
				</extensions>
			</trkpt>
			<trkpt lat="46.6406964796" lon="8.0790618704">
				<ele>1406.6</ele>
				<extensions>
					<swisstopo:routepoint_id>1286679868</swisstopo:routepoint_id>
				</extensions>
			</trkpt>
			<trkpt lat="46.6406716275" lon="8.0790258362">
				<ele>1406.2</ele>
				<extensions>
					<swisstopo:routepoint_id>1868759149</swisstopo:routepoint_id>
				</extensions>
			</trkpt>
			<trkpt lat="46.6406115871" lon="8.0789850605">
				<ele>1404.7</ele>
				<extensions>
					<swisstopo:routepoint_id>1818706700</swisstopo:routepoint_id>
				</extensions>
			</trkpt>
			<trkpt lat="46.6405774096" lon="8.0789591706">
				<ele>1404.0</ele>
				<extensions>
					<swisstopo:routepoint_id>600386558</swisstopo:routepoint_id>
				</extensions>
			</trkpt>
			<trkpt lat="46.6405565277" lon="8.0789388594">
				<ele>1403.1</ele>
				<extensions>
					<swisstopo:routepoint_id>1238541047</swisstopo:routepoint_id>
				</extensions>
			</trkpt>
			<trkpt lat="46.6405312939" lon="8.0788980504">
				<ele>1402.7</ele>
				<extensions>
					<swisstopo:routepoint_id>1645536559</swisstopo:routepoint_id>
				</extensions>
			</trkpt>
			<trkpt lat="46.6404828311" lon="8.0788199639">
				<ele>1402.4</ele>
				<extensions>
					<swisstopo:routepoint_id>782453020</swisstopo:routepoint_id>
				</extensions>
			</trkpt>
			<trkpt lat="46.6404442023" lon="8.0787717132">
				<ele>1401.2</ele>
				<extensions>
					<swisstopo:routepoint_id>2136030617</swisstopo:routepoint_id>
				</extensions>
			</trkpt>
			<trkpt lat="46.6403844512" lon="8.0787365535">
				<ele>1399.9</ele>
				<extensions>
					<swisstopo:routepoint_id>2144033090</swisstopo:routepoint_id>
				</extensions>
			</trkpt>
			<trkpt lat="46.6403596619" lon="8.0787197675">
				<ele>1399.3</ele>
				<extensions>
					<swisstopo:routepoint_id>1128492421</swisstopo:routepoint_id>
				</extensions>
			</trkpt>
			<trkpt lat="46.6403347804" lon="8.0786897025">
				<ele>1398.5</ele>
				<extensions>
					<swisstopo:routepoint_id>265707562</swisstopo:routepoint_id>
				</extensions>
			</trkpt>
			<trkpt lat="46.6402528063" lon="8.0785414630">
				<ele>1396.6</ele>
				<extensions>
					<swisstopo:routepoint_id>1499817264</swisstopo:routepoint_id>
				</extensions>
			</trkpt>
			<trkpt lat="46.6401990549" lon="8.0784359809">
				<ele>1395.1</ele>
				<extensions>
					<swisstopo:routepoint_id>1685928426</swisstopo:routepoint_id>
				</extensions>
			</trkpt>
			<trkpt lat="46.6401571606" lon="8.0783739933">
				<ele>1394.3</ele>
				<extensions>
					<swisstopo:routepoint_id>1762092308</swisstopo:routepoint_id>
				</extensions>
			</trkpt>
			<trkpt lat="46.6400369549" lon="8.0781981720">
				<ele>1390.6</ele>
				<extensions>
					<swisstopo:routepoint_id>1258031689</swisstopo:routepoint_id>
				</extensions>
			</trkpt>
			<trkpt lat="46.6399970436" lon="8.0781334277">
				<ele>1389.3</ele>
				<extensions>
					<swisstopo:routepoint_id>2004708096</swisstopo:routepoint_id>
				</extensions>
			</trkpt>
			<trkpt lat="46.6399588173" lon="8.0780557063">
				<ele>1388.2</ele>
				<extensions>
					<swisstopo:routepoint_id>1346337384</swisstopo:routepoint_id>
				</extensions>
			</trkpt>
			<trkpt lat="46.6399202294" lon="8.0779617950">
				<ele>1386.6</ele>
				<extensions>
					<swisstopo:routepoint_id>919535828</swisstopo:routepoint_id>
				</extensions>
			</trkpt>
			<trkpt lat="46.6398624536" lon="8.0778376319">
				<ele>1385.2</ele>
				<extensions>
					<swisstopo:routepoint_id>936376492</swisstopo:routepoint_id>
				</extensions>
			</trkpt>
			<trkpt lat="46.6398136556" lon="8.0777119809">
				<ele>1384.0</ele>
				<extensions>
					<swisstopo:routepoint_id>453267143</swisstopo:routepoint_id>
				</extensions>
			</trkpt>
			<trkpt lat="46.6397774303" lon="8.0776267457">
				<ele>1383.6</ele>
				<extensions>
					<swisstopo:routepoint_id>814836466</swisstopo:routepoint_id>
				</extensions>
			</trkpt>
			<trkpt lat="46.6397292616" lon="8.0775344689">
				<ele>1383.3</ele>
				<extensions>
					<swisstopo:routepoint_id>12186933</swisstopo:routepoint_id>
				</extensions>
			</trkpt>
			<trkpt lat="46.6396675459" lon="8.0774391367">
				<ele>1382.7</ele>
				<extensions>
					<swisstopo:routepoint_id>1976268326</swisstopo:routepoint_id>
				</extensions>
			</trkpt>
			<trkpt lat="46.6396021912" lon="8.0773559169">
				<ele>1381.1</ele>
				<extensions>
					<swisstopo:routepoint_id>2002195367</swisstopo:routepoint_id>
				</extensions>
			</trkpt>
			<trkpt lat="46.6395507992" lon="8.0772916373">
				<ele>1379.9</ele>
				<extensions>
					<swisstopo:routepoint_id>103359849</swisstopo:routepoint_id>
				</extensions>
			</trkpt>
			<trkpt lat="46.6395255480" lon="8.0772397203">
				<ele>1379.1</ele>
				<extensions>
					<swisstopo:routepoint_id>1594104203</swisstopo:routepoint_id>
				</extensions>
			</trkpt>
			<trkpt lat="46.6395058321" lon="8.0771884684">
				<ele>1378.5</ele>
				<extensions>
					<swisstopo:routepoint_id>1748798435</swisstopo:routepoint_id>
				</extensions>
			</trkpt>
			<trkpt lat="46.6394902912" lon="8.0771141162">
				<ele>1377.7</ele>
				<extensions>
					<swisstopo:routepoint_id>1585130210</swisstopo:routepoint_id>
				</extensions>
			</trkpt>
			<trkpt lat="46.6394730716" lon="8.0770163775">
				<ele>1376.9</ele>
				<extensions>
					<swisstopo:routepoint_id>563701761</swisstopo:routepoint_id>
				</extensions>
			</trkpt>
			<trkpt lat="46.6394597389" lon="8.0769774712">
				<ele>1376.5</ele>
				<extensions>
					<swisstopo:routepoint_id>90369170</swisstopo:routepoint_id>
				</extensions>
			</trkpt>
			<trkpt lat="46.6393379807" lon="8.0767256195">
				<ele>1374.7</ele>
				<extensions>
					<swisstopo:routepoint_id>1651601356</swisstopo:routepoint_id>
				</extensions>
			</trkpt>
			<trkpt lat="46.6392832092" lon="8.0766286618">
				<ele>1373.2</ele>
				<extensions>
					<swisstopo:routepoint_id>2035013754</swisstopo:routepoint_id>
				</extensions>
			</trkpt>
			<trkpt lat="46.6392467821" lon="8.0765792790">
				<ele>1372.1</ele>
				<extensions>
					<swisstopo:routepoint_id>391362524</swisstopo:routepoint_id>
				</extensions>
			</trkpt>
			<trkpt lat="46.6391838571" lon="8.0764926840">
				<ele>1369.9</ele>
				<extensions>
					<swisstopo:routepoint_id>574235906</swisstopo:routepoint_id>
				</extensions>
			</trkpt>
			<trkpt lat="46.6391411761" lon="8.0764211366">
				<ele>1368.7</ele>
				<extensions>
					<swisstopo:routepoint_id>638772237</swisstopo:routepoint_id>
				</extensions>
			</trkpt>
			<trkpt lat="46.6390742511" lon="8.0762825071">
				<ele>1366.2</ele>
				<extensions>
					<swisstopo:routepoint_id>915277214</swisstopo:routepoint_id>
				</extensions>
			</trkpt>
			<trkpt lat="46.6390516142" lon="8.0762366549">
				<ele>1365.2</ele>
				<extensions>
					<swisstopo:routepoint_id>96906520</swisstopo:routepoint_id>
				</extensions>
			</trkpt>
			<trkpt lat="46.6390286280" lon="8.0761629809">
				<ele>1364.5</ele>
				<extensions>
					<swisstopo:routepoint_id>359048370</swisstopo:routepoint_id>
				</extensions>
			</trkpt>
			<trkpt lat="46.6390028513" lon="8.0760738154">
				<ele>1363.7</ele>
				<extensions>
					<swisstopo:routepoint_id>450549556</swisstopo:routepoint_id>
				</extensions>
			</trkpt>
			<trkpt lat="46.6389805538" lon="8.0760246129">
				<ele>1363.0</ele>
				<extensions>
					<swisstopo:routepoint_id>518530326</swisstopo:routepoint_id>
				</extensions>
			</trkpt>
			<trkpt lat="46.6389557341" lon="8.0759826125">
				<ele>1362.6</ele>
				<extensions>
					<swisstopo:routepoint_id>1055564999</swisstopo:routepoint_id>
				</extensions>
			</trkpt>
			<trkpt lat="46.6388793621" lon="8.0758891128">
				<ele>1361.4</ele>
				<extensions>
					<swisstopo:routepoint_id>221110387</swisstopo:routepoint_id>
				</extensions>
			</trkpt>
			<trkpt lat="46.6388605405" lon="8.0758576803">
				<ele>1361.1</ele>
				<extensions>
					<swisstopo:routepoint_id>2084760177</swisstopo:routepoint_id>
				</extensions>
			</trkpt>
			<trkpt lat="46.6388497835" lon="8.0758278225">
				<ele>1360.9</ele>
				<extensions>
					<swisstopo:routepoint_id>1067668866</swisstopo:routepoint_id>
				</extensions>
			</trkpt>
			<trkpt lat="46.6388430389" lon="8.0757795435">
				<ele>1360.4</ele>
				<extensions>
					<swisstopo:routepoint_id>436792216</swisstopo:routepoint_id>
				</extensions>
			</trkpt>
			<trkpt lat="46.6388488603" lon="8.0755995951">
				<ele>1358.7</ele>
				<extensions>
					<swisstopo:routepoint_id>983879388</swisstopo:routepoint_id>
				</extensions>
			</trkpt>
			<trkpt lat="46.6388660915" lon="8.0753783163">
				<ele>1355.7</ele>
				<extensions>
					<swisstopo:routepoint_id>91033036</swisstopo:routepoint_id>
				</extensions>
			</trkpt>
			<trkpt lat="46.6388804679" lon="8.0751082176">
				<ele>1352.3</ele>
				<extensions>
					<swisstopo:routepoint_id>829636601</swisstopo:routepoint_id>
				</extensions>
			</trkpt>
			<trkpt lat="46.6388966591" lon="8.0749926740">
				<ele>1350.2</ele>
				<extensions>
					<swisstopo:routepoint_id>1342178727</swisstopo:routepoint_id>
				</extensions>
			</trkpt>
			<trkpt lat="46.6389102881" lon="8.0749103256">
				<ele>1349.1</ele>
				<extensions>
					<swisstopo:routepoint_id>1973919769</swisstopo:routepoint_id>
				</extensions>
			</trkpt>
			<trkpt lat="46.6389281259" lon="8.0748412278">
				<ele>1348.0</ele>
				<extensions>
					<swisstopo:routepoint_id>454989927</swisstopo:routepoint_id>
				</extensions>
			</trkpt>
			<trkpt lat="46.6389278887" lon="8.0747531933">
				<ele>1346.4</ele>
				<extensions>
					<swisstopo:routepoint_id>1009818424</swisstopo:routepoint_id>
				</extensions>
			</trkpt>
			<trkpt lat="46.6389118082" lon="8.0746304838">
				<ele>1344.4</ele>
				<extensions>
					<swisstopo:routepoint_id>1908863451</swisstopo:routepoint_id>
				</extensions>
			</trkpt>
			<trkpt lat="46.6388941007" lon="8.0745599722">
				<ele>1342.9</ele>
				<extensions>
					<swisstopo:routepoint_id>534333194</swisstopo:routepoint_id>
				</extensions>
			</trkpt>
			<trkpt lat="46.6388745381" lon="8.0744818244">
				<ele>1342.1</ele>
				<extensions>
					<swisstopo:routepoint_id>598010222</swisstopo:routepoint_id>
				</extensions>
			</trkpt>
			<trkpt lat="46.6388700330" lon="8.0744673842">
				<ele>1342.0</ele>
				<extensions>
					<swisstopo:routepoint_id>1509164477</swisstopo:routepoint_id>
				</extensions>
			</trkpt>
			<trkpt lat="46.6388555296" lon="8.0744208889">
				<ele>1341.8</ele>
				<extensions>
					<swisstopo:routepoint_id>649177491</swisstopo:routepoint_id>
				</extensions>
			</trkpt>
			<trkpt lat="46.6388082432" lon="8.0743895936">
				<ele>1341.9</ele>
				<extensions>
					<swisstopo:routepoint_id>1165841017</swisstopo:routepoint_id>
				</extensions>
			</trkpt>
			<trkpt lat="46.6387622458" lon="8.0743595124">
				<ele>1341.9</ele>
				<extensions>
					<swisstopo:routepoint_id>766836152</swisstopo:routepoint_id>
				</extensions>
			</trkpt>
			<trkpt lat="46.6387144986" lon="8.0744201970">
				<ele>1341.4</ele>
				<extensions>
					<swisstopo:routepoint_id>719408566</swisstopo:routepoint_id>
				</extensions>
			</trkpt>
			<trkpt lat="46.6386666699" lon="8.0744938646">
				<ele>1340.7</ele>
				<extensions>
					<swisstopo:routepoint_id>558794871</swisstopo:routepoint_id>
				</extensions>
			</trkpt>
			<trkpt lat="46.6386355826" lon="8.0744548267">
				<ele>1340.2</ele>
				<extensions>
					<swisstopo:routepoint_id>621905260</swisstopo:routepoint_id>
				</extensions>
			</trkpt>
			<trkpt lat="46.6385677116" lon="8.0743946807">
				<ele>1339.5</ele>
				<extensions>
					<swisstopo:routepoint_id>991429019</swisstopo:routepoint_id>
				</extensions>
			</trkpt>
			<trkpt lat="46.6384563750" lon="8.0743159499">
				<ele>1337.9</ele>
				<extensions>
					<swisstopo:routepoint_id>705750200</swisstopo:routepoint_id>
				</extensions>
			</trkpt>
			<trkpt lat="46.6383570171" lon="8.0742513011">
				<ele>1336.6</ele>
				<extensions>
					<swisstopo:routepoint_id>3491867</swisstopo:routepoint_id>
				</extensions>
			</trkpt>
			<trkpt lat="46.6383051015" lon="8.0742223112">
				<ele>1336.0</ele>
				<extensions>
					<swisstopo:routepoint_id>446184113</swisstopo:routepoint_id>
				</extensions>
			</trkpt>
			<trkpt lat="46.6382570049" lon="8.0742070900">
				<ele>1335.6</ele>
				<extensions>
					<swisstopo:routepoint_id>790175823</swisstopo:routepoint_id>
				</extensions>
			</trkpt>
			<trkpt lat="46.6382143263" lon="8.0742096357">
				<ele>1334.9</ele>
				<extensions>
					<swisstopo:routepoint_id>1386002576</swisstopo:routepoint_id>
				</extensions>
			</trkpt>
			<trkpt lat="46.6381755196" lon="8.0742283230">
				<ele>1334.2</ele>
				<extensions>
					<swisstopo:routepoint_id>1985677508</swisstopo:routepoint_id>
				</extensions>
			</trkpt>
			<trkpt lat="46.6381256199" lon="8.0742669805">
				<ele>1333.3</ele>
				<extensions>
					<swisstopo:routepoint_id>368232645</swisstopo:routepoint_id>
				</extensions>
			</trkpt>
			<trkpt lat="46.6380647660" lon="8.0743385553">
				<ele>1332.5</ele>
				<extensions>
					<swisstopo:routepoint_id>1624657750</swisstopo:routepoint_id>
				</extensions>
			</trkpt>
			<trkpt lat="46.6379404469" lon="8.0744977824">
				<ele>1330.6</ele>
				<extensions>
					<swisstopo:routepoint_id>1672391898</swisstopo:routepoint_id>
				</extensions>
			</trkpt>
			<trkpt lat="46.6378920786" lon="8.0745501046">
				<ele>1330.1</ele>
				<extensions>
					<swisstopo:routepoint_id>975647649</swisstopo:routepoint_id>
				</extensions>
			</trkpt>
			<trkpt lat="46.6378294896" lon="8.0745965070">
				<ele>1329.3</ele>
				<extensions>
					<swisstopo:routepoint_id>1063897453</swisstopo:routepoint_id>
				</extensions>
			</trkpt>
			<trkpt lat="46.6377542860" lon="8.0746348912">
				<ele>1328.5</ele>
				<extensions>
					<swisstopo:routepoint_id>861893324</swisstopo:routepoint_id>
				</extensions>
			</trkpt>
			<trkpt lat="46.6376151357" lon="8.0747009126">
				<ele>1326.3</ele>
				<extensions>
					<swisstopo:routepoint_id>1337453039</swisstopo:routepoint_id>
				</extensions>
			</trkpt>
			<trkpt lat="46.6374480776" lon="8.0747743720">
				<ele>1324.1</ele>
				<extensions>
					<swisstopo:routepoint_id>433102846</swisstopo:routepoint_id>
				</extensions>
			</trkpt>
			<trkpt lat="46.6373341527" lon="8.0748224261">
				<ele>1322.7</ele>
				<extensions>
					<swisstopo:routepoint_id>1930039483</swisstopo:routepoint_id>
				</extensions>
			</trkpt>
			<trkpt lat="46.6372690572" lon="8.0748394508">
				<ele>1321.9</ele>
				<extensions>
					<swisstopo:routepoint_id>1533903953</swisstopo:routepoint_id>
				</extensions>
			</trkpt>
			<trkpt lat="46.6372118272" lon="8.0748339169">
				<ele>1321.4</ele>
				<extensions>
					<swisstopo:routepoint_id>1606327770</swisstopo:routepoint_id>
				</extensions>
			</trkpt>
			<trkpt lat="46.6371377805" lon="8.0748083649">
				<ele>1320.1</ele>
				<extensions>
					<swisstopo:routepoint_id>744502056</swisstopo:routepoint_id>
				</extensions>
			</trkpt>
			<trkpt lat="46.6369684849" lon="8.0747013524">
				<ele>1318.5</ele>
				<extensions>
					<swisstopo:routepoint_id>268751271</swisstopo:routepoint_id>
				</extensions>
			</trkpt>
			<trkpt lat="46.6368040356" lon="8.0745940918">
				<ele>1316.5</ele>
				<extensions>
					<swisstopo:routepoint_id>65563626</swisstopo:routepoint_id>
				</extensions>
			</trkpt>
			<trkpt lat="46.6367267281" lon="8.0745546510">
				<ele>1315.6</ele>
				<extensions>
					<swisstopo:routepoint_id>1512199353</swisstopo:routepoint_id>
				</extensions>
			</trkpt>
			<trkpt lat="46.6366705622" lon="8.0745363632">
				<ele>1314.6</ele>
				<extensions>
					<swisstopo:routepoint_id>1281782630</swisstopo:routepoint_id>
				</extensions>
			</trkpt>
			<trkpt lat="46.6366062126" lon="8.0745252361">
				<ele>1314.0</ele>
				<extensions>
					<swisstopo:routepoint_id>22181023</swisstopo:routepoint_id>
				</extensions>
			</trkpt>
			<trkpt lat="46.6365132647" lon="8.0745225213">
				<ele>1312.9</ele>
				<extensions>
					<swisstopo:routepoint_id>1618376275</swisstopo:routepoint_id>
				</extensions>
			</trkpt>
			<trkpt lat="46.6363854204" lon="8.0745217420">
				<ele>1310.9</ele>
				<extensions>
					<swisstopo:routepoint_id>1327659515</swisstopo:routepoint_id>
				</extensions>
			</trkpt>
			<trkpt lat="46.6362648126" lon="8.0745206145">
				<ele>1309.4</ele>
				<extensions>
					<swisstopo:routepoint_id>1113622160</swisstopo:routepoint_id>
				</extensions>
			</trkpt>
			<trkpt lat="46.6361997997" lon="8.0745118645">
				<ele>1308.7</ele>
				<extensions>
					<swisstopo:routepoint_id>1854182711</swisstopo:routepoint_id>
				</extensions>
			</trkpt>
			<trkpt lat="46.6361339426" lon="8.0744891010">
				<ele>1307.9</ele>
				<extensions>
					<swisstopo:routepoint_id>1640973355</swisstopo:routepoint_id>
				</extensions>
			</trkpt>
			<trkpt lat="46.6360721001" lon="8.0744545493">
				<ele>1307.1</ele>
				<extensions>
					<swisstopo:routepoint_id>43029421</swisstopo:routepoint_id>
				</extensions>
			</trkpt>
			<trkpt lat="46.6360208533" lon="8.0744127507">
				<ele>1306.4</ele>
				<extensions>
					<swisstopo:routepoint_id>1949693342</swisstopo:routepoint_id>
				</extensions>
			</trkpt>
			<trkpt lat="46.6359588152" lon="8.0743518856">
				<ele>1305.6</ele>
				<extensions>
					<swisstopo:routepoint_id>1582075607</swisstopo:routepoint_id>
				</extensions>
			</trkpt>
			<trkpt lat="46.6358726755" lon="8.0742524626">
				<ele>1304.1</ele>
				<extensions>
					<swisstopo:routepoint_id>1945440626</swisstopo:routepoint_id>
				</extensions>
			</trkpt>
			<trkpt lat="46.6357753754" lon="8.0741339437">
				<ele>1302.7</ele>
				<extensions>
					<swisstopo:routepoint_id>1049772333</swisstopo:routepoint_id>
				</extensions>
			</trkpt>
			<trkpt lat="46.6357535263" lon="8.0741073244">
				<ele>1302.4</ele>
				<extensions>
					<swisstopo:routepoint_id>1237801146</swisstopo:routepoint_id>
				</extensions>
			</trkpt>
			<trkpt lat="46.6356741127" lon="8.0740068718">
				<ele>1301.0</ele>
				<extensions>
					<swisstopo:routepoint_id>331772794</swisstopo:routepoint_id>
				</extensions>
			</trkpt>
			<trkpt lat="46.6355871225" lon="8.0739007952">
				<ele>1299.6</ele>
				<extensions>
					<swisstopo:routepoint_id>1028210429</swisstopo:routepoint_id>
				</extensions>
			</trkpt>
			<trkpt lat="46.6355229562" lon="8.0737977678">
				<ele>1298.7</ele>
				<extensions>
					<swisstopo:routepoint_id>1612558567</swisstopo:routepoint_id>
				</extensions>
			</trkpt>
			<trkpt lat="46.6354909448" lon="8.0737338010">
				<ele>1298.2</ele>
				<extensions>
					<swisstopo:routepoint_id>93498132</swisstopo:routepoint_id>
				</extensions>
			</trkpt>
			<trkpt lat="46.6354608769" lon="8.0736615929">
				<ele>1297.2</ele>
				<extensions>
					<swisstopo:routepoint_id>1075983417</swisstopo:routepoint_id>
				</extensions>
			</trkpt>
			<trkpt lat="46.6354273181" lon="8.0735340181">
				<ele>1296.5</ele>
				<extensions>
					<swisstopo:routepoint_id>156841698</swisstopo:routepoint_id>
				</extensions>
			</trkpt>
			<trkpt lat="46.6354107654" lon="8.0734287967">
				<ele>1295.5</ele>
				<extensions>
					<swisstopo:routepoint_id>764859520</swisstopo:routepoint_id>
				</extensions>
			</trkpt>
			<trkpt lat="46.6353999424" lon="8.0733208624">
				<ele>1294.8</ele>
				<extensions>
					<swisstopo:routepoint_id>1517224114</swisstopo:routepoint_id>
				</extensions>
			</trkpt>
			<trkpt lat="46.6354027735" lon="8.0731550338">
				<ele>1293.4</ele>
				<extensions>
					<swisstopo:routepoint_id>1869411732</swisstopo:routepoint_id>
				</extensions>
			</trkpt>
			<trkpt lat="46.6354091812" lon="8.0730307224">
				<ele>1292.7</ele>
				<extensions>
					<swisstopo:routepoint_id>966204157</swisstopo:routepoint_id>
				</extensions>
			</trkpt>
			<trkpt lat="46.6354040370" lon="8.0729283645">
				<ele>1291.9</ele>
				<extensions>
					<swisstopo:routepoint_id>59727558</swisstopo:routepoint_id>
				</extensions>
			</trkpt>
			<trkpt lat="46.6353930441" lon="8.0728508331">
				<ele>1291.2</ele>
				<extensions>
					<swisstopo:routepoint_id>294009615</swisstopo:routepoint_id>
				</extensions>
			</trkpt>
			<trkpt lat="46.6353823146" lon="8.0728024854">
				<ele>1290.8</ele>
				<extensions>
					<swisstopo:routepoint_id>1729299559</swisstopo:routepoint_id>
				</extensions>
			</trkpt>
			<trkpt lat="46.6353672737" lon="8.0727490620">
				<ele>1290.2</ele>
				<extensions>
					<swisstopo:routepoint_id>382783532</swisstopo:routepoint_id>
				</extensions>
			</trkpt>
			<trkpt lat="46.6353423165" lon="8.0727007640">
				<ele>1289.7</ele>
				<extensions>
					<swisstopo:routepoint_id>303484051</swisstopo:routepoint_id>
				</extensions>
			</trkpt>
			<trkpt lat="46.6353336861" lon="8.0726840317">
				<ele>1289.5</ele>
				<extensions>
					<swisstopo:routepoint_id>184778059</swisstopo:routepoint_id>
				</extensions>
			</trkpt>
			<trkpt lat="46.6353064446" lon="8.0726389591">
				<ele>1289.3</ele>
				<extensions>
					<swisstopo:routepoint_id>229363832</swisstopo:routepoint_id>
				</extensions>
			</trkpt>
			<trkpt lat="46.6352545785" lon="8.0725836494">
				<ele>1288.8</ele>
				<extensions>
					<swisstopo:routepoint_id>1751528244</swisstopo:routepoint_id>
				</extensions>
			</trkpt>
			<trkpt lat="46.6352034916" lon="8.0725413960">
				<ele>1287.8</ele>
				<extensions>
					<swisstopo:routepoint_id>870750586</swisstopo:routepoint_id>
				</extensions>
			</trkpt>
			<trkpt lat="46.6351552998" lon="8.0725187917">
				<ele>1287.4</ele>
				<extensions>
					<swisstopo:routepoint_id>1984880212</swisstopo:routepoint_id>
				</extensions>
			</trkpt>
			<trkpt lat="46.6351115640" lon="8.0725163650">
				<ele>1286.7</ele>
				<extensions>
					<swisstopo:routepoint_id>210304961</swisstopo:routepoint_id>
				</extensions>
			</trkpt>
			<trkpt lat="46.6350713829" lon="8.0725176404">
				<ele>1286.5</ele>
				<extensions>
					<swisstopo:routepoint_id>1791647885</swisstopo:routepoint_id>
				</extensions>
			</trkpt>
			<trkpt lat="46.6350530769" lon="8.0724936271">
				<ele>1286.1</ele>
				<extensions>
					<swisstopo:routepoint_id>1143293142</swisstopo:routepoint_id>
				</extensions>
			</trkpt>
			<trkpt lat="46.6349464371" lon="8.0724176260">
				<ele>1283.9</ele>
				<extensions>
					<swisstopo:routepoint_id>1860700908</swisstopo:routepoint_id>
				</extensions>
			</trkpt>
			<trkpt lat="46.6348564662" lon="8.0723251520">
				<ele>1281.0</ele>
				<extensions>
					<swisstopo:routepoint_id>768027454</swisstopo:routepoint_id>
				</extensions>
			</trkpt>
			<trkpt lat="46.6348069958" lon="8.0723089099">
				<ele>1280.1</ele>
				<extensions>
					<swisstopo:routepoint_id>1312403913</swisstopo:routepoint_id>
				</extensions>
			</trkpt>
			<trkpt lat="46.6347708255" lon="8.0723053988">
				<ele>1279.2</ele>
				<extensions>
					<swisstopo:routepoint_id>2081119686</swisstopo:routepoint_id>
				</extensions>
			</trkpt>
			<trkpt lat="46.6346860196" lon="8.0723108819">
				<ele>1277.2</ele>
				<extensions>
					<swisstopo:routepoint_id>334378434</swisstopo:routepoint_id>
				</extensions>
			</trkpt>
			<trkpt lat="46.6346214716" lon="8.0722769523">
				<ele>1275.4</ele>
				<extensions>
					<swisstopo:routepoint_id>604898076</swisstopo:routepoint_id>
				</extensions>
			</trkpt>
			<trkpt lat="46.6345021353" lon="8.0721649914">
				<ele>1271.3</ele>
				<extensions>
					<swisstopo:routepoint_id>1530503006</swisstopo:routepoint_id>
				</extensions>
			</trkpt>
			<trkpt lat="46.6343579214" lon="8.0720748408">
				<ele>1267.0</ele>
				<extensions>
					<swisstopo:routepoint_id>1422589751</swisstopo:routepoint_id>
				</extensions>
			</trkpt>
			<trkpt lat="46.6342319541" lon="8.0719941255">
				<ele>1262.9</ele>
				<extensions>
					<swisstopo:routepoint_id>368326915</swisstopo:routepoint_id>
				</extensions>
			</trkpt>
			<trkpt lat="46.6341407460" lon="8.0719194809">
				<ele>1260.3</ele>
				<extensions>
					<swisstopo:routepoint_id>1730965032</swisstopo:routepoint_id>
				</extensions>
			</trkpt>
			<trkpt lat="46.6340212416" lon="8.0718566202">
				<ele>1257.8</ele>
				<extensions>
					<swisstopo:routepoint_id>1866868986</swisstopo:routepoint_id>
				</extensions>
			</trkpt>
			<trkpt lat="46.6339505469" lon="8.0718206172">
				<ele>1256.7</ele>
				<extensions>
					<swisstopo:routepoint_id>1518439641</swisstopo:routepoint_id>
				</extensions>
			</trkpt>
			<trkpt lat="46.6338772909" lon="8.0717593963">
				<ele>1255.7</ele>
				<extensions>
					<swisstopo:routepoint_id>1397417719</swisstopo:routepoint_id>
				</extensions>
			</trkpt>
			<trkpt lat="46.6337854935" lon="8.0716666741">
				<ele>1253.8</ele>
				<extensions>
					<swisstopo:routepoint_id>2087002310</swisstopo:routepoint_id>
				</extensions>
			</trkpt>
			<trkpt lat="46.6337548543" lon="8.0716337812">
				<ele>1253.2</ele>
				<extensions>
					<swisstopo:routepoint_id>457041026</swisstopo:routepoint_id>
				</extensions>
			</trkpt>
			<trkpt lat="46.6336773117" lon="8.0715416603">
				<ele>1252.1</ele>
				<extensions>
					<swisstopo:routepoint_id>575900865</swisstopo:routepoint_id>
				</extensions>
			</trkpt>
			<trkpt lat="46.6335617390" lon="8.0714352437">
				<ele>1250.6</ele>
				<extensions>
					<swisstopo:routepoint_id>131385083</swisstopo:routepoint_id>
				</extensions>
			</trkpt>
			<trkpt lat="46.6334843454" lon="8.0713154889">
				<ele>1248.3</ele>
				<extensions>
					<swisstopo:routepoint_id>1729289883</swisstopo:routepoint_id>
				</extensions>
			</trkpt>
			<trkpt lat="46.6334625518" lon="8.0712748184">
				<ele>1247.4</ele>
				<extensions>
					<swisstopo:routepoint_id>1188904453</swisstopo:routepoint_id>
				</extensions>
			</trkpt>
			<trkpt lat="46.6334229443" lon="8.0712290165">
				<ele>1246.5</ele>
				<extensions>
					<swisstopo:routepoint_id>936264746</swisstopo:routepoint_id>
				</extensions>
			</trkpt>
			<trkpt lat="46.6333466201" lon="8.0711309935">
				<ele>1245.0</ele>
				<extensions>
					<swisstopo:routepoint_id>1356367893</swisstopo:routepoint_id>
				</extensions>
			</trkpt>
			<trkpt lat="46.6332924026" lon="8.0710615930">
				<ele>1243.4</ele>
				<extensions>
					<swisstopo:routepoint_id>2020685593</swisstopo:routepoint_id>
				</extensions>
			</trkpt>
			<trkpt lat="46.6332630728" lon="8.0710309605">
				<ele>1243.0</ele>
				<extensions>
					<swisstopo:routepoint_id>1810027164</swisstopo:routepoint_id>
				</extensions>
			</trkpt>
			<trkpt lat="46.6331752108" lon="8.0709373813">
				<ele>1242.5</ele>
				<extensions>
					<swisstopo:routepoint_id>1058069532</swisstopo:routepoint_id>
				</extensions>
			</trkpt>
			<trkpt lat="46.6330821434" lon="8.0708328120">
				<ele>1241.6</ele>
				<extensions>
					<swisstopo:routepoint_id>425547606</swisstopo:routepoint_id>
				</extensions>
			</trkpt>
			<trkpt lat="46.6330264904" lon="8.0707797958">
				<ele>1241.0</ele>
				<extensions>
					<swisstopo:routepoint_id>1952399338</swisstopo:routepoint_id>
				</extensions>
			</trkpt>
			<trkpt lat="46.6329900410" lon="8.0707569490">
				<ele>1240.1</ele>
				<extensions>
					<swisstopo:routepoint_id>2075024653</swisstopo:routepoint_id>
				</extensions>
			</trkpt>
			<trkpt lat="46.6329554540" lon="8.0707617472">
				<ele>1239.2</ele>
				<extensions>
					<swisstopo:routepoint_id>1833412887</swisstopo:routepoint_id>
				</extensions>
			</trkpt>
			<trkpt lat="46.6329271157" lon="8.0707811189">
				<ele>1238.5</ele>
				<extensions>
					<swisstopo:routepoint_id>1977015553</swisstopo:routepoint_id>
				</extensions>
			</trkpt>
			<trkpt lat="46.6329036837" lon="8.0708100108">
				<ele>1237.9</ele>
				<extensions>
					<swisstopo:routepoint_id>1593704591</swisstopo:routepoint_id>
				</extensions>
			</trkpt>
			<trkpt lat="46.6328807863" lon="8.0708399420">
				<ele>1236.9</ele>
				<extensions>
					<swisstopo:routepoint_id>1878871497</swisstopo:routepoint_id>
				</extensions>
			</trkpt>
			<trkpt lat="46.6328562116" lon="8.0708618318">
				<ele>1236.2</ele>
				<extensions>
					<swisstopo:routepoint_id>1890132503</swisstopo:routepoint_id>
				</extensions>
			</trkpt>
			<trkpt lat="46.6328285913" lon="8.0708705374">
				<ele>1235.6</ele>
				<extensions>
					<swisstopo:routepoint_id>39466597</swisstopo:routepoint_id>
				</extensions>
			</trkpt>
			<trkpt lat="46.6327578804" lon="8.0708587161">
				<ele>1234.3</ele>
				<extensions>
					<swisstopo:routepoint_id>726009493</swisstopo:routepoint_id>
				</extensions>
			</trkpt>
			<trkpt lat="46.6327080148" lon="8.0708455957">
				<ele>1233.3</ele>
				<extensions>
					<swisstopo:routepoint_id>913365807</swisstopo:routepoint_id>
				</extensions>
			</trkpt>
			<trkpt lat="46.6326474528" lon="8.0708491842">
				<ele>1232.4</ele>
				<extensions>
					<swisstopo:routepoint_id>963719583</swisstopo:routepoint_id>
				</extensions>
			</trkpt>
			<trkpt lat="46.6325755689" lon="8.0708650869">
				<ele>1231.6</ele>
				<extensions>
					<swisstopo:routepoint_id>151979638</swisstopo:routepoint_id>
				</extensions>
			</trkpt>
			<trkpt lat="46.6324998060" lon="8.0708873718">
				<ele>1231.2</ele>
				<extensions>
					<swisstopo:routepoint_id>1501854868</swisstopo:routepoint_id>
				</extensions>
			</trkpt>
			<trkpt lat="46.6324593579" lon="8.0709106441">
				<ele>1231.0</ele>
				<extensions>
					<swisstopo:routepoint_id>1291237229</swisstopo:routepoint_id>
				</extensions>
			</trkpt>
			<trkpt lat="46.6323316096" lon="8.0710333361">
				<ele>1229.7</ele>
				<extensions>
					<swisstopo:routepoint_id>266356111</swisstopo:routepoint_id>
				</extensions>
			</trkpt>
			<trkpt lat="46.6322793724" lon="8.0710723220">
				<ele>1229.3</ele>
				<extensions>
					<swisstopo:routepoint_id>25059389</swisstopo:routepoint_id>
				</extensions>
			</trkpt>
			<trkpt lat="46.6322574311" lon="8.0710882612">
				<ele>1229.2</ele>
				<extensions>
					<swisstopo:routepoint_id>1366024438</swisstopo:routepoint_id>
				</extensions>
			</trkpt>
			<trkpt lat="46.6321503668" lon="8.0710829385">
				<ele>1228.5</ele>
				<extensions>
					<swisstopo:routepoint_id>1709047409</swisstopo:routepoint_id>
				</extensions>
			</trkpt>
			<trkpt lat="46.6320946450" lon="8.0711363835">
				<ele>1228.7</ele>
				<extensions>
					<swisstopo:routepoint_id>2138768985</swisstopo:routepoint_id>
				</extensions>
			</trkpt>
			<trkpt lat="46.6319223783" lon="8.0712954210">
				<ele>1227.8</ele>
				<extensions>
					<swisstopo:routepoint_id>206353149</swisstopo:routepoint_id>
				</extensions>
			</trkpt>
			<trkpt lat="46.6318922904" lon="8.0712225810">
				<ele>1227.8</ele>
				<extensions>
					<swisstopo:routepoint_id>782367390</swisstopo:routepoint_id>
				</extensions>
			</trkpt>
			<trkpt lat="46.6317699811" lon="8.0709585539">
				<ele>1227.8</ele>
				<extensions>
					<swisstopo:routepoint_id>1011626727</swisstopo:routepoint_id>
				</extensions>
			</trkpt>
			<trkpt lat="46.6316997652" lon="8.0708505057">
				<ele>1227.4</ele>
				<extensions>
					<swisstopo:routepoint_id>1594924883</swisstopo:routepoint_id>
				</extensions>
			</trkpt>
			<trkpt lat="46.6316324298" lon="8.0707624113">
				<ele>1224.9</ele>
				<extensions>
					<swisstopo:routepoint_id>248869256</swisstopo:routepoint_id>
				</extensions>
			</trkpt>
			<trkpt lat="46.6316231321" lon="8.0707463870">
				<ele>1224.7</ele>
				<extensions>
					<swisstopo:routepoint_id>1275574351</swisstopo:routepoint_id>
				</extensions>
			</trkpt>
			<trkpt lat="46.6315807078" lon="8.0707545492">
				<ele>1224.2</ele>
				<extensions>
					<swisstopo:routepoint_id>1885241227</swisstopo:routepoint_id>
				</extensions>
			</trkpt>
			<trkpt lat="46.6315389638" lon="8.0707264124">
				<ele>1223.3</ele>
				<extensions>
					<swisstopo:routepoint_id>544553642</swisstopo:routepoint_id>
				</extensions>
			</trkpt>
			<trkpt lat="46.6314953510" lon="8.0706954990">
				<ele>1222.8</ele>
				<extensions>
					<swisstopo:routepoint_id>2009393252</swisstopo:routepoint_id>
				</extensions>
			</trkpt>
			<trkpt lat="46.6314612779" lon="8.0706591628">
				<ele>1222.4</ele>
				<extensions>
					<swisstopo:routepoint_id>1268523803</swisstopo:routepoint_id>
				</extensions>
			</trkpt>
			<trkpt lat="46.6313951258" lon="8.0705699479">
				<ele>1221.6</ele>
				<extensions>
					<swisstopo:routepoint_id>1803082660</swisstopo:routepoint_id>
				</extensions>
			</trkpt>
			<trkpt lat="46.6313288158" lon="8.0705083538">
				<ele>1221.4</ele>
				<extensions>
					<swisstopo:routepoint_id>792428701</swisstopo:routepoint_id>
				</extensions>
			</trkpt>
			<trkpt lat="46.6311221928" lon="8.0703428537">
				<ele>1220.8</ele>
				<extensions>
					<swisstopo:routepoint_id>1537413915</swisstopo:routepoint_id>
				</extensions>
			</trkpt>
			<trkpt lat="46.6309898345" lon="8.0702246945">
				<ele>1219.9</ele>
				<extensions>
					<swisstopo:routepoint_id>516806169</swisstopo:routepoint_id>
				</extensions>
			</trkpt>
			<trkpt lat="46.6308917972" lon="8.0701662881">
				<ele>1218.2</ele>
				<extensions>
					<swisstopo:routepoint_id>855344341</swisstopo:routepoint_id>
				</extensions>
			</trkpt>
			<trkpt lat="46.6307761312" lon="8.0701223793">
				<ele>1216.5</ele>
				<extensions>
					<swisstopo:routepoint_id>1686273400</swisstopo:routepoint_id>
				</extensions>
			</trkpt>
			<trkpt lat="46.6306598356" lon="8.0700692307">
				<ele>1215.6</ele>
				<extensions>
					<swisstopo:routepoint_id>1102910551</swisstopo:routepoint_id>
				</extensions>
			</trkpt>
			<trkpt lat="46.6305167242" lon="8.0699930179">
				<ele>1214.3</ele>
				<extensions>
					<swisstopo:routepoint_id>1792339860</swisstopo:routepoint_id>
				</extensions>
			</trkpt>
			<trkpt lat="46.6303951292" lon="8.0699418482">
				<ele>1212.1</ele>
				<extensions>
					<swisstopo:routepoint_id>1327925412</swisstopo:routepoint_id>
				</extensions>
			</trkpt>
			<trkpt lat="46.6302590497" lon="8.0698831511">
				<ele>1210.3</ele>
				<extensions>
					<swisstopo:routepoint_id>395153648</swisstopo:routepoint_id>
				</extensions>
			</trkpt>
			<trkpt lat="46.6301682120" lon="8.0698444436">
				<ele>1210.4</ele>
				<extensions>
					<swisstopo:routepoint_id>1381762558</swisstopo:routepoint_id>
				</extensions>
			</trkpt>
			<trkpt lat="46.6300833405" lon="8.0698078846">
				<ele>1209.4</ele>
				<extensions>
					<swisstopo:routepoint_id>482042606</swisstopo:routepoint_id>
				</extensions>
			</trkpt>
			<trkpt lat="46.6300207026" lon="8.0698040405">
				<ele>1209.0</ele>
				<extensions>
					<swisstopo:routepoint_id>140068074</swisstopo:routepoint_id>
				</extensions>
			</trkpt>
			<trkpt lat="46.6299490588" lon="8.0698043888">
				<ele>1208.1</ele>
				<extensions>
					<swisstopo:routepoint_id>745181454</swisstopo:routepoint_id>
				</extensions>
			</trkpt>
			<trkpt lat="46.6298607562" lon="8.0697980258">
				<ele>1207.4</ele>
				<extensions>
					<swisstopo:routepoint_id>2102424056</swisstopo:routepoint_id>
				</extensions>
			</trkpt>
			<trkpt lat="46.6298155424" lon="8.0697927915">
				<ele>1206.8</ele>
				<extensions>
					<swisstopo:routepoint_id>575487671</swisstopo:routepoint_id>
				</extensions>
			</trkpt>
			<trkpt lat="46.6297701376" lon="8.0697776464">
				<ele>1205.9</ele>
				<extensions>
					<swisstopo:routepoint_id>239353386</swisstopo:routepoint_id>
				</extensions>
			</trkpt>
			<trkpt lat="46.6296444012" lon="8.0696898429">
				<ele>1203.9</ele>
				<extensions>
					<swisstopo:routepoint_id>639646724</swisstopo:routepoint_id>
				</extensions>
			</trkpt>
			<trkpt lat="46.6295628629" lon="8.0696280739">
				<ele>1202.3</ele>
				<extensions>
					<swisstopo:routepoint_id>543457345</swisstopo:routepoint_id>
				</extensions>
			</trkpt>
			<trkpt lat="46.6295343200" lon="8.0696249730">
				<ele>1201.8</ele>
				<extensions>
					<swisstopo:routepoint_id>1078182333</swisstopo:routepoint_id>
				</extensions>
			</trkpt>
			<trkpt lat="46.6295113949" lon="8.0696385413">
				<ele>1201.4</ele>
				<extensions>
					<swisstopo:routepoint_id>33540721</swisstopo:routepoint_id>
				</extensions>
			</trkpt>
			<trkpt lat="46.6295036300" lon="8.0696660720">
				<ele>1201.1</ele>
				<extensions>
					<swisstopo:routepoint_id>1214102645</swisstopo:routepoint_id>
				</extensions>
			</trkpt>
			<trkpt lat="46.6295091144" lon="8.0697076066">
				<ele>1201.0</ele>
				<extensions>
					<swisstopo:routepoint_id>1145814242</swisstopo:routepoint_id>
				</extensions>
			</trkpt>
			<trkpt lat="46.6295298069" lon="8.0697520735">
				<ele>1200.2</ele>
				<extensions>
					<swisstopo:routepoint_id>1377590707</swisstopo:routepoint_id>
				</extensions>
			</trkpt>
			<trkpt lat="46.6295998290" lon="8.0698302860">
				<ele>1199.3</ele>
				<extensions>
					<swisstopo:routepoint_id>84667803</swisstopo:routepoint_id>
				</extensions>
			</trkpt>
			<trkpt lat="46.6296167834" lon="8.0698636532">
				<ele>1198.7</ele>
				<extensions>
					<swisstopo:routepoint_id>1716893106</swisstopo:routepoint_id>
				</extensions>
			</trkpt>
			<trkpt lat="46.6296203572" lon="8.0699051527">
				<ele>1197.7</ele>
				<extensions>
					<swisstopo:routepoint_id>1605827565</swisstopo:routepoint_id>
				</extensions>
			</trkpt>
			<trkpt lat="46.6296182670" lon="8.0699382971">
				<ele>1197.4</ele>
				<extensions>
					<swisstopo:routepoint_id>1346313651</swisstopo:routepoint_id>
				</extensions>
			</trkpt>
			<trkpt lat="46.6296066742" lon="8.0699685630">
				<ele>1197.1</ele>
				<extensions>
					<swisstopo:routepoint_id>924391207</swisstopo:routepoint_id>
				</extensions>
			</trkpt>
			<trkpt lat="46.6295875616" lon="8.0699821503">
				<ele>1196.8</ele>
				<extensions>
					<swisstopo:routepoint_id>1487718004</swisstopo:routepoint_id>
				</extensions>
			</trkpt>
			<trkpt lat="46.6295627763" lon="8.0699874077">
				<ele>1196.7</ele>
				<extensions>
					<swisstopo:routepoint_id>1237571657</swisstopo:routepoint_id>
				</extensions>
			</trkpt>
			<trkpt lat="46.6295247462" lon="8.0699786611">
				<ele>1196.0</ele>
				<extensions>
					<swisstopo:routepoint_id>2057221651</swisstopo:routepoint_id>
				</extensions>
			</trkpt>
			<trkpt lat="46.6294791874" lon="8.0699532613">
				<ele>1195.2</ele>
				<extensions>
					<swisstopo:routepoint_id>1849511247</swisstopo:routepoint_id>
				</extensions>
			</trkpt>
			<trkpt lat="46.6294242443" lon="8.0699028593">
				<ele>1194.0</ele>
				<extensions>
					<swisstopo:routepoint_id>1966539111</swisstopo:routepoint_id>
				</extensions>
			</trkpt>
			<trkpt lat="46.6292997987" lon="8.0697850907">
				<ele>1191.5</ele>
				<extensions>
					<swisstopo:routepoint_id>1809768396</swisstopo:routepoint_id>
				</extensions>
			</trkpt>
			<trkpt lat="46.6292230192" lon="8.0697206358">
				<ele>1189.9</ele>
				<extensions>
					<swisstopo:routepoint_id>1914788613</swisstopo:routepoint_id>
				</extensions>
			</trkpt>
			<trkpt lat="46.6291593648" lon="8.0696830632">
				<ele>1188.5</ele>
				<extensions>
					<swisstopo:routepoint_id>2134692485</swisstopo:routepoint_id>
				</extensions>
			</trkpt>
			<trkpt lat="46.6291222688" lon="8.0696468468">
				<ele>1187.7</ele>
				<extensions>
					<swisstopo:routepoint_id>1195700552</swisstopo:routepoint_id>
				</extensions>
			</trkpt>
			<trkpt lat="46.6289456156" lon="8.0693417009">
				<ele>1183.9</ele>
				<extensions>
					<swisstopo:routepoint_id>2105900737</swisstopo:routepoint_id>
				</extensions>
			</trkpt>
			<trkpt lat="46.6288624466" lon="8.0692301680">
				<ele>1182.2</ele>
				<extensions>
					<swisstopo:routepoint_id>90972022</swisstopo:routepoint_id>
				</extensions>
			</trkpt>
			<trkpt lat="46.6287469811" lon="8.0691071894">
				<ele>1181.7</ele>
				<extensions>
					<swisstopo:routepoint_id>1433620366</swisstopo:routepoint_id>
				</extensions>
			</trkpt>
			<trkpt lat="46.6286979159" lon="8.0690264693">
				<ele>1181.5</ele>
				<extensions>
					<swisstopo:routepoint_id>1828774890</swisstopo:routepoint_id>
				</extensions>
			</trkpt>
			<trkpt lat="46.6286538588" lon="8.0689479885">
				<ele>1180.3</ele>
				<extensions>
					<swisstopo:routepoint_id>1532492423</swisstopo:routepoint_id>
				</extensions>
			</trkpt>
			<trkpt lat="46.6285891134" lon="8.0687322196">
				<ele>1177.0</ele>
				<extensions>
					<swisstopo:routepoint_id>1862257343</swisstopo:routepoint_id>
				</extensions>
			</trkpt>
			<trkpt lat="46.6285689122" lon="8.0685965567">
				<ele>1175.9</ele>
				<extensions>
					<swisstopo:routepoint_id>1213572586</swisstopo:routepoint_id>
				</extensions>
			</trkpt>
			<trkpt lat="46.6285572387" lon="8.0685263860">
				<ele>1175.4</ele>
				<extensions>
					<swisstopo:routepoint_id>1065955980</swisstopo:routepoint_id>
				</extensions>
			</trkpt>
			<trkpt lat="46.6284789413" lon="8.0683384506">
				<ele>1173.4</ele>
				<extensions>
					<swisstopo:routepoint_id>554854522</swisstopo:routepoint_id>
				</extensions>
			</trkpt>
			<trkpt lat="46.6284377803" lon="8.0682080526">
				<ele>1172.2</ele>
				<extensions>
					<swisstopo:routepoint_id>1769435854</swisstopo:routepoint_id>
				</extensions>
			</trkpt>
			<trkpt lat="46.6283704734" lon="8.0679833929">
				<ele>1169.7</ele>
				<extensions>
					<swisstopo:routepoint_id>29109789</swisstopo:routepoint_id>
				</extensions>
			</trkpt>
			<trkpt lat="46.6283198156" lon="8.0678473758">
				<ele>1168.1</ele>
				<extensions>
					<swisstopo:routepoint_id>1304693558</swisstopo:routepoint_id>
				</extensions>
			</trkpt>
			<trkpt lat="46.6282670484" lon="8.0677472568">
				<ele>1167.2</ele>
				<extensions>
					<swisstopo:routepoint_id>2127884207</swisstopo:routepoint_id>
				</extensions>
			</trkpt>
			<trkpt lat="46.6282349309" lon="8.0677026586">
				<ele>1166.6</ele>
				<extensions>
					<swisstopo:routepoint_id>1437319209</swisstopo:routepoint_id>
				</extensions>
			</trkpt>
			<trkpt lat="46.6281988897" lon="8.0676773595">
				<ele>1165.9</ele>
				<extensions>
					<swisstopo:routepoint_id>2080871572</swisstopo:routepoint_id>
				</extensions>
			</trkpt>
			<trkpt lat="46.6280849380" lon="8.0676235190">
				<ele>1163.2</ele>
				<extensions>
					<swisstopo:routepoint_id>556064867</swisstopo:routepoint_id>
				</extensions>
			</trkpt>
			<trkpt lat="46.6280583688" lon="8.0676066191">
				<ele>1162.4</ele>
				<extensions>
					<swisstopo:routepoint_id>1717176700</swisstopo:routepoint_id>
				</extensions>
			</trkpt>
			<trkpt lat="46.6279883082" lon="8.0675367127">
				<ele>1160.5</ele>
				<extensions>
					<swisstopo:routepoint_id>1736922853</swisstopo:routepoint_id>
				</extensions>
			</trkpt>
			<trkpt lat="46.6279465831" lon="8.0675058133">
				<ele>1159.5</ele>
				<extensions>
					<swisstopo:routepoint_id>1312972654</swisstopo:routepoint_id>
				</extensions>
			</trkpt>
			<trkpt lat="46.6278933466" lon="8.0674913827">
				<ele>1158.5</ele>
				<extensions>
					<swisstopo:routepoint_id>179854969</swisstopo:routepoint_id>
				</extensions>
			</trkpt>
			<trkpt lat="46.6278080339" lon="8.0674240535">
				<ele>1157.6</ele>
				<extensions>
					<swisstopo:routepoint_id>522347415</swisstopo:routepoint_id>
				</extensions>
			</trkpt>
			<trkpt lat="46.6279947969" lon="8.0673958283">
				<ele>1155.7</ele>
				<extensions>
					<swisstopo:routepoint_id>2024724711</swisstopo:routepoint_id>
				</extensions>
			</trkpt>
			<trkpt lat="46.6280521164" lon="8.0673605610">
				<ele>1154.0</ele>
				<extensions>
					<swisstopo:routepoint_id>978351849</swisstopo:routepoint_id>
				</extensions>
			</trkpt>
			<trkpt lat="46.6281286245" lon="8.0672978835">
				<ele>1153.3</ele>
				<extensions>
					<swisstopo:routepoint_id>957207018</swisstopo:routepoint_id>
				</extensions>
			</trkpt>
			<trkpt lat="46.6283375822" lon="8.0670900489">
				<ele>1143.9</ele>
				<extensions>
					<swisstopo:routepoint_id>552164815</swisstopo:routepoint_id>
				</extensions>
			</trkpt>
			<trkpt lat="46.6283771936" lon="8.0670578128">
				<ele>1142.9</ele>
				<extensions>
					<swisstopo:routepoint_id>96757142</swisstopo:routepoint_id>
				</extensions>
			</trkpt>
			<trkpt lat="46.6286292378" lon="8.0668526977">
				<ele>1136.6</ele>
				<extensions>
					<swisstopo:routepoint_id>1166679204</swisstopo:routepoint_id>
				</extensions>
			</trkpt>
			<trkpt lat="46.6286724647" lon="8.0667213695">
				<ele>1137.3</ele>
				<extensions>
					<swisstopo:routepoint_id>1093296648</swisstopo:routepoint_id>
				</extensions>
			</trkpt>
			<trkpt lat="46.6286321480" lon="8.0666119465">
				<ele>1136.8</ele>
				<extensions>
					<swisstopo:routepoint_id>1803711100</swisstopo:routepoint_id>
				</extensions>
			</trkpt>
			<trkpt lat="46.6286089197" lon="8.0665547382">
				<ele>1137.3</ele>
				<extensions>
					<swisstopo:routepoint_id>470312580</swisstopo:routepoint_id>
				</extensions>
			</trkpt>
			<trkpt lat="46.6285652410" lon="8.0664925993">
				<ele>1137.3</ele>
				<extensions>
					<swisstopo:routepoint_id>2139078601</swisstopo:routepoint_id>
				</extensions>
			</trkpt>
			<trkpt lat="46.6284614955" lon="8.0663466568">
				<ele>1135.8</ele>
				<extensions>
					<swisstopo:routepoint_id>1279775558</swisstopo:routepoint_id>
				</extensions>
			</trkpt>
			<trkpt lat="46.6283371895" lon="8.0661838090">
				<ele>1133.9</ele>
				<extensions>
					<swisstopo:routepoint_id>2020808809</swisstopo:routepoint_id>
				</extensions>
			</trkpt>
			<trkpt lat="46.6282094831" lon="8.0660138833">
				<ele>1136.7</ele>
				<extensions>
					<swisstopo:routepoint_id>32574621</swisstopo:routepoint_id>
				</extensions>
			</trkpt>
			<trkpt lat="46.6280910258" lon="8.0658297964">
				<ele>1140.4</ele>
				<extensions>
					<swisstopo:routepoint_id>760891158</swisstopo:routepoint_id>
				</extensions>
			</trkpt>
			<trkpt lat="46.6280461543" lon="8.0657265707">
				<ele>1141.1</ele>
				<extensions>
					<swisstopo:routepoint_id>1503679922</swisstopo:routepoint_id>
				</extensions>
			</trkpt>
			<trkpt lat="46.6280162254" lon="8.0655779689">
				<ele>1141.6</ele>
				<extensions>
					<swisstopo:routepoint_id>1604281601</swisstopo:routepoint_id>
				</extensions>
			</trkpt>
			<trkpt lat="46.6279779483" lon="8.0654313871">
				<ele>1142.5</ele>
				<extensions>
					<swisstopo:routepoint_id>358882511</swisstopo:routepoint_id>
				</extensions>
			</trkpt>
			<trkpt lat="46.6279268231" lon="8.0652768931">
				<ele>1144.3</ele>
				<extensions>
					<swisstopo:routepoint_id>1120592043</swisstopo:routepoint_id>
				</extensions>
			</trkpt>
			<trkpt lat="46.6279116703" lon="8.0652311010">
				<ele>1144.8</ele>
				<extensions>
					<swisstopo:routepoint_id>359466952</swisstopo:routepoint_id>
				</extensions>
			</trkpt>
			<trkpt lat="46.6278742727" lon="8.0650730787">
				<ele>1146.2</ele>
				<extensions>
					<swisstopo:routepoint_id>2141499696</swisstopo:routepoint_id>
				</extensions>
			</trkpt>
			<trkpt lat="46.6278633020" lon="8.0650185008">
				<ele>1147.2</ele>
				<extensions>
					<swisstopo:routepoint_id>53792148</swisstopo:routepoint_id>
				</extensions>
			</trkpt>
			<trkpt lat="46.6278651396" lon="8.0649719521">
				<ele>1147.5</ele>
				<extensions>
					<swisstopo:routepoint_id>1762378517</swisstopo:routepoint_id>
				</extensions>
			</trkpt>
			<trkpt lat="46.6278750760" lon="8.0649175657">
				<ele>1147.7</ele>
				<extensions>
					<swisstopo:routepoint_id>1677511019</swisstopo:routepoint_id>
				</extensions>
			</trkpt>
			<trkpt lat="46.6279047759" lon="8.0647990752">
				<ele>1148.5</ele>
				<extensions>
					<swisstopo:routepoint_id>1658978860</swisstopo:routepoint_id>
				</extensions>
			</trkpt>
			<trkpt lat="46.6279238381" lon="8.0647250419">
				<ele>1148.8</ele>
				<extensions>
					<swisstopo:routepoint_id>1863159281</swisstopo:routepoint_id>
				</extensions>
			</trkpt>
			<trkpt lat="46.6279320126" lon="8.0646228534">
				<ele>1149.3</ele>
				<extensions>
					<swisstopo:routepoint_id>1162335599</swisstopo:routepoint_id>
				</extensions>
			</trkpt>
			<trkpt lat="46.6279450935" lon="8.0643217409">
				<ele>1152.1</ele>
				<extensions>
					<swisstopo:routepoint_id>986861340</swisstopo:routepoint_id>
				</extensions>
			</trkpt>
			<trkpt lat="46.6279590166" lon="8.0642141101">
				<ele>1152.6</ele>
				<extensions>
					<swisstopo:routepoint_id>1328771899</swisstopo:routepoint_id>
				</extensions>
			</trkpt>
			<trkpt lat="46.6279803082" lon="8.0641507757">
				<ele>1153.1</ele>
				<extensions>
					<swisstopo:routepoint_id>2129674464</swisstopo:routepoint_id>
				</extensions>
			</trkpt>
			<trkpt lat="46.6280034300" lon="8.0641012984">
				<ele>1153.3</ele>
				<extensions>
					<swisstopo:routepoint_id>768299004</swisstopo:routepoint_id>
				</extensions>
			</trkpt>
			<trkpt lat="46.6280264562" lon="8.0640683973">
				<ele>1153.3</ele>
				<extensions>
					<swisstopo:routepoint_id>1765104266</swisstopo:routepoint_id>
				</extensions>
			</trkpt>
			<trkpt lat="46.6280363477" lon="8.0640021763">
				<ele>1153.2</ele>
				<extensions>
					<swisstopo:routepoint_id>248496062</swisstopo:routepoint_id>
				</extensions>
			</trkpt>
			<trkpt lat="46.6280419323" lon="8.0636788642">
				<ele>1153.6</ele>
				<extensions>
					<swisstopo:routepoint_id>1442318314</swisstopo:routepoint_id>
				</extensions>
			</trkpt>
			<trkpt lat="46.6280456139" lon="8.0634753213">
				<ele>1154.2</ele>
				<extensions>
					<swisstopo:routepoint_id>1539880273</swisstopo:routepoint_id>
				</extensions>
			</trkpt>
			<trkpt lat="46.6280501310" lon="8.0632256528">
				<ele>1155.0</ele>
				<extensions>
					<swisstopo:routepoint_id>1235272156</swisstopo:routepoint_id>
				</extensions>
			</trkpt>
			<trkpt lat="46.6280548879" lon="8.0627061040">
				<ele>1155.8</ele>
				<extensions>
					<swisstopo:routepoint_id>1028775279</swisstopo:routepoint_id>
				</extensions>
			</trkpt>
			<trkpt lat="46.6280532244" lon="8.0626618482">
				<ele>1156.1</ele>
				<extensions>
					<swisstopo:routepoint_id>670870347</swisstopo:routepoint_id>
				</extensions>
			</trkpt>
			<trkpt lat="46.6280496630" lon="8.0626175961">
				<ele>1156.0</ele>
				<extensions>
					<swisstopo:routepoint_id>1060812763</swisstopo:routepoint_id>
				</extensions>
			</trkpt>
			<trkpt lat="46.6280557366" lon="8.0625513306">
				<ele>1156.2</ele>
				<extensions>
					<swisstopo:routepoint_id>2138219323</swisstopo:routepoint_id>
				</extensions>
			</trkpt>
			<trkpt lat="46.6280750302" lon="8.0625045626">
				<ele>1156.3</ele>
				<extensions>
					<swisstopo:routepoint_id>599127837</swisstopo:routepoint_id>
				</extensions>
			</trkpt>
			<trkpt lat="46.6281249637" lon="8.0624277481">
				<ele>1158.1</ele>
				<extensions>
					<swisstopo:routepoint_id>214694571</swisstopo:routepoint_id>
				</extensions>
			</trkpt>
			<trkpt lat="46.6281962559" lon="8.0623064206">
				<ele>1159.0</ele>
				<extensions>
					<swisstopo:routepoint_id>414125614</swisstopo:routepoint_id>
				</extensions>
			</trkpt>
			<trkpt lat="46.6282165046" lon="8.0622624689">
				<ele>1159.3</ele>
				<extensions>
					<swisstopo:routepoint_id>725392919</swisstopo:routepoint_id>
				</extensions>
			</trkpt>
			<trkpt lat="46.6282414604" lon="8.0621980153">
				<ele>1159.2</ele>
				<extensions>
					<swisstopo:routepoint_id>1602957562</swisstopo:routepoint_id>
				</extensions>
			</trkpt>
			<trkpt lat="46.6282873658" lon="8.0619912873">
				<ele>1158.2</ele>
				<extensions>
					<swisstopo:routepoint_id>1496063634</swisstopo:routepoint_id>
				</extensions>
			</trkpt>
			<trkpt lat="46.6283622757" lon="8.0616528210">
				<ele>1156.7</ele>
				<extensions>
					<swisstopo:routepoint_id>1614247455</swisstopo:routepoint_id>
				</extensions>
			</trkpt>
			<trkpt lat="46.6283772268" lon="8.0615655529">
				<ele>1156.3</ele>
				<extensions>
					<swisstopo:routepoint_id>608040783</swisstopo:routepoint_id>
				</extensions>
			</trkpt>
			<trkpt lat="46.6283817040" lon="8.0615117433">
				<ele>1156.1</ele>
				<extensions>
					<swisstopo:routepoint_id>647590597</swisstopo:routepoint_id>
				</extensions>
			</trkpt>
			<trkpt lat="46.6282880937" lon="8.0614981884">
				<ele>1154.8</ele>
				<extensions>
					<swisstopo:routepoint_id>945048887</swisstopo:routepoint_id>
				</extensions>
			</trkpt>
			<trkpt lat="46.6281322668" lon="8.0614411073">
				<ele>1152.6</ele>
				<extensions>
					<swisstopo:routepoint_id>145078776</swisstopo:routepoint_id>
				</extensions>
			</trkpt>
			<trkpt lat="46.6281382219" lon="8.0613969554">
				<ele>1152.4</ele>
				<extensions>
					<swisstopo:routepoint_id>2011158308</swisstopo:routepoint_id>
				</extensions>
			</trkpt>
			<trkpt lat="46.6281460043" lon="8.0613666445">
				<ele>1152.5</ele>
				<extensions>
					<swisstopo:routepoint_id>13791391</swisstopo:routepoint_id>
				</extensions>
			</trkpt>
			<trkpt lat="46.6281940915" lon="8.0612787388">
				<ele>1152.2</ele>
				<extensions>
					<swisstopo:routepoint_id>509176898</swisstopo:routepoint_id>
				</extensions>
			</trkpt>
			<trkpt lat="46.6282633625" lon="8.0611468660">
				<ele>1150.6</ele>
				<extensions>
					<swisstopo:routepoint_id>80655165</swisstopo:routepoint_id>
				</extensions>
			</trkpt>
			<trkpt lat="46.6282866492" lon="8.0610670010">
				<ele>1149.7</ele>
				<extensions>
					<swisstopo:routepoint_id>1814383795</swisstopo:routepoint_id>
				</extensions>
			</trkpt>
			<trkpt lat="46.6282889334" lon="8.0609979114">
				<ele>1149.1</ele>
				<extensions>
					<swisstopo:routepoint_id>202245107</swisstopo:routepoint_id>
				</extensions>
			</trkpt>
			<trkpt lat="46.6282800111" lon="8.0608872614">
				<ele>1148.5</ele>
				<extensions>
					<swisstopo:routepoint_id>48182518</swisstopo:routepoint_id>
				</extensions>
			</trkpt>
			<trkpt lat="46.6282788239" lon="8.0607573303">
				<ele>1147.9</ele>
				<extensions>
					<swisstopo:routepoint_id>1110990569</swisstopo:routepoint_id>
				</extensions>
			</trkpt>
			<trkpt lat="46.6282832213" lon="8.0606495883">
				<ele>1147.4</ele>
				<extensions>
					<swisstopo:routepoint_id>348503534</swisstopo:routepoint_id>
				</extensions>
			</trkpt>
			<trkpt lat="46.6282969596" lon="8.0605751219">
				<ele>1147.0</ele>
				<extensions>
					<swisstopo:routepoint_id>2140221312</swisstopo:routepoint_id>
				</extensions>
			</trkpt>
			<trkpt lat="46.6283259559" lon="8.0604952968">
				<ele>1146.5</ele>
				<extensions>
					<swisstopo:routepoint_id>941304502</swisstopo:routepoint_id>
				</extensions>
			</trkpt>
			<trkpt lat="46.6283933501" lon="8.0603578795">
				<ele>1144.6</ele>
				<extensions>
					<swisstopo:routepoint_id>296361985</swisstopo:routepoint_id>
				</extensions>
			</trkpt>
			<trkpt lat="46.6284298762" lon="8.0602947185">
				<ele>1143.9</ele>
				<extensions>
					<swisstopo:routepoint_id>2039788499</swisstopo:routepoint_id>
				</extensions>
			</trkpt>
			<trkpt lat="46.6284473273" lon="8.0602368850">
				<ele>1143.1</ele>
				<extensions>
					<swisstopo:routepoint_id>1711131868</swisstopo:routepoint_id>
				</extensions>
			</trkpt>
			<trkpt lat="46.6284456778" lon="8.0601898747">
				<ele>1142.6</ele>
				<extensions>
					<swisstopo:routepoint_id>637178830</swisstopo:routepoint_id>
				</extensions>
			</trkpt>
			<trkpt lat="46.6284306612" lon="8.0601510121">
				<ele>1142.0</ele>
				<extensions>
					<swisstopo:routepoint_id>101873127</swisstopo:routepoint_id>
				</extensions>
			</trkpt>
			<trkpt lat="46.6284002828" lon="8.0601340846">
				<ele>1141.6</ele>
				<extensions>
					<swisstopo:routepoint_id>975043112</swisstopo:routepoint_id>
				</extensions>
			</trkpt>
			<trkpt lat="46.6283413161" lon="8.0601223370">
				<ele>1140.5</ele>
				<extensions>
					<swisstopo:routepoint_id>168079731</swisstopo:routepoint_id>
				</extensions>
			</trkpt>
			<trkpt lat="46.6283051761" lon="8.0601163993">
				<ele>1140.3</ele>
				<extensions>
					<swisstopo:routepoint_id>1454196434</swisstopo:routepoint_id>
				</extensions>
			</trkpt>
			<trkpt lat="46.6282900904" lon="8.0600885920">
				<ele>1140.0</ele>
				<extensions>
					<swisstopo:routepoint_id>1083475221</swisstopo:routepoint_id>
				</extensions>
			</trkpt>
			<trkpt lat="46.6282961022" lon="8.0600333812">
				<ele>1139.2</ele>
				<extensions>
					<swisstopo:routepoint_id>1548803044</swisstopo:routepoint_id>
				</extensions>
			</trkpt>
			<trkpt lat="46.6283077830" lon="8.0599865246">
				<ele>1138.4</ele>
				<extensions>
					<swisstopo:routepoint_id>199801615</swisstopo:routepoint_id>
				</extensions>
			</trkpt>
			<trkpt lat="46.6283274717" lon="8.0599655708">
				<ele>1137.8</ele>
				<extensions>
					<swisstopo:routepoint_id>739818535</swisstopo:routepoint_id>
				</extensions>
			</trkpt>
			<trkpt lat="46.6283364481" lon="8.0599560202">
				<ele>1137.5</ele>
				<extensions>
					<swisstopo:routepoint_id>26658446</swisstopo:routepoint_id>
				</extensions>
			</trkpt>
			<trkpt lat="46.6283866853" lon="8.0599254580">
				<ele>1136.0</ele>
				<extensions>
					<swisstopo:routepoint_id>1275050037</swisstopo:routepoint_id>
				</extensions>
			</trkpt>
			<trkpt lat="46.6284231090" lon="8.0598914595">
				<ele>1134.8</ele>
				<extensions>
					<swisstopo:routepoint_id>1486333363</swisstopo:routepoint_id>
				</extensions>
			</trkpt>
			<trkpt lat="46.6284436867" lon="8.0598474339">
				<ele>1133.4</ele>
				<extensions>
					<swisstopo:routepoint_id>973592208</swisstopo:routepoint_id>
				</extensions>
			</trkpt>
			<trkpt lat="46.6284792813" lon="8.0597907272">
				<ele>1131.5</ele>
				<extensions>
					<swisstopo:routepoint_id>1102740374</swisstopo:routepoint_id>
				</extensions>
			</trkpt>
			<trkpt lat="46.6285022107" lon="8.0597922280">
				<ele>1130.2</ele>
				<extensions>
					<swisstopo:routepoint_id>1491817357</swisstopo:routepoint_id>
				</extensions>
			</trkpt>
			<trkpt lat="46.6285750526" lon="8.0597784013">
				<ele>1129.4</ele>
				<extensions>
					<swisstopo:routepoint_id>585673194</swisstopo:routepoint_id>
				</extensions>
			</trkpt>
			<trkpt lat="46.6286304465" lon="8.0597711453">
				<ele>1130.3</ele>
				<extensions>
					<swisstopo:routepoint_id>874642187</swisstopo:routepoint_id>
				</extensions>
			</trkpt>
			<trkpt lat="46.6286574372" lon="8.0597568929">
				<ele>1130.6</ele>
				<extensions>
					<swisstopo:routepoint_id>91409856</swisstopo:routepoint_id>
				</extensions>
			</trkpt>
			<trkpt lat="46.6286746447" lon="8.0597339841">
				<ele>1130.9</ele>
				<extensions>
					<swisstopo:routepoint_id>331065719</swisstopo:routepoint_id>
				</extensions>
			</trkpt>
			<trkpt lat="46.6286904560" lon="8.0596924667">
				<ele>1130.9</ele>
				<extensions>
					<swisstopo:routepoint_id>714016165</swisstopo:routepoint_id>
				</extensions>
			</trkpt>
			<trkpt lat="46.6287022727" lon="8.0596351799">
				<ele>1130.9</ele>
				<extensions>
					<swisstopo:routepoint_id>1535492652</swisstopo:routepoint_id>
				</extensions>
			</trkpt>
			<trkpt lat="46.6287193439" lon="8.0596106755">
				<ele>1131.5</ele>
				<extensions>
					<swisstopo:routepoint_id>63466852</swisstopo:routepoint_id>
				</extensions>
			</trkpt>
			<trkpt lat="46.6287445050" lon="8.0595783069">
				<ele>1132.2</ele>
				<extensions>
					<swisstopo:routepoint_id>1959533092</swisstopo:routepoint_id>
				</extensions>
			</trkpt>
			<trkpt lat="46.6286966948" lon="8.0595529412">
				<ele>1133.6</ele>
				<extensions>
					<swisstopo:routepoint_id>1276570546</swisstopo:routepoint_id>
				</extensions>
			</trkpt>
			<trkpt lat="46.6286817500" lon="8.0595314861">
				<ele>1134.8</ele>
				<extensions>
					<swisstopo:routepoint_id>820379698</swisstopo:routepoint_id>
				</extensions>
			</trkpt>
			<trkpt lat="46.6286943294" lon="8.0595179222">
				<ele>1135.7</ele>
				<extensions>
					<swisstopo:routepoint_id>804380909</swisstopo:routepoint_id>
				</extensions>
			</trkpt>
			<trkpt lat="46.6287234883" lon="8.0595039753">
				<ele>1137.0</ele>
				<extensions>
					<swisstopo:routepoint_id>511268308</swisstopo:routepoint_id>
				</extensions>
			</trkpt>
			<trkpt lat="46.6287235305" lon="8.0594882142">
				<ele>1137.4</ele>
				<extensions>
					<swisstopo:routepoint_id>1553879925</swisstopo:routepoint_id>
				</extensions>
			</trkpt>
			<trkpt lat="46.6287104317" lon="8.0594769947">
				<ele>1137.9</ele>
				<extensions>
					<swisstopo:routepoint_id>133870962</swisstopo:routepoint_id>
				</extensions>
			</trkpt>
			<trkpt lat="46.6286663867" lon="8.0594458321">
				<ele>1139.0</ele>
				<extensions>
					<swisstopo:routepoint_id>409520971</swisstopo:routepoint_id>
				</extensions>
			</trkpt>
			<trkpt lat="46.6286456092" lon="8.0593904531">
				<ele>1140.5</ele>
				<extensions>
					<swisstopo:routepoint_id>1504553428</swisstopo:routepoint_id>
				</extensions>
			</trkpt>
			<trkpt lat="46.6286368698" lon="8.0593490741">
				<ele>1141.2</ele>
				<extensions>
					<swisstopo:routepoint_id>1133309753</swisstopo:routepoint_id>
				</extensions>
			</trkpt>
			<trkpt lat="46.6286451041" lon="8.0592358410">
				<ele>1142.5</ele>
				<extensions>
					<swisstopo:routepoint_id>1172386254</swisstopo:routepoint_id>
				</extensions>
			</trkpt>
			<trkpt lat="46.6286782240" lon="8.0590980274">
				<ele>1142.9</ele>
				<extensions>
					<swisstopo:routepoint_id>1479810823</swisstopo:routepoint_id>
				</extensions>
			</trkpt>
			<trkpt lat="46.6286988508" lon="8.0590054419">
				<ele>1142.4</ele>
				<extensions>
					<swisstopo:routepoint_id>43786471</swisstopo:routepoint_id>
				</extensions>
			</trkpt>
			<trkpt lat="46.6287142718" lon="8.0589460158">
				<ele>1142.2</ele>
				<extensions>
					<swisstopo:routepoint_id>1505170533</swisstopo:routepoint_id>
				</extensions>
			</trkpt>
			<trkpt lat="46.6287203239" lon="8.0588905755">
				<ele>1142.1</ele>
				<extensions>
					<swisstopo:routepoint_id>595895842</swisstopo:routepoint_id>
				</extensions>
			</trkpt>
			<trkpt lat="46.6287667985" lon="8.0588684490">
				<ele>1142.4</ele>
				<extensions>
					<swisstopo:routepoint_id>356522596</swisstopo:routepoint_id>
				</extensions>
			</trkpt>
			<trkpt lat="46.6287913471" lon="8.0588533520">
				<ele>1142.7</ele>
				<extensions>
					<swisstopo:routepoint_id>1341256165</swisstopo:routepoint_id>
				</extensions>
			</trkpt>
			<trkpt lat="46.6288180796" lon="8.0588227735">
				<ele>1143.0</ele>
				<extensions>
					<swisstopo:routepoint_id>1926132549</swisstopo:routepoint_id>
				</extensions>
			</trkpt>
			<trkpt lat="46.6288737978" lon="8.0586762412">
				<ele>1143.6</ele>
				<extensions>
					<swisstopo:routepoint_id>1726585659</swisstopo:routepoint_id>
				</extensions>
			</trkpt>
			<trkpt lat="46.6289153541" lon="8.0585617707">
				<ele>1143.3</ele>
				<extensions>
					<swisstopo:routepoint_id>1871085240</swisstopo:routepoint_id>
				</extensions>
			</trkpt>
			<trkpt lat="46.6288517065" lon="8.0583620298">
				<ele>1140.1</ele>
				<extensions>
					<swisstopo:routepoint_id>191132215</swisstopo:routepoint_id>
				</extensions>
			</trkpt>
			<trkpt lat="46.6287489236" lon="8.0580043008">
				<ele>1133.9</ele>
				<extensions>
					<swisstopo:routepoint_id>1530222841</swisstopo:routepoint_id>
				</extensions>
			</trkpt>
			<trkpt lat="46.6286682556" lon="8.0577822539">
				<ele>1131.0</ele>
				<extensions>
					<swisstopo:routepoint_id>672689007</swisstopo:routepoint_id>
				</extensions>
			</trkpt>
			<trkpt lat="46.6285650138" lon="8.0575102031">
				<ele>1127.7</ele>
				<extensions>
					<swisstopo:routepoint_id>791083712</swisstopo:routepoint_id>
				</extensions>
			</trkpt>
			<trkpt lat="46.6285387393" lon="8.0574380440">
				<ele>1125.9</ele>
				<extensions>
					<swisstopo:routepoint_id>1086885642</swisstopo:routepoint_id>
				</extensions>
			</trkpt>
			<trkpt lat="46.6284379694" lon="8.0570609842">
				<ele>1123.7</ele>
				<extensions>
					<swisstopo:routepoint_id>43507546</swisstopo:routepoint_id>
				</extensions>
			</trkpt>
			<trkpt lat="46.6283905863" lon="8.0569288150">
				<ele>1122.6</ele>
				<extensions>
					<swisstopo:routepoint_id>370544778</swisstopo:routepoint_id>
				</extensions>
			</trkpt>
			<trkpt lat="46.6283780771" lon="8.0568733056">
				<ele>1122.4</ele>
				<extensions>
					<swisstopo:routepoint_id>1116887315</swisstopo:routepoint_id>
				</extensions>
			</trkpt>
			<trkpt lat="46.6283709283" lon="8.0568415828">
				<ele>1122.3</ele>
				<extensions>
					<swisstopo:routepoint_id>429639847</swisstopo:routepoint_id>
				</extensions>
			</trkpt>
			<trkpt lat="46.6283195128" lon="8.0566833281">
				<ele>1121.6</ele>
				<extensions>
					<swisstopo:routepoint_id>1470439189</swisstopo:routepoint_id>
				</extensions>
			</trkpt>
			<trkpt lat="46.6282876115" lon="8.0566070374">
				<ele>1120.9</ele>
				<extensions>
					<swisstopo:routepoint_id>1118741582</swisstopo:routepoint_id>
				</extensions>
			</trkpt>
			<trkpt lat="46.6282545124" lon="8.0565417636">
				<ele>1119.6</ele>
				<extensions>
					<swisstopo:routepoint_id>1046528816</swisstopo:routepoint_id>
				</extensions>
			</trkpt>
			<trkpt lat="46.6282260029" lon="8.0564726020">
				<ele>1118.7</ele>
				<extensions>
					<swisstopo:routepoint_id>2069220962</swisstopo:routepoint_id>
				</extensions>
			</trkpt>
			<trkpt lat="46.6282078501" lon="8.0563979227">
				<ele>1117.8</ele>
				<extensions>
					<swisstopo:routepoint_id>928011868</swisstopo:routepoint_id>
				</extensions>
			</trkpt>
			<trkpt lat="46.6281962556" lon="8.0563215459">
				<ele>1116.7</ele>
				<extensions>
					<swisstopo:routepoint_id>978542142</swisstopo:routepoint_id>
				</extensions>
			</trkpt>
			<trkpt lat="46.6281935994" lon="8.0562193339">
				<ele>1115.9</ele>
				<extensions>
					<swisstopo:routepoint_id>1368892179</swisstopo:routepoint_id>
				</extensions>
			</trkpt>
			<trkpt lat="46.6282071949" lon="8.0560856702">
				<ele>1115.0</ele>
				<extensions>
					<swisstopo:routepoint_id>2112171927</swisstopo:routepoint_id>
				</extensions>
			</trkpt>
			<trkpt lat="46.6282187029" lon="8.0559812866">
				<ele>1113.5</ele>
				<extensions>
					<swisstopo:routepoint_id>812507479</swisstopo:routepoint_id>
				</extensions>
			</trkpt>
			<trkpt lat="46.6282155154" lon="8.0559348839">
				<ele>1113.2</ele>
				<extensions>
					<swisstopo:routepoint_id>931131424</swisstopo:routepoint_id>
				</extensions>
			</trkpt>
			<trkpt lat="46.6281951016" lon="8.0557943149">
				<ele>1111.8</ele>
				<extensions>
					<swisstopo:routepoint_id>1177229605</swisstopo:routepoint_id>
				</extensions>
			</trkpt>
			<trkpt lat="46.6281826356" lon="8.0556744568">
				<ele>1109.8</ele>
				<extensions>
					<swisstopo:routepoint_id>1253269283</swisstopo:routepoint_id>
				</extensions>
			</trkpt>
			<trkpt lat="46.6281829260" lon="8.0555496183">
				<ele>1108.2</ele>
				<extensions>
					<swisstopo:routepoint_id>1163704816</swisstopo:routepoint_id>
				</extensions>
			</trkpt>
			<trkpt lat="46.6281833029" lon="8.0554517258">
				<ele>1107.0</ele>
				<extensions>
					<swisstopo:routepoint_id>300463959</swisstopo:routepoint_id>
				</extensions>
			</trkpt>
			<trkpt lat="46.6281741037" lon="8.0553717168">
				<ele>1106.4</ele>
				<extensions>
					<swisstopo:routepoint_id>1532401490</swisstopo:routepoint_id>
				</extensions>
			</trkpt>
			<trkpt lat="46.6281544055" lon="8.0552635463">
				<ele>1105.5</ele>
				<extensions>
					<swisstopo:routepoint_id>479879425</swisstopo:routepoint_id>
				</extensions>
			</trkpt>
			<trkpt lat="46.6281396140" lon="8.0551974242">
				<ele>1104.7</ele>
				<extensions>
					<swisstopo:routepoint_id>944016723</swisstopo:routepoint_id>
				</extensions>
			</trkpt>
			<trkpt lat="46.6280593440" lon="8.0548432913">
				<ele>1101.4</ele>
				<extensions>
					<swisstopo:routepoint_id>1845356271</swisstopo:routepoint_id>
				</extensions>
			</trkpt>
			<trkpt lat="46.6280428697" lon="8.0547675224">
				<ele>1100.7</ele>
				<extensions>
					<swisstopo:routepoint_id>654436194</swisstopo:routepoint_id>
				</extensions>
			</trkpt>
			<trkpt lat="46.6280325663" lon="8.0547201844">
				<ele>1100.4</ele>
				<extensions>
					<swisstopo:routepoint_id>2056420316</swisstopo:routepoint_id>
				</extensions>
			</trkpt>
			<trkpt lat="46.6280224866" lon="8.0546575084">
				<ele>1100.0</ele>
				<extensions>
					<swisstopo:routepoint_id>473394172</swisstopo:routepoint_id>
				</extensions>
			</trkpt>
			<trkpt lat="46.6280237947" lon="8.0546057504">
				<ele>1099.7</ele>
				<extensions>
					<swisstopo:routepoint_id>1418693659</swisstopo:routepoint_id>
				</extensions>
			</trkpt>
			<trkpt lat="46.6280264804" lon="8.0545566989">
				<ele>1099.3</ele>
				<extensions>
					<swisstopo:routepoint_id>428763392</swisstopo:routepoint_id>
				</extensions>
			</trkpt>
			<trkpt lat="46.6280402201" lon="8.0545031572">
				<ele>1099.0</ele>
				<extensions>
					<swisstopo:routepoint_id>1787827688</swisstopo:routepoint_id>
				</extensions>
			</trkpt>
			<trkpt lat="46.6280637925" lon="8.0544442954">
				<ele>1098.7</ele>
				<extensions>
					<swisstopo:routepoint_id>1685690016</swisstopo:routepoint_id>
				</extensions>
			</trkpt>
			<trkpt lat="46.6281140090" lon="8.0543474689">
				<ele>1097.8</ele>
				<extensions>
					<swisstopo:routepoint_id>1937908174</swisstopo:routepoint_id>
				</extensions>
			</trkpt>
			<trkpt lat="46.6281807516" lon="8.0542487010">
				<ele>1096.8</ele>
				<extensions>
					<swisstopo:routepoint_id>104889302</swisstopo:routepoint_id>
				</extensions>
			</trkpt>
			<trkpt lat="46.6282805112" lon="8.0540998371">
				<ele>1096.3</ele>
				<extensions>
					<swisstopo:routepoint_id>494616177</swisstopo:routepoint_id>
				</extensions>
			</trkpt>
			<trkpt lat="46.6283106689" lon="8.0540391881">
				<ele>1096.2</ele>
				<extensions>
					<swisstopo:routepoint_id>985799426</swisstopo:routepoint_id>
				</extensions>
			</trkpt>
			<trkpt lat="46.6283252637" lon="8.0540004736">
				<ele>1096.3</ele>
				<extensions>
					<swisstopo:routepoint_id>569415894</swisstopo:routepoint_id>
				</extensions>
			</trkpt>
			<trkpt lat="46.6283317314" lon="8.0539704511">
				<ele>1096.3</ele>
				<extensions>
					<swisstopo:routepoint_id>286501324</swisstopo:routepoint_id>
				</extensions>
			</trkpt>
			<trkpt lat="46.6283350343" lon="8.0539156822">
				<ele>1096.4</ele>
				<extensions>
					<swisstopo:routepoint_id>1969895989</swisstopo:routepoint_id>
				</extensions>
			</trkpt>
			<trkpt lat="46.6283372153" lon="8.0538396796">
				<ele>1096.4</ele>
				<extensions>
					<swisstopo:routepoint_id>1435904304</swisstopo:routepoint_id>
				</extensions>
			</trkpt>
			<trkpt lat="46.6283239241" lon="8.0536356490">
				<ele>1096.3</ele>
				<extensions>
					<swisstopo:routepoint_id>1660753309</swisstopo:routepoint_id>
				</extensions>
			</trkpt>
			<trkpt lat="46.6283122339" lon="8.0535603683">
				<ele>1096.5</ele>
				<extensions>
					<swisstopo:routepoint_id>861673290</swisstopo:routepoint_id>
				</extensions>
			</trkpt>
			<trkpt lat="46.6282524204" lon="8.0533523906">
				<ele>1096.3</ele>
				<extensions>
					<swisstopo:routepoint_id>397809143</swisstopo:routepoint_id>
				</extensions>
			</trkpt>
			<trkpt lat="46.6281738244" lon="8.0530972212">
				<ele>1096.0</ele>
				<extensions>
					<swisstopo:routepoint_id>929701245</swisstopo:routepoint_id>
				</extensions>
			</trkpt>
			<trkpt lat="46.6280953025" lon="8.0528282049">
				<ele>1095.8</ele>
				<extensions>
					<swisstopo:routepoint_id>504887106</swisstopo:routepoint_id>
				</extensions>
			</trkpt>
			<trkpt lat="46.6280655389" lon="8.0526979622">
				<ele>1095.7</ele>
				<extensions>
					<swisstopo:routepoint_id>958456579</swisstopo:routepoint_id>
				</extensions>
			</trkpt>
			<trkpt lat="46.6280173611" lon="8.0524514420">
				<ele>1095.7</ele>
				<extensions>
					<swisstopo:routepoint_id>746507879</swisstopo:routepoint_id>
				</extensions>
			</trkpt>
			<trkpt lat="46.6279595563" lon="8.0522241194">
				<ele>1095.9</ele>
				<extensions>
					<swisstopo:routepoint_id>1018141025</swisstopo:routepoint_id>
				</extensions>
			</trkpt>
			<trkpt lat="46.6279408514" lon="8.0521631089">
				<ele>1095.8</ele>
				<extensions>
					<swisstopo:routepoint_id>1157557714</swisstopo:routepoint_id>
				</extensions>
			</trkpt>
			<trkpt lat="46.6279429735" lon="8.0521216733">
				<ele>1095.9</ele>
				<extensions>
					<swisstopo:routepoint_id>1230141169</swisstopo:routepoint_id>
				</extensions>
			</trkpt>
			<trkpt lat="46.6279584635" lon="8.0520748585">
				<ele>1095.9</ele>
				<extensions>
					<swisstopo:routepoint_id>2125452081</swisstopo:routepoint_id>
				</extensions>
			</trkpt>
			<trkpt lat="46.6279777079" lon="8.0520364006">
				<ele>1095.9</ele>
				<extensions>
					<swisstopo:routepoint_id>885083429</swisstopo:routepoint_id>
				</extensions>
			</trkpt>
			<trkpt lat="46.6280083065" lon="8.0520118694">
				<ele>1095.8</ele>
				<extensions>
					<swisstopo:routepoint_id>682616929</swisstopo:routepoint_id>
				</extensions>
			</trkpt>
			<trkpt lat="46.6280541227" lon="8.0519902654">
				<ele>1095.5</ele>
				<extensions>
					<swisstopo:routepoint_id>69676992</swisstopo:routepoint_id>
				</extensions>
			</trkpt>
			<trkpt lat="46.6281610422" lon="8.0519362006">
				<ele>1094.9</ele>
				<extensions>
					<swisstopo:routepoint_id>2000804195</swisstopo:routepoint_id>
				</extensions>
			</trkpt>
			<trkpt lat="46.6282125278" lon="8.0519229751">
				<ele>1094.6</ele>
				<extensions>
					<swisstopo:routepoint_id>1825869854</swisstopo:routepoint_id>
				</extensions>
			</trkpt>
			<trkpt lat="46.6283972913" lon="8.0519112513">
				<ele>1092.2</ele>
				<extensions>
					<swisstopo:routepoint_id>1348371114</swisstopo:routepoint_id>
				</extensions>
			</trkpt>
			<trkpt lat="46.6285550447" lon="8.0518988634">
				<ele>1090.9</ele>
				<extensions>
					<swisstopo:routepoint_id>1792610011</swisstopo:routepoint_id>
				</extensions>
			</trkpt>
			<trkpt lat="46.6286220867" lon="8.0518916805">
				<ele>1090.1</ele>
				<extensions>
					<swisstopo:routepoint_id>1683007064</swisstopo:routepoint_id>
				</extensions>
			</trkpt>
			<trkpt lat="46.6286594070" lon="8.0518709999">
				<ele>1089.5</ele>
				<extensions>
					<swisstopo:routepoint_id>65775546</swisstopo:routepoint_id>
				</extensions>
			</trkpt>
			<trkpt lat="46.6286878099" lon="8.0518447472">
				<ele>1089.1</ele>
				<extensions>
					<swisstopo:routepoint_id>878699995</swisstopo:routepoint_id>
				</extensions>
			</trkpt>
			<trkpt lat="46.6287119361" lon="8.0518084100">
				<ele>1088.7</ele>
				<extensions>
					<swisstopo:routepoint_id>2068188791</swisstopo:routepoint_id>
				</extensions>
			</trkpt>
			<trkpt lat="46.6287308989" lon="8.0517618635">
				<ele>1088.2</ele>
				<extensions>
					<swisstopo:routepoint_id>1364484951</swisstopo:routepoint_id>
				</extensions>
			</trkpt>
			<trkpt lat="46.6287381037" lon="8.0517184607">
				<ele>1087.8</ele>
				<extensions>
					<swisstopo:routepoint_id>29980107</swisstopo:routepoint_id>
				</extensions>
			</trkpt>
			<trkpt lat="46.6287356840" lon="8.0516580393">
				<ele>1087.4</ele>
				<extensions>
					<swisstopo:routepoint_id>1400267940</swisstopo:routepoint_id>
				</extensions>
			</trkpt>
			<trkpt lat="46.6287189370" lon="8.0515859783">
				<ele>1087.0</ele>
				<extensions>
					<swisstopo:routepoint_id>1691288976</swisstopo:routepoint_id>
				</extensions>
			</trkpt>
			<trkpt lat="46.6286661538" lon="8.0514886543">
				<ele>1086.6</ele>
				<extensions>
					<swisstopo:routepoint_id>28849593</swisstopo:routepoint_id>
				</extensions>
			</trkpt>
			<trkpt lat="46.6285659478" lon="8.0513548569">
				<ele>1086.0</ele>
				<extensions>
					<swisstopo:routepoint_id>2043350231</swisstopo:routepoint_id>
				</extensions>
			</trkpt>
			<trkpt lat="46.6284771344" lon="8.0512294654">
				<ele>1085.8</ele>
				<extensions>
					<swisstopo:routepoint_id>1202339322</swisstopo:routepoint_id>
				</extensions>
			</trkpt>
			<trkpt lat="46.6284413678" lon="8.0511516546">
				<ele>1085.6</ele>
				<extensions>
					<swisstopo:routepoint_id>554351544</swisstopo:routepoint_id>
				</extensions>
			</trkpt>
			<trkpt lat="46.6284226487" lon="8.0510933949">
				<ele>1085.7</ele>
				<extensions>
					<swisstopo:routepoint_id>860713048</swisstopo:routepoint_id>
				</extensions>
			</trkpt>
			<trkpt lat="46.6284172317" lon="8.0510380662">
				<ele>1085.5</ele>
				<extensions>
					<swisstopo:routepoint_id>1926742823</swisstopo:routepoint_id>
				</extensions>
			</trkpt>
			<trkpt lat="46.6284162625" lon="8.0508639263">
				<ele>1085.3</ele>
				<extensions>
					<swisstopo:routepoint_id>1779356014</swisstopo:routepoint_id>
				</extensions>
			</trkpt>
			<trkpt lat="46.6284247454" lon="8.0507037041">
				<ele>1085.4</ele>
				<extensions>
					<swisstopo:routepoint_id>1463108652</swisstopo:routepoint_id>
				</extensions>
			</trkpt>
			<trkpt lat="46.6284289071" lon="8.0506374137">
				<ele>1085.5</ele>
				<extensions>
					<swisstopo:routepoint_id>1077214866</swisstopo:routepoint_id>
				</extensions>
			</trkpt>
			<trkpt lat="46.6283799703" lon="8.0505318476">
				<ele>1084.8</ele>
				<extensions>
					<swisstopo:routepoint_id>1578701593</swisstopo:routepoint_id>
				</extensions>
			</trkpt>
			<trkpt lat="46.6282914547" lon="8.0503484269">
				<ele>1083.7</ele>
				<extensions>
					<swisstopo:routepoint_id>902555822</swisstopo:routepoint_id>
				</extensions>
			</trkpt>
			<trkpt lat="46.6282689672" lon="8.0502818362">
				<ele>1083.0</ele>
				<extensions>
					<swisstopo:routepoint_id>1899785174</swisstopo:routepoint_id>
				</extensions>
			</trkpt>
			<trkpt lat="46.6282432021" lon="8.0501157047">
				<ele>1081.2</ele>
				<extensions>
					<swisstopo:routepoint_id>995593793</swisstopo:routepoint_id>
				</extensions>
			</trkpt>
			<trkpt lat="46.6282189672" lon="8.0500186809">
				<ele>1080.0</ele>
				<extensions>
					<swisstopo:routepoint_id>1149634436</swisstopo:routepoint_id>
				</extensions>
			</trkpt>
			<trkpt lat="46.6281439344" lon="8.0498077680">
				<ele>1078.2</ele>
				<extensions>
					<swisstopo:routepoint_id>907130127</swisstopo:routepoint_id>
				</extensions>
			</trkpt>
			<trkpt lat="46.6280801515" lon="8.0496301509">
				<ele>1076.8</ele>
				<extensions>
					<swisstopo:routepoint_id>2023086554</swisstopo:routepoint_id>
				</extensions>
			</trkpt>
			<trkpt lat="46.6280293680" lon="8.0495134825">
				<ele>1076.3</ele>
				<extensions>
					<swisstopo:routepoint_id>904498860</swisstopo:routepoint_id>
				</extensions>
			</trkpt>
			<trkpt lat="46.6279858948" lon="8.0494522020">
				<ele>1076.2</ele>
				<extensions>
					<swisstopo:routepoint_id>1338222213</swisstopo:routepoint_id>
				</extensions>
			</trkpt>
			<trkpt lat="46.6279366466" lon="8.0494046412">
				<ele>1076.1</ele>
				<extensions>
					<swisstopo:routepoint_id>611985328</swisstopo:routepoint_id>
				</extensions>
			</trkpt>
			<trkpt lat="46.6278967678" lon="8.0493848581">
				<ele>1076.2</ele>
				<extensions>
					<swisstopo:routepoint_id>532722753</swisstopo:routepoint_id>
				</extensions>
			</trkpt>
			<trkpt lat="46.6278473118" lon="8.0493760098">
				<ele>1076.0</ele>
				<extensions>
					<swisstopo:routepoint_id>216990537</swisstopo:routepoint_id>
				</extensions>
			</trkpt>
			<trkpt lat="46.6277939945" lon="8.0493754065">
				<ele>1075.7</ele>
				<extensions>
					<swisstopo:routepoint_id>1023987085</swisstopo:routepoint_id>
				</extensions>
			</trkpt>
			<trkpt lat="46.6276890923" lon="8.0494073871">
				<ele>1075.3</ele>
				<extensions>
					<swisstopo:routepoint_id>1866443602</swisstopo:routepoint_id>
				</extensions>
			</trkpt>
			<trkpt lat="46.6276109149" lon="8.0494286014">
				<ele>1075.0</ele>
				<extensions>
					<swisstopo:routepoint_id>438117474</swisstopo:routepoint_id>
				</extensions>
			</trkpt>
			<trkpt lat="46.6275328813" lon="8.0494221969">
				<ele>1074.5</ele>
				<extensions>
					<swisstopo:routepoint_id>2113010959</swisstopo:routepoint_id>
				</extensions>
			</trkpt>
			<trkpt lat="46.6274397148" lon="8.0493962639">
				<ele>1073.9</ele>
				<extensions>
					<swisstopo:routepoint_id>920092537</swisstopo:routepoint_id>
				</extensions>
			</trkpt>
			<trkpt lat="46.6273941560" lon="8.0493708824">
				<ele>1073.7</ele>
				<extensions>
					<swisstopo:routepoint_id>1216455311</swisstopo:routepoint_id>
				</extensions>
			</trkpt>
			<trkpt lat="46.6271948130" lon="8.0492608237">
				<ele>1072.9</ele>
				<extensions>
					<swisstopo:routepoint_id>1516867664</swisstopo:routepoint_id>
				</extensions>
			</trkpt>
			<trkpt lat="46.6271587083" lon="8.0492465925">
				<ele>1072.7</ele>
				<extensions>
					<swisstopo:routepoint_id>1399334223</swisstopo:routepoint_id>
				</extensions>
			</trkpt>
			<trkpt lat="46.6270179476" lon="8.0492201216">
				<ele>1070.7</ele>
				<extensions>
					<swisstopo:routepoint_id>1406993620</swisstopo:routepoint_id>
				</extensions>
			</trkpt>
			<trkpt lat="46.6269266280" lon="8.0492052786">
				<ele>1068.4</ele>
				<extensions>
					<swisstopo:routepoint_id>1351923840</swisstopo:routepoint_id>
				</extensions>
			</trkpt>
			<trkpt lat="46.6268999759" lon="8.0492049771">
				<ele>1068.0</ele>
				<extensions>
					<swisstopo:routepoint_id>340723706</swisstopo:routepoint_id>
				</extensions>
			</trkpt>
			<trkpt lat="46.6268008029" lon="8.0492342551">
				<ele>1066.1</ele>
				<extensions>
					<swisstopo:routepoint_id>900565566</swisstopo:routepoint_id>
				</extensions>
			</trkpt>
			<trkpt lat="46.6266711401" lon="8.0492687225">
				<ele>1063.1</ele>
				<extensions>
					<swisstopo:routepoint_id>1535120432</swisstopo:routepoint_id>
				</extensions>
			</trkpt>
			<trkpt lat="46.6266311280" lon="8.0492737912">
				<ele>1062.5</ele>
				<extensions>
					<swisstopo:routepoint_id>1213042029</swisstopo:routepoint_id>
				</extensions>
			</trkpt>
			<trkpt lat="46.6265988121" lon="8.0492623828">
				<ele>1062.1</ele>
				<extensions>
					<swisstopo:routepoint_id>42620640</swisstopo:routepoint_id>
				</extensions>
			</trkpt>
			<trkpt lat="46.6264659982" lon="8.0491751899">
				<ele>1060.7</ele>
				<extensions>
					<swisstopo:routepoint_id>1466071874</swisstopo:routepoint_id>
				</extensions>
			</trkpt>
			<trkpt lat="46.6263009869" lon="8.0490544793">
				<ele>1060.2</ele>
				<extensions>
					<swisstopo:routepoint_id>1181477948</swisstopo:routepoint_id>
				</extensions>
			</trkpt>
			<trkpt lat="46.6262327974" lon="8.0489873748">
				<ele>1060.6</ele>
				<extensions>
					<swisstopo:routepoint_id>702183859</swisstopo:routepoint_id>
				</extensions>
			</trkpt>
			<trkpt lat="46.6261837179" lon="8.0489066767">
				<ele>1060.5</ele>
				<extensions>
					<swisstopo:routepoint_id>77089000</swisstopo:routepoint_id>
				</extensions>
			</trkpt>
			<trkpt lat="46.6261439534" lon="8.0488647593">
				<ele>1060.5</ele>
				<extensions>
					<swisstopo:routepoint_id>531029876</swisstopo:routepoint_id>
				</extensions>
			</trkpt>
			<trkpt lat="46.6261003215" lon="8.0488338665">
				<ele>1060.3</ele>
				<extensions>
					<swisstopo:routepoint_id>148631791</swisstopo:routepoint_id>
				</extensions>
			</trkpt>
			<trkpt lat="46.6260643590" lon="8.0487947593">
				<ele>1060.1</ele>
				<extensions>
					<swisstopo:routepoint_id>1503515720</swisstopo:routepoint_id>
				</extensions>
			</trkpt>
			<trkpt lat="46.6260284962" lon="8.0487636467">
				<ele>1059.7</ele>
				<extensions>
					<swisstopo:routepoint_id>480388799</swisstopo:routepoint_id>
				</extensions>
			</trkpt>
			<trkpt lat="46.6260037888" lon="8.0486885946">
				<ele>1059.7</ele>
				<extensions>
					<swisstopo:routepoint_id>955899658</swisstopo:routepoint_id>
				</extensions>
			</trkpt>
			<trkpt lat="46.6259745097" lon="8.0486384056">
				<ele>1059.5</ele>
				<extensions>
					<swisstopo:routepoint_id>1895316287</swisstopo:routepoint_id>
				</extensions>
			</trkpt>
			<trkpt lat="46.6259392153" lon="8.0486016396">
				<ele>1059.5</ele>
				<extensions>
					<swisstopo:routepoint_id>2098787066</swisstopo:routepoint_id>
				</extensions>
			</trkpt>
			<trkpt lat="46.6259009211" lon="8.0485664592">
				<ele>1059.5</ele>
				<extensions>
					<swisstopo:routepoint_id>1791888021</swisstopo:routepoint_id>
				</extensions>
			</trkpt>
			<trkpt lat="46.6258534376" lon="8.0485354468">
				<ele>1059.6</ele>
				<extensions>
					<swisstopo:routepoint_id>1813974519</swisstopo:routepoint_id>
				</extensions>
			</trkpt>
			<trkpt lat="46.6258085142" lon="8.0485045143">
				<ele>1059.6</ele>
				<extensions>
					<swisstopo:routepoint_id>850693914</swisstopo:routepoint_id>
				</extensions>
			</trkpt>
			<trkpt lat="46.6257730144" lon="8.0484634618">
				<ele>1059.5</ele>
				<extensions>
					<swisstopo:routepoint_id>1513396026</swisstopo:routepoint_id>
				</extensions>
			</trkpt>
			<trkpt lat="46.6257372825" lon="8.0484181733">
				<ele>1059.1</ele>
				<extensions>
					<swisstopo:routepoint_id>1218023890</swisstopo:routepoint_id>
				</extensions>
			</trkpt>
			<trkpt lat="46.6256584806" lon="8.0483051475">
				<ele>1058.4</ele>
				<extensions>
					<swisstopo:routepoint_id>674587029</swisstopo:routepoint_id>
				</extensions>
			</trkpt>
			<trkpt lat="46.6256029526" lon="8.0482236002">
				<ele>1058.0</ele>
				<extensions>
					<swisstopo:routepoint_id>189144427</swisstopo:routepoint_id>
				</extensions>
			</trkpt>
			<trkpt lat="46.6255805144" lon="8.0481836519">
				<ele>1057.8</ele>
				<extensions>
					<swisstopo:routepoint_id>683853253</swisstopo:routepoint_id>
				</extensions>
			</trkpt>
			<trkpt lat="46.6255553238" lon="8.0481327318">
				<ele>1057.8</ele>
				<extensions>
					<swisstopo:routepoint_id>559176075</swisstopo:routepoint_id>
				</extensions>
			</trkpt>
			<trkpt lat="46.6255055243" lon="8.0479977322">
				<ele>1058.0</ele>
				<extensions>
					<swisstopo:routepoint_id>1658784547</swisstopo:routepoint_id>
				</extensions>
			</trkpt>
			<trkpt lat="46.6254599297" lon="8.0478641192">
				<ele>1058.7</ele>
				<extensions>
					<swisstopo:routepoint_id>1209343965</swisstopo:routepoint_id>
				</extensions>
			</trkpt>
			<trkpt lat="46.6254291420" lon="8.0477723575">
				<ele>1058.9</ele>
				<extensions>
					<swisstopo:routepoint_id>1154246988</swisstopo:routepoint_id>
				</extensions>
			</trkpt>
			<trkpt lat="46.6253810000" lon="8.0476320727">
				<ele>1058.5</ele>
				<extensions>
					<swisstopo:routepoint_id>890136570</swisstopo:routepoint_id>
				</extensions>
			</trkpt>
			<trkpt lat="46.6253629860" lon="8.0475656520">
				<ele>1058.0</ele>
				<extensions>
					<swisstopo:routepoint_id>1505220890</swisstopo:routepoint_id>
				</extensions>
			</trkpt>
			<trkpt lat="46.6253445675" lon="8.0474738771">
				<ele>1057.6</ele>
				<extensions>
					<swisstopo:routepoint_id>698881019</swisstopo:routepoint_id>
				</extensions>
			</trkpt>
			<trkpt lat="46.6253222007" lon="8.0472563429">
				<ele>1056.3</ele>
				<extensions>
					<swisstopo:routepoint_id>334935058</swisstopo:routepoint_id>
				</extensions>
			</trkpt>
			<trkpt lat="46.6253021544" lon="8.0470565465">
				<ele>1055.9</ele>
				<extensions>
					<swisstopo:routepoint_id>1491516127</swisstopo:routepoint_id>
				</extensions>
			</trkpt>
			<trkpt lat="46.6252824336" lon="8.0469223465">
				<ele>1055.7</ele>
				<extensions>
					<swisstopo:routepoint_id>1721448873</swisstopo:routepoint_id>
				</extensions>
			</trkpt>
			<trkpt lat="46.6252260313" lon="8.0466713653">
				<ele>1054.9</ele>
				<extensions>
					<swisstopo:routepoint_id>286697642</swisstopo:routepoint_id>
				</extensions>
			</trkpt>
			<trkpt lat="46.6252102254" lon="8.0466141636">
				<ele>1054.8</ele>
				<extensions>
					<swisstopo:routepoint_id>1075100500</swisstopo:routepoint_id>
				</extensions>
			</trkpt>
			<trkpt lat="46.6251910189" lon="8.0465635846">
				<ele>1054.7</ele>
				<extensions>
					<swisstopo:routepoint_id>806184889</swisstopo:routepoint_id>
				</extensions>
			</trkpt>
			<trkpt lat="46.6251715114" lon="8.0465290895">
				<ele>1054.7</ele>
				<extensions>
					<swisstopo:routepoint_id>778314338</swisstopo:routepoint_id>
				</extensions>
			</trkpt>
			<trkpt lat="46.6251419140" lon="8.0464973148">
				<ele>1054.6</ele>
				<extensions>
					<swisstopo:routepoint_id>240132093</swisstopo:routepoint_id>
				</extensions>
			</trkpt>
			<trkpt lat="46.6251124253" lon="8.0464805304">
				<ele>1054.6</ele>
				<extensions>
					<swisstopo:routepoint_id>578060103</swisstopo:routepoint_id>
				</extensions>
			</trkpt>
			<trkpt lat="46.6251171649" lon="8.0463039329">
				<ele>1055.6</ele>
				<extensions>
					<swisstopo:routepoint_id>102252929</swisstopo:routepoint_id>
				</extensions>
			</trkpt>
			<trkpt lat="46.6251290937" lon="8.0462347976">
				<ele>1056.0</ele>
				<extensions>
					<swisstopo:routepoint_id>1986239992</swisstopo:routepoint_id>
				</extensions>
			</trkpt>
			<trkpt lat="46.6251534257" lon="8.0461609852">
				<ele>1056.4</ele>
				<extensions>
					<swisstopo:routepoint_id>1757382569</swisstopo:routepoint_id>
				</extensions>
			</trkpt>
			<trkpt lat="46.6251193321" lon="8.0461103441">
				<ele>1056.3</ele>
				<extensions>
					<swisstopo:routepoint_id>963642028</swisstopo:routepoint_id>
				</extensions>
			</trkpt>
			<trkpt lat="46.6250961162" lon="8.0460593281">
				<ele>1056.2</ele>
				<extensions>
					<swisstopo:routepoint_id>1535890824</swisstopo:routepoint_id>
				</extensions>
			</trkpt>
			<trkpt lat="46.6250789897" lon="8.0460000509">
				<ele>1056.1</ele>
				<extensions>
					<swisstopo:routepoint_id>103076558</swisstopo:routepoint_id>
				</extensions>
			</trkpt>
			<trkpt lat="46.6250467212" lon="8.0458349707">
				<ele>1055.9</ele>
				<extensions>
					<swisstopo:routepoint_id>639894162</swisstopo:routepoint_id>
				</extensions>
			</trkpt>
			<trkpt lat="46.6250068791" lon="8.0456022225">
				<ele>1055.1</ele>
				<extensions>
					<swisstopo:routepoint_id>67374533</swisstopo:routepoint_id>
				</extensions>
			</trkpt>
			<trkpt lat="46.6249817378" lon="8.0455090760">
				<ele>1054.7</ele>
				<extensions>
					<swisstopo:routepoint_id>1034583356</swisstopo:routepoint_id>
				</extensions>
			</trkpt>
			<trkpt lat="46.6249516128" lon="8.0454243100">
				<ele>1054.3</ele>
				<extensions>
					<swisstopo:routepoint_id>1632108241</swisstopo:routepoint_id>
				</extensions>
			</trkpt>
			<trkpt lat="46.6249108291" lon="8.0453477796">
				<ele>1053.9</ele>
				<extensions>
					<swisstopo:routepoint_id>1561613004</swisstopo:routepoint_id>
				</extensions>
			</trkpt>
			<trkpt lat="46.6248612211" lon="8.0452744542">
				<ele>1053.2</ele>
				<extensions>
					<swisstopo:routepoint_id>1370332376</swisstopo:routepoint_id>
				</extensions>
			</trkpt>
			<trkpt lat="46.6247860729" lon="8.0451709405">
				<ele>1052.5</ele>
				<extensions>
					<swisstopo:routepoint_id>220106930</swisstopo:routepoint_id>
				</extensions>
			</trkpt>
			<trkpt lat="46.6247234277" lon="8.0450592123">
				<ele>1052.1</ele>
				<extensions>
					<swisstopo:routepoint_id>473923779</swisstopo:routepoint_id>
				</extensions>
			</trkpt>
			<trkpt lat="46.6246873439" lon="8.0449869400">
				<ele>1051.4</ele>
				<extensions>
					<swisstopo:routepoint_id>883707433</swisstopo:routepoint_id>
				</extensions>
			</trkpt>
			<trkpt lat="46.6246517682" lon="8.0448952056">
				<ele>1050.9</ele>
				<extensions>
					<swisstopo:routepoint_id>2143958578</swisstopo:routepoint_id>
				</extensions>
			</trkpt>
			<trkpt lat="46.6246152000" lon="8.0447871642">
				<ele>1050.3</ele>
				<extensions>
					<swisstopo:routepoint_id>1843638842</swisstopo:routepoint_id>
				</extensions>
			</trkpt>
			<trkpt lat="46.6245804745" lon="8.0446574573">
				<ele>1049.6</ele>
				<extensions>
					<swisstopo:routepoint_id>902188266</swisstopo:routepoint_id>
				</extensions>
			</trkpt>
			<trkpt lat="46.6244952837" lon="8.0443567610">
				<ele>1047.3</ele>
				<extensions>
					<swisstopo:routepoint_id>1449895825</swisstopo:routepoint_id>
				</extensions>
			</trkpt>
			<trkpt lat="46.6244681038" lon="8.0442272556">
				<ele>1046.1</ele>
				<extensions>
					<swisstopo:routepoint_id>778224865</swisstopo:routepoint_id>
				</extensions>
			</trkpt>
			<trkpt lat="46.6244552889" lon="8.0441351909">
				<ele>1045.4</ele>
				<extensions>
					<swisstopo:routepoint_id>1071807643</swisstopo:routepoint_id>
				</extensions>
			</trkpt>
			<trkpt lat="46.6244500638" lon="8.0440470224">
				<ele>1045.0</ele>
				<extensions>
					<swisstopo:routepoint_id>770535979</swisstopo:routepoint_id>
				</extensions>
			</trkpt>
			<trkpt lat="46.6244517729" lon="8.0439506545">
				<ele>1044.5</ele>
				<extensions>
					<swisstopo:routepoint_id>998720933</swisstopo:routepoint_id>
				</extensions>
			</trkpt>
			<trkpt lat="46.6244651744" lon="8.0438445580">
				<ele>1043.8</ele>
				<extensions>
					<swisstopo:routepoint_id>2029480662</swisstopo:routepoint_id>
				</extensions>
			</trkpt>
			<trkpt lat="46.6244791446" lon="8.0437533418">
				<ele>1043.2</ele>
				<extensions>
					<swisstopo:routepoint_id>1267630586</swisstopo:routepoint_id>
				</extensions>
			</trkpt>
			<trkpt lat="46.6244892495" lon="8.0436547697">
				<ele>1042.6</ele>
				<extensions>
					<swisstopo:routepoint_id>1041426748</swisstopo:routepoint_id>
				</extensions>
			</trkpt>
			<trkpt lat="46.6244886140" lon="8.0435932752">
				<ele>1042.4</ele>
				<extensions>
					<swisstopo:routepoint_id>1929564585</swisstopo:routepoint_id>
				</extensions>
			</trkpt>
			<trkpt lat="46.6244842366" lon="8.0435367421">
				<ele>1042.2</ele>
				<extensions>
					<swisstopo:routepoint_id>1611334465</swisstopo:routepoint_id>
				</extensions>
			</trkpt>
			<trkpt lat="46.6244723084" lon="8.0434656422">
				<ele>1042.2</ele>
				<extensions>
					<swisstopo:routepoint_id>740796932</swisstopo:routepoint_id>
				</extensions>
			</trkpt>
			<trkpt lat="46.6244408145" lon="8.0433588608">
				<ele>1042.5</ele>
				<extensions>
					<swisstopo:routepoint_id>1735075935</swisstopo:routepoint_id>
				</extensions>
			</trkpt>
			<trkpt lat="46.6243086285" lon="8.0429746908">
				<ele>1043.9</ele>
				<extensions>
					<swisstopo:routepoint_id>1285629086</swisstopo:routepoint_id>
				</extensions>
			</trkpt>
			<trkpt lat="46.6242697292" lon="8.0428446115">
				<ele>1044.6</ele>
				<extensions>
					<swisstopo:routepoint_id>1181594985</swisstopo:routepoint_id>
				</extensions>
			</trkpt>
			<trkpt lat="46.6242341815" lon="8.0427066444">
				<ele>1045.5</ele>
				<extensions>
					<swisstopo:routepoint_id>344802313</swisstopo:routepoint_id>
				</extensions>
			</trkpt>
			<trkpt lat="46.6242111863" lon="8.0425731141">
				<ele>1046.1</ele>
				<extensions>
					<swisstopo:routepoint_id>211740656</swisstopo:routepoint_id>
				</extensions>
			</trkpt>
			<trkpt lat="46.6241902919" lon="8.0424301933">
				<ele>1046.9</ele>
				<extensions>
					<swisstopo:routepoint_id>1909454832</swisstopo:routepoint_id>
				</extensions>
			</trkpt>
			<trkpt lat="46.6241809011" lon="8.0423164265">
				<ele>1047.5</ele>
				<extensions>
					<swisstopo:routepoint_id>1930510644</swisstopo:routepoint_id>
				</extensions>
			</trkpt>
			<trkpt lat="46.6241722151" lon="8.0420969713">
				<ele>1048.2</ele>
				<extensions>
					<swisstopo:routepoint_id>154975944</swisstopo:routepoint_id>
				</extensions>
			</trkpt>
			<trkpt lat="46.6241747799" lon="8.0418440199">
				<ele>1048.7</ele>
				<extensions>
					<swisstopo:routepoint_id>714133461</swisstopo:routepoint_id>
				</extensions>
			</trkpt>
			<trkpt lat="46.6241741642" lon="8.0417294109">
				<ele>1048.8</ele>
				<extensions>
					<swisstopo:routepoint_id>694234116</swisstopo:routepoint_id>
				</extensions>
			</trkpt>
			<trkpt lat="46.6241597753" lon="8.0415689492">
				<ele>1048.8</ele>
				<extensions>
					<swisstopo:routepoint_id>128581114</swisstopo:routepoint_id>
				</extensions>
			</trkpt>
			<trkpt lat="46.6241338396" lon="8.0414332319">
				<ele>1048.4</ele>
				<extensions>
					<swisstopo:routepoint_id>444913824</swisstopo:routepoint_id>
				</extensions>
			</trkpt>
			<trkpt lat="46.6241132791" lon="8.0413611497">
				<ele>1048.4</ele>
				<extensions>
					<swisstopo:routepoint_id>127288548</swisstopo:routepoint_id>
				</extensions>
			</trkpt>
			<trkpt lat="46.6241023930" lon="8.0413393792">
				<ele>1048.3</ele>
				<extensions>
					<swisstopo:routepoint_id>665194690</swisstopo:routepoint_id>
				</extensions>
			</trkpt>
			<trkpt lat="46.6240605202" lon="8.0412555426">
				<ele>1047.9</ele>
				<extensions>
					<swisstopo:routepoint_id>959871622</swisstopo:routepoint_id>
				</extensions>
			</trkpt>
			<trkpt lat="46.6240410397" lon="8.0412292900">
				<ele>1047.8</ele>
				<extensions>
					<swisstopo:routepoint_id>5040265</swisstopo:routepoint_id>
				</extensions>
			</trkpt>
			<trkpt lat="46.6239508608" lon="8.0411078322">
				<ele>1047.3</ele>
				<extensions>
					<swisstopo:routepoint_id>335532641</swisstopo:routepoint_id>
				</extensions>
			</trkpt>
			<trkpt lat="46.6238371576" lon="8.0409438739">
				<ele>1046.4</ele>
				<extensions>
					<swisstopo:routepoint_id>1631938875</swisstopo:routepoint_id>
				</extensions>
			</trkpt>
			<trkpt lat="46.6237714509" lon="8.0408455269">
				<ele>1046.0</ele>
				<extensions>
					<swisstopo:routepoint_id>425837297</swisstopo:routepoint_id>
				</extensions>
			</trkpt>
			<trkpt lat="46.6237193258" lon="8.0407509744">
				<ele>1045.1</ele>
				<extensions>
					<swisstopo:routepoint_id>1198026567</swisstopo:routepoint_id>
				</extensions>
			</trkpt>
			<trkpt lat="46.6236710935" lon="8.0406466737">
				<ele>1044.2</ele>
				<extensions>
					<swisstopo:routepoint_id>869056602</swisstopo:routepoint_id>
				</extensions>
			</trkpt>
			<trkpt lat="46.6236367769" lon="8.0405525943">
				<ele>1043.5</ele>
				<extensions>
					<swisstopo:routepoint_id>543726541</swisstopo:routepoint_id>
				</extensions>
			</trkpt>
			<trkpt lat="46.6235817614" lon="8.0403326379">
				<ele>1042.0</ele>
				<extensions>
					<swisstopo:routepoint_id>1426492007</swisstopo:routepoint_id>
				</extensions>
			</trkpt>
			<trkpt lat="46.6235245223" lon="8.0399920644">
				<ele>1040.1</ele>
				<extensions>
					<swisstopo:routepoint_id>1394984558</swisstopo:routepoint_id>
				</extensions>
			</trkpt>
			<trkpt lat="46.6234637201" lon="8.0396072407">
				<ele>1039.2</ele>
				<extensions>
					<swisstopo:routepoint_id>582984196</swisstopo:routepoint_id>
				</extensions>
			</trkpt>
			<trkpt lat="46.6234031205" lon="8.0391837200">
				<ele>1038.6</ele>
				<extensions>
					<swisstopo:routepoint_id>812544267</swisstopo:routepoint_id>
				</extensions>
			</trkpt>
			<trkpt lat="46.6233406794" lon="8.0387491079">
				<ele>1038.8</ele>
				<extensions>
					<swisstopo:routepoint_id>2131943666</swisstopo:routepoint_id>
				</extensions>
			</trkpt>
			<trkpt lat="46.6233352011" lon="8.0387048367">
				<ele>1038.8</ele>
				<extensions>
					<swisstopo:routepoint_id>1764035443</swisstopo:routepoint_id>
				</extensions>
			</trkpt>
			<trkpt lat="46.6233137953" lon="8.0384309928">
				<ele>1039.3</ele>
				<extensions>
					<swisstopo:routepoint_id>1949667967</swisstopo:routepoint_id>
				</extensions>
			</trkpt>
			<trkpt lat="46.6233014206" lon="8.0382512060">
				<ele>1039.5</ele>
				<extensions>
					<swisstopo:routepoint_id>873701158</swisstopo:routepoint_id>
				</extensions>
			</trkpt>
			<trkpt lat="46.6233011564" lon="8.0381442031">
				<ele>1039.7</ele>
				<extensions>
					<swisstopo:routepoint_id>1909494218</swisstopo:routepoint_id>
				</extensions>
			</trkpt>
			<trkpt lat="46.6233006678" lon="8.0380525777">
				<ele>1040.0</ele>
				<extensions>
					<swisstopo:routepoint_id>964034398</swisstopo:routepoint_id>
				</extensions>
			</trkpt>
			<trkpt lat="46.6233021187" lon="8.0379359048">
				<ele>1040.3</ele>
				<extensions>
					<swisstopo:routepoint_id>1113856071</swisstopo:routepoint_id>
				</extensions>
			</trkpt>
			<trkpt lat="46.6233109474" lon="8.0378464069">
				<ele>1040.3</ele>
				<extensions>
					<swisstopo:routepoint_id>1468818848</swisstopo:routepoint_id>
				</extensions>
			</trkpt>
			<trkpt lat="46.6233400045" lon="8.0376805944">
				<ele>1040.7</ele>
				<extensions>
					<swisstopo:routepoint_id>1904290927</swisstopo:routepoint_id>
				</extensions>
			</trkpt>
			<trkpt lat="46.6234419062" lon="8.0373120729">
				<ele>1041.0</ele>
				<extensions>
					<swisstopo:routepoint_id>1370352765</swisstopo:routepoint_id>
				</extensions>
			</trkpt>
			<trkpt lat="46.6234523416" lon="8.0372762034">
				<ele>1041.0</ele>
				<extensions>
					<swisstopo:routepoint_id>227517775</swisstopo:routepoint_id>
				</extensions>
			</trkpt>
			<trkpt lat="46.6235970494" lon="8.0367783303">
				<ele>1042.0</ele>
				<extensions>
					<swisstopo:routepoint_id>405821121</swisstopo:routepoint_id>
				</extensions>
			</trkpt>
			<trkpt lat="46.6236041500" lon="8.0367538621">
				<ele>1042.0</ele>
				<extensions>
					<swisstopo:routepoint_id>1060924766</swisstopo:routepoint_id>
				</extensions>
			</trkpt>
			<trkpt lat="46.6236333305" lon="8.0366532813">
				<ele>1042.1</ele>
				<extensions>
					<swisstopo:routepoint_id>83371230</swisstopo:routepoint_id>
				</extensions>
			</trkpt>
			<trkpt lat="46.6236744978" lon="8.0365090670">
				<ele>1042.1</ele>
				<extensions>
					<swisstopo:routepoint_id>667491994</swisstopo:routepoint_id>
				</extensions>
			</trkpt>
			<trkpt lat="46.6237153802" lon="8.0363521577">
				<ele>1042.2</ele>
				<extensions>
					<swisstopo:routepoint_id>1698400674</swisstopo:routepoint_id>
				</extensions>
			</trkpt>
			<trkpt lat="46.6237260306" lon="8.0363112640">
				<ele>1042.3</ele>
				<extensions>
					<swisstopo:routepoint_id>1972535459</swisstopo:routepoint_id>
				</extensions>
			</trkpt>
			<trkpt lat="46.6237579821" lon="8.0361951503">
				<ele>1042.0</ele>
				<extensions>
					<swisstopo:routepoint_id>128146079</swisstopo:routepoint_id>
				</extensions>
			</trkpt>
			<trkpt lat="46.6237765582" lon="8.0361198347">
				<ele>1041.9</ele>
				<extensions>
					<swisstopo:routepoint_id>1002899226</swisstopo:routepoint_id>
				</extensions>
			</trkpt>
			<trkpt lat="46.6237912840" lon="8.0360599357">
				<ele>1041.7</ele>
				<extensions>
					<swisstopo:routepoint_id>1858648184</swisstopo:routepoint_id>
				</extensions>
			</trkpt>
			<trkpt lat="46.6238060660" lon="8.0359927513">
				<ele>1041.6</ele>
				<extensions>
					<swisstopo:routepoint_id>796904068</swisstopo:routepoint_id>
				</extensions>
			</trkpt>
			<trkpt lat="46.6238113051" lon="8.0359509620">
				<ele>1041.5</ele>
				<extensions>
					<swisstopo:routepoint_id>1818131833</swisstopo:routepoint_id>
				</extensions>
			</trkpt>
			<trkpt lat="46.6238511171" lon="8.0359516635">
				<ele>1041.6</ele>
				<extensions>
					<swisstopo:routepoint_id>1219191980</swisstopo:routepoint_id>
				</extensions>
			</trkpt>
			<trkpt lat="46.6238863751" lon="8.0359459432">
				<ele>1041.9</ele>
				<extensions>
					<swisstopo:routepoint_id>232747481</swisstopo:routepoint_id>
				</extensions>
			</trkpt>
			<trkpt lat="46.6239117756" lon="8.0359380246">
				<ele>1042.2</ele>
				<extensions>
					<swisstopo:routepoint_id>108109949</swisstopo:routepoint_id>
				</extensions>
			</trkpt>
			<trkpt lat="46.6239394951" lon="8.0359288128">
				<ele>1042.3</ele>
				<extensions>
					<swisstopo:routepoint_id>1165042185</swisstopo:routepoint_id>
				</extensions>
			</trkpt>
			<trkpt lat="46.6239593062" lon="8.0358957886">
				<ele>1042.3</ele>
				<extensions>
					<swisstopo:routepoint_id>933068997</swisstopo:routepoint_id>
				</extensions>
			</trkpt>
			<trkpt lat="46.6239971234" lon="8.0358327371">
				<ele>1042.3</ele>
				<extensions>
					<swisstopo:routepoint_id>2094768845</swisstopo:routepoint_id>
				</extensions>
			</trkpt>
			<trkpt lat="46.6240979947" lon="8.0356611088">
				<ele>1041.4</ele>
				<extensions>
					<swisstopo:routepoint_id>471352083</swisstopo:routepoint_id>
				</extensions>
			</trkpt>
			<trkpt lat="46.6241868385" lon="8.0355100946">
				<ele>1040.5</ele>
				<extensions>
					<swisstopo:routepoint_id>1983962036</swisstopo:routepoint_id>
				</extensions>
			</trkpt>
			<trkpt lat="46.6242302087" lon="8.0354103875">
				<ele>1039.5</ele>
				<extensions>
					<swisstopo:routepoint_id>218354616</swisstopo:routepoint_id>
				</extensions>
			</trkpt>
			<trkpt lat="46.6242815934" lon="8.0352713630">
				<ele>1038.1</ele>
				<extensions>
					<swisstopo:routepoint_id>418086800</swisstopo:routepoint_id>
				</extensions>
			</trkpt>
			<trkpt lat="46.6243059659" lon="8.0351918666">
				<ele>1037.5</ele>
				<extensions>
					<swisstopo:routepoint_id>1011860599</swisstopo:routepoint_id>
				</extensions>
			</trkpt>
			<trkpt lat="46.6243119812" lon="8.0351203675">
				<ele>1037.1</ele>
				<extensions>
					<swisstopo:routepoint_id>2144732842</swisstopo:routepoint_id>
				</extensions>
			</trkpt>
			<trkpt lat="46.6243096073" lon="8.0350344388">
				<ele>1036.7</ele>
				<extensions>
					<swisstopo:routepoint_id>945521285</swisstopo:routepoint_id>
				</extensions>
			</trkpt>
			<trkpt lat="46.6242931463" lon="8.0349483807">
				<ele>1036.3</ele>
				<extensions>
					<swisstopo:routepoint_id>600845697</swisstopo:routepoint_id>
				</extensions>
			</trkpt>
			<trkpt lat="46.6242710658" lon="8.0348822637">
				<ele>1036.0</ele>
				<extensions>
					<swisstopo:routepoint_id>1085341045</swisstopo:routepoint_id>
				</extensions>
			</trkpt>
			<trkpt lat="46.6243076165" lon="8.0347946239">
				<ele>1035.4</ele>
				<extensions>
					<swisstopo:routepoint_id>1352671341</swisstopo:routepoint_id>
				</extensions>
			</trkpt>
			<trkpt lat="46.6243265821" lon="8.0347272760">
				<ele>1035.3</ele>
				<extensions>
					<swisstopo:routepoint_id>1236158117</swisstopo:routepoint_id>
				</extensions>
			</trkpt>
			<trkpt lat="46.6243464855" lon="8.0346370495">
				<ele>1034.9</ele>
				<extensions>
					<swisstopo:routepoint_id>1118344323</swisstopo:routepoint_id>
				</extensions>
			</trkpt>
			<trkpt lat="46.6243606856" lon="8.0345537845">
				<ele>1034.6</ele>
				<extensions>
					<swisstopo:routepoint_id>2020799204</swisstopo:routepoint_id>
				</extensions>
			</trkpt>
			<trkpt lat="46.6243762930" lon="8.0344317819">
				<ele>1034.5</ele>
				<extensions>
					<swisstopo:routepoint_id>1999514780</swisstopo:routepoint_id>
				</extensions>
			</trkpt>
			<trkpt lat="46.6243836021" lon="8.0343502168">
				<ele>1034.2</ele>
				<extensions>
					<swisstopo:routepoint_id>935163018</swisstopo:routepoint_id>
				</extensions>
			</trkpt>
			<trkpt lat="46.6243843949" lon="8.0342762048">
				<ele>1034.0</ele>
				<extensions>
					<swisstopo:routepoint_id>373153294</swisstopo:routepoint_id>
				</extensions>
			</trkpt>
			<trkpt lat="46.6243816293" lon="8.0341944110">
				<ele>1034.0</ele>
				<extensions>
					<swisstopo:routepoint_id>1165952367</swisstopo:routepoint_id>
				</extensions>
			</trkpt>
			<trkpt lat="46.6243762210" lon="8.0341363125">
				<ele>1033.9</ele>
				<extensions>
					<swisstopo:routepoint_id>769391622</swisstopo:routepoint_id>
				</extensions>
			</trkpt>
			<trkpt lat="46.6243672030" lon="8.0340804072">
				<ele>1033.8</ele>
				<extensions>
					<swisstopo:routepoint_id>1435705102</swisstopo:routepoint_id>
				</extensions>
			</trkpt>
			<trkpt lat="46.6243585373" lon="8.0340400573">
				<ele>1033.7</ele>
				<extensions>
					<swisstopo:routepoint_id>1559173628</swisstopo:routepoint_id>
				</extensions>
			</trkpt>
		</trkseg>
	</trk>
</gpx>
