<?xml version="1.0"?>
<gpx version="1.1" creator="Generated by Swisstopo App. See https://www.swisstopo.ch/app for more information." xmlns="http://www.topografix.com/GPX/1/1" xmlns:xsi="http://www.w3.org/2001/XMLSchema-instance" xmlns:swisstopo="https://prod-static.swisstopo-app.ch/xmlschemas/SwisstopoExtensions" xsi:schemaLocation="http://www.topografix.com/GPX/1/1 http://www.topografix.com/GPX/1/1/gpx.xsd https://swisstopo-app.ch/xmlschemas/SwisstopoExtensions https://prod-static.swisstopo-app.ch/xmlschemas/SwisstopoExtensions.xsd">
	<metadata>
		<name>Via Alpina - Stg 12 - Lauterbrunnen to Mürren</name>
		<desc>Extra stop not officially on the SM route.</desc>
		<time>2026-07-07T12:17:41Z</time>
		<extensions>
			<swisstopo:tour_type>0</swisstopo:tour_type>
		</extensions>
	</metadata>
	<wpt lat="46.5981428948" lon="7.9079916982">
		<ele>791.9</ele>
		<name>Starting point</name>
		<extensions>
			<swisstopo:waypoint_id>172934204</swisstopo:waypoint_id>
			<swisstopo:waypoint_routepoint_id>1432373354</swisstopo:waypoint_routepoint_id>
			<swisstopo:waypoint_meters_into_tour>0.000000</swisstopo:waypoint_meters_into_tour>
			<swisstopo:waypoint_is_controlpoint>1</swisstopo:waypoint_is_controlpoint>
		</extensions>
	</wpt>
	<wpt lat="46.5622537176" lon="7.8972167082">
		<ele>1636.3</ele>
		<name>Waypoint</name>
		<extensions>
			<swisstopo:waypoint_id>1263377810</swisstopo:waypoint_id>
			<swisstopo:waypoint_routepoint_id>177576211</swisstopo:waypoint_routepoint_id>
			<swisstopo:waypoint_meters_into_tour>5558.107097</swisstopo:waypoint_meters_into_tour>
			<swisstopo:waypoint_is_controlpoint>1</swisstopo:waypoint_is_controlpoint>
		</extensions>
	</wpt>
	<wpt lat="46.5599578551" lon="7.8947550933">
		<ele>1634.6</ele>
		<name>Destination</name>
		<extensions>
			<swisstopo:waypoint_id>2027185599</swisstopo:waypoint_id>
			<swisstopo:waypoint_routepoint_id>1617877902</swisstopo:waypoint_routepoint_id>
			<swisstopo:waypoint_meters_into_tour>5883.182143</swisstopo:waypoint_meters_into_tour>
			<swisstopo:waypoint_is_controlpoint>1</swisstopo:waypoint_is_controlpoint>
			<swisstopo:waypoint_stage_before distance="5883.182143" duration="9974.546821" ascent="850.500000" descent="7.800000" />
		</extensions>
	</wpt>
	<trk>
		<name>Swisstopo Route</name>
		<trkseg>
			<trkpt lat="46.5981428948" lon="7.9079916982">
				<ele>791.9</ele>
				<extensions>
					<swisstopo:routepoint_id>1432373354</swisstopo:routepoint_id>
				</extensions>
			</trkpt>
			<trkpt lat="46.5981317956" lon="7.9078925083">
				<ele>791.9</ele>
				<extensions>
					<swisstopo:routepoint_id>1357930689</swisstopo:routepoint_id>
				</extensions>
			</trkpt>
			<trkpt lat="46.5981235376" lon="7.9077636926">
				<ele>796.6</ele>
				<extensions>
					<swisstopo:routepoint_id>1692819735</swisstopo:routepoint_id>
				</extensions>
			</trkpt>
			<trkpt lat="46.5981172893" lon="7.9077062154">
				<ele>796.6</ele>
				<extensions>
					<swisstopo:routepoint_id>1257005382</swisstopo:routepoint_id>
				</extensions>
			</trkpt>
			<trkpt lat="46.5981610547" lon="7.9076906088">
				<ele>796.6</ele>
				<extensions>
					<swisstopo:routepoint_id>2131970111</swisstopo:routepoint_id>
				</extensions>
			</trkpt>
			<trkpt lat="46.5981554960" lon="7.9076533140">
				<ele>796.6</ele>
				<extensions>
					<swisstopo:routepoint_id>1153279698</swisstopo:routepoint_id>
				</extensions>
			</trkpt>
			<trkpt lat="46.5980385771" lon="7.9076493621">
				<ele>797.7</ele>
				<extensions>
					<swisstopo:routepoint_id>338539743</swisstopo:routepoint_id>
				</extensions>
			</trkpt>
			<trkpt lat="46.5979652351" lon="7.9076427354">
				<ele>799.0</ele>
				<extensions>
					<swisstopo:routepoint_id>383339649</swisstopo:routepoint_id>
				</extensions>
			</trkpt>
			<trkpt lat="46.5979140043" lon="7.9076318115">
				<ele>799.9</ele>
				<extensions>
					<swisstopo:routepoint_id>462433906</swisstopo:routepoint_id>
				</extensions>
			</trkpt>
			<trkpt lat="46.5978706683" lon="7.9076173014">
				<ele>800.4</ele>
				<extensions>
					<swisstopo:routepoint_id>1714104573</swisstopo:routepoint_id>
				</extensions>
			</trkpt>
			<trkpt lat="46.5978139705" lon="7.9075905513">
				<ele>801.2</ele>
				<extensions>
					<swisstopo:routepoint_id>984083160</swisstopo:routepoint_id>
				</extensions>
			</trkpt>
			<trkpt lat="46.5977431156" lon="7.9075437243">
				<ele>802.0</ele>
				<extensions>
					<swisstopo:routepoint_id>1562979952</swisstopo:routepoint_id>
				</extensions>
			</trkpt>
			<trkpt lat="46.5976782050" lon="7.9075038007">
				<ele>802.7</ele>
				<extensions>
					<swisstopo:routepoint_id>2120488731</swisstopo:routepoint_id>
				</extensions>
			</trkpt>
			<trkpt lat="46.5976283286" lon="7.9074785072">
				<ele>802.5</ele>
				<extensions>
					<swisstopo:routepoint_id>195491342</swisstopo:routepoint_id>
				</extensions>
			</trkpt>
			<trkpt lat="46.5976420947" lon="7.9074256154">
				<ele>803.0</ele>
				<extensions>
					<swisstopo:routepoint_id>952943924</swisstopo:routepoint_id>
				</extensions>
			</trkpt>
			<trkpt lat="46.5975921960" lon="7.9074058417">
				<ele>803.3</ele>
				<extensions>
					<swisstopo:routepoint_id>479206082</swisstopo:routepoint_id>
				</extensions>
			</trkpt>
			<trkpt lat="46.5975472390" lon="7.9073981952">
				<ele>803.5</ele>
				<extensions>
					<swisstopo:routepoint_id>1379467642</swisstopo:routepoint_id>
				</extensions>
			</trkpt>
			<trkpt lat="46.5974989249" lon="7.9073977760">
				<ele>803.9</ele>
				<extensions>
					<swisstopo:routepoint_id>464281999</swisstopo:routepoint_id>
				</extensions>
			</trkpt>
			<trkpt lat="46.5974572262" lon="7.9074094993">
				<ele>804.0</ele>
				<extensions>
					<swisstopo:routepoint_id>52031304</swisstopo:routepoint_id>
				</extensions>
			</trkpt>
			<trkpt lat="46.5974004625" lon="7.9074380181">
				<ele>804.4</ele>
				<extensions>
					<swisstopo:routepoint_id>802801915</swisstopo:routepoint_id>
				</extensions>
			</trkpt>
			<trkpt lat="46.5973025924" lon="7.9074984008">
				<ele>804.9</ele>
				<extensions>
					<swisstopo:routepoint_id>1268452012</swisstopo:routepoint_id>
				</extensions>
			</trkpt>
			<trkpt lat="46.5972898996" lon="7.9074589307">
				<ele>805.0</ele>
				<extensions>
					<swisstopo:routepoint_id>1696519833</swisstopo:routepoint_id>
				</extensions>
			</trkpt>
			<trkpt lat="46.5972714358" lon="7.9074339100">
				<ele>805.2</ele>
				<extensions>
					<swisstopo:routepoint_id>764695583</swisstopo:routepoint_id>
				</extensions>
			</trkpt>
			<trkpt lat="46.5972401172" lon="7.9074108519">
				<ele>806.1</ele>
				<extensions>
					<swisstopo:routepoint_id>1913065381</swisstopo:routepoint_id>
				</extensions>
			</trkpt>
			<trkpt lat="46.5971987790" lon="7.9073918440">
				<ele>807.0</ele>
				<extensions>
					<swisstopo:routepoint_id>513123098</swisstopo:routepoint_id>
				</extensions>
			</trkpt>
			<trkpt lat="46.5970434386" lon="7.9073138391">
				<ele>809.4</ele>
				<extensions>
					<swisstopo:routepoint_id>1798948973</swisstopo:routepoint_id>
				</extensions>
			</trkpt>
			<trkpt lat="46.5969650195" lon="7.9072841612">
				<ele>810.6</ele>
				<extensions>
					<swisstopo:routepoint_id>1529168546</swisstopo:routepoint_id>
				</extensions>
			</trkpt>
			<trkpt lat="46.5968508708" lon="7.9072603849">
				<ele>811.1</ele>
				<extensions>
					<swisstopo:routepoint_id>471062884</swisstopo:routepoint_id>
				</extensions>
			</trkpt>
			<trkpt lat="46.5966739503" lon="7.9072215530">
				<ele>812.6</ele>
				<extensions>
					<swisstopo:routepoint_id>1678200826</swisstopo:routepoint_id>
				</extensions>
			</trkpt>
			<trkpt lat="46.5965641097" lon="7.9071916022">
				<ele>813.4</ele>
				<extensions>
					<swisstopo:routepoint_id>1574137517</swisstopo:routepoint_id>
				</extensions>
			</trkpt>
			<trkpt lat="46.5965602112" lon="7.9070983379">
				<ele>814.3</ele>
				<extensions>
					<swisstopo:routepoint_id>1029434307</swisstopo:routepoint_id>
				</extensions>
			</trkpt>
			<trkpt lat="46.5965505162" lon="7.9070257472">
				<ele>814.4</ele>
				<extensions>
					<swisstopo:routepoint_id>1325707876</swisstopo:routepoint_id>
				</extensions>
			</trkpt>
			<trkpt lat="46.5965125077" lon="7.9068928272">
				<ele>817.4</ele>
				<extensions>
					<swisstopo:routepoint_id>1758109907</swisstopo:routepoint_id>
				</extensions>
			</trkpt>
			<trkpt lat="46.5964829861" lon="7.9067786171">
				<ele>818.6</ele>
				<extensions>
					<swisstopo:routepoint_id>11604191</swisstopo:routepoint_id>
				</extensions>
			</trkpt>
			<trkpt lat="46.5964520164" lon="7.9066664822">
				<ele>820.6</ele>
				<extensions>
					<swisstopo:routepoint_id>301800915</swisstopo:routepoint_id>
				</extensions>
			</trkpt>
			<trkpt lat="46.5964067462" lon="7.9065624979">
				<ele>822.8</ele>
				<extensions>
					<swisstopo:routepoint_id>614990218</swisstopo:routepoint_id>
				</extensions>
			</trkpt>
			<trkpt lat="46.5963600366" lon="7.9064605889">
				<ele>824.5</ele>
				<extensions>
					<swisstopo:routepoint_id>1501371324</swisstopo:routepoint_id>
				</extensions>
			</trkpt>
			<trkpt lat="46.5963203677" lon="7.9063835893">
				<ele>825.9</ele>
				<extensions>
					<swisstopo:routepoint_id>383153290</swisstopo:routepoint_id>
				</extensions>
			</trkpt>
			<trkpt lat="46.5962863758" lon="7.9063149251">
				<ele>827.2</ele>
				<extensions>
					<swisstopo:routepoint_id>1639224779</swisstopo:routepoint_id>
				</extensions>
			</trkpt>
			<trkpt lat="46.5962708405" lon="7.9062733564">
				<ele>828.2</ele>
				<extensions>
					<swisstopo:routepoint_id>548883292</swisstopo:routepoint_id>
				</extensions>
			</trkpt>
			<trkpt lat="46.5962595950" lon="7.9062297502">
				<ele>829.5</ele>
				<extensions>
					<swisstopo:routepoint_id>1016212669</swisstopo:routepoint_id>
				</extensions>
			</trkpt>
			<trkpt lat="46.5962498398" lon="7.9061716577">
				<ele>829.9</ele>
				<extensions>
					<swisstopo:routepoint_id>1850215947</swisstopo:routepoint_id>
				</extensions>
			</trkpt>
			<trkpt lat="46.5962429523" lon="7.9061094531">
				<ele>830.9</ele>
				<extensions>
					<swisstopo:routepoint_id>532413107</swisstopo:routepoint_id>
				</extensions>
			</trkpt>
			<trkpt lat="46.5962388838" lon="7.9060576219">
				<ele>832.2</ele>
				<extensions>
					<swisstopo:routepoint_id>2010414715</swisstopo:routepoint_id>
				</extensions>
			</trkpt>
			<trkpt lat="46.5962434205" lon="7.9059955161">
				<ele>833.2</ele>
				<extensions>
					<swisstopo:routepoint_id>614453013</swisstopo:routepoint_id>
				</extensions>
			</trkpt>
			<trkpt lat="46.5962599773" lon="7.9057884883">
				<ele>836.4</ele>
				<extensions>
					<swisstopo:routepoint_id>975073610</swisstopo:routepoint_id>
				</extensions>
			</trkpt>
			<trkpt lat="46.5962881381" lon="7.9055401265">
				<ele>841.0</ele>
				<extensions>
					<swisstopo:routepoint_id>1155638554</swisstopo:routepoint_id>
				</extensions>
			</trkpt>
			<trkpt lat="46.5963015021" lon="7.9054138648">
				<ele>843.9</ele>
				<extensions>
					<swisstopo:routepoint_id>1889067286</swisstopo:routepoint_id>
				</extensions>
			</trkpt>
			<trkpt lat="46.5963088055" lon="7.9053745679">
				<ele>844.8</ele>
				<extensions>
					<swisstopo:routepoint_id>1172558994</swisstopo:routepoint_id>
				</extensions>
			</trkpt>
			<trkpt lat="46.5963060629" lon="7.9053436553">
				<ele>845.6</ele>
				<extensions>
					<swisstopo:routepoint_id>1883957366</swisstopo:routepoint_id>
				</extensions>
			</trkpt>
			<trkpt lat="46.5962788530" lon="7.9052991927">
				<ele>845.8</ele>
				<extensions>
					<swisstopo:routepoint_id>1051429726</swisstopo:routepoint_id>
				</extensions>
			</trkpt>
			<trkpt lat="46.5962365060" lon="7.9052454914">
				<ele>846.4</ele>
				<extensions>
					<swisstopo:routepoint_id>1765121112</swisstopo:routepoint_id>
				</extensions>
			</trkpt>
			<trkpt lat="46.5961924603" lon="7.9051912530">
				<ele>847.5</ele>
				<extensions>
					<swisstopo:routepoint_id>1460807888</swisstopo:routepoint_id>
				</extensions>
			</trkpt>
			<trkpt lat="46.5962125336" lon="7.9051707025">
				<ele>848.2</ele>
				<extensions>
					<swisstopo:routepoint_id>269177210</swisstopo:routepoint_id>
				</extensions>
			</trkpt>
			<trkpt lat="46.5962326655" lon="7.9051377293">
				<ele>848.8</ele>
				<extensions>
					<swisstopo:routepoint_id>722573285</swisstopo:routepoint_id>
				</extensions>
			</trkpt>
			<trkpt lat="46.5962606745" lon="7.9050730597">
				<ele>850.0</ele>
				<extensions>
					<swisstopo:routepoint_id>1567947546</swisstopo:routepoint_id>
				</extensions>
			</trkpt>
			<trkpt lat="46.5963267724" lon="7.9049594151">
				<ele>852.8</ele>
				<extensions>
					<swisstopo:routepoint_id>544279217</swisstopo:routepoint_id>
				</extensions>
			</trkpt>
			<trkpt lat="46.5963578938" lon="7.9049034901">
				<ele>854.2</ele>
				<extensions>
					<swisstopo:routepoint_id>344508847</swisstopo:routepoint_id>
				</extensions>
			</trkpt>
			<trkpt lat="46.5963758761" lon="7.9048575253">
				<ele>855.1</ele>
				<extensions>
					<swisstopo:routepoint_id>2007464752</swisstopo:routepoint_id>
				</extensions>
			</trkpt>
			<trkpt lat="46.5964082935" lon="7.9047549050">
				<ele>857.3</ele>
				<extensions>
					<swisstopo:routepoint_id>1119156854</swisstopo:routepoint_id>
				</extensions>
			</trkpt>
			<trkpt lat="46.5964564642" lon="7.9046016670">
				<ele>860.7</ele>
				<extensions>
					<swisstopo:routepoint_id>1218639299</swisstopo:routepoint_id>
				</extensions>
			</trkpt>
			<trkpt lat="46.5964549507" lon="7.9045845718">
				<ele>860.8</ele>
				<extensions>
					<swisstopo:routepoint_id>718796582</swisstopo:routepoint_id>
				</extensions>
			</trkpt>
			<trkpt lat="46.5964434760" lon="7.9045705217">
				<ele>861.1</ele>
				<extensions>
					<swisstopo:routepoint_id>707522803</swisstopo:routepoint_id>
				</extensions>
			</trkpt>
			<trkpt lat="46.5963901257" lon="7.9045433352">
				<ele>862.3</ele>
				<extensions>
					<swisstopo:routepoint_id>1032960393</swisstopo:routepoint_id>
				</extensions>
			</trkpt>
			<trkpt lat="46.5963734050" lon="7.9045317458">
				<ele>862.3</ele>
				<extensions>
					<swisstopo:routepoint_id>865469132</swisstopo:routepoint_id>
				</extensions>
			</trkpt>
			<trkpt lat="46.5963991362" lon="7.9045156160">
				<ele>862.5</ele>
				<extensions>
					<swisstopo:routepoint_id>458501624</swisstopo:routepoint_id>
				</extensions>
			</trkpt>
			<trkpt lat="46.5964306162" lon="7.9045058648">
				<ele>863.1</ele>
				<extensions>
					<swisstopo:routepoint_id>550985184</swisstopo:routepoint_id>
				</extensions>
			</trkpt>
			<trkpt lat="46.5964820013" lon="7.9044988692">
				<ele>864.2</ele>
				<extensions>
					<swisstopo:routepoint_id>252129245</swisstopo:routepoint_id>
				</extensions>
			</trkpt>
			<trkpt lat="46.5965422400" lon="7.9044960345">
				<ele>865.4</ele>
				<extensions>
					<swisstopo:routepoint_id>1318761876</swisstopo:routepoint_id>
				</extensions>
			</trkpt>
			<trkpt lat="46.5965934568" lon="7.9044861929">
				<ele>866.4</ele>
				<extensions>
					<swisstopo:routepoint_id>141651136</swisstopo:routepoint_id>
				</extensions>
			</trkpt>
			<trkpt lat="46.5966061990" lon="7.9044763455">
				<ele>866.4</ele>
				<extensions>
					<swisstopo:routepoint_id>1226630848</swisstopo:routepoint_id>
				</extensions>
			</trkpt>
			<trkpt lat="46.5966125703" lon="7.9044605050">
				<ele>866.6</ele>
				<extensions>
					<swisstopo:routepoint_id>370104080</swisstopo:routepoint_id>
				</extensions>
			</trkpt>
			<trkpt lat="46.5966219171" lon="7.9044187594">
				<ele>867.3</ele>
				<extensions>
					<swisstopo:routepoint_id>1459319381</swisstopo:routepoint_id>
				</extensions>
			</trkpt>
			<trkpt lat="46.5966486921" lon="7.9042946610">
				<ele>869.3</ele>
				<extensions>
					<swisstopo:routepoint_id>1650021756</swisstopo:routepoint_id>
				</extensions>
			</trkpt>
			<trkpt lat="46.5966644411" lon="7.9042249519">
				<ele>871.1</ele>
				<extensions>
					<swisstopo:routepoint_id>143459670</swisstopo:routepoint_id>
				</extensions>
			</trkpt>
			<trkpt lat="46.5966931209" lon="7.9040708406">
				<ele>874.8</ele>
				<extensions>
					<swisstopo:routepoint_id>1816048583</swisstopo:routepoint_id>
				</extensions>
			</trkpt>
			<trkpt lat="46.5967366983" lon="7.9038988354">
				<ele>878.2</ele>
				<extensions>
					<swisstopo:routepoint_id>1647743064</swisstopo:routepoint_id>
				</extensions>
			</trkpt>
			<trkpt lat="46.5967642887" lon="7.9038305719">
				<ele>879.8</ele>
				<extensions>
					<swisstopo:routepoint_id>1936244865</swisstopo:routepoint_id>
				</extensions>
			</trkpt>
			<trkpt lat="46.5968254740" lon="7.9037589701">
				<ele>883.2</ele>
				<extensions>
					<swisstopo:routepoint_id>1849504049</swisstopo:routepoint_id>
				</extensions>
			</trkpt>
			<trkpt lat="46.5968857654" lon="7.9037188376">
				<ele>885.2</ele>
				<extensions>
					<swisstopo:routepoint_id>1335339657</swisstopo:routepoint_id>
				</extensions>
			</trkpt>
			<trkpt lat="46.5969351999" lon="7.9036566082">
				<ele>887.5</ele>
				<extensions>
					<swisstopo:routepoint_id>1835285474</swisstopo:routepoint_id>
				</extensions>
			</trkpt>
			<trkpt lat="46.5969571473" lon="7.9036349898">
				<ele>889.2</ele>
				<extensions>
					<swisstopo:routepoint_id>2105427699</swisstopo:routepoint_id>
				</extensions>
			</trkpt>
			<trkpt lat="46.5969719895" lon="7.9036352091">
				<ele>889.4</ele>
				<extensions>
					<swisstopo:routepoint_id>665056841</swisstopo:routepoint_id>
				</extensions>
			</trkpt>
			<trkpt lat="46.5969856421" lon="7.9036535449">
				<ele>890.2</ele>
				<extensions>
					<swisstopo:routepoint_id>715441542</swisstopo:routepoint_id>
				</extensions>
			</trkpt>
			<trkpt lat="46.5970024112" lon="7.9036884943">
				<ele>891.3</ele>
				<extensions>
					<swisstopo:routepoint_id>673918260</swisstopo:routepoint_id>
				</extensions>
			</trkpt>
			<trkpt lat="46.5970474580" lon="7.9037575141">
				<ele>893.9</ele>
				<extensions>
					<swisstopo:routepoint_id>1183219640</swisstopo:routepoint_id>
				</extensions>
			</trkpt>
			<trkpt lat="46.5971068439" lon="7.9038289405">
				<ele>895.8</ele>
				<extensions>
					<swisstopo:routepoint_id>1341560899</swisstopo:routepoint_id>
				</extensions>
			</trkpt>
			<trkpt lat="46.5971467179" lon="7.9038562201">
				<ele>896.2</ele>
				<extensions>
					<swisstopo:routepoint_id>520627711</swisstopo:routepoint_id>
				</extensions>
			</trkpt>
			<trkpt lat="46.5971923561" lon="7.9038711115">
				<ele>897.3</ele>
				<extensions>
					<swisstopo:routepoint_id>1705419460</swisstopo:routepoint_id>
				</extensions>
			</trkpt>
			<trkpt lat="46.5972351919" lon="7.9038714804">
				<ele>898.0</ele>
				<extensions>
					<swisstopo:routepoint_id>2027350566</swisstopo:routepoint_id>
				</extensions>
			</trkpt>
			<trkpt lat="46.5972558201" lon="7.9038647545">
				<ele>898.4</ele>
				<extensions>
					<swisstopo:routepoint_id>439788099</swisstopo:routepoint_id>
				</extensions>
			</trkpt>
			<trkpt lat="46.5972736240" lon="7.9038555510">
				<ele>899.1</ele>
				<extensions>
					<swisstopo:routepoint_id>1749240847</swisstopo:routepoint_id>
				</extensions>
			</trkpt>
			<trkpt lat="46.5972964213" lon="7.9038395912">
				<ele>900.0</ele>
				<extensions>
					<swisstopo:routepoint_id>229456916</swisstopo:routepoint_id>
				</extensions>
			</trkpt>
			<trkpt lat="46.5973185526" lon="7.9038194749">
				<ele>900.8</ele>
				<extensions>
					<swisstopo:routepoint_id>947707245</swisstopo:routepoint_id>
				</extensions>
			</trkpt>
			<trkpt lat="46.5973449218" lon="7.9037923092">
				<ele>901.8</ele>
				<extensions>
					<swisstopo:routepoint_id>1192946691</swisstopo:routepoint_id>
				</extensions>
			</trkpt>
			<trkpt lat="46.5973782247" lon="7.9037503127">
				<ele>902.6</ele>
				<extensions>
					<swisstopo:routepoint_id>452771316</swisstopo:routepoint_id>
				</extensions>
			</trkpt>
			<trkpt lat="46.5974023566" lon="7.9037184161">
				<ele>903.0</ele>
				<extensions>
					<swisstopo:routepoint_id>948487171</swisstopo:routepoint_id>
				</extensions>
			</trkpt>
			<trkpt lat="46.5974229596" lon="7.9036823790">
				<ele>903.2</ele>
				<extensions>
					<swisstopo:routepoint_id>1250189117</swisstopo:routepoint_id>
				</extensions>
			</trkpt>
			<trkpt lat="46.5974386891" lon="7.9036635386">
				<ele>903.0</ele>
				<extensions>
					<swisstopo:routepoint_id>1334281813</swisstopo:routepoint_id>
				</extensions>
			</trkpt>
			<trkpt lat="46.5974271531" lon="7.9036203603">
				<ele>903.2</ele>
				<extensions>
					<swisstopo:routepoint_id>834949273</swisstopo:routepoint_id>
				</extensions>
			</trkpt>
			<trkpt lat="46.5973904529" lon="7.9035669554">
				<ele>905.0</ele>
				<extensions>
					<swisstopo:routepoint_id>1623791107</swisstopo:routepoint_id>
				</extensions>
			</trkpt>
			<trkpt lat="46.5973822478" lon="7.9035476223">
				<ele>905.5</ele>
				<extensions>
					<swisstopo:routepoint_id>1501686893</swisstopo:routepoint_id>
				</extensions>
			</trkpt>
			<trkpt lat="46.5973879232" lon="7.9035346469">
				<ele>905.9</ele>
				<extensions>
					<swisstopo:routepoint_id>1876566105</swisstopo:routepoint_id>
				</extensions>
			</trkpt>
			<trkpt lat="46.5974227204" lon="7.9035187504">
				<ele>907.2</ele>
				<extensions>
					<swisstopo:routepoint_id>1818323845</swisstopo:routepoint_id>
				</extensions>
			</trkpt>
			<trkpt lat="46.5975252405" lon="7.9033899636">
				<ele>911.2</ele>
				<extensions>
					<swisstopo:routepoint_id>1213569972</swisstopo:routepoint_id>
				</extensions>
			</trkpt>
			<trkpt lat="46.5975307480" lon="7.9033718317">
				<ele>911.8</ele>
				<extensions>
					<swisstopo:routepoint_id>37765291</swisstopo:routepoint_id>
				</extensions>
			</trkpt>
			<trkpt lat="46.5975258826" lon="7.9033537275">
				<ele>912.2</ele>
				<extensions>
					<swisstopo:routepoint_id>195367422</swisstopo:routepoint_id>
				</extensions>
			</trkpt>
			<trkpt lat="46.5975037807" lon="7.9033140077">
				<ele>912.6</ele>
				<extensions>
					<swisstopo:routepoint_id>1715749734</swisstopo:routepoint_id>
				</extensions>
			</trkpt>
			<trkpt lat="46.5975141181" lon="7.9032718659">
				<ele>915.0</ele>
				<extensions>
					<swisstopo:routepoint_id>1330220772</swisstopo:routepoint_id>
				</extensions>
			</trkpt>
			<trkpt lat="46.5975267818" lon="7.9032701867">
				<ele>915.5</ele>
				<extensions>
					<swisstopo:routepoint_id>503760978</swisstopo:routepoint_id>
				</extensions>
			</trkpt>
			<trkpt lat="46.5975617749" lon="7.9032901803">
				<ele>916.4</ele>
				<extensions>
					<swisstopo:routepoint_id>1657375745</swisstopo:routepoint_id>
				</extensions>
			</trkpt>
			<trkpt lat="46.5976148430" lon="7.9033249467">
				<ele>917.5</ele>
				<extensions>
					<swisstopo:routepoint_id>1907368702</swisstopo:routepoint_id>
				</extensions>
			</trkpt>
			<trkpt lat="46.5976811421" lon="7.9033533146">
				<ele>918.9</ele>
				<extensions>
					<swisstopo:routepoint_id>550943617</swisstopo:routepoint_id>
				</extensions>
			</trkpt>
			<trkpt lat="46.5976912103" lon="7.9033352736">
				<ele>920.2</ele>
				<extensions>
					<swisstopo:routepoint_id>1976683701</swisstopo:routepoint_id>
				</extensions>
			</trkpt>
			<trkpt lat="46.5976681999" lon="7.9032601533">
				<ele>921.8</ele>
				<extensions>
					<swisstopo:routepoint_id>1136148854</swisstopo:routepoint_id>
				</extensions>
			</trkpt>
			<trkpt lat="46.5976168553" lon="7.9031823615">
				<ele>923.5</ele>
				<extensions>
					<swisstopo:routepoint_id>416735903</swisstopo:routepoint_id>
				</extensions>
			</trkpt>
			<trkpt lat="46.5975803956" lon="7.9031361237">
				<ele>924.5</ele>
				<extensions>
					<swisstopo:routepoint_id>1209781157</swisstopo:routepoint_id>
				</extensions>
			</trkpt>
			<trkpt lat="46.5975622695" lon="7.9030876285">
				<ele>925.4</ele>
				<extensions>
					<swisstopo:routepoint_id>413673728</swisstopo:routepoint_id>
				</extensions>
			</trkpt>
			<trkpt lat="46.5975408743" lon="7.9030221796">
				<ele>925.9</ele>
				<extensions>
					<swisstopo:routepoint_id>1622616083</swisstopo:routepoint_id>
				</extensions>
			</trkpt>
			<trkpt lat="46.5975362091" lon="7.9029399736">
				<ele>927.3</ele>
				<extensions>
					<swisstopo:routepoint_id>1424384056</swisstopo:routepoint_id>
				</extensions>
			</trkpt>
			<trkpt lat="46.5975347910" lon="7.9028795377">
				<ele>929.0</ele>
				<extensions>
					<swisstopo:routepoint_id>701687219</swisstopo:routepoint_id>
				</extensions>
			</trkpt>
			<trkpt lat="46.5975300754" lon="7.9028118052">
				<ele>930.3</ele>
				<extensions>
					<swisstopo:routepoint_id>378122556</swisstopo:routepoint_id>
				</extensions>
			</trkpt>
			<trkpt lat="46.5975086021" lon="7.9027632948">
				<ele>930.6</ele>
				<extensions>
					<swisstopo:routepoint_id>395352682</swisstopo:routepoint_id>
				</extensions>
			</trkpt>
			<trkpt lat="46.5974855520" lon="7.9026978184">
				<ele>931.1</ele>
				<extensions>
					<swisstopo:routepoint_id>1216807409</swisstopo:routepoint_id>
				</extensions>
			</trkpt>
			<trkpt lat="46.5974674464" lon="7.9026420678">
				<ele>932.0</ele>
				<extensions>
					<swisstopo:routepoint_id>400002417</swisstopo:routepoint_id>
				</extensions>
			</trkpt>
			<trkpt lat="46.5974529134" lon="7.9025307794">
				<ele>933.3</ele>
				<extensions>
					<swisstopo:routepoint_id>87292874</swisstopo:routepoint_id>
				</extensions>
			</trkpt>
			<trkpt lat="46.5974300131" lon="7.9024242219">
				<ele>935.8</ele>
				<extensions>
					<swisstopo:routepoint_id>1366155914</swisstopo:routepoint_id>
				</extensions>
			</trkpt>
			<trkpt lat="46.5974072090" lon="7.9022983247">
				<ele>936.7</ele>
				<extensions>
					<swisstopo:routepoint_id>867150008</swisstopo:routepoint_id>
				</extensions>
			</trkpt>
			<trkpt lat="46.5973941728" lon="7.9022281317">
				<ele>937.5</ele>
				<extensions>
					<swisstopo:routepoint_id>1249034319</swisstopo:routepoint_id>
				</extensions>
			</trkpt>
			<trkpt lat="46.5973662507" lon="7.9021288005">
				<ele>940.4</ele>
				<extensions>
					<swisstopo:routepoint_id>1593789050</swisstopo:routepoint_id>
				</extensions>
			</trkpt>
			<trkpt lat="46.5973381700" lon="7.9020681362">
				<ele>941.8</ele>
				<extensions>
					<swisstopo:routepoint_id>1733465636</swisstopo:routepoint_id>
				</extensions>
			</trkpt>
			<trkpt lat="46.5973017012" lon="7.9020218862">
				<ele>942.6</ele>
				<extensions>
					<swisstopo:routepoint_id>1078764230</swisstopo:routepoint_id>
				</extensions>
			</trkpt>
			<trkpt lat="46.5972617589" lon="7.9019799908">
				<ele>943.8</ele>
				<extensions>
					<swisstopo:routepoint_id>1926883570</swisstopo:routepoint_id>
				</extensions>
			</trkpt>
			<trkpt lat="46.5972198443" lon="7.9020448832">
				<ele>943.7</ele>
				<extensions>
					<swisstopo:routepoint_id>1252802794</swisstopo:routepoint_id>
				</extensions>
			</trkpt>
			<trkpt lat="46.5971574609" lon="7.9021304806">
				<ele>944.7</ele>
				<extensions>
					<swisstopo:routepoint_id>1467166064</swisstopo:routepoint_id>
				</extensions>
			</trkpt>
			<trkpt lat="46.5971460883" lon="7.9021179460">
				<ele>945.6</ele>
				<extensions>
					<swisstopo:routepoint_id>1812166374</swisstopo:routepoint_id>
				</extensions>
			</trkpt>
			<trkpt lat="46.5971263364" lon="7.9020597681">
				<ele>947.6</ele>
				<extensions>
					<swisstopo:routepoint_id>239299194</swisstopo:routepoint_id>
				</extensions>
			</trkpt>
			<trkpt lat="46.5971165018" lon="7.9020182486">
				<ele>948.8</ele>
				<extensions>
					<swisstopo:routepoint_id>869255105</swisstopo:routepoint_id>
				</extensions>
			</trkpt>
			<trkpt lat="46.5971008298" lon="7.9020098275">
				<ele>949.6</ele>
				<extensions>
					<swisstopo:routepoint_id>226593548</swisstopo:routepoint_id>
				</extensions>
			</trkpt>
			<trkpt lat="46.5970792937" lon="7.9020386536">
				<ele>950.7</ele>
				<extensions>
					<swisstopo:routepoint_id>1627971425</swisstopo:routepoint_id>
				</extensions>
			</trkpt>
			<trkpt lat="46.5970547789" lon="7.9020964522">
				<ele>951.8</ele>
				<extensions>
					<swisstopo:routepoint_id>18496199</swisstopo:routepoint_id>
				</extensions>
			</trkpt>
			<trkpt lat="46.5970241636" lon="7.9022494915">
				<ele>954.1</ele>
				<extensions>
					<swisstopo:routepoint_id>215426663</swisstopo:routepoint_id>
				</extensions>
			</trkpt>
			<trkpt lat="46.5969979732" lon="7.9023694341">
				<ele>956.5</ele>
				<extensions>
					<swisstopo:routepoint_id>2146985372</swisstopo:routepoint_id>
				</extensions>
			</trkpt>
			<trkpt lat="46.5969862279" lon="7.9024480531">
				<ele>957.8</ele>
				<extensions>
					<swisstopo:routepoint_id>851608140</swisstopo:routepoint_id>
				</extensions>
			</trkpt>
			<trkpt lat="46.5969916866" lon="7.9025102586">
				<ele>959.1</ele>
				<extensions>
					<swisstopo:routepoint_id>1016358454</swisstopo:routepoint_id>
				</extensions>
			</trkpt>
			<trkpt lat="46.5969972383" lon="7.9025496659">
				<ele>959.9</ele>
				<extensions>
					<swisstopo:routepoint_id>61902686</swisstopo:routepoint_id>
				</extensions>
			</trkpt>
			<trkpt lat="46.5969899527" lon="7.9025848262">
				<ele>960.8</ele>
				<extensions>
					<swisstopo:routepoint_id>62740309</swisstopo:routepoint_id>
				</extensions>
			</trkpt>
			<trkpt lat="46.5969726471" lon="7.9026261126">
				<ele>962.0</ele>
				<extensions>
					<swisstopo:routepoint_id>1028322195</swisstopo:routepoint_id>
				</extensions>
			</trkpt>
			<trkpt lat="46.5969367753" lon="7.9026672391">
				<ele>962.9</ele>
				<extensions>
					<swisstopo:routepoint_id>945710406</swisstopo:routepoint_id>
				</extensions>
			</trkpt>
			<trkpt lat="46.5968736466" lon="7.9027392039">
				<ele>965.6</ele>
				<extensions>
					<swisstopo:routepoint_id>482527754</swisstopo:routepoint_id>
				</extensions>
			</trkpt>
			<trkpt lat="46.5968249042" lon="7.9027864318">
				<ele>967.2</ele>
				<extensions>
					<swisstopo:routepoint_id>1956747016</swisstopo:routepoint_id>
				</extensions>
			</trkpt>
			<trkpt lat="46.5967246925" lon="7.9028456543">
				<ele>970.3</ele>
				<extensions>
					<swisstopo:routepoint_id>1868543471</swisstopo:routepoint_id>
				</extensions>
			</trkpt>
			<trkpt lat="46.5966359477" lon="7.9028966881">
				<ele>973.3</ele>
				<extensions>
					<swisstopo:routepoint_id>1654262619</swisstopo:routepoint_id>
				</extensions>
			</trkpt>
			<trkpt lat="46.5966159677" lon="7.9028923665">
				<ele>974.4</ele>
				<extensions>
					<swisstopo:routepoint_id>1428219134</swisstopo:routepoint_id>
				</extensions>
			</trkpt>
			<trkpt lat="46.5966045952" lon="7.9028798455">
				<ele>975.1</ele>
				<extensions>
					<swisstopo:routepoint_id>1245234507</swisstopo:routepoint_id>
				</extensions>
			</trkpt>
			<trkpt lat="46.5965990098" lon="7.9028487243">
				<ele>976.3</ele>
				<extensions>
					<swisstopo:routepoint_id>807856063</swisstopo:routepoint_id>
				</extensions>
			</trkpt>
			<trkpt lat="46.5966091473" lon="7.9028156642">
				<ele>977.0</ele>
				<extensions>
					<swisstopo:routepoint_id>135104306</swisstopo:routepoint_id>
				</extensions>
			</trkpt>
			<trkpt lat="46.5966826766" lon="7.9026443328">
				<ele>982.3</ele>
				<extensions>
					<swisstopo:routepoint_id>57122645</swisstopo:routepoint_id>
				</extensions>
			</trkpt>
			<trkpt lat="46.5967028666" lon="7.9025947848">
				<ele>982.7</ele>
				<extensions>
					<swisstopo:routepoint_id>1896284996</swisstopo:routepoint_id>
				</extensions>
			</trkpt>
			<trkpt lat="46.5967029848" lon="7.9025657878">
				<ele>983.5</ele>
				<extensions>
					<swisstopo:routepoint_id>836771536</swisstopo:routepoint_id>
				</extensions>
			</trkpt>
			<trkpt lat="46.5966959785" lon="7.9025346553">
				<ele>984.6</ele>
				<extensions>
					<swisstopo:routepoint_id>857918842</swisstopo:routepoint_id>
				</extensions>
			</trkpt>
			<trkpt lat="46.5966788758" lon="7.9025262214">
				<ele>985.3</ele>
				<extensions>
					<swisstopo:routepoint_id>2045060611</swisstopo:routepoint_id>
				</extensions>
			</trkpt>
			<trkpt lat="46.5966588619" lon="7.9025301863">
				<ele>986.3</ele>
				<extensions>
					<swisstopo:routepoint_id>1761347037</swisstopo:routepoint_id>
				</extensions>
			</trkpt>
			<trkpt lat="46.5966431562" lon="7.9025300515">
				<ele>986.7</ele>
				<extensions>
					<swisstopo:routepoint_id>2008699011</swisstopo:routepoint_id>
				</extensions>
			</trkpt>
			<trkpt lat="46.5966289473" lon="7.9025112809">
				<ele>988.2</ele>
				<extensions>
					<swisstopo:routepoint_id>301025328</swisstopo:routepoint_id>
				</extensions>
			</trkpt>
			<trkpt lat="46.5966262054" lon="7.9024843349">
				<ele>990.2</ele>
				<extensions>
					<swisstopo:routepoint_id>1024758724</swisstopo:routepoint_id>
				</extensions>
			</trkpt>
			<trkpt lat="46.5966364113" lon="7.9024326258">
				<ele>991.0</ele>
				<extensions>
					<swisstopo:routepoint_id>1635557532</swisstopo:routepoint_id>
				</extensions>
			</trkpt>
			<trkpt lat="46.5966481060" lon="7.9023664312">
				<ele>991.7</ele>
				<extensions>
					<swisstopo:routepoint_id>725465593</swisstopo:routepoint_id>
				</extensions>
			</trkpt>
			<trkpt lat="46.5966453556" lon="7.9023415469">
				<ele>992.6</ele>
				<extensions>
					<swisstopo:routepoint_id>1295279776</swisstopo:routepoint_id>
				</extensions>
			</trkpt>
			<trkpt lat="46.5966325850" lon="7.9023207134">
				<ele>993.8</ele>
				<extensions>
					<swisstopo:routepoint_id>963358987</swisstopo:routepoint_id>
				</extensions>
			</trkpt>
			<trkpt lat="46.5966154496" lon="7.9023205663">
				<ele>995.0</ele>
				<extensions>
					<swisstopo:routepoint_id>313612675</swisstopo:routepoint_id>
				</extensions>
			</trkpt>
			<trkpt lat="46.5965982370" lon="7.9023390675">
				<ele>995.7</ele>
				<extensions>
					<swisstopo:routepoint_id>104026019</swisstopo:routepoint_id>
				</extensions>
			</trkpt>
			<trkpt lat="46.5965809737" lon="7.9023699917">
				<ele>996.2</ele>
				<extensions>
					<swisstopo:routepoint_id>1359640478</swisstopo:routepoint_id>
				</extensions>
			</trkpt>
			<trkpt lat="46.5965566108" lon="7.9023905065">
				<ele>997.4</ele>
				<extensions>
					<swisstopo:routepoint_id>1390891839</swisstopo:routepoint_id>
				</extensions>
			</trkpt>
			<trkpt lat="46.5965165749" lon="7.9024025866">
				<ele>998.9</ele>
				<extensions>
					<swisstopo:routepoint_id>357719856</swisstopo:routepoint_id>
				</extensions>
			</trkpt>
			<trkpt lat="46.5964765484" lon="7.9024126050">
				<ele>1000.8</ele>
				<extensions>
					<swisstopo:routepoint_id>802692330</swisstopo:routepoint_id>
				</extensions>
			</trkpt>
			<trkpt lat="46.5964351335" lon="7.9024122494">
				<ele>1002.1</ele>
				<extensions>
					<swisstopo:routepoint_id>1177221963</swisstopo:routepoint_id>
				</extensions>
			</trkpt>
			<trkpt lat="46.5963767090" lon="7.9023827503">
				<ele>1005.3</ele>
				<extensions>
					<swisstopo:routepoint_id>531223106</swisstopo:routepoint_id>
				</extensions>
			</trkpt>
			<trkpt lat="46.5963154248" lon="7.9023511389">
				<ele>1006.3</ele>
				<extensions>
					<swisstopo:routepoint_id>1001645477</swisstopo:routepoint_id>
				</extensions>
			</trkpt>
			<trkpt lat="46.5962455675" lon="7.9023236171">
				<ele>1007.5</ele>
				<extensions>
					<swisstopo:routepoint_id>1155640135</swisstopo:routepoint_id>
				</extensions>
			</trkpt>
			<trkpt lat="46.5962099830" lon="7.9022943009">
				<ele>1008.1</ele>
				<extensions>
					<swisstopo:routepoint_id>485862347</swisstopo:routepoint_id>
				</extensions>
			</trkpt>
			<trkpt lat="46.5961644809" lon="7.9022462645">
				<ele>1008.9</ele>
				<extensions>
					<swisstopo:routepoint_id>1942053300</swisstopo:routepoint_id>
				</extensions>
			</trkpt>
			<trkpt lat="46.5961060307" lon="7.9022209025">
				<ele>1009.8</ele>
				<extensions>
					<swisstopo:routepoint_id>2100450898</swisstopo:routepoint_id>
				</extensions>
			</trkpt>
			<trkpt lat="46.5960134014" lon="7.9021724618">
				<ele>1012.1</ele>
				<extensions>
					<swisstopo:routepoint_id>1822937000</swisstopo:routepoint_id>
				</extensions>
			</trkpt>
			<trkpt lat="46.5959620857" lon="7.9021492234">
				<ele>1013.5</ele>
				<extensions>
					<swisstopo:routepoint_id>1769766850</swisstopo:routepoint_id>
				</extensions>
			</trkpt>
			<trkpt lat="46.5958979067" lon="7.9021300372">
				<ele>1015.1</ele>
				<extensions>
					<swisstopo:routepoint_id>253479493</swisstopo:routepoint_id>
				</extensions>
			</trkpt>
			<trkpt lat="46.5958350992" lon="7.9021232736">
				<ele>1017.0</ele>
				<extensions>
					<swisstopo:routepoint_id>219018293</swisstopo:routepoint_id>
				</extensions>
			</trkpt>
			<trkpt lat="46.5957893859" lon="7.9021270313">
				<ele>1019.0</ele>
				<extensions>
					<swisstopo:routepoint_id>1980624920</swisstopo:routepoint_id>
				</extensions>
			</trkpt>
			<trkpt lat="46.5957451190" lon="7.9021245766">
				<ele>1020.6</ele>
				<extensions>
					<swisstopo:routepoint_id>601929470</swisstopo:routepoint_id>
				</extensions>
			</trkpt>
			<trkpt lat="46.5956951992" lon="7.9021096500">
				<ele>1022.1</ele>
				<extensions>
					<swisstopo:routepoint_id>963062187</swisstopo:routepoint_id>
				</extensions>
			</trkpt>
			<trkpt lat="46.5956324761" lon="7.9020821764">
				<ele>1024.3</ele>
				<extensions>
					<swisstopo:routepoint_id>1165987466</swisstopo:routepoint_id>
				</extensions>
			</trkpt>
			<trkpt lat="46.5955597920" lon="7.9020463314">
				<ele>1026.7</ele>
				<extensions>
					<swisstopo:routepoint_id>1668148093</swisstopo:routepoint_id>
				</extensions>
			</trkpt>
			<trkpt lat="46.5955013850" lon="7.9020106216">
				<ele>1028.9</ele>
				<extensions>
					<swisstopo:routepoint_id>801109248</swisstopo:routepoint_id>
				</extensions>
			</trkpt>
			<trkpt lat="46.5954558058" lon="7.9019812204">
				<ele>1030.7</ele>
				<extensions>
					<swisstopo:routepoint_id>459519980</swisstopo:routepoint_id>
				</extensions>
			</trkpt>
			<trkpt lat="46.5954202548" lon="7.9019436319">
				<ele>1031.8</ele>
				<extensions>
					<swisstopo:routepoint_id>668664333</swisstopo:routepoint_id>
				</extensions>
			</trkpt>
			<trkpt lat="46.5953875813" lon="7.9019019184">
				<ele>1033.4</ele>
				<extensions>
					<swisstopo:routepoint_id>1734177231</swisstopo:routepoint_id>
				</extensions>
			</trkpt>
			<trkpt lat="46.5953649194" lon="7.9018561405">
				<ele>1034.9</ele>
				<extensions>
					<swisstopo:routepoint_id>1098952433</swisstopo:routepoint_id>
				</extensions>
			</trkpt>
			<trkpt lat="46.5953379811" lon="7.9018082666">
				<ele>1035.9</ele>
				<extensions>
					<swisstopo:routepoint_id>1669294063</swisstopo:routepoint_id>
				</extensions>
			</trkpt>
			<trkpt lat="46.5953109892" lon="7.9017748879">
				<ele>1036.8</ele>
				<extensions>
					<swisstopo:routepoint_id>1056911200</swisstopo:routepoint_id>
				</extensions>
			</trkpt>
			<trkpt lat="46.5952654987" lon="7.9017193673">
				<ele>1038.3</ele>
				<extensions>
					<swisstopo:routepoint_id>1674146942</swisstopo:routepoint_id>
				</extensions>
			</trkpt>
			<trkpt lat="46.5952298190" lon="7.9017182586">
				<ele>1039.1</ele>
				<extensions>
					<swisstopo:routepoint_id>2141450145</swisstopo:routepoint_id>
				</extensions>
			</trkpt>
			<trkpt lat="46.5951954655" lon="7.9017365959">
				<ele>1038.9</ele>
				<extensions>
					<swisstopo:routepoint_id>667103355</swisstopo:routepoint_id>
				</extensions>
			</trkpt>
			<trkpt lat="46.5951367981" lon="7.9017651112">
				<ele>1039.9</ele>
				<extensions>
					<swisstopo:routepoint_id>1418321865</swisstopo:routepoint_id>
				</extensions>
			</trkpt>
			<trkpt lat="46.5950710313" lon="7.9017852564">
				<ele>1041.9</ele>
				<extensions>
					<swisstopo:routepoint_id>2100803056</swisstopo:routepoint_id>
				</extensions>
			</trkpt>
			<trkpt lat="46.5949994780" lon="7.9018198547">
				<ele>1043.7</ele>
				<extensions>
					<swisstopo:routepoint_id>1414829520</swisstopo:routepoint_id>
				</extensions>
			</trkpt>
			<trkpt lat="46.5949637099" lon="7.9018361280">
				<ele>1045.1</ele>
				<extensions>
					<swisstopo:routepoint_id>947394454</swisstopo:routepoint_id>
				</extensions>
			</trkpt>
			<trkpt lat="46.5949436322" lon="7.9018587420">
				<ele>1045.6</ele>
				<extensions>
					<swisstopo:routepoint_id>1806002336</swisstopo:routepoint_id>
				</extensions>
			</trkpt>
			<trkpt lat="46.5949048487" lon="7.9019143556">
				<ele>1047.4</ele>
				<extensions>
					<swisstopo:routepoint_id>2114753398</swisstopo:routepoint_id>
				</extensions>
			</trkpt>
			<trkpt lat="46.5948560174" lon="7.9019802309">
				<ele>1050.4</ele>
				<extensions>
					<swisstopo:routepoint_id>827201547</swisstopo:routepoint_id>
				</extensions>
			</trkpt>
			<trkpt lat="46.5948387858" lon="7.9020028693">
				<ele>1050.8</ele>
				<extensions>
					<swisstopo:routepoint_id>132805540</swisstopo:routepoint_id>
				</extensions>
			</trkpt>
			<trkpt lat="46.5948144212" lon="7.9020254337">
				<ele>1051.7</ele>
				<extensions>
					<swisstopo:routepoint_id>731637066</swisstopo:routepoint_id>
				</extensions>
			</trkpt>
			<trkpt lat="46.5947844056" lon="7.9020334726">
				<ele>1053.1</ele>
				<extensions>
					<swisstopo:routepoint_id>810508741</swisstopo:routepoint_id>
				</extensions>
			</trkpt>
			<trkpt lat="46.5947401144" lon="7.9020372345">
				<ele>1054.7</ele>
				<extensions>
					<swisstopo:routepoint_id>659230002</swisstopo:routepoint_id>
				</extensions>
			</trkpt>
			<trkpt lat="46.5946672813" lon="7.9020366098">
				<ele>1057.0</ele>
				<extensions>
					<swisstopo:routepoint_id>819704101</swisstopo:routepoint_id>
				</extensions>
			</trkpt>
			<trkpt lat="46.5945802830" lon="7.9020089359">
				<ele>1060.1</ele>
				<extensions>
					<swisstopo:routepoint_id>169220447</swisstopo:routepoint_id>
				</extensions>
			</trkpt>
			<trkpt lat="46.5945317896" lon="7.9019940174">
				<ele>1061.3</ele>
				<extensions>
					<swisstopo:routepoint_id>1708720654</swisstopo:routepoint_id>
				</extensions>
			</trkpt>
			<trkpt lat="46.5944947078" lon="7.9019812614">
				<ele>1062.5</ele>
				<extensions>
					<swisstopo:routepoint_id>1868017621</swisstopo:routepoint_id>
				</extensions>
			</trkpt>
			<trkpt lat="46.5944376072" lon="7.9019766427">
				<ele>1064.1</ele>
				<extensions>
					<swisstopo:routepoint_id>1579515284</swisstopo:routepoint_id>
				</extensions>
			</trkpt>
			<trkpt lat="46.5943658820" lon="7.9019930280">
				<ele>1066.6</ele>
				<extensions>
					<swisstopo:routepoint_id>918144197</swisstopo:routepoint_id>
				</extensions>
			</trkpt>
			<trkpt lat="46.5942630155" lon="7.9019487531">
				<ele>1070.4</ele>
				<extensions>
					<swisstopo:routepoint_id>780237597</swisstopo:routepoint_id>
				</extensions>
			</trkpt>
			<trkpt lat="46.5941749521" lon="7.9019431681">
				<ele>1073.0</ele>
				<extensions>
					<swisstopo:routepoint_id>1508153134</swisstopo:routepoint_id>
				</extensions>
			</trkpt>
			<trkpt lat="46.5941050209" lon="7.9019763266">
				<ele>1075.1</ele>
				<extensions>
					<swisstopo:routepoint_id>587974083</swisstopo:routepoint_id>
				</extensions>
			</trkpt>
			<trkpt lat="46.5940613489" lon="7.9020868484">
				<ele>1077.7</ele>
				<extensions>
					<swisstopo:routepoint_id>1548645789</swisstopo:routepoint_id>
				</extensions>
			</trkpt>
			<trkpt lat="46.5940394430" lon="7.9021614153">
				<ele>1079.4</ele>
				<extensions>
					<swisstopo:routepoint_id>714983022</swisstopo:routepoint_id>
				</extensions>
			</trkpt>
			<trkpt lat="46.5940207112" lon="7.9022697422">
				<ele>1082.6</ele>
				<extensions>
					<swisstopo:routepoint_id>300820580</swisstopo:routepoint_id>
				</extensions>
			</trkpt>
			<trkpt lat="46.5939973808" lon="7.9022864147">
				<ele>1082.9</ele>
				<extensions>
					<swisstopo:routepoint_id>49593888</swisstopo:routepoint_id>
				</extensions>
			</trkpt>
			<trkpt lat="46.5938990127" lon="7.9023627338">
				<ele>1086.4</ele>
				<extensions>
					<swisstopo:routepoint_id>1112523931</swisstopo:routepoint_id>
				</extensions>
			</trkpt>
			<trkpt lat="46.5938036798" lon="7.9025089907">
				<ele>1090.9</ele>
				<extensions>
					<swisstopo:routepoint_id>5304894</swisstopo:routepoint_id>
				</extensions>
			</trkpt>
			<trkpt lat="46.5937448690" lon="7.9026651949">
				<ele>1094.4</ele>
				<extensions>
					<swisstopo:routepoint_id>1389022433</swisstopo:routepoint_id>
				</extensions>
			</trkpt>
			<trkpt lat="46.5937162932" lon="7.9027444956">
				<ele>1095.6</ele>
				<extensions>
					<swisstopo:routepoint_id>546440715</swisstopo:routepoint_id>
				</extensions>
			</trkpt>
			<trkpt lat="46.5936988452" lon="7.9027770459">
				<ele>1094.8</ele>
				<extensions>
					<swisstopo:routepoint_id>1242115486</swisstopo:routepoint_id>
				</extensions>
			</trkpt>
			<trkpt lat="46.5936809715" lon="7.9027481936">
				<ele>1097.0</ele>
				<extensions>
					<swisstopo:routepoint_id>2097087150</swisstopo:routepoint_id>
				</extensions>
			</trkpt>
			<trkpt lat="46.5936803845" lon="7.9024506493">
				<ele>1104.4</ele>
				<extensions>
					<swisstopo:routepoint_id>1574673533</swisstopo:routepoint_id>
				</extensions>
			</trkpt>
			<trkpt lat="46.5936111500" lon="7.9025993979">
				<ele>1108.1</ele>
				<extensions>
					<swisstopo:routepoint_id>717540034</swisstopo:routepoint_id>
				</extensions>
			</trkpt>
			<trkpt lat="46.5935551742" lon="7.9026485538">
				<ele>1110.2</ele>
				<extensions>
					<swisstopo:routepoint_id>549083999</swisstopo:routepoint_id>
				</extensions>
			</trkpt>
			<trkpt lat="46.5935022507" lon="7.9026708849">
				<ele>1111.4</ele>
				<extensions>
					<swisstopo:routepoint_id>105317761</swisstopo:routepoint_id>
				</extensions>
			</trkpt>
			<trkpt lat="46.5934551214" lon="7.9026704801">
				<ele>1113.0</ele>
				<extensions>
					<swisstopo:routepoint_id>854680992</swisstopo:routepoint_id>
				</extensions>
			</trkpt>
			<trkpt lat="46.5933965635" lon="7.9026720544">
				<ele>1114.8</ele>
				<extensions>
					<swisstopo:routepoint_id>132807175</swisstopo:routepoint_id>
				</extensions>
			</trkpt>
			<trkpt lat="46.5933379044" lon="7.9026984779">
				<ele>1117.8</ele>
				<extensions>
					<swisstopo:routepoint_id>181062482</swisstopo:routepoint_id>
				</extensions>
			</trkpt>
			<trkpt lat="46.5932905640" lon="7.9027519383">
				<ele>1118.6</ele>
				<extensions>
					<swisstopo:routepoint_id>1805956740</swisstopo:routepoint_id>
				</extensions>
			</trkpt>
			<trkpt lat="46.5932474004" lon="7.9028302719">
				<ele>1119.8</ele>
				<extensions>
					<swisstopo:routepoint_id>1665502934</swisstopo:routepoint_id>
				</extensions>
			</trkpt>
			<trkpt lat="46.5932257975" lon="7.9028756701">
				<ele>1120.4</ele>
				<extensions>
					<swisstopo:routepoint_id>1800934136</swisstopo:routepoint_id>
				</extensions>
			</trkpt>
			<trkpt lat="46.5932013562" lon="7.9029148249">
				<ele>1121.5</ele>
				<extensions>
					<swisstopo:routepoint_id>895285974</swisstopo:routepoint_id>
				</extensions>
			</trkpt>
			<trkpt lat="46.5931913423" lon="7.9029188805">
				<ele>1121.8</ele>
				<extensions>
					<swisstopo:routepoint_id>1173266504</swisstopo:routepoint_id>
				</extensions>
			</trkpt>
			<trkpt lat="46.5931612414" lon="7.9029133715">
				<ele>1120.7</ele>
				<extensions>
					<swisstopo:routepoint_id>357323588</swisstopo:routepoint_id>
				</extensions>
			</trkpt>
			<trkpt lat="46.5931333153" lon="7.9028872749">
				<ele>1121.3</ele>
				<extensions>
					<swisstopo:routepoint_id>920499168</swisstopo:routepoint_id>
				</extensions>
			</trkpt>
			<trkpt lat="46.5930889080" lon="7.9028247813">
				<ele>1125.0</ele>
				<extensions>
					<swisstopo:routepoint_id>998985402</swisstopo:routepoint_id>
				</extensions>
			</trkpt>
			<trkpt lat="46.5930548588" lon="7.9027685575">
				<ele>1126.5</ele>
				<extensions>
					<swisstopo:routepoint_id>1192949742</swisstopo:routepoint_id>
				</extensions>
			</trkpt>
			<trkpt lat="46.5930207761" lon="7.9027226812">
				<ele>1127.7</ele>
				<extensions>
					<swisstopo:routepoint_id>308004316</swisstopo:routepoint_id>
				</extensions>
			</trkpt>
			<trkpt lat="46.5929894465" lon="7.9026996266">
				<ele>1129.0</ele>
				<extensions>
					<swisstopo:routepoint_id>1903710767</swisstopo:routepoint_id>
				</extensions>
			</trkpt>
			<trkpt lat="46.5929581089" lon="7.9026807138">
				<ele>1129.7</ele>
				<extensions>
					<swisstopo:routepoint_id>775568630</swisstopo:routepoint_id>
				</extensions>
			</trkpt>
			<trkpt lat="46.5929266698" lon="7.9026866499">
				<ele>1130.0</ele>
				<extensions>
					<swisstopo:routepoint_id>1372457751</swisstopo:routepoint_id>
				</extensions>
			</trkpt>
			<trkpt lat="46.5928937059" lon="7.9027153837">
				<ele>1131.7</ele>
				<extensions>
					<swisstopo:routepoint_id>1866719882</swisstopo:routepoint_id>
				</extensions>
			</trkpt>
			<trkpt lat="46.5928478479" lon="7.9027543417">
				<ele>1132.2</ele>
				<extensions>
					<swisstopo:routepoint_id>2003722127</swisstopo:routepoint_id>
				</extensions>
			</trkpt>
			<trkpt lat="46.5928032948" lon="7.9028244049">
				<ele>1133.0</ele>
				<extensions>
					<swisstopo:routepoint_id>585831425</swisstopo:routepoint_id>
				</extensions>
			</trkpt>
			<trkpt lat="46.5927537771" lon="7.9029033457">
				<ele>1135.6</ele>
				<extensions>
					<swisstopo:routepoint_id>2010162347</swisstopo:routepoint_id>
				</extensions>
			</trkpt>
			<trkpt lat="46.5926223738" lon="7.9031397030">
				<ele>1141.1</ele>
				<extensions>
					<swisstopo:routepoint_id>1910072929</swisstopo:routepoint_id>
				</extensions>
			</trkpt>
			<trkpt lat="46.5925321103" lon="7.9032146229">
				<ele>1144.1</ele>
				<extensions>
					<swisstopo:routepoint_id>1944310183</swisstopo:routepoint_id>
				</extensions>
			</trkpt>
			<trkpt lat="46.5924448157" lon="7.9032229966">
				<ele>1146.8</ele>
				<extensions>
					<swisstopo:routepoint_id>706190215</swisstopo:routepoint_id>
				</extensions>
			</trkpt>
			<trkpt lat="46.5923009955" lon="7.9031956616">
				<ele>1150.8</ele>
				<extensions>
					<swisstopo:routepoint_id>290342657</swisstopo:routepoint_id>
				</extensions>
			</trkpt>
			<trkpt lat="46.5922248106" lon="7.9032026526">
				<ele>1152.7</ele>
				<extensions>
					<swisstopo:routepoint_id>702641930</swisstopo:routepoint_id>
				</extensions>
			</trkpt>
			<trkpt lat="46.5921718866" lon="7.9032229310">
				<ele>1152.8</ele>
				<extensions>
					<swisstopo:routepoint_id>1910889545</swisstopo:routepoint_id>
				</extensions>
			</trkpt>
			<trkpt lat="46.5921160316" lon="7.9032618020">
				<ele>1154.3</ele>
				<extensions>
					<swisstopo:routepoint_id>541488612</swisstopo:routepoint_id>
				</extensions>
			</trkpt>
			<trkpt lat="46.5920801447" lon="7.9033070762">
				<ele>1154.9</ele>
				<extensions>
					<swisstopo:routepoint_id>1446296715</swisstopo:routepoint_id>
				</extensions>
			</trkpt>
			<trkpt lat="46.5920629044" lon="7.9033317901">
				<ele>1155.7</ele>
				<extensions>
					<swisstopo:routepoint_id>632946558</swisstopo:routepoint_id>
				</extensions>
			</trkpt>
			<trkpt lat="46.5920298049" lon="7.9033936417">
				<ele>1156.3</ele>
				<extensions>
					<swisstopo:routepoint_id>1837288053</swisstopo:routepoint_id>
				</extensions>
			</trkpt>
			<trkpt lat="46.5919853616" lon="7.9034367650">
				<ele>1157.6</ele>
				<extensions>
					<swisstopo:routepoint_id>1900862975</swisstopo:routepoint_id>
				</extensions>
			</trkpt>
			<trkpt lat="46.5919338187" lon="7.9034694668">
				<ele>1158.9</ele>
				<extensions>
					<swisstopo:routepoint_id>1624748940</swisstopo:routepoint_id>
				</extensions>
			</trkpt>
			<trkpt lat="46.5918651709" lon="7.9034937256">
				<ele>1160.9</ele>
				<extensions>
					<swisstopo:routepoint_id>1903022473</swisstopo:routepoint_id>
				</extensions>
			</trkpt>
			<trkpt lat="46.5917579844" lon="7.9035135239">
				<ele>1163.4</ele>
				<extensions>
					<swisstopo:routepoint_id>371933149</swisstopo:routepoint_id>
				</extensions>
			</trkpt>
			<trkpt lat="46.5916879976" lon="7.9035129218">
				<ele>1165.7</ele>
				<extensions>
					<swisstopo:routepoint_id>1418559849</swisstopo:routepoint_id>
				</extensions>
			</trkpt>
			<trkpt lat="46.5915923246" lon="7.9035120986">
				<ele>1168.3</ele>
				<extensions>
					<swisstopo:routepoint_id>1402522703</swisstopo:routepoint_id>
				</extensions>
			</trkpt>
			<trkpt lat="46.5915323776" lon="7.9035053642">
				<ele>1170.4</ele>
				<extensions>
					<swisstopo:routepoint_id>1024057623</swisstopo:routepoint_id>
				</extensions>
			</trkpt>
			<trkpt lat="46.5914625570" lon="7.9034855596">
				<ele>1172.7</ele>
				<extensions>
					<swisstopo:routepoint_id>1237799616</swisstopo:routepoint_id>
				</extensions>
			</trkpt>
			<trkpt lat="46.5913865467" lon="7.9034670398">
				<ele>1176.1</ele>
				<extensions>
					<swisstopo:routepoint_id>512060735</swisstopo:routepoint_id>
				</extensions>
			</trkpt>
			<trkpt lat="46.5913252614" lon="7.9034158842">
				<ele>1178.6</ele>
				<extensions>
					<swisstopo:routepoint_id>352812186</swisstopo:routepoint_id>
				</extensions>
			</trkpt>
			<trkpt lat="46.5912625031" lon="7.9033189045">
				<ele>1182.4</ele>
				<extensions>
					<swisstopo:routepoint_id>710312037</swisstopo:routepoint_id>
				</extensions>
			</trkpt>
			<trkpt lat="46.5912311627" lon="7.9032834895">
				<ele>1184.2</ele>
				<extensions>
					<swisstopo:routepoint_id>593804178</swisstopo:routepoint_id>
				</extensions>
			</trkpt>
			<trkpt lat="46.5911980149" lon="7.9032819047">
				<ele>1184.4</ele>
				<extensions>
					<swisstopo:routepoint_id>2110592532</swisstopo:routepoint_id>
				</extensions>
			</trkpt>
			<trkpt lat="46.5911262089" lon="7.9033201536">
				<ele>1186.3</ele>
				<extensions>
					<swisstopo:routepoint_id>1879413344</swisstopo:routepoint_id>
				</extensions>
			</trkpt>
			<trkpt lat="46.5910812388" lon="7.9033438640">
				<ele>1188.1</ele>
				<extensions>
					<swisstopo:routepoint_id>2060326396</swisstopo:routepoint_id>
				</extensions>
			</trkpt>
			<trkpt lat="46.5910113477" lon="7.9033649644">
				<ele>1189.3</ele>
				<extensions>
					<swisstopo:routepoint_id>715396786</swisstopo:routepoint_id>
				</extensions>
			</trkpt>
			<trkpt lat="46.5909695996" lon="7.9034128250">
				<ele>1190.7</ele>
				<extensions>
					<swisstopo:routepoint_id>1557341946</swisstopo:routepoint_id>
				</extensions>
			</trkpt>
			<trkpt lat="46.5909227621" lon="7.9034871471">
				<ele>1192.4</ele>
				<extensions>
					<swisstopo:routepoint_id>422382983</swisstopo:routepoint_id>
				</extensions>
			</trkpt>
			<trkpt lat="46.5908704300" lon="7.9035173566">
				<ele>1192.8</ele>
				<extensions>
					<swisstopo:routepoint_id>788768902</swisstopo:routepoint_id>
				</extensions>
			</trkpt>
			<trkpt lat="46.5908297264" lon="7.9035138207">
				<ele>1195.1</ele>
				<extensions>
					<swisstopo:routepoint_id>2077127562</swisstopo:routepoint_id>
				</extensions>
			</trkpt>
			<trkpt lat="46.5907810975" lon="7.9035299682">
				<ele>1196.9</ele>
				<extensions>
					<swisstopo:routepoint_id>305245914</swisstopo:routepoint_id>
				</extensions>
			</trkpt>
			<trkpt lat="46.5907354426" lon="7.9035212925">
				<ele>1198.2</ele>
				<extensions>
					<swisstopo:routepoint_id>1048141465</swisstopo:routepoint_id>
				</extensions>
			</trkpt>
			<trkpt lat="46.5906598223" lon="7.9035040760">
				<ele>1201.5</ele>
				<extensions>
					<swisstopo:routepoint_id>1044735791</swisstopo:routepoint_id>
				</extensions>
			</trkpt>
			<trkpt lat="46.5906141249" lon="7.9035036828">
				<ele>1202.3</ele>
				<extensions>
					<swisstopo:routepoint_id>1823640825</swisstopo:routepoint_id>
				</extensions>
			</trkpt>
			<trkpt lat="46.5905570409" lon="7.9034928445">
				<ele>1203.7</ele>
				<extensions>
					<swisstopo:routepoint_id>1273879224</swisstopo:routepoint_id>
				</extensions>
			</trkpt>
			<trkpt lat="46.5905328456" lon="7.9034760577">
				<ele>1204.5</ele>
				<extensions>
					<swisstopo:routepoint_id>2082011806</swisstopo:routepoint_id>
				</extensions>
			</trkpt>
			<trkpt lat="46.5904487192" lon="7.9034421897">
				<ele>1207.5</ele>
				<extensions>
					<swisstopo:routepoint_id>915107539</swisstopo:routepoint_id>
				</extensions>
			</trkpt>
			<trkpt lat="46.5903645255" lon="7.9034269514">
				<ele>1211.4</ele>
				<extensions>
					<swisstopo:routepoint_id>2075601801</swisstopo:routepoint_id>
				</extensions>
			</trkpt>
			<trkpt lat="46.5902945897" lon="7.9034160026">
				<ele>1213.9</ele>
				<extensions>
					<swisstopo:routepoint_id>1637792200</swisstopo:routepoint_id>
				</extensions>
			</trkpt>
			<trkpt lat="46.5902446057" lon="7.9034176370">
				<ele>1215.6</ele>
				<extensions>
					<swisstopo:routepoint_id>1591001171</swisstopo:routepoint_id>
				</extensions>
			</trkpt>
			<trkpt lat="46.5901873698" lon="7.9034461601">
				<ele>1217.0</ele>
				<extensions>
					<swisstopo:routepoint_id>461994668</swisstopo:routepoint_id>
				</extensions>
			</trkpt>
			<trkpt lat="46.5901288709" lon="7.9034311556">
				<ele>1219.2</ele>
				<extensions>
					<swisstopo:routepoint_id>2123106460</swisstopo:routepoint_id>
				</extensions>
			</trkpt>
			<trkpt lat="46.5900804203" lon="7.9034079419">
				<ele>1221.5</ele>
				<extensions>
					<swisstopo:routepoint_id>519013161</swisstopo:routepoint_id>
				</extensions>
			</trkpt>
			<trkpt lat="46.5900562497" lon="7.9033808084">
				<ele>1222.7</ele>
				<extensions>
					<swisstopo:routepoint_id>353068146</swisstopo:routepoint_id>
				</extensions>
			</trkpt>
			<trkpt lat="46.5900092897" lon="7.9033389777">
				<ele>1225.0</ele>
				<extensions>
					<swisstopo:routepoint_id>613971083</swisstopo:routepoint_id>
				</extensions>
			</trkpt>
			<trkpt lat="46.5899277244" lon="7.9032566713">
				<ele>1228.8</ele>
				<extensions>
					<swisstopo:routepoint_id>19969145</swisstopo:routepoint_id>
				</extensions>
			</trkpt>
			<trkpt lat="46.5898575936" lon="7.9032912894">
				<ele>1230.8</ele>
				<extensions>
					<swisstopo:routepoint_id>453468164</swisstopo:routepoint_id>
				</extensions>
			</trkpt>
			<trkpt lat="46.5897931047" lon="7.9033641331">
				<ele>1233.7</ele>
				<extensions>
					<swisstopo:routepoint_id>1680371923</swisstopo:routepoint_id>
				</extensions>
			</trkpt>
			<trkpt lat="46.5897513269" lon="7.9034192303">
				<ele>1236.2</ele>
				<extensions>
					<swisstopo:routepoint_id>648676585</swisstopo:routepoint_id>
				</extensions>
			</trkpt>
			<trkpt lat="46.5897332335" lon="7.9034484594">
				<ele>1236.6</ele>
				<extensions>
					<swisstopo:routepoint_id>681069585</swisstopo:routepoint_id>
				</extensions>
			</trkpt>
			<trkpt lat="46.5896917803" lon="7.9034563856">
				<ele>1236.9</ele>
				<extensions>
					<swisstopo:routepoint_id>2108170034</swisstopo:routepoint_id>
				</extensions>
			</trkpt>
			<trkpt lat="46.5896132460" lon="7.9034557101">
				<ele>1238.9</ele>
				<extensions>
					<swisstopo:routepoint_id>1672037347</swisstopo:routepoint_id>
				</extensions>
			</trkpt>
			<trkpt lat="46.5895418275" lon="7.9034571727">
				<ele>1240.6</ele>
				<extensions>
					<swisstopo:routepoint_id>67052625</swisstopo:routepoint_id>
				</extensions>
			</trkpt>
			<trkpt lat="46.5895017557" lon="7.9034796120">
				<ele>1240.8</ele>
				<extensions>
					<swisstopo:routepoint_id>1218704473</swisstopo:routepoint_id>
				</extensions>
			</trkpt>
			<trkpt lat="46.5894203068" lon="7.9034913481">
				<ele>1242.4</ele>
				<extensions>
					<swisstopo:routepoint_id>2010711095</swisstopo:routepoint_id>
				</extensions>
			</trkpt>
			<trkpt lat="46.5893603344" lon="7.9034908322">
				<ele>1244.2</ele>
				<extensions>
					<swisstopo:routepoint_id>1243224794</swisstopo:routepoint_id>
				</extensions>
			</trkpt>
			<trkpt lat="46.5893045978" lon="7.9035006998">
				<ele>1246.2</ele>
				<extensions>
					<swisstopo:routepoint_id>278236159</swisstopo:routepoint_id>
				</extensions>
			</trkpt>
			<trkpt lat="46.5892503096" lon="7.9035043741">
				<ele>1247.7</ele>
				<extensions>
					<swisstopo:routepoint_id>1298064176</swisstopo:routepoint_id>
				</extensions>
			</trkpt>
			<trkpt lat="46.5891960386" lon="7.9035059842">
				<ele>1250.2</ele>
				<extensions>
					<swisstopo:routepoint_id>1189262115</swisstopo:routepoint_id>
				</extensions>
			</trkpt>
			<trkpt lat="46.5891289410" lon="7.9034991886">
				<ele>1251.6</ele>
				<extensions>
					<swisstopo:routepoint_id>261366890</swisstopo:routepoint_id>
				</extensions>
			</trkpt>
			<trkpt lat="46.5889962628" lon="7.9034690450">
				<ele>1250.4</ele>
				<extensions>
					<swisstopo:routepoint_id>498969775</swisstopo:routepoint_id>
				</extensions>
			</trkpt>
			<trkpt lat="46.5888991918" lon="7.9034599274">
				<ele>1249.4</ele>
				<extensions>
					<swisstopo:routepoint_id>1990607884</swisstopo:routepoint_id>
				</extensions>
			</trkpt>
			<trkpt lat="46.5888856036" lon="7.9033756078">
				<ele>1251.8</ele>
				<extensions>
					<swisstopo:routepoint_id>27972990</swisstopo:routepoint_id>
				</extensions>
			</trkpt>
			<trkpt lat="46.5888190823" lon="7.9033846818">
				<ele>1253.3</ele>
				<extensions>
					<swisstopo:routepoint_id>182972842</swisstopo:routepoint_id>
				</extensions>
			</trkpt>
			<trkpt lat="46.5887591312" lon="7.9034154999">
				<ele>1254.7</ele>
				<extensions>
					<swisstopo:routepoint_id>275106519</swisstopo:routepoint_id>
				</extensions>
			</trkpt>
			<trkpt lat="46.5887392098" lon="7.9034105247">
				<ele>1255.2</ele>
				<extensions>
					<swisstopo:routepoint_id>951415383</swisstopo:routepoint_id>
				</extensions>
			</trkpt>
			<trkpt lat="46.5887392887" lon="7.9033912205">
				<ele>1255.5</ele>
				<extensions>
					<swisstopo:routepoint_id>1184897202</swisstopo:routepoint_id>
				</extensions>
			</trkpt>
			<trkpt lat="46.5887560272" lon="7.9033624517">
				<ele>1256.3</ele>
				<extensions>
					<swisstopo:routepoint_id>1424996878</swisstopo:routepoint_id>
				</extensions>
			</trkpt>
			<trkpt lat="46.5887928459" lon="7.9032976668">
				<ele>1257.5</ele>
				<extensions>
					<swisstopo:routepoint_id>1217763084</swisstopo:routepoint_id>
				</extensions>
			</trkpt>
			<trkpt lat="46.5888149090" lon="7.9031869710">
				<ele>1259.3</ele>
				<extensions>
					<swisstopo:routepoint_id>1723732502</swisstopo:routepoint_id>
				</extensions>
			</trkpt>
			<trkpt lat="46.5888269228" lon="7.9030954555">
				<ele>1261.0</ele>
				<extensions>
					<swisstopo:routepoint_id>1085663402</swisstopo:routepoint_id>
				</extensions>
			</trkpt>
			<trkpt lat="46.5888154014" lon="7.9030664437">
				<ele>1262.2</ele>
				<extensions>
					<swisstopo:routepoint_id>1855331006</swisstopo:routepoint_id>
				</extensions>
			</trkpt>
			<trkpt lat="46.5887920709" lon="7.9030831016">
				<ele>1263.5</ele>
				<extensions>
					<swisstopo:routepoint_id>1980722279</swisstopo:routepoint_id>
				</extensions>
			</trkpt>
			<trkpt lat="46.5887652042" lon="7.9031503804">
				<ele>1264.0</ele>
				<extensions>
					<swisstopo:routepoint_id>368104577</swisstopo:routepoint_id>
				</extensions>
			</trkpt>
			<trkpt lat="46.5887168653" lon="7.9031837071">
				<ele>1266.2</ele>
				<extensions>
					<swisstopo:routepoint_id>203820106</swisstopo:routepoint_id>
				</extensions>
			</trkpt>
			<trkpt lat="46.5886404316" lon="7.9031806416">
				<ele>1269.1</ele>
				<extensions>
					<swisstopo:routepoint_id>2028538954</swisstopo:routepoint_id>
				</extensions>
			</trkpt>
			<trkpt lat="46.5885640964" lon="7.9031534683">
				<ele>1271.7</ele>
				<extensions>
					<swisstopo:routepoint_id>755771216</swisstopo:routepoint_id>
				</extensions>
			</trkpt>
			<trkpt lat="46.5885176354" lon="7.9031313686">
				<ele>1273.6</ele>
				<extensions>
					<swisstopo:routepoint_id>463733797</swisstopo:routepoint_id>
				</extensions>
			</trkpt>
			<trkpt lat="46.5884427832" lon="7.9031476088">
				<ele>1275.8</ele>
				<extensions>
					<swisstopo:routepoint_id>511375813</swisstopo:routepoint_id>
				</extensions>
			</trkpt>
			<trkpt lat="46.5883794841" lon="7.9031808066">
				<ele>1277.4</ele>
				<extensions>
					<swisstopo:routepoint_id>697160835</swisstopo:routepoint_id>
				</extensions>
			</trkpt>
			<trkpt lat="46.5883145630" lon="7.9032067783">
				<ele>1278.7</ele>
				<extensions>
					<swisstopo:routepoint_id>788018612</swisstopo:routepoint_id>
				</extensions>
			</trkpt>
			<trkpt lat="46.5882464199" lon="7.9032086006">
				<ele>1280.3</ele>
				<extensions>
					<swisstopo:routepoint_id>770646867</swisstopo:routepoint_id>
				</extensions>
			</trkpt>
			<trkpt lat="46.5881818730" lon="7.9031429577">
				<ele>1282.8</ele>
				<extensions>
					<swisstopo:routepoint_id>1342047444</swisstopo:routepoint_id>
				</extensions>
			</trkpt>
			<trkpt lat="46.5881471589" lon="7.9030968505">
				<ele>1284.6</ele>
				<extensions>
					<swisstopo:routepoint_id>1767055001</swisstopo:routepoint_id>
				</extensions>
			</trkpt>
			<trkpt lat="46.5880953844" lon="7.9030615169">
				<ele>1283.3</ele>
				<extensions>
					<swisstopo:routepoint_id>521802986</swisstopo:routepoint_id>
				</extensions>
			</trkpt>
			<trkpt lat="46.5880790403" lon="7.9030367200">
				<ele>1283.6</ele>
				<extensions>
					<swisstopo:routepoint_id>774847542</swisstopo:routepoint_id>
				</extensions>
			</trkpt>
			<trkpt lat="46.5879668254" lon="7.9027604321">
				<ele>1286.1</ele>
				<extensions>
					<swisstopo:routepoint_id>2065243829</swisstopo:routepoint_id>
				</extensions>
			</trkpt>
			<trkpt lat="46.5878529430" lon="7.9024749820">
				<ele>1293.3</ele>
				<extensions>
					<swisstopo:routepoint_id>62987279</swisstopo:routepoint_id>
				</extensions>
			</trkpt>
			<trkpt lat="46.5877961577" lon="7.9023585780">
				<ele>1296.6</ele>
				<extensions>
					<swisstopo:routepoint_id>1036883012</swisstopo:routepoint_id>
				</extensions>
			</trkpt>
			<trkpt lat="46.5877020143" lon="7.9022131327">
				<ele>1300.2</ele>
				<extensions>
					<swisstopo:routepoint_id>1807157619</swisstopo:routepoint_id>
				</extensions>
			</trkpt>
			<trkpt lat="46.5876605801" lon="7.9021862479">
				<ele>1301.1</ele>
				<extensions>
					<swisstopo:routepoint_id>1678791415</swisstopo:routepoint_id>
				</extensions>
			</trkpt>
			<trkpt lat="46.5876189395" lon="7.9022099990">
				<ele>1302.2</ele>
				<extensions>
					<swisstopo:routepoint_id>486660113</swisstopo:routepoint_id>
				</extensions>
			</trkpt>
			<trkpt lat="46.5875354145" lon="7.9023129405">
				<ele>1304.5</ele>
				<extensions>
					<swisstopo:routepoint_id>135724061</swisstopo:routepoint_id>
				</extensions>
			</trkpt>
			<trkpt lat="46.5874528348" lon="7.9023413733">
				<ele>1307.0</ele>
				<extensions>
					<swisstopo:routepoint_id>1832147542</swisstopo:routepoint_id>
				</extensions>
			</trkpt>
			<trkpt lat="46.5873970810" lon="7.9023533312">
				<ele>1309.5</ele>
				<extensions>
					<swisstopo:routepoint_id>874716351</swisstopo:routepoint_id>
				</extensions>
			</trkpt>
			<trkpt lat="46.5873427597" lon="7.9023694299">
				<ele>1310.6</ele>
				<extensions>
					<swisstopo:routepoint_id>1278422598</swisstopo:routepoint_id>
				</extensions>
			</trkpt>
			<trkpt lat="46.5872841171" lon="7.9023896326">
				<ele>1311.9</ele>
				<extensions>
					<swisstopo:routepoint_id>1578969111</swisstopo:routepoint_id>
				</extensions>
			</trkpt>
			<trkpt lat="46.5872369036" lon="7.9024120232">
				<ele>1313.5</ele>
				<extensions>
					<swisstopo:routepoint_id>1400871196</swisstopo:routepoint_id>
				</extensions>
			</trkpt>
			<trkpt lat="46.5871696542" lon="7.9024445884">
				<ele>1315.1</ele>
				<extensions>
					<swisstopo:routepoint_id>1091649531</swisstopo:routepoint_id>
				</extensions>
			</trkpt>
			<trkpt lat="46.5871324122" lon="7.9024732570">
				<ele>1316.6</ele>
				<extensions>
					<swisstopo:routepoint_id>1115396942</swisstopo:routepoint_id>
				</extensions>
			</trkpt>
			<trkpt lat="46.5870765401" lon="7.9025142149">
				<ele>1318.0</ele>
				<extensions>
					<swisstopo:routepoint_id>1457702674</swisstopo:routepoint_id>
				</extensions>
			</trkpt>
			<trkpt lat="46.5870496918" lon="7.9025361556">
				<ele>1318.8</ele>
				<extensions>
					<swisstopo:routepoint_id>480258300</swisstopo:routepoint_id>
				</extensions>
			</trkpt>
			<trkpt lat="46.5869920419" lon="7.9025735557">
				<ele>1319.9</ele>
				<extensions>
					<swisstopo:routepoint_id>561208332</swisstopo:routepoint_id>
				</extensions>
			</trkpt>
			<trkpt lat="46.5869348400" lon="7.9025937705">
				<ele>1320.8</ele>
				<extensions>
					<swisstopo:routepoint_id>1345357085</swisstopo:routepoint_id>
				</extensions>
			</trkpt>
			<trkpt lat="46.5868948863" lon="7.9025851451">
				<ele>1321.7</ele>
				<extensions>
					<swisstopo:routepoint_id>1638387617</swisstopo:routepoint_id>
				</extensions>
			</trkpt>
			<trkpt lat="46.5868579147" lon="7.9025475444">
				<ele>1322.4</ele>
				<extensions>
					<swisstopo:routepoint_id>2129820659</swisstopo:routepoint_id>
				</extensions>
			</trkpt>
			<trkpt lat="46.5867553576" lon="7.9025071509">
				<ele>1323.8</ele>
				<extensions>
					<swisstopo:routepoint_id>601938347</swisstopo:routepoint_id>
				</extensions>
			</trkpt>
			<trkpt lat="46.5866723752" lon="7.9024404476">
				<ele>1324.2</ele>
				<extensions>
					<swisstopo:routepoint_id>704449294</swisstopo:routepoint_id>
				</extensions>
			</trkpt>
			<trkpt lat="46.5865851339" lon="7.9023624950">
				<ele>1326.1</ele>
				<extensions>
					<swisstopo:routepoint_id>490690882</swisstopo:routepoint_id>
				</extensions>
			</trkpt>
			<trkpt lat="46.5865466995" lon="7.9023173517">
				<ele>1327.6</ele>
				<extensions>
					<swisstopo:routepoint_id>1934259424</swisstopo:routepoint_id>
				</extensions>
			</trkpt>
			<trkpt lat="46.5863240615" lon="7.9019730653">
				<ele>1335.4</ele>
				<extensions>
					<swisstopo:routepoint_id>1991204375</swisstopo:routepoint_id>
				</extensions>
			</trkpt>
			<trkpt lat="46.5862831292" lon="7.9019092213">
				<ele>1337.0</ele>
				<extensions>
					<swisstopo:routepoint_id>583402990</swisstopo:routepoint_id>
				</extensions>
			</trkpt>
			<trkpt lat="46.5861440448" lon="7.9017025914">
				<ele>1341.1</ele>
				<extensions>
					<swisstopo:routepoint_id>283307827</swisstopo:routepoint_id>
				</extensions>
			</trkpt>
			<trkpt lat="46.5857942491" lon="7.9013871136">
				<ele>1347.7</ele>
				<extensions>
					<swisstopo:routepoint_id>963554322</swisstopo:routepoint_id>
				</extensions>
			</trkpt>
			<trkpt lat="46.5857719062" lon="7.9013057952">
				<ele>1352.7</ele>
				<extensions>
					<swisstopo:routepoint_id>799278501</swisstopo:routepoint_id>
				</extensions>
			</trkpt>
			<trkpt lat="46.5857878663" lon="7.9012458670">
				<ele>1353.6</ele>
				<extensions>
					<swisstopo:routepoint_id>650285212</swisstopo:routepoint_id>
				</extensions>
			</trkpt>
			<trkpt lat="46.5858023350" lon="7.9011983492">
				<ele>1354.9</ele>
				<extensions>
					<swisstopo:routepoint_id>894067553</swisstopo:routepoint_id>
				</extensions>
			</trkpt>
			<trkpt lat="46.5858254029" lon="7.9011446869">
				<ele>1356.3</ele>
				<extensions>
					<swisstopo:routepoint_id>1604500876</swisstopo:routepoint_id>
				</extensions>
			</trkpt>
			<trkpt lat="46.5858241647" lon="7.9010970474">
				<ele>1357.4</ele>
				<extensions>
					<swisstopo:routepoint_id>171055966</swisstopo:routepoint_id>
				</extensions>
			</trkpt>
			<trkpt lat="46.5858358714" lon="7.9010287876">
				<ele>1358.6</ele>
				<extensions>
					<swisstopo:routepoint_id>1623751606</swisstopo:routepoint_id>
				</extensions>
			</trkpt>
			<trkpt lat="46.5858290331" lon="7.9009562282">
				<ele>1360.2</ele>
				<extensions>
					<swisstopo:routepoint_id>1646581664</swisstopo:routepoint_id>
				</extensions>
			</trkpt>
			<trkpt lat="46.5858106897" lon="7.9009001601">
				<ele>1361.2</ele>
				<extensions>
					<swisstopo:routepoint_id>873938671</swisstopo:routepoint_id>
				</extensions>
			</trkpt>
			<trkpt lat="46.5858037079" lon="7.9008607282">
				<ele>1361.5</ele>
				<extensions>
					<swisstopo:routepoint_id>1767793788</swisstopo:routepoint_id>
				</extensions>
			</trkpt>
			<trkpt lat="46.5858053586" lon="7.9008068954">
				<ele>1362.5</ele>
				<extensions>
					<swisstopo:routepoint_id>1346451061</swisstopo:routepoint_id>
				</extensions>
			</trkpt>
			<trkpt lat="46.5858228509" lon="7.9007200439">
				<ele>1363.5</ele>
				<extensions>
					<swisstopo:routepoint_id>1673908623</swisstopo:routepoint_id>
				</extensions>
			</trkpt>
			<trkpt lat="46.5858361487" lon="7.9006103867">
				<ele>1364.7</ele>
				<extensions>
					<swisstopo:routepoint_id>1566854191</swisstopo:routepoint_id>
				</extensions>
			</trkpt>
			<trkpt lat="46.5858435596" lon="7.9005420902">
				<ele>1365.5</ele>
				<extensions>
					<swisstopo:routepoint_id>650330882</swisstopo:routepoint_id>
				</extensions>
			</trkpt>
			<trkpt lat="46.5858393656" lon="7.9005213361">
				<ele>1365.4</ele>
				<extensions>
					<swisstopo:routepoint_id>284717314</swisstopo:routepoint_id>
				</extensions>
			</trkpt>
			<trkpt lat="46.5858480652" lon="7.9004882690">
				<ele>1366.2</ele>
				<extensions>
					<swisstopo:routepoint_id>304117082</swisstopo:routepoint_id>
				</extensions>
			</trkpt>
			<trkpt lat="46.5858598052" lon="7.9004117399">
				<ele>1366.7</ele>
				<extensions>
					<swisstopo:routepoint_id>729475115</swisstopo:routepoint_id>
				</extensions>
			</trkpt>
			<trkpt lat="46.5858703234" lon="7.9002834049">
				<ele>1368.4</ele>
				<extensions>
					<swisstopo:routepoint_id>37864261</swisstopo:routepoint_id>
				</extensions>
			</trkpt>
			<trkpt lat="46.5858692279" lon="7.9002005482">
				<ele>1369.8</ele>
				<extensions>
					<swisstopo:routepoint_id>2133941944</swisstopo:routepoint_id>
				</extensions>
			</trkpt>
			<trkpt lat="46.5858580009" lon="7.9001507336">
				<ele>1370.5</ele>
				<extensions>
					<swisstopo:routepoint_id>897094612</swisstopo:routepoint_id>
				</extensions>
			</trkpt>
			<trkpt lat="46.5858367270" lon="7.9001153463">
				<ele>1371.0</ele>
				<extensions>
					<swisstopo:routepoint_id>2132204243</swisstopo:routepoint_id>
				</extensions>
			</trkpt>
			<trkpt lat="46.5857884014" lon="7.9000590098">
				<ele>1373.1</ele>
				<extensions>
					<swisstopo:routepoint_id>479404020</swisstopo:routepoint_id>
				</extensions>
			</trkpt>
			<trkpt lat="46.5857343407" lon="7.9000088297">
				<ele>1374.8</ele>
				<extensions>
					<swisstopo:routepoint_id>293779039</swisstopo:routepoint_id>
				</extensions>
			</trkpt>
			<trkpt lat="46.5856958942" lon="7.8999815780">
				<ele>1376.1</ele>
				<extensions>
					<swisstopo:routepoint_id>170722433</swisstopo:routepoint_id>
				</extensions>
			</trkpt>
			<trkpt lat="46.5856659541" lon="7.8999688992">
				<ele>1376.2</ele>
				<extensions>
					<swisstopo:routepoint_id>1388137863</swisstopo:routepoint_id>
				</extensions>
			</trkpt>
			<trkpt lat="46.5856245515" lon="7.8999643919">
				<ele>1377.9</ele>
				<extensions>
					<swisstopo:routepoint_id>30492607</swisstopo:routepoint_id>
				</extensions>
			</trkpt>
			<trkpt lat="46.5855760078" lon="7.8999639775">
				<ele>1378.7</ele>
				<extensions>
					<swisstopo:routepoint_id>1616460172</swisstopo:routepoint_id>
				</extensions>
			</trkpt>
			<trkpt lat="46.5854874762" lon="7.8999611702">
				<ele>1380.4</ele>
				<extensions>
					<swisstopo:routepoint_id>1697946044</swisstopo:routepoint_id>
				</extensions>
			</trkpt>
			<trkpt lat="46.5854289685" lon="7.8999482349">
				<ele>1382.0</ele>
				<extensions>
					<swisstopo:routepoint_id>1379667929</swisstopo:routepoint_id>
				</extensions>
			</trkpt>
			<trkpt lat="46.5854019004" lon="7.8999335037">
				<ele>1382.4</ele>
				<extensions>
					<swisstopo:routepoint_id>1034533663</swisstopo:routepoint_id>
				</extensions>
			</trkpt>
			<trkpt lat="46.5853749417" lon="7.8998918503">
				<ele>1383.4</ele>
				<extensions>
					<swisstopo:routepoint_id>2071264619</swisstopo:routepoint_id>
				</extensions>
			</trkpt>
			<trkpt lat="46.5853125002" lon="7.8997939707">
				<ele>1385.0</ele>
				<extensions>
					<swisstopo:routepoint_id>2134574022</swisstopo:routepoint_id>
				</extensions>
			</trkpt>
			<trkpt lat="46.5852586741" lon="7.8996837290">
				<ele>1386.7</ele>
				<extensions>
					<swisstopo:routepoint_id>2102890043</swisstopo:routepoint_id>
				</extensions>
			</trkpt>
			<trkpt lat="46.5852289778" lon="7.8996130396">
				<ele>1388.2</ele>
				<extensions>
					<swisstopo:routepoint_id>140292286</swisstopo:routepoint_id>
				</extensions>
			</trkpt>
			<trkpt lat="46.5852034588" lon="7.8995672578">
				<ele>1388.9</ele>
				<extensions>
					<swisstopo:routepoint_id>1001622217</swisstopo:routepoint_id>
				</extensions>
			</trkpt>
			<trkpt lat="46.5851438053" lon="7.8994880436">
				<ele>1389.6</ele>
				<extensions>
					<swisstopo:routepoint_id>1271785944</swisstopo:routepoint_id>
				</extensions>
			</trkpt>
			<trkpt lat="46.5850715258" lon="7.8993486453">
				<ele>1390.8</ele>
				<extensions>
					<swisstopo:routepoint_id>1067748268</swisstopo:routepoint_id>
				</extensions>
			</trkpt>
			<trkpt lat="46.5850523185" lon="7.8993148054">
				<ele>1391.0</ele>
				<extensions>
					<swisstopo:routepoint_id>577087160</swisstopo:routepoint_id>
				</extensions>
			</trkpt>
			<trkpt lat="46.5850148111" lon="7.8992487388">
				<ele>1391.5</ele>
				<extensions>
					<swisstopo:routepoint_id>526970884</swisstopo:routepoint_id>
				</extensions>
			</trkpt>
			<trkpt lat="46.5850023776" lon="7.8992190722">
				<ele>1391.8</ele>
				<extensions>
					<swisstopo:routepoint_id>77078575</swisstopo:routepoint_id>
				</extensions>
			</trkpt>
			<trkpt lat="46.5849921804" lon="7.8991946998">
				<ele>1392.0</ele>
				<extensions>
					<swisstopo:routepoint_id>1401548474</swisstopo:routepoint_id>
				</extensions>
			</trkpt>
			<trkpt lat="46.5849666781" lon="7.8991447519">
				<ele>1392.3</ele>
				<extensions>
					<swisstopo:routepoint_id>1504867999</swisstopo:routepoint_id>
				</extensions>
			</trkpt>
			<trkpt lat="46.5849524698" lon="7.8991260026">
				<ele>1392.4</ele>
				<extensions>
					<swisstopo:routepoint_id>71898059</swisstopo:routepoint_id>
				</extensions>
			</trkpt>
			<trkpt lat="46.5849339670" lon="7.8991134092">
				<ele>1392.2</ele>
				<extensions>
					<swisstopo:routepoint_id>1868175778</swisstopo:routepoint_id>
				</extensions>
			</trkpt>
			<trkpt lat="46.5849117789" lon="7.8990954455">
				<ele>1391.7</ele>
				<extensions>
					<swisstopo:routepoint_id>1626152500</swisstopo:routepoint_id>
				</extensions>
			</trkpt>
			<trkpt lat="46.5848527786" lon="7.8990609354">
				<ele>1393.4</ele>
				<extensions>
					<swisstopo:routepoint_id>915974828</swisstopo:routepoint_id>
				</extensions>
			</trkpt>
			<trkpt lat="46.5848200253" lon="7.8990378745">
				<ele>1394.1</ele>
				<extensions>
					<swisstopo:routepoint_id>1072582478</swisstopo:routepoint_id>
				</extensions>
			</trkpt>
			<trkpt lat="46.5847872883" lon="7.8990085957">
				<ele>1394.5</ele>
				<extensions>
					<swisstopo:routepoint_id>497101444</swisstopo:routepoint_id>
				</extensions>
			</trkpt>
			<trkpt lat="46.5847546443" lon="7.8989606769">
				<ele>1395.4</ele>
				<extensions>
					<swisstopo:routepoint_id>1456132608</swisstopo:routepoint_id>
				</extensions>
			</trkpt>
			<trkpt lat="46.5847204842" lon="7.8989313861">
				<ele>1396.5</ele>
				<extensions>
					<swisstopo:routepoint_id>1903395760</swisstopo:routepoint_id>
				</extensions>
			</trkpt>
			<trkpt lat="46.5846891040" lon="7.8989228368">
				<ele>1396.7</ele>
				<extensions>
					<swisstopo:routepoint_id>122647719</swisstopo:routepoint_id>
				</extensions>
			</trkpt>
			<trkpt lat="46.5846192939" lon="7.8988828963">
				<ele>1397.9</ele>
				<extensions>
					<swisstopo:routepoint_id>1556540039</swisstopo:routepoint_id>
				</extensions>
			</trkpt>
			<trkpt lat="46.5845636918" lon="7.8988596282">
				<ele>1399.2</ele>
				<extensions>
					<swisstopo:routepoint_id>1308873180</swisstopo:routepoint_id>
				</extensions>
			</trkpt>
			<trkpt lat="46.5845380132" lon="7.8988531916">
				<ele>1400.0</ele>
				<extensions>
					<swisstopo:routepoint_id>154044545</swisstopo:routepoint_id>
				</extensions>
			</trkpt>
			<trkpt lat="46.5845093953" lon="7.8988653836">
				<ele>1399.8</ele>
				<extensions>
					<swisstopo:routepoint_id>1397464312</swisstopo:routepoint_id>
				</extensions>
			</trkpt>
			<trkpt lat="46.5844664695" lon="7.8988877999">
				<ele>1400.0</ele>
				<extensions>
					<swisstopo:routepoint_id>1535916636</swisstopo:routepoint_id>
				</extensions>
			</trkpt>
			<trkpt lat="46.5844179169" lon="7.8988873864">
				<ele>1400.1</ele>
				<extensions>
					<swisstopo:routepoint_id>1785976965</swisstopo:routepoint_id>
				</extensions>
			</trkpt>
			<trkpt lat="46.5843594343" lon="7.8988682475">
				<ele>1401.6</ele>
				<extensions>
					<swisstopo:routepoint_id>1271577066</swisstopo:routepoint_id>
				</extensions>
			</trkpt>
			<trkpt lat="46.5843024340" lon="7.8988387752">
				<ele>1402.7</ele>
				<extensions>
					<swisstopo:routepoint_id>1772289508</swisstopo:routepoint_id>
				</extensions>
			</trkpt>
			<trkpt lat="46.5842127811" lon="7.8987613720">
				<ele>1405.6</ele>
				<extensions>
					<swisstopo:routepoint_id>350331705</swisstopo:routepoint_id>
				</extensions>
			</trkpt>
			<trkpt lat="46.5841174600" lon="7.8986735620">
				<ele>1410.1</ele>
				<extensions>
					<swisstopo:routepoint_id>725900216</swisstopo:routepoint_id>
				</extensions>
			</trkpt>
			<trkpt lat="46.5840420317" lon="7.8986087032">
				<ele>1411.7</ele>
				<extensions>
					<swisstopo:routepoint_id>594955064</swisstopo:routepoint_id>
				</extensions>
			</trkpt>
			<trkpt lat="46.5839908253" lon="7.8985585632">
				<ele>1413.9</ele>
				<extensions>
					<swisstopo:routepoint_id>1166732203</swisstopo:routepoint_id>
				</extensions>
			</trkpt>
			<trkpt lat="46.5839481503" lon="7.8985167778">
				<ele>1416.3</ele>
				<extensions>
					<swisstopo:routepoint_id>837239221</swisstopo:routepoint_id>
				</extensions>
			</trkpt>
			<trkpt lat="46.5838997151" lon="7.8984873662">
				<ele>1418.7</ele>
				<extensions>
					<swisstopo:routepoint_id>508970346</swisstopo:routepoint_id>
				</extensions>
			</trkpt>
			<trkpt lat="46.5838740114" lon="7.8984871475">
				<ele>1419.5</ele>
				<extensions>
					<swisstopo:routepoint_id>129336730</swisstopo:routepoint_id>
				</extensions>
			</trkpt>
			<trkpt lat="46.5838283222" lon="7.8984846946">
				<ele>1420.6</ele>
				<extensions>
					<swisstopo:routepoint_id>26201195</swisstopo:routepoint_id>
				</extensions>
			</trkpt>
			<trkpt lat="46.5837840562" lon="7.8984822411">
				<ele>1421.3</ele>
				<extensions>
					<swisstopo:routepoint_id>537671053</swisstopo:routepoint_id>
				</extensions>
			</trkpt>
			<trkpt lat="46.5837615157" lon="7.8985035694">
				<ele>1419.7</ele>
				<extensions>
					<swisstopo:routepoint_id>293910279</swisstopo:routepoint_id>
				</extensions>
			</trkpt>
			<trkpt lat="46.5835557145" lon="7.8986766540">
				<ele>1422.5</ele>
				<extensions>
					<swisstopo:routepoint_id>2124501964</swisstopo:routepoint_id>
				</extensions>
			</trkpt>
			<trkpt lat="46.5834099810" lon="7.8987636848">
				<ele>1424.3</ele>
				<extensions>
					<swisstopo:routepoint_id>147193323</swisstopo:routepoint_id>
				</extensions>
			</trkpt>
			<trkpt lat="46.5832976223" lon="7.8987809863">
				<ele>1431.3</ele>
				<extensions>
					<swisstopo:routepoint_id>2022658019</swisstopo:routepoint_id>
				</extensions>
			</trkpt>
			<trkpt lat="46.5831938747" lon="7.8988130389">
				<ele>1433.4</ele>
				<extensions>
					<swisstopo:routepoint_id>935164395</swisstopo:routepoint_id>
				</extensions>
			</trkpt>
			<trkpt lat="46.5831414583" lon="7.8988426491">
				<ele>1434.6</ele>
				<extensions>
					<swisstopo:routepoint_id>1714132700</swisstopo:routepoint_id>
				</extensions>
			</trkpt>
			<trkpt lat="46.5830722458" lon="7.8988721033">
				<ele>1436.6</ele>
				<extensions>
					<swisstopo:routepoint_id>1559062421</swisstopo:routepoint_id>
				</extensions>
			</trkpt>
			<trkpt lat="46.5829140907" lon="7.8989351756">
				<ele>1439.4</ele>
				<extensions>
					<swisstopo:routepoint_id>1581413499</swisstopo:routepoint_id>
				</extensions>
			</trkpt>
			<trkpt lat="46.5828240482" lon="7.8989930815">
				<ele>1442.9</ele>
				<extensions>
					<swisstopo:routepoint_id>1414926390</swisstopo:routepoint_id>
				</extensions>
			</trkpt>
			<trkpt lat="46.5827733271" lon="7.8990899787">
				<ele>1444.2</ele>
				<extensions>
					<swisstopo:routepoint_id>1701767248</swisstopo:routepoint_id>
				</extensions>
			</trkpt>
			<trkpt lat="46.5827109585" lon="7.8991366785">
				<ele>1444.7</ele>
				<extensions>
					<swisstopo:routepoint_id>1028803035</swisstopo:routepoint_id>
				</extensions>
			</trkpt>
			<trkpt lat="46.5826467495" lon="7.8991518794">
				<ele>1442.8</ele>
				<extensions>
					<swisstopo:routepoint_id>836208829</swisstopo:routepoint_id>
				</extensions>
			</trkpt>
			<trkpt lat="46.5825570201" lon="7.8991367938">
				<ele>1448.4</ele>
				<extensions>
					<swisstopo:routepoint_id>1236894027</swisstopo:routepoint_id>
				</extensions>
			</trkpt>
			<trkpt lat="46.5824195935" lon="7.8991986143">
				<ele>1451.2</ele>
				<extensions>
					<swisstopo:routepoint_id>62937993</swisstopo:routepoint_id>
				</extensions>
			</trkpt>
			<trkpt lat="46.5823778781" lon="7.8992626519">
				<ele>1453.0</ele>
				<extensions>
					<swisstopo:routepoint_id>1022444641</swisstopo:routepoint_id>
				</extensions>
			</trkpt>
			<trkpt lat="46.5823079453" lon="7.8992790651">
				<ele>1452.9</ele>
				<extensions>
					<swisstopo:routepoint_id>1657278833</swisstopo:routepoint_id>
				</extensions>
			</trkpt>
			<trkpt lat="46.5822785703" lon="7.8992677809">
				<ele>1454.2</ele>
				<extensions>
					<swisstopo:routepoint_id>12620377</swisstopo:routepoint_id>
				</extensions>
			</trkpt>
			<trkpt lat="46.5822325727" lon="7.8992699243">
				<ele>1454.7</ele>
				<extensions>
					<swisstopo:routepoint_id>1629619745</swisstopo:routepoint_id>
				</extensions>
			</trkpt>
			<trkpt lat="46.5822063382" lon="7.8992770905">
				<ele>1454.4</ele>
				<extensions>
					<swisstopo:routepoint_id>1925127521</swisstopo:routepoint_id>
				</extensions>
			</trkpt>
			<trkpt lat="46.5821697357" lon="7.8993324565">
				<ele>1454.5</ele>
				<extensions>
					<swisstopo:routepoint_id>563338671</swisstopo:routepoint_id>
				</extensions>
			</trkpt>
			<trkpt lat="46.5821695503" lon="7.8993760418">
				<ele>1454.5</ele>
				<extensions>
					<swisstopo:routepoint_id>641327052</swisstopo:routepoint_id>
				</extensions>
			</trkpt>
			<trkpt lat="46.5821442050" lon="7.8994261142">
				<ele>1454.8</ele>
				<extensions>
					<swisstopo:routepoint_id>873623313</swisstopo:routepoint_id>
				</extensions>
			</trkpt>
			<trkpt lat="46.5820934522" lon="7.8994592157">
				<ele>1454.3</ele>
				<extensions>
					<swisstopo:routepoint_id>941484687</swisstopo:routepoint_id>
				</extensions>
			</trkpt>
			<trkpt lat="46.5820143057" lon="7.8994903675">
				<ele>1454.2</ele>
				<extensions>
					<swisstopo:routepoint_id>1135576168</swisstopo:routepoint_id>
				</extensions>
			</trkpt>
			<trkpt lat="46.5819426322" lon="7.8994160502">
				<ele>1454.7</ele>
				<extensions>
					<swisstopo:routepoint_id>277463115</swisstopo:routepoint_id>
				</extensions>
			</trkpt>
			<trkpt lat="46.5818988580" lon="7.8993984895">
				<ele>1455.0</ele>
				<extensions>
					<swisstopo:routepoint_id>1575204133</swisstopo:routepoint_id>
				</extensions>
			</trkpt>
			<trkpt lat="46.5818460471" lon="7.8993671681">
				<ele>1456.1</ele>
				<extensions>
					<swisstopo:routepoint_id>2141444258</swisstopo:routepoint_id>
				</extensions>
			</trkpt>
			<trkpt lat="46.5817722681" lon="7.8993614682">
				<ele>1457.9</ele>
				<extensions>
					<swisstopo:routepoint_id>811998128</swisstopo:routepoint_id>
				</extensions>
			</trkpt>
			<trkpt lat="46.5816735363" lon="7.8993111921">
				<ele>1461.0</ele>
				<extensions>
					<swisstopo:routepoint_id>1083564784</swisstopo:routepoint_id>
				</extensions>
			</trkpt>
			<trkpt lat="46.5816145109" lon="7.8993219391">
				<ele>1462.0</ele>
				<extensions>
					<swisstopo:routepoint_id>706522321</swisstopo:routepoint_id>
				</extensions>
			</trkpt>
			<trkpt lat="46.5815442671" lon="7.8993565431">
				<ele>1462.9</ele>
				<extensions>
					<swisstopo:routepoint_id>1815570992</swisstopo:routepoint_id>
				</extensions>
			</trkpt>
			<trkpt lat="46.5814719694" lon="7.8993950410">
				<ele>1463.5</ele>
				<extensions>
					<swisstopo:routepoint_id>1159649531</swisstopo:routepoint_id>
				</extensions>
			</trkpt>
			<trkpt lat="46.5814085982" lon="7.8993964628">
				<ele>1464.4</ele>
				<extensions>
					<swisstopo:routepoint_id>102287533</swisstopo:routepoint_id>
				</extensions>
			</trkpt>
			<trkpt lat="46.5813223991" lon="7.8993751898">
				<ele>1464.6</ele>
				<extensions>
					<swisstopo:routepoint_id>1869583091</swisstopo:routepoint_id>
				</extensions>
			</trkpt>
			<trkpt lat="46.5812670071" lon="7.8993824894">
				<ele>1465.4</ele>
				<extensions>
					<swisstopo:routepoint_id>841114235</swisstopo:routepoint_id>
				</extensions>
			</trkpt>
			<trkpt lat="46.5812197941" lon="7.8994048673">
				<ele>1465.8</ele>
				<extensions>
					<swisstopo:routepoint_id>1214278468</swisstopo:routepoint_id>
				</extensions>
			</trkpt>
			<trkpt lat="46.5811610013" lon="7.8994644385">
				<ele>1464.3</ele>
				<extensions>
					<swisstopo:routepoint_id>1353701198</swisstopo:routepoint_id>
				</extensions>
			</trkpt>
			<trkpt lat="46.5811049880" lon="7.8995426603">
				<ele>1465.6</ele>
				<extensions>
					<swisstopo:routepoint_id>1167799533</swisstopo:routepoint_id>
				</extensions>
			</trkpt>
			<trkpt lat="46.5810633255" lon="7.8996044414">
				<ele>1466.1</ele>
				<extensions>
					<swisstopo:routepoint_id>2008280376</swisstopo:routepoint_id>
				</extensions>
			</trkpt>
			<trkpt lat="46.5809959252" lon="7.8996722075">
				<ele>1467.9</ele>
				<extensions>
					<swisstopo:routepoint_id>1312605480</swisstopo:routepoint_id>
				</extensions>
			</trkpt>
			<trkpt lat="46.5809371828" lon="7.8997193438">
				<ele>1468.9</ele>
				<extensions>
					<swisstopo:routepoint_id>591667870</swisstopo:routepoint_id>
				</extensions>
			</trkpt>
			<trkpt lat="46.5808785241" lon="7.8997457771">
				<ele>1469.9</ele>
				<extensions>
					<swisstopo:routepoint_id>1346636629</swisstopo:routepoint_id>
				</extensions>
			</trkpt>
			<trkpt lat="46.5808242196" lon="7.8997556718">
				<ele>1471.6</ele>
				<extensions>
					<swisstopo:routepoint_id>1568623543</swisstopo:routepoint_id>
				</extensions>
			</trkpt>
			<trkpt lat="46.5807698225" lon="7.8997862694">
				<ele>1473.7</ele>
				<extensions>
					<swisstopo:routepoint_id>1609524165</swisstopo:routepoint_id>
				</extensions>
			</trkpt>
			<trkpt lat="46.5807110547" lon="7.8998396098">
				<ele>1476.1</ele>
				<extensions>
					<swisstopo:routepoint_id>979860423</swisstopo:routepoint_id>
				</extensions>
			</trkpt>
			<trkpt lat="46.5806580645" lon="7.8998785133">
				<ele>1478.0</ele>
				<extensions>
					<swisstopo:routepoint_id>1578312481</swisstopo:routepoint_id>
				</extensions>
			</trkpt>
			<trkpt lat="46.5806121737" lon="7.8999257588">
				<ele>1479.7</ele>
				<extensions>
					<swisstopo:routepoint_id>511186583</swisstopo:routepoint_id>
				</extensions>
			</trkpt>
			<trkpt lat="46.5805720102" lon="7.8999709763">
				<ele>1480.5</ele>
				<extensions>
					<swisstopo:routepoint_id>1997508362</swisstopo:routepoint_id>
				</extensions>
			</trkpt>
			<trkpt lat="46.5805233985" lon="7.8999829961">
				<ele>1481.7</ele>
				<extensions>
					<swisstopo:routepoint_id>136580594</swisstopo:routepoint_id>
				</extensions>
			</trkpt>
			<trkpt lat="46.5804834190" lon="7.8999785013">
				<ele>1483.9</ele>
				<extensions>
					<swisstopo:routepoint_id>1762511216</swisstopo:routepoint_id>
				</extensions>
			</trkpt>
			<trkpt lat="46.5803514097" lon="7.8999565055">
				<ele>1487.7</ele>
				<extensions>
					<swisstopo:routepoint_id>142699724</swisstopo:routepoint_id>
				</extensions>
			</trkpt>
			<trkpt lat="46.5802183698" lon="7.8999416738">
				<ele>1491.5</ele>
				<extensions>
					<swisstopo:routepoint_id>1551941398</swisstopo:routepoint_id>
				</extensions>
			</trkpt>
			<trkpt lat="46.5801630660" lon="7.8999531906">
				<ele>1493.3</ele>
				<extensions>
					<swisstopo:routepoint_id>617236744</swisstopo:routepoint_id>
				</extensions>
			</trkpt>
			<trkpt lat="46.5800708629" lon="7.8998765850">
				<ele>1495.2</ele>
				<extensions>
					<swisstopo:routepoint_id>62901124</swisstopo:routepoint_id>
				</extensions>
			</trkpt>
			<trkpt lat="46.5800251902" lon="7.8997682836">
				<ele>1496.9</ele>
				<extensions>
					<swisstopo:routepoint_id>1763912337</swisstopo:routepoint_id>
				</extensions>
			</trkpt>
			<trkpt lat="46.5799709610" lon="7.8997184771">
				<ele>1497.8</ele>
				<extensions>
					<swisstopo:routepoint_id>1805284279</swisstopo:routepoint_id>
				</extensions>
			</trkpt>
			<trkpt lat="46.5799165558" lon="7.8997077059">
				<ele>1497.9</ele>
				<extensions>
					<swisstopo:routepoint_id>279036240</swisstopo:routepoint_id>
				</extensions>
			</trkpt>
			<trkpt lat="46.5798630159" lon="7.8997976552">
				<ele>1497.5</ele>
				<extensions>
					<swisstopo:routepoint_id>531297438</swisstopo:routepoint_id>
				</extensions>
			</trkpt>
			<trkpt lat="46.5798255413" lon="7.8998448571">
				<ele>1498.1</ele>
				<extensions>
					<swisstopo:routepoint_id>307709402</swisstopo:routepoint_id>
				</extensions>
			</trkpt>
			<trkpt lat="46.5797745963" lon="7.8998690241">
				<ele>1497.8</ele>
				<extensions>
					<swisstopo:routepoint_id>1197636219</swisstopo:routepoint_id>
				</extensions>
			</trkpt>
			<trkpt lat="46.5797460483" lon="7.8998574670">
				<ele>1497.6</ele>
				<extensions>
					<swisstopo:routepoint_id>50669433</swisstopo:routepoint_id>
				</extensions>
			</trkpt>
			<trkpt lat="46.5796661985" lon="7.8997782666">
				<ele>1497.4</ele>
				<extensions>
					<swisstopo:routepoint_id>3197344</swisstopo:routepoint_id>
				</extensions>
			</trkpt>
			<trkpt lat="46.5795788789" lon="7.8997018694">
				<ele>1497.2</ele>
				<extensions>
					<swisstopo:routepoint_id>386002933</swisstopo:routepoint_id>
				</extensions>
			</trkpt>
			<trkpt lat="46.5794723524" lon="7.8996218814">
				<ele>1496.3</ele>
				<extensions>
					<swisstopo:routepoint_id>1502507658</swisstopo:routepoint_id>
				</extensions>
			</trkpt>
			<trkpt lat="46.5794450239" lon="7.8995977092">
				<ele>1495.8</ele>
				<extensions>
					<swisstopo:routepoint_id>1917581341</swisstopo:routepoint_id>
				</extensions>
			</trkpt>
			<trkpt lat="46.5794201335" lon="7.8995897254">
				<ele>1495.8</ele>
				<extensions>
					<swisstopo:routepoint_id>233938993</swisstopo:routepoint_id>
				</extensions>
			</trkpt>
			<trkpt lat="46.5794083851" lon="7.8995947977">
				<ele>1495.9</ele>
				<extensions>
					<swisstopo:routepoint_id>2108015657</swisstopo:routepoint_id>
				</extensions>
			</trkpt>
			<trkpt lat="46.5793645157" lon="7.8996288733">
				<ele>1495.9</ele>
				<extensions>
					<swisstopo:routepoint_id>1179982865</swisstopo:routepoint_id>
				</extensions>
			</trkpt>
			<trkpt lat="46.5793632218" lon="7.8996555022">
				<ele>1495.1</ele>
				<extensions>
					<swisstopo:routepoint_id>853594975</swisstopo:routepoint_id>
				</extensions>
			</trkpt>
			<trkpt lat="46.5793630454" lon="7.8996989961">
				<ele>1495.2</ele>
				<extensions>
					<swisstopo:routepoint_id>376342770</swisstopo:routepoint_id>
				</extensions>
			</trkpt>
			<trkpt lat="46.5793668114" lon="7.8998274505">
				<ele>1495.7</ele>
				<extensions>
					<swisstopo:routepoint_id>522486879</swisstopo:routepoint_id>
				</extensions>
			</trkpt>
			<trkpt lat="46.5793623464" lon="7.9000900282">
				<ele>1496.6</ele>
				<extensions>
					<swisstopo:routepoint_id>1482327618</swisstopo:routepoint_id>
				</extensions>
			</trkpt>
			<trkpt lat="46.5793427287" lon="7.9001898210">
				<ele>1497.2</ele>
				<extensions>
					<swisstopo:routepoint_id>1857526751</swisstopo:routepoint_id>
				</extensions>
			</trkpt>
			<trkpt lat="46.5793062586" lon="7.9002665374">
				<ele>1498.1</ele>
				<extensions>
					<swisstopo:routepoint_id>584672768</swisstopo:routepoint_id>
				</extensions>
			</trkpt>
			<trkpt lat="46.5792597800" lon="7.9003005646">
				<ele>1498.7</ele>
				<extensions>
					<swisstopo:routepoint_id>1030269847</swisstopo:routepoint_id>
				</extensions>
			</trkpt>
			<trkpt lat="46.5791893313" lon="7.9002774126">
				<ele>1499.2</ele>
				<extensions>
					<swisstopo:routepoint_id>1415276917</swisstopo:routepoint_id>
				</extensions>
			</trkpt>
			<trkpt lat="46.5791337630" lon="7.9002458771">
				<ele>1499.6</ele>
				<extensions>
					<swisstopo:routepoint_id>1032491411</swisstopo:routepoint_id>
				</extensions>
			</trkpt>
			<trkpt lat="46.5790697138" lon="7.9001935538">
				<ele>1499.7</ele>
				<extensions>
					<swisstopo:routepoint_id>818448578</swisstopo:routepoint_id>
				</extensions>
			</trkpt>
			<trkpt lat="46.5790284966" lon="7.9001455661">
				<ele>1500.4</ele>
				<extensions>
					<swisstopo:routepoint_id>1918179506</swisstopo:routepoint_id>
				</extensions>
			</trkpt>
			<trkpt lat="46.5790000131" lon="7.9001246074">
				<ele>1501.2</ele>
				<extensions>
					<swisstopo:routepoint_id>1451106234</swisstopo:routepoint_id>
				</extensions>
			</trkpt>
			<trkpt lat="46.5789800530" lon="7.9001161557">
				<ele>1501.9</ele>
				<extensions>
					<swisstopo:routepoint_id>622980537</swisstopo:routepoint_id>
				</extensions>
			</trkpt>
			<trkpt lat="46.5789543408" lon="7.9001180129">
				<ele>1502.6</ele>
				<extensions>
					<swisstopo:routepoint_id>581788304</swisstopo:routepoint_id>
				</extensions>
			</trkpt>
			<trkpt lat="46.5788908789" lon="7.9001482640">
				<ele>1504.8</ele>
				<extensions>
					<swisstopo:routepoint_id>760412743</swisstopo:routepoint_id>
				</extensions>
			</trkpt>
			<trkpt lat="46.5788456022" lon="7.9001675483">
				<ele>1505.6</ele>
				<extensions>
					<swisstopo:routepoint_id>730907769</swisstopo:routepoint_id>
				</extensions>
			</trkpt>
			<trkpt lat="46.5787936749" lon="7.9001523517">
				<ele>1505.6</ele>
				<extensions>
					<swisstopo:routepoint_id>1492306326</swisstopo:routepoint_id>
				</extensions>
			</trkpt>
			<trkpt lat="46.5787362033" lon="7.9001092451">
				<ele>1505.8</ele>
				<extensions>
					<swisstopo:routepoint_id>1689633401</swisstopo:routepoint_id>
				</extensions>
			</trkpt>
			<trkpt lat="46.5786924345" lon="7.9000384057">
				<ele>1505.3</ele>
				<extensions>
					<swisstopo:routepoint_id>1005292050</swisstopo:routepoint_id>
				</extensions>
			</trkpt>
			<trkpt lat="46.5786558011" lon="7.8999930183">
				<ele>1504.7</ele>
				<extensions>
					<swisstopo:routepoint_id>1363143978</swisstopo:routepoint_id>
				</extensions>
			</trkpt>
			<trkpt lat="46.5786076140" lon="7.8999826697">
				<ele>1505.0</ele>
				<extensions>
					<swisstopo:routepoint_id>633324930</swisstopo:routepoint_id>
				</extensions>
			</trkpt>
			<trkpt lat="46.5785550544" lon="7.9000193584">
				<ele>1505.4</ele>
				<extensions>
					<swisstopo:routepoint_id>2062552172</swisstopo:routepoint_id>
				</extensions>
			</trkpt>
			<trkpt lat="46.5785361236" lon="7.9000668066">
				<ele>1505.5</ele>
				<extensions>
					<swisstopo:routepoint_id>51743080</swisstopo:routepoint_id>
				</extensions>
			</trkpt>
			<trkpt lat="46.5785288052" lon="7.9001102388">
				<ele>1505.6</ele>
				<extensions>
					<swisstopo:routepoint_id>740065272</swisstopo:routepoint_id>
				</extensions>
			</trkpt>
			<trkpt lat="46.5785326425" lon="7.9001604166">
				<ele>1506.1</ele>
				<extensions>
					<swisstopo:routepoint_id>380808076</swisstopo:routepoint_id>
				</extensions>
			</trkpt>
			<trkpt lat="46.5785166959" lon="7.9002799483">
				<ele>1506.8</ele>
				<extensions>
					<swisstopo:routepoint_id>819559762</swisstopo:routepoint_id>
				</extensions>
			</trkpt>
			<trkpt lat="46.5785021518" lon="7.9003460980">
				<ele>1507.8</ele>
				<extensions>
					<swisstopo:routepoint_id>1643978352</swisstopo:routepoint_id>
				</extensions>
			</trkpt>
			<trkpt lat="46.5784875985" lon="7.9004101710">
				<ele>1509.0</ele>
				<extensions>
					<swisstopo:routepoint_id>1309261702</swisstopo:routepoint_id>
				</extensions>
			</trkpt>
			<trkpt lat="46.5784745283" lon="7.9004659883">
				<ele>1510.0</ele>
				<extensions>
					<swisstopo:routepoint_id>1092155173</swisstopo:routepoint_id>
				</extensions>
			</trkpt>
			<trkpt lat="46.5784671004" lon="7.9005363393">
				<ele>1511.2</ele>
				<extensions>
					<swisstopo:routepoint_id>421716439</swisstopo:routepoint_id>
				</extensions>
			</trkpt>
			<trkpt lat="46.5784567249" lon="7.9006294444">
				<ele>1512.7</ele>
				<extensions>
					<swisstopo:routepoint_id>685528142</swisstopo:routepoint_id>
				</extensions>
			</trkpt>
			<trkpt lat="46.5784465008" lon="7.9006852733">
				<ele>1513.0</ele>
				<extensions>
					<swisstopo:routepoint_id>313340598</swisstopo:routepoint_id>
				</extensions>
			</trkpt>
			<trkpt lat="46.5784305413" lon="7.9007472830">
				<ele>1513.5</ele>
				<extensions>
					<swisstopo:routepoint_id>834888528</swisstopo:routepoint_id>
				</extensions>
			</trkpt>
			<trkpt lat="46.5784074317" lon="7.9008112826">
				<ele>1514.1</ele>
				<extensions>
					<swisstopo:routepoint_id>788282353</swisstopo:routepoint_id>
				</extensions>
			</trkpt>
			<trkpt lat="46.5783772390" lon="7.9008607234">
				<ele>1515.3</ele>
				<extensions>
					<swisstopo:routepoint_id>1642443213</swisstopo:routepoint_id>
				</extensions>
			</trkpt>
			<trkpt lat="46.5783485204" lon="7.9008998191">
				<ele>1516.3</ele>
				<extensions>
					<swisstopo:routepoint_id>2028880097</swisstopo:routepoint_id>
				</extensions>
			</trkpt>
			<trkpt lat="46.5783254864" lon="7.9009451933">
				<ele>1516.9</ele>
				<extensions>
					<swisstopo:routepoint_id>1764923723</swisstopo:routepoint_id>
				</extensions>
			</trkpt>
			<trkpt lat="46.5783082382" lon="7.9009719654">
				<ele>1517.5</ele>
				<extensions>
					<swisstopo:routepoint_id>119572924</swisstopo:routepoint_id>
				</extensions>
			</trkpt>
			<trkpt lat="46.5782824586" lon="7.9009903837">
				<ele>1518.1</ele>
				<extensions>
					<swisstopo:routepoint_id>1070362949</swisstopo:routepoint_id>
				</extensions>
			</trkpt>
			<trkpt lat="46.5782579930" lon="7.9010378094">
				<ele>1519.0</ele>
				<extensions>
					<swisstopo:routepoint_id>973439685</swisstopo:routepoint_id>
				</extensions>
			</trkpt>
			<trkpt lat="46.5782233786" lon="7.9011203489">
				<ele>1519.8</ele>
				<extensions>
					<swisstopo:routepoint_id>1251212787</swisstopo:routepoint_id>
				</extensions>
			</trkpt>
			<trkpt lat="46.5782046314" lon="7.9011657595">
				<ele>1520.4</ele>
				<extensions>
					<swisstopo:routepoint_id>14512814</swisstopo:routepoint_id>
				</extensions>
			</trkpt>
			<trkpt lat="46.5781730492" lon="7.9012069071">
				<ele>1521.5</ele>
				<extensions>
					<swisstopo:routepoint_id>1089267127</swisstopo:routepoint_id>
				</extensions>
			</trkpt>
			<trkpt lat="46.5781285898" lon="7.9012541614">
				<ele>1522.7</ele>
				<extensions>
					<swisstopo:routepoint_id>144448491</swisstopo:routepoint_id>
				</extensions>
			</trkpt>
			<trkpt lat="46.5780382639" lon="7.9013403770">
				<ele>1525.3</ele>
				<extensions>
					<swisstopo:routepoint_id>1476938652</swisstopo:routepoint_id>
				</extensions>
			</trkpt>
			<trkpt lat="46.5779637127" lon="7.9014122165">
				<ele>1528.0</ele>
				<extensions>
					<swisstopo:routepoint_id>2071546488</swisstopo:routepoint_id>
				</extensions>
			</trkpt>
			<trkpt lat="46.5779177539" lon="7.9014760196">
				<ele>1529.4</ele>
				<extensions>
					<swisstopo:routepoint_id>679365420</swisstopo:routepoint_id>
				</extensions>
			</trkpt>
			<trkpt lat="46.5778531404" lon="7.9015624546">
				<ele>1531.5</ele>
				<extensions>
					<swisstopo:routepoint_id>1413339441</swisstopo:routepoint_id>
				</extensions>
			</trkpt>
			<trkpt lat="46.5778071647" lon="7.9016303978">
				<ele>1532.8</ele>
				<extensions>
					<swisstopo:routepoint_id>1368151410</swisstopo:routepoint_id>
				</extensions>
			</trkpt>
			<trkpt lat="46.5777626963" lon="7.9016776642">
				<ele>1533.6</ele>
				<extensions>
					<swisstopo:routepoint_id>852967305</swisstopo:routepoint_id>
				</extensions>
			</trkpt>
			<trkpt lat="46.5777215180" lon="7.9017324243">
				<ele>1534.9</ele>
				<extensions>
					<swisstopo:routepoint_id>130507156</swisstopo:routepoint_id>
				</extensions>
			</trkpt>
			<trkpt lat="46.5776844984" lon="7.9017842006">
				<ele>1535.8</ele>
				<extensions>
					<swisstopo:routepoint_id>120370090</swisstopo:routepoint_id>
				</extensions>
			</trkpt>
			<trkpt lat="46.5776384948" lon="7.9018589336">
				<ele>1537.7</ele>
				<extensions>
					<swisstopo:routepoint_id>766390628</swisstopo:routepoint_id>
				</extensions>
			</trkpt>
			<trkpt lat="46.5775778664" lon="7.9019762833">
				<ele>1539.6</ele>
				<extensions>
					<swisstopo:routepoint_id>103414093</swisstopo:routepoint_id>
				</extensions>
			</trkpt>
			<trkpt lat="46.5775370070" lon="7.9020325235">
				<ele>1541.2</ele>
				<extensions>
					<swisstopo:routepoint_id>1549255824</swisstopo:routepoint_id>
				</extensions>
			</trkpt>
			<trkpt lat="46.5774733210" lon="7.9021003523">
				<ele>1544.0</ele>
				<extensions>
					<swisstopo:routepoint_id>1487882956</swisstopo:routepoint_id>
				</extensions>
			</trkpt>
			<trkpt lat="46.5774031529" lon="7.9021657557">
				<ele>1546.8</ele>
				<extensions>
					<swisstopo:routepoint_id>1557260135</swisstopo:routepoint_id>
				</extensions>
			</trkpt>
			<trkpt lat="46.5773061067" lon="7.9022173096">
				<ele>1550.8</ele>
				<extensions>
					<swisstopo:routepoint_id>64873652</swisstopo:routepoint_id>
				</extensions>
			</trkpt>
			<trkpt lat="46.5772550048" lon="7.9022431662">
				<ele>1552.9</ele>
				<extensions>
					<swisstopo:routepoint_id>590699219</swisstopo:routepoint_id>
				</extensions>
			</trkpt>
			<trkpt lat="46.5771798829" lon="7.9022695812">
				<ele>1555.0</ele>
				<extensions>
					<swisstopo:routepoint_id>502055926</swisstopo:routepoint_id>
				</extensions>
			</trkpt>
			<trkpt lat="46.5771068980" lon="7.9022716942">
				<ele>1558.2</ele>
				<extensions>
					<swisstopo:routepoint_id>41045059</swisstopo:routepoint_id>
				</extensions>
			</trkpt>
			<trkpt lat="46.5770310240" lon="7.9023015295">
				<ele>1559.1</ele>
				<extensions>
					<swisstopo:routepoint_id>556454592</swisstopo:routepoint_id>
				</extensions>
			</trkpt>
			<trkpt lat="46.5768211733" lon="7.9023007612">
				<ele>1565.1</ele>
				<extensions>
					<swisstopo:routepoint_id>1726120845</swisstopo:routepoint_id>
				</extensions>
			</trkpt>
			<trkpt lat="46.5767285221" lon="7.9022999664">
				<ele>1567.5</ele>
				<extensions>
					<swisstopo:routepoint_id>2096477082</swisstopo:routepoint_id>
				</extensions>
			</trkpt>
			<trkpt lat="46.5766706623" lon="7.9022897878">
				<ele>1569.2</ele>
				<extensions>
					<swisstopo:routepoint_id>1593072833</swisstopo:routepoint_id>
				</extensions>
			</trkpt>
			<trkpt lat="46.5765037091" lon="7.9022759090">
				<ele>1574.4</ele>
				<extensions>
					<swisstopo:routepoint_id>158150196</swisstopo:routepoint_id>
				</extensions>
			</trkpt>
			<trkpt lat="46.5763964243" lon="7.9022702751">
				<ele>1577.2</ele>
				<extensions>
					<swisstopo:routepoint_id>1482817033</swisstopo:routepoint_id>
				</extensions>
			</trkpt>
			<trkpt lat="46.5763233807" lon="7.9022437235">
				<ele>1579.5</ele>
				<extensions>
					<swisstopo:routepoint_id>1572720387</swisstopo:routepoint_id>
				</extensions>
			</trkpt>
			<trkpt lat="46.5762633383" lon="7.9022172834">
				<ele>1581.1</ele>
				<extensions>
					<swisstopo:routepoint_id>1706632017</swisstopo:routepoint_id>
				</extensions>
			</trkpt>
			<trkpt lat="46.5762162000" lon="7.9022168791">
				<ele>1582.2</ele>
				<extensions>
					<swisstopo:routepoint_id>1905327262</swisstopo:routepoint_id>
				</extensions>
			</trkpt>
			<trkpt lat="46.5761511949" lon="7.9022139520">
				<ele>1583.7</ele>
				<extensions>
					<swisstopo:routepoint_id>2018035019</swisstopo:routepoint_id>
				</extensions>
			</trkpt>
			<trkpt lat="46.5761073470" lon="7.9021994477">
				<ele>1585.0</ele>
				<extensions>
					<swisstopo:routepoint_id>1658360255</swisstopo:routepoint_id>
				</extensions>
			</trkpt>
			<trkpt lat="46.5760635458" lon="7.9021778353">
				<ele>1586.4</ele>
				<extensions>
					<swisstopo:routepoint_id>1861498193</swisstopo:routepoint_id>
				</extensions>
			</trkpt>
			<trkpt lat="46.5760246303" lon="7.9021515767">
				<ele>1587.6</ele>
				<extensions>
					<swisstopo:routepoint_id>473893667</swisstopo:routepoint_id>
				</extensions>
			</trkpt>
			<trkpt lat="46.5759678573" lon="7.9021204512">
				<ele>1589.7</ele>
				<extensions>
					<swisstopo:routepoint_id>2093591566</swisstopo:routepoint_id>
				</extensions>
			</trkpt>
			<trkpt lat="46.5758916010" lon="7.9020867894">
				<ele>1592.0</ele>
				<extensions>
					<swisstopo:routepoint_id>63244512</swisstopo:routepoint_id>
				</extensions>
			</trkpt>
			<trkpt lat="46.5758022874" lon="7.9020624300">
				<ele>1595.1</ele>
				<extensions>
					<swisstopo:routepoint_id>1912001460</swisstopo:routepoint_id>
				</extensions>
			</trkpt>
			<trkpt lat="46.5757173711" lon="7.9020498414">
				<ele>1595.9</ele>
				<extensions>
					<swisstopo:routepoint_id>634507545</swisstopo:routepoint_id>
				</extensions>
			</trkpt>
			<trkpt lat="46.5754822208" lon="7.9019540125">
				<ele>1601.8</ele>
				<extensions>
					<swisstopo:routepoint_id>1937334537</swisstopo:routepoint_id>
				</extensions>
			</trkpt>
			<trkpt lat="46.5754337797" lon="7.9019434949">
				<ele>1603.0</ele>
				<extensions>
					<swisstopo:routepoint_id>1294585242</swisstopo:routepoint_id>
				</extensions>
			</trkpt>
			<trkpt lat="46.5753009859" lon="7.9019523953">
				<ele>1605.6</ele>
				<extensions>
					<swisstopo:routepoint_id>2010843383</swisstopo:routepoint_id>
				</extensions>
			</trkpt>
			<trkpt lat="46.5752075100" lon="7.9019470206">
				<ele>1606.4</ele>
				<extensions>
					<swisstopo:routepoint_id>973751189</swisstopo:routepoint_id>
				</extensions>
			</trkpt>
			<trkpt lat="46.5751255709" lon="7.9019432735">
				<ele>1606.9</ele>
				<extensions>
					<swisstopo:routepoint_id>1434056210</swisstopo:routepoint_id>
				</extensions>
			</trkpt>
			<trkpt lat="46.5750801756" lon="7.9019333936">
				<ele>1607.2</ele>
				<extensions>
					<swisstopo:routepoint_id>1915149578</swisstopo:routepoint_id>
				</extensions>
			</trkpt>
			<trkpt lat="46.5750191125" lon="7.9019181053">
				<ele>1608.1</ele>
				<extensions>
					<swisstopo:routepoint_id>1714829874</swisstopo:routepoint_id>
				</extensions>
			</trkpt>
			<trkpt lat="46.5749556337" lon="7.9019027837">
				<ele>1609.1</ele>
				<extensions>
					<swisstopo:routepoint_id>1632148715</swisstopo:routepoint_id>
				</extensions>
			</trkpt>
			<trkpt lat="46.5749207317" lon="7.9018940511">
				<ele>1609.7</ele>
				<extensions>
					<swisstopo:routepoint_id>991872447</swisstopo:routepoint_id>
				</extensions>
			</trkpt>
			<trkpt lat="46.5748994483" lon="7.9018805053">
				<ele>1610.2</ele>
				<extensions>
					<swisstopo:routepoint_id>1473283651</swisstopo:routepoint_id>
				</extensions>
			</trkpt>
			<trkpt lat="46.5748902993" lon="7.9018642353">
				<ele>1610.4</ele>
				<extensions>
					<swisstopo:routepoint_id>661952673</swisstopo:routepoint_id>
				</extensions>
			</trkpt>
			<trkpt lat="46.5748855848" lon="7.9018311365">
				<ele>1610.6</ele>
				<extensions>
					<swisstopo:routepoint_id>182882790</swisstopo:routepoint_id>
				</extensions>
			</trkpt>
			<trkpt lat="46.5748842642" lon="7.9017973534">
				<ele>1610.9</ele>
				<extensions>
					<swisstopo:routepoint_id>2105584929</swisstopo:routepoint_id>
				</extensions>
			</trkpt>
			<trkpt lat="46.5748818339" lon="7.9017685547">
				<ele>1611.2</ele>
				<extensions>
					<swisstopo:routepoint_id>1465172433</swisstopo:routepoint_id>
				</extensions>
			</trkpt>
			<trkpt lat="46.5747207064" lon="7.9017413771">
				<ele>1612.6</ele>
				<extensions>
					<swisstopo:routepoint_id>771453796</swisstopo:routepoint_id>
				</extensions>
			</trkpt>
			<trkpt lat="46.5746285380" lon="7.9017147906">
				<ele>1612.9</ele>
				<extensions>
					<swisstopo:routepoint_id>293285323</swisstopo:routepoint_id>
				</extensions>
			</trkpt>
			<trkpt lat="46.5745021045" lon="7.9016330939">
				<ele>1613.6</ele>
				<extensions>
					<swisstopo:routepoint_id>1940636337</swisstopo:routepoint_id>
				</extensions>
			</trkpt>
			<trkpt lat="46.5743913183" lon="7.9015337861">
				<ele>1613.6</ele>
				<extensions>
					<swisstopo:routepoint_id>1636506438</swisstopo:routepoint_id>
				</extensions>
			</trkpt>
			<trkpt lat="46.5743126469" lon="7.9014653785">
				<ele>1613.6</ele>
				<extensions>
					<swisstopo:routepoint_id>1868524417</swisstopo:routepoint_id>
				</extensions>
			</trkpt>
			<trkpt lat="46.5742785953" lon="7.9014440929">
				<ele>1613.6</ele>
				<extensions>
					<swisstopo:routepoint_id>1847455649</swisstopo:routepoint_id>
				</extensions>
			</trkpt>
			<trkpt lat="46.5741956803" lon="7.9013952164">
				<ele>1614.1</ele>
				<extensions>
					<swisstopo:routepoint_id>43425026</swisstopo:routepoint_id>
				</extensions>
			</trkpt>
			<trkpt lat="46.5740923761" lon="7.9013159612">
				<ele>1615.0</ele>
				<extensions>
					<swisstopo:routepoint_id>549938302</swisstopo:routepoint_id>
				</extensions>
			</trkpt>
			<trkpt lat="46.5739728828" lon="7.9012125802">
				<ele>1615.2</ele>
				<extensions>
					<swisstopo:routepoint_id>537063349</swisstopo:routepoint_id>
				</extensions>
			</trkpt>
			<trkpt lat="46.5738874559" lon="7.9011483834">
				<ele>1615.4</ele>
				<extensions>
					<swisstopo:routepoint_id>1608568376</swisstopo:routepoint_id>
				</extensions>
			</trkpt>
			<trkpt lat="46.5737401710" lon="7.9010828932">
				<ele>1615.7</ele>
				<extensions>
					<swisstopo:routepoint_id>242225863</swisstopo:routepoint_id>
				</extensions>
			</trkpt>
			<trkpt lat="46.5735605054" lon="7.9009783999">
				<ele>1615.6</ele>
				<extensions>
					<swisstopo:routepoint_id>2011802954</swisstopo:routepoint_id>
				</extensions>
			</trkpt>
			<trkpt lat="46.5735309615" lon="7.9009568477">
				<ele>1615.5</ele>
				<extensions>
					<swisstopo:routepoint_id>1933838836</swisstopo:routepoint_id>
				</extensions>
			</trkpt>
			<trkpt lat="46.5734707567" lon="7.9009097848">
				<ele>1615.5</ele>
				<extensions>
					<swisstopo:routepoint_id>441188040</swisstopo:routepoint_id>
				</extensions>
			</trkpt>
			<trkpt lat="46.5733725164" lon="7.9008187022">
				<ele>1615.3</ele>
				<extensions>
					<swisstopo:routepoint_id>210340886</swisstopo:routepoint_id>
				</extensions>
			</trkpt>
			<trkpt lat="46.5732825826" lon="7.9007502262">
				<ele>1615.3</ele>
				<extensions>
					<swisstopo:routepoint_id>1495469682</swisstopo:routepoint_id>
				</extensions>
			</trkpt>
			<trkpt lat="46.5731235339" lon="7.9006416436">
				<ele>1615.2</ele>
				<extensions>
					<swisstopo:routepoint_id>1737931847</swisstopo:routepoint_id>
				</extensions>
			</trkpt>
			<trkpt lat="46.5730192263" lon="7.9005648797">
				<ele>1614.7</ele>
				<extensions>
					<swisstopo:routepoint_id>1865719442</swisstopo:routepoint_id>
				</extensions>
			</trkpt>
			<trkpt lat="46.5729164551" lon="7.9004796961">
				<ele>1613.4</ele>
				<extensions>
					<swisstopo:routepoint_id>1779224610</swisstopo:routepoint_id>
				</extensions>
			</trkpt>
			<trkpt lat="46.5727450579" lon="7.9003421819">
				<ele>1612.9</ele>
				<extensions>
					<swisstopo:routepoint_id>578534997</swisstopo:routepoint_id>
				</extensions>
			</trkpt>
			<trkpt lat="46.5726077798" lon="7.9002222972">
				<ele>1612.7</ele>
				<extensions>
					<swisstopo:routepoint_id>836565358</swisstopo:routepoint_id>
				</extensions>
			</trkpt>
			<trkpt lat="46.5724839287" lon="7.9001447692">
				<ele>1612.7</ele>
				<extensions>
					<swisstopo:routepoint_id>1244304892</swisstopo:routepoint_id>
				</extensions>
			</trkpt>
			<trkpt lat="46.5723870345" lon="7.9000919936">
				<ele>1613.1</ele>
				<extensions>
					<swisstopo:routepoint_id>231087924</swisstopo:routepoint_id>
				</extensions>
			</trkpt>
			<trkpt lat="46.5721683176" lon="7.8999754789">
				<ele>1614.1</ele>
				<extensions>
					<swisstopo:routepoint_id>647057076</swisstopo:routepoint_id>
				</extensions>
			</trkpt>
			<trkpt lat="46.5720674024" lon="7.8999136484">
				<ele>1614.6</ele>
				<extensions>
					<swisstopo:routepoint_id>127811668</swisstopo:routepoint_id>
				</extensions>
			</trkpt>
			<trkpt lat="46.5720053846" lon="7.8998474152">
				<ele>1614.8</ele>
				<extensions>
					<swisstopo:routepoint_id>1777460155</swisstopo:routepoint_id>
				</extensions>
			</trkpt>
			<trkpt lat="46.5718796868" lon="7.8997432536">
				<ele>1614.8</ele>
				<extensions>
					<swisstopo:routepoint_id>1738587491</swisstopo:routepoint_id>
				</extensions>
			</trkpt>
			<trkpt lat="46.5717701851" lon="7.8996824859">
				<ele>1614.8</ele>
				<extensions>
					<swisstopo:routepoint_id>2060318017</swisstopo:routepoint_id>
				</extensions>
			</trkpt>
			<trkpt lat="46.5717079083" lon="7.8996689885">
				<ele>1614.8</ele>
				<extensions>
					<swisstopo:routepoint_id>1917486757</swisstopo:routepoint_id>
				</extensions>
			</trkpt>
			<trkpt lat="46.5716062244" lon="7.8996591339">
				<ele>1614.7</ele>
				<extensions>
					<swisstopo:routepoint_id>498684993</swisstopo:routepoint_id>
				</extensions>
			</trkpt>
			<trkpt lat="46.5715245632" lon="7.8996275227">
				<ele>1614.4</ele>
				<extensions>
					<swisstopo:routepoint_id>281513962</swisstopo:routepoint_id>
				</extensions>
			</trkpt>
			<trkpt lat="46.5713608375" lon="7.8995129034">
				<ele>1614.6</ele>
				<extensions>
					<swisstopo:routepoint_id>1532783682</swisstopo:routepoint_id>
				</extensions>
			</trkpt>
			<trkpt lat="46.5711979878" lon="7.8993641685">
				<ele>1614.7</ele>
				<extensions>
					<swisstopo:routepoint_id>732231456</swisstopo:routepoint_id>
				</extensions>
			</trkpt>
			<trkpt lat="46.5710485081" lon="7.8992392106">
				<ele>1614.9</ele>
				<extensions>
					<swisstopo:routepoint_id>921543660</swisstopo:routepoint_id>
				</extensions>
			</trkpt>
			<trkpt lat="46.5709486730" lon="7.8991882056">
				<ele>1615.1</ele>
				<extensions>
					<swisstopo:routepoint_id>1472896147</swisstopo:routepoint_id>
				</extensions>
			</trkpt>
			<trkpt lat="46.5706604396" lon="7.8990751498">
				<ele>1615.0</ele>
				<extensions>
					<swisstopo:routepoint_id>367435496</swisstopo:routepoint_id>
				</extensions>
			</trkpt>
			<trkpt lat="46.5705817957" lon="7.8990403569">
				<ele>1615.1</ele>
				<extensions>
					<swisstopo:routepoint_id>89335307</swisstopo:routepoint_id>
				</extensions>
			</trkpt>
			<trkpt lat="46.5705493222" lon="7.8989956397">
				<ele>1615.2</ele>
				<extensions>
					<swisstopo:routepoint_id>1857954962</swisstopo:routepoint_id>
				</extensions>
			</trkpt>
			<trkpt lat="46.5704497275" lon="7.8989896653">
				<ele>1615.2</ele>
				<extensions>
					<swisstopo:routepoint_id>1880676044</swisstopo:routepoint_id>
				</extensions>
			</trkpt>
			<trkpt lat="46.5701651468" lon="7.8988764080">
				<ele>1615.4</ele>
				<extensions>
					<swisstopo:routepoint_id>1446120849</swisstopo:routepoint_id>
				</extensions>
			</trkpt>
			<trkpt lat="46.5700819491" lon="7.8988532513">
				<ele>1615.7</ele>
				<extensions>
					<swisstopo:routepoint_id>24490718</swisstopo:routepoint_id>
				</extensions>
			</trkpt>
			<trkpt lat="46.5698756283" lon="7.8988318508">
				<ele>1615.7</ele>
				<extensions>
					<swisstopo:routepoint_id>872947746</swisstopo:routepoint_id>
				</extensions>
			</trkpt>
			<trkpt lat="46.5696959836" lon="7.8988073643">
				<ele>1615.7</ele>
				<extensions>
					<swisstopo:routepoint_id>1734444932</swisstopo:routepoint_id>
				</extensions>
			</trkpt>
			<trkpt lat="46.5694834865" lon="7.8987894463">
				<ele>1615.2</ele>
				<extensions>
					<swisstopo:routepoint_id>1504121167</swisstopo:routepoint_id>
				</extensions>
			</trkpt>
			<trkpt lat="46.5691842006" lon="7.8987799073">
				<ele>1615.1</ele>
				<extensions>
					<swisstopo:routepoint_id>314539262</swisstopo:routepoint_id>
				</extensions>
			</trkpt>
			<trkpt lat="46.5690422797" lon="7.8987675730">
				<ele>1615.5</ele>
				<extensions>
					<swisstopo:routepoint_id>989877453</swisstopo:routepoint_id>
				</extensions>
			</trkpt>
			<trkpt lat="46.5689740888" lon="7.8987505576">
				<ele>1615.7</ele>
				<extensions>
					<swisstopo:routepoint_id>1619200491</swisstopo:routepoint_id>
				</extensions>
			</trkpt>
			<trkpt lat="46.5687894460" lon="7.8986806770">
				<ele>1615.7</ele>
				<extensions>
					<swisstopo:routepoint_id>1653992237</swisstopo:routepoint_id>
				</extensions>
			</trkpt>
			<trkpt lat="46.5684748328" lon="7.8985551695">
				<ele>1615.5</ele>
				<extensions>
					<swisstopo:routepoint_id>169781179</swisstopo:routepoint_id>
				</extensions>
			</trkpt>
			<trkpt lat="46.5683159784" lon="7.8984970140">
				<ele>1615.7</ele>
				<extensions>
					<swisstopo:routepoint_id>11509687</swisstopo:routepoint_id>
				</extensions>
			</trkpt>
			<trkpt lat="46.5682251961" lon="7.8984718765">
				<ele>1616.1</ele>
				<extensions>
					<swisstopo:routepoint_id>1511557271</swisstopo:routepoint_id>
				</extensions>
			</trkpt>
			<trkpt lat="46.5680763274" lon="7.8984469496">
				<ele>1616.7</ele>
				<extensions>
					<swisstopo:routepoint_id>873036225</swisstopo:routepoint_id>
				</extensions>
			</trkpt>
			<trkpt lat="46.5679742889" lon="7.8984246384">
				<ele>1617.3</ele>
				<extensions>
					<swisstopo:routepoint_id>1831169226</swisstopo:routepoint_id>
				</extensions>
			</trkpt>
			<trkpt lat="46.5678835580" lon="7.8983845801">
				<ele>1617.5</ele>
				<extensions>
					<swisstopo:routepoint_id>1288318040</swisstopo:routepoint_id>
				</extensions>
			</trkpt>
			<trkpt lat="46.5677741273" lon="7.8983283069">
				<ele>1617.6</ele>
				<extensions>
					<swisstopo:routepoint_id>1582930668</swisstopo:routepoint_id>
				</extensions>
			</trkpt>
			<trkpt lat="46.5675415145" lon="7.8982172875">
				<ele>1618.9</ele>
				<extensions>
					<swisstopo:routepoint_id>2096979655</swisstopo:routepoint_id>
				</extensions>
			</trkpt>
			<trkpt lat="46.5673738430" lon="7.8981437985">
				<ele>1619.8</ele>
				<extensions>
					<swisstopo:routepoint_id>1475777094</swisstopo:routepoint_id>
				</extensions>
			</trkpt>
			<trkpt lat="46.5672681607" lon="7.8980882232">
				<ele>1620.3</ele>
				<extensions>
					<swisstopo:routepoint_id>1934573582</swisstopo:routepoint_id>
				</extensions>
			</trkpt>
			<trkpt lat="46.5671791824" lon="7.8980240513">
				<ele>1621.0</ele>
				<extensions>
					<swisstopo:routepoint_id>1527260018</swisstopo:routepoint_id>
				</extensions>
			</trkpt>
			<trkpt lat="46.5670233428" lon="7.8978719096">
				<ele>1622.0</ele>
				<extensions>
					<swisstopo:routepoint_id>1738317058</swisstopo:routepoint_id>
				</extensions>
			</trkpt>
			<trkpt lat="46.5668978193" lon="7.8977553860">
				<ele>1622.9</ele>
				<extensions>
					<swisstopo:routepoint_id>2024797060</swisstopo:routepoint_id>
				</extensions>
			</trkpt>
			<trkpt lat="46.5668026199" lon="7.8976745195">
				<ele>1623.5</ele>
				<extensions>
					<swisstopo:routepoint_id>589665874</swisstopo:routepoint_id>
				</extensions>
			</trkpt>
			<trkpt lat="46.5667077225" lon="7.8976191937">
				<ele>1624.0</ele>
				<extensions>
					<swisstopo:routepoint_id>1888139199</swisstopo:routepoint_id>
				</extensions>
			</trkpt>
			<trkpt lat="46.5666217919" lon="7.8975798699">
				<ele>1624.4</ele>
				<extensions>
					<swisstopo:routepoint_id>1895116208</swisstopo:routepoint_id>
				</extensions>
			</trkpt>
			<trkpt lat="46.5664971145" lon="7.8975410650">
				<ele>1625.1</ele>
				<extensions>
					<swisstopo:routepoint_id>120091763</swisstopo:routepoint_id>
				</extensions>
			</trkpt>
			<trkpt lat="46.5663980591" lon="7.8975107470">
				<ele>1626.0</ele>
				<extensions>
					<swisstopo:routepoint_id>1756504896</swisstopo:routepoint_id>
				</extensions>
			</trkpt>
			<trkpt lat="46.5662944583" lon="7.8974809254">
				<ele>1626.3</ele>
				<extensions>
					<swisstopo:routepoint_id>422394833</swisstopo:routepoint_id>
				</extensions>
			</trkpt>
			<trkpt lat="46.5661198130" lon="7.8974189241">
				<ele>1627.2</ele>
				<extensions>
					<swisstopo:routepoint_id>108249006</swisstopo:routepoint_id>
				</extensions>
			</trkpt>
			<trkpt lat="46.5659874439" lon="7.8973579210">
				<ele>1628.0</ele>
				<extensions>
					<swisstopo:routepoint_id>1076239841</swisstopo:routepoint_id>
				</extensions>
			</trkpt>
			<trkpt lat="46.5658165183" lon="7.8972592365">
				<ele>1629.3</ele>
				<extensions>
					<swisstopo:routepoint_id>387600056</swisstopo:routepoint_id>
				</extensions>
			</trkpt>
			<trkpt lat="46.5657099985" lon="7.8972060443">
				<ele>1629.7</ele>
				<extensions>
					<swisstopo:routepoint_id>1973479653</swisstopo:routepoint_id>
				</extensions>
			</trkpt>
			<trkpt lat="46.5656628960" lon="7.8971906456">
				<ele>1630.0</ele>
				<extensions>
					<swisstopo:routepoint_id>1874166486</swisstopo:routepoint_id>
				</extensions>
			</trkpt>
			<trkpt lat="46.5656238735" lon="7.8971837019">
				<ele>1630.3</ele>
				<extensions>
					<swisstopo:routepoint_id>2040776789</swisstopo:routepoint_id>
				</extensions>
			</trkpt>
			<trkpt lat="46.5655899247" lon="7.8971922960">
				<ele>1630.6</ele>
				<extensions>
					<swisstopo:routepoint_id>1219844093</swisstopo:routepoint_id>
				</extensions>
			</trkpt>
			<trkpt lat="46.5655243239" lon="7.8972289243">
				<ele>1631.0</ele>
				<extensions>
					<swisstopo:routepoint_id>1344501861</swisstopo:routepoint_id>
				</extensions>
			</trkpt>
			<trkpt lat="46.5654363787" lon="7.8972809099">
				<ele>1631.6</ele>
				<extensions>
					<swisstopo:routepoint_id>1816247817</swisstopo:routepoint_id>
				</extensions>
			</trkpt>
			<trkpt lat="46.5653606498" lon="7.8973439810">
				<ele>1631.9</ele>
				<extensions>
					<swisstopo:routepoint_id>1697830158</swisstopo:routepoint_id>
				</extensions>
			</trkpt>
			<trkpt lat="46.5653140868" lon="7.8973776403">
				<ele>1632.0</ele>
				<extensions>
					<swisstopo:routepoint_id>623122990</swisstopo:routepoint_id>
				</extensions>
			</trkpt>
			<trkpt lat="46.5652646422" lon="7.8973875114">
				<ele>1632.3</ele>
				<extensions>
					<swisstopo:routepoint_id>665479738</swisstopo:routepoint_id>
				</extensions>
			</trkpt>
			<trkpt lat="46.5651974400" lon="7.8973930582">
				<ele>1632.3</ele>
				<extensions>
					<swisstopo:routepoint_id>1301409319</swisstopo:routepoint_id>
				</extensions>
			</trkpt>
			<trkpt lat="46.5651127051" lon="7.8973762054">
				<ele>1632.6</ele>
				<extensions>
					<swisstopo:routepoint_id>170015747</swisstopo:routepoint_id>
				</extensions>
			</trkpt>
			<trkpt lat="46.5650064027" lon="7.8973471052">
				<ele>1632.9</ele>
				<extensions>
					<swisstopo:routepoint_id>1051966614</swisstopo:routepoint_id>
				</extensions>
			</trkpt>
			<trkpt lat="46.5648859336" lon="7.8973109203">
				<ele>1633.7</ele>
				<extensions>
					<swisstopo:routepoint_id>586924755</swisstopo:routepoint_id>
				</extensions>
			</trkpt>
			<trkpt lat="46.5647132732" lon="7.8972587198">
				<ele>1634.4</ele>
				<extensions>
					<swisstopo:routepoint_id>1071924034</swisstopo:routepoint_id>
				</extensions>
			</trkpt>
			<trkpt lat="46.5643075189" lon="7.8971319091">
				<ele>1636.3</ele>
				<extensions>
					<swisstopo:routepoint_id>1586878761</swisstopo:routepoint_id>
				</extensions>
			</trkpt>
			<trkpt lat="46.5641143870" lon="7.8970633245">
				<ele>1637.4</ele>
				<extensions>
					<swisstopo:routepoint_id>1373144889</swisstopo:routepoint_id>
				</extensions>
			</trkpt>
			<trkpt lat="46.5640234641" lon="7.8970350601">
				<ele>1637.8</ele>
				<extensions>
					<swisstopo:routepoint_id>640864142</swisstopo:routepoint_id>
				</extensions>
			</trkpt>
			<trkpt lat="46.5638836137" lon="7.8969932866">
				<ele>1638.1</ele>
				<extensions>
					<swisstopo:routepoint_id>1256431699</swisstopo:routepoint_id>
				</extensions>
			</trkpt>
			<trkpt lat="46.5636435424" lon="7.8969647102">
				<ele>1638.1</ele>
				<extensions>
					<swisstopo:routepoint_id>845549814</swisstopo:routepoint_id>
				</extensions>
			</trkpt>
			<trkpt lat="46.5634689997" lon="7.8969442277">
				<ele>1637.7</ele>
				<extensions>
					<swisstopo:routepoint_id>1363517793</swisstopo:routepoint_id>
				</extensions>
			</trkpt>
			<trkpt lat="46.5633688763" lon="7.8969265414">
				<ele>1637.4</ele>
				<extensions>
					<swisstopo:routepoint_id>608153638</swisstopo:routepoint_id>
				</extensions>
			</trkpt>
			<trkpt lat="46.5632463404" lon="7.8968964969">
				<ele>1637.1</ele>
				<extensions>
					<swisstopo:routepoint_id>1785155125</swisstopo:routepoint_id>
				</extensions>
			</trkpt>
			<trkpt lat="46.5630814087" lon="7.8968729271">
				<ele>1636.8</ele>
				<extensions>
					<swisstopo:routepoint_id>1953757965</swisstopo:routepoint_id>
				</extensions>
			</trkpt>
			<trkpt lat="46.5630053326" lon="7.8968837725">
				<ele>1636.8</ele>
				<extensions>
					<swisstopo:routepoint_id>1920674746</swisstopo:routepoint_id>
				</extensions>
			</trkpt>
			<trkpt lat="46.5629493428" lon="7.8969173377">
				<ele>1636.6</ele>
				<extensions>
					<swisstopo:routepoint_id>436076330</swisstopo:routepoint_id>
				</extensions>
			</trkpt>
			<trkpt lat="46.5629018861" lon="7.8969806983">
				<ele>1636.5</ele>
				<extensions>
					<swisstopo:routepoint_id>1493183196</swisstopo:routepoint_id>
				</extensions>
			</trkpt>
			<trkpt lat="46.5628471658" lon="7.8970943004">
				<ele>1636.5</ele>
				<extensions>
					<swisstopo:routepoint_id>1442647918</swisstopo:routepoint_id>
				</extensions>
			</trkpt>
			<trkpt lat="46.5627829393" lon="7.8972674240">
				<ele>1636.3</ele>
				<extensions>
					<swisstopo:routepoint_id>782952041</swisstopo:routepoint_id>
				</extensions>
			</trkpt>
			<trkpt lat="46.5627301683" lon="7.8973482545">
				<ele>1636.3</ele>
				<extensions>
					<swisstopo:routepoint_id>1291961094</swisstopo:routepoint_id>
				</extensions>
			</trkpt>
			<trkpt lat="46.5626593594" lon="7.8973714553">
				<ele>1636.3</ele>
				<extensions>
					<swisstopo:routepoint_id>272361493</swisstopo:routepoint_id>
				</extensions>
			</trkpt>
			<trkpt lat="46.5625665196" lon="7.8973610556">
				<ele>1636.2</ele>
				<extensions>
					<swisstopo:routepoint_id>46781185</swisstopo:routepoint_id>
				</extensions>
			</trkpt>
			<trkpt lat="46.5624262588" lon="7.8973117797">
				<ele>1636.2</ele>
				<extensions>
					<swisstopo:routepoint_id>1668592594</swisstopo:routepoint_id>
				</extensions>
			</trkpt>
			<trkpt lat="46.5622537176" lon="7.8972167082">
				<ele>1636.3</ele>
				<extensions>
					<swisstopo:routepoint_id>177576211</swisstopo:routepoint_id>
				</extensions>
			</trkpt>
			<trkpt lat="46.5622070432" lon="7.8971909904">
				<ele>1636.3</ele>
				<extensions>
					<swisstopo:routepoint_id>765570483</swisstopo:routepoint_id>
				</extensions>
			</trkpt>
			<trkpt lat="46.5619912531" lon="7.8970706095">
				<ele>1636.9</ele>
				<extensions>
					<swisstopo:routepoint_id>943778175</swisstopo:routepoint_id>
				</extensions>
			</trkpt>
			<trkpt lat="46.5618693261" lon="7.8970012361">
				<ele>1637.5</ele>
				<extensions>
					<swisstopo:routepoint_id>1035274367</swisstopo:routepoint_id>
				</extensions>
			</trkpt>
			<trkpt lat="46.5616379690" lon="7.8968683089">
				<ele>1638.2</ele>
				<extensions>
					<swisstopo:routepoint_id>2025777415</swisstopo:routepoint_id>
				</extensions>
			</trkpt>
			<trkpt lat="46.5615183926" lon="7.8967736555">
				<ele>1638.4</ele>
				<extensions>
					<swisstopo:routepoint_id>1391314793</swisstopo:routepoint_id>
				</extensions>
			</trkpt>
			<trkpt lat="46.5612667437" lon="7.8965487445">
				<ele>1638.7</ele>
				<extensions>
					<swisstopo:routepoint_id>1724381694</swisstopo:routepoint_id>
				</extensions>
			</trkpt>
			<trkpt lat="46.5609911739" lon="7.8963081006">
				<ele>1638.0</ele>
				<extensions>
					<swisstopo:routepoint_id>656601140</swisstopo:routepoint_id>
				</extensions>
			</trkpt>
			<trkpt lat="46.5608137063" lon="7.8961338915">
				<ele>1637.5</ele>
				<extensions>
					<swisstopo:routepoint_id>1163797088</swisstopo:routepoint_id>
				</extensions>
			</trkpt>
			<trkpt lat="46.5607157782" lon="7.8960355184">
				<ele>1637.1</ele>
				<extensions>
					<swisstopo:routepoint_id>1071702811</swisstopo:routepoint_id>
				</extensions>
			</trkpt>
			<trkpt lat="46.5606494049" lon="7.8959400107">
				<ele>1636.8</ele>
				<extensions>
					<swisstopo:routepoint_id>1956526525</swisstopo:routepoint_id>
				</extensions>
			</trkpt>
			<trkpt lat="46.5605111665" lon="7.8956673256">
				<ele>1636.2</ele>
				<extensions>
					<swisstopo:routepoint_id>1865604675</swisstopo:routepoint_id>
				</extensions>
			</trkpt>
			<trkpt lat="46.5603961560" lon="7.8954369252">
				<ele>1635.7</ele>
				<extensions>
					<swisstopo:routepoint_id>2107729420</swisstopo:routepoint_id>
				</extensions>
			</trkpt>
			<trkpt lat="46.5602436184" lon="7.8952592376">
				<ele>1635.7</ele>
				<extensions>
					<swisstopo:routepoint_id>253181</swisstopo:routepoint_id>
				</extensions>
			</trkpt>
			<trkpt lat="46.5601602380" lon="7.8951649095">
				<ele>1635.5</ele>
				<extensions>
					<swisstopo:routepoint_id>684480880</swisstopo:routepoint_id>
				</extensions>
			</trkpt>
			<trkpt lat="46.5600873002" lon="7.8950686608">
				<ele>1635.3</ele>
				<extensions>
					<swisstopo:routepoint_id>404442805</swisstopo:routepoint_id>
				</extensions>
			</trkpt>
			<trkpt lat="46.5600282674" lon="7.8949550546">
				<ele>1634.6</ele>
				<extensions>
					<swisstopo:routepoint_id>886769855</swisstopo:routepoint_id>
				</extensions>
			</trkpt>
			<trkpt lat="46.5600037449" lon="7.8948901102">
				<ele>1634.4</ele>
				<extensions>
					<swisstopo:routepoint_id>1534991838</swisstopo:routepoint_id>
				</extensions>
			</trkpt>
			<trkpt lat="46.5599599860" lon="7.8947632655">
				<ele>1634.7</ele>
				<extensions>
					<swisstopo:routepoint_id>235960600</swisstopo:routepoint_id>
				</extensions>
			</trkpt>
			<trkpt lat="46.5599578551" lon="7.8947550933">
				<ele>1634.6</ele>
				<extensions>
					<swisstopo:routepoint_id>1617877902</swisstopo:routepoint_id>
				</extensions>
			</trkpt>
		</trkseg>
	</trk>
</gpx>
