<?xml version="1.0"?>
<gpx version="1.1" creator="Generated by Swisstopo App. See https://www.swisstopo.ch/app for more information." xmlns="http://www.topografix.com/GPX/1/1" xmlns:xsi="http://www.w3.org/2001/XMLSchema-instance" xmlns:swisstopo="https://prod-static.swisstopo-app.ch/xmlschemas/SwisstopoExtensions" xsi:schemaLocation="http://www.topografix.com/GPX/1/1 http://www.topografix.com/GPX/1/1/gpx.xsd https://swisstopo-app.ch/xmlschemas/SwisstopoExtensions https://prod-static.swisstopo-app.ch/xmlschemas/SwisstopoExtensions.xsd">
	<metadata>
		<name>Via Alpina - Stg 7 - Alt Dorf to Engelberg</name>
		<desc>SM - 30km</desc>
		<time>2026-07-07T09:55:21Z</time>
		<extensions>
			<swisstopo:tour_type>0</swisstopo:tour_type>
		</extensions>
	</metadata>
	<wpt lat="46.8808111610" lon="8.6453799786">
		<ele>463.2</ele>
		<name>Starting point</name>
		<extensions>
			<swisstopo:waypoint_id>372693658</swisstopo:waypoint_id>
			<swisstopo:waypoint_routepoint_id>738542772</swisstopo:waypoint_routepoint_id>
			<swisstopo:waypoint_meters_into_tour>0.000000</swisstopo:waypoint_meters_into_tour>
			<swisstopo:waypoint_is_controlpoint>1</swisstopo:waypoint_is_controlpoint>
		</extensions>
	</wpt>
	<wpt lat="46.8781693155" lon="8.6421477923">
		<ele>464.0</ele>
		<name>Waypoint</name>
		<extensions>
			<swisstopo:waypoint_id>1868712376</swisstopo:waypoint_id>
			<swisstopo:waypoint_routepoint_id>104970910</swisstopo:waypoint_routepoint_id>
			<swisstopo:waypoint_meters_into_tour>573.584402</swisstopo:waypoint_meters_into_tour>
			<swisstopo:waypoint_is_controlpoint>1</swisstopo:waypoint_is_controlpoint>
		</extensions>
	</wpt>
	<wpt lat="46.8731483138" lon="8.6471731603">
		<ele>482.3</ele>
		<name>Waypoint</name>
		<extensions>
			<swisstopo:waypoint_id>1925290299</swisstopo:waypoint_id>
			<swisstopo:waypoint_routepoint_id>90791807</swisstopo:waypoint_routepoint_id>
			<swisstopo:waypoint_meters_into_tour>1408.468915</swisstopo:waypoint_meters_into_tour>
			<swisstopo:waypoint_is_controlpoint>1</swisstopo:waypoint_is_controlpoint>
		</extensions>
	</wpt>
	<wpt lat="46.8712359440" lon="8.6426110776">
		<ele>468.7</ele>
		<name>Waypoint</name>
		<extensions>
			<swisstopo:waypoint_id>630715950</swisstopo:waypoint_id>
			<swisstopo:waypoint_routepoint_id>429873270</swisstopo:waypoint_routepoint_id>
			<swisstopo:waypoint_meters_into_tour>1866.418371</swisstopo:waypoint_meters_into_tour>
			<swisstopo:waypoint_is_controlpoint>1</swisstopo:waypoint_is_controlpoint>
		</extensions>
	</wpt>
	<wpt lat="46.8422771296" lon="8.5599238190">
		<ele>2042.2</ele>
		<name>Waypoint</name>
		<extensions>
			<swisstopo:waypoint_id>647487219</swisstopo:waypoint_id>
			<swisstopo:waypoint_routepoint_id>1247482427</swisstopo:waypoint_routepoint_id>
			<swisstopo:waypoint_meters_into_tour>12063.860583</swisstopo:waypoint_meters_into_tour>
			<swisstopo:waypoint_is_controlpoint>1</swisstopo:waypoint_is_controlpoint>
		</extensions>
	</wpt>
	<wpt lat="46.8380850036" lon="8.5527291454">
		<ele>2047.8</ele>
		<name>Waypoint</name>
		<extensions>
			<swisstopo:waypoint_id>1903811288</swisstopo:waypoint_id>
			<swisstopo:waypoint_routepoint_id>1838209852</swisstopo:waypoint_routepoint_id>
			<swisstopo:waypoint_meters_into_tour>12868.049934</swisstopo:waypoint_meters_into_tour>
			<swisstopo:waypoint_is_controlpoint>1</swisstopo:waypoint_is_controlpoint>
		</extensions>
	</wpt>
	<wpt lat="46.8253141156" lon="8.5136612171">
		<ele>1769.2</ele>
		<name>Waypoint</name>
		<extensions>
			<swisstopo:waypoint_id>241566550</swisstopo:waypoint_id>
			<swisstopo:waypoint_routepoint_id>1071995443</swisstopo:waypoint_routepoint_id>
			<swisstopo:waypoint_meters_into_tour>16940.368781</swisstopo:waypoint_meters_into_tour>
			<swisstopo:waypoint_is_controlpoint>1</swisstopo:waypoint_is_controlpoint>
		</extensions>
	</wpt>
	<wpt lat="46.7945063991" lon="8.4627386427">
		<ele>1152.0</ele>
		<name>Waypoint</name>
		<extensions>
			<swisstopo:waypoint_id>99115518</swisstopo:waypoint_id>
			<swisstopo:waypoint_routepoint_id>1036256087</swisstopo:waypoint_routepoint_id>
			<swisstopo:waypoint_meters_into_tour>23392.043798</swisstopo:waypoint_meters_into_tour>
			<swisstopo:waypoint_is_controlpoint>1</swisstopo:waypoint_is_controlpoint>
		</extensions>
	</wpt>
	<wpt lat="46.8210938964" lon="8.4111243125">
		<ele>1031.1</ele>
		<name>Waypoint</name>
		<extensions>
			<swisstopo:waypoint_id>1895490766</swisstopo:waypoint_id>
			<swisstopo:waypoint_routepoint_id>1651250291</swisstopo:waypoint_routepoint_id>
			<swisstopo:waypoint_meters_into_tour>28651.170080</swisstopo:waypoint_meters_into_tour>
			<swisstopo:waypoint_is_controlpoint>1</swisstopo:waypoint_is_controlpoint>
		</extensions>
	</wpt>
	<wpt lat="46.8212925183" lon="8.4053701363">
		<ele>1003.4</ele>
		<name>Waypoint</name>
		<extensions>
			<swisstopo:waypoint_id>1619575574</swisstopo:waypoint_id>
			<swisstopo:waypoint_routepoint_id>160581969</swisstopo:waypoint_routepoint_id>
			<swisstopo:waypoint_meters_into_tour>29162.747948</swisstopo:waypoint_meters_into_tour>
			<swisstopo:waypoint_is_controlpoint>1</swisstopo:waypoint_is_controlpoint>
		</extensions>
	</wpt>
	<wpt lat="46.8204864181" lon="8.4030887931">
		<ele>1000.8</ele>
		<name>Waypoint</name>
		<extensions>
			<swisstopo:waypoint_id>2060101481</swisstopo:waypoint_id>
			<swisstopo:waypoint_routepoint_id>1380852552</swisstopo:waypoint_routepoint_id>
			<swisstopo:waypoint_meters_into_tour>29366.495717</swisstopo:waypoint_meters_into_tour>
			<swisstopo:waypoint_is_controlpoint>1</swisstopo:waypoint_is_controlpoint>
		</extensions>
	</wpt>
	<wpt lat="46.8198348922" lon="8.4025880497">
		<ele>999.6</ele>
		<name>Destination</name>
		<extensions>
			<swisstopo:waypoint_id>1799995354</swisstopo:waypoint_id>
			<swisstopo:waypoint_routepoint_id>233082551</swisstopo:waypoint_routepoint_id>
			<swisstopo:waypoint_meters_into_tour>29471.989681</swisstopo:waypoint_meters_into_tour>
			<swisstopo:waypoint_is_controlpoint>1</swisstopo:waypoint_is_controlpoint>
			<swisstopo:waypoint_stage_before distance="29471.989681" duration="38108.507478" ascent="1990.200000" descent="1453.800000" />
		</extensions>
	</wpt>
	<trk>
		<name>Swisstopo Route</name>
		<trkseg>
			<trkpt lat="46.8808111610" lon="8.6453799786">
				<ele>463.2</ele>
				<extensions>
					<swisstopo:routepoint_id>738542772</swisstopo:routepoint_id>
				</extensions>
			</trkpt>
			<trkpt lat="46.8808755559" lon="8.6452721773">
				<ele>463.0</ele>
				<extensions>
					<swisstopo:routepoint_id>828014076</swisstopo:routepoint_id>
				</extensions>
			</trkpt>
			<trkpt lat="46.8809481945" lon="8.6451790383">
				<ele>462.5</ele>
				<extensions>
					<swisstopo:routepoint_id>810258929</swisstopo:routepoint_id>
				</extensions>
			</trkpt>
			<trkpt lat="46.8810440601" lon="8.6450937012">
				<ele>462.1</ele>
				<extensions>
					<swisstopo:routepoint_id>794669546</swisstopo:routepoint_id>
				</extensions>
			</trkpt>
			<trkpt lat="46.8811229702" lon="8.6450371505">
				<ele>461.9</ele>
				<extensions>
					<swisstopo:routepoint_id>315008143</swisstopo:routepoint_id>
				</extensions>
			</trkpt>
			<trkpt lat="46.8810120550" lon="8.6448107611">
				<ele>461.9</ele>
				<extensions>
					<swisstopo:routepoint_id>595441709</swisstopo:routepoint_id>
				</extensions>
			</trkpt>
			<trkpt lat="46.8809590096" lon="8.6447341287">
				<ele>461.8</ele>
				<extensions>
					<swisstopo:routepoint_id>1446938791</swisstopo:routepoint_id>
				</extensions>
			</trkpt>
			<trkpt lat="46.8809423528" lon="8.6447089444">
				<ele>461.8</ele>
				<extensions>
					<swisstopo:routepoint_id>1185565551</swisstopo:routepoint_id>
				</extensions>
			</trkpt>
			<trkpt lat="46.8809077928" lon="8.6446530505">
				<ele>461.8</ele>
				<extensions>
					<swisstopo:routepoint_id>1912068237</swisstopo:routepoint_id>
				</extensions>
			</trkpt>
			<trkpt lat="46.8808554510" lon="8.6445685228">
				<ele>461.8</ele>
				<extensions>
					<swisstopo:routepoint_id>1427340061</swisstopo:routepoint_id>
				</extensions>
			</trkpt>
			<trkpt lat="46.8806503295" lon="8.6443254338">
				<ele>461.9</ele>
				<extensions>
					<swisstopo:routepoint_id>1346175258</swisstopo:routepoint_id>
				</extensions>
			</trkpt>
			<trkpt lat="46.8805357036" lon="8.6443000338">
				<ele>462.2</ele>
				<extensions>
					<swisstopo:routepoint_id>1555335106</swisstopo:routepoint_id>
				</extensions>
			</trkpt>
			<trkpt lat="46.8804744902" lon="8.6442762526">
				<ele>462.3</ele>
				<extensions>
					<swisstopo:routepoint_id>437076778</swisstopo:routepoint_id>
				</extensions>
			</trkpt>
			<trkpt lat="46.8804330769" lon="8.6442534519">
				<ele>462.3</ele>
				<extensions>
					<swisstopo:routepoint_id>94194831</swisstopo:routepoint_id>
				</extensions>
			</trkpt>
			<trkpt lat="46.8803901019" lon="8.6442208953">
				<ele>462.3</ele>
				<extensions>
					<swisstopo:routepoint_id>369908928</swisstopo:routepoint_id>
				</extensions>
			</trkpt>
			<trkpt lat="46.8803653208" lon="8.6442009084">
				<ele>462.4</ele>
				<extensions>
					<swisstopo:routepoint_id>880506915</swisstopo:routepoint_id>
				</extensions>
			</trkpt>
			<trkpt lat="46.8803201396" lon="8.6440036945">
				<ele>462.3</ele>
				<extensions>
					<swisstopo:routepoint_id>557143405</swisstopo:routepoint_id>
				</extensions>
			</trkpt>
			<trkpt lat="46.8802573287" lon="8.6436676924">
				<ele>462.0</ele>
				<extensions>
					<swisstopo:routepoint_id>422195699</swisstopo:routepoint_id>
				</extensions>
			</trkpt>
			<trkpt lat="46.8802023297" lon="8.6436689006">
				<ele>462.2</ele>
				<extensions>
					<swisstopo:routepoint_id>1239424857</swisstopo:routepoint_id>
				</extensions>
			</trkpt>
			<trkpt lat="46.8801107813" lon="8.6436595545">
				<ele>462.5</ele>
				<extensions>
					<swisstopo:routepoint_id>1773820873</swisstopo:routepoint_id>
				</extensions>
			</trkpt>
			<trkpt lat="46.8800074576" lon="8.6436620938">
				<ele>462.8</ele>
				<extensions>
					<swisstopo:routepoint_id>2079741635</swisstopo:routepoint_id>
				</extensions>
			</trkpt>
			<trkpt lat="46.8798755108" lon="8.6436907308">
				<ele>463.3</ele>
				<extensions>
					<swisstopo:routepoint_id>1679957592</swisstopo:routepoint_id>
				</extensions>
			</trkpt>
			<trkpt lat="46.8797184523" lon="8.6437333816">
				<ele>463.8</ele>
				<extensions>
					<swisstopo:routepoint_id>103212903</swisstopo:routepoint_id>
				</extensions>
			</trkpt>
			<trkpt lat="46.8794894375" lon="8.6438035727">
				<ele>464.6</ele>
				<extensions>
					<swisstopo:routepoint_id>1156992184</swisstopo:routepoint_id>
				</extensions>
			</trkpt>
			<trkpt lat="46.8792539832" lon="8.6438753112">
				<ele>465.3</ele>
				<extensions>
					<swisstopo:routepoint_id>581692304</swisstopo:routepoint_id>
				</extensions>
			</trkpt>
			<trkpt lat="46.8792219789" lon="8.6438850639">
				<ele>465.4</ele>
				<extensions>
					<swisstopo:routepoint_id>619351159</swisstopo:routepoint_id>
				</extensions>
			</trkpt>
			<trkpt lat="46.8790147766" lon="8.6439411662">
				<ele>466.0</ele>
				<extensions>
					<swisstopo:routepoint_id>1092114124</swisstopo:routepoint_id>
				</extensions>
			</trkpt>
			<trkpt lat="46.8788493546" lon="8.6439860551">
				<ele>466.5</ele>
				<extensions>
					<swisstopo:routepoint_id>1178516915</swisstopo:routepoint_id>
				</extensions>
			</trkpt>
			<trkpt lat="46.8786787779" lon="8.6440454182">
				<ele>466.8</ele>
				<extensions>
					<swisstopo:routepoint_id>363840332</swisstopo:routepoint_id>
				</extensions>
			</trkpt>
			<trkpt lat="46.8786050136" lon="8.6440875065">
				<ele>467.0</ele>
				<extensions>
					<swisstopo:routepoint_id>1244787858</swisstopo:routepoint_id>
				</extensions>
			</trkpt>
			<trkpt lat="46.8785910466" lon="8.6440306859">
				<ele>467.2</ele>
				<extensions>
					<swisstopo:routepoint_id>1398168076</swisstopo:routepoint_id>
				</extensions>
			</trkpt>
			<trkpt lat="46.8785766583" lon="8.6439720454">
				<ele>467.1</ele>
				<extensions>
					<swisstopo:routepoint_id>1071077890</swisstopo:routepoint_id>
				</extensions>
			</trkpt>
			<trkpt lat="46.8785771441" lon="8.6439259005">
				<ele>466.9</ele>
				<extensions>
					<swisstopo:routepoint_id>1649232017</swisstopo:routepoint_id>
				</extensions>
			</trkpt>
			<trkpt lat="46.8786029830" lon="8.6438462907">
				<ele>466.6</ele>
				<extensions>
					<swisstopo:routepoint_id>1314117395</swisstopo:routepoint_id>
				</extensions>
			</trkpt>
			<trkpt lat="46.8786328666" lon="8.6436987446">
				<ele>466.2</ele>
				<extensions>
					<swisstopo:routepoint_id>1272443403</swisstopo:routepoint_id>
				</extensions>
			</trkpt>
			<trkpt lat="46.8786679461" lon="8.6435318581">
				<ele>465.8</ele>
				<extensions>
					<swisstopo:routepoint_id>690561913</swisstopo:routepoint_id>
				</extensions>
			</trkpt>
			<trkpt lat="46.8786892872" lon="8.6434035509">
				<ele>465.6</ele>
				<extensions>
					<swisstopo:routepoint_id>1032320518</swisstopo:routepoint_id>
				</extensions>
			</trkpt>
			<trkpt lat="46.8786900030" lon="8.6433355401">
				<ele>465.5</ele>
				<extensions>
					<swisstopo:routepoint_id>1938508165</swisstopo:routepoint_id>
				</extensions>
			</trkpt>
			<trkpt lat="46.8786843858" lon="8.6432357817">
				<ele>465.3</ele>
				<extensions>
					<swisstopo:routepoint_id>1202333084</swisstopo:routepoint_id>
				</extensions>
			</trkpt>
			<trkpt lat="46.8786681265" lon="8.6430385795">
				<ele>464.9</ele>
				<extensions>
					<swisstopo:routepoint_id>525858127</swisstopo:routepoint_id>
				</extensions>
			</trkpt>
			<trkpt lat="46.8786618767" lon="8.6428416276">
				<ele>464.6</ele>
				<extensions>
					<swisstopo:routepoint_id>130998786</swisstopo:routepoint_id>
				</extensions>
			</trkpt>
			<trkpt lat="46.8786600478" lon="8.6426982252">
				<ele>464.4</ele>
				<extensions>
					<swisstopo:routepoint_id>1841346929</swisstopo:routepoint_id>
				</extensions>
			</trkpt>
			<trkpt lat="46.8786684512" lon="8.6425331680">
				<ele>464.1</ele>
				<extensions>
					<swisstopo:routepoint_id>1890641363</swisstopo:routepoint_id>
				</extensions>
			</trkpt>
			<trkpt lat="46.8786681152" lon="8.6424068156">
				<ele>464.0</ele>
				<extensions>
					<swisstopo:routepoint_id>207360571</swisstopo:routepoint_id>
				</extensions>
			</trkpt>
			<trkpt lat="46.8785854067" lon="8.6423490739">
				<ele>464.1</ele>
				<extensions>
					<swisstopo:routepoint_id>375026588</swisstopo:routepoint_id>
				</extensions>
			</trkpt>
			<trkpt lat="46.8785207814" lon="8.6423160346">
				<ele>464.3</ele>
				<extensions>
					<swisstopo:routepoint_id>89591305</swisstopo:routepoint_id>
				</extensions>
			</trkpt>
			<trkpt lat="46.8784360674" lon="8.6422898408">
				<ele>464.1</ele>
				<extensions>
					<swisstopo:routepoint_id>1566248833</swisstopo:routepoint_id>
				</extensions>
			</trkpt>
			<trkpt lat="46.8783679367" lon="8.6422737267">
				<ele>464.0</ele>
				<extensions>
					<swisstopo:routepoint_id>1545381893</swisstopo:routepoint_id>
				</extensions>
			</trkpt>
			<trkpt lat="46.8783100349" lon="8.6422335568">
				<ele>464.0</ele>
				<extensions>
					<swisstopo:routepoint_id>583376464</swisstopo:routepoint_id>
				</extensions>
			</trkpt>
			<trkpt lat="46.8782275308" lon="8.6421563768">
				<ele>464.0</ele>
				<extensions>
					<swisstopo:routepoint_id>688859863</swisstopo:routepoint_id>
				</extensions>
			</trkpt>
			<trkpt lat="46.8781993791" lon="8.6421411704">
				<ele>463.9</ele>
				<extensions>
					<swisstopo:routepoint_id>1162010183</swisstopo:routepoint_id>
				</extensions>
			</trkpt>
			<trkpt lat="46.8781693155" lon="8.6421477923">
				<ele>464.0</ele>
				<extensions>
					<swisstopo:routepoint_id>104970910</swisstopo:routepoint_id>
				</extensions>
			</trkpt>
			<trkpt lat="46.8780788340" lon="8.6421943634">
				<ele>464.4</ele>
				<extensions>
					<swisstopo:routepoint_id>944466914</swisstopo:routepoint_id>
				</extensions>
			</trkpt>
			<trkpt lat="46.8779997902" lon="8.6422654879">
				<ele>464.7</ele>
				<extensions>
					<swisstopo:routepoint_id>789949924</swisstopo:routepoint_id>
				</extensions>
			</trkpt>
			<trkpt lat="46.8778836928" lon="8.6423722425">
				<ele>465.1</ele>
				<extensions>
					<swisstopo:routepoint_id>1495376395</swisstopo:routepoint_id>
				</extensions>
			</trkpt>
			<trkpt lat="46.8777908924" lon="8.6424819328">
				<ele>465.4</ele>
				<extensions>
					<swisstopo:routepoint_id>251163250</swisstopo:routepoint_id>
				</extensions>
			</trkpt>
			<trkpt lat="46.8776273945" lon="8.6426605167">
				<ele>466.1</ele>
				<extensions>
					<swisstopo:routepoint_id>495263746</swisstopo:routepoint_id>
				</extensions>
			</trkpt>
			<trkpt lat="46.8774992811" lon="8.6428010198">
				<ele>466.6</ele>
				<extensions>
					<swisstopo:routepoint_id>819566572</swisstopo:routepoint_id>
				</extensions>
			</trkpt>
			<trkpt lat="46.8773861377" lon="8.6429442726">
				<ele>467.2</ele>
				<extensions>
					<swisstopo:routepoint_id>1557348144</swisstopo:routepoint_id>
				</extensions>
			</trkpt>
			<trkpt lat="46.8772848632" lon="8.6430683480">
				<ele>467.6</ele>
				<extensions>
					<swisstopo:routepoint_id>2125854869</swisstopo:routepoint_id>
				</extensions>
			</trkpt>
			<trkpt lat="46.8772630804" lon="8.6430899515">
				<ele>467.7</ele>
				<extensions>
					<swisstopo:routepoint_id>476209313</swisstopo:routepoint_id>
				</extensions>
			</trkpt>
			<trkpt lat="46.8771434225" lon="8.6432085508">
				<ele>468.1</ele>
				<extensions>
					<swisstopo:routepoint_id>1100283090</swisstopo:routepoint_id>
				</extensions>
			</trkpt>
			<trkpt lat="46.8771147485" lon="8.6432419406">
				<ele>468.2</ele>
				<extensions>
					<swisstopo:routepoint_id>754438254</swisstopo:routepoint_id>
				</extensions>
			</trkpt>
			<trkpt lat="46.8770330261" lon="8.6434077525">
				<ele>468.6</ele>
				<extensions>
					<swisstopo:routepoint_id>1530895223</swisstopo:routepoint_id>
				</extensions>
			</trkpt>
			<trkpt lat="46.8769545019" lon="8.6435857942">
				<ele>468.8</ele>
				<extensions>
					<swisstopo:routepoint_id>374338698</swisstopo:routepoint_id>
				</extensions>
			</trkpt>
			<trkpt lat="46.8768606260" lon="8.6437975263">
				<ele>469.4</ele>
				<extensions>
					<swisstopo:routepoint_id>1451781016</swisstopo:routepoint_id>
				</extensions>
			</trkpt>
			<trkpt lat="46.8767684484" lon="8.6440068680">
				<ele>470.3</ele>
				<extensions>
					<swisstopo:routepoint_id>757653497</swisstopo:routepoint_id>
				</extensions>
			</trkpt>
			<trkpt lat="46.8767186810" lon="8.6441442403">
				<ele>470.8</ele>
				<extensions>
					<swisstopo:routepoint_id>1501890905</swisstopo:routepoint_id>
				</extensions>
			</trkpt>
			<trkpt lat="46.8766874188" lon="8.6442723606">
				<ele>471.1</ele>
				<extensions>
					<swisstopo:routepoint_id>1888576795</swisstopo:routepoint_id>
				</extensions>
			</trkpt>
			<trkpt lat="46.8766821164" lon="8.6442940734">
				<ele>471.1</ele>
				<extensions>
					<swisstopo:routepoint_id>772884493</swisstopo:routepoint_id>
				</extensions>
			</trkpt>
			<trkpt lat="46.8766407542" lon="8.6444243532">
				<ele>471.3</ele>
				<extensions>
					<swisstopo:routepoint_id>2145357489</swisstopo:routepoint_id>
				</extensions>
			</trkpt>
			<trkpt lat="46.8766173206" lon="8.6444335489">
				<ele>471.4</ele>
				<extensions>
					<swisstopo:routepoint_id>2096374253</swisstopo:routepoint_id>
				</extensions>
			</trkpt>
			<trkpt lat="46.8765642503" lon="8.6444105020">
				<ele>471.6</ele>
				<extensions>
					<swisstopo:routepoint_id>562582221</swisstopo:routepoint_id>
				</extensions>
			</trkpt>
			<trkpt lat="46.8764085048" lon="8.6443268112">
				<ele>471.6</ele>
				<extensions>
					<swisstopo:routepoint_id>1730976590</swisstopo:routepoint_id>
				</extensions>
			</trkpt>
			<trkpt lat="46.8763338533" lon="8.6442959876">
				<ele>471.5</ele>
				<extensions>
					<swisstopo:routepoint_id>314041667</swisstopo:routepoint_id>
				</extensions>
			</trkpt>
			<trkpt lat="46.8762855951" lon="8.6442900500">
				<ele>471.5</ele>
				<extensions>
					<swisstopo:routepoint_id>1284139031</swisstopo:routepoint_id>
				</extensions>
			</trkpt>
			<trkpt lat="46.8762274736" lon="8.6442717458">
				<ele>471.5</ele>
				<extensions>
					<swisstopo:routepoint_id>1026861589</swisstopo:routepoint_id>
				</extensions>
			</trkpt>
			<trkpt lat="46.8761130722" lon="8.6442181456">
				<ele>471.3</ele>
				<extensions>
					<swisstopo:routepoint_id>446628322</swisstopo:routepoint_id>
				</extensions>
			</trkpt>
			<trkpt lat="46.8760664551" lon="8.6442146761">
				<ele>471.2</ele>
				<extensions>
					<swisstopo:routepoint_id>1441819010</swisstopo:routepoint_id>
				</extensions>
			</trkpt>
			<trkpt lat="46.8760113702" lon="8.6442231623">
				<ele>471.3</ele>
				<extensions>
					<swisstopo:routepoint_id>1295833491</swisstopo:routepoint_id>
				</extensions>
			</trkpt>
			<trkpt lat="46.8759461047" lon="8.6442508494">
				<ele>471.4</ele>
				<extensions>
					<swisstopo:routepoint_id>21415220</swisstopo:routepoint_id>
				</extensions>
			</trkpt>
			<trkpt lat="46.8759023370" lon="8.6442936076">
				<ele>471.6</ele>
				<extensions>
					<swisstopo:routepoint_id>779800923</swisstopo:routepoint_id>
				</extensions>
			</trkpt>
			<trkpt lat="46.8758733238" lon="8.6443585535">
				<ele>471.7</ele>
				<extensions>
					<swisstopo:routepoint_id>1280972414</swisstopo:routepoint_id>
				</extensions>
			</trkpt>
			<trkpt lat="46.8758268590" lon="8.6444984507">
				<ele>472.1</ele>
				<extensions>
					<swisstopo:routepoint_id>1863903429</swisstopo:routepoint_id>
				</extensions>
			</trkpt>
			<trkpt lat="46.8757842160" lon="8.6445922439">
				<ele>472.5</ele>
				<extensions>
					<swisstopo:routepoint_id>138361469</swisstopo:routepoint_id>
				</extensions>
			</trkpt>
			<trkpt lat="46.8757420358" lon="8.6446423305">
				<ele>472.5</ele>
				<extensions>
					<swisstopo:routepoint_id>1292306061</swisstopo:routepoint_id>
				</extensions>
			</trkpt>
			<trkpt lat="46.8757495202" lon="8.6447226709">
				<ele>472.7</ele>
				<extensions>
					<swisstopo:routepoint_id>496858971</swisstopo:routepoint_id>
				</extensions>
			</trkpt>
			<trkpt lat="46.8757416781" lon="8.6448342710">
				<ele>472.9</ele>
				<extensions>
					<swisstopo:routepoint_id>989249435</swisstopo:routepoint_id>
				</extensions>
			</trkpt>
			<trkpt lat="46.8757374160" lon="8.6448552186">
				<ele>472.9</ele>
				<extensions>
					<swisstopo:routepoint_id>1128040393</swisstopo:routepoint_id>
				</extensions>
			</trkpt>
			<trkpt lat="46.8757170757" lon="8.6449552032">
				<ele>473.1</ele>
				<extensions>
					<swisstopo:routepoint_id>988775897</swisstopo:routepoint_id>
				</extensions>
			</trkpt>
			<trkpt lat="46.8756506914" lon="8.6452452864">
				<ele>473.6</ele>
				<extensions>
					<swisstopo:routepoint_id>90777781</swisstopo:routepoint_id>
				</extensions>
			</trkpt>
			<trkpt lat="46.8755983356" lon="8.6454700909">
				<ele>474.0</ele>
				<extensions>
					<swisstopo:routepoint_id>1200817641</swisstopo:routepoint_id>
				</extensions>
			</trkpt>
			<trkpt lat="46.8755702607" lon="8.6456055339">
				<ele>474.2</ele>
				<extensions>
					<swisstopo:routepoint_id>690302105</swisstopo:routepoint_id>
				</extensions>
			</trkpt>
			<trkpt lat="46.8755551807" lon="8.6457704310">
				<ele>474.5</ele>
				<extensions>
					<swisstopo:routepoint_id>341323206</swisstopo:routepoint_id>
				</extensions>
			</trkpt>
			<trkpt lat="46.8755473347" lon="8.6459010527">
				<ele>474.9</ele>
				<extensions>
					<swisstopo:routepoint_id>170853035</swisstopo:routepoint_id>
				</extensions>
			</trkpt>
			<trkpt lat="46.8755410376" lon="8.6460057974">
				<ele>475.3</ele>
				<extensions>
					<swisstopo:routepoint_id>744672193</swisstopo:routepoint_id>
				</extensions>
			</trkpt>
			<trkpt lat="46.8755263575" lon="8.6462921869">
				<ele>476.3</ele>
				<extensions>
					<swisstopo:routepoint_id>96768596</swisstopo:routepoint_id>
				</extensions>
			</trkpt>
			<trkpt lat="46.8755247941" lon="8.6464403605">
				<ele>476.9</ele>
				<extensions>
					<swisstopo:routepoint_id>1913025640</swisstopo:routepoint_id>
				</extensions>
			</trkpt>
			<trkpt lat="46.8755313541" lon="8.6466081583">
				<ele>477.5</ele>
				<extensions>
					<swisstopo:routepoint_id>2117954095</swisstopo:routepoint_id>
				</extensions>
			</trkpt>
			<trkpt lat="46.8755323316" lon="8.6466254184">
				<ele>477.6</ele>
				<extensions>
					<swisstopo:routepoint_id>985129374</swisstopo:routepoint_id>
				</extensions>
			</trkpt>
			<trkpt lat="46.8755339954" lon="8.6467670249">
				<ele>478.0</ele>
				<extensions>
					<swisstopo:routepoint_id>1547647234</swisstopo:routepoint_id>
				</extensions>
			</trkpt>
			<trkpt lat="46.8755332262" lon="8.6468398964">
				<ele>478.3</ele>
				<extensions>
					<swisstopo:routepoint_id>1819326460</swisstopo:routepoint_id>
				</extensions>
			</trkpt>
			<trkpt lat="46.8754148036" lon="8.6468758475">
				<ele>478.6</ele>
				<extensions>
					<swisstopo:routepoint_id>823861867</swisstopo:routepoint_id>
				</extensions>
			</trkpt>
			<trkpt lat="46.8752992939" lon="8.6469267124">
				<ele>478.9</ele>
				<extensions>
					<swisstopo:routepoint_id>1152563001</swisstopo:routepoint_id>
				</extensions>
			</trkpt>
			<trkpt lat="46.8750881123" lon="8.6470434507">
				<ele>479.6</ele>
				<extensions>
					<swisstopo:routepoint_id>1683096755</swisstopo:routepoint_id>
				</extensions>
			</trkpt>
			<trkpt lat="46.8750606164" lon="8.6470543891">
				<ele>479.7</ele>
				<extensions>
					<swisstopo:routepoint_id>1165008122</swisstopo:routepoint_id>
				</extensions>
			</trkpt>
			<trkpt lat="46.8749507718" lon="8.6471108286">
				<ele>480.0</ele>
				<extensions>
					<swisstopo:routepoint_id>246288213</swisstopo:routepoint_id>
				</extensions>
			</trkpt>
			<trkpt lat="46.8748420101" lon="8.6471545480">
				<ele>480.4</ele>
				<extensions>
					<swisstopo:routepoint_id>303731476</swisstopo:routepoint_id>
				</extensions>
			</trkpt>
			<trkpt lat="46.8747467995" lon="8.6471767058">
				<ele>480.7</ele>
				<extensions>
					<swisstopo:routepoint_id>736247070</swisstopo:routepoint_id>
				</extensions>
			</trkpt>
			<trkpt lat="46.8745080221" lon="8.6472247996">
				<ele>481.1</ele>
				<extensions>
					<swisstopo:routepoint_id>330209674</swisstopo:routepoint_id>
				</extensions>
			</trkpt>
			<trkpt lat="46.8743646377" lon="8.6472542564">
				<ele>481.1</ele>
				<extensions>
					<swisstopo:routepoint_id>535261451</swisstopo:routepoint_id>
				</extensions>
			</trkpt>
			<trkpt lat="46.8741633308" lon="8.6472927760">
				<ele>481.2</ele>
				<extensions>
					<swisstopo:routepoint_id>809858191</swisstopo:routepoint_id>
				</extensions>
			</trkpt>
			<trkpt lat="46.8739639109" lon="8.6473327308">
				<ele>481.3</ele>
				<extensions>
					<swisstopo:routepoint_id>723372094</swisstopo:routepoint_id>
				</extensions>
			</trkpt>
			<trkpt lat="46.8736738741" lon="8.6473886840">
				<ele>481.6</ele>
				<extensions>
					<swisstopo:routepoint_id>1237398406</swisstopo:routepoint_id>
				</extensions>
			</trkpt>
			<trkpt lat="46.8736741583" lon="8.6474096016">
				<ele>481.6</ele>
				<extensions>
					<swisstopo:routepoint_id>1737149853</swisstopo:routepoint_id>
				</extensions>
			</trkpt>
			<trkpt lat="46.8735329563" lon="8.6474370598">
				<ele>482.0</ele>
				<extensions>
					<swisstopo:routepoint_id>572782701</swisstopo:routepoint_id>
				</extensions>
			</trkpt>
			<trkpt lat="46.8734663368" lon="8.6474510418">
				<ele>482.2</ele>
				<extensions>
					<swisstopo:routepoint_id>913995556</swisstopo:routepoint_id>
				</extensions>
			</trkpt>
			<trkpt lat="46.8732826078" lon="8.6474930905">
				<ele>482.8</ele>
				<extensions>
					<swisstopo:routepoint_id>749827336</swisstopo:routepoint_id>
				</extensions>
			</trkpt>
			<trkpt lat="46.8731707136" lon="8.6475172869">
				<ele>483.1</ele>
				<extensions>
					<swisstopo:routepoint_id>1737120843</swisstopo:routepoint_id>
				</extensions>
			</trkpt>
			<trkpt lat="46.8731577300" lon="8.6473274834">
				<ele>482.6</ele>
				<extensions>
					<swisstopo:routepoint_id>412044053</swisstopo:routepoint_id>
				</extensions>
			</trkpt>
			<trkpt lat="46.8731483138" lon="8.6471731603">
				<ele>482.3</ele>
				<extensions>
					<swisstopo:routepoint_id>90791807</swisstopo:routepoint_id>
				</extensions>
			</trkpt>
			<trkpt lat="46.8731477841" lon="8.6471644722">
				<ele>482.3</ele>
				<extensions>
					<swisstopo:routepoint_id>1313769123</swisstopo:routepoint_id>
				</extensions>
			</trkpt>
			<trkpt lat="46.8731280220" lon="8.6469842370">
				<ele>481.9</ele>
				<extensions>
					<swisstopo:routepoint_id>125040327</swisstopo:routepoint_id>
				</extensions>
			</trkpt>
			<trkpt lat="46.8730859992" lon="8.6467038924">
				<ele>481.2</ele>
				<extensions>
					<swisstopo:routepoint_id>1945481707</swisstopo:routepoint_id>
				</extensions>
			</trkpt>
			<trkpt lat="46.8730453843" lon="8.6464478506">
				<ele>480.5</ele>
				<extensions>
					<swisstopo:routepoint_id>241479270</swisstopo:routepoint_id>
				</extensions>
			</trkpt>
			<trkpt lat="46.8730185485" lon="8.6463063293">
				<ele>480.0</ele>
				<extensions>
					<swisstopo:routepoint_id>1534314578</swisstopo:routepoint_id>
				</extensions>
			</trkpt>
			<trkpt lat="46.8729674324" lon="8.6460962297">
				<ele>479.1</ele>
				<extensions>
					<swisstopo:routepoint_id>1538608015</swisstopo:routepoint_id>
				</extensions>
			</trkpt>
			<trkpt lat="46.8729260471" lon="8.6459130826">
				<ele>478.2</ele>
				<extensions>
					<swisstopo:routepoint_id>1305038918</swisstopo:routepoint_id>
				</extensions>
			</trkpt>
			<trkpt lat="46.8728921819" lon="8.6458078355">
				<ele>477.7</ele>
				<extensions>
					<swisstopo:routepoint_id>1518661759</swisstopo:routepoint_id>
				</extensions>
			</trkpt>
			<trkpt lat="46.8728497795" lon="8.6457194229">
				<ele>477.2</ele>
				<extensions>
					<swisstopo:routepoint_id>325784166</swisstopo:routepoint_id>
				</extensions>
			</trkpt>
			<trkpt lat="46.8727728923" lon="8.6455840592">
				<ele>476.6</ele>
				<extensions>
					<swisstopo:routepoint_id>1561535279</swisstopo:routepoint_id>
				</extensions>
			</trkpt>
			<trkpt lat="46.8727354114" lon="8.6455054778">
				<ele>476.3</ele>
				<extensions>
					<swisstopo:routepoint_id>1819838379</swisstopo:routepoint_id>
				</extensions>
			</trkpt>
			<trkpt lat="46.8727032651" lon="8.6453929868">
				<ele>476.1</ele>
				<extensions>
					<swisstopo:routepoint_id>1370986606</swisstopo:routepoint_id>
				</extensions>
			</trkpt>
			<trkpt lat="46.8726747123" lon="8.6452562934">
				<ele>475.8</ele>
				<extensions>
					<swisstopo:routepoint_id>676768274</swisstopo:routepoint_id>
				</extensions>
			</trkpt>
			<trkpt lat="46.8726518787" lon="8.6450516861">
				<ele>475.1</ele>
				<extensions>
					<swisstopo:routepoint_id>1456143298</swisstopo:routepoint_id>
				</extensions>
			</trkpt>
			<trkpt lat="46.8726364242" lon="8.6449371422">
				<ele>474.8</ele>
				<extensions>
					<swisstopo:routepoint_id>405127584</swisstopo:routepoint_id>
				</extensions>
			</trkpt>
			<trkpt lat="46.8726107902" lon="8.6448393865">
				<ele>474.5</ele>
				<extensions>
					<swisstopo:routepoint_id>1108073024</swisstopo:routepoint_id>
				</extensions>
			</trkpt>
			<trkpt lat="46.8725670986" lon="8.6447169298">
				<ele>474.2</ele>
				<extensions>
					<swisstopo:routepoint_id>898694625</swisstopo:routepoint_id>
				</extensions>
			</trkpt>
			<trkpt lat="46.8725005598" lon="8.6445477840">
				<ele>473.9</ele>
				<extensions>
					<swisstopo:routepoint_id>1308195173</swisstopo:routepoint_id>
				</extensions>
			</trkpt>
			<trkpt lat="46.8724468422" lon="8.6444275308">
				<ele>473.6</ele>
				<extensions>
					<swisstopo:routepoint_id>41476343</swisstopo:routepoint_id>
				</extensions>
			</trkpt>
			<trkpt lat="46.8724157795" lon="8.6443709500">
				<ele>473.3</ele>
				<extensions>
					<swisstopo:routepoint_id>464330163</swisstopo:routepoint_id>
				</extensions>
			</trkpt>
			<trkpt lat="46.8723704568" lon="8.6442844275">
				<ele>473.1</ele>
				<extensions>
					<swisstopo:routepoint_id>1200839867</swisstopo:routepoint_id>
				</extensions>
			</trkpt>
			<trkpt lat="46.8723488094" lon="8.6442431203">
				<ele>473.0</ele>
				<extensions>
					<swisstopo:routepoint_id>1030050962</swisstopo:routepoint_id>
				</extensions>
			</trkpt>
			<trkpt lat="46.8722866670" lon="8.6441323832">
				<ele>472.8</ele>
				<extensions>
					<swisstopo:routepoint_id>841319830</swisstopo:routepoint_id>
				</extensions>
			</trkpt>
			<trkpt lat="46.8722275632" lon="8.6440484411">
				<ele>472.5</ele>
				<extensions>
					<swisstopo:routepoint_id>490954572</swisstopo:routepoint_id>
				</extensions>
			</trkpt>
			<trkpt lat="46.8721850746" lon="8.6439697494">
				<ele>472.1</ele>
				<extensions>
					<swisstopo:routepoint_id>1881489121</swisstopo:routepoint_id>
				</extensions>
			</trkpt>
			<trkpt lat="46.8721235624" lon="8.6437982906">
				<ele>471.5</ele>
				<extensions>
					<swisstopo:routepoint_id>436457318</swisstopo:routepoint_id>
				</extensions>
			</trkpt>
			<trkpt lat="46.8720527238" lon="8.6435634595">
				<ele>470.6</ele>
				<extensions>
					<swisstopo:routepoint_id>1267024710</swisstopo:routepoint_id>
				</extensions>
			</trkpt>
			<trkpt lat="46.8720014411" lon="8.6433703788">
				<ele>470.1</ele>
				<extensions>
					<swisstopo:routepoint_id>756748092</swisstopo:routepoint_id>
				</extensions>
			</trkpt>
			<trkpt lat="46.8719636106" lon="8.6431654359">
				<ele>469.7</ele>
				<extensions>
					<swisstopo:routepoint_id>219814876</swisstopo:routepoint_id>
				</extensions>
			</trkpt>
			<trkpt lat="46.8719497587" lon="8.6430557981">
				<ele>469.5</ele>
				<extensions>
					<swisstopo:routepoint_id>1339714753</swisstopo:routepoint_id>
				</extensions>
			</trkpt>
			<trkpt lat="46.8719457621" lon="8.6429609566">
				<ele>469.3</ele>
				<extensions>
					<swisstopo:routepoint_id>593202761</swisstopo:routepoint_id>
				</extensions>
			</trkpt>
			<trkpt lat="46.8718642692" lon="8.6429469714">
				<ele>469.4</ele>
				<extensions>
					<swisstopo:routepoint_id>1562956695</swisstopo:routepoint_id>
				</extensions>
			</trkpt>
			<trkpt lat="46.8717942485" lon="8.6429502813">
				<ele>469.6</ele>
				<extensions>
					<swisstopo:routepoint_id>17214599</swisstopo:routepoint_id>
				</extensions>
			</trkpt>
			<trkpt lat="46.8716905587" lon="8.6429868180">
				<ele>469.7</ele>
				<extensions>
					<swisstopo:routepoint_id>909234893</swisstopo:routepoint_id>
				</extensions>
			</trkpt>
			<trkpt lat="46.8715400193" lon="8.6430417585">
				<ele>469.9</ele>
				<extensions>
					<swisstopo:routepoint_id>1063510182</swisstopo:routepoint_id>
				</extensions>
			</trkpt>
			<trkpt lat="46.8714647540" lon="8.6430692336">
				<ele>469.9</ele>
				<extensions>
					<swisstopo:routepoint_id>2138602803</swisstopo:routepoint_id>
				</extensions>
			</trkpt>
			<trkpt lat="46.8714234831" lon="8.6428739361">
				<ele>469.5</ele>
				<extensions>
					<swisstopo:routepoint_id>1463257800</swisstopo:routepoint_id>
				</extensions>
			</trkpt>
			<trkpt lat="46.8713938250" lon="8.6426837700">
				<ele>469.0</ele>
				<extensions>
					<swisstopo:routepoint_id>252694617</swisstopo:routepoint_id>
				</extensions>
			</trkpt>
			<trkpt lat="46.8712907061" lon="8.6426668864">
				<ele>468.8</ele>
				<extensions>
					<swisstopo:routepoint_id>745060382</swisstopo:routepoint_id>
				</extensions>
			</trkpt>
			<trkpt lat="46.8712359440" lon="8.6426110776">
				<ele>468.7</ele>
				<extensions>
					<swisstopo:routepoint_id>429873270</swisstopo:routepoint_id>
				</extensions>
			</trkpt>
			<trkpt lat="46.8711752767" lon="8.6425173934">
				<ele>468.6</ele>
				<extensions>
					<swisstopo:routepoint_id>719006056</swisstopo:routepoint_id>
				</extensions>
			</trkpt>
			<trkpt lat="46.8710965723" lon="8.6423965861">
				<ele>468.3</ele>
				<extensions>
					<swisstopo:routepoint_id>1459851233</swisstopo:routepoint_id>
				</extensions>
			</trkpt>
			<trkpt lat="46.8710275224" lon="8.6423075828">
				<ele>468.1</ele>
				<extensions>
					<swisstopo:routepoint_id>253972146</swisstopo:routepoint_id>
				</extensions>
			</trkpt>
			<trkpt lat="46.8709467958" lon="8.6422207301">
				<ele>467.8</ele>
				<extensions>
					<swisstopo:routepoint_id>1032038995</swisstopo:routepoint_id>
				</extensions>
			</trkpt>
			<trkpt lat="46.8709172177" lon="8.6421811883">
				<ele>467.8</ele>
				<extensions>
					<swisstopo:routepoint_id>823687251</swisstopo:routepoint_id>
				</extensions>
			</trkpt>
			<trkpt lat="46.8709010705" lon="8.6421322493">
				<ele>467.7</ele>
				<extensions>
					<swisstopo:routepoint_id>1351250268</swisstopo:routepoint_id>
				</extensions>
			</trkpt>
			<trkpt lat="46.8708916024" lon="8.6420810225">
				<ele>467.6</ele>
				<extensions>
					<swisstopo:routepoint_id>540688675</swisstopo:routepoint_id>
				</extensions>
			</trkpt>
			<trkpt lat="46.8708888398" lon="8.6420275054">
				<ele>467.5</ele>
				<extensions>
					<swisstopo:routepoint_id>907604988</swisstopo:routepoint_id>
				</extensions>
			</trkpt>
			<trkpt lat="46.8708754642" lon="8.6418741328">
				<ele>467.1</ele>
				<extensions>
					<swisstopo:routepoint_id>1401214570</swisstopo:routepoint_id>
				</extensions>
			</trkpt>
			<trkpt lat="46.8708489248" lon="8.6417034758">
				<ele>466.8</ele>
				<extensions>
					<swisstopo:routepoint_id>859613477</swisstopo:routepoint_id>
				</extensions>
			</trkpt>
			<trkpt lat="46.8708191760" lon="8.6415230144">
				<ele>466.5</ele>
				<extensions>
					<swisstopo:routepoint_id>760940366</swisstopo:routepoint_id>
				</extensions>
			</trkpt>
			<trkpt lat="46.8707920489" lon="8.6414082305">
				<ele>466.0</ele>
				<extensions>
					<swisstopo:routepoint_id>1240978290</swisstopo:routepoint_id>
				</extensions>
			</trkpt>
			<trkpt lat="46.8707767086" lon="8.6411236185">
				<ele>464.9</ele>
				<extensions>
					<swisstopo:routepoint_id>473345654</swisstopo:routepoint_id>
				</extensions>
			</trkpt>
			<trkpt lat="46.8707533937" lon="8.6410770146">
				<ele>464.8</ele>
				<extensions>
					<swisstopo:routepoint_id>168433200</swisstopo:routepoint_id>
				</extensions>
			</trkpt>
			<trkpt lat="46.8705700363" lon="8.6408577156">
				<ele>464.3</ele>
				<extensions>
					<swisstopo:routepoint_id>1822183181</swisstopo:routepoint_id>
				</extensions>
			</trkpt>
			<trkpt lat="46.8703855748" lon="8.6406297367">
				<ele>463.5</ele>
				<extensions>
					<swisstopo:routepoint_id>2048312313</swisstopo:routepoint_id>
				</extensions>
			</trkpt>
			<trkpt lat="46.8702478277" lon="8.6404860741">
				<ele>463.5</ele>
				<extensions>
					<swisstopo:routepoint_id>1516406066</swisstopo:routepoint_id>
				</extensions>
			</trkpt>
			<trkpt lat="46.8702255788" lon="8.6404508799">
				<ele>463.4</ele>
				<extensions>
					<swisstopo:routepoint_id>1818430189</swisstopo:routepoint_id>
				</extensions>
			</trkpt>
			<trkpt lat="46.8701406268" lon="8.6402906488">
				<ele>462.8</ele>
				<extensions>
					<swisstopo:routepoint_id>278909249</swisstopo:routepoint_id>
				</extensions>
			</trkpt>
			<trkpt lat="46.8700881954" lon="8.6402068762">
				<ele>462.5</ele>
				<extensions>
					<swisstopo:routepoint_id>1202617659</swisstopo:routepoint_id>
				</extensions>
			</trkpt>
			<trkpt lat="46.8700438272" lon="8.6401475755">
				<ele>462.2</ele>
				<extensions>
					<swisstopo:routepoint_id>756105394</swisstopo:routepoint_id>
				</extensions>
			</trkpt>
			<trkpt lat="46.8700001558" lon="8.6400227016">
				<ele>461.9</ele>
				<extensions>
					<swisstopo:routepoint_id>265429859</swisstopo:routepoint_id>
				</extensions>
			</trkpt>
			<trkpt lat="46.8699321495" lon="8.6398341102">
				<ele>461.5</ele>
				<extensions>
					<swisstopo:routepoint_id>412084262</swisstopo:routepoint_id>
				</extensions>
			</trkpt>
			<trkpt lat="46.8698834295" lon="8.6397139535">
				<ele>461.2</ele>
				<extensions>
					<swisstopo:routepoint_id>1514008795</swisstopo:routepoint_id>
				</extensions>
			</trkpt>
			<trkpt lat="46.8698376169" lon="8.6396327669">
				<ele>461.0</ele>
				<extensions>
					<swisstopo:routepoint_id>141662753</swisstopo:routepoint_id>
				</extensions>
			</trkpt>
			<trkpt lat="46.8697919492" lon="8.6395394394">
				<ele>460.8</ele>
				<extensions>
					<swisstopo:routepoint_id>1122367943</swisstopo:routepoint_id>
				</extensions>
			</trkpt>
			<trkpt lat="46.8697172035" lon="8.6393579655">
				<ele>460.5</ele>
				<extensions>
					<swisstopo:routepoint_id>1297347762</swisstopo:routepoint_id>
				</extensions>
			</trkpt>
			<trkpt lat="46.8696438160" lon="8.6392057108">
				<ele>460.4</ele>
				<extensions>
					<swisstopo:routepoint_id>1474451785</swisstopo:routepoint_id>
				</extensions>
			</trkpt>
			<trkpt lat="46.8696148061" lon="8.6391127397">
				<ele>460.3</ele>
				<extensions>
					<swisstopo:routepoint_id>2028359009</swisstopo:routepoint_id>
				</extensions>
			</trkpt>
			<trkpt lat="46.8695843268" lon="8.6390002966">
				<ele>460.3</ele>
				<extensions>
					<swisstopo:routepoint_id>604104454</swisstopo:routepoint_id>
				</extensions>
			</trkpt>
			<trkpt lat="46.8695631251" lon="8.6389561021">
				<ele>460.4</ele>
				<extensions>
					<swisstopo:routepoint_id>2037251346</swisstopo:routepoint_id>
				</extensions>
			</trkpt>
			<trkpt lat="46.8695235034" lon="8.6389212036">
				<ele>460.5</ele>
				<extensions>
					<swisstopo:routepoint_id>578294803</swisstopo:routepoint_id>
				</extensions>
			</trkpt>
			<trkpt lat="46.8693949189" lon="8.6387895726">
				<ele>459.7</ele>
				<extensions>
					<swisstopo:routepoint_id>124996567</swisstopo:routepoint_id>
				</extensions>
			</trkpt>
			<trkpt lat="46.8692730306" lon="8.6386556642">
				<ele>459.3</ele>
				<extensions>
					<swisstopo:routepoint_id>420892255</swisstopo:routepoint_id>
				</extensions>
			</trkpt>
			<trkpt lat="46.8691840720" lon="8.6385589165">
				<ele>458.9</ele>
				<extensions>
					<swisstopo:routepoint_id>307702833</swisstopo:routepoint_id>
				</extensions>
			</trkpt>
			<trkpt lat="46.8691179406" lon="8.6385088556">
				<ele>458.6</ele>
				<extensions>
					<swisstopo:routepoint_id>1232007201</swisstopo:routepoint_id>
				</extensions>
			</trkpt>
			<trkpt lat="46.8690566420" lon="8.6384759146">
				<ele>458.5</ele>
				<extensions>
					<swisstopo:routepoint_id>520876739</swisstopo:routepoint_id>
				</extensions>
			</trkpt>
			<trkpt lat="46.8690035553" lon="8.6384528508">
				<ele>458.4</ele>
				<extensions>
					<swisstopo:routepoint_id>1757806474</swisstopo:routepoint_id>
				</extensions>
			</trkpt>
			<trkpt lat="46.8689226685" lon="8.6383805912">
				<ele>458.3</ele>
				<extensions>
					<swisstopo:routepoint_id>1001335138</swisstopo:routepoint_id>
				</extensions>
			</trkpt>
			<trkpt lat="46.8688286397" lon="8.6382910269">
				<ele>458.1</ele>
				<extensions>
					<swisstopo:routepoint_id>238995404</swisstopo:routepoint_id>
				</extensions>
			</trkpt>
			<trkpt lat="46.8687245254" lon="8.6382085428">
				<ele>458.1</ele>
				<extensions>
					<swisstopo:routepoint_id>1829470450</swisstopo:routepoint_id>
				</extensions>
			</trkpt>
			<trkpt lat="46.8686568358" lon="8.6381487254">
				<ele>457.9</ele>
				<extensions>
					<swisstopo:routepoint_id>1652599243</swisstopo:routepoint_id>
				</extensions>
			</trkpt>
			<trkpt lat="46.8685869484" lon="8.6381292490">
				<ele>457.9</ele>
				<extensions>
					<swisstopo:routepoint_id>1200271702</swisstopo:routepoint_id>
				</extensions>
			</trkpt>
			<trkpt lat="46.8685603879" lon="8.6381189371">
				<ele>457.9</ele>
				<extensions>
					<swisstopo:routepoint_id>2004449113</swisstopo:routepoint_id>
				</extensions>
			</trkpt>
			<trkpt lat="46.8684795817" lon="8.6380393883">
				<ele>457.8</ele>
				<extensions>
					<swisstopo:routepoint_id>200212045</swisstopo:routepoint_id>
				</extensions>
			</trkpt>
			<trkpt lat="46.8683293745" lon="8.6379048524">
				<ele>457.5</ele>
				<extensions>
					<swisstopo:routepoint_id>1052990596</swisstopo:routepoint_id>
				</extensions>
			</trkpt>
			<trkpt lat="46.8682006527" lon="8.6377853547">
				<ele>457.5</ele>
				<extensions>
					<swisstopo:routepoint_id>375715768</swisstopo:routepoint_id>
				</extensions>
			</trkpt>
			<trkpt lat="46.8680800838" lon="8.6376830702">
				<ele>457.2</ele>
				<extensions>
					<swisstopo:routepoint_id>7049879</swisstopo:routepoint_id>
				</extensions>
			</trkpt>
			<trkpt lat="46.8679248274" lon="8.6375532756">
				<ele>456.9</ele>
				<extensions>
					<swisstopo:routepoint_id>1091566600</swisstopo:routepoint_id>
				</extensions>
			</trkpt>
			<trkpt lat="46.8677862754" lon="8.6374190022">
				<ele>456.4</ele>
				<extensions>
					<swisstopo:routepoint_id>412644509</swisstopo:routepoint_id>
				</extensions>
			</trkpt>
			<trkpt lat="46.8677235236" lon="8.6373641517">
				<ele>456.1</ele>
				<extensions>
					<swisstopo:routepoint_id>2140736221</swisstopo:routepoint_id>
				</extensions>
			</trkpt>
			<trkpt lat="46.8676474347" lon="8.6373114411">
				<ele>455.9</ele>
				<extensions>
					<swisstopo:routepoint_id>1374711121</swisstopo:routepoint_id>
				</extensions>
			</trkpt>
			<trkpt lat="46.8675964367" lon="8.6372495736">
				<ele>455.7</ele>
				<extensions>
					<swisstopo:routepoint_id>957997240</swisstopo:routepoint_id>
				</extensions>
			</trkpt>
			<trkpt lat="46.8675386956" lon="8.6371948352">
				<ele>455.7</ele>
				<extensions>
					<swisstopo:routepoint_id>684665638</swisstopo:routepoint_id>
				</extensions>
			</trkpt>
			<trkpt lat="46.8674843467" lon="8.6371328901">
				<ele>455.7</ele>
				<extensions>
					<swisstopo:routepoint_id>394604282</swisstopo:routepoint_id>
				</extensions>
			</trkpt>
			<trkpt lat="46.8674444956" lon="8.6371198553">
				<ele>455.7</ele>
				<extensions>
					<swisstopo:routepoint_id>1835101728</swisstopo:routepoint_id>
				</extensions>
			</trkpt>
			<trkpt lat="46.8673916507" lon="8.6370749455">
				<ele>455.5</ele>
				<extensions>
					<swisstopo:routepoint_id>755248614</swisstopo:routepoint_id>
				</extensions>
			</trkpt>
			<trkpt lat="46.8672813145" lon="8.6369510227">
				<ele>454.9</ele>
				<extensions>
					<swisstopo:routepoint_id>531197999</swisstopo:routepoint_id>
				</extensions>
			</trkpt>
			<trkpt lat="46.8671430924" lon="8.6367851616">
				<ele>454.4</ele>
				<extensions>
					<swisstopo:routepoint_id>1741068803</swisstopo:routepoint_id>
				</extensions>
			</trkpt>
			<trkpt lat="46.8670591120" lon="8.6366885607">
				<ele>454.4</ele>
				<extensions>
					<swisstopo:routepoint_id>1445729223</swisstopo:routepoint_id>
				</extensions>
			</trkpt>
			<trkpt lat="46.8670244247" lon="8.6366610544">
				<ele>454.4</ele>
				<extensions>
					<swisstopo:routepoint_id>1933677382</swisstopo:routepoint_id>
				</extensions>
			</trkpt>
			<trkpt lat="46.8669812269" lon="8.6366479456">
				<ele>454.5</ele>
				<extensions>
					<swisstopo:routepoint_id>2143126638</swisstopo:routepoint_id>
				</extensions>
			</trkpt>
			<trkpt lat="46.8669395036" lon="8.6366543083">
				<ele>454.5</ele>
				<extensions>
					<swisstopo:routepoint_id>1329862881</swisstopo:routepoint_id>
				</extensions>
			</trkpt>
			<trkpt lat="46.8669027018" lon="8.6366680628">
				<ele>454.5</ele>
				<extensions>
					<swisstopo:routepoint_id>943172884</swisstopo:routepoint_id>
				</extensions>
			</trkpt>
			<trkpt lat="46.8668296334" lon="8.6364866529">
				<ele>454.5</ele>
				<extensions>
					<swisstopo:routepoint_id>1755403910</swisstopo:routepoint_id>
				</extensions>
			</trkpt>
			<trkpt lat="46.8667222021" lon="8.6362437613">
				<ele>454.3</ele>
				<extensions>
					<swisstopo:routepoint_id>258461792</swisstopo:routepoint_id>
				</extensions>
			</trkpt>
			<trkpt lat="46.8665674565" lon="8.6359050590">
				<ele>453.7</ele>
				<extensions>
					<swisstopo:routepoint_id>1085703993</swisstopo:routepoint_id>
				</extensions>
			</trkpt>
			<trkpt lat="46.8664959620" lon="8.6357309814">
				<ele>453.4</ele>
				<extensions>
					<swisstopo:routepoint_id>627558630</swisstopo:routepoint_id>
				</extensions>
			</trkpt>
			<trkpt lat="46.8664312056" lon="8.6355497720">
				<ele>453.0</ele>
				<extensions>
					<swisstopo:routepoint_id>783670183</swisstopo:routepoint_id>
				</extensions>
			</trkpt>
			<trkpt lat="46.8663551992" lon="8.6353194158">
				<ele>452.5</ele>
				<extensions>
					<swisstopo:routepoint_id>373655373</swisstopo:routepoint_id>
				</extensions>
			</trkpt>
			<trkpt lat="46.8663384135" lon="8.6352753878">
				<ele>452.4</ele>
				<extensions>
					<swisstopo:routepoint_id>1440920256</swisstopo:routepoint_id>
				</extensions>
			</trkpt>
			<trkpt lat="46.8663288706" lon="8.6352314439">
				<ele>452.3</ele>
				<extensions>
					<swisstopo:routepoint_id>1592267189</swisstopo:routepoint_id>
				</extensions>
			</trkpt>
			<trkpt lat="46.8663306941" lon="8.6351940105">
				<ele>452.2</ele>
				<extensions>
					<swisstopo:routepoint_id>1890626543</swisstopo:routepoint_id>
				</extensions>
			</trkpt>
			<trkpt lat="46.8663376728" lon="8.6351743974">
				<ele>452.2</ele>
				<extensions>
					<swisstopo:routepoint_id>1237851176</swisstopo:routepoint_id>
				</extensions>
			</trkpt>
			<trkpt lat="46.8663725862" lon="8.6351399960">
				<ele>452.0</ele>
				<extensions>
					<swisstopo:routepoint_id>1833363076</swisstopo:routepoint_id>
				</extensions>
			</trkpt>
			<trkpt lat="46.8663821894" lon="8.6350966734">
				<ele>451.9</ele>
				<extensions>
					<swisstopo:routepoint_id>1666526750</swisstopo:routepoint_id>
				</extensions>
			</trkpt>
			<trkpt lat="46.8664176408" lon="8.6350049230">
				<ele>451.6</ele>
				<extensions>
					<swisstopo:routepoint_id>1991060672</swisstopo:routepoint_id>
				</extensions>
			</trkpt>
			<trkpt lat="46.8664274407" lon="8.6349780809">
				<ele>451.6</ele>
				<extensions>
					<swisstopo:routepoint_id>1840052096</swisstopo:routepoint_id>
				</extensions>
			</trkpt>
			<trkpt lat="46.8663542049" lon="8.6349939628">
				<ele>451.4</ele>
				<extensions>
					<swisstopo:routepoint_id>2067862671</swisstopo:routepoint_id>
				</extensions>
			</trkpt>
			<trkpt lat="46.8662810585" lon="8.6350235686">
				<ele>451.1</ele>
				<extensions>
					<swisstopo:routepoint_id>1615431435</swisstopo:routepoint_id>
				</extensions>
			</trkpt>
			<trkpt lat="46.8662235510" lon="8.6350455580">
				<ele>451.0</ele>
				<extensions>
					<swisstopo:routepoint_id>2111547730</swisstopo:routepoint_id>
				</extensions>
			</trkpt>
			<trkpt lat="46.8661145470" lon="8.6350965329">
				<ele>450.6</ele>
				<extensions>
					<swisstopo:routepoint_id>1756112293</swisstopo:routepoint_id>
				</extensions>
			</trkpt>
			<trkpt lat="46.8660448953" lon="8.6351326274">
				<ele>450.5</ele>
				<extensions>
					<swisstopo:routepoint_id>1420686577</swisstopo:routepoint_id>
				</extensions>
			</trkpt>
			<trkpt lat="46.8660332303" lon="8.6350643437">
				<ele>450.5</ele>
				<extensions>
					<swisstopo:routepoint_id>670638119</swisstopo:routepoint_id>
				</extensions>
			</trkpt>
			<trkpt lat="46.8660287715" lon="8.6350357949">
				<ele>450.4</ele>
				<extensions>
					<swisstopo:routepoint_id>1892104985</swisstopo:routepoint_id>
				</extensions>
			</trkpt>
			<trkpt lat="46.8660170793" lon="8.6349751577">
				<ele>450.4</ele>
				<extensions>
					<swisstopo:routepoint_id>685104536</swisstopo:routepoint_id>
				</extensions>
			</trkpt>
			<trkpt lat="46.8659872987" lon="8.6349816335">
				<ele>450.4</ele>
				<extensions>
					<swisstopo:routepoint_id>264275676</swisstopo:routepoint_id>
				</extensions>
			</trkpt>
			<trkpt lat="46.8659530733" lon="8.6349767125">
				<ele>450.3</ele>
				<extensions>
					<swisstopo:routepoint_id>957036758</swisstopo:routepoint_id>
				</extensions>
			</trkpt>
			<trkpt lat="46.8659232168" lon="8.6349635498">
				<ele>450.2</ele>
				<extensions>
					<swisstopo:routepoint_id>1526051897</swisstopo:routepoint_id>
				</extensions>
			</trkpt>
			<trkpt lat="46.8658962848" lon="8.6349442043">
				<ele>450.1</ele>
				<extensions>
					<swisstopo:routepoint_id>1433066886</swisstopo:routepoint_id>
				</extensions>
			</trkpt>
			<trkpt lat="46.8658694309" lon="8.6349165474">
				<ele>450.0</ele>
				<extensions>
					<swisstopo:routepoint_id>714848372</swisstopo:routepoint_id>
				</extensions>
			</trkpt>
			<trkpt lat="46.8658483648" lon="8.6348827649">
				<ele>449.9</ele>
				<extensions>
					<swisstopo:routepoint_id>2089389388</swisstopo:routepoint_id>
				</extensions>
			</trkpt>
			<trkpt lat="46.8658330952" lon="8.6348407791">
				<ele>449.7</ele>
				<extensions>
					<swisstopo:routepoint_id>1020393069</swisstopo:routepoint_id>
				</extensions>
			</trkpt>
			<trkpt lat="46.8657778385" lon="8.6345251133">
				<ele>448.9</ele>
				<extensions>
					<swisstopo:routepoint_id>1979905962</swisstopo:routepoint_id>
				</extensions>
			</trkpt>
			<trkpt lat="46.8657471724" lon="8.6343162032">
				<ele>448.7</ele>
				<extensions>
					<swisstopo:routepoint_id>1759554336</swisstopo:routepoint_id>
				</extensions>
			</trkpt>
			<trkpt lat="46.8657268455" lon="8.6342116437">
				<ele>448.8</ele>
				<extensions>
					<swisstopo:routepoint_id>436450063</swisstopo:routepoint_id>
				</extensions>
			</trkpt>
			<trkpt lat="46.8657022715" lon="8.6341028204">
				<ele>449.0</ele>
				<extensions>
					<swisstopo:routepoint_id>2002614842</swisstopo:routepoint_id>
				</extensions>
			</trkpt>
			<trkpt lat="46.8656761440" lon="8.6340064486">
				<ele>449.3</ele>
				<extensions>
					<swisstopo:routepoint_id>424453847</swisstopo:routepoint_id>
				</extensions>
			</trkpt>
			<trkpt lat="46.8656610913" lon="8.6339436528">
				<ele>449.5</ele>
				<extensions>
					<swisstopo:routepoint_id>292625811</swisstopo:routepoint_id>
				</extensions>
			</trkpt>
			<trkpt lat="46.8656408426" lon="8.6338307533">
				<ele>449.8</ele>
				<extensions>
					<swisstopo:routepoint_id>722446907</swisstopo:routepoint_id>
				</extensions>
			</trkpt>
			<trkpt lat="46.8655775171" lon="8.6338710438">
				<ele>449.7</ele>
				<extensions>
					<swisstopo:routepoint_id>1856842673</swisstopo:routepoint_id>
				</extensions>
			</trkpt>
			<trkpt lat="46.8655543391" lon="8.6338850737">
				<ele>449.7</ele>
				<extensions>
					<swisstopo:routepoint_id>1449952626</swisstopo:routepoint_id>
				</extensions>
			</trkpt>
			<trkpt lat="46.8655078168" lon="8.6339164539">
				<ele>449.7</ele>
				<extensions>
					<swisstopo:routepoint_id>980873114</swisstopo:routepoint_id>
				</extensions>
			</trkpt>
			<trkpt lat="46.8654961662" lon="8.6338992867">
				<ele>449.8</ele>
				<extensions>
					<swisstopo:routepoint_id>812567941</swisstopo:routepoint_id>
				</extensions>
			</trkpt>
			<trkpt lat="46.8654599160" lon="8.6338653214">
				<ele>450.0</ele>
				<extensions>
					<swisstopo:routepoint_id>678523873</swisstopo:routepoint_id>
				</extensions>
			</trkpt>
			<trkpt lat="46.8653998496" lon="8.6338227763">
				<ele>450.2</ele>
				<extensions>
					<swisstopo:routepoint_id>51149639</swisstopo:routepoint_id>
				</extensions>
			</trkpt>
			<trkpt lat="46.8653698532" lon="8.6337935676">
				<ele>450.3</ele>
				<extensions>
					<swisstopo:routepoint_id>779674919</swisstopo:routepoint_id>
				</extensions>
			</trkpt>
			<trkpt lat="46.8653471890" lon="8.6337626198">
				<ele>450.4</ele>
				<extensions>
					<swisstopo:routepoint_id>1907572026</swisstopo:routepoint_id>
				</extensions>
			</trkpt>
			<trkpt lat="46.8653182188" lon="8.6337062434">
				<ele>450.6</ele>
				<extensions>
					<swisstopo:routepoint_id>596303104</swisstopo:routepoint_id>
				</extensions>
			</trkpt>
			<trkpt lat="46.8652986901" lon="8.6336715865">
				<ele>450.6</ele>
				<extensions>
					<swisstopo:routepoint_id>1472493476</swisstopo:routepoint_id>
				</extensions>
			</trkpt>
			<trkpt lat="46.8652711145" lon="8.6336389701">
				<ele>450.6</ele>
				<extensions>
					<swisstopo:routepoint_id>118277793</swisstopo:routepoint_id>
				</extensions>
			</trkpt>
			<trkpt lat="46.8652456699" lon="8.6336176667">
				<ele>450.6</ele>
				<extensions>
					<swisstopo:routepoint_id>519149422</swisstopo:routepoint_id>
				</extensions>
			</trkpt>
			<trkpt lat="46.8652005932" lon="8.6335897117">
				<ele>450.5</ele>
				<extensions>
					<swisstopo:routepoint_id>736898753</swisstopo:routepoint_id>
				</extensions>
			</trkpt>
			<trkpt lat="46.8651284999" lon="8.6335605674">
				<ele>450.4</ele>
				<extensions>
					<swisstopo:routepoint_id>1731242508</swisstopo:routepoint_id>
				</extensions>
			</trkpt>
			<trkpt lat="46.8650415343" lon="8.6335337923">
				<ele>450.4</ele>
				<extensions>
					<swisstopo:routepoint_id>1239502744</swisstopo:routepoint_id>
				</extensions>
			</trkpt>
			<trkpt lat="46.8649504415" lon="8.6335135640">
				<ele>450.5</ele>
				<extensions>
					<swisstopo:routepoint_id>1734722288</swisstopo:routepoint_id>
				</extensions>
			</trkpt>
			<trkpt lat="46.8647721452" lon="8.6334897561">
				<ele>450.7</ele>
				<extensions>
					<swisstopo:routepoint_id>1606723038</swisstopo:routepoint_id>
				</extensions>
			</trkpt>
			<trkpt lat="46.8646254301" lon="8.6334750621">
				<ele>450.6</ele>
				<extensions>
					<swisstopo:routepoint_id>1698967650</swisstopo:routepoint_id>
				</extensions>
			</trkpt>
			<trkpt lat="46.8646279374" lon="8.6333781341">
				<ele>451.0</ele>
				<extensions>
					<swisstopo:routepoint_id>159945321</swisstopo:routepoint_id>
				</extensions>
			</trkpt>
			<trkpt lat="46.8645951881" lon="8.6333740484">
				<ele>451.0</ele>
				<extensions>
					<swisstopo:routepoint_id>765115251</swisstopo:routepoint_id>
				</extensions>
			</trkpt>
			<trkpt lat="46.8645273309" lon="8.6333531028">
				<ele>451.0</ele>
				<extensions>
					<swisstopo:routepoint_id>1185397210</swisstopo:routepoint_id>
				</extensions>
			</trkpt>
			<trkpt lat="46.8644871199" lon="8.6333286788">
				<ele>451.0</ele>
				<extensions>
					<swisstopo:routepoint_id>536206746</swisstopo:routepoint_id>
				</extensions>
			</trkpt>
			<trkpt lat="46.8644277683" lon="8.6332995797">
				<ele>451.0</ele>
				<extensions>
					<swisstopo:routepoint_id>1925062464</swisstopo:routepoint_id>
				</extensions>
			</trkpt>
			<trkpt lat="46.8643243905" lon="8.6332461432">
				<ele>451.0</ele>
				<extensions>
					<swisstopo:routepoint_id>760875986</swisstopo:routepoint_id>
				</extensions>
			</trkpt>
			<trkpt lat="46.8642584217" lon="8.6332131858">
				<ele>450.8</ele>
				<extensions>
					<swisstopo:routepoint_id>953105337</swisstopo:routepoint_id>
				</extensions>
			</trkpt>
			<trkpt lat="46.8641733156" lon="8.6331718157">
				<ele>451.1</ele>
				<extensions>
					<swisstopo:routepoint_id>1192052600</swisstopo:routepoint_id>
				</extensions>
			</trkpt>
			<trkpt lat="46.8640813154" lon="8.6331264106">
				<ele>451.6</ele>
				<extensions>
					<swisstopo:routepoint_id>2037030782</swisstopo:routepoint_id>
				</extensions>
			</trkpt>
			<trkpt lat="46.8640203781" lon="8.6330915054">
				<ele>451.9</ele>
				<extensions>
					<swisstopo:routepoint_id>894150063</swisstopo:routepoint_id>
				</extensions>
			</trkpt>
			<trkpt lat="46.8639707680" lon="8.6330556590">
				<ele>452.1</ele>
				<extensions>
					<swisstopo:routepoint_id>233239234</swisstopo:routepoint_id>
				</extensions>
			</trkpt>
			<trkpt lat="46.8639422554" lon="8.6330343940">
				<ele>452.3</ele>
				<extensions>
					<swisstopo:routepoint_id>1027182381</swisstopo:routepoint_id>
				</extensions>
			</trkpt>
			<trkpt lat="46.8639208715" lon="8.6330102053">
				<ele>452.4</ele>
				<extensions>
					<swisstopo:routepoint_id>1253004809</swisstopo:routepoint_id>
				</extensions>
			</trkpt>
			<trkpt lat="46.8639151920" lon="8.6330251367">
				<ele>452.4</ele>
				<extensions>
					<swisstopo:routepoint_id>1404301677</swisstopo:routepoint_id>
				</extensions>
			</trkpt>
			<trkpt lat="46.8638897294" lon="8.6329908105">
				<ele>452.5</ele>
				<extensions>
					<swisstopo:routepoint_id>324499630</swisstopo:routepoint_id>
				</extensions>
			</trkpt>
			<trkpt lat="46.8638604192" lon="8.6329467697">
				<ele>452.7</ele>
				<extensions>
					<swisstopo:routepoint_id>1074208337</swisstopo:routepoint_id>
				</extensions>
			</trkpt>
			<trkpt lat="46.8638391583" lon="8.6329126552">
				<ele>452.8</ele>
				<extensions>
					<swisstopo:routepoint_id>1972370547</swisstopo:routepoint_id>
				</extensions>
			</trkpt>
			<trkpt lat="46.8638002885" lon="8.6328535312">
				<ele>453.1</ele>
				<extensions>
					<swisstopo:routepoint_id>280962779</swisstopo:routepoint_id>
				</extensions>
			</trkpt>
			<trkpt lat="46.8636569807" lon="8.6325969306">
				<ele>453.5</ele>
				<extensions>
					<swisstopo:routepoint_id>1890037429</swisstopo:routepoint_id>
				</extensions>
			</trkpt>
			<trkpt lat="46.8635105763" lon="8.6323347807">
				<ele>453.4</ele>
				<extensions>
					<swisstopo:routepoint_id>2032216931</swisstopo:routepoint_id>
				</extensions>
			</trkpt>
			<trkpt lat="46.8634947744" lon="8.6323108714">
				<ele>453.4</ele>
				<extensions>
					<swisstopo:routepoint_id>1700909564</swisstopo:routepoint_id>
				</extensions>
			</trkpt>
			<trkpt lat="46.8634664689" lon="8.6322635521">
				<ele>453.5</ele>
				<extensions>
					<swisstopo:routepoint_id>64882199</swisstopo:routepoint_id>
				</extensions>
			</trkpt>
			<trkpt lat="46.8633613949" lon="8.6320789459">
				<ele>453.9</ele>
				<extensions>
					<swisstopo:routepoint_id>1802627725</swisstopo:routepoint_id>
				</extensions>
			</trkpt>
			<trkpt lat="46.8633188343" lon="8.6320051264">
				<ele>454.3</ele>
				<extensions>
					<swisstopo:routepoint_id>354805571</swisstopo:routepoint_id>
				</extensions>
			</trkpt>
			<trkpt lat="46.8632695739" lon="8.6319360258">
				<ele>454.8</ele>
				<extensions>
					<swisstopo:routepoint_id>1207349782</swisstopo:routepoint_id>
				</extensions>
			</trkpt>
			<trkpt lat="46.8632153407" lon="8.6318643781">
				<ele>455.4</ele>
				<extensions>
					<swisstopo:routepoint_id>464910624</swisstopo:routepoint_id>
				</extensions>
			</trkpt>
			<trkpt lat="46.8631395190" lon="8.6317849699">
				<ele>456.3</ele>
				<extensions>
					<swisstopo:routepoint_id>304638896</swisstopo:routepoint_id>
				</extensions>
			</trkpt>
			<trkpt lat="46.8630784378" lon="8.6317301679">
				<ele>456.9</ele>
				<extensions>
					<swisstopo:routepoint_id>1661580412</swisstopo:routepoint_id>
				</extensions>
			</trkpt>
			<trkpt lat="46.8629530010" lon="8.6316156370">
				<ele>458.3</ele>
				<extensions>
					<swisstopo:routepoint_id>2112444888</swisstopo:routepoint_id>
				</extensions>
			</trkpt>
			<trkpt lat="46.8628704198" lon="8.6315457983">
				<ele>459.1</ele>
				<extensions>
					<swisstopo:routepoint_id>1075081357</swisstopo:routepoint_id>
				</extensions>
			</trkpt>
			<trkpt lat="46.8628059797" lon="8.6314933494">
				<ele>459.9</ele>
				<extensions>
					<swisstopo:routepoint_id>270176445</swisstopo:routepoint_id>
				</extensions>
			</trkpt>
			<trkpt lat="46.8627567002" lon="8.6314610134">
				<ele>460.3</ele>
				<extensions>
					<swisstopo:routepoint_id>1208366932</swisstopo:routepoint_id>
				</extensions>
			</trkpt>
			<trkpt lat="46.8627331620" lon="8.6314455790">
				<ele>460.6</ele>
				<extensions>
					<swisstopo:routepoint_id>1583692550</swisstopo:routepoint_id>
				</extensions>
			</trkpt>
			<trkpt lat="46.8626784775" lon="8.6314176350">
				<ele>461.1</ele>
				<extensions>
					<swisstopo:routepoint_id>319527150</swisstopo:routepoint_id>
				</extensions>
			</trkpt>
			<trkpt lat="46.8626170834" lon="8.6313919824">
				<ele>461.7</ele>
				<extensions>
					<swisstopo:routepoint_id>983233545</swisstopo:routepoint_id>
				</extensions>
			</trkpt>
			<trkpt lat="46.8625781781" lon="8.6313804438">
				<ele>462.0</ele>
				<extensions>
					<swisstopo:routepoint_id>1103763133</swisstopo:routepoint_id>
				</extensions>
			</trkpt>
			<trkpt lat="46.8625107857" lon="8.6313604702">
				<ele>462.7</ele>
				<extensions>
					<swisstopo:routepoint_id>1973522264</swisstopo:routepoint_id>
				</extensions>
			</trkpt>
			<trkpt lat="46.8623761477" lon="8.6313283426">
				<ele>464.0</ele>
				<extensions>
					<swisstopo:routepoint_id>885585482</swisstopo:routepoint_id>
				</extensions>
			</trkpt>
			<trkpt lat="46.8622599677" lon="8.6312844756">
				<ele>465.1</ele>
				<extensions>
					<swisstopo:routepoint_id>865204817</swisstopo:routepoint_id>
				</extensions>
			</trkpt>
			<trkpt lat="46.8620842318" lon="8.6312004180">
				<ele>466.7</ele>
				<extensions>
					<swisstopo:routepoint_id>1181442197</swisstopo:routepoint_id>
				</extensions>
			</trkpt>
			<trkpt lat="46.8619515456" lon="8.6311416033">
				<ele>468.0</ele>
				<extensions>
					<swisstopo:routepoint_id>1121024304</swisstopo:routepoint_id>
				</extensions>
			</trkpt>
			<trkpt lat="46.8618834811" lon="8.6311182435">
				<ele>468.7</ele>
				<extensions>
					<swisstopo:routepoint_id>687741894</swisstopo:routepoint_id>
				</extensions>
			</trkpt>
			<trkpt lat="46.8618435493" lon="8.6311124782">
				<ele>469.1</ele>
				<extensions>
					<swisstopo:routepoint_id>207544546</swisstopo:routepoint_id>
				</extensions>
			</trkpt>
			<trkpt lat="46.8618035457" lon="8.6311140188">
				<ele>469.4</ele>
				<extensions>
					<swisstopo:routepoint_id>1960691623</swisstopo:routepoint_id>
				</extensions>
			</trkpt>
			<trkpt lat="46.8617651304" lon="8.6311228984">
				<ele>469.7</ele>
				<extensions>
					<swisstopo:routepoint_id>982820100</swisstopo:routepoint_id>
				</extensions>
			</trkpt>
			<trkpt lat="46.8617450422" lon="8.6311321715">
				<ele>469.8</ele>
				<extensions>
					<swisstopo:routepoint_id>72122544</swisstopo:routepoint_id>
				</extensions>
			</trkpt>
			<trkpt lat="46.8617063048" lon="8.6309620409">
				<ele>470.6</ele>
				<extensions>
					<swisstopo:routepoint_id>2020864728</swisstopo:routepoint_id>
				</extensions>
			</trkpt>
			<trkpt lat="46.8616306652" lon="8.6307053025">
				<ele>472.6</ele>
				<extensions>
					<swisstopo:routepoint_id>2057140483</swisstopo:routepoint_id>
				</extensions>
			</trkpt>
			<trkpt lat="46.8615679151" lon="8.6304901541">
				<ele>474.2</ele>
				<extensions>
					<swisstopo:routepoint_id>390213882</swisstopo:routepoint_id>
				</extensions>
			</trkpt>
			<trkpt lat="46.8615228219" lon="8.6303409726">
				<ele>475.4</ele>
				<extensions>
					<swisstopo:routepoint_id>1396839498</swisstopo:routepoint_id>
				</extensions>
			</trkpt>
			<trkpt lat="46.8614859497" lon="8.6302016950">
				<ele>476.5</ele>
				<extensions>
					<swisstopo:routepoint_id>1526205838</swisstopo:routepoint_id>
				</extensions>
			</trkpt>
			<trkpt lat="46.8614685630" lon="8.6301114276">
				<ele>477.3</ele>
				<extensions>
					<swisstopo:routepoint_id>210788763</swisstopo:routepoint_id>
				</extensions>
			</trkpt>
			<trkpt lat="46.8614582223" lon="8.6299848801">
				<ele>478.2</ele>
				<extensions>
					<swisstopo:routepoint_id>808177834</swisstopo:routepoint_id>
				</extensions>
			</trkpt>
			<trkpt lat="46.8614424950" lon="8.6297343380">
				<ele>480.1</ele>
				<extensions>
					<swisstopo:routepoint_id>372762419</swisstopo:routepoint_id>
				</extensions>
			</trkpt>
			<trkpt lat="46.8614329123" lon="8.6295349249">
				<ele>481.5</ele>
				<extensions>
					<swisstopo:routepoint_id>1531128060</swisstopo:routepoint_id>
				</extensions>
			</trkpt>
			<trkpt lat="46.8614197802" lon="8.6293548829">
				<ele>482.9</ele>
				<extensions>
					<swisstopo:routepoint_id>2119847970</swisstopo:routepoint_id>
				</extensions>
			</trkpt>
			<trkpt lat="46.8614152196" lon="8.6292034137">
				<ele>484.2</ele>
				<extensions>
					<swisstopo:routepoint_id>1754707282</swisstopo:routepoint_id>
				</extensions>
			</trkpt>
			<trkpt lat="46.8614143974" lon="8.6291215810">
				<ele>484.9</ele>
				<extensions>
					<swisstopo:routepoint_id>2125355519</swisstopo:routepoint_id>
				</extensions>
			</trkpt>
			<trkpt lat="46.8614135747" lon="8.6290406257">
				<ele>485.5</ele>
				<extensions>
					<swisstopo:routepoint_id>2051013588</swisstopo:routepoint_id>
				</extensions>
			</trkpt>
			<trkpt lat="46.8613110399" lon="8.6289053512">
				<ele>487.2</ele>
				<extensions>
					<swisstopo:routepoint_id>680641930</swisstopo:routepoint_id>
				</extensions>
			</trkpt>
			<trkpt lat="46.8612552922" lon="8.6288190887">
				<ele>488.3</ele>
				<extensions>
					<swisstopo:routepoint_id>1796531250</swisstopo:routepoint_id>
				</extensions>
			</trkpt>
			<trkpt lat="46.8611700746" lon="8.6286811817">
				<ele>489.8</ele>
				<extensions>
					<swisstopo:routepoint_id>1355652439</swisstopo:routepoint_id>
				</extensions>
			</trkpt>
			<trkpt lat="46.8611326194" lon="8.6285977643">
				<ele>490.6</ele>
				<extensions>
					<swisstopo:routepoint_id>761097653</swisstopo:routepoint_id>
				</extensions>
			</trkpt>
			<trkpt lat="46.8610938238" lon="8.6284827339">
				<ele>491.9</ele>
				<extensions>
					<swisstopo:routepoint_id>674304296</swisstopo:routepoint_id>
				</extensions>
			</trkpt>
			<trkpt lat="46.8610685634" lon="8.6283485666">
				<ele>493.0</ele>
				<extensions>
					<swisstopo:routepoint_id>887169231</swisstopo:routepoint_id>
				</extensions>
			</trkpt>
			<trkpt lat="46.8610451187" lon="8.6281998814">
				<ele>493.6</ele>
				<extensions>
					<swisstopo:routepoint_id>2053112061</swisstopo:routepoint_id>
				</extensions>
			</trkpt>
			<trkpt lat="46.8610180289" lon="8.6280802464">
				<ele>495.3</ele>
				<extensions>
					<swisstopo:routepoint_id>1727232080</swisstopo:routepoint_id>
				</extensions>
			</trkpt>
			<trkpt lat="46.8610043612" lon="8.6279536411">
				<ele>497.1</ele>
				<extensions>
					<swisstopo:routepoint_id>599358930</swisstopo:routepoint_id>
				</extensions>
			</trkpt>
			<trkpt lat="46.8609878055" lon="8.6277832322">
				<ele>499.5</ele>
				<extensions>
					<swisstopo:routepoint_id>1545324364</swisstopo:routepoint_id>
				</extensions>
			</trkpt>
			<trkpt lat="46.8609654312" lon="8.6276904293">
				<ele>500.2</ele>
				<extensions>
					<swisstopo:routepoint_id>2089055481</swisstopo:routepoint_id>
				</extensions>
			</trkpt>
			<trkpt lat="46.8609233856" lon="8.6275680370">
				<ele>500.8</ele>
				<extensions>
					<swisstopo:routepoint_id>447074841</swisstopo:routepoint_id>
				</extensions>
			</trkpt>
			<trkpt lat="46.8609125373" lon="8.6274900742">
				<ele>502.1</ele>
				<extensions>
					<swisstopo:routepoint_id>389606992</swisstopo:routepoint_id>
				</extensions>
			</trkpt>
			<trkpt lat="46.8608983676" lon="8.6274095997">
				<ele>503.0</ele>
				<extensions>
					<swisstopo:routepoint_id>1804308097</swisstopo:routepoint_id>
				</extensions>
			</trkpt>
			<trkpt lat="46.8608705422" lon="8.6273628178">
				<ele>503.4</ele>
				<extensions>
					<swisstopo:routepoint_id>345733776</swisstopo:routepoint_id>
				</extensions>
			</trkpt>
			<trkpt lat="46.8608744260" lon="8.6273094841">
				<ele>504.3</ele>
				<extensions>
					<swisstopo:routepoint_id>1572908278</swisstopo:routepoint_id>
				</extensions>
			</trkpt>
			<trkpt lat="46.8608717024" lon="8.6272511261">
				<ele>505.6</ele>
				<extensions>
					<swisstopo:routepoint_id>1017423556</swisstopo:routepoint_id>
				</extensions>
			</trkpt>
			<trkpt lat="46.8608476128" lon="8.6271631383">
				<ele>506.9</ele>
				<extensions>
					<swisstopo:routepoint_id>254712461</swisstopo:routepoint_id>
				</extensions>
			</trkpt>
			<trkpt lat="46.8608213584" lon="8.6271236840">
				<ele>507.3</ele>
				<extensions>
					<swisstopo:routepoint_id>1008528776</swisstopo:routepoint_id>
				</extensions>
			</trkpt>
			<trkpt lat="46.8607726454" lon="8.6270011581">
				<ele>507.9</ele>
				<extensions>
					<swisstopo:routepoint_id>1594413606</swisstopo:routepoint_id>
				</extensions>
			</trkpt>
			<trkpt lat="46.8607534107" lon="8.6269278646">
				<ele>508.9</ele>
				<extensions>
					<swisstopo:routepoint_id>1487246777</swisstopo:routepoint_id>
				</extensions>
			</trkpt>
			<trkpt lat="46.8607538395" lon="8.6268865727">
				<ele>509.5</ele>
				<extensions>
					<swisstopo:routepoint_id>2051614487</swisstopo:routepoint_id>
				</extensions>
			</trkpt>
			<trkpt lat="46.8607038149" lon="8.6267300096">
				<ele>511.7</ele>
				<extensions>
					<swisstopo:routepoint_id>48548100</swisstopo:routepoint_id>
				</extensions>
			</trkpt>
			<trkpt lat="46.8606421092" lon="8.6265756158">
				<ele>513.5</ele>
				<extensions>
					<swisstopo:routepoint_id>1650321136</swisstopo:routepoint_id>
				</extensions>
			</trkpt>
			<trkpt lat="46.8606296122" lon="8.6264951773">
				<ele>514.6</ele>
				<extensions>
					<swisstopo:routepoint_id>1850381449</swisstopo:routepoint_id>
				</extensions>
			</trkpt>
			<trkpt lat="46.8606036434" lon="8.6264290265">
				<ele>515.4</ele>
				<extensions>
					<swisstopo:routepoint_id>1980338665</swisstopo:routepoint_id>
				</extensions>
			</trkpt>
			<trkpt lat="46.8605543917" lon="8.6263574836">
				<ele>516.5</ele>
				<extensions>
					<swisstopo:routepoint_id>2001301197</swisstopo:routepoint_id>
				</extensions>
			</trkpt>
			<trkpt lat="46.8605038415" lon="8.6262519291">
				<ele>517.7</ele>
				<extensions>
					<swisstopo:routepoint_id>2802312</swisstopo:routepoint_id>
				</extensions>
			</trkpt>
			<trkpt lat="46.8604270068" lon="8.6261093335">
				<ele>520.0</ele>
				<extensions>
					<swisstopo:routepoint_id>930827701</swisstopo:routepoint_id>
				</extensions>
			</trkpt>
			<trkpt lat="46.8604078263" lon="8.6260311893">
				<ele>521.5</ele>
				<extensions>
					<swisstopo:routepoint_id>1962523482</swisstopo:routepoint_id>
				</extensions>
			</trkpt>
			<trkpt lat="46.8603452704" lon="8.6259569391">
				<ele>522.5</ele>
				<extensions>
					<swisstopo:routepoint_id>613300205</swisstopo:routepoint_id>
				</extensions>
			</trkpt>
			<trkpt lat="46.8603209913" lon="8.6258883735">
				<ele>523.2</ele>
				<extensions>
					<swisstopo:routepoint_id>45651512</swisstopo:routepoint_id>
				</extensions>
			</trkpt>
			<trkpt lat="46.8602966869" lon="8.6258222473">
				<ele>524.2</ele>
				<extensions>
					<swisstopo:routepoint_id>757058741</swisstopo:routepoint_id>
				</extensions>
			</trkpt>
			<trkpt lat="46.8602127906" lon="8.6257183708">
				<ele>525.5</ele>
				<extensions>
					<swisstopo:routepoint_id>1577149266</swisstopo:routepoint_id>
				</extensions>
			</trkpt>
			<trkpt lat="46.8601987958" lon="8.6256209167">
				<ele>527.7</ele>
				<extensions>
					<swisstopo:routepoint_id>20665319</swisstopo:routepoint_id>
				</extensions>
			</trkpt>
			<trkpt lat="46.8602009226" lon="8.6255772372">
				<ele>528.5</ele>
				<extensions>
					<swisstopo:routepoint_id>1598826890</swisstopo:routepoint_id>
				</extensions>
			</trkpt>
			<trkpt lat="46.8601370636" lon="8.6254689379">
				<ele>530.2</ele>
				<extensions>
					<swisstopo:routepoint_id>803788360</swisstopo:routepoint_id>
				</extensions>
			</trkpt>
			<trkpt lat="46.8600368319" lon="8.6253331336">
				<ele>532.4</ele>
				<extensions>
					<swisstopo:routepoint_id>2068312107</swisstopo:routepoint_id>
				</extensions>
			</trkpt>
			<trkpt lat="46.8599747968" lon="8.6252103188">
				<ele>534.7</ele>
				<extensions>
					<swisstopo:routepoint_id>768295353</swisstopo:routepoint_id>
				</extensions>
			</trkpt>
			<trkpt lat="46.8599421313" lon="8.6251464346">
				<ele>535.3</ele>
				<extensions>
					<swisstopo:routepoint_id>1264744537</swisstopo:routepoint_id>
				</extensions>
			</trkpt>
			<trkpt lat="46.8598581084" lon="8.6250547021">
				<ele>536.5</ele>
				<extensions>
					<swisstopo:routepoint_id>839033877</swisstopo:routepoint_id>
				</extensions>
			</trkpt>
			<trkpt lat="46.8597990156" lon="8.6249683866">
				<ele>538.3</ele>
				<extensions>
					<swisstopo:routepoint_id>1015718840</swisstopo:routepoint_id>
				</extensions>
			</trkpt>
			<trkpt lat="46.8597432604" lon="8.6248821434">
				<ele>540.3</ele>
				<extensions>
					<swisstopo:routepoint_id>1318935082</swisstopo:routepoint_id>
				</extensions>
			</trkpt>
			<trkpt lat="46.8596942846" lon="8.6247839063">
				<ele>540.9</ele>
				<extensions>
					<swisstopo:routepoint_id>1540767344</swisstopo:routepoint_id>
				</extensions>
			</trkpt>
			<trkpt lat="46.8595961356" lon="8.6246882308">
				<ele>543.9</ele>
				<extensions>
					<swisstopo:routepoint_id>525494944</swisstopo:routepoint_id>
				</extensions>
			</trkpt>
			<trkpt lat="46.8594694049" lon="8.6245372474">
				<ele>546.5</ele>
				<extensions>
					<swisstopo:routepoint_id>764498135</swisstopo:routepoint_id>
				</extensions>
			</trkpt>
			<trkpt lat="46.8593378270" lon="8.6243716021">
				<ele>550.3</ele>
				<extensions>
					<swisstopo:routepoint_id>1270749650</swisstopo:routepoint_id>
				</extensions>
			</trkpt>
			<trkpt lat="46.8592125085" lon="8.6242449668">
				<ele>553.3</ele>
				<extensions>
					<swisstopo:routepoint_id>152764545</swisstopo:routepoint_id>
				</extensions>
			</trkpt>
			<trkpt lat="46.8591266520" lon="8.6241677687">
				<ele>554.6</ele>
				<extensions>
					<swisstopo:routepoint_id>1664126839</swisstopo:routepoint_id>
				</extensions>
			</trkpt>
			<trkpt lat="46.8590730435" lon="8.6241167893">
				<ele>555.6</ele>
				<extensions>
					<swisstopo:routepoint_id>1341206193</swisstopo:routepoint_id>
				</extensions>
			</trkpt>
			<trkpt lat="46.8590315221" lon="8.6241037295">
				<ele>556.4</ele>
				<extensions>
					<swisstopo:routepoint_id>465429681</swisstopo:routepoint_id>
				</extensions>
			</trkpt>
			<trkpt lat="46.8590067296" lon="8.6240837604">
				<ele>557.1</ele>
				<extensions>
					<swisstopo:routepoint_id>774205322</swisstopo:routepoint_id>
				</extensions>
			</trkpt>
			<trkpt lat="46.8589541355" lon="8.6240145864">
				<ele>558.3</ele>
				<extensions>
					<swisstopo:routepoint_id>670599654</swisstopo:routepoint_id>
				</extensions>
			</trkpt>
			<trkpt lat="46.8589180854" lon="8.6239554964">
				<ele>559.7</ele>
				<extensions>
					<swisstopo:routepoint_id>101491796</swisstopo:routepoint_id>
				</extensions>
			</trkpt>
			<trkpt lat="46.8588905014" lon="8.6238844337">
				<ele>560.0</ele>
				<extensions>
					<swisstopo:routepoint_id>1551811173</swisstopo:routepoint_id>
				</extensions>
			</trkpt>
			<trkpt lat="46.8588674696" lon="8.6238547857">
				<ele>559.9</ele>
				<extensions>
					<swisstopo:routepoint_id>1526470605</swisstopo:routepoint_id>
				</extensions>
			</trkpt>
			<trkpt lat="46.8588325274" lon="8.6238515889">
				<ele>561.3</ele>
				<extensions>
					<swisstopo:routepoint_id>102692678</swisstopo:routepoint_id>
				</extensions>
			</trkpt>
			<trkpt lat="46.8587345117" lon="8.6238227017">
				<ele>563.0</ele>
				<extensions>
					<swisstopo:routepoint_id>1493163360</swisstopo:routepoint_id>
				</extensions>
			</trkpt>
			<trkpt lat="46.8586579550" lon="8.6238137357">
				<ele>564.4</ele>
				<extensions>
					<swisstopo:routepoint_id>344054212</swisstopo:routepoint_id>
				</extensions>
			</trkpt>
			<trkpt lat="46.8586117210" lon="8.6237738574">
				<ele>565.5</ele>
				<extensions>
					<swisstopo:routepoint_id>818663163</swisstopo:routepoint_id>
				</extensions>
			</trkpt>
			<trkpt lat="46.8585553110" lon="8.6237507522">
				<ele>566.9</ele>
				<extensions>
					<swisstopo:routepoint_id>1089953839</swisstopo:routepoint_id>
				</extensions>
			</trkpt>
			<trkpt lat="46.8585156847" lon="8.6237158720">
				<ele>567.8</ele>
				<extensions>
					<swisstopo:routepoint_id>543611911</swisstopo:routepoint_id>
				</extensions>
			</trkpt>
			<trkpt lat="46.8584178953" lon="8.6236651406">
				<ele>570.0</ele>
				<extensions>
					<swisstopo:routepoint_id>1333217587</swisstopo:routepoint_id>
				</extensions>
			</trkpt>
			<trkpt lat="46.8583535476" lon="8.6236030013">
				<ele>572.2</ele>
				<extensions>
					<swisstopo:routepoint_id>1111578120</swisstopo:routepoint_id>
				</extensions>
			</trkpt>
			<trkpt lat="46.8582905344" lon="8.6235748857">
				<ele>573.8</ele>
				<extensions>
					<swisstopo:routepoint_id>525724954</swisstopo:routepoint_id>
				</extensions>
			</trkpt>
			<trkpt lat="46.8582227823" lon="8.6235199510">
				<ele>575.9</ele>
				<extensions>
					<swisstopo:routepoint_id>146842651</swisstopo:routepoint_id>
				</extensions>
			</trkpt>
			<trkpt lat="46.8581101381" lon="8.6234567484">
				<ele>577.8</ele>
				<extensions>
					<swisstopo:routepoint_id>442231674</swisstopo:routepoint_id>
				</extensions>
			</trkpt>
			<trkpt lat="46.8580486591" lon="8.6234408228">
				<ele>578.7</ele>
				<extensions>
					<swisstopo:routepoint_id>1930678892</swisstopo:routepoint_id>
				</extensions>
			</trkpt>
			<trkpt lat="46.8579458924" lon="8.6233875573">
				<ele>580.3</ele>
				<extensions>
					<swisstopo:routepoint_id>1613378902</swisstopo:routepoint_id>
				</extensions>
			</trkpt>
			<trkpt lat="46.8578962747" lon="8.6233524578">
				<ele>581.8</ele>
				<extensions>
					<swisstopo:routepoint_id>423791822</swisstopo:routepoint_id>
				</extensions>
			</trkpt>
			<trkpt lat="46.8578568954" lon="8.6232932945">
				<ele>583.0</ele>
				<extensions>
					<swisstopo:routepoint_id>635185637</swisstopo:routepoint_id>
				</extensions>
			</trkpt>
			<trkpt lat="46.8578225227" lon="8.6232342431">
				<ele>583.7</ele>
				<extensions>
					<swisstopo:routepoint_id>1443363507</swisstopo:routepoint_id>
				</extensions>
			</trkpt>
			<trkpt lat="46.8577828417" lon="8.6232042150">
				<ele>584.5</ele>
				<extensions>
					<swisstopo:routepoint_id>952890398</swisstopo:routepoint_id>
				</extensions>
			</trkpt>
			<trkpt lat="46.8577066873" lon="8.6231563869">
				<ele>586.0</ele>
				<extensions>
					<swisstopo:routepoint_id>1918826371</swisstopo:routepoint_id>
				</extensions>
			</trkpt>
			<trkpt lat="46.8576638574" lon="8.6231093070">
				<ele>586.9</ele>
				<extensions>
					<swisstopo:routepoint_id>270226647</swisstopo:routepoint_id>
				</extensions>
			</trkpt>
			<trkpt lat="46.8576312616" lon="8.6230381362">
				<ele>588.1</ele>
				<extensions>
					<swisstopo:routepoint_id>17265456</swisstopo:routepoint_id>
				</extensions>
			</trkpt>
			<trkpt lat="46.8575541345" lon="8.6229247022">
				<ele>591.0</ele>
				<extensions>
					<swisstopo:routepoint_id>476083854</swisstopo:routepoint_id>
				</extensions>
			</trkpt>
			<trkpt lat="46.8574836979" lon="8.6228065618">
				<ele>593.2</ele>
				<extensions>
					<swisstopo:routepoint_id>111702076</swisstopo:routepoint_id>
				</extensions>
			</trkpt>
			<trkpt lat="46.8574419874" lon="8.6228070734">
				<ele>594.0</ele>
				<extensions>
					<swisstopo:routepoint_id>534481811</swisstopo:routepoint_id>
				</extensions>
			</trkpt>
			<trkpt lat="46.8574090127" lon="8.6228158026">
				<ele>594.6</ele>
				<extensions>
					<swisstopo:routepoint_id>1768795776</swisstopo:routepoint_id>
				</extensions>
			</trkpt>
			<trkpt lat="46.8572922896" lon="8.6228830957">
				<ele>596.8</ele>
				<extensions>
					<swisstopo:routepoint_id>959042873</swisstopo:routepoint_id>
				</extensions>
			</trkpt>
			<trkpt lat="46.8572613380" lon="8.6228983755">
				<ele>596.9</ele>
				<extensions>
					<swisstopo:routepoint_id>1000265427</swisstopo:routepoint_id>
				</extensions>
			</trkpt>
			<trkpt lat="46.8571994304" lon="8.6229047500">
				<ele>597.8</ele>
				<extensions>
					<swisstopo:routepoint_id>1758473863</swisstopo:routepoint_id>
				</extensions>
			</trkpt>
			<trkpt lat="46.8571577623" lon="8.6229062727">
				<ele>598.6</ele>
				<extensions>
					<swisstopo:routepoint_id>885700460</swisstopo:routepoint_id>
				</extensions>
			</trkpt>
			<trkpt lat="46.8570775999" lon="8.6229239432">
				<ele>600.0</ele>
				<extensions>
					<swisstopo:routepoint_id>1203803721</swisstopo:routepoint_id>
				</extensions>
			</trkpt>
			<trkpt lat="46.8569993284" lon="8.6229197949">
				<ele>601.4</ele>
				<extensions>
					<swisstopo:routepoint_id>1727948186</swisstopo:routepoint_id>
				</extensions>
			</trkpt>
			<trkpt lat="46.8569528592" lon="8.6229017625">
				<ele>602.3</ele>
				<extensions>
					<swisstopo:routepoint_id>541349954</swisstopo:routepoint_id>
				</extensions>
			</trkpt>
			<trkpt lat="46.8568901224" lon="8.6228469388">
				<ele>603.8</ele>
				<extensions>
					<swisstopo:routepoint_id>557506545</swisstopo:routepoint_id>
				</extensions>
			</trkpt>
			<trkpt lat="46.8568490531" lon="8.6227901667">
				<ele>605.0</ele>
				<extensions>
					<swisstopo:routepoint_id>1535611113</swisstopo:routepoint_id>
				</extensions>
			</trkpt>
			<trkpt lat="46.8568328888" lon="8.6227412478">
				<ele>605.8</ele>
				<extensions>
					<swisstopo:routepoint_id>635890655</swisstopo:routepoint_id>
				</extensions>
			</trkpt>
			<trkpt lat="46.8568157017" lon="8.6226315604">
				<ele>607.4</ele>
				<extensions>
					<swisstopo:routepoint_id>973924927</swisstopo:routepoint_id>
				</extensions>
			</trkpt>
			<trkpt lat="46.8568048156" lon="8.6225755969">
				<ele>608.2</ele>
				<extensions>
					<swisstopo:routepoint_id>98059968</swisstopo:routepoint_id>
				</extensions>
			</trkpt>
			<trkpt lat="46.8568014621" lon="8.6225583695">
				<ele>608.5</ele>
				<extensions>
					<swisstopo:routepoint_id>258618728</swisstopo:routepoint_id>
				</extensions>
			</trkpt>
			<trkpt lat="46.8567770508" lon="8.6225019643">
				<ele>609.5</ele>
				<extensions>
					<swisstopo:routepoint_id>345641809</swisstopo:routepoint_id>
				</extensions>
			</trkpt>
			<trkpt lat="46.8567475158" lon="8.6224576036">
				<ele>610.5</ele>
				<extensions>
					<swisstopo:routepoint_id>646425026</swisstopo:routepoint_id>
				</extensions>
			</trkpt>
			<trkpt lat="46.8567079395" lon="8.6224178743">
				<ele>611.6</ele>
				<extensions>
					<swisstopo:routepoint_id>1829750238</swisstopo:routepoint_id>
				</extensions>
			</trkpt>
			<trkpt lat="46.8566333826" lon="8.6223773627">
				<ele>613.6</ele>
				<extensions>
					<swisstopo:routepoint_id>2136731796</swisstopo:routepoint_id>
				</extensions>
			</trkpt>
			<trkpt lat="46.8565472614" lon="8.6223269051">
				<ele>616.2</ele>
				<extensions>
					<swisstopo:routepoint_id>671447362</swisstopo:routepoint_id>
				</extensions>
			</trkpt>
			<trkpt lat="46.8564845610" lon="8.6222672325">
				<ele>618.4</ele>
				<extensions>
					<swisstopo:routepoint_id>475228365</swisstopo:routepoint_id>
				</extensions>
			</trkpt>
			<trkpt lat="46.8564156550" lon="8.6221636987">
				<ele>620.7</ele>
				<extensions>
					<swisstopo:routepoint_id>917311854</swisstopo:routepoint_id>
				</extensions>
			</trkpt>
			<trkpt lat="46.8563761038" lon="8.6221215323">
				<ele>621.8</ele>
				<extensions>
					<swisstopo:routepoint_id>2055797091</swisstopo:routepoint_id>
				</extensions>
			</trkpt>
			<trkpt lat="46.8563462423" lon="8.6221087312">
				<ele>622.4</ele>
				<extensions>
					<swisstopo:routepoint_id>1731959847</swisstopo:routepoint_id>
				</extensions>
			</trkpt>
			<trkpt lat="46.8563162552" lon="8.6221080716">
				<ele>622.9</ele>
				<extensions>
					<swisstopo:routepoint_id>1680447992</swisstopo:routepoint_id>
				</extensions>
			</trkpt>
			<trkpt lat="46.8562759503" lon="8.6221387512">
				<ele>623.2</ele>
				<extensions>
					<swisstopo:routepoint_id>1253299224</swisstopo:routepoint_id>
				</extensions>
			</trkpt>
			<trkpt lat="46.8562276407" lon="8.6221376885">
				<ele>623.8</ele>
				<extensions>
					<swisstopo:routepoint_id>1906705794</swisstopo:routepoint_id>
				</extensions>
			</trkpt>
			<trkpt lat="46.8561405900" lon="8.6221770715">
				<ele>624.8</ele>
				<extensions>
					<swisstopo:routepoint_id>1307744056</swisstopo:routepoint_id>
				</extensions>
			</trkpt>
			<trkpt lat="46.8558759539" lon="8.6223097109">
				<ele>628.6</ele>
				<extensions>
					<swisstopo:routepoint_id>1110554419</swisstopo:routepoint_id>
				</extensions>
			</trkpt>
			<trkpt lat="46.8556413714" lon="8.6224357055">
				<ele>632.1</ele>
				<extensions>
					<swisstopo:routepoint_id>1157179893</swisstopo:routepoint_id>
				</extensions>
			</trkpt>
			<trkpt lat="46.8554453923" lon="8.6225358350">
				<ele>635.0</ele>
				<extensions>
					<swisstopo:routepoint_id>1393307483</swisstopo:routepoint_id>
				</extensions>
			</trkpt>
			<trkpt lat="46.8552980245" lon="8.6226078804">
				<ele>637.1</ele>
				<extensions>
					<swisstopo:routepoint_id>990963824</swisstopo:routepoint_id>
				</extensions>
			</trkpt>
			<trkpt lat="46.8551806184" lon="8.6226830115">
				<ele>638.9</ele>
				<extensions>
					<swisstopo:routepoint_id>1477116792</swisstopo:routepoint_id>
				</extensions>
			</trkpt>
			<trkpt lat="46.8551084223" lon="8.6227348623">
				<ele>640.0</ele>
				<extensions>
					<swisstopo:routepoint_id>1839382651</swisstopo:routepoint_id>
				</extensions>
			</trkpt>
			<trkpt lat="46.8550361138" lon="8.6227988415">
				<ele>641.3</ele>
				<extensions>
					<swisstopo:routepoint_id>660057858</swisstopo:routepoint_id>
				</extensions>
			</trkpt>
			<trkpt lat="46.8549554989" lon="8.6228602252">
				<ele>642.7</ele>
				<extensions>
					<swisstopo:routepoint_id>1194335081</swisstopo:routepoint_id>
				</extensions>
			</trkpt>
			<trkpt lat="46.8548792274" lon="8.6228245415">
				<ele>644.0</ele>
				<extensions>
					<swisstopo:routepoint_id>1730503086</swisstopo:routepoint_id>
				</extensions>
			</trkpt>
			<trkpt lat="46.8547929557" lon="8.6227886379">
				<ele>646.0</ele>
				<extensions>
					<swisstopo:routepoint_id>2040640468</swisstopo:routepoint_id>
				</extensions>
			</trkpt>
			<trkpt lat="46.8547316273" lon="8.6227581497">
				<ele>647.7</ele>
				<extensions>
					<swisstopo:routepoint_id>127255719</swisstopo:routepoint_id>
				</extensions>
			</trkpt>
			<trkpt lat="46.8546903439" lon="8.6227208094">
				<ele>648.9</ele>
				<extensions>
					<swisstopo:routepoint_id>1885045130</swisstopo:routepoint_id>
				</extensions>
			</trkpt>
			<trkpt lat="46.8546409729" lon="8.6226614319">
				<ele>650.6</ele>
				<extensions>
					<swisstopo:routepoint_id>1150837316</swisstopo:routepoint_id>
				</extensions>
			</trkpt>
			<trkpt lat="46.8546097485" lon="8.6226194481">
				<ele>651.8</ele>
				<extensions>
					<swisstopo:routepoint_id>183550744</swisstopo:routepoint_id>
				</extensions>
			</trkpt>
			<trkpt lat="46.8545782815" lon="8.6226017596">
				<ele>652.8</ele>
				<extensions>
					<swisstopo:routepoint_id>611022214</swisstopo:routepoint_id>
				</extensions>
			</trkpt>
			<trkpt lat="46.8545401939" lon="8.6225790606">
				<ele>653.8</ele>
				<extensions>
					<swisstopo:routepoint_id>777536087</swisstopo:routepoint_id>
				</extensions>
			</trkpt>
			<trkpt lat="46.8544872841" lon="8.6225390268">
				<ele>655.3</ele>
				<extensions>
					<swisstopo:routepoint_id>104820261</swisstopo:routepoint_id>
				</extensions>
			</trkpt>
			<trkpt lat="46.8544181815" lon="8.6224549405">
				<ele>657.4</ele>
				<extensions>
					<swisstopo:routepoint_id>1734271456</swisstopo:routepoint_id>
				</extensions>
			</trkpt>
			<trkpt lat="46.8543903112" lon="8.6224106057">
				<ele>658.3</ele>
				<extensions>
					<swisstopo:routepoint_id>136820478</swisstopo:routepoint_id>
				</extensions>
			</trkpt>
			<trkpt lat="46.8543526713" lon="8.6223441950">
				<ele>659.6</ele>
				<extensions>
					<swisstopo:routepoint_id>2033390348</swisstopo:routepoint_id>
				</extensions>
			</trkpt>
			<trkpt lat="46.8543066422" lon="8.6222848917">
				<ele>661.2</ele>
				<extensions>
					<swisstopo:routepoint_id>941553692</swisstopo:routepoint_id>
				</extensions>
			</trkpt>
			<trkpt lat="46.8542604493" lon="8.6222401539">
				<ele>662.7</ele>
				<extensions>
					<swisstopo:routepoint_id>759156417</swisstopo:routepoint_id>
				</extensions>
			</trkpt>
			<trkpt lat="46.8542124324" lon="8.6222099451">
				<ele>664.1</ele>
				<extensions>
					<swisstopo:routepoint_id>1691634150</swisstopo:routepoint_id>
				</extensions>
			</trkpt>
			<trkpt lat="46.8540964704" lon="8.6221442502">
				<ele>668.0</ele>
				<extensions>
					<swisstopo:routepoint_id>1732193726</swisstopo:routepoint_id>
				</extensions>
			</trkpt>
			<trkpt lat="46.8540649074" lon="8.6221362658">
				<ele>669.1</ele>
				<extensions>
					<swisstopo:routepoint_id>1346576716</swisstopo:routepoint_id>
				</extensions>
			</trkpt>
			<trkpt lat="46.8540097803" lon="8.6221496222">
				<ele>670.9</ele>
				<extensions>
					<swisstopo:routepoint_id>1541791174</swisstopo:routepoint_id>
				</extensions>
			</trkpt>
			<trkpt lat="46.8539461505" lon="8.6221798130">
				<ele>673.1</ele>
				<extensions>
					<swisstopo:routepoint_id>1095746657</swisstopo:routepoint_id>
				</extensions>
			</trkpt>
			<trkpt lat="46.8538959459" lon="8.6222005566">
				<ele>674.7</ele>
				<extensions>
					<swisstopo:routepoint_id>892944099</swisstopo:routepoint_id>
				</extensions>
			</trkpt>
			<trkpt lat="46.8538659676" lon="8.6221998972">
				<ele>675.7</ele>
				<extensions>
					<swisstopo:routepoint_id>1892884851</swisstopo:routepoint_id>
				</extensions>
			</trkpt>
			<trkpt lat="46.8538377454" lon="8.6221895595">
				<ele>676.8</ele>
				<extensions>
					<swisstopo:routepoint_id>33589195</swisstopo:routepoint_id>
				</extensions>
			</trkpt>
			<trkpt lat="46.8537602110" lon="8.6221149933">
				<ele>680.1</ele>
				<extensions>
					<swisstopo:routepoint_id>656117220</swisstopo:routepoint_id>
				</extensions>
			</trkpt>
			<trkpt lat="46.8536448267" lon="8.6219934486">
				<ele>685.1</ele>
				<extensions>
					<swisstopo:routepoint_id>1397621958</swisstopo:routepoint_id>
				</extensions>
			</trkpt>
			<trkpt lat="46.8535738246" lon="8.6219311704">
				<ele>687.8</ele>
				<extensions>
					<swisstopo:routepoint_id>1666628597</swisstopo:routepoint_id>
				</extensions>
			</trkpt>
			<trkpt lat="46.8535223660" lon="8.6219130431">
				<ele>689.4</ele>
				<extensions>
					<swisstopo:routepoint_id>1514722305</swisstopo:routepoint_id>
				</extensions>
			</trkpt>
			<trkpt lat="46.8534008286" lon="8.6219030658">
				<ele>693.1</ele>
				<extensions>
					<swisstopo:routepoint_id>771328971</swisstopo:routepoint_id>
				</extensions>
			</trkpt>
			<trkpt lat="46.8532493628" lon="8.6218876057">
				<ele>697.6</ele>
				<extensions>
					<swisstopo:routepoint_id>566208804</swisstopo:routepoint_id>
				</extensions>
			</trkpt>
			<trkpt lat="46.8531644080" lon="8.6218857375">
				<ele>700.1</ele>
				<extensions>
					<swisstopo:routepoint_id>953477074</swisstopo:routepoint_id>
				</extensions>
			</trkpt>
			<trkpt lat="46.8531045932" lon="8.6218698518">
				<ele>701.8</ele>
				<extensions>
					<swisstopo:routepoint_id>886802522</swisstopo:routepoint_id>
				</extensions>
			</trkpt>
			<trkpt lat="46.8530880520" lon="8.6218573445">
				<ele>702.3</ele>
				<extensions>
					<swisstopo:routepoint_id>2052217627</swisstopo:routepoint_id>
				</extensions>
			</trkpt>
			<trkpt lat="46.8530782868" lon="8.6218352567">
				<ele>702.6</ele>
				<extensions>
					<swisstopo:routepoint_id>1514617474</swisstopo:routepoint_id>
				</extensions>
			</trkpt>
			<trkpt lat="46.8530691744" lon="8.6217500546">
				<ele>704.0</ele>
				<extensions>
					<swisstopo:routepoint_id>1217512870</swisstopo:routepoint_id>
				</extensions>
			</trkpt>
			<trkpt lat="46.8530529595" lon="8.6217059759">
				<ele>704.9</ele>
				<extensions>
					<swisstopo:routepoint_id>761217207</swisstopo:routepoint_id>
				</extensions>
			</trkpt>
			<trkpt lat="46.8530151021" lon="8.6216614229">
				<ele>709.9</ele>
				<extensions>
					<swisstopo:routepoint_id>91914200</swisstopo:routepoint_id>
				</extensions>
			</trkpt>
			<trkpt lat="46.8529688835" lon="8.6216191386">
				<ele>714.4</ele>
				<extensions>
					<swisstopo:routepoint_id>2128706460</swisstopo:routepoint_id>
				</extensions>
			</trkpt>
			<trkpt lat="46.8529489261" lon="8.6216162602">
				<ele>715.9</ele>
				<extensions>
					<swisstopo:routepoint_id>157670973</swisstopo:routepoint_id>
				</extensions>
			</trkpt>
			<trkpt lat="46.8529237021" lon="8.6216375660">
				<ele>716.8</ele>
				<extensions>
					<swisstopo:routepoint_id>1473361790</swisstopo:routepoint_id>
				</extensions>
			</trkpt>
			<trkpt lat="46.8529000803" lon="8.6216661983">
				<ele>717.7</ele>
				<extensions>
					<swisstopo:routepoint_id>1022656333</swisstopo:routepoint_id>
				</extensions>
			</trkpt>
			<trkpt lat="46.8528851118" lon="8.6216634441">
				<ele>718.3</ele>
				<extensions>
					<swisstopo:routepoint_id>48486878</swisstopo:routepoint_id>
				</extensions>
			</trkpt>
			<trkpt lat="46.8528670493" lon="8.6216387471">
				<ele>719.1</ele>
				<extensions>
					<swisstopo:routepoint_id>1515264893</swisstopo:routepoint_id>
				</extensions>
			</trkpt>
			<trkpt lat="46.8528091665" lon="8.6215961793">
				<ele>721.7</ele>
				<extensions>
					<swisstopo:routepoint_id>353127422</swisstopo:routepoint_id>
				</extensions>
			</trkpt>
			<trkpt lat="46.8527661264" lon="8.6215685209">
				<ele>723.8</ele>
				<extensions>
					<swisstopo:routepoint_id>1598718898</swisstopo:routepoint_id>
				</extensions>
			</trkpt>
			<trkpt lat="46.8527411371" lon="8.6215679715">
				<ele>724.8</ele>
				<extensions>
					<swisstopo:routepoint_id>1169091843</swisstopo:routepoint_id>
				</extensions>
			</trkpt>
			<trkpt lat="46.8526975285" lon="8.6215961517">
				<ele>726.6</ele>
				<extensions>
					<swisstopo:routepoint_id>52456559</swisstopo:routepoint_id>
				</extensions>
			</trkpt>
			<trkpt lat="46.8526540113" lon="8.6216146427">
				<ele>728.4</ele>
				<extensions>
					<swisstopo:routepoint_id>681417430</swisstopo:routepoint_id>
				</extensions>
			</trkpt>
			<trkpt lat="46.8526123682" lon="8.6216137272">
				<ele>730.0</ele>
				<extensions>
					<swisstopo:routepoint_id>1325431623</swisstopo:routepoint_id>
				</extensions>
			</trkpt>
			<trkpt lat="46.8525758901" lon="8.6215959298">
				<ele>731.5</ele>
				<extensions>
					<swisstopo:routepoint_id>1692562255</swisstopo:routepoint_id>
				</extensions>
			</trkpt>
			<trkpt lat="46.8525412657" lon="8.6215611523">
				<ele>733.1</ele>
				<extensions>
					<swisstopo:routepoint_id>578018748</swisstopo:routepoint_id>
				</extensions>
			</trkpt>
			<trkpt lat="46.8524905810" lon="8.6214677442">
				<ele>736.0</ele>
				<extensions>
					<swisstopo:routepoint_id>1754104452</swisstopo:routepoint_id>
				</extensions>
			</trkpt>
			<trkpt lat="46.8524351245" lon="8.6213523729">
				<ele>739.1</ele>
				<extensions>
					<swisstopo:routepoint_id>1099975804</swisstopo:routepoint_id>
				</extensions>
			</trkpt>
			<trkpt lat="46.8524073541" lon="8.6212983258">
				<ele>740.6</ele>
				<extensions>
					<swisstopo:routepoint_id>360896876</swisstopo:routepoint_id>
				</extensions>
			</trkpt>
			<trkpt lat="46.8523626834" lon="8.6212682053">
				<ele>742.0</ele>
				<extensions>
					<swisstopo:routepoint_id>338492597</swisstopo:routepoint_id>
				</extensions>
			</trkpt>
			<trkpt lat="46.8522582762" lon="8.6212124867">
				<ele>745.0</ele>
				<extensions>
					<swisstopo:routepoint_id>2025608184</swisstopo:routepoint_id>
				</extensions>
			</trkpt>
			<trkpt lat="46.8521953377" lon="8.6211770873">
				<ele>746.8</ele>
				<extensions>
					<swisstopo:routepoint_id>1313373150</swisstopo:routepoint_id>
				</extensions>
			</trkpt>
			<trkpt lat="46.8521558315" lon="8.6211300853">
				<ele>748.2</ele>
				<extensions>
					<swisstopo:routepoint_id>1043218294</swisstopo:routepoint_id>
				</extensions>
			</trkpt>
			<trkpt lat="46.8521016289" lon="8.6210535978">
				<ele>750.4</ele>
				<extensions>
					<swisstopo:routepoint_id>1132515665</swisstopo:routepoint_id>
				</extensions>
			</trkpt>
			<trkpt lat="46.8520058966" lon="8.6209664925">
				<ele>753.5</ele>
				<extensions>
					<swisstopo:routepoint_id>684164929</swisstopo:routepoint_id>
				</extensions>
			</trkpt>
			<trkpt lat="46.8519297662" lon="8.6209162482">
				<ele>755.9</ele>
				<extensions>
					<swisstopo:routepoint_id>196811387</swisstopo:routepoint_id>
				</extensions>
			</trkpt>
			<trkpt lat="46.8518602524" lon="8.6208710012">
				<ele>758.0</ele>
				<extensions>
					<swisstopo:routepoint_id>1813496294</swisstopo:routepoint_id>
				</extensions>
			</trkpt>
			<trkpt lat="46.8517860875" lon="8.6207916490">
				<ele>760.6</ele>
				<extensions>
					<swisstopo:routepoint_id>1248579533</swisstopo:routepoint_id>
				</extensions>
			</trkpt>
			<trkpt lat="46.8517283723" lon="8.6207345311">
				<ele>762.7</ele>
				<extensions>
					<swisstopo:routepoint_id>446641514</swisstopo:routepoint_id>
				</extensions>
			</trkpt>
			<trkpt lat="46.8516555206" lon="8.6206892112">
				<ele>765.2</ele>
				<extensions>
					<swisstopo:routepoint_id>78223754</swisstopo:routepoint_id>
				</extensions>
			</trkpt>
			<trkpt lat="46.8515341672" lon="8.6206622604">
				<ele>768.9</ele>
				<extensions>
					<swisstopo:routepoint_id>581372572</swisstopo:routepoint_id>
				</extensions>
			</trkpt>
			<trkpt lat="46.8514459751" lon="8.6206506051">
				<ele>771.6</ele>
				<extensions>
					<swisstopo:routepoint_id>1596943654</swisstopo:routepoint_id>
				</extensions>
			</trkpt>
			<trkpt lat="46.8514012792" lon="8.6206228990">
				<ele>773.0</ele>
				<extensions>
					<swisstopo:routepoint_id>1906342921</swisstopo:routepoint_id>
				</extensions>
			</trkpt>
			<trkpt lat="46.8513467246" lon="8.6205804337">
				<ele>775.0</ele>
				<extensions>
					<swisstopo:routepoint_id>234449417</swisstopo:routepoint_id>
				</extensions>
			</trkpt>
			<trkpt lat="46.8512609879" lon="8.6204935372">
				<ele>778.3</ele>
				<extensions>
					<swisstopo:routepoint_id>564515809</swisstopo:routepoint_id>
				</extensions>
			</trkpt>
			<trkpt lat="46.8511981777" lon="8.6204435740">
				<ele>780.5</ele>
				<extensions>
					<swisstopo:routepoint_id>135473147</swisstopo:routepoint_id>
				</extensions>
			</trkpt>
			<trkpt lat="46.8511485045" lon="8.6204133450">
				<ele>782.2</ele>
				<extensions>
					<swisstopo:routepoint_id>1190726220</swisstopo:routepoint_id>
				</extensions>
			</trkpt>
			<trkpt lat="46.8510623072" lon="8.6203701723">
				<ele>784.8</ele>
				<extensions>
					<swisstopo:routepoint_id>2042269403</swisstopo:routepoint_id>
				</extensions>
			</trkpt>
			<trkpt lat="46.8510059552" lon="8.6203422236">
				<ele>786.6</ele>
				<extensions>
					<swisstopo:routepoint_id>142460823</swisstopo:routepoint_id>
				</extensions>
			</trkpt>
			<trkpt lat="46.8509729314" lon="8.6203123476">
				<ele>787.7</ele>
				<extensions>
					<swisstopo:routepoint_id>2048084598</swisstopo:routepoint_id>
				</extensions>
			</trkpt>
			<trkpt lat="46.8509187620" lon="8.6202334367">
				<ele>790.0</ele>
				<extensions>
					<swisstopo:routepoint_id>789887815</swisstopo:routepoint_id>
				</extensions>
			</trkpt>
			<trkpt lat="46.8508032502" lon="8.6201240411">
				<ele>794.5</ele>
				<extensions>
					<swisstopo:routepoint_id>438820059</swisstopo:routepoint_id>
				</extensions>
			</trkpt>
			<trkpt lat="46.8507503778" lon="8.6200815881">
				<ele>796.6</ele>
				<extensions>
					<swisstopo:routepoint_id>2001848344</swisstopo:routepoint_id>
				</extensions>
			</trkpt>
			<trkpt lat="46.8506494716" lon="8.6200113680">
				<ele>800.1</ele>
				<extensions>
					<swisstopo:routepoint_id>502906527</swisstopo:routepoint_id>
				</extensions>
			</trkpt>
			<trkpt lat="46.8506113537" lon="8.6199911113">
				<ele>801.5</ele>
				<extensions>
					<swisstopo:routepoint_id>1195347916</swisstopo:routepoint_id>
				</extensions>
			</trkpt>
			<trkpt lat="46.8505415887" lon="8.6199701454">
				<ele>803.9</ele>
				<extensions>
					<swisstopo:routepoint_id>1806783728</swisstopo:routepoint_id>
				</extensions>
			</trkpt>
			<trkpt lat="46.8504936550" lon="8.6199326658">
				<ele>805.8</ele>
				<extensions>
					<swisstopo:routepoint_id>2094693057</swisstopo:routepoint_id>
				</extensions>
			</trkpt>
			<trkpt lat="46.8504109665" lon="8.6198725625">
				<ele>809.0</ele>
				<extensions>
					<swisstopo:routepoint_id>286975396</swisstopo:routepoint_id>
				</extensions>
			</trkpt>
			<trkpt lat="46.8503412016" lon="8.6198515984">
				<ele>811.5</ele>
				<extensions>
					<swisstopo:routepoint_id>939916504</swisstopo:routepoint_id>
				</extensions>
			</trkpt>
			<trkpt lat="46.8502783908" lon="8.6198016623">
				<ele>814.0</ele>
				<extensions>
					<swisstopo:routepoint_id>1072200583</swisstopo:routepoint_id>
				</extensions>
			</trkpt>
			<trkpt lat="46.8501726914" lon="8.6197119040">
				<ele>818.4</ele>
				<extensions>
					<swisstopo:routepoint_id>1712990895</swisstopo:routepoint_id>
				</extensions>
			</trkpt>
			<trkpt lat="46.8500883250" lon="8.6196517662">
				<ele>821.8</ele>
				<extensions>
					<swisstopo:routepoint_id>1647609159</swisstopo:routepoint_id>
				</extensions>
			</trkpt>
			<trkpt lat="46.8500105797" lon="8.6195966255">
				<ele>824.5</ele>
				<extensions>
					<swisstopo:routepoint_id>177191643</swisstopo:routepoint_id>
				</extensions>
			</trkpt>
			<trkpt lat="46.8499610818" lon="8.6195493945">
				<ele>826.5</ele>
				<extensions>
					<swisstopo:routepoint_id>489381779</swisstopo:routepoint_id>
				</extensions>
			</trkpt>
			<trkpt lat="46.8499361810" lon="8.6195415569">
				<ele>827.2</ele>
				<extensions>
					<swisstopo:routepoint_id>2122724770</swisstopo:routepoint_id>
				</extensions>
			</trkpt>
			<trkpt lat="46.8498460692" lon="8.6195541471">
				<ele>829.6</ele>
				<extensions>
					<swisstopo:routepoint_id>398395267</swisstopo:routepoint_id>
				</extensions>
			</trkpt>
			<trkpt lat="46.8498378381" lon="8.6195442631">
				<ele>829.9</ele>
				<extensions>
					<swisstopo:routepoint_id>249053610</swisstopo:routepoint_id>
				</extensions>
			</trkpt>
			<trkpt lat="46.8498397281" lon="8.6195224456">
				<ele>830.1</ele>
				<extensions>
					<swisstopo:routepoint_id>1647394283</swisstopo:routepoint_id>
				</extensions>
			</trkpt>
			<trkpt lat="46.8498517599" lon="8.6194862828">
				<ele>830.7</ele>
				<extensions>
					<swisstopo:routepoint_id>1540786887</swisstopo:routepoint_id>
				</extensions>
			</trkpt>
			<trkpt lat="46.8498788484" lon="8.6194455987">
				<ele>831.8</ele>
				<extensions>
					<swisstopo:routepoint_id>1491587874</swisstopo:routepoint_id>
				</extensions>
			</trkpt>
			<trkpt lat="46.8498892659" lon="8.6194045343">
				<ele>832.6</ele>
				<extensions>
					<swisstopo:routepoint_id>19765816</swisstopo:routepoint_id>
				</extensions>
			</trkpt>
			<trkpt lat="46.8498773489" lon="8.6192682800">
				<ele>835.0</ele>
				<extensions>
					<swisstopo:routepoint_id>1959658265</swisstopo:routepoint_id>
				</extensions>
			</trkpt>
			<trkpt lat="46.8498632074" lon="8.6191853838">
				<ele>836.8</ele>
				<extensions>
					<swisstopo:routepoint_id>1248971549</swisstopo:routepoint_id>
				</extensions>
			</trkpt>
			<trkpt lat="46.8498436126" lon="8.6191460875">
				<ele>836.9</ele>
				<extensions>
					<swisstopo:routepoint_id>2070638512</swisstopo:routepoint_id>
				</extensions>
			</trkpt>
			<trkpt lat="46.8498277724" lon="8.6192158805">
				<ele>837.0</ele>
				<extensions>
					<swisstopo:routepoint_id>917151233</swisstopo:routepoint_id>
				</extensions>
			</trkpt>
			<trkpt lat="46.8498079487" lon="8.6192719755">
				<ele>837.2</ele>
				<extensions>
					<swisstopo:routepoint_id>1679121780</swisstopo:routepoint_id>
				</extensions>
			</trkpt>
			<trkpt lat="46.8497850714" lon="8.6193293927">
				<ele>837.3</ele>
				<extensions>
					<swisstopo:routepoint_id>1525072675</swisstopo:routepoint_id>
				</extensions>
			</trkpt>
			<trkpt lat="46.8497171360" lon="8.6194541912">
				<ele>838.1</ele>
				<extensions>
					<swisstopo:routepoint_id>2096592893</swisstopo:routepoint_id>
				</extensions>
			</trkpt>
			<trkpt lat="46.8496596225" lon="8.6195379141">
				<ele>839.2</ele>
				<extensions>
					<swisstopo:routepoint_id>2000541475</swisstopo:routepoint_id>
				</extensions>
			</trkpt>
			<trkpt lat="46.8496154376" lon="8.6196219534">
				<ele>840.5</ele>
				<extensions>
					<swisstopo:routepoint_id>1525730665</swisstopo:routepoint_id>
				</extensions>
			</trkpt>
			<trkpt lat="46.8495675553" lon="8.6197399019">
				<ele>842.6</ele>
				<extensions>
					<swisstopo:routepoint_id>1871584382</swisstopo:routepoint_id>
				</extensions>
			</trkpt>
			<trkpt lat="46.8495399533" lon="8.6198315832">
				<ele>844.0</ele>
				<extensions>
					<swisstopo:routepoint_id>24771579</swisstopo:routepoint_id>
				</extensions>
			</trkpt>
			<trkpt lat="46.8495037871" lon="8.6199430736">
				<ele>845.0</ele>
				<extensions>
					<swisstopo:routepoint_id>2113497458</swisstopo:routepoint_id>
				</extensions>
			</trkpt>
			<trkpt lat="46.8494560837" lon="8.6199985814">
				<ele>845.7</ele>
				<extensions>
					<swisstopo:routepoint_id>1837887237</swisstopo:routepoint_id>
				</extensions>
			</trkpt>
			<trkpt lat="46.8494393254" lon="8.6200304719">
				<ele>846.0</ele>
				<extensions>
					<swisstopo:routepoint_id>874333373</swisstopo:routepoint_id>
				</extensions>
			</trkpt>
			<trkpt lat="46.8494273972" lon="8.6200791331">
				<ele>846.5</ele>
				<extensions>
					<swisstopo:routepoint_id>546026772</swisstopo:routepoint_id>
				</extensions>
			</trkpt>
			<trkpt lat="46.8494276338" lon="8.6201259772">
				<ele>846.9</ele>
				<extensions>
					<swisstopo:routepoint_id>1414481466</swisstopo:routepoint_id>
				</extensions>
			</trkpt>
			<trkpt lat="46.8494301403" lon="8.6202001580">
				<ele>847.5</ele>
				<extensions>
					<swisstopo:routepoint_id>1730899504</swisstopo:routepoint_id>
				</extensions>
			</trkpt>
			<trkpt lat="46.8494358289" lon="8.6202949965">
				<ele>848.3</ele>
				<extensions>
					<swisstopo:routepoint_id>473502577</swisstopo:routepoint_id>
				</extensions>
			</trkpt>
			<trkpt lat="46.8494317728" lon="8.6203653228">
				<ele>848.8</ele>
				<extensions>
					<swisstopo:routepoint_id>455922839</swisstopo:routepoint_id>
				</extensions>
			</trkpt>
			<trkpt lat="46.8494179169" lon="8.6204160271">
				<ele>849.2</ele>
				<extensions>
					<swisstopo:routepoint_id>1985494396</swisstopo:routepoint_id>
				</extensions>
			</trkpt>
			<trkpt lat="46.8493957799" lon="8.6204616853">
				<ele>849.6</ele>
				<extensions>
					<swisstopo:routepoint_id>279558055</swisstopo:routepoint_id>
				</extensions>
			</trkpt>
			<trkpt lat="46.8493451830" lon="8.6205212859">
				<ele>850.3</ele>
				<extensions>
					<swisstopo:routepoint_id>723596088</swisstopo:routepoint_id>
				</extensions>
			</trkpt>
			<trkpt lat="46.8492947824" lon="8.6205614698">
				<ele>850.8</ele>
				<extensions>
					<swisstopo:routepoint_id>1710414690</swisstopo:routepoint_id>
				</extensions>
			</trkpt>
			<trkpt lat="46.8492472706" lon="8.6205686345">
				<ele>851.4</ele>
				<extensions>
					<swisstopo:routepoint_id>1346447647</swisstopo:routepoint_id>
				</extensions>
			</trkpt>
			<trkpt lat="46.8491919920" lon="8.6205847828">
				<ele>853.3</ele>
				<extensions>
					<swisstopo:routepoint_id>1933032609</swisstopo:routepoint_id>
				</extensions>
			</trkpt>
			<trkpt lat="46.8491381974" lon="8.6206009749">
				<ele>854.9</ele>
				<extensions>
					<swisstopo:routepoint_id>1836726541</swisstopo:routepoint_id>
				</extensions>
			</trkpt>
			<trkpt lat="46.8491143719" lon="8.6206004515">
				<ele>855.7</ele>
				<extensions>
					<swisstopo:routepoint_id>826673912</swisstopo:routepoint_id>
				</extensions>
			</trkpt>
			<trkpt lat="46.8490936856" lon="8.6205847987">
				<ele>856.5</ele>
				<extensions>
					<swisstopo:routepoint_id>2057963842</swisstopo:routepoint_id>
				</extensions>
			</trkpt>
			<trkpt lat="46.8490763449" lon="8.6205323082">
				<ele>857.4</ele>
				<extensions>
					<swisstopo:routepoint_id>1223167218</swisstopo:routepoint_id>
				</extensions>
			</trkpt>
			<trkpt lat="46.8490471248" lon="8.6204773815">
				<ele>858.6</ele>
				<extensions>
					<swisstopo:routepoint_id>724546644</swisstopo:routepoint_id>
				</extensions>
			</trkpt>
			<trkpt lat="46.8489911513" lon="8.6204153607">
				<ele>860.3</ele>
				<extensions>
					<swisstopo:routepoint_id>1943217460</swisstopo:routepoint_id>
				</extensions>
			</trkpt>
			<trkpt lat="46.8489158406" lon="8.6203529296">
				<ele>862.5</ele>
				<extensions>
					<swisstopo:routepoint_id>1405876022</swisstopo:routepoint_id>
				</extensions>
			</trkpt>
			<trkpt lat="46.8488787011" lon="8.6203434335">
				<ele>863.6</ele>
				<extensions>
					<swisstopo:routepoint_id>807098982</swisstopo:routepoint_id>
				</extensions>
			</trkpt>
			<trkpt lat="46.8488307947" lon="8.6203662601">
				<ele>865.3</ele>
				<extensions>
					<swisstopo:routepoint_id>2038796702</swisstopo:routepoint_id>
				</extensions>
			</trkpt>
			<trkpt lat="46.8487918034" lon="8.6203914449">
				<ele>866.8</ele>
				<extensions>
					<swisstopo:routepoint_id>396601449</swisstopo:routepoint_id>
				</extensions>
			</trkpt>
			<trkpt lat="46.8487587535" lon="8.6204189515">
				<ele>867.9</ele>
				<extensions>
					<swisstopo:routepoint_id>407108913</swisstopo:routepoint_id>
				</extensions>
			</trkpt>
			<trkpt lat="46.8487186455" lon="8.6204072134">
				<ele>869.3</ele>
				<extensions>
					<swisstopo:routepoint_id>66977363</swisstopo:routepoint_id>
				</extensions>
			</trkpt>
			<trkpt lat="46.8486755283" lon="8.6203997614">
				<ele>870.9</ele>
				<extensions>
					<swisstopo:routepoint_id>590571571</swisstopo:routepoint_id>
				</extensions>
			</trkpt>
			<trkpt lat="46.8486426804" lon="8.6204077076">
				<ele>872.0</ele>
				<extensions>
					<swisstopo:routepoint_id>1895039004</swisstopo:routepoint_id>
				</extensions>
			</trkpt>
			<trkpt lat="46.8486173840" lon="8.6204049895">
				<ele>873.0</ele>
				<extensions>
					<swisstopo:routepoint_id>1677391139</swisstopo:routepoint_id>
				</extensions>
			</trkpt>
			<trkpt lat="46.8486012448" lon="8.6203807566">
				<ele>873.6</ele>
				<extensions>
					<swisstopo:routepoint_id>752683767</swisstopo:routepoint_id>
				</extensions>
			</trkpt>
			<trkpt lat="46.8485782578" lon="8.6202999247">
				<ele>875.6</ele>
				<extensions>
					<swisstopo:routepoint_id>609650572</swisstopo:routepoint_id>
				</extensions>
			</trkpt>
			<trkpt lat="46.8485428495" lon="8.6202665755">
				<ele>877.1</ele>
				<extensions>
					<swisstopo:routepoint_id>198723551</swisstopo:routepoint_id>
				</extensions>
			</trkpt>
			<trkpt lat="46.8484922569" lon="8.6202611237">
				<ele>879.2</ele>
				<extensions>
					<swisstopo:routepoint_id>1406283319</swisstopo:routepoint_id>
				</extensions>
			</trkpt>
			<trkpt lat="46.8484580726" lon="8.6202538568">
				<ele>880.3</ele>
				<extensions>
					<swisstopo:routepoint_id>1799640981</swisstopo:routepoint_id>
				</extensions>
			</trkpt>
			<trkpt lat="46.8484493640" lon="8.6202319512">
				<ele>880.9</ele>
				<extensions>
					<swisstopo:routepoint_id>922501582</swisstopo:routepoint_id>
				</extensions>
			</trkpt>
			<trkpt lat="46.8484705617" lon="8.6201976810">
				<ele>881.8</ele>
				<extensions>
					<swisstopo:routepoint_id>455949554</swisstopo:routepoint_id>
				</extensions>
			</trkpt>
			<trkpt lat="46.8484857500" lon="8.6201697967">
				<ele>882.6</ele>
				<extensions>
					<swisstopo:routepoint_id>1342923132</swisstopo:routepoint_id>
				</extensions>
			</trkpt>
			<trkpt lat="46.8484816467" lon="8.6201349726">
				<ele>883.5</ele>
				<extensions>
					<swisstopo:routepoint_id>1945681943</swisstopo:routepoint_id>
				</extensions>
			</trkpt>
			<trkpt lat="46.8484654403" lon="8.6201172417">
				<ele>884.4</ele>
				<extensions>
					<swisstopo:routepoint_id>2034647932</swisstopo:routepoint_id>
				</extensions>
			</trkpt>
			<trkpt lat="46.8484384131" lon="8.6201383499">
				<ele>885.3</ele>
				<extensions>
					<swisstopo:routepoint_id>1311968183</swisstopo:routepoint_id>
				</extensions>
			</trkpt>
			<trkpt lat="46.8484220230" lon="8.6201379900">
				<ele>885.7</ele>
				<extensions>
					<swisstopo:routepoint_id>1408649473</swisstopo:routepoint_id>
				</extensions>
			</trkpt>
			<trkpt lat="46.8484164264" lon="8.6201031316">
				<ele>886.4</ele>
				<extensions>
					<swisstopo:routepoint_id>867663629</swisstopo:routepoint_id>
				</extensions>
			</trkpt>
			<trkpt lat="46.8484255249" lon="8.6200881476">
				<ele>886.6</ele>
				<extensions>
					<swisstopo:routepoint_id>1070663006</swisstopo:routepoint_id>
				</extensions>
			</trkpt>
			<trkpt lat="46.8484454846" lon="8.6200299733">
				<ele>888.0</ele>
				<extensions>
					<swisstopo:routepoint_id>47467549</swisstopo:routepoint_id>
				</extensions>
			</trkpt>
			<trkpt lat="46.8484489332" lon="8.6199844435">
				<ele>889.2</ele>
				<extensions>
					<swisstopo:routepoint_id>1822431530</swisstopo:routepoint_id>
				</extensions>
			</trkpt>
			<trkpt lat="46.8484329596" lon="8.6199450178">
				<ele>890.9</ele>
				<extensions>
					<swisstopo:routepoint_id>1918239242</swisstopo:routepoint_id>
				</extensions>
			</trkpt>
			<trkpt lat="46.8484106185" lon="8.6199445273">
				<ele>892.0</ele>
				<extensions>
					<swisstopo:routepoint_id>1427212655</swisstopo:routepoint_id>
				</extensions>
			</trkpt>
			<trkpt lat="46.8483793446" lon="8.6199438408">
				<ele>893.0</ele>
				<extensions>
					<swisstopo:routepoint_id>1947092463</swisstopo:routepoint_id>
				</extensions>
			</trkpt>
			<trkpt lat="46.8483706136" lon="8.6199240989">
				<ele>893.5</ele>
				<extensions>
					<swisstopo:routepoint_id>1659122673</swisstopo:routepoint_id>
				</extensions>
			</trkpt>
			<trkpt lat="46.8483627340" lon="8.6198218977">
				<ele>896.2</ele>
				<extensions>
					<swisstopo:routepoint_id>832157591</swisstopo:routepoint_id>
				</extensions>
			</trkpt>
			<trkpt lat="46.8483278677" lon="8.6197364519">
				<ele>899.1</ele>
				<extensions>
					<swisstopo:routepoint_id>633421110</swisstopo:routepoint_id>
				</extensions>
			</trkpt>
			<trkpt lat="46.8482980646" lon="8.6197379603">
				<ele>900.2</ele>
				<extensions>
					<swisstopo:routepoint_id>34919763</swisstopo:routepoint_id>
				</extensions>
			</trkpt>
			<trkpt lat="46.8482729699" lon="8.6197157095">
				<ele>901.8</ele>
				<extensions>
					<swisstopo:routepoint_id>1159543584</swisstopo:routepoint_id>
				</extensions>
			</trkpt>
			<trkpt lat="46.8482660594" lon="8.6196634490">
				<ele>903.7</ele>
				<extensions>
					<swisstopo:routepoint_id>1538969036</swisstopo:routepoint_id>
				</extensions>
			</trkpt>
			<trkpt lat="46.8481920403" lon="8.6196184087">
				<ele>907.5</ele>
				<extensions>
					<swisstopo:routepoint_id>258193368</swisstopo:routepoint_id>
				</extensions>
			</trkpt>
			<trkpt lat="46.8481746630" lon="8.6195702724">
				<ele>908.8</ele>
				<extensions>
					<swisstopo:routepoint_id>837312937</swisstopo:routepoint_id>
				</extensions>
			</trkpt>
			<trkpt lat="46.8480967466" lon="8.6194708485">
				<ele>912.9</ele>
				<extensions>
					<swisstopo:routepoint_id>269395659</swisstopo:routepoint_id>
				</extensions>
			</trkpt>
			<trkpt lat="46.8480218840" lon="8.6193628244">
				<ele>916.7</ele>
				<extensions>
					<swisstopo:routepoint_id>1729681414</swisstopo:routepoint_id>
				</extensions>
			</trkpt>
			<trkpt lat="46.8479201866" lon="8.6192585527">
				<ele>921.4</ele>
				<extensions>
					<swisstopo:routepoint_id>841872550</swisstopo:routepoint_id>
				</extensions>
			</trkpt>
			<trkpt lat="46.8478924504" lon="8.6192036589">
				<ele>923.3</ele>
				<extensions>
					<swisstopo:routepoint_id>1217217296</swisstopo:routepoint_id>
				</extensions>
			</trkpt>
			<trkpt lat="46.8478694760" lon="8.6191206648">
				<ele>925.7</ele>
				<extensions>
					<swisstopo:routepoint_id>848741810</swisstopo:routepoint_id>
				</extensions>
			</trkpt>
			<trkpt lat="46.8478282913" lon="8.6190698169">
				<ele>928.1</ele>
				<extensions>
					<swisstopo:routepoint_id>423107461</swisstopo:routepoint_id>
				</extensions>
			</trkpt>
			<trkpt lat="46.8477528279" lon="8.6190204069">
				<ele>931.8</ele>
				<extensions>
					<swisstopo:routepoint_id>412349190</swisstopo:routepoint_id>
				</extensions>
			</trkpt>
			<trkpt lat="46.8476951676" lon="8.6189778909">
				<ele>934.8</ele>
				<extensions>
					<swisstopo:routepoint_id>408643128</swisstopo:routepoint_id>
				</extensions>
			</trkpt>
			<trkpt lat="46.8476556818" lon="8.6189075545">
				<ele>937.8</ele>
				<extensions>
					<swisstopo:routepoint_id>28901050</swisstopo:routepoint_id>
				</extensions>
			</trkpt>
			<trkpt lat="46.8476119607" lon="8.6187912869">
				<ele>942.7</ele>
				<extensions>
					<swisstopo:routepoint_id>107842274</swisstopo:routepoint_id>
				</extensions>
			</trkpt>
			<trkpt lat="46.8475863958" lon="8.6186949403">
				<ele>945.8</ele>
				<extensions>
					<swisstopo:routepoint_id>852253452</swisstopo:routepoint_id>
				</extensions>
			</trkpt>
			<trkpt lat="46.8475771058" lon="8.6186186462">
				<ele>947.2</ele>
				<extensions>
					<swisstopo:routepoint_id>1998934160</swisstopo:routepoint_id>
				</extensions>
			</trkpt>
			<trkpt lat="46.8475913656" lon="8.6185482980">
				<ele>948.9</ele>
				<extensions>
					<swisstopo:routepoint_id>1349020277</swisstopo:routepoint_id>
				</extensions>
			</trkpt>
			<trkpt lat="46.8475825000" lon="8.6185075070">
				<ele>950.0</ele>
				<extensions>
					<swisstopo:routepoint_id>1343104042</swisstopo:routepoint_id>
				</extensions>
			</trkpt>
			<trkpt lat="46.8475701472" lon="8.6185049810">
				<ele>950.5</ele>
				<extensions>
					<swisstopo:routepoint_id>1148505154</swisstopo:routepoint_id>
				</extensions>
			</trkpt>
			<trkpt lat="46.8475343411" lon="8.6185267486">
				<ele>951.8</ele>
				<extensions>
					<swisstopo:routepoint_id>641489642</swisstopo:routepoint_id>
				</extensions>
			</trkpt>
			<trkpt lat="46.8475145335" lon="8.6184969957">
				<ele>953.3</ele>
				<extensions>
					<swisstopo:routepoint_id>564923347</swisstopo:routepoint_id>
				</extensions>
			</trkpt>
			<trkpt lat="46.8475104725" lon="8.6184405377">
				<ele>954.8</ele>
				<extensions>
					<swisstopo:routepoint_id>1075755920</swisstopo:routepoint_id>
				</extensions>
			</trkpt>
			<trkpt lat="46.8475069000" lon="8.6183367283">
				<ele>957.3</ele>
				<extensions>
					<swisstopo:routepoint_id>1361231573</swisstopo:routepoint_id>
				</extensions>
			</trkpt>
			<trkpt lat="46.8475117210" lon="8.6182811453">
				<ele>958.6</ele>
				<extensions>
					<swisstopo:routepoint_id>1092797131</swisstopo:routepoint_id>
				</extensions>
			</trkpt>
			<trkpt lat="46.8475267428" lon="8.6182131344">
				<ele>960.3</ele>
				<extensions>
					<swisstopo:routepoint_id>224690251</swisstopo:routepoint_id>
				</extensions>
			</trkpt>
			<trkpt lat="46.8475318732" lon="8.6181658846">
				<ele>961.1</ele>
				<extensions>
					<swisstopo:routepoint_id>584703389</swisstopo:routepoint_id>
				</extensions>
			</trkpt>
			<trkpt lat="46.8475150642" lon="8.6181452316">
				<ele>962.1</ele>
				<extensions>
					<swisstopo:routepoint_id>1215924263</swisstopo:routepoint_id>
				</extensions>
			</trkpt>
			<trkpt lat="46.8474919089" lon="8.6181402135">
				<ele>963.2</ele>
				<extensions>
					<swisstopo:routepoint_id>813859658</swisstopo:routepoint_id>
				</extensions>
			</trkpt>
			<trkpt lat="46.8474576489" lon="8.6181620025">
				<ele>964.4</ele>
				<extensions>
					<swisstopo:routepoint_id>1488861386</swisstopo:routepoint_id>
				</extensions>
			</trkpt>
			<trkpt lat="46.8474236125" lon="8.6181612564">
				<ele>965.8</ele>
				<extensions>
					<swisstopo:routepoint_id>557562921</swisstopo:routepoint_id>
				</extensions>
			</trkpt>
			<trkpt lat="46.8474036186" lon="8.6181495546">
				<ele>966.8</ele>
				<extensions>
					<swisstopo:routepoint_id>475988228</swisstopo:routepoint_id>
				</extensions>
			</trkpt>
			<trkpt lat="46.8474043625" lon="8.6180774008">
				<ele>968.5</ele>
				<extensions>
					<swisstopo:routepoint_id>308344977</swisstopo:routepoint_id>
				</extensions>
			</trkpt>
			<trkpt lat="46.8474050133" lon="8.6180142804">
				<ele>970.1</ele>
				<extensions>
					<swisstopo:routepoint_id>869898079</swisstopo:routepoint_id>
				</extensions>
			</trkpt>
			<trkpt lat="46.8473881665" lon="8.6179981243">
				<ele>971.6</ele>
				<extensions>
					<swisstopo:routepoint_id>5290458</swisstopo:routepoint_id>
				</extensions>
			</trkpt>
			<trkpt lat="46.8473617988" lon="8.6180043123">
				<ele>972.8</ele>
				<extensions>
					<swisstopo:routepoint_id>1801601994</swisstopo:routepoint_id>
				</extensions>
			</trkpt>
			<trkpt lat="46.8473304635" lon="8.6180419649">
				<ele>973.9</ele>
				<extensions>
					<swisstopo:routepoint_id>1702684667</swisstopo:routepoint_id>
				</extensions>
			</trkpt>
			<trkpt lat="46.8473087888" lon="8.6180437323">
				<ele>974.7</ele>
				<extensions>
					<swisstopo:routepoint_id>561153292</swisstopo:routepoint_id>
				</extensions>
			</trkpt>
			<trkpt lat="46.8472997878" lon="8.6180164848">
				<ele>975.6</ele>
				<extensions>
					<swisstopo:routepoint_id>1865777198</swisstopo:routepoint_id>
				</extensions>
			</trkpt>
			<trkpt lat="46.8473064176" lon="8.6179737784">
				<ele>976.6</ele>
				<extensions>
					<swisstopo:routepoint_id>1988644837</swisstopo:routepoint_id>
				</extensions>
			</trkpt>
			<trkpt lat="46.8473146395" lon="8.6179266109">
				<ele>977.4</ele>
				<extensions>
					<swisstopo:routepoint_id>775957003</swisstopo:routepoint_id>
				</extensions>
			</trkpt>
			<trkpt lat="46.8473057736" lon="8.6178858220">
				<ele>978.2</ele>
				<extensions>
					<swisstopo:routepoint_id>872609138</swisstopo:routepoint_id>
				</extensions>
			</trkpt>
			<trkpt lat="46.8472824555" lon="8.6178965873">
				<ele>979.0</ele>
				<extensions>
					<swisstopo:routepoint_id>68666111</swisstopo:routepoint_id>
				</extensions>
			</trkpt>
			<trkpt lat="46.8472707654" lon="8.6179797646">
				<ele>979.8</ele>
				<extensions>
					<swisstopo:routepoint_id>1598829746</swisstopo:routepoint_id>
				</extensions>
			</trkpt>
			<trkpt lat="46.8472486402" lon="8.6180243848">
				<ele>980.7</ele>
				<extensions>
					<swisstopo:routepoint_id>1039913176</swisstopo:routepoint_id>
				</extensions>
			</trkpt>
			<trkpt lat="46.8472126251" lon="8.6180664326">
				<ele>981.8</ele>
				<extensions>
					<swisstopo:routepoint_id>895240694</swisstopo:routepoint_id>
				</extensions>
			</trkpt>
			<trkpt lat="46.8471800460" lon="8.6180747396">
				<ele>983.0</ele>
				<extensions>
					<swisstopo:routepoint_id>1020833111</swisstopo:routepoint_id>
				</extensions>
			</trkpt>
			<trkpt lat="46.8471538962" lon="8.6180606349">
				<ele>984.3</ele>
				<extensions>
					<swisstopo:routepoint_id>1619330106</swisstopo:routepoint_id>
				</extensions>
			</trkpt>
			<trkpt lat="46.8471464135" lon="8.6180356759">
				<ele>985.3</ele>
				<extensions>
					<swisstopo:routepoint_id>1055247176</swisstopo:routepoint_id>
				</extensions>
			</trkpt>
			<trkpt lat="46.8471452628" lon="8.6179973113">
				<ele>986.3</ele>
				<extensions>
					<swisstopo:routepoint_id>1952053485</swisstopo:routepoint_id>
				</extensions>
			</trkpt>
			<trkpt lat="46.8471550817" lon="8.6179456541">
				<ele>987.4</ele>
				<extensions>
					<swisstopo:routepoint_id>189220435</swisstopo:routepoint_id>
				</extensions>
			</trkpt>
			<trkpt lat="46.8471460065" lon="8.6179251707">
				<ele>987.9</ele>
				<extensions>
					<swisstopo:routepoint_id>1319524772</swisstopo:routepoint_id>
				</extensions>
			</trkpt>
			<trkpt lat="46.8471242345" lon="8.6179359571">
				<ele>988.5</ele>
				<extensions>
					<swisstopo:routepoint_id>1967018670</swisstopo:routepoint_id>
				</extensions>
			</trkpt>
			<trkpt lat="46.8470991843" lon="8.6179362084">
				<ele>989.3</ele>
				<extensions>
					<swisstopo:routepoint_id>204809652</swisstopo:routepoint_id>
				</extensions>
			</trkpt>
			<trkpt lat="46.8471109124" lon="8.6178770413">
				<ele>990.7</ele>
				<extensions>
					<swisstopo:routepoint_id>53038051</swisstopo:routepoint_id>
				</extensions>
			</trkpt>
			<trkpt lat="46.8471175653" lon="8.6178320804">
				<ele>991.6</ele>
				<extensions>
					<swisstopo:routepoint_id>1548741734</swisstopo:routepoint_id>
				</extensions>
			</trkpt>
			<trkpt lat="46.8471021903" lon="8.6178227225">
				<ele>992.2</ele>
				<extensions>
					<swisstopo:routepoint_id>743220898</swisstopo:routepoint_id>
				</extensions>
			</trkpt>
			<trkpt lat="46.8470788533" lon="8.6178357426">
				<ele>993.0</ele>
				<extensions>
					<swisstopo:routepoint_id>385535871</swisstopo:routepoint_id>
				</extensions>
			</trkpt>
			<trkpt lat="46.8470667794" lon="8.6178061726">
				<ele>994.3</ele>
				<extensions>
					<swisstopo:routepoint_id>513415531</swisstopo:routepoint_id>
				</extensions>
			</trkpt>
			<trkpt lat="46.8470613118" lon="8.6177361383">
				<ele>996.0</ele>
				<extensions>
					<swisstopo:routepoint_id>1866796543</swisstopo:routepoint_id>
				</extensions>
			</trkpt>
			<trkpt lat="46.8470393140" lon="8.6176183945">
				<ele>999.3</ele>
				<extensions>
					<swisstopo:routepoint_id>581990083</swisstopo:routepoint_id>
				</extensions>
			</trkpt>
			<trkpt lat="46.8470186383" lon="8.6175232339">
				<ele>1001.4</ele>
				<extensions>
					<swisstopo:routepoint_id>1345741641</swisstopo:routepoint_id>
				</extensions>
			</trkpt>
			<trkpt lat="46.8469946295" lon="8.6174505512">
				<ele>1003.5</ele>
				<extensions>
					<swisstopo:routepoint_id>1039514798</swisstopo:routepoint_id>
				</extensions>
			</trkpt>
			<trkpt lat="46.8469809167" lon="8.6174299536">
				<ele>1004.4</ele>
				<extensions>
					<swisstopo:routepoint_id>784461333</swisstopo:routepoint_id>
				</extensions>
			</trkpt>
			<trkpt lat="46.8469605278" lon="8.6174565699">
				<ele>1005.3</ele>
				<extensions>
					<swisstopo:routepoint_id>1160354820</swisstopo:routepoint_id>
				</extensions>
			</trkpt>
			<trkpt lat="46.8469464156" lon="8.6174743028">
				<ele>1006.3</ele>
				<extensions>
					<swisstopo:routepoint_id>1008710434</swisstopo:routepoint_id>
				</extensions>
			</trkpt>
			<trkpt lat="46.8469156934" lon="8.6174533325">
				<ele>1007.9</ele>
				<extensions>
					<swisstopo:routepoint_id>1472645787</swisstopo:routepoint_id>
				</extensions>
			</trkpt>
			<trkpt lat="46.8468971292" lon="8.6174529258">
				<ele>1008.6</ele>
				<extensions>
					<swisstopo:routepoint_id>42508313</swisstopo:routepoint_id>
				</extensions>
			</trkpt>
			<trkpt lat="46.8468858621" lon="8.6174955158">
				<ele>1009.7</ele>
				<extensions>
					<swisstopo:routepoint_id>552621484</swisstopo:routepoint_id>
				</extensions>
			</trkpt>
			<trkpt lat="46.8468653614" lon="8.6175334074">
				<ele>1011.1</ele>
				<extensions>
					<swisstopo:routepoint_id>1904875280</swisstopo:routepoint_id>
				</extensions>
			</trkpt>
			<trkpt lat="46.8468361065" lon="8.6175192351">
				<ele>1012.4</ele>
				<extensions>
					<swisstopo:routepoint_id>922252297</swisstopo:routepoint_id>
				</extensions>
			</trkpt>
			<trkpt lat="46.8468228584" lon="8.6174535541">
				<ele>1014.3</ele>
				<extensions>
					<swisstopo:routepoint_id>1555309883</swisstopo:routepoint_id>
				</extensions>
			</trkpt>
			<trkpt lat="46.8468177854" lon="8.6173452026">
				<ele>1017.2</ele>
				<extensions>
					<swisstopo:routepoint_id>1094725276</swisstopo:routepoint_id>
				</extensions>
			</trkpt>
			<trkpt lat="46.8468110503" lon="8.6172480910">
				<ele>1020.1</ele>
				<extensions>
					<swisstopo:routepoint_id>1012411951</swisstopo:routepoint_id>
				</extensions>
			</trkpt>
			<trkpt lat="46.8468074302" lon="8.6171487922">
				<ele>1021.2</ele>
				<extensions>
					<swisstopo:routepoint_id>1314207278</swisstopo:routepoint_id>
				</extensions>
			</trkpt>
			<trkpt lat="46.8467940977" lon="8.6170921192">
				<ele>1022.5</ele>
				<extensions>
					<swisstopo:routepoint_id>2062720457</swisstopo:routepoint_id>
				</extensions>
			</trkpt>
			<trkpt lat="46.8467670158" lon="8.6170171145">
				<ele>1023.4</ele>
				<extensions>
					<swisstopo:routepoint_id>2054587510</swisstopo:routepoint_id>
				</extensions>
			</trkpt>
			<trkpt lat="46.8467518730" lon="8.6169852095">
				<ele>1024.3</ele>
				<extensions>
					<swisstopo:routepoint_id>1360139854</swisstopo:routepoint_id>
				</extensions>
			</trkpt>
			<trkpt lat="46.8467272094" lon="8.6169756486">
				<ele>1025.5</ele>
				<extensions>
					<swisstopo:routepoint_id>2055951212</swisstopo:routepoint_id>
				</extensions>
			</trkpt>
			<trkpt lat="46.8467113090" lon="8.6170181498">
				<ele>1026.9</ele>
				<extensions>
					<swisstopo:routepoint_id>488471378</swisstopo:routepoint_id>
				</extensions>
			</trkpt>
			<trkpt lat="46.8466905255" lon="8.6170830854">
				<ele>1028.7</ele>
				<extensions>
					<swisstopo:routepoint_id>1095300666</swisstopo:routepoint_id>
				</extensions>
			</trkpt>
			<trkpt lat="46.8466625145" lon="8.6170982586">
				<ele>1030.2</ele>
				<extensions>
					<swisstopo:routepoint_id>21786608</swisstopo:routepoint_id>
				</extensions>
			</trkpt>
			<trkpt lat="46.8466535555" lon="8.6170664891">
				<ele>1030.4</ele>
				<extensions>
					<swisstopo:routepoint_id>969033008</swisstopo:routepoint_id>
				</extensions>
			</trkpt>
			<trkpt lat="46.8466266724" lon="8.6169734471">
				<ele>1032.4</ele>
				<extensions>
					<swisstopo:routepoint_id>1704935047</swisstopo:routepoint_id>
				</extensions>
			</trkpt>
			<trkpt lat="46.8466107457" lon="8.6168671136">
				<ele>1034.5</ele>
				<extensions>
					<swisstopo:routepoint_id>1913632417</swisstopo:routepoint_id>
				</extensions>
			</trkpt>
			<trkpt lat="46.8465805950" lon="8.6167897869">
				<ele>1037.1</ele>
				<extensions>
					<swisstopo:routepoint_id>1556774374</swisstopo:routepoint_id>
				</extensions>
			</trkpt>
			<trkpt lat="46.8465430907" lon="8.6166762156">
				<ele>1040.0</ele>
				<extensions>
					<swisstopo:routepoint_id>778103451</swisstopo:routepoint_id>
				</extensions>
			</trkpt>
			<trkpt lat="46.8464928806" lon="8.6165939394">
				<ele>1042.5</ele>
				<extensions>
					<swisstopo:routepoint_id>1157543432</swisstopo:routepoint_id>
				</extensions>
			</trkpt>
			<trkpt lat="46.8464611142" lon="8.6165233320">
				<ele>1044.2</ele>
				<extensions>
					<swisstopo:routepoint_id>1529130383</swisstopo:routepoint_id>
				</extensions>
			</trkpt>
			<trkpt lat="46.8464291577" lon="8.6164707735">
				<ele>1046.0</ele>
				<extensions>
					<swisstopo:routepoint_id>744625236</swisstopo:routepoint_id>
				</extensions>
			</trkpt>
			<trkpt lat="46.8463865002" lon="8.6164066936">
				<ele>1048.1</ele>
				<extensions>
					<swisstopo:routepoint_id>1502017903</swisstopo:routepoint_id>
				</extensions>
			</trkpt>
			<trkpt lat="46.8463651228" lon="8.6163791615">
				<ele>1049.0</ele>
				<extensions>
					<swisstopo:routepoint_id>333577339</swisstopo:routepoint_id>
				</extensions>
			</trkpt>
			<trkpt lat="46.8463464514" lon="8.6163900305">
				<ele>1049.8</ele>
				<extensions>
					<swisstopo:routepoint_id>2063812069</swisstopo:routepoint_id>
				</extensions>
			</trkpt>
			<trkpt lat="46.8463487539" lon="8.6164667585">
				<ele>1051.1</ele>
				<extensions>
					<swisstopo:routepoint_id>793849719</swisstopo:routepoint_id>
				</extensions>
			</trkpt>
			<trkpt lat="46.8463478022" lon="8.6165591906">
				<ele>1052.6</ele>
				<extensions>
					<swisstopo:routepoint_id>2120059649</swisstopo:routepoint_id>
				</extensions>
			</trkpt>
			<trkpt lat="46.8463314288" lon="8.6166467746">
				<ele>1054.0</ele>
				<extensions>
					<swisstopo:routepoint_id>1173467150</swisstopo:routepoint_id>
				</extensions>
			</trkpt>
			<trkpt lat="46.8463142015" lon="8.6166666944">
				<ele>1055.1</ele>
				<extensions>
					<swisstopo:routepoint_id>1624961207</swisstopo:routepoint_id>
				</extensions>
			</trkpt>
			<trkpt lat="46.8462835865" lon="8.6166344511">
				<ele>1056.2</ele>
				<extensions>
					<swisstopo:routepoint_id>107170599</swisstopo:routepoint_id>
				</extensions>
			</trkpt>
			<trkpt lat="46.8462440904" lon="8.6165636860">
				<ele>1058.7</ele>
				<extensions>
					<swisstopo:routepoint_id>2093314200</swisstopo:routepoint_id>
				</extensions>
			</trkpt>
			<trkpt lat="46.8462095760" lon="8.6164592019">
				<ele>1060.7</ele>
				<extensions>
					<swisstopo:routepoint_id>916258170</swisstopo:routepoint_id>
				</extensions>
			</trkpt>
			<trkpt lat="46.8461841097" lon="8.6163769846">
				<ele>1061.2</ele>
				<extensions>
					<swisstopo:routepoint_id>803875521</swisstopo:routepoint_id>
				</extensions>
			</trkpt>
			<trkpt lat="46.8461729578" lon="8.6163038903">
				<ele>1062.1</ele>
				<extensions>
					<swisstopo:routepoint_id>125137762</swisstopo:routepoint_id>
				</extensions>
			</trkpt>
			<trkpt lat="46.8461769212" lon="8.6162658080">
				<ele>1062.2</ele>
				<extensions>
					<swisstopo:routepoint_id>1320926464</swisstopo:routepoint_id>
				</extensions>
			</trkpt>
			<trkpt lat="46.8461868310" lon="8.6162278687">
				<ele>1063.0</ele>
				<extensions>
					<swisstopo:routepoint_id>2106802600</swisstopo:routepoint_id>
				</extensions>
			</trkpt>
			<trkpt lat="46.8461896620" lon="8.6161845693">
				<ele>1063.7</ele>
				<extensions>
					<swisstopo:routepoint_id>1838142385</swisstopo:routepoint_id>
				</extensions>
			</trkpt>
			<trkpt lat="46.8461790577" lon="8.6161739264">
				<ele>1064.1</ele>
				<extensions>
					<swisstopo:routepoint_id>205568623</swisstopo:routepoint_id>
				</extensions>
			</trkpt>
			<trkpt lat="46.8461598720" lon="8.6161873796">
				<ele>1064.7</ele>
				<extensions>
					<swisstopo:routepoint_id>74120669</swisstopo:routepoint_id>
				</extensions>
			</trkpt>
			<trkpt lat="46.8461418854" lon="8.6162008582">
				<ele>1065.4</ele>
				<extensions>
					<swisstopo:routepoint_id>527707597</swisstopo:routepoint_id>
				</extensions>
			</trkpt>
			<trkpt lat="46.8461206494" lon="8.6161830592">
				<ele>1066.6</ele>
				<extensions>
					<swisstopo:routepoint_id>1957388570</swisstopo:routepoint_id>
				</extensions>
			</trkpt>
			<trkpt lat="46.8461151941" lon="8.6161343608">
				<ele>1068.1</ele>
				<extensions>
					<swisstopo:routepoint_id>2053175738</swisstopo:routepoint_id>
				</extensions>
			</trkpt>
			<trkpt lat="46.8461059984" lon="8.6161029395">
				<ele>1069.2</ele>
				<extensions>
					<swisstopo:routepoint_id>260651653</swisstopo:routepoint_id>
				</extensions>
			</trkpt>
			<trkpt lat="46.8460882436" lon="8.6160938848">
				<ele>1070.0</ele>
				<extensions>
					<swisstopo:routepoint_id>1910096608</swisstopo:routepoint_id>
				</extensions>
			</trkpt>
			<trkpt lat="46.8460540105" lon="8.6160904867">
				<ele>1072.8</ele>
				<extensions>
					<swisstopo:routepoint_id>1086824449</swisstopo:routepoint_id>
				</extensions>
			</trkpt>
			<trkpt lat="46.8460109120" lon="8.6160692469">
				<ele>1075.1</ele>
				<extensions>
					<swisstopo:routepoint_id>2076378657</swisstopo:routepoint_id>
				</extensions>
			</trkpt>
			<trkpt lat="46.8459868327" lon="8.6160033311">
				<ele>1077.8</ele>
				<extensions>
					<swisstopo:routepoint_id>863742390</swisstopo:routepoint_id>
				</extensions>
			</trkpt>
			<trkpt lat="46.8459671723" lon="8.6159600513">
				<ele>1079.7</ele>
				<extensions>
					<swisstopo:routepoint_id>1398017631</swisstopo:routepoint_id>
				</extensions>
			</trkpt>
			<trkpt lat="46.8459285634" lon="8.6159524401">
				<ele>1081.6</ele>
				<extensions>
					<swisstopo:routepoint_id>1499629089</swisstopo:routepoint_id>
				</extensions>
			</trkpt>
			<trkpt lat="46.8458804978" lon="8.6159626654">
				<ele>1083.9</ele>
				<extensions>
					<swisstopo:routepoint_id>2026827229</swisstopo:routepoint_id>
				</extensions>
			</trkpt>
			<trkpt lat="46.8458416612" lon="8.6159776021">
				<ele>1085.1</ele>
				<extensions>
					<swisstopo:routepoint_id>951775155</swisstopo:routepoint_id>
				</extensions>
			</trkpt>
			<trkpt lat="46.8458087429" lon="8.6160197315">
				<ele>1085.8</ele>
				<extensions>
					<swisstopo:routepoint_id>738585545</swisstopo:routepoint_id>
				</extensions>
			</trkpt>
			<trkpt lat="46.8457726965" lon="8.6160640348">
				<ele>1088.4</ele>
				<extensions>
					<swisstopo:routepoint_id>249840490</swisstopo:routepoint_id>
				</extensions>
			</trkpt>
			<trkpt lat="46.8457354379" lon="8.6160767508">
				<ele>1091.5</ele>
				<extensions>
					<swisstopo:routepoint_id>312548036</swisstopo:routepoint_id>
				</extensions>
			</trkpt>
			<trkpt lat="46.8457124173" lon="8.6160582047">
				<ele>1092.2</ele>
				<extensions>
					<swisstopo:routepoint_id>978122203</swisstopo:routepoint_id>
				</extensions>
			</trkpt>
			<trkpt lat="46.8456775775" lon="8.6159852883">
				<ele>1094.1</ele>
				<extensions>
					<swisstopo:routepoint_id>720698869</swisstopo:routepoint_id>
				</extensions>
			</trkpt>
			<trkpt lat="46.8456518407" lon="8.6159305999">
				<ele>1095.4</ele>
				<extensions>
					<swisstopo:routepoint_id>1631195153</swisstopo:routepoint_id>
				</extensions>
			</trkpt>
			<trkpt lat="46.8456383827" lon="8.6158852144">
				<ele>1096.5</ele>
				<extensions>
					<swisstopo:routepoint_id>1972275914</swisstopo:routepoint_id>
				</extensions>
			</trkpt>
			<trkpt lat="46.8456202595" lon="8.6158419685">
				<ele>1098.1</ele>
				<extensions>
					<swisstopo:routepoint_id>289012483</swisstopo:routepoint_id>
				</extensions>
			</trkpt>
			<trkpt lat="46.8455878286" lon="8.6158367486">
				<ele>1099.3</ele>
				<extensions>
					<swisstopo:routepoint_id>773172640</swisstopo:routepoint_id>
				</extensions>
			</trkpt>
			<trkpt lat="46.8455691252" lon="8.6158498707">
				<ele>1100.4</ele>
				<extensions>
					<swisstopo:routepoint_id>1191147482</swisstopo:routepoint_id>
				</extensions>
			</trkpt>
			<trkpt lat="46.8455250665" lon="8.6159210608">
				<ele>1102.8</ele>
				<extensions>
					<swisstopo:routepoint_id>1031328117</swisstopo:routepoint_id>
				</extensions>
			</trkpt>
			<trkpt lat="46.8455026724" lon="8.6159927384">
				<ele>1104.3</ele>
				<extensions>
					<swisstopo:routepoint_id>790593958</swisstopo:routepoint_id>
				</extensions>
			</trkpt>
			<trkpt lat="46.8455111213" lon="8.6160740979">
				<ele>1105.9</ele>
				<extensions>
					<swisstopo:routepoint_id>910558640</swisstopo:routepoint_id>
				</extensions>
			</trkpt>
			<trkpt lat="46.8455120869" lon="8.6161304995">
				<ele>1106.7</ele>
				<extensions>
					<swisstopo:routepoint_id>1201505283</swisstopo:routepoint_id>
				</extensions>
			</trkpt>
			<trkpt lat="46.8455098913" lon="8.6161935846">
				<ele>1107.2</ele>
				<extensions>
					<swisstopo:routepoint_id>264050855</swisstopo:routepoint_id>
				</extensions>
			</trkpt>
			<trkpt lat="46.8454926641" lon="8.6162135043">
				<ele>1107.7</ele>
				<extensions>
					<swisstopo:routepoint_id>271278148</swisstopo:routepoint_id>
				</extensions>
			</trkpt>
			<trkpt lat="46.8454758548" lon="8.6161928399">
				<ele>1108.5</ele>
				<extensions>
					<swisstopo:routepoint_id>1359394883</swisstopo:routepoint_id>
				</extensions>
			</trkpt>
			<trkpt lat="46.8454637109" lon="8.6161700224">
				<ele>1109.3</ele>
				<extensions>
					<swisstopo:routepoint_id>2055440075</swisstopo:routepoint_id>
				</extensions>
			</trkpt>
			<trkpt lat="46.8454359641" lon="8.6161603937">
				<ele>1110.6</ele>
				<extensions>
					<swisstopo:routepoint_id>1233133375</swisstopo:routepoint_id>
				</extensions>
			</trkpt>
			<trkpt lat="46.8454034084" lon="8.6161664475">
				<ele>1112.2</ele>
				<extensions>
					<swisstopo:routepoint_id>150590163</swisstopo:routepoint_id>
				</extensions>
			</trkpt>
			<trkpt lat="46.8453967561" lon="8.6162114057">
				<ele>1113.0</ele>
				<extensions>
					<swisstopo:routepoint_id>1902934762</swisstopo:routepoint_id>
				</extensions>
			</trkpt>
			<trkpt lat="46.8453898254" lon="8.6162834086">
				<ele>1114.7</ele>
				<extensions>
					<swisstopo:routepoint_id>1186870414</swisstopo:routepoint_id>
				</extensions>
			</trkpt>
			<trkpt lat="46.8453875533" lon="8.6163624487">
				<ele>1117.0</ele>
				<extensions>
					<swisstopo:routepoint_id>1030177904</swisstopo:routepoint_id>
				</extensions>
			</trkpt>
			<trkpt lat="46.8453368855" lon="8.6163160778">
				<ele>1118.4</ele>
				<extensions>
					<swisstopo:routepoint_id>2060786960</swisstopo:routepoint_id>
				</extensions>
			</trkpt>
			<trkpt lat="46.8453007088" lon="8.6162228358">
				<ele>1119.3</ele>
				<extensions>
					<swisstopo:routepoint_id>752195486</swisstopo:routepoint_id>
				</extensions>
			</trkpt>
			<trkpt lat="46.8452768475" lon="8.6161366154">
				<ele>1121.1</ele>
				<extensions>
					<swisstopo:routepoint_id>1619825215</swisstopo:routepoint_id>
				</extensions>
			</trkpt>
			<trkpt lat="46.8452545926" lon="8.6160436774">
				<ele>1123.3</ele>
				<extensions>
					<swisstopo:routepoint_id>1674308208</swisstopo:routepoint_id>
				</extensions>
			</trkpt>
			<trkpt lat="46.8452350394" lon="8.6159891382">
				<ele>1124.4</ele>
				<extensions>
					<swisstopo:routepoint_id>2084207775</swisstopo:routepoint_id>
				</extensions>
			</trkpt>
			<trkpt lat="46.8452003941" lon="8.6158981845">
				<ele>1126.4</ele>
				<extensions>
					<swisstopo:routepoint_id>1306093566</swisstopo:routepoint_id>
				</extensions>
			</trkpt>
			<trkpt lat="46.8451649131" lon="8.6157373016">
				<ele>1129.3</ele>
				<extensions>
					<swisstopo:routepoint_id>414062778</swisstopo:routepoint_id>
				</extensions>
			</trkpt>
			<trkpt lat="46.8451564640" lon="8.6156559426">
				<ele>1131.5</ele>
				<extensions>
					<swisstopo:routepoint_id>637357202</swisstopo:routepoint_id>
				</extensions>
			</trkpt>
			<trkpt lat="46.8451666297" lon="8.6155704797">
				<ele>1133.5</ele>
				<extensions>
					<swisstopo:routepoint_id>33258946</swisstopo:routepoint_id>
				</extensions>
			</trkpt>
			<trkpt lat="46.8451689411" lon="8.6154961088">
				<ele>1135.2</ele>
				<extensions>
					<swisstopo:routepoint_id>1846963133</swisstopo:routepoint_id>
				</extensions>
			</trkpt>
			<trkpt lat="46.8451583198" lon="8.6154755792">
				<ele>1135.8</ele>
				<extensions>
					<swisstopo:routepoint_id>956108741</swisstopo:routepoint_id>
				</extensions>
			</trkpt>
			<trkpt lat="46.8451414306" lon="8.6154639468">
				<ele>1136.9</ele>
				<extensions>
					<swisstopo:routepoint_id>2001751349</swisstopo:routepoint_id>
				</extensions>
			</trkpt>
			<trkpt lat="46.8451257033" lon="8.6154883978">
				<ele>1137.1</ele>
				<extensions>
					<swisstopo:routepoint_id>2030051434</swisstopo:routepoint_id>
				</extensions>
			</trkpt>
			<trkpt lat="46.8450705682" lon="8.6155841522">
				<ele>1139.3</ele>
				<extensions>
					<swisstopo:routepoint_id>57618712</swisstopo:routepoint_id>
				</extensions>
			</trkpt>
			<trkpt lat="46.8450358822" lon="8.6156465399">
				<ele>1140.3</ele>
				<extensions>
					<swisstopo:routepoint_id>302698065</swisstopo:routepoint_id>
				</extensions>
			</trkpt>
			<trkpt lat="46.8450028625" lon="8.6156976736">
				<ele>1141.6</ele>
				<extensions>
					<swisstopo:routepoint_id>1557445164</swisstopo:routepoint_id>
				</extensions>
			</trkpt>
			<trkpt lat="46.8449795491" lon="8.6157084395">
				<ele>1142.4</ele>
				<extensions>
					<swisstopo:routepoint_id>1430896610</swisstopo:routepoint_id>
				</extensions>
			</trkpt>
			<trkpt lat="46.8449675905" lon="8.6156675978">
				<ele>1143.0</ele>
				<extensions>
					<swisstopo:routepoint_id>1996924218</swisstopo:routepoint_id>
				</extensions>
			</trkpt>
			<trkpt lat="46.8449789543" lon="8.6156159769">
				<ele>1144.1</ele>
				<extensions>
					<swisstopo:routepoint_id>583914423</swisstopo:routepoint_id>
				</extensions>
			</trkpt>
			<trkpt lat="46.8449809640" lon="8.6155709295">
				<ele>1144.9</ele>
				<extensions>
					<swisstopo:routepoint_id>1746693959</swisstopo:routepoint_id>
				</extensions>
			</trkpt>
			<trkpt lat="46.8449672740" lon="8.6155480785">
				<ele>1145.7</ele>
				<extensions>
					<swisstopo:routepoint_id>601660005</swisstopo:routepoint_id>
				</extensions>
			</trkpt>
			<trkpt lat="46.8449393096" lon="8.6155587427">
				<ele>1146.8</ele>
				<extensions>
					<swisstopo:routepoint_id>2054245032</swisstopo:routepoint_id>
				</extensions>
			</trkpt>
			<trkpt lat="46.8449113584" lon="8.6155694073">
				<ele>1148.0</ele>
				<extensions>
					<swisstopo:routepoint_id>150383472</swisstopo:routepoint_id>
				</extensions>
			</trkpt>
			<trkpt lat="46.8448916660" lon="8.6155283829">
				<ele>1149.3</ele>
				<extensions>
					<swisstopo:routepoint_id>1705525204</swisstopo:routepoint_id>
				</extensions>
			</trkpt>
			<trkpt lat="46.8448968140" lon="8.6154788812">
				<ele>1151.1</ele>
				<extensions>
					<swisstopo:routepoint_id>447563114</swisstopo:routepoint_id>
				</extensions>
			</trkpt>
			<trkpt lat="46.8449283253" lon="8.6154232041">
				<ele>1152.8</ele>
				<extensions>
					<swisstopo:routepoint_id>1002918231</swisstopo:routepoint_id>
				</extensions>
			</trkpt>
			<trkpt lat="46.8449397585" lon="8.6153648182">
				<ele>1153.9</ele>
				<extensions>
					<swisstopo:routepoint_id>1408758858</swisstopo:routepoint_id>
				</extensions>
			</trkpt>
			<trkpt lat="46.8449327898" lon="8.6152902576">
				<ele>1155.0</ele>
				<extensions>
					<swisstopo:routepoint_id>743851435</swisstopo:routepoint_id>
				</extensions>
			</trkpt>
			<trkpt lat="46.8449155795" lon="8.6151590931">
				<ele>1157.7</ele>
				<extensions>
					<swisstopo:routepoint_id>1319557772</swisstopo:routepoint_id>
				</extensions>
			</trkpt>
			<trkpt lat="46.8448994192" lon="8.6150753102">
				<ele>1159.4</ele>
				<extensions>
					<swisstopo:routepoint_id>941766766</swisstopo:routepoint_id>
				</extensions>
			</trkpt>
			<trkpt lat="46.8448551145" lon="8.6149594710">
				<ele>1162.7</ele>
				<extensions>
					<swisstopo:routepoint_id>1087277927</swisstopo:routepoint_id>
				</extensions>
			</trkpt>
			<trkpt lat="46.8448592366" lon="8.6148982117">
				<ele>1164.4</ele>
				<extensions>
					<swisstopo:routepoint_id>228012025</swisstopo:routepoint_id>
				</extensions>
			</trkpt>
			<trkpt lat="46.8448708143" lon="8.6148616476">
				<ele>1166.0</ele>
				<extensions>
					<swisstopo:routepoint_id>863632414</swisstopo:routepoint_id>
				</extensions>
			</trkpt>
			<trkpt lat="46.8449182913" lon="8.6148078396">
				<ele>1168.8</ele>
				<extensions>
					<swisstopo:routepoint_id>660894214</swisstopo:routepoint_id>
				</extensions>
			</trkpt>
			<trkpt lat="46.8449629609" lon="8.6147549272">
				<ele>1170.4</ele>
				<extensions>
					<swisstopo:routepoint_id>1044584977</swisstopo:routepoint_id>
				</extensions>
			</trkpt>
			<trkpt lat="46.8449978621" lon="8.6146980512">
				<ele>1172.5</ele>
				<extensions>
					<swisstopo:routepoint_id>362937951</swisstopo:routepoint_id>
				</extensions>
			</trkpt>
			<trkpt lat="46.8450162273" lon="8.6146571379">
				<ele>1173.3</ele>
				<extensions>
					<swisstopo:routepoint_id>465371475</swisstopo:routepoint_id>
				</extensions>
			</trkpt>
			<trkpt lat="46.8450515612" lon="8.6145735365">
				<ele>1175.3</ele>
				<extensions>
					<swisstopo:routepoint_id>617810960</swisstopo:routepoint_id>
				</extensions>
			</trkpt>
			<trkpt lat="46.8450598095" lon="8.6145241016">
				<ele>1176.2</ele>
				<extensions>
					<swisstopo:routepoint_id>21885971</swisstopo:routepoint_id>
				</extensions>
			</trkpt>
			<trkpt lat="46.8450460223" lon="8.6145102693">
				<ele>1176.7</ele>
				<extensions>
					<swisstopo:routepoint_id>2073887604</swisstopo:routepoint_id>
				</extensions>
			</trkpt>
			<trkpt lat="46.8450181551" lon="8.6145119156">
				<ele>1177.6</ele>
				<extensions>
					<swisstopo:routepoint_id>979760279</swisstopo:routepoint_id>
				</extensions>
			</trkpt>
			<trkpt lat="46.8449682380" lon="8.6145514185">
				<ele>1179.6</ele>
				<extensions>
					<swisstopo:routepoint_id>589348149</swisstopo:routepoint_id>
				</extensions>
			</trkpt>
			<trkpt lat="46.8449090454" lon="8.6145907060">
				<ele>1181.8</ele>
				<extensions>
					<swisstopo:routepoint_id>1984991242</swisstopo:routepoint_id>
				</extensions>
			</trkpt>
			<trkpt lat="46.8448440312" lon="8.6145937956">
				<ele>1184.3</ele>
				<extensions>
					<swisstopo:routepoint_id>727786301</swisstopo:routepoint_id>
				</extensions>
			</trkpt>
			<trkpt lat="46.8447882461" lon="8.6146015972">
				<ele>1185.8</ele>
				<extensions>
					<swisstopo:routepoint_id>612204554</swisstopo:routepoint_id>
				</extensions>
			</trkpt>
			<trkpt lat="46.8447604064" lon="8.6146009889">
				<ele>1187.0</ele>
				<extensions>
					<swisstopo:routepoint_id>88199912</swisstopo:routepoint_id>
				</extensions>
			</trkpt>
			<trkpt lat="46.8447700846" lon="8.6145628747">
				<ele>1187.5</ele>
				<extensions>
					<swisstopo:routepoint_id>1429787006</swisstopo:routepoint_id>
				</extensions>
			</trkpt>
			<trkpt lat="46.8448105046" lon="8.6145434615">
				<ele>1188.7</ele>
				<extensions>
					<swisstopo:routepoint_id>1607727080</swisstopo:routepoint_id>
				</extensions>
			</trkpt>
			<trkpt lat="46.8448323503" lon="8.6145258976">
				<ele>1189.0</ele>
				<extensions>
					<swisstopo:routepoint_id>19644953</swisstopo:routepoint_id>
				</extensions>
			</trkpt>
			<trkpt lat="46.8448264405" lon="8.6144987058">
				<ele>1189.5</ele>
				<extensions>
					<swisstopo:routepoint_id>286340840</swisstopo:routepoint_id>
				</extensions>
			</trkpt>
			<trkpt lat="46.8447986153" lon="8.6144958427">
				<ele>1190.7</ele>
				<extensions>
					<swisstopo:routepoint_id>1171441448</swisstopo:routepoint_id>
				</extensions>
			</trkpt>
			<trkpt lat="46.8447412930" lon="8.6145036108">
				<ele>1192.9</ele>
				<extensions>
					<swisstopo:routepoint_id>1523892510</swisstopo:routepoint_id>
				</extensions>
			</trkpt>
			<trkpt lat="46.8446979392" lon="8.6145071738">
				<ele>1194.3</ele>
				<extensions>
					<swisstopo:routepoint_id>24239799</swisstopo:routepoint_id>
				</extensions>
			</trkpt>
			<trkpt lat="46.8446702994" lon="8.6144862735">
				<ele>1195.3</ele>
				<extensions>
					<swisstopo:routepoint_id>1783076012</swisstopo:routepoint_id>
				</extensions>
			</trkpt>
			<trkpt lat="46.8446706005" lon="8.6144569760">
				<ele>1196.4</ele>
				<extensions>
					<swisstopo:routepoint_id>1966407385</swisstopo:routepoint_id>
				</extensions>
			</trkpt>
			<trkpt lat="46.8446945485" lon="8.6143853328">
				<ele>1198.7</ele>
				<extensions>
					<swisstopo:routepoint_id>772250258</swisstopo:routepoint_id>
				</extensions>
			</trkpt>
			<trkpt lat="46.8447272188" lon="8.6142903323">
				<ele>1200.9</ele>
				<extensions>
					<swisstopo:routepoint_id>1122149916</swisstopo:routepoint_id>
				</extensions>
			</trkpt>
			<trkpt lat="46.8447174747" lon="8.6142318647">
				<ele>1203.5</ele>
				<extensions>
					<swisstopo:routepoint_id>1624447061</swisstopo:routepoint_id>
				</extensions>
			</trkpt>
			<trkpt lat="46.8447062260" lon="8.6141855845">
				<ele>1204.9</ele>
				<extensions>
					<swisstopo:routepoint_id>2136975127</swisstopo:routepoint_id>
				</extensions>
			</trkpt>
			<trkpt lat="46.8447171899" lon="8.6141219443">
				<ele>1206.1</ele>
				<extensions>
					<swisstopo:routepoint_id>2039386921</swisstopo:routepoint_id>
				</extensions>
			</trkpt>
			<trkpt lat="46.8447537306" lon="8.6140461313">
				<ele>1207.7</ele>
				<extensions>
					<swisstopo:routepoint_id>307160266</swisstopo:routepoint_id>
				</extensions>
			</trkpt>
			<trkpt lat="46.8447642658" lon="8.6139245944">
				<ele>1209.9</ele>
				<extensions>
					<swisstopo:routepoint_id>1146654692</swisstopo:routepoint_id>
				</extensions>
			</trkpt>
			<trkpt lat="46.8447409959" lon="8.6137797796">
				<ele>1212.3</ele>
				<extensions>
					<swisstopo:routepoint_id>411370055</swisstopo:routepoint_id>
				</extensions>
			</trkpt>
			<trkpt lat="46.8447380089" lon="8.6136921163">
				<ele>1215.1</ele>
				<extensions>
					<swisstopo:routepoint_id>1133500256</swisstopo:routepoint_id>
				</extensions>
			</trkpt>
			<trkpt lat="46.8447449126" lon="8.6136208744">
				<ele>1216.1</ele>
				<extensions>
					<swisstopo:routepoint_id>843498129</swisstopo:routepoint_id>
				</extensions>
			</trkpt>
			<trkpt lat="46.8447440853" lon="8.6135654210">
				<ele>1217.6</ele>
				<extensions>
					<swisstopo:routepoint_id>1532433800</swisstopo:routepoint_id>
				</extensions>
			</trkpt>
			<trkpt lat="46.8447313109" lon="8.6135350769">
				<ele>1218.9</ele>
				<extensions>
					<swisstopo:routepoint_id>967589612</swisstopo:routepoint_id>
				</extensions>
			</trkpt>
			<trkpt lat="46.8447032306" lon="8.6135194116">
				<ele>1220.4</ele>
				<extensions>
					<swisstopo:routepoint_id>1564001156</swisstopo:routepoint_id>
				</extensions>
			</trkpt>
			<trkpt lat="46.8446834155" lon="8.6135039405">
				<ele>1221.6</ele>
				<extensions>
					<swisstopo:routepoint_id>1950294931</swisstopo:routepoint_id>
				</extensions>
			</trkpt>
			<trkpt lat="46.8446628644" lon="8.6134245599">
				<ele>1223.4</ele>
				<extensions>
					<swisstopo:routepoint_id>1584503333</swisstopo:routepoint_id>
				</extensions>
			</trkpt>
			<trkpt lat="46.8446436640" lon="8.6133470841">
				<ele>1224.7</ele>
				<extensions>
					<swisstopo:routepoint_id>2061714354</swisstopo:routepoint_id>
				</extensions>
			</trkpt>
			<trkpt lat="46.8446238995" lon="8.6132573894">
				<ele>1226.5</ele>
				<extensions>
					<swisstopo:routepoint_id>1614536657</swisstopo:routepoint_id>
				</extensions>
			</trkpt>
			<trkpt lat="46.8446107012" lon="8.6132007347">
				<ele>1228.2</ele>
				<extensions>
					<swisstopo:routepoint_id>841865699</swisstopo:routepoint_id>
				</extensions>
			</trkpt>
			<trkpt lat="46.8445835961" lon="8.6131559709">
				<ele>1230.4</ele>
				<extensions>
					<swisstopo:routepoint_id>1571148973</swisstopo:routepoint_id>
				</extensions>
			</trkpt>
			<trkpt lat="46.8445469424" lon="8.6131025279">
				<ele>1232.1</ele>
				<extensions>
					<swisstopo:routepoint_id>1809233778</swisstopo:routepoint_id>
				</extensions>
			</trkpt>
			<trkpt lat="46.8445179223" lon="8.6130436266">
				<ele>1233.9</ele>
				<extensions>
					<swisstopo:routepoint_id>916624587</swisstopo:routepoint_id>
				</extensions>
			</trkpt>
			<trkpt lat="46.8444894126" lon="8.6130025951">
				<ele>1235.3</ele>
				<extensions>
					<swisstopo:routepoint_id>2079946179</swisstopo:routepoint_id>
				</extensions>
			</trkpt>
			<trkpt lat="46.8444593504" lon="8.6129784299">
				<ele>1236.3</ele>
				<extensions>
					<swisstopo:routepoint_id>1104339479</swisstopo:routepoint_id>
				</extensions>
			</trkpt>
			<trkpt lat="46.8444264900" lon="8.6129598421">
				<ele>1237.5</ele>
				<extensions>
					<swisstopo:routepoint_id>249862252</swisstopo:routepoint_id>
				</extensions>
			</trkpt>
			<trkpt lat="46.8444112367" lon="8.6129698406">
				<ele>1237.9</ele>
				<extensions>
					<swisstopo:routepoint_id>325197581</swisstopo:routepoint_id>
				</extensions>
			</trkpt>
			<trkpt lat="46.8444018998" lon="8.6130081455">
				<ele>1238.9</ele>
				<extensions>
					<swisstopo:routepoint_id>1843147308</swisstopo:routepoint_id>
				</extensions>
			</trkpt>
			<trkpt lat="46.8444019747" lon="8.6130701514">
				<ele>1240.5</ele>
				<extensions>
					<swisstopo:routepoint_id>1174217313</swisstopo:routepoint_id>
				</extensions>
			</trkpt>
			<trkpt lat="46.8443958334" lon="8.6131339095">
				<ele>1242.1</ele>
				<extensions>
					<swisstopo:routepoint_id>250121956</swisstopo:routepoint_id>
				</extensions>
			</trkpt>
			<trkpt lat="46.8443794505" lon="8.6131880305">
				<ele>1243.7</ele>
				<extensions>
					<swisstopo:routepoint_id>646674889</swisstopo:routepoint_id>
				</extensions>
			</trkpt>
			<trkpt lat="46.8443640422" lon="8.6132139828">
				<ele>1244.7</ele>
				<extensions>
					<swisstopo:routepoint_id>471393696</swisstopo:routepoint_id>
				</extensions>
			</trkpt>
			<trkpt lat="46.8443454175" lon="8.6132177585">
				<ele>1244.9</ele>
				<extensions>
					<swisstopo:routepoint_id>588040170</swisstopo:routepoint_id>
				</extensions>
			</trkpt>
			<trkpt lat="46.8443361317" lon="8.6132557763">
				<ele>1245.4</ele>
				<extensions>
					<swisstopo:routepoint_id>1706956749</swisstopo:routepoint_id>
				</extensions>
			</trkpt>
			<trkpt lat="46.8443177202" lon="8.6133140871">
				<ele>1246.0</ele>
				<extensions>
					<swisstopo:routepoint_id>2008823548</swisstopo:routepoint_id>
				</extensions>
			</trkpt>
			<trkpt lat="46.8442937922" lon="8.6133778769">
				<ele>1246.7</ele>
				<extensions>
					<swisstopo:routepoint_id>491535130</swisstopo:routepoint_id>
				</extensions>
			</trkpt>
			<trkpt lat="46.8442710832" lon="8.6133507646">
				<ele>1247.2</ele>
				<extensions>
					<swisstopo:routepoint_id>91003742</swisstopo:routepoint_id>
				</extensions>
			</trkpt>
			<trkpt lat="46.8442538579" lon="8.6133269193">
				<ele>1247.9</ele>
				<extensions>
					<swisstopo:routepoint_id>320588295</swisstopo:routepoint_id>
				</extensions>
			</trkpt>
			<trkpt lat="46.8442399935" lon="8.6133021903">
				<ele>1248.5</ele>
				<extensions>
					<swisstopo:routepoint_id>1570734638</swisstopo:routepoint_id>
				</extensions>
			</trkpt>
			<trkpt lat="46.8442262771" lon="8.6132643260">
				<ele>1249.3</ele>
				<extensions>
					<swisstopo:routepoint_id>2075513037</swisstopo:routepoint_id>
				</extensions>
			</trkpt>
			<trkpt lat="46.8442092650" lon="8.6132188649">
				<ele>1250.2</ele>
				<extensions>
					<swisstopo:routepoint_id>1932564895</swisstopo:routepoint_id>
				</extensions>
			</trkpt>
			<trkpt lat="46.8441867941" lon="8.6131826853">
				<ele>1251.2</ele>
				<extensions>
					<swisstopo:routepoint_id>17747683</swisstopo:routepoint_id>
				</extensions>
			</trkpt>
			<trkpt lat="46.8441627048" lon="8.6131727717">
				<ele>1252.0</ele>
				<extensions>
					<swisstopo:routepoint_id>751946154</swisstopo:routepoint_id>
				</extensions>
			</trkpt>
			<trkpt lat="46.8441250592" lon="8.6131757129">
				<ele>1253.1</ele>
				<extensions>
					<swisstopo:routepoint_id>982875954</swisstopo:routepoint_id>
				</extensions>
			</trkpt>
			<trkpt lat="46.8440738144" lon="8.6131952579">
				<ele>1254.8</ele>
				<extensions>
					<swisstopo:routepoint_id>791996580</swisstopo:routepoint_id>
				</extensions>
			</trkpt>
			<trkpt lat="46.8440442663" lon="8.6131946130">
				<ele>1256.1</ele>
				<extensions>
					<swisstopo:routepoint_id>224927900</swisstopo:routepoint_id>
				</extensions>
			</trkpt>
			<trkpt lat="46.8440262913" lon="8.6131791950">
				<ele>1256.8</ele>
				<extensions>
					<swisstopo:routepoint_id>761030376</swisstopo:routepoint_id>
				</extensions>
			</trkpt>
			<trkpt lat="46.8440050827" lon="8.6131505559">
				<ele>1257.7</ele>
				<extensions>
					<swisstopo:routepoint_id>417607996</swisstopo:routepoint_id>
				</extensions>
			</trkpt>
			<trkpt lat="46.8439736547" lon="8.6131357751">
				<ele>1259.1</ele>
				<extensions>
					<swisstopo:routepoint_id>261065431</swisstopo:routepoint_id>
				</extensions>
			</trkpt>
			<trkpt lat="46.8439516864" lon="8.6131165201">
				<ele>1260.1</ele>
				<extensions>
					<swisstopo:routepoint_id>1399259504</swisstopo:routepoint_id>
				</extensions>
			</trkpt>
			<trkpt lat="46.8439159318" lon="8.6130640810">
				<ele>1262.0</ele>
				<extensions>
					<swisstopo:routepoint_id>643293386</swisstopo:routepoint_id>
				</extensions>
			</trkpt>
			<trkpt lat="46.8438748479" lon="8.6130087071">
				<ele>1264.0</ele>
				<extensions>
					<swisstopo:routepoint_id>1480162662</swisstopo:routepoint_id>
				</extensions>
			</trkpt>
			<trkpt lat="46.8438218478" lon="8.6129352276">
				<ele>1266.6</ele>
				<extensions>
					<swisstopo:routepoint_id>1558281861</swisstopo:routepoint_id>
				</extensions>
			</trkpt>
			<trkpt lat="46.8437887754" lon="8.6128837915">
				<ele>1268.2</ele>
				<extensions>
					<swisstopo:routepoint_id>262666578</swisstopo:routepoint_id>
				</extensions>
			</trkpt>
			<trkpt lat="46.8437476626" lon="8.6128312358">
				<ele>1269.9</ele>
				<extensions>
					<swisstopo:routepoint_id>1300618713</swisstopo:routepoint_id>
				</extensions>
			</trkpt>
			<trkpt lat="46.8437097412" lon="8.6127947196">
				<ele>1271.5</ele>
				<extensions>
					<swisstopo:routepoint_id>655425968</swisstopo:routepoint_id>
				</extensions>
			</trkpt>
			<trkpt lat="46.8436543867" lon="8.6127550165">
				<ele>1273.4</ele>
				<extensions>
					<swisstopo:routepoint_id>1056212010</swisstopo:routepoint_id>
				</extensions>
			</trkpt>
			<trkpt lat="46.8435976648" lon="8.6127171468">
				<ele>1275.2</ele>
				<extensions>
					<swisstopo:routepoint_id>550126335</swisstopo:routepoint_id>
				</extensions>
			</trkpt>
			<trkpt lat="46.8435437411" lon="8.6126690054">
				<ele>1277.0</ele>
				<extensions>
					<swisstopo:routepoint_id>22009717</swisstopo:routepoint_id>
				</extensions>
			</trkpt>
			<trkpt lat="46.8435025511" lon="8.6126239747">
				<ele>1278.7</ele>
				<extensions>
					<swisstopo:routepoint_id>1188419552</swisstopo:routepoint_id>
				</extensions>
			</trkpt>
			<trkpt lat="46.8434666988" lon="8.6125818653">
				<ele>1280.2</ele>
				<extensions>
					<swisstopo:routepoint_id>1070937637</swisstopo:routepoint_id>
				</extensions>
			</trkpt>
			<trkpt lat="46.8434363141" lon="8.6125304885">
				<ele>1281.5</ele>
				<extensions>
					<swisstopo:routepoint_id>1783521609</swisstopo:routepoint_id>
				</extensions>
			</trkpt>
			<trkpt lat="46.8434166612" lon="8.6124812199">
				<ele>1282.9</ele>
				<extensions>
					<swisstopo:routepoint_id>116124155</swisstopo:routepoint_id>
				</extensions>
			</trkpt>
			<trkpt lat="46.8434037147" lon="8.6124320984">
				<ele>1284.2</ele>
				<extensions>
					<swisstopo:routepoint_id>127013439</swisstopo:routepoint_id>
				</extensions>
			</trkpt>
			<trkpt lat="46.8433845989" lon="8.6123959929">
				<ele>1285.6</ele>
				<extensions>
					<swisstopo:routepoint_id>369399788</swisstopo:routepoint_id>
				</extensions>
			</trkpt>
			<trkpt lat="46.8433619542" lon="8.6123767108">
				<ele>1286.4</ele>
				<extensions>
					<swisstopo:routepoint_id>1700043989</swisstopo:routepoint_id>
				</extensions>
			</trkpt>
			<trkpt lat="46.8433465519" lon="8.6123716806">
				<ele>1287.2</ele>
				<extensions>
					<swisstopo:routepoint_id>54660294</swisstopo:routepoint_id>
				</extensions>
			</trkpt>
			<trkpt lat="46.8433190197" lon="8.6123710801">
				<ele>1288.3</ele>
				<extensions>
					<swisstopo:routepoint_id>252738580</swisstopo:routepoint_id>
				</extensions>
			</trkpt>
			<trkpt lat="46.8432954957" lon="8.6123724420">
				<ele>1289.3</ele>
				<extensions>
					<swisstopo:routepoint_id>265272136</swisstopo:routepoint_id>
				</extensions>
			</trkpt>
			<trkpt lat="46.8432699600" lon="8.6123737729">
				<ele>1290.3</ele>
				<extensions>
					<swisstopo:routepoint_id>1411909298</swisstopo:routepoint_id>
				</extensions>
			</trkpt>
			<trkpt lat="46.8432513767" lon="8.6123508295">
				<ele>1291.3</ele>
				<extensions>
					<swisstopo:routepoint_id>1980057030</swisstopo:routepoint_id>
				</extensions>
			</trkpt>
			<trkpt lat="46.8432228335" lon="8.6123173242">
				<ele>1292.8</ele>
				<extensions>
					<swisstopo:routepoint_id>2140446161</swisstopo:routepoint_id>
				</extensions>
			</trkpt>
			<trkpt lat="46.8432084509" lon="8.6122775721">
				<ele>1294.1</ele>
				<extensions>
					<swisstopo:routepoint_id>239829819</swisstopo:routepoint_id>
				</extensions>
			</trkpt>
			<trkpt lat="46.8432022913" lon="8.6122220168">
				<ele>1295.5</ele>
				<extensions>
					<swisstopo:routepoint_id>977862330</swisstopo:routepoint_id>
				</extensions>
			</trkpt>
			<trkpt lat="46.8432056262" lon="8.6121572810">
				<ele>1298.4</ele>
				<extensions>
					<swisstopo:routepoint_id>872493378</swisstopo:routepoint_id>
				</extensions>
			</trkpt>
			<trkpt lat="46.8432351048" lon="8.6120987529">
				<ele>1299.4</ele>
				<extensions>
					<swisstopo:routepoint_id>585764118</swisstopo:routepoint_id>
				</extensions>
			</trkpt>
			<trkpt lat="46.8432646911" lon="8.6120280202">
				<ele>1302.6</ele>
				<extensions>
					<swisstopo:routepoint_id>325345340</swisstopo:routepoint_id>
				</extensions>
			</trkpt>
			<trkpt lat="46.8433094120" lon="8.6119228604">
				<ele>1305.2</ele>
				<extensions>
					<swisstopo:routepoint_id>2112876476</swisstopo:routepoint_id>
				</extensions>
			</trkpt>
			<trkpt lat="46.8433517896" lon="8.6118495878">
				<ele>1307.0</ele>
				<extensions>
					<swisstopo:routepoint_id>1567519175</swisstopo:routepoint_id>
				</extensions>
			</trkpt>
			<trkpt lat="46.8433814059" lon="8.6117986144">
				<ele>1308.2</ele>
				<extensions>
					<swisstopo:routepoint_id>1653222523</swisstopo:routepoint_id>
				</extensions>
			</trkpt>
			<trkpt lat="46.8433818684" lon="8.6117535217">
				<ele>1309.1</ele>
				<extensions>
					<swisstopo:routepoint_id>54529735</swisstopo:routepoint_id>
				</extensions>
			</trkpt>
			<trkpt lat="46.8433681314" lon="8.6117351816">
				<ele>1310.1</ele>
				<extensions>
					<swisstopo:routepoint_id>1296773134</swisstopo:routepoint_id>
				</extensions>
			</trkpt>
			<trkpt lat="46.8433464016" lon="8.6117414732">
				<ele>1310.8</ele>
				<extensions>
					<swisstopo:routepoint_id>1373127628</swisstopo:routepoint_id>
				</extensions>
			</trkpt>
			<trkpt lat="46.8433090508" lon="8.6117632099">
				<ele>1312.3</ele>
				<extensions>
					<swisstopo:routepoint_id>1505632947</swisstopo:routepoint_id>
				</extensions>
			</trkpt>
			<trkpt lat="46.8432703767" lon="8.6117623669">
				<ele>1313.7</ele>
				<extensions>
					<swisstopo:routepoint_id>2084964378</swisstopo:routepoint_id>
				</extensions>
			</trkpt>
			<trkpt lat="46.8432474248" lon="8.6117370605">
				<ele>1315.0</ele>
				<extensions>
					<swisstopo:routepoint_id>842660328</swisstopo:routepoint_id>
				</extensions>
			</trkpt>
			<trkpt lat="46.8432604019" lon="8.6116787231">
				<ele>1317.3</ele>
				<extensions>
					<swisstopo:routepoint_id>1255932613</swisstopo:routepoint_id>
				</extensions>
			</trkpt>
			<trkpt lat="46.8432996542" lon="8.6116232007">
				<ele>1317.7</ele>
				<extensions>
					<swisstopo:routepoint_id>384927511</swisstopo:routepoint_id>
				</extensions>
			</trkpt>
			<trkpt lat="46.8433420168" lon="8.6115655036">
				<ele>1319.3</ele>
				<extensions>
					<swisstopo:routepoint_id>1809929838</swisstopo:routepoint_id>
				</extensions>
			</trkpt>
			<trkpt lat="46.8433977244" lon="8.6114889810">
				<ele>1322.0</ele>
				<extensions>
					<swisstopo:routepoint_id>500595191</swisstopo:routepoint_id>
				</extensions>
			</trkpt>
			<trkpt lat="46.8434382635" lon="8.6113987676">
				<ele>1324.8</ele>
				<extensions>
					<swisstopo:routepoint_id>487739970</swisstopo:routepoint_id>
				</extensions>
			</trkpt>
			<trkpt lat="46.8434679833" lon="8.6113158180">
				<ele>1327.4</ele>
				<extensions>
					<swisstopo:routepoint_id>140835052</swisstopo:routepoint_id>
				</extensions>
			</trkpt>
			<trkpt lat="46.8435046124" lon="8.6112123551">
				<ele>1331.3</ele>
				<extensions>
					<swisstopo:routepoint_id>2041823616</swisstopo:routepoint_id>
				</extensions>
			</trkpt>
			<trkpt lat="46.8435245869" lon="8.6111630197">
				<ele>1332.9</ele>
				<extensions>
					<swisstopo:routepoint_id>822086281</swisstopo:routepoint_id>
				</extensions>
			</trkpt>
			<trkpt lat="46.8435245223" lon="8.6111029037">
				<ele>1334.7</ele>
				<extensions>
					<swisstopo:routepoint_id>1500617007</swisstopo:routepoint_id>
				</extensions>
			</trkpt>
			<trkpt lat="46.8435262766" lon="8.6110616145">
				<ele>1336.8</ele>
				<extensions>
					<swisstopo:routepoint_id>1865705322</swisstopo:routepoint_id>
				</extensions>
			</trkpt>
			<trkpt lat="46.8435502100" lon="8.6110198789">
				<ele>1338.4</ele>
				<extensions>
					<swisstopo:routepoint_id>341137595</swisstopo:routepoint_id>
				</extensions>
			</trkpt>
			<trkpt lat="46.8435913919" lon="8.6109350669">
				<ele>1340.8</ele>
				<extensions>
					<swisstopo:routepoint_id>2023052878</swisstopo:routepoint_id>
				</extensions>
			</trkpt>
			<trkpt lat="46.8436078116" lon="8.6108429645">
				<ele>1343.5</ele>
				<extensions>
					<swisstopo:routepoint_id>1675354385</swisstopo:routepoint_id>
				</extensions>
			</trkpt>
			<trkpt lat="46.8436117120" lon="8.6107641320">
				<ele>1345.5</ele>
				<extensions>
					<swisstopo:routepoint_id>1524433585</swisstopo:routepoint_id>
				</extensions>
			</trkpt>
			<trkpt lat="46.8436462709" lon="8.6107130301">
				<ele>1347.5</ele>
				<extensions>
					<swisstopo:routepoint_id>94515074</swisstopo:routepoint_id>
				</extensions>
			</trkpt>
			<trkpt lat="46.8436612323" lon="8.6106118874">
				<ele>1350.1</ele>
				<extensions>
					<swisstopo:routepoint_id>1455725335</swisstopo:routepoint_id>
				</extensions>
			</trkpt>
			<trkpt lat="46.8436776517" lon="8.6105197840">
				<ele>1352.7</ele>
				<extensions>
					<swisstopo:routepoint_id>335363409</swisstopo:routepoint_id>
				</extensions>
			</trkpt>
			<trkpt lat="46.8436642147" lon="8.6104721463">
				<ele>1354.6</ele>
				<extensions>
					<swisstopo:routepoint_id>146320232</swisstopo:routepoint_id>
				</extensions>
			</trkpt>
			<trkpt lat="46.8436394582" lon="8.6104716072">
				<ele>1356.0</ele>
				<extensions>
					<swisstopo:routepoint_id>416549236</swisstopo:routepoint_id>
				</extensions>
			</trkpt>
			<trkpt lat="46.8435988081" lon="8.6105135569">
				<ele>1357.7</ele>
				<extensions>
					<swisstopo:routepoint_id>466269077</swisstopo:routepoint_id>
				</extensions>
			</trkpt>
			<trkpt lat="46.8435395431" lon="8.6105596243">
				<ele>1359.9</ele>
				<extensions>
					<swisstopo:routepoint_id>27626747</swisstopo:routepoint_id>
				</extensions>
			</trkpt>
			<trkpt lat="46.8434758020" lon="8.6105898076">
				<ele>1362.0</ele>
				<extensions>
					<swisstopo:routepoint_id>1206435903</swisstopo:routepoint_id>
				</extensions>
			</trkpt>
			<trkpt lat="46.8434029528" lon="8.6106017525">
				<ele>1364.1</ele>
				<extensions>
					<swisstopo:routepoint_id>1947079327</swisstopo:routepoint_id>
				</extensions>
			</trkpt>
			<trkpt lat="46.8433340594" lon="8.6106083283">
				<ele>1366.0</ele>
				<extensions>
					<swisstopo:routepoint_id>248251343</swisstopo:routepoint_id>
				</extensions>
			</trkpt>
			<trkpt lat="46.8432436474" lon="8.6106460210">
				<ele>1368.4</ele>
				<extensions>
					<swisstopo:routepoint_id>428821525</swisstopo:routepoint_id>
				</extensions>
			</trkpt>
			<trkpt lat="46.8431634779" lon="8.6107053072">
				<ele>1370.4</ele>
				<extensions>
					<swisstopo:routepoint_id>115532459</swisstopo:routepoint_id>
				</extensions>
			</trkpt>
			<trkpt lat="46.8430684566" lon="8.6107825737">
				<ele>1372.0</ele>
				<extensions>
					<swisstopo:routepoint_id>1989179565</swisstopo:routepoint_id>
				</extensions>
			</trkpt>
			<trkpt lat="46.8429381431" lon="8.6108316030">
				<ele>1374.7</ele>
				<extensions>
					<swisstopo:routepoint_id>1999768445</swisstopo:routepoint_id>
				</extensions>
			</trkpt>
			<trkpt lat="46.8428294486" lon="8.6108139741">
				<ele>1377.9</ele>
				<extensions>
					<swisstopo:routepoint_id>35512152</swisstopo:routepoint_id>
				</extensions>
			</trkpt>
			<trkpt lat="46.8427475681" lon="8.6108366036">
				<ele>1380.2</ele>
				<extensions>
					<swisstopo:routepoint_id>2007446367</swisstopo:routepoint_id>
				</extensions>
			</trkpt>
			<trkpt lat="46.8426369663" lon="8.6108006303">
				<ele>1383.8</ele>
				<extensions>
					<swisstopo:routepoint_id>302941851</swisstopo:routepoint_id>
				</extensions>
			</trkpt>
			<trkpt lat="46.8425029633" lon="8.6108007533">
				<ele>1387.9</ele>
				<extensions>
					<swisstopo:routepoint_id>1320809270</swisstopo:routepoint_id>
				</extensions>
			</trkpt>
			<trkpt lat="46.8423876446" lon="8.6108165444">
				<ele>1391.0</ele>
				<extensions>
					<swisstopo:routepoint_id>502227140</swisstopo:routepoint_id>
				</extensions>
			</trkpt>
			<trkpt lat="46.8422728709" lon="8.6108138877">
				<ele>1393.2</ele>
				<extensions>
					<swisstopo:routepoint_id>1961220249</swisstopo:routepoint_id>
				</extensions>
			</trkpt>
			<trkpt lat="46.8422077643" lon="8.6108259999">
				<ele>1394.6</ele>
				<extensions>
					<swisstopo:routepoint_id>348681895</swisstopo:routepoint_id>
				</extensions>
			</trkpt>
			<trkpt lat="46.8421596529" lon="8.6108407373">
				<ele>1396.1</ele>
				<extensions>
					<swisstopo:routepoint_id>1619545660</swisstopo:routepoint_id>
				</extensions>
			</trkpt>
			<trkpt lat="46.8421366545" lon="8.6108199410">
				<ele>1396.7</ele>
				<extensions>
					<swisstopo:routepoint_id>613918664</swisstopo:routepoint_id>
				</extensions>
			</trkpt>
			<trkpt lat="46.8421322477" lon="8.6107973075">
				<ele>1397.1</ele>
				<extensions>
					<swisstopo:routepoint_id>684900712</swisstopo:routepoint_id>
				</extensions>
			</trkpt>
			<trkpt lat="46.8421372090" lon="8.6107658440">
				<ele>1397.8</ele>
				<extensions>
					<swisstopo:routepoint_id>755052405</swisstopo:routepoint_id>
				</extensions>
			</trkpt>
			<trkpt lat="46.8421328254" lon="8.6107409423">
				<ele>1398.5</ele>
				<extensions>
					<swisstopo:routepoint_id>243963904</swisstopo:routepoint_id>
				</extensions>
			</trkpt>
			<trkpt lat="46.8421111969" lon="8.6107382163">
				<ele>1399.2</ele>
				<extensions>
					<swisstopo:routepoint_id>3336618</swisstopo:routepoint_id>
				</extensions>
			</trkpt>
			<trkpt lat="46.8420615770" lon="8.6107484115">
				<ele>1400.9</ele>
				<extensions>
					<swisstopo:routepoint_id>820431715</swisstopo:routepoint_id>
				</extensions>
			</trkpt>
			<trkpt lat="46.8420247578" lon="8.6107182933">
				<ele>1402.6</ele>
				<extensions>
					<swisstopo:routepoint_id>1188978150</swisstopo:routepoint_id>
				</extensions>
			</trkpt>
			<trkpt lat="46.8420004213" lon="8.6106771854">
				<ele>1404.6</ele>
				<extensions>
					<swisstopo:routepoint_id>1868114470</swisstopo:routepoint_id>
				</extensions>
			</trkpt>
			<trkpt lat="46.8419930758" lon="8.6106386891">
				<ele>1405.3</ele>
				<extensions>
					<swisstopo:routepoint_id>689958489</swisstopo:routepoint_id>
				</extensions>
			</trkpt>
			<trkpt lat="46.8420119171" lon="8.6106120382">
				<ele>1405.8</ele>
				<extensions>
					<swisstopo:routepoint_id>1365425133</swisstopo:routepoint_id>
				</extensions>
			</trkpt>
			<trkpt lat="46.8420121712" lon="8.6105872383">
				<ele>1406.3</ele>
				<extensions>
					<swisstopo:routepoint_id>2057868124</swisstopo:routepoint_id>
				</extensions>
			</trkpt>
			<trkpt lat="46.8419922920" lon="8.6105642670">
				<ele>1407.5</ele>
				<extensions>
					<swisstopo:routepoint_id>762544939</swisstopo:routepoint_id>
				</extensions>
			</trkpt>
			<trkpt lat="46.8419476003" lon="8.6105475086">
				<ele>1408.9</ele>
				<extensions>
					<swisstopo:routepoint_id>595468337</swisstopo:routepoint_id>
				</extensions>
			</trkpt>
			<trkpt lat="46.8418921014" lon="8.6105282598">
				<ele>1411.1</ele>
				<extensions>
					<swisstopo:routepoint_id>743036406</swisstopo:routepoint_id>
				</extensions>
			</trkpt>
			<trkpt lat="46.8418352514" lon="8.6104886856">
				<ele>1413.7</ele>
				<extensions>
					<swisstopo:routepoint_id>1175301816</swisstopo:routepoint_id>
				</extensions>
			</trkpt>
			<trkpt lat="46.8417939977" lon="8.6104381887">
				<ele>1416.2</ele>
				<extensions>
					<swisstopo:routepoint_id>1234869832</swisstopo:routepoint_id>
				</extensions>
			</trkpt>
			<trkpt lat="46.8417362822" lon="8.6103780381">
				<ele>1418.5</ele>
				<extensions>
					<swisstopo:routepoint_id>1764748707</swisstopo:routepoint_id>
				</extensions>
			</trkpt>
			<trkpt lat="46.8416800646" lon="8.6103303237">
				<ele>1419.8</ele>
				<extensions>
					<swisstopo:routepoint_id>2035659352</swisstopo:routepoint_id>
				</extensions>
			</trkpt>
			<trkpt lat="46.8416045700" lon="8.6102535811">
				<ele>1421.4</ele>
				<extensions>
					<swisstopo:routepoint_id>242634594</swisstopo:routepoint_id>
				</extensions>
			</trkpt>
			<trkpt lat="46.8415442653" lon="8.6101837381">
				<ele>1422.6</ele>
				<extensions>
					<swisstopo:routepoint_id>831051126</swisstopo:routepoint_id>
				</extensions>
			</trkpt>
			<trkpt lat="46.8415135635" lon="8.6101370509">
				<ele>1423.4</ele>
				<extensions>
					<swisstopo:routepoint_id>1568465093</swisstopo:routepoint_id>
				</extensions>
			</trkpt>
			<trkpt lat="46.8414852020" lon="8.6100565894">
				<ele>1424.5</ele>
				<extensions>
					<swisstopo:routepoint_id>1430386173</swisstopo:routepoint_id>
				</extensions>
			</trkpt>
			<trkpt lat="46.8414402428" lon="8.6099128079">
				<ele>1425.9</ele>
				<extensions>
					<swisstopo:routepoint_id>273008595</swisstopo:routepoint_id>
				</extensions>
			</trkpt>
			<trkpt lat="46.8414004968" lon="8.6097785413">
				<ele>1427.2</ele>
				<extensions>
					<swisstopo:routepoint_id>1772868960</swisstopo:routepoint_id>
				</extensions>
			</trkpt>
			<trkpt lat="46.8413718618" lon="8.6096595412">
				<ele>1428.1</ele>
				<extensions>
					<swisstopo:routepoint_id>742212048</swisstopo:routepoint_id>
				</extensions>
			</trkpt>
			<trkpt lat="46.8413632166" lon="8.6095973389">
				<ele>1428.5</ele>
				<extensions>
					<swisstopo:routepoint_id>674814265</swisstopo:routepoint_id>
				</extensions>
			</trkpt>
			<trkpt lat="46.8413483158" lon="8.6094974126">
				<ele>1429.0</ele>
				<extensions>
					<swisstopo:routepoint_id>948244836</swisstopo:routepoint_id>
				</extensions>
			</trkpt>
			<trkpt lat="46.8413154560" lon="8.6094027596">
				<ele>1429.6</ele>
				<extensions>
					<swisstopo:routepoint_id>1769203714</swisstopo:routepoint_id>
				</extensions>
			</trkpt>
			<trkpt lat="46.8412739844" lon="8.6093069879">
				<ele>1430.2</ele>
				<extensions>
					<swisstopo:routepoint_id>181926485</swisstopo:routepoint_id>
				</extensions>
			</trkpt>
			<trkpt lat="46.8412206527" lon="8.6092034464">
				<ele>1431.1</ele>
				<extensions>
					<swisstopo:routepoint_id>856091055</swisstopo:routepoint_id>
				</extensions>
			</trkpt>
			<trkpt lat="46.8411632744" lon="8.6091064117">
				<ele>1432.2</ele>
				<extensions>
					<swisstopo:routepoint_id>693987016</swisstopo:routepoint_id>
				</extensions>
			</trkpt>
			<trkpt lat="46.8410869291" lon="8.6089826646">
				<ele>1433.8</ele>
				<extensions>
					<swisstopo:routepoint_id>1805603939</swisstopo:routepoint_id>
				</extensions>
			</trkpt>
			<trkpt lat="46.8410241204" lon="8.6088977315">
				<ele>1434.9</ele>
				<extensions>
					<swisstopo:routepoint_id>1027914801</swisstopo:routepoint_id>
				</extensions>
			</trkpt>
			<trkpt lat="46.8409888624" lon="8.6088424901">
				<ele>1435.5</ele>
				<extensions>
					<swisstopo:routepoint_id>847452815</swisstopo:routepoint_id>
				</extensions>
			</trkpt>
			<trkpt lat="46.8409725182" lon="8.6088195976">
				<ele>1435.8</ele>
				<extensions>
					<swisstopo:routepoint_id>198737700</swisstopo:routepoint_id>
				</extensions>
			</trkpt>
			<trkpt lat="46.8409707602" lon="8.6087960780">
				<ele>1435.9</ele>
				<extensions>
					<swisstopo:routepoint_id>717330394</swisstopo:routepoint_id>
				</extensions>
			</trkpt>
			<trkpt lat="46.8410247027" lon="8.6087978802">
				<ele>1436.1</ele>
				<extensions>
					<swisstopo:routepoint_id>198091092</swisstopo:routepoint_id>
				</extensions>
			</trkpt>
			<trkpt lat="46.8410811994" lon="8.6088085090">
				<ele>1436.5</ele>
				<extensions>
					<swisstopo:routepoint_id>746462638</swisstopo:routepoint_id>
				</extensions>
			</trkpt>
			<trkpt lat="46.8411507963" lon="8.6088250472">
				<ele>1437.4</ele>
				<extensions>
					<swisstopo:routepoint_id>2078019457</swisstopo:routepoint_id>
				</extensions>
			</trkpt>
			<trkpt lat="46.8412309684" lon="8.6088371216">
				<ele>1438.8</ele>
				<extensions>
					<swisstopo:routepoint_id>1986229775</swisstopo:routepoint_id>
				</extensions>
			</trkpt>
			<trkpt lat="46.8412894423" lon="8.6088468364">
				<ele>1440.0</ele>
				<extensions>
					<swisstopo:routepoint_id>1219457528</swisstopo:routepoint_id>
				</extensions>
			</trkpt>
			<trkpt lat="46.8413098998" lon="8.6088416566">
				<ele>1440.5</ele>
				<extensions>
					<swisstopo:routepoint_id>8761132</swisstopo:routepoint_id>
				</extensions>
			</trkpt>
			<trkpt lat="46.8413251920" lon="8.6088269643">
				<ele>1440.8</ele>
				<extensions>
					<swisstopo:routepoint_id>44465584</swisstopo:routepoint_id>
				</extensions>
			</trkpt>
			<trkpt lat="46.8413321410" lon="8.6087905103">
				<ele>1441.4</ele>
				<extensions>
					<swisstopo:routepoint_id>1582856660</swisstopo:routepoint_id>
				</extensions>
			</trkpt>
			<trkpt lat="46.8413386938" lon="8.6087296483">
				<ele>1442.2</ele>
				<extensions>
					<swisstopo:routepoint_id>1464246919</swisstopo:routepoint_id>
				</extensions>
			</trkpt>
			<trkpt lat="46.8413487396" lon="8.6086472560">
				<ele>1443.2</ele>
				<extensions>
					<swisstopo:routepoint_id>642019521</swisstopo:routepoint_id>
				</extensions>
			</trkpt>
			<trkpt lat="46.8413640649" lon="8.6085640478">
				<ele>1443.6</ele>
				<extensions>
					<swisstopo:routepoint_id>665991955</swisstopo:routepoint_id>
				</extensions>
			</trkpt>
			<trkpt lat="46.8413924983" lon="8.6084219945">
				<ele>1444.8</ele>
				<extensions>
					<swisstopo:routepoint_id>429485246</swisstopo:routepoint_id>
				</extensions>
			</trkpt>
			<trkpt lat="46.8414105354" lon="8.6083313324">
				<ele>1445.8</ele>
				<extensions>
					<swisstopo:routepoint_id>1338832816</swisstopo:routepoint_id>
				</extensions>
			</trkpt>
			<trkpt lat="46.8414247488" lon="8.6082283941">
				<ele>1447.1</ele>
				<extensions>
					<swisstopo:routepoint_id>2081504578</swisstopo:routepoint_id>
				</extensions>
			</trkpt>
			<trkpt lat="46.8414349809" lon="8.6081281753">
				<ele>1448.8</ele>
				<extensions>
					<swisstopo:routepoint_id>268575275</swisstopo:routepoint_id>
				</extensions>
			</trkpt>
			<trkpt lat="46.8414403127" lon="8.6080569553">
				<ele>1450.0</ele>
				<extensions>
					<swisstopo:routepoint_id>1142691428</swisstopo:routepoint_id>
				</extensions>
			</trkpt>
			<trkpt lat="46.8414420767" lon="8.6080128762">
				<ele>1450.6</ele>
				<extensions>
					<swisstopo:routepoint_id>1992307236</swisstopo:routepoint_id>
				</extensions>
			</trkpt>
			<trkpt lat="46.8414545163" lon="8.6079549478">
				<ele>1451.3</ele>
				<extensions>
					<swisstopo:routepoint_id>884308868</swisstopo:routepoint_id>
				</extensions>
			</trkpt>
			<trkpt lat="46.8414851909" lon="8.6078514228">
				<ele>1452.5</ele>
				<extensions>
					<swisstopo:routepoint_id>112493004</swisstopo:routepoint_id>
				</extensions>
			</trkpt>
			<trkpt lat="46.8415173414" lon="8.6077319741">
				<ele>1454.1</ele>
				<extensions>
					<swisstopo:routepoint_id>202016073</swisstopo:routepoint_id>
				</extensions>
			</trkpt>
			<trkpt lat="46.8415366418" lon="8.6076586192">
				<ele>1455.1</ele>
				<extensions>
					<swisstopo:routepoint_id>169055922</swisstopo:routepoint_id>
				</extensions>
			</trkpt>
			<trkpt lat="46.8415446855" lon="8.6076280491">
				<ele>1456.1</ele>
				<extensions>
					<swisstopo:routepoint_id>1171690016</swisstopo:routepoint_id>
				</extensions>
			</trkpt>
			<trkpt lat="46.8415495117" lon="8.6076097069">
				<ele>1456.0</ele>
				<extensions>
					<swisstopo:routepoint_id>437437271</swisstopo:routepoint_id>
				</extensions>
			</trkpt>
			<trkpt lat="46.8415811899" lon="8.6074724039">
				<ele>1458.0</ele>
				<extensions>
					<swisstopo:routepoint_id>970718790</swisstopo:routepoint_id>
				</extensions>
			</trkpt>
			<trkpt lat="46.8416076117" lon="8.6073340557">
				<ele>1459.7</ele>
				<extensions>
					<swisstopo:routepoint_id>103937343</swisstopo:routepoint_id>
				</extensions>
			</trkpt>
			<trkpt lat="46.8416327734" lon="8.6071900425">
				<ele>1461.1</ele>
				<extensions>
					<swisstopo:routepoint_id>975937647</swisstopo:routepoint_id>
				</extensions>
			</trkpt>
			<trkpt lat="46.8416376972" lon="8.6071587099">
				<ele>1461.9</ele>
				<extensions>
					<swisstopo:routepoint_id>822150635</swisstopo:routepoint_id>
				</extensions>
			</trkpt>
			<trkpt lat="46.8416455804" lon="8.6071085748">
				<ele>1462.1</ele>
				<extensions>
					<swisstopo:routepoint_id>1696109959</swisstopo:routepoint_id>
				</extensions>
			</trkpt>
			<trkpt lat="46.8416524685" lon="8.6070646982">
				<ele>1462.2</ele>
				<extensions>
					<swisstopo:routepoint_id>1435888014</swisstopo:routepoint_id>
				</extensions>
			</trkpt>
			<trkpt lat="46.8416669877" lon="8.6069317161">
				<ele>1463.5</ele>
				<extensions>
					<swisstopo:routepoint_id>1432805975</swisstopo:routepoint_id>
				</extensions>
			</trkpt>
			<trkpt lat="46.8416823981" lon="8.6068400648">
				<ele>1464.9</ele>
				<extensions>
					<swisstopo:routepoint_id>2134280488</swisstopo:routepoint_id>
				</extensions>
			</trkpt>
			<trkpt lat="46.8417142095" lon="8.6066896272">
				<ele>1466.3</ele>
				<extensions>
					<swisstopo:routepoint_id>518374960</swisstopo:routepoint_id>
				</extensions>
			</trkpt>
			<trkpt lat="46.8417395743" lon="8.6065897356">
				<ele>1467.1</ele>
				<extensions>
					<swisstopo:routepoint_id>2087844420</swisstopo:routepoint_id>
				</extensions>
			</trkpt>
			<trkpt lat="46.8417727014" lon="8.6065031627">
				<ele>1469.1</ele>
				<extensions>
					<swisstopo:routepoint_id>1919916085</swisstopo:routepoint_id>
				</extensions>
			</trkpt>
			<trkpt lat="46.8418023420" lon="8.6064362196">
				<ele>1470.3</ele>
				<extensions>
					<swisstopo:routepoint_id>855683371</swisstopo:routepoint_id>
				</extensions>
			</trkpt>
			<trkpt lat="46.8418150116" lon="8.6064202239">
				<ele>1471.2</ele>
				<extensions>
					<swisstopo:routepoint_id>391292355</swisstopo:routepoint_id>
				</extensions>
			</trkpt>
			<trkpt lat="46.8418403505" lon="8.6063882455">
				<ele>1471.8</ele>
				<extensions>
					<swisstopo:routepoint_id>944650318</swisstopo:routepoint_id>
				</extensions>
			</trkpt>
			<trkpt lat="46.8419047376" lon="8.6063342624">
				<ele>1473.9</ele>
				<extensions>
					<swisstopo:routepoint_id>1750931937</swisstopo:routepoint_id>
				</extensions>
			</trkpt>
			<trkpt lat="46.8419743800" lon="8.6062822680">
				<ele>1475.2</ele>
				<extensions>
					<swisstopo:routepoint_id>1629850946</swisstopo:routepoint_id>
				</extensions>
			</trkpt>
			<trkpt lat="46.8420228588" lon="8.6062392146">
				<ele>1475.9</ele>
				<extensions>
					<swisstopo:routepoint_id>666050730</swisstopo:routepoint_id>
				</extensions>
			</trkpt>
			<trkpt lat="46.8420403046" lon="8.6062067375">
				<ele>1476.3</ele>
				<extensions>
					<swisstopo:routepoint_id>542692277</swisstopo:routepoint_id>
				</extensions>
			</trkpt>
			<trkpt lat="46.8420586112" lon="8.6061536288">
				<ele>1477.3</ele>
				<extensions>
					<swisstopo:routepoint_id>1942567774</swisstopo:routepoint_id>
				</extensions>
			</trkpt>
			<trkpt lat="46.8420713703" lon="8.6060647252">
				<ele>1478.4</ele>
				<extensions>
					<swisstopo:routepoint_id>79718265</swisstopo:routepoint_id>
				</extensions>
			</trkpt>
			<trkpt lat="46.8420755100" lon="8.6059165045">
				<ele>1479.5</ele>
				<extensions>
					<swisstopo:routepoint_id>545085081</swisstopo:routepoint_id>
				</extensions>
			</trkpt>
			<trkpt lat="46.8420787834" lon="8.6058626111">
				<ele>1480.0</ele>
				<extensions>
					<swisstopo:routepoint_id>1210810979</swisstopo:routepoint_id>
				</extensions>
			</trkpt>
			<trkpt lat="46.8420853923" lon="8.6057913655">
				<ele>1480.8</ele>
				<extensions>
					<swisstopo:routepoint_id>468744025</swisstopo:routepoint_id>
				</extensions>
			</trkpt>
			<trkpt lat="46.8421061806" lon="8.6056762567">
				<ele>1482.0</ele>
				<extensions>
					<swisstopo:routepoint_id>258385237</swisstopo:routepoint_id>
				</extensions>
			</trkpt>
			<trkpt lat="46.8421315651" lon="8.6055584288">
				<ele>1483.1</ele>
				<extensions>
					<swisstopo:routepoint_id>1397342747</swisstopo:routepoint_id>
				</extensions>
			</trkpt>
			<trkpt lat="46.8421467724" lon="8.6054779559">
				<ele>1484.0</ele>
				<extensions>
					<swisstopo:routepoint_id>1663306478</swisstopo:routepoint_id>
				</extensions>
			</trkpt>
			<trkpt lat="46.8421567348" lon="8.6053983264">
				<ele>1485.3</ele>
				<extensions>
					<swisstopo:routepoint_id>918532502</swisstopo:routepoint_id>
				</extensions>
			</trkpt>
			<trkpt lat="46.8421615964" lon="8.6053054359">
				<ele>1486.4</ele>
				<extensions>
					<swisstopo:routepoint_id>1195117099</swisstopo:routepoint_id>
				</extensions>
			</trkpt>
			<trkpt lat="46.8421660384" lon="8.6051890547">
				<ele>1487.2</ele>
				<extensions>
					<swisstopo:routepoint_id>300465828</swisstopo:routepoint_id>
				</extensions>
			</trkpt>
			<trkpt lat="46.8421689750" lon="8.6050923600">
				<ele>1488.1</ele>
				<extensions>
					<swisstopo:routepoint_id>1813246915</swisstopo:routepoint_id>
				</extensions>
			</trkpt>
			<trkpt lat="46.8421739492" lon="8.6050530169">
				<ele>1488.7</ele>
				<extensions>
					<swisstopo:routepoint_id>1022804329</swisstopo:routepoint_id>
				</extensions>
			</trkpt>
			<trkpt lat="46.8421852852" lon="8.6050316426">
				<ele>1489.2</ele>
				<extensions>
					<swisstopo:routepoint_id>1077699761</swisstopo:routepoint_id>
				</extensions>
			</trkpt>
			<trkpt lat="46.8422049516" lon="8.6050273489">
				<ele>1489.7</ele>
				<extensions>
					<swisstopo:routepoint_id>1587901290</swisstopo:routepoint_id>
				</extensions>
			</trkpt>
			<trkpt lat="46.8422179059" lon="8.6050398360">
				<ele>1490.2</ele>
				<extensions>
					<swisstopo:routepoint_id>211686846</swisstopo:routepoint_id>
				</extensions>
			</trkpt>
			<trkpt lat="46.8422261735" lon="8.6050634837">
				<ele>1490.7</ele>
				<extensions>
					<swisstopo:routepoint_id>853281816</swisstopo:routepoint_id>
				</extensions>
			</trkpt>
			<trkpt lat="46.8422290912" lon="8.6050982910">
				<ele>1491.1</ele>
				<extensions>
					<swisstopo:routepoint_id>507821342</swisstopo:routepoint_id>
				</extensions>
			</trkpt>
			<trkpt lat="46.8422323705" lon="8.6051622385">
				<ele>1491.7</ele>
				<extensions>
					<swisstopo:routepoint_id>326490661</swisstopo:routepoint_id>
				</extensions>
			</trkpt>
			<trkpt lat="46.8422406360" lon="8.6052507068">
				<ele>1492.5</ele>
				<extensions>
					<swisstopo:routepoint_id>1466855403</swisstopo:routepoint_id>
				</extensions>
			</trkpt>
			<trkpt lat="46.8422563996" lon="8.6053740686">
				<ele>1494.0</ele>
				<extensions>
					<swisstopo:routepoint_id>742577160</swisstopo:routepoint_id>
				</extensions>
			</trkpt>
			<trkpt lat="46.8422673982" lon="8.6054503897">
				<ele>1494.9</ele>
				<extensions>
					<swisstopo:routepoint_id>1030918108</swisstopo:routepoint_id>
				</extensions>
			</trkpt>
			<trkpt lat="46.8422921079" lon="8.6055946085">
				<ele>1496.5</ele>
				<extensions>
					<swisstopo:routepoint_id>403952325</swisstopo:routepoint_id>
				</extensions>
			</trkpt>
			<trkpt lat="46.8423156042" lon="8.6057294137">
				<ele>1498.2</ele>
				<extensions>
					<swisstopo:routepoint_id>939156825</swisstopo:routepoint_id>
				</extensions>
			</trkpt>
			<trkpt lat="46.8423364309" lon="8.6058688548">
				<ele>1499.4</ele>
				<extensions>
					<swisstopo:routepoint_id>848214173</swisstopo:routepoint_id>
				</extensions>
			</trkpt>
			<trkpt lat="46.8423498062" lon="8.6059696404">
				<ele>1500.4</ele>
				<extensions>
					<swisstopo:routepoint_id>1680395410</swisstopo:routepoint_id>
				</extensions>
			</trkpt>
			<trkpt lat="46.8423536532" lon="8.6060420441">
				<ele>1501.1</ele>
				<extensions>
					<swisstopo:routepoint_id>100146373</swisstopo:routepoint_id>
				</extensions>
			</trkpt>
			<trkpt lat="46.8423517164" lon="8.6061039907">
				<ele>1501.6</ele>
				<extensions>
					<swisstopo:routepoint_id>54820648</swisstopo:routepoint_id>
				</extensions>
			</trkpt>
			<trkpt lat="46.8423398330" lon="8.6061798289">
				<ele>1502.5</ele>
				<extensions>
					<swisstopo:routepoint_id>589293116</swisstopo:routepoint_id>
				</extensions>
			</trkpt>
			<trkpt lat="46.8423400507" lon="8.6062230473">
				<ele>1503.2</ele>
				<extensions>
					<swisstopo:routepoint_id>1621732120</swisstopo:routepoint_id>
				</extensions>
			</trkpt>
			<trkpt lat="46.8423448247" lon="8.6062691705">
				<ele>1503.9</ele>
				<extensions>
					<swisstopo:routepoint_id>669883442</swisstopo:routepoint_id>
				</extensions>
			</trkpt>
			<trkpt lat="46.8423503114" lon="8.6062868190">
				<ele>1504.5</ele>
				<extensions>
					<swisstopo:routepoint_id>1269594062</swisstopo:routepoint_id>
				</extensions>
			</trkpt>
			<trkpt lat="46.8423612931" lon="8.6063221158">
				<ele>1504.7</ele>
				<extensions>
					<swisstopo:routepoint_id>743970928</swisstopo:routepoint_id>
				</extensions>
			</trkpt>
			<trkpt lat="46.8423789745" lon="8.6063844621">
				<ele>1505.5</ele>
				<extensions>
					<swisstopo:routepoint_id>768216556</swisstopo:routepoint_id>
				</extensions>
			</trkpt>
			<trkpt lat="46.8423797987" lon="8.6064323874">
				<ele>1505.9</ele>
				<extensions>
					<swisstopo:routepoint_id>218026734</swisstopo:routepoint_id>
				</extensions>
			</trkpt>
			<trkpt lat="46.8423714083" lon="8.6064857508">
				<ele>1506.3</ele>
				<extensions>
					<swisstopo:routepoint_id>685771569</swisstopo:routepoint_id>
				</extensions>
			</trkpt>
			<trkpt lat="46.8423523689" lon="8.6065576968">
				<ele>1507.3</ele>
				<extensions>
					<swisstopo:routepoint_id>1526802396</swisstopo:routepoint_id>
				</extensions>
			</trkpt>
			<trkpt lat="46.8423472889" lon="8.6066073689">
				<ele>1507.9</ele>
				<extensions>
					<swisstopo:routepoint_id>591297295</swisstopo:routepoint_id>
				</extensions>
			</trkpt>
			<trkpt lat="46.8423475353" lon="8.6066477695">
				<ele>1508.3</ele>
				<extensions>
					<swisstopo:routepoint_id>990021693</swisstopo:routepoint_id>
				</extensions>
			</trkpt>
			<trkpt lat="46.8423623010" lon="8.6066923522">
				<ele>1508.8</ele>
				<extensions>
					<swisstopo:routepoint_id>370856641</swisstopo:routepoint_id>
				</extensions>
			</trkpt>
			<trkpt lat="46.8423893627" lon="8.6067380939">
				<ele>1509.6</ele>
				<extensions>
					<swisstopo:routepoint_id>1997116693</swisstopo:routepoint_id>
				</extensions>
			</trkpt>
			<trkpt lat="46.8424255612" lon="8.6067868398">
				<ele>1510.8</ele>
				<extensions>
					<swisstopo:routepoint_id>1645198374</swisstopo:routepoint_id>
				</extensions>
			</trkpt>
			<trkpt lat="46.8425569875" lon="8.6069429733">
				<ele>1515.1</ele>
				<extensions>
					<swisstopo:routepoint_id>1858558627</swisstopo:routepoint_id>
				</extensions>
			</trkpt>
			<trkpt lat="46.8426159969" lon="8.6070044344">
				<ele>1516.7</ele>
				<extensions>
					<swisstopo:routepoint_id>1495312203</swisstopo:routepoint_id>
				</extensions>
			</trkpt>
			<trkpt lat="46.8426958963" lon="8.6070729042">
				<ele>1519.1</ele>
				<extensions>
					<swisstopo:routepoint_id>466077716</swisstopo:routepoint_id>
				</extensions>
			</trkpt>
			<trkpt lat="46.8427388541" lon="8.6071010945">
				<ele>1520.6</ele>
				<extensions>
					<swisstopo:routepoint_id>1602942133</swisstopo:routepoint_id>
				</extensions>
			</trkpt>
			<trkpt lat="46.8427728202" lon="8.6071112064">
				<ele>1521.8</ele>
				<extensions>
					<swisstopo:routepoint_id>2097236392</swisstopo:routepoint_id>
				</extensions>
			</trkpt>
			<trkpt lat="46.8428201122" lon="8.6070999616">
				<ele>1523.7</ele>
				<extensions>
					<swisstopo:routepoint_id>2075288817</swisstopo:routepoint_id>
				</extensions>
			</trkpt>
			<trkpt lat="46.8428689683" lon="8.6070633147">
				<ele>1525.4</ele>
				<extensions>
					<swisstopo:routepoint_id>1152126367</swisstopo:routepoint_id>
				</extensions>
			</trkpt>
			<trkpt lat="46.8429013772" lon="8.6070338758">
				<ele>1526.8</ele>
				<extensions>
					<swisstopo:routepoint_id>1928421213</swisstopo:routepoint_id>
				</extensions>
			</trkpt>
			<trkpt lat="46.8429134381" lon="8.6070077714">
				<ele>1527.4</ele>
				<extensions>
					<swisstopo:routepoint_id>1335727672</swisstopo:routepoint_id>
				</extensions>
			</trkpt>
			<trkpt lat="46.8429177650" lon="8.6069683351">
				<ele>1527.9</ele>
				<extensions>
					<swisstopo:routepoint_id>2045727906</swisstopo:routepoint_id>
				</extensions>
			</trkpt>
			<trkpt lat="46.8429186884" lon="8.6069420021">
				<ele>1528.3</ele>
				<extensions>
					<swisstopo:routepoint_id>320576826</swisstopo:routepoint_id>
				</extensions>
			</trkpt>
			<trkpt lat="46.8429216232" lon="8.6069109921">
				<ele>1528.6</ele>
				<extensions>
					<swisstopo:routepoint_id>1705279784</swisstopo:routepoint_id>
				</extensions>
			</trkpt>
			<trkpt lat="46.8429200592" lon="8.6068714416">
				<ele>1528.9</ele>
				<extensions>
					<swisstopo:routepoint_id>494966945</swisstopo:routepoint_id>
				</extensions>
			</trkpt>
			<trkpt lat="46.8429276463" lon="8.6068339510">
				<ele>1529.2</ele>
				<extensions>
					<swisstopo:routepoint_id>264264363</swisstopo:routepoint_id>
				</extensions>
			</trkpt>
			<trkpt lat="46.8429455874" lon="8.6068089049">
				<ele>1529.5</ele>
				<extensions>
					<swisstopo:routepoint_id>1645861910</swisstopo:routepoint_id>
				</extensions>
			</trkpt>
			<trkpt lat="46.8429752961" lon="8.6067869330">
				<ele>1530.0</ele>
				<extensions>
					<swisstopo:routepoint_id>359651624</swisstopo:routepoint_id>
				</extensions>
			</trkpt>
			<trkpt lat="46.8430016228" lon="8.6067752456">
				<ele>1530.5</ele>
				<extensions>
					<swisstopo:routepoint_id>1330523405</swisstopo:routepoint_id>
				</extensions>
			</trkpt>
			<trkpt lat="46.8430271746" lon="8.6067757742">
				<ele>1530.8</ele>
				<extensions>
					<swisstopo:routepoint_id>801344706</swisstopo:routepoint_id>
				</extensions>
			</trkpt>
			<trkpt lat="46.8430493496" lon="8.6067856431">
				<ele>1530.9</ele>
				<extensions>
					<swisstopo:routepoint_id>202057059</swisstopo:routepoint_id>
				</extensions>
			</trkpt>
			<trkpt lat="46.8430793372" lon="8.6068013194">
				<ele>1530.8</ele>
				<extensions>
					<swisstopo:routepoint_id>922917620</swisstopo:routepoint_id>
				</extensions>
			</trkpt>
			<trkpt lat="46.8430983317" lon="8.6068017184">
				<ele>1530.8</ele>
				<extensions>
					<swisstopo:routepoint_id>871851243</swisstopo:routepoint_id>
				</extensions>
			</trkpt>
			<trkpt lat="46.8431056978" lon="8.6067858696">
				<ele>1530.9</ele>
				<extensions>
					<swisstopo:routepoint_id>732064358</swisstopo:routepoint_id>
				</extensions>
			</trkpt>
			<trkpt lat="46.8431139340" lon="8.6067493373">
				<ele>1531.2</ele>
				<extensions>
					<swisstopo:routepoint_id>1236504511</swisstopo:routepoint_id>
				</extensions>
			</trkpt>
			<trkpt lat="46.8431243553" lon="8.6066902483">
				<ele>1531.6</ele>
				<extensions>
					<swisstopo:routepoint_id>53227209</swisstopo:routepoint_id>
				</extensions>
			</trkpt>
			<trkpt lat="46.8431477506" lon="8.6065806223">
				<ele>1532.6</ele>
				<extensions>
					<swisstopo:routepoint_id>1974865263</swisstopo:routepoint_id>
				</extensions>
			</trkpt>
			<trkpt lat="46.8431752074" lon="8.6064569506">
				<ele>1533.7</ele>
				<extensions>
					<swisstopo:routepoint_id>377559443</swisstopo:routepoint_id>
				</extensions>
			</trkpt>
			<trkpt lat="46.8432020813" lon="8.6063266840">
				<ele>1535.1</ele>
				<extensions>
					<swisstopo:routepoint_id>488115969</swisstopo:routepoint_id>
				</extensions>
			</trkpt>
			<trkpt lat="46.8432276176" lon="8.6061992075">
				<ele>1537.3</ele>
				<extensions>
					<swisstopo:routepoint_id>1433132903</swisstopo:routepoint_id>
				</extensions>
			</trkpt>
			<trkpt lat="46.8432563628" lon="8.6060783822">
				<ele>1538.8</ele>
				<extensions>
					<swisstopo:routepoint_id>1120017094</swisstopo:routepoint_id>
				</extensions>
			</trkpt>
			<trkpt lat="46.8432722439" lon="8.6059977782">
				<ele>1539.5</ele>
				<extensions>
					<swisstopo:routepoint_id>1022379763</swisstopo:routepoint_id>
				</extensions>
			</trkpt>
			<trkpt lat="46.8432766740" lon="8.6059489301">
				<ele>1539.9</ele>
				<extensions>
					<swisstopo:routepoint_id>425928802</swisstopo:routepoint_id>
				</extensions>
			</trkpt>
			<trkpt lat="46.8432731955" lon="8.6059036736">
				<ele>1540.1</ele>
				<extensions>
					<swisstopo:routepoint_id>317797213</swisstopo:routepoint_id>
				</extensions>
			</trkpt>
			<trkpt lat="46.8432638082" lon="8.6058601898">
				<ele>1540.4</ele>
				<extensions>
					<swisstopo:routepoint_id>1225491370</swisstopo:routepoint_id>
				</extensions>
			</trkpt>
			<trkpt lat="46.8432492198" lon="8.6058128304">
				<ele>1540.9</ele>
				<extensions>
					<swisstopo:routepoint_id>1210468143</swisstopo:routepoint_id>
				</extensions>
			</trkpt>
			<trkpt lat="46.8432223011" lon="8.6057529710">
				<ele>1541.8</ele>
				<extensions>
					<swisstopo:routepoint_id>2116762335</swisstopo:routepoint_id>
				</extensions>
			</trkpt>
			<trkpt lat="46.8431772671" lon="8.6056710984">
				<ele>1543.1</ele>
				<extensions>
					<swisstopo:routepoint_id>2068645774</swisstopo:routepoint_id>
				</extensions>
			</trkpt>
			<trkpt lat="46.8431399654" lon="8.6056016132">
				<ele>1544.3</ele>
				<extensions>
					<swisstopo:routepoint_id>654066160</swisstopo:routepoint_id>
				</extensions>
			</trkpt>
			<trkpt lat="46.8430976308" lon="8.6055113297">
				<ele>1545.5</ele>
				<extensions>
					<swisstopo:routepoint_id>896367695</swisstopo:routepoint_id>
				</extensions>
			</trkpt>
			<trkpt lat="46.8430701334" lon="8.6054448760">
				<ele>1546.5</ele>
				<extensions>
					<swisstopo:routepoint_id>863288861</swisstopo:routepoint_id>
				</extensions>
			</trkpt>
			<trkpt lat="46.8430446811" lon="8.6053699973">
				<ele>1547.3</ele>
				<extensions>
					<swisstopo:routepoint_id>174333967</swisstopo:routepoint_id>
				</extensions>
			</trkpt>
			<trkpt lat="46.8430264699" lon="8.6052914993">
				<ele>1548.0</ele>
				<extensions>
					<swisstopo:routepoint_id>1405643002</swisstopo:routepoint_id>
				</extensions>
			</trkpt>
			<trkpt lat="46.8430142571" lon="8.6052037177">
				<ele>1549.0</ele>
				<extensions>
					<swisstopo:routepoint_id>1302219997</swisstopo:routepoint_id>
				</extensions>
			</trkpt>
			<trkpt lat="46.8430089580" lon="8.6050793750">
				<ele>1550.6</ele>
				<extensions>
					<swisstopo:routepoint_id>135005947</swisstopo:routepoint_id>
				</extensions>
			</trkpt>
			<trkpt lat="46.8430071475" lon="8.6049993316">
				<ele>1551.5</ele>
				<extensions>
					<swisstopo:routepoint_id>1363219970</swisstopo:routepoint_id>
				</extensions>
			</trkpt>
			<trkpt lat="46.8430039850" lon="8.6049230350">
				<ele>1552.5</ele>
				<extensions>
					<swisstopo:routepoint_id>221000919</swisstopo:routepoint_id>
				</extensions>
			</trkpt>
			<trkpt lat="46.8429996055" lon="8.6048808138">
				<ele>1553.0</ele>
				<extensions>
					<swisstopo:routepoint_id>1335498309</swisstopo:routepoint_id>
				</extensions>
			</trkpt>
			<trkpt lat="46.8430031821" lon="8.6048527288">
				<ele>1553.4</ele>
				<extensions>
					<swisstopo:routepoint_id>749852415</swisstopo:routepoint_id>
				</extensions>
			</trkpt>
			<trkpt lat="46.8430112100" lon="8.6048322527">
				<ele>1553.6</ele>
				<extensions>
					<swisstopo:routepoint_id>237447163</swisstopo:routepoint_id>
				</extensions>
			</trkpt>
			<trkpt lat="46.8430262299" lon="8.6048222465">
				<ele>1554.0</ele>
				<extensions>
					<swisstopo:routepoint_id>1754595281</swisstopo:routepoint_id>
				</extensions>
			</trkpt>
			<trkpt lat="46.8430443585" lon="8.6048235704">
				<ele>1554.4</ele>
				<extensions>
					<swisstopo:routepoint_id>553106671</swisstopo:routepoint_id>
				</extensions>
			</trkpt>
			<trkpt lat="46.8430585011" lon="8.6048332642">
				<ele>1554.8</ele>
				<extensions>
					<swisstopo:routepoint_id>638898753</swisstopo:routepoint_id>
				</extensions>
			</trkpt>
			<trkpt lat="46.8430718377" lon="8.6048560783">
				<ele>1555.4</ele>
				<extensions>
					<swisstopo:routepoint_id>1612279857</swisstopo:routepoint_id>
				</extensions>
			</trkpt>
			<trkpt lat="46.8430924296" lon="8.6049212804">
				<ele>1556.3</ele>
				<extensions>
					<swisstopo:routepoint_id>961716797</swisstopo:routepoint_id>
				</extensions>
			</trkpt>
			<trkpt lat="46.8431131573" lon="8.6049761672">
				<ele>1557.2</ele>
				<extensions>
					<swisstopo:routepoint_id>1025181354</swisstopo:routepoint_id>
				</extensions>
			</trkpt>
			<trkpt lat="46.8431310690" lon="8.6049953306">
				<ele>1557.7</ele>
				<extensions>
					<swisstopo:routepoint_id>33920887</swisstopo:routepoint_id>
				</extensions>
			</trkpt>
			<trkpt lat="46.8431452637" lon="8.6049930030">
				<ele>1558.0</ele>
				<extensions>
					<swisstopo:routepoint_id>1371135892</swisstopo:routepoint_id>
				</extensions>
			</trkpt>
			<trkpt lat="46.8431568104" lon="8.6049794078">
				<ele>1558.3</ele>
				<extensions>
					<swisstopo:routepoint_id>838145795</swisstopo:routepoint_id>
				</extensions>
			</trkpt>
			<trkpt lat="46.8431622787" lon="8.6049476007">
				<ele>1558.7</ele>
				<extensions>
					<swisstopo:routepoint_id>245502126</swisstopo:routepoint_id>
				</extensions>
			</trkpt>
			<trkpt lat="46.8431593858" lon="8.6049146682">
				<ele>1559.3</ele>
				<extensions>
					<swisstopo:routepoint_id>1234942283</swisstopo:routepoint_id>
				</extensions>
			</trkpt>
			<trkpt lat="46.8431482033" lon="8.6048740302">
				<ele>1559.7</ele>
				<extensions>
					<swisstopo:routepoint_id>1077712383</swisstopo:routepoint_id>
				</extensions>
			</trkpt>
			<trkpt lat="46.8431410917" lon="8.6048128175">
				<ele>1560.4</ele>
				<extensions>
					<swisstopo:routepoint_id>1007300012</swisstopo:routepoint_id>
				</extensions>
			</trkpt>
			<trkpt lat="46.8431418104" lon="8.6047414691">
				<ele>1561.4</ele>
				<extensions>
					<swisstopo:routepoint_id>214079991</swisstopo:routepoint_id>
				</extensions>
			</trkpt>
			<trkpt lat="46.8431431225" lon="8.6046118936">
				<ele>1563.2</ele>
				<extensions>
					<swisstopo:routepoint_id>1250528740</swisstopo:routepoint_id>
				</extensions>
			</trkpt>
			<trkpt lat="46.8431483197" lon="8.6044786657">
				<ele>1565.3</ele>
				<extensions>
					<swisstopo:routepoint_id>1568106732</swisstopo:routepoint_id>
				</extensions>
			</trkpt>
			<trkpt lat="46.8431588436" lon="8.6043934482">
				<ele>1567.0</ele>
				<extensions>
					<swisstopo:routepoint_id>1686571355</swisstopo:routepoint_id>
				</extensions>
			</trkpt>
			<trkpt lat="46.8431717923" lon="8.6043233087">
				<ele>1568.4</ele>
				<extensions>
					<swisstopo:routepoint_id>472349981</swisstopo:routepoint_id>
				</extensions>
			</trkpt>
			<trkpt lat="46.8431925912" lon="8.6042402018">
				<ele>1570.1</ele>
				<extensions>
					<swisstopo:routepoint_id>1601281455</swisstopo:routepoint_id>
				</extensions>
			</trkpt>
			<trkpt lat="46.8432217414" lon="8.6040962561">
				<ele>1572.6</ele>
				<extensions>
					<swisstopo:routepoint_id>883263417</swisstopo:routepoint_id>
				</extensions>
			</trkpt>
			<trkpt lat="46.8432558906" lon="8.6039664999">
				<ele>1575.5</ele>
				<extensions>
					<swisstopo:routepoint_id>443553222</swisstopo:routepoint_id>
				</extensions>
			</trkpt>
			<trkpt lat="46.8432971853" lon="8.6038312737">
				<ele>1578.3</ele>
				<extensions>
					<swisstopo:routepoint_id>1110886320</swisstopo:routepoint_id>
				</extensions>
			</trkpt>
			<trkpt lat="46.8433271717" lon="8.6037324089">
				<ele>1580.2</ele>
				<extensions>
					<swisstopo:routepoint_id>1871431926</swisstopo:routepoint_id>
				</extensions>
			</trkpt>
			<trkpt lat="46.8433472480" lon="8.6036567986">
				<ele>1581.4</ele>
				<extensions>
					<swisstopo:routepoint_id>2145806171</swisstopo:routepoint_id>
				</extensions>
			</trkpt>
			<trkpt lat="46.8433597324" lon="8.6035688041">
				<ele>1582.5</ele>
				<extensions>
					<swisstopo:routepoint_id>717701789</swisstopo:routepoint_id>
				</extensions>
			</trkpt>
			<trkpt lat="46.8433682424" lon="8.6034910553">
				<ele>1583.6</ele>
				<extensions>
					<swisstopo:routepoint_id>1651127589</swisstopo:routepoint_id>
				</extensions>
			</trkpt>
			<trkpt lat="46.8433722748" lon="8.6034103906">
				<ele>1584.7</ele>
				<extensions>
					<swisstopo:routepoint_id>762265192</swisstopo:routepoint_id>
				</extensions>
			</trkpt>
			<trkpt lat="46.8433801774" lon="8.6033288656">
				<ele>1585.6</ele>
				<extensions>
					<swisstopo:routepoint_id>1991517962</swisstopo:routepoint_id>
				</extensions>
			</trkpt>
			<trkpt lat="46.8433899063" lon="8.6032586558">
				<ele>1586.3</ele>
				<extensions>
					<swisstopo:routepoint_id>1642259258</swisstopo:routepoint_id>
				</extensions>
			</trkpt>
			<trkpt lat="46.8434142816" lon="8.6031408807">
				<ele>1587.0</ele>
				<extensions>
					<swisstopo:routepoint_id>679467651</swisstopo:routepoint_id>
				</extensions>
			</trkpt>
			<trkpt lat="46.8434299472" lon="8.6030557869">
				<ele>1587.1</ele>
				<extensions>
					<swisstopo:routepoint_id>319090030</swisstopo:routepoint_id>
				</extensions>
			</trkpt>
			<trkpt lat="46.8434396951" lon="8.6029836894">
				<ele>1587.1</ele>
				<extensions>
					<swisstopo:routepoint_id>2144819396</swisstopo:routepoint_id>
				</extensions>
			</trkpt>
			<trkpt lat="46.8434403075" lon="8.6029226699">
				<ele>1587.2</ele>
				<extensions>
					<swisstopo:routepoint_id>1388383093</swisstopo:routepoint_id>
				</extensions>
			</trkpt>
			<trkpt lat="46.8434380117" lon="8.6028305776">
				<ele>1587.3</ele>
				<extensions>
					<swisstopo:routepoint_id>959914651</swisstopo:routepoint_id>
				</extensions>
			</trkpt>
			<trkpt lat="46.8434399682" lon="8.6027639498">
				<ele>1587.4</ele>
				<extensions>
					<swisstopo:routepoint_id>1162409630</swisstopo:routepoint_id>
				</extensions>
			</trkpt>
			<trkpt lat="46.8434507114" lon="8.6026561938">
				<ele>1587.8</ele>
				<extensions>
					<swisstopo:routepoint_id>1783910371</swisstopo:routepoint_id>
				</extensions>
			</trkpt>
			<trkpt lat="46.8434704247" lon="8.6025548928">
				<ele>1588.2</ele>
				<extensions>
					<swisstopo:routepoint_id>1741782204</swisstopo:routepoint_id>
				</extensions>
			</trkpt>
			<trkpt lat="46.8434681282" lon="8.6025155095">
				<ele>1588.3</ele>
				<extensions>
					<swisstopo:routepoint_id>1109941378</swisstopo:routepoint_id>
				</extensions>
			</trkpt>
			<trkpt lat="46.8434669769" lon="8.6024641791">
				<ele>1588.4</ele>
				<extensions>
					<swisstopo:routepoint_id>1597486196</swisstopo:routepoint_id>
				</extensions>
			</trkpt>
			<trkpt lat="46.8434718579" lon="8.6023954764">
				<ele>1588.5</ele>
				<extensions>
					<swisstopo:routepoint_id>1159508782</swisstopo:routepoint_id>
				</extensions>
			</trkpt>
			<trkpt lat="46.8434808455" lon="8.6023337380">
				<ele>1588.6</ele>
				<extensions>
					<swisstopo:routepoint_id>2108454047</swisstopo:routepoint_id>
				</extensions>
			</trkpt>
			<trkpt lat="46.8434961216" lon="8.6022708937">
				<ele>1588.8</ele>
				<extensions>
					<swisstopo:routepoint_id>1061792710</swisstopo:routepoint_id>
				</extensions>
			</trkpt>
			<trkpt lat="46.8435188400" lon="8.6022157133">
				<ele>1589.0</ele>
				<extensions>
					<swisstopo:routepoint_id>1985785991</swisstopo:routepoint_id>
				</extensions>
			</trkpt>
			<trkpt lat="46.8435405204" lon="8.6021805487">
				<ele>1589.2</ele>
				<extensions>
					<swisstopo:routepoint_id>1830085475</swisstopo:routepoint_id>
				</extensions>
			</trkpt>
			<trkpt lat="46.8435620925" lon="8.6021559961">
				<ele>1589.4</ele>
				<extensions>
					<swisstopo:routepoint_id>167236193</swisstopo:routepoint_id>
				</extensions>
			</trkpt>
			<trkpt lat="46.8435975100" lon="8.6021267750">
				<ele>1589.6</ele>
				<extensions>
					<swisstopo:routepoint_id>2020742614</swisstopo:routepoint_id>
				</extensions>
			</trkpt>
			<trkpt lat="46.8436252348" lon="8.6021136228">
				<ele>1589.7</ele>
				<extensions>
					<swisstopo:routepoint_id>316486598</swisstopo:routepoint_id>
				</extensions>
			</trkpt>
			<trkpt lat="46.8436474868" lon="8.6021047442">
				<ele>1589.7</ele>
				<extensions>
					<swisstopo:routepoint_id>1162626893</swisstopo:routepoint_id>
				</extensions>
			</trkpt>
			<trkpt lat="46.8436698169" lon="8.6020877240">
				<ele>1589.7</ele>
				<extensions>
					<swisstopo:routepoint_id>1880890219</swisstopo:routepoint_id>
				</extensions>
			</trkpt>
			<trkpt lat="46.8436952082" lon="8.6020582604">
				<ele>1589.7</ele>
				<extensions>
					<swisstopo:routepoint_id>1143426225</swisstopo:routepoint_id>
				</extensions>
			</trkpt>
			<trkpt lat="46.8437209970" lon="8.6020294327">
				<ele>1589.8</ele>
				<extensions>
					<swisstopo:routepoint_id>1855462216</swisstopo:routepoint_id>
				</extensions>
			</trkpt>
			<trkpt lat="46.8437612100" lon="8.6019809170">
				<ele>1590.4</ele>
				<extensions>
					<swisstopo:routepoint_id>358897456</swisstopo:routepoint_id>
				</extensions>
			</trkpt>
			<trkpt lat="46.8438026385" lon="8.6019355388">
				<ele>1591.0</ele>
				<extensions>
					<swisstopo:routepoint_id>2103551031</swisstopo:routepoint_id>
				</extensions>
			</trkpt>
			<trkpt lat="46.8438234167" lon="8.6019078574">
				<ele>1591.4</ele>
				<extensions>
					<swisstopo:routepoint_id>325563420</swisstopo:routepoint_id>
				</extensions>
			</trkpt>
			<trkpt lat="46.8438278306" lon="8.6018841759">
				<ele>1591.8</ele>
				<extensions>
					<swisstopo:routepoint_id>1230730532</swisstopo:routepoint_id>
				</extensions>
			</trkpt>
			<trkpt lat="46.8438308408" lon="8.6018348302">
				<ele>1592.3</ele>
				<extensions>
					<swisstopo:routepoint_id>1802824865</swisstopo:routepoint_id>
				</extensions>
			</trkpt>
			<trkpt lat="46.8438305025" lon="8.6017860267">
				<ele>1592.8</ele>
				<extensions>
					<swisstopo:routepoint_id>1224301996</swisstopo:routepoint_id>
				</extensions>
			</trkpt>
			<trkpt lat="46.8438282200" lon="8.6017227767">
				<ele>1593.6</ele>
				<extensions>
					<swisstopo:routepoint_id>199398988</swisstopo:routepoint_id>
				</extensions>
			</trkpt>
			<trkpt lat="46.8438260373" lon="8.6016501564">
				<ele>1594.7</ele>
				<extensions>
					<swisstopo:routepoint_id>151423069</swisstopo:routepoint_id>
				</extensions>
			</trkpt>
			<trkpt lat="46.8438293145" lon="8.6015745170">
				<ele>1595.8</ele>
				<extensions>
					<swisstopo:routepoint_id>728060525</swisstopo:routepoint_id>
				</extensions>
			</trkpt>
			<trkpt lat="46.8438335380" lon="8.6015289491">
				<ele>1596.4</ele>
				<extensions>
					<swisstopo:routepoint_id>654369716</swisstopo:routepoint_id>
				</extensions>
			</trkpt>
			<trkpt lat="46.8438368954" lon="8.6014864738">
				<ele>1596.9</ele>
				<extensions>
					<swisstopo:routepoint_id>1252215988</swisstopo:routepoint_id>
				</extensions>
			</trkpt>
			<trkpt lat="46.8438292585" lon="8.6014568980">
				<ele>1597.1</ele>
				<extensions>
					<swisstopo:routepoint_id>2037289908</swisstopo:routepoint_id>
				</extensions>
			</trkpt>
			<trkpt lat="46.8438124416" lon="8.6014246141">
				<ele>1597.5</ele>
				<extensions>
					<swisstopo:routepoint_id>1474623584</swisstopo:routepoint_id>
				</extensions>
			</trkpt>
			<trkpt lat="46.8437993631" lon="8.6013949207">
				<ele>1597.8</ele>
				<extensions>
					<swisstopo:routepoint_id>658375104</swisstopo:routepoint_id>
				</extensions>
			</trkpt>
			<trkpt lat="46.8437880324" lon="8.6013583637">
				<ele>1598.1</ele>
				<extensions>
					<swisstopo:routepoint_id>338765843</swisstopo:routepoint_id>
				</extensions>
			</trkpt>
			<trkpt lat="46.8437775676" lon="8.6013187141">
				<ele>1598.3</ele>
				<extensions>
					<swisstopo:routepoint_id>1896685073</swisstopo:routepoint_id>
				</extensions>
			</trkpt>
			<trkpt lat="46.8437739040" lon="8.6012266766">
				<ele>1598.6</ele>
				<extensions>
					<swisstopo:routepoint_id>293991139</swisstopo:routepoint_id>
				</extensions>
			</trkpt>
			<trkpt lat="46.8437713652" lon="8.6011064945">
				<ele>1599.1</ele>
				<extensions>
					<swisstopo:routepoint_id>1663496376</swisstopo:routepoint_id>
				</extensions>
			</trkpt>
			<trkpt lat="46.8437703976" lon="8.6010370247">
				<ele>1599.8</ele>
				<extensions>
					<swisstopo:routepoint_id>1496067236</swisstopo:routepoint_id>
				</extensions>
			</trkpt>
			<trkpt lat="46.8437784864" lon="8.6009815275">
				<ele>1600.6</ele>
				<extensions>
					<swisstopo:routepoint_id>1857910888</swisstopo:routepoint_id>
				</extensions>
			</trkpt>
			<trkpt lat="46.8437843258" lon="8.6009416155">
				<ele>1601.4</ele>
				<extensions>
					<swisstopo:routepoint_id>727139874</swisstopo:routepoint_id>
				</extensions>
			</trkpt>
			<trkpt lat="46.8437826549" lon="8.6009002737">
				<ele>1602.0</ele>
				<extensions>
					<swisstopo:routepoint_id>2027803452</swisstopo:routepoint_id>
				</extensions>
			</trkpt>
			<trkpt lat="46.8437712478" lon="8.6008305783">
				<ele>1602.8</ele>
				<extensions>
					<swisstopo:routepoint_id>617776150</swisstopo:routepoint_id>
				</extensions>
			</trkpt>
			<trkpt lat="46.8437581353" lon="8.6007627156">
				<ele>1603.6</ele>
				<extensions>
					<swisstopo:routepoint_id>67373217</swisstopo:routepoint_id>
				</extensions>
			</trkpt>
			<trkpt lat="46.8437435592" lon="8.6007161015">
				<ele>1604.2</ele>
				<extensions>
					<swisstopo:routepoint_id>1810038717</swisstopo:routepoint_id>
				</extensions>
			</trkpt>
			<trkpt lat="46.8437288372" lon="8.6006838505">
				<ele>1604.8</ele>
				<extensions>
					<swisstopo:routepoint_id>1056791801</swisstopo:routepoint_id>
				</extensions>
			</trkpt>
			<trkpt lat="46.8437175844" lon="8.6006391776">
				<ele>1605.8</ele>
				<extensions>
					<swisstopo:routepoint_id>1403140044</swisstopo:routepoint_id>
				</extensions>
			</trkpt>
			<trkpt lat="46.8437150406" lon="8.6006015815">
				<ele>1607.2</ele>
				<extensions>
					<swisstopo:routepoint_id>1985934074</swisstopo:routepoint_id>
				</extensions>
			</trkpt>
			<trkpt lat="46.8437103303" lon="8.6005714415">
				<ele>1607.4</ele>
				<extensions>
					<swisstopo:routepoint_id>773145832</swisstopo:routepoint_id>
				</extensions>
			</trkpt>
			<trkpt lat="46.8436937716" lon="8.6005548102">
				<ele>1607.8</ele>
				<extensions>
					<swisstopo:routepoint_id>1916260213</swisstopo:routepoint_id>
				</extensions>
			</trkpt>
			<trkpt lat="46.8436650730" lon="8.6005410281">
				<ele>1608.8</ele>
				<extensions>
					<swisstopo:routepoint_id>1720068640</swisstopo:routepoint_id>
				</extensions>
			</trkpt>
			<trkpt lat="46.8436355415" lon="8.6005253586">
				<ele>1609.6</ele>
				<extensions>
					<swisstopo:routepoint_id>982678010</swisstopo:routepoint_id>
				</extensions>
			</trkpt>
			<trkpt lat="46.8436289569" lon="8.6005158184">
				<ele>1609.8</ele>
				<extensions>
					<swisstopo:routepoint_id>2021557771</swisstopo:routepoint_id>
				</extensions>
			</trkpt>
			<trkpt lat="46.8436333832" lon="8.6004908948">
				<ele>1610.2</ele>
				<extensions>
					<swisstopo:routepoint_id>254772206</swisstopo:routepoint_id>
				</extensions>
			</trkpt>
			<trkpt lat="46.8436490417" lon="8.6004724751">
				<ele>1610.6</ele>
				<extensions>
					<swisstopo:routepoint_id>768826315</swisstopo:routepoint_id>
				</extensions>
			</trkpt>
			<trkpt lat="46.8436650793" lon="8.6004578151">
				<ele>1611.2</ele>
				<extensions>
					<swisstopo:routepoint_id>1166614775</swisstopo:routepoint_id>
				</extensions>
			</trkpt>
			<trkpt lat="46.8436691499" lon="8.6004272503">
				<ele>1611.9</ele>
				<extensions>
					<swisstopo:routepoint_id>548727399</swisstopo:routepoint_id>
				</extensions>
			</trkpt>
			<trkpt lat="46.8436664518" lon="8.6004052972">
				<ele>1612.6</ele>
				<extensions>
					<swisstopo:routepoint_id>1084571305</swisstopo:routepoint_id>
				</extensions>
			</trkpt>
			<trkpt lat="46.8436541038" lon="8.6003862472">
				<ele>1612.9</ele>
				<extensions>
					<swisstopo:routepoint_id>1145039896</swisstopo:routepoint_id>
				</extensions>
			</trkpt>
			<trkpt lat="46.8436308374" lon="8.6003713404">
				<ele>1613.4</ele>
				<extensions>
					<swisstopo:routepoint_id>662827555</swisstopo:routepoint_id>
				</extensions>
			</trkpt>
			<trkpt lat="46.8436327076" lon="8.6003519827">
				<ele>1613.8</ele>
				<extensions>
					<swisstopo:routepoint_id>1792696995</swisstopo:routepoint_id>
				</extensions>
			</trkpt>
			<trkpt lat="46.8436575009" lon="8.6003393939">
				<ele>1614.3</ele>
				<extensions>
					<swisstopo:routepoint_id>1836590418</swisstopo:routepoint_id>
				</extensions>
			</trkpt>
			<trkpt lat="46.8436743791" lon="8.6003241374">
				<ele>1614.9</ele>
				<extensions>
					<swisstopo:routepoint_id>1428741075</swisstopo:routepoint_id>
				</extensions>
			</trkpt>
			<trkpt lat="46.8436884132" lon="8.6003013035">
				<ele>1615.6</ele>
				<extensions>
					<swisstopo:routepoint_id>563692456</swisstopo:routepoint_id>
				</extensions>
			</trkpt>
			<trkpt lat="46.8436835713" lon="8.6002836704">
				<ele>1615.9</ele>
				<extensions>
					<swisstopo:routepoint_id>1306130870</swisstopo:routepoint_id>
				</extensions>
			</trkpt>
			<trkpt lat="46.8436737035" lon="8.6002678236">
				<ele>1616.6</ele>
				<extensions>
					<swisstopo:routepoint_id>2126734334</swisstopo:routepoint_id>
				</extensions>
			</trkpt>
			<trkpt lat="46.8436772191" lon="8.6002503838">
				<ele>1617.0</ele>
				<extensions>
					<swisstopo:routepoint_id>281355283</swisstopo:routepoint_id>
				</extensions>
			</trkpt>
			<trkpt lat="46.8436920114" lon="8.6002350693">
				<ele>1617.5</ele>
				<extensions>
					<swisstopo:routepoint_id>1118159740</swisstopo:routepoint_id>
				</extensions>
			</trkpt>
			<trkpt lat="46.8437009303" lon="8.6002215104">
				<ele>1617.8</ele>
				<extensions>
					<swisstopo:routepoint_id>1413493322</swisstopo:routepoint_id>
				</extensions>
			</trkpt>
			<trkpt lat="46.8436977299" lon="8.6002070496">
				<ele>1618.0</ele>
				<extensions>
					<swisstopo:routepoint_id>1584599167</swisstopo:routepoint_id>
				</extensions>
			</trkpt>
			<trkpt lat="46.8436823871" lon="8.6001948108">
				<ele>1618.4</ele>
				<extensions>
					<swisstopo:routepoint_id>456627814</swisstopo:routepoint_id>
				</extensions>
			</trkpt>
			<trkpt lat="46.8436524662" lon="8.6001772509">
				<ele>1619.4</ele>
				<extensions>
					<swisstopo:routepoint_id>1115486932</swisstopo:routepoint_id>
				</extensions>
			</trkpt>
			<trkpt lat="46.8436230744" lon="8.6001478075">
				<ele>1620.6</ele>
				<extensions>
					<swisstopo:routepoint_id>398079791</swisstopo:routepoint_id>
				</extensions>
			</trkpt>
			<trkpt lat="46.8435970677" lon="8.6001159405">
				<ele>1621.5</ele>
				<extensions>
					<swisstopo:routepoint_id>820582975</swisstopo:routepoint_id>
				</extensions>
			</trkpt>
			<trkpt lat="46.8435778464" lon="8.6000729653">
				<ele>1622.2</ele>
				<extensions>
					<swisstopo:routepoint_id>1260914453</swisstopo:routepoint_id>
				</extensions>
			</trkpt>
			<trkpt lat="46.8435580028" lon="8.6000099513">
				<ele>1623.2</ele>
				<extensions>
					<swisstopo:routepoint_id>1520447958</swisstopo:routepoint_id>
				</extensions>
			</trkpt>
			<trkpt lat="46.8435436697" lon="8.5999389386">
				<ele>1624.5</ele>
				<extensions>
					<swisstopo:routepoint_id>1757482628</swisstopo:routepoint_id>
				</extensions>
			</trkpt>
			<trkpt lat="46.8435297184" lon="8.5998723003">
				<ele>1625.8</ele>
				<extensions>
					<swisstopo:routepoint_id>411661945</swisstopo:routepoint_id>
				</extensions>
			</trkpt>
			<trkpt lat="46.8435076353" lon="8.5997823498">
				<ele>1627.6</ele>
				<extensions>
					<swisstopo:routepoint_id>1336915158</swisstopo:routepoint_id>
				</extensions>
			</trkpt>
			<trkpt lat="46.8434924912" lon="8.5997094375">
				<ele>1629.1</ele>
				<extensions>
					<swisstopo:routepoint_id>1799892400</swisstopo:routepoint_id>
				</extensions>
			</trkpt>
			<trkpt lat="46.8434809966" lon="8.5996478715">
				<ele>1630.8</ele>
				<extensions>
					<swisstopo:routepoint_id>1623720747</swisstopo:routepoint_id>
				</extensions>
			</trkpt>
			<trkpt lat="46.8434732525" lon="8.5995863735">
				<ele>1631.5</ele>
				<extensions>
					<swisstopo:routepoint_id>1441250180</swisstopo:routepoint_id>
				</extensions>
			</trkpt>
			<trkpt lat="46.8434699503" lon="8.5995412580">
				<ele>1631.8</ele>
				<extensions>
					<swisstopo:routepoint_id>320413087</swisstopo:routepoint_id>
				</extensions>
			</trkpt>
			<trkpt lat="46.8434537894" lon="8.5994858397">
				<ele>1632.0</ele>
				<extensions>
					<swisstopo:routepoint_id>1648292941</swisstopo:routepoint_id>
				</extensions>
			</trkpt>
			<trkpt lat="46.8434400093" lon="8.5994429821">
				<ele>1632.3</ele>
				<extensions>
					<swisstopo:routepoint_id>1398830950</swisstopo:routepoint_id>
				</extensions>
			</trkpt>
			<trkpt lat="46.8434166726" lon="8.5993942977">
				<ele>1632.6</ele>
				<extensions>
					<swisstopo:routepoint_id>1845383332</swisstopo:routepoint_id>
				</extensions>
			</trkpt>
			<trkpt lat="46.8433965620" lon="8.5993575520">
				<ele>1632.6</ele>
				<extensions>
					<swisstopo:routepoint_id>1736802708</swisstopo:routepoint_id>
				</extensions>
			</trkpt>
			<trkpt lat="46.8433823945" lon="8.5993121895">
				<ele>1632.2</ele>
				<extensions>
					<swisstopo:routepoint_id>1034427139</swisstopo:routepoint_id>
				</extensions>
			</trkpt>
			<trkpt lat="46.8433719671" lon="8.5992687897">
				<ele>1632.3</ele>
				<extensions>
					<swisstopo:routepoint_id>879652041</swisstopo:routepoint_id>
				</extensions>
			</trkpt>
			<trkpt lat="46.8433700135" lon="8.5992136908">
				<ele>1631.7</ele>
				<extensions>
					<swisstopo:routepoint_id>1648198442</swisstopo:routepoint_id>
				</extensions>
			</trkpt>
			<trkpt lat="46.8433695599" lon="8.5991761400">
				<ele>1631.2</ele>
				<extensions>
					<swisstopo:routepoint_id>1057037718</swisstopo:routepoint_id>
				</extensions>
			</trkpt>
			<trkpt lat="46.8433637390" lon="8.5991315849">
				<ele>1630.8</ele>
				<extensions>
					<swisstopo:routepoint_id>891536291</swisstopo:routepoint_id>
				</extensions>
			</trkpt>
			<trkpt lat="46.8433608601" lon="8.5990858641">
				<ele>1630.5</ele>
				<extensions>
					<swisstopo:routepoint_id>1662509744</swisstopo:routepoint_id>
				</extensions>
			</trkpt>
			<trkpt lat="46.8433567188" lon="8.5990407178">
				<ele>1630.3</ele>
				<extensions>
					<swisstopo:routepoint_id>1601096722</swisstopo:routepoint_id>
				</extensions>
			</trkpt>
			<trkpt lat="46.8433481678" lon="8.5989773334">
				<ele>1630.0</ele>
				<extensions>
					<swisstopo:routepoint_id>1725288588</swisstopo:routepoint_id>
				</extensions>
			</trkpt>
			<trkpt lat="46.8433456997" lon="8.5989322360">
				<ele>1629.8</ele>
				<extensions>
					<swisstopo:routepoint_id>2025690697</swisstopo:routepoint_id>
				</extensions>
			</trkpt>
			<trkpt lat="46.8433494307" lon="8.5988935335">
				<ele>1629.7</ele>
				<extensions>
					<swisstopo:routepoint_id>2017658861</swisstopo:routepoint_id>
				</extensions>
			</trkpt>
			<trkpt lat="46.8433497861" lon="8.5988584968">
				<ele>1629.4</ele>
				<extensions>
					<swisstopo:routepoint_id>2031202339</swisstopo:routepoint_id>
				</extensions>
			</trkpt>
			<trkpt lat="46.8433377869" lon="8.5988050508">
				<ele>1629.0</ele>
				<extensions>
					<swisstopo:routepoint_id>89817619</swisstopo:routepoint_id>
				</extensions>
			</trkpt>
			<trkpt lat="46.8433299286" lon="8.5987560728">
				<ele>1628.8</ele>
				<extensions>
					<swisstopo:routepoint_id>1527278030</swisstopo:routepoint_id>
				</extensions>
			</trkpt>
			<trkpt lat="46.8433271976" lon="8.5986953235">
				<ele>1628.7</ele>
				<extensions>
					<swisstopo:routepoint_id>1477020929</swisstopo:routepoint_id>
				</extensions>
			</trkpt>
			<trkpt lat="46.8433302628" lon="8.5985996805">
				<ele>1628.5</ele>
				<extensions>
					<swisstopo:routepoint_id>1276541837</swisstopo:routepoint_id>
				</extensions>
			</trkpt>
			<trkpt lat="46.8433336588" lon="8.5985121493">
				<ele>1628.6</ele>
				<extensions>
					<swisstopo:routepoint_id>1316139591</swisstopo:routepoint_id>
				</extensions>
			</trkpt>
			<trkpt lat="46.8433360359" lon="8.5984427650">
				<ele>1628.7</ele>
				<extensions>
					<swisstopo:routepoint_id>975370906</swisstopo:routepoint_id>
				</extensions>
			</trkpt>
			<trkpt lat="46.8433411607" lon="8.5983909428">
				<ele>1629.1</ele>
				<extensions>
					<swisstopo:routepoint_id>578870488</swisstopo:routepoint_id>
				</extensions>
			</trkpt>
			<trkpt lat="46.8433360387" lon="8.5983601799">
				<ele>1629.4</ele>
				<extensions>
					<swisstopo:routepoint_id>2082226000</swisstopo:routepoint_id>
				</extensions>
			</trkpt>
			<trkpt lat="46.8433188165" lon="8.5983266339">
				<ele>1629.7</ele>
				<extensions>
					<swisstopo:routepoint_id>1588472151</swisstopo:routepoint_id>
				</extensions>
			</trkpt>
			<trkpt lat="46.8432902947" lon="8.5982940864">
				<ele>1630.1</ele>
				<extensions>
					<swisstopo:routepoint_id>1878360093</swisstopo:routepoint_id>
				</extensions>
			</trkpt>
			<trkpt lat="46.8432708470" lon="8.5982742566">
				<ele>1630.2</ele>
				<extensions>
					<swisstopo:routepoint_id>447190078</swisstopo:routepoint_id>
				</extensions>
			</trkpt>
			<trkpt lat="46.8432585665" lon="8.5982489604">
				<ele>1630.4</ele>
				<extensions>
					<swisstopo:routepoint_id>244328906</swisstopo:routepoint_id>
				</extensions>
			</trkpt>
			<trkpt lat="46.8432475732" lon="8.5982193130">
				<ele>1630.6</ele>
				<extensions>
					<swisstopo:routepoint_id>133793045</swisstopo:routepoint_id>
				</extensions>
			</trkpt>
			<trkpt lat="46.8432413689" lon="8.5981722531">
				<ele>1631.2</ele>
				<extensions>
					<swisstopo:routepoint_id>1167982496</swisstopo:routepoint_id>
				</extensions>
			</trkpt>
			<trkpt lat="46.8432413322" lon="8.5981347113">
				<ele>1631.7</ele>
				<extensions>
					<swisstopo:routepoint_id>658995725</swisstopo:routepoint_id>
				</extensions>
			</trkpt>
			<trkpt lat="46.8432522197" lon="8.5980911566">
				<ele>1632.5</ele>
				<extensions>
					<swisstopo:routepoint_id>1391361244</swisstopo:routepoint_id>
				</extensions>
			</trkpt>
			<trkpt lat="46.8432596045" lon="8.5980638003">
				<ele>1633.3</ele>
				<extensions>
					<swisstopo:routepoint_id>999141191</swisstopo:routepoint_id>
				</extensions>
			</trkpt>
			<trkpt lat="46.8432591911" lon="8.5980231134">
				<ele>1633.7</ele>
				<extensions>
					<swisstopo:routepoint_id>755071102</swisstopo:routepoint_id>
				</extensions>
			</trkpt>
			<trkpt lat="46.8432545896" lon="8.5979817346">
				<ele>1633.7</ele>
				<extensions>
					<swisstopo:routepoint_id>21255272</swisstopo:routepoint_id>
				</extensions>
			</trkpt>
			<trkpt lat="46.8432596399" lon="8.5979367865">
				<ele>1633.8</ele>
				<extensions>
					<swisstopo:routepoint_id>729458285</swisstopo:routepoint_id>
				</extensions>
			</trkpt>
			<trkpt lat="46.8432709678" lon="8.5978913847">
				<ele>1633.9</ele>
				<extensions>
					<swisstopo:routepoint_id>2021031612</swisstopo:routepoint_id>
				</extensions>
			</trkpt>
			<trkpt lat="46.8432831626" lon="8.5978441065">
				<ele>1633.9</ele>
				<extensions>
					<swisstopo:routepoint_id>1147012212</swisstopo:routepoint_id>
				</extensions>
			</trkpt>
			<trkpt lat="46.8432886998" lon="8.5977922932">
				<ele>1634.0</ele>
				<extensions>
					<swisstopo:routepoint_id>1709801017</swisstopo:routepoint_id>
				</extensions>
			</trkpt>
			<trkpt lat="46.8432936159" lon="8.5977198396">
				<ele>1634.3</ele>
				<extensions>
					<swisstopo:routepoint_id>1193119808</swisstopo:routepoint_id>
				</extensions>
			</trkpt>
			<trkpt lat="46.8432965983" lon="8.5976322995">
				<ele>1635.3</ele>
				<extensions>
					<swisstopo:routepoint_id>1122686050</swisstopo:routepoint_id>
				</extensions>
			</trkpt>
			<trkpt lat="46.8432996554" lon="8.5975785763">
				<ele>1635.9</ele>
				<extensions>
					<swisstopo:routepoint_id>2062197969</swisstopo:routepoint_id>
				</extensions>
			</trkpt>
			<trkpt lat="46.8433061662" lon="8.5975130325">
				<ele>1637.3</ele>
				<extensions>
					<swisstopo:routepoint_id>1535956187</swisstopo:routepoint_id>
				</extensions>
			</trkpt>
			<trkpt lat="46.8433125085" lon="8.5974649880">
				<ele>1638.6</ele>
				<extensions>
					<swisstopo:routepoint_id>1157971843</swisstopo:routepoint_id>
				</extensions>
			</trkpt>
			<trkpt lat="46.8433208670" lon="8.5974238882">
				<ele>1639.4</ele>
				<extensions>
					<swisstopo:routepoint_id>892692255</swisstopo:routepoint_id>
				</extensions>
			</trkpt>
			<trkpt lat="46.8433348308" lon="8.5974079280">
				<ele>1640.0</ele>
				<extensions>
					<swisstopo:routepoint_id>2076878199</swisstopo:routepoint_id>
				</extensions>
			</trkpt>
			<trkpt lat="46.8433646284" lon="8.5973960858">
				<ele>1641.1</ele>
				<extensions>
					<swisstopo:routepoint_id>1127466240</swisstopo:routepoint_id>
				</extensions>
			</trkpt>
			<trkpt lat="46.8433780373" lon="8.5973932632">
				<ele>1641.3</ele>
				<extensions>
					<swisstopo:routepoint_id>1666612523</swisstopo:routepoint_id>
				</extensions>
			</trkpt>
			<trkpt lat="46.8433941777" lon="8.5973679773">
				<ele>1642.0</ele>
				<extensions>
					<swisstopo:routepoint_id>402329097</swisstopo:routepoint_id>
				</extensions>
			</trkpt>
			<trkpt lat="46.8434089994" lon="8.5973501533">
				<ele>1642.8</ele>
				<extensions>
					<swisstopo:routepoint_id>800267294</swisstopo:routepoint_id>
				</extensions>
			</trkpt>
			<trkpt lat="46.8434329262" lon="8.5973406814">
				<ele>1643.7</ele>
				<extensions>
					<swisstopo:routepoint_id>1698408574</swisstopo:routepoint_id>
				</extensions>
			</trkpt>
			<trkpt lat="46.8434510556" lon="8.5973254509">
				<ele>1644.7</ele>
				<extensions>
					<swisstopo:routepoint_id>803027646</swisstopo:routepoint_id>
				</extensions>
			</trkpt>
			<trkpt lat="46.8434537218" lon="8.5973098619">
				<ele>1645.0</ele>
				<extensions>
					<swisstopo:routepoint_id>892543363</swisstopo:routepoint_id>
				</extensions>
			</trkpt>
			<trkpt lat="46.8434339916" lon="8.5972762622">
				<ele>1646.0</ele>
				<extensions>
					<swisstopo:routepoint_id>341974105</swisstopo:routepoint_id>
				</extensions>
			</trkpt>
			<trkpt lat="46.8434089301" lon="8.5972325351">
				<ele>1647.4</ele>
				<extensions>
					<swisstopo:routepoint_id>1759712427</swisstopo:routepoint_id>
				</extensions>
			</trkpt>
			<trkpt lat="46.8433726095" lon="8.5971866833">
				<ele>1648.7</ele>
				<extensions>
					<swisstopo:routepoint_id>2065685747</swisstopo:routepoint_id>
				</extensions>
			</trkpt>
			<trkpt lat="46.8433524622" lon="8.5971530620">
				<ele>1649.5</ele>
				<extensions>
					<swisstopo:routepoint_id>1247061260</swisstopo:routepoint_id>
				</extensions>
			</trkpt>
			<trkpt lat="46.8433759610" lon="8.5971442081">
				<ele>1650.4</ele>
				<extensions>
					<swisstopo:routepoint_id>467340677</swisstopo:routepoint_id>
				</extensions>
			</trkpt>
			<trkpt lat="46.8434115032" lon="8.5971437440">
				<ele>1651.5</ele>
				<extensions>
					<swisstopo:routepoint_id>1172729949</swisstopo:routepoint_id>
				</extensions>
			</trkpt>
			<trkpt lat="46.8434483265" lon="8.5971408237">
				<ele>1652.4</ele>
				<extensions>
					<swisstopo:routepoint_id>2140525899</swisstopo:routepoint_id>
				</extensions>
			</trkpt>
			<trkpt lat="46.8434892824" lon="8.5971423582">
				<ele>1653.8</ele>
				<extensions>
					<swisstopo:routepoint_id>913194423</swisstopo:routepoint_id>
				</extensions>
			</trkpt>
			<trkpt lat="46.8434733456" lon="8.5971063434">
				<ele>1654.9</ele>
				<extensions>
					<swisstopo:routepoint_id>256622857</swisstopo:routepoint_id>
				</extensions>
			</trkpt>
			<trkpt lat="46.8434539546" lon="8.5970808816">
				<ele>1655.5</ele>
				<extensions>
					<swisstopo:routepoint_id>761926674</swisstopo:routepoint_id>
				</extensions>
			</trkpt>
			<trkpt lat="46.8434334362" lon="8.5970422586">
				<ele>1656.6</ele>
				<extensions>
					<swisstopo:routepoint_id>315133968</swisstopo:routepoint_id>
				</extensions>
			</trkpt>
			<trkpt lat="46.8434215557" lon="8.5970182132">
				<ele>1657.3</ele>
				<extensions>
					<swisstopo:routepoint_id>1397729443</swisstopo:routepoint_id>
				</extensions>
			</trkpt>
			<trkpt lat="46.8434458721" lon="8.5970118865">
				<ele>1658.1</ele>
				<extensions>
					<swisstopo:routepoint_id>573656918</swisstopo:routepoint_id>
				</extensions>
			</trkpt>
			<trkpt lat="46.8434709620" lon="8.5970111845">
				<ele>1658.6</ele>
				<extensions>
					<swisstopo:routepoint_id>573991206</swisstopo:routepoint_id>
				</extensions>
			</trkpt>
			<trkpt lat="46.8434869483" lon="8.5970015416">
				<ele>1658.9</ele>
				<extensions>
					<swisstopo:routepoint_id>601334684</swisstopo:routepoint_id>
				</extensions>
			</trkpt>
			<trkpt lat="46.8434921792" lon="8.5969803869">
				<ele>1659.1</ele>
				<extensions>
					<swisstopo:routepoint_id>1757683488</swisstopo:routepoint_id>
				</extensions>
			</trkpt>
			<trkpt lat="46.8434887593" lon="8.5969458962">
				<ele>1659.4</ele>
				<extensions>
					<swisstopo:routepoint_id>126983337</swisstopo:routepoint_id>
				</extensions>
			</trkpt>
			<trkpt lat="46.8434843736" lon="8.5968844838">
				<ele>1659.6</ele>
				<extensions>
					<swisstopo:routepoint_id>623668392</swisstopo:routepoint_id>
				</extensions>
			</trkpt>
			<trkpt lat="46.8434795995" lon="8.5968193116">
				<ele>1659.6</ele>
				<extensions>
					<swisstopo:routepoint_id>1490511121</swisstopo:routepoint_id>
				</extensions>
			</trkpt>
			<trkpt lat="46.8434787751" lon="8.5967354536">
				<ele>1660.3</ele>
				<extensions>
					<swisstopo:routepoint_id>1462324827</swisstopo:routepoint_id>
				</extensions>
			</trkpt>
			<trkpt lat="46.8434822846" lon="8.5966773481">
				<ele>1660.8</ele>
				<extensions>
					<swisstopo:routepoint_id>1455551172</swisstopo:routepoint_id>
				</extensions>
			</trkpt>
			<trkpt lat="46.8434853665" lon="8.5966211155">
				<ele>1661.3</ele>
				<extensions>
					<swisstopo:routepoint_id>409088517</swisstopo:routepoint_id>
				</extensions>
			</trkpt>
			<trkpt lat="46.8434838314" lon="8.5965666402">
				<ele>1662.0</ele>
				<extensions>
					<swisstopo:routepoint_id>1734545106</swisstopo:routepoint_id>
				</extensions>
			</trkpt>
			<trkpt lat="46.8434780602" lon="8.5965170929">
				<ele>1662.6</ele>
				<extensions>
					<swisstopo:routepoint_id>1773722559</swisstopo:routepoint_id>
				</extensions>
			</trkpt>
			<trkpt lat="46.8434780527" lon="8.5964770420">
				<ele>1663.0</ele>
				<extensions>
					<swisstopo:routepoint_id>159310903</swisstopo:routepoint_id>
				</extensions>
			</trkpt>
			<trkpt lat="46.8434839917" lon="8.5964271320">
				<ele>1663.2</ele>
				<extensions>
					<swisstopo:routepoint_id>1982537965</swisstopo:routepoint_id>
				</extensions>
			</trkpt>
			<trkpt lat="46.8434882512" lon="8.5963778005">
				<ele>1663.3</ele>
				<extensions>
					<swisstopo:routepoint_id>1260089176</swisstopo:routepoint_id>
				</extensions>
			</trkpt>
			<trkpt lat="46.8434879505" lon="8.5963246194">
				<ele>1663.9</ele>
				<extensions>
					<swisstopo:routepoint_id>149952901</swisstopo:routepoint_id>
				</extensions>
			</trkpt>
			<trkpt lat="46.8434836796" lon="8.5962926200">
				<ele>1664.2</ele>
				<extensions>
					<swisstopo:routepoint_id>449003837</swisstopo:routepoint_id>
				</extensions>
			</trkpt>
			<trkpt lat="46.8434661389" lon="8.5962496825">
				<ele>1665.0</ele>
				<extensions>
					<swisstopo:routepoint_id>814580666</swisstopo:routepoint_id>
				</extensions>
			</trkpt>
			<trkpt lat="46.8434602327" lon="8.5962138836">
				<ele>1665.5</ele>
				<extensions>
					<swisstopo:routepoint_id>1998548599</swisstopo:routepoint_id>
				</extensions>
			</trkpt>
			<trkpt lat="46.8434577736" lon="8.5961669172">
				<ele>1665.8</ele>
				<extensions>
					<swisstopo:routepoint_id>276747822</swisstopo:routepoint_id>
				</extensions>
			</trkpt>
			<trkpt lat="46.8434652214" lon="8.5961332879">
				<ele>1666.2</ele>
				<extensions>
					<swisstopo:routepoint_id>1465830258</swisstopo:routepoint_id>
				</extensions>
			</trkpt>
			<trkpt lat="46.8434768628" lon="8.5960985196">
				<ele>1666.6</ele>
				<extensions>
					<swisstopo:routepoint_id>207974161</swisstopo:routepoint_id>
				</extensions>
			</trkpt>
			<trkpt lat="46.8434979006" lon="8.5960858480">
				<ele>1666.8</ele>
				<extensions>
					<swisstopo:routepoint_id>1802764012</swisstopo:routepoint_id>
				</extensions>
			</trkpt>
			<trkpt lat="46.8435152860" lon="8.5960612158">
				<ele>1667.4</ele>
				<extensions>
					<swisstopo:routepoint_id>831016179</swisstopo:routepoint_id>
				</extensions>
			</trkpt>
			<trkpt lat="46.8435208960" lon="8.5960438207">
				<ele>1667.9</ele>
				<extensions>
					<swisstopo:routepoint_id>2035731569</swisstopo:routepoint_id>
				</extensions>
			</trkpt>
			<trkpt lat="46.8435189744" lon="8.5960275055">
				<ele>1668.4</ele>
				<extensions>
					<swisstopo:routepoint_id>871661908</swisstopo:routepoint_id>
				</extensions>
			</trkpt>
			<trkpt lat="46.8435046979" lon="8.5959927815">
				<ele>1669.1</ele>
				<extensions>
					<swisstopo:routepoint_id>255214881</swisstopo:routepoint_id>
				</extensions>
			</trkpt>
			<trkpt lat="46.8434845417" lon="8.5959604278">
				<ele>1669.7</ele>
				<extensions>
					<swisstopo:routepoint_id>265016737</swisstopo:routepoint_id>
				</extensions>
			</trkpt>
			<trkpt lat="46.8434655318" lon="8.5959380859">
				<ele>1670.2</ele>
				<extensions>
					<swisstopo:routepoint_id>941065156</swisstopo:routepoint_id>
				</extensions>
			</trkpt>
			<trkpt lat="46.8434431688" lon="8.5959163248">
				<ele>1670.8</ele>
				<extensions>
					<swisstopo:routepoint_id>1441465109</swisstopo:routepoint_id>
				</extensions>
			</trkpt>
			<trkpt lat="46.8434324300" lon="8.5959035845">
				<ele>1671.0</ele>
				<extensions>
					<swisstopo:routepoint_id>549254845</swisstopo:routepoint_id>
				</extensions>
			</trkpt>
			<trkpt lat="46.8434260225" lon="8.5958765201">
				<ele>1671.4</ele>
				<extensions>
					<swisstopo:routepoint_id>1543915878</swisstopo:routepoint_id>
				</extensions>
			</trkpt>
			<trkpt lat="46.8434208594" lon="8.5958488806">
				<ele>1672.0</ele>
				<extensions>
					<swisstopo:routepoint_id>936413642</swisstopo:routepoint_id>
				</extensions>
			</trkpt>
			<trkpt lat="46.8434069387" lon="8.5958197981">
				<ele>1672.7</ele>
				<extensions>
					<swisstopo:routepoint_id>132045399</swisstopo:routepoint_id>
				</extensions>
			</trkpt>
			<trkpt lat="46.8433892587" lon="8.5957906092">
				<ele>1672.9</ele>
				<extensions>
					<swisstopo:routepoint_id>848421697</swisstopo:routepoint_id>
				</extensions>
			</trkpt>
			<trkpt lat="46.8433712834" lon="8.5957489301">
				<ele>1673.4</ele>
				<extensions>
					<swisstopo:routepoint_id>1946674706</swisstopo:routepoint_id>
				</extensions>
			</trkpt>
			<trkpt lat="46.8433625724" lon="8.5957011891">
				<ele>1674.0</ele>
				<extensions>
					<swisstopo:routepoint_id>1660528153</swisstopo:routepoint_id>
				</extensions>
			</trkpt>
			<trkpt lat="46.8433557244" lon="8.5956347049">
				<ele>1674.9</ele>
				<extensions>
					<swisstopo:routepoint_id>1050522020</swisstopo:routepoint_id>
				</extensions>
			</trkpt>
			<trkpt lat="46.8433529093" lon="8.5955820972">
				<ele>1675.9</ele>
				<extensions>
					<swisstopo:routepoint_id>1971091406</swisstopo:routepoint_id>
				</extensions>
			</trkpt>
			<trkpt lat="46.8433498080" lon="8.5955169611">
				<ele>1677.2</ele>
				<extensions>
					<swisstopo:routepoint_id>708875045</swisstopo:routepoint_id>
				</extensions>
			</trkpt>
			<trkpt lat="46.8433499494" lon="8.5954612799">
				<ele>1677.9</ele>
				<extensions>
					<swisstopo:routepoint_id>80028181</swisstopo:routepoint_id>
				</extensions>
			</trkpt>
			<trkpt lat="46.8433475622" lon="8.5954080541">
				<ele>1678.8</ele>
				<extensions>
					<swisstopo:routepoint_id>867329031</swisstopo:routepoint_id>
				</extensions>
			</trkpt>
			<trkpt lat="46.8433461339" lon="8.5953429540">
				<ele>1680.1</ele>
				<extensions>
					<swisstopo:routepoint_id>602629869</swisstopo:routepoint_id>
				</extensions>
			</trkpt>
			<trkpt lat="46.8433450615" lon="8.5952834953">
				<ele>1681.1</ele>
				<extensions>
					<swisstopo:routepoint_id>1014043723</swisstopo:routepoint_id>
				</extensions>
			</trkpt>
			<trkpt lat="46.8433464273" lon="8.5952309775">
				<ele>1682.0</ele>
				<extensions>
					<swisstopo:routepoint_id>589477962</swisstopo:routepoint_id>
				</extensions>
			</trkpt>
			<trkpt lat="46.8433439749" lon="8.5951846130">
				<ele>1682.7</ele>
				<extensions>
					<swisstopo:routepoint_id>933418071</swisstopo:routepoint_id>
				</extensions>
			</trkpt>
			<trkpt lat="46.8433376595" lon="8.5951062711">
				<ele>1684.2</ele>
				<extensions>
					<swisstopo:routepoint_id>475243952</swisstopo:routepoint_id>
				</extensions>
			</trkpt>
			<trkpt lat="46.8433359758" lon="8.5950242773">
				<ele>1685.8</ele>
				<extensions>
					<swisstopo:routepoint_id>1538289455</swisstopo:routepoint_id>
				</extensions>
			</trkpt>
			<trkpt lat="46.8433346866" lon="8.5949454032">
				<ele>1687.6</ele>
				<extensions>
					<swisstopo:routepoint_id>665150870</swisstopo:routepoint_id>
				</extensions>
			</trkpt>
			<trkpt lat="46.8433391079" lon="8.5948391619">
				<ele>1688.9</ele>
				<extensions>
					<swisstopo:routepoint_id>874008050</swisstopo:routepoint_id>
				</extensions>
			</trkpt>
			<trkpt lat="46.8433432447" lon="8.5947610446">
				<ele>1690.6</ele>
				<extensions>
					<swisstopo:routepoint_id>1729078522</swisstopo:routepoint_id>
				</extensions>
			</trkpt>
			<trkpt lat="46.8433439845" lon="8.5946878606">
				<ele>1692.5</ele>
				<extensions>
					<swisstopo:routepoint_id>587348362</swisstopo:routepoint_id>
				</extensions>
			</trkpt>
			<trkpt lat="46.8433420964" lon="8.5946265023">
				<ele>1693.8</ele>
				<extensions>
					<swisstopo:routepoint_id>381182309</swisstopo:routepoint_id>
				</extensions>
			</trkpt>
			<trkpt lat="46.8433397213" lon="8.5945720218">
				<ele>1694.7</ele>
				<extensions>
					<swisstopo:routepoint_id>792855192</swisstopo:routepoint_id>
				</extensions>
			</trkpt>
			<trkpt lat="46.8433449455" lon="8.5945101889">
				<ele>1696.3</ele>
				<extensions>
					<swisstopo:routepoint_id>1843047360</swisstopo:routepoint_id>
				</extensions>
			</trkpt>
			<trkpt lat="46.8433501649" lon="8.5944483813">
				<ele>1697.3</ele>
				<extensions>
					<swisstopo:routepoint_id>1212038165</swisstopo:routepoint_id>
				</extensions>
			</trkpt>
			<trkpt lat="46.8433581114" lon="8.5943653523">
				<ele>1696.6</ele>
				<extensions>
					<swisstopo:routepoint_id>1032862638</swisstopo:routepoint_id>
				</extensions>
			</trkpt>
			<trkpt lat="46.8433700746" lon="8.5942986704">
				<ele>1695.8</ele>
				<extensions>
					<swisstopo:routepoint_id>2004950245</swisstopo:routepoint_id>
				</extensions>
			</trkpt>
			<trkpt lat="46.8433810453" lon="8.5942476007">
				<ele>1694.7</ele>
				<extensions>
					<swisstopo:routepoint_id>992405721</swisstopo:routepoint_id>
				</extensions>
			</trkpt>
			<trkpt lat="46.8433978613" lon="8.5941966823">
				<ele>1693.1</ele>
				<extensions>
					<swisstopo:routepoint_id>339169037</swisstopo:routepoint_id>
				</extensions>
			</trkpt>
			<trkpt lat="46.8434194234" lon="8.5941320886">
				<ele>1690.9</ele>
				<extensions>
					<swisstopo:routepoint_id>1774022855</swisstopo:routepoint_id>
				</extensions>
			</trkpt>
			<trkpt lat="46.8434294919" lon="8.5940872734">
				<ele>1689.4</ele>
				<extensions>
					<swisstopo:routepoint_id>660692835</swisstopo:routepoint_id>
				</extensions>
			</trkpt>
			<trkpt lat="46.8434304568" lon="8.5940334921">
				<ele>1688.0</ele>
				<extensions>
					<swisstopo:routepoint_id>889340565</swisstopo:routepoint_id>
				</extensions>
			</trkpt>
			<trkpt lat="46.8434295312" lon="8.5940003229">
				<ele>1687.1</ele>
				<extensions>
					<swisstopo:routepoint_id>1887134844</swisstopo:routepoint_id>
				</extensions>
			</trkpt>
			<trkpt lat="46.8434428118" lon="8.5939693152">
				<ele>1685.0</ele>
				<extensions>
					<swisstopo:routepoint_id>1058201893</swisstopo:routepoint_id>
				</extensions>
			</trkpt>
			<trkpt lat="46.8434522565" lon="8.5939445120">
				<ele>1683.6</ele>
				<extensions>
					<swisstopo:routepoint_id>1984763592</swisstopo:routepoint_id>
				</extensions>
			</trkpt>
			<trkpt lat="46.8434537778" lon="8.5939182709">
				<ele>1682.8</ele>
				<extensions>
					<swisstopo:routepoint_id>1305959876</swisstopo:routepoint_id>
				</extensions>
			</trkpt>
			<trkpt lat="46.8434662739" lon="8.5938810109">
				<ele>1681.0</ele>
				<extensions>
					<swisstopo:routepoint_id>657853976</swisstopo:routepoint_id>
				</extensions>
			</trkpt>
			<trkpt lat="46.8434761971" lon="8.5938505713">
				<ele>1679.8</ele>
				<extensions>
					<swisstopo:routepoint_id>852925043</swisstopo:routepoint_id>
				</extensions>
			</trkpt>
			<trkpt lat="46.8434767466" lon="8.5937961537">
				<ele>1679.0</ele>
				<extensions>
					<swisstopo:routepoint_id>624605997</swisstopo:routepoint_id>
				</extensions>
			</trkpt>
			<trkpt lat="46.8434894401" lon="8.5937349929">
				<ele>1678.9</ele>
				<extensions>
					<swisstopo:routepoint_id>887166274</swisstopo:routepoint_id>
				</extensions>
			</trkpt>
			<trkpt lat="46.8435380047" lon="8.5936751397">
				<ele>1682.2</ele>
				<extensions>
					<swisstopo:routepoint_id>1375530947</swisstopo:routepoint_id>
				</extensions>
			</trkpt>
			<trkpt lat="46.8435785802" lon="8.5936399419">
				<ele>1685.2</ele>
				<extensions>
					<swisstopo:routepoint_id>2040236028</swisstopo:routepoint_id>
				</extensions>
			</trkpt>
			<trkpt lat="46.8435835639" lon="8.5936062208">
				<ele>1686.4</ele>
				<extensions>
					<swisstopo:routepoint_id>778515536</swisstopo:routepoint_id>
				</extensions>
			</trkpt>
			<trkpt lat="46.8435763534" lon="8.5935542102">
				<ele>1688.3</ele>
				<extensions>
					<swisstopo:routepoint_id>1156393498</swisstopo:routepoint_id>
				</extensions>
			</trkpt>
			<trkpt lat="46.8435724485" lon="8.5934819634">
				<ele>1691.1</ele>
				<extensions>
					<swisstopo:routepoint_id>404215337</swisstopo:routepoint_id>
				</extensions>
			</trkpt>
			<trkpt lat="46.8435855896" lon="8.5934055881">
				<ele>1692.4</ele>
				<extensions>
					<swisstopo:routepoint_id>2111603437</swisstopo:routepoint_id>
				</extensions>
			</trkpt>
			<trkpt lat="46.8435940064" lon="8.5933381255">
				<ele>1694.7</ele>
				<extensions>
					<swisstopo:routepoint_id>1705897441</swisstopo:routepoint_id>
				</extensions>
			</trkpt>
			<trkpt lat="46.8435855002" lon="8.5932612729">
				<ele>1697.1</ele>
				<extensions>
					<swisstopo:routepoint_id>1753660467</swisstopo:routepoint_id>
				</extensions>
			</trkpt>
			<trkpt lat="46.8435953718" lon="8.5932028554">
				<ele>1698.4</ele>
				<extensions>
					<swisstopo:routepoint_id>87884508</swisstopo:routepoint_id>
				</extensions>
			</trkpt>
			<trkpt lat="46.8435978735" lon="8.5931082111">
				<ele>1699.8</ele>
				<extensions>
					<swisstopo:routepoint_id>274845315</swisstopo:routepoint_id>
				</extensions>
			</trkpt>
			<trkpt lat="46.8436001293" lon="8.5930383499">
				<ele>1701.7</ele>
				<extensions>
					<swisstopo:routepoint_id>90863076</swisstopo:routepoint_id>
				</extensions>
			</trkpt>
			<trkpt lat="46.8436085684" lon="8.5929686342">
				<ele>1703.7</ele>
				<extensions>
					<swisstopo:routepoint_id>1052345224</swisstopo:routepoint_id>
				</extensions>
			</trkpt>
			<trkpt lat="46.8435862947" lon="8.5928757119">
				<ele>1704.6</ele>
				<extensions>
					<swisstopo:routepoint_id>831865942</swisstopo:routepoint_id>
				</extensions>
			</trkpt>
			<trkpt lat="46.8435902101" lon="8.5927946061">
				<ele>1705.7</ele>
				<extensions>
					<swisstopo:routepoint_id>377746982</swisstopo:routepoint_id>
				</extensions>
			</trkpt>
			<trkpt lat="46.8435988084" lon="8.5927091192">
				<ele>1708.0</ele>
				<extensions>
					<swisstopo:routepoint_id>365325965</swisstopo:routepoint_id>
				</extensions>
			</trkpt>
			<trkpt lat="46.8435960078" lon="8.5926797510">
				<ele>1708.9</ele>
				<extensions>
					<swisstopo:routepoint_id>59436260</swisstopo:routepoint_id>
				</extensions>
			</trkpt>
			<trkpt lat="46.8435993542" lon="8.5926550215">
				<ele>1709.6</ele>
				<extensions>
					<swisstopo:routepoint_id>211723677</swisstopo:routepoint_id>
				</extensions>
			</trkpt>
			<trkpt lat="46.8436319770" lon="8.5926421873">
				<ele>1710.7</ele>
				<extensions>
					<swisstopo:routepoint_id>307179295</swisstopo:routepoint_id>
				</extensions>
			</trkpt>
			<trkpt lat="46.8436657666" lon="8.5925916319">
				<ele>1712.8</ele>
				<extensions>
					<swisstopo:routepoint_id>121275014</swisstopo:routepoint_id>
				</extensions>
			</trkpt>
			<trkpt lat="46.8436980119" lon="8.5925447950">
				<ele>1715.2</ele>
				<extensions>
					<swisstopo:routepoint_id>1413178462</swisstopo:routepoint_id>
				</extensions>
			</trkpt>
			<trkpt lat="46.8437243190" lon="8.5925066015">
				<ele>1717.0</ele>
				<extensions>
					<swisstopo:routepoint_id>1701767144</swisstopo:routepoint_id>
				</extensions>
			</trkpt>
			<trkpt lat="46.8437379595" lon="8.5924812476">
				<ele>1717.9</ele>
				<extensions>
					<swisstopo:routepoint_id>659283031</swisstopo:routepoint_id>
				</extensions>
			</trkpt>
			<trkpt lat="46.8437382371" lon="8.5924537249">
				<ele>1718.7</ele>
				<extensions>
					<swisstopo:routepoint_id>1991767381</swisstopo:routepoint_id>
				</extensions>
			</trkpt>
			<trkpt lat="46.8437265856" lon="8.5924478286">
				<ele>1718.7</ele>
				<extensions>
					<swisstopo:routepoint_id>193055993</swisstopo:routepoint_id>
				</extensions>
			</trkpt>
			<trkpt lat="46.8437056137" lon="8.5924548693">
				<ele>1719.3</ele>
				<extensions>
					<swisstopo:routepoint_id>1090683255</swisstopo:routepoint_id>
				</extensions>
			</trkpt>
			<trkpt lat="46.8436884876" lon="8.5924538747">
				<ele>1719.8</ele>
				<extensions>
					<swisstopo:routepoint_id>2019136507</swisstopo:routepoint_id>
				</extensions>
			</trkpt>
			<trkpt lat="46.8436781298" lon="8.5924442545">
				<ele>1720.1</ele>
				<extensions>
					<swisstopo:routepoint_id>1954027433</swisstopo:routepoint_id>
				</extensions>
			</trkpt>
			<trkpt lat="46.8436853934" lon="8.5924287766">
				<ele>1720.5</ele>
				<extensions>
					<swisstopo:routepoint_id>757555607</swisstopo:routepoint_id>
				</extensions>
			</trkpt>
			<trkpt lat="46.8437087000" lon="8.5923980090">
				<ele>1721.2</ele>
				<extensions>
					<swisstopo:routepoint_id>1583537954</swisstopo:routepoint_id>
				</extensions>
			</trkpt>
			<trkpt lat="46.8437231029" lon="8.5923789326">
				<ele>1721.7</ele>
				<extensions>
					<swisstopo:routepoint_id>783854836</swisstopo:routepoint_id>
				</extensions>
			</trkpt>
			<trkpt lat="46.8437254584" lon="8.5923527093">
				<ele>1722.4</ele>
				<extensions>
					<swisstopo:routepoint_id>734103493</swisstopo:routepoint_id>
				</extensions>
			</trkpt>
			<trkpt lat="46.8437269983" lon="8.5923245992">
				<ele>1723.1</ele>
				<extensions>
					<swisstopo:routepoint_id>2069202373</swisstopo:routepoint_id>
				</extensions>
			</trkpt>
			<trkpt lat="46.8437399911" lon="8.5922798333">
				<ele>1724.0</ele>
				<extensions>
					<swisstopo:routepoint_id>708497563</swisstopo:routepoint_id>
				</extensions>
			</trkpt>
			<trkpt lat="46.8437495175" lon="8.5922468880">
				<ele>1724.7</ele>
				<extensions>
					<swisstopo:routepoint_id>704327861</swisstopo:routepoint_id>
				</extensions>
			</trkpt>
			<trkpt lat="46.8437493569" lon="8.5922218655">
				<ele>1725.5</ele>
				<extensions>
					<swisstopo:routepoint_id>1747851082</swisstopo:routepoint_id>
				</extensions>
			</trkpt>
			<trkpt lat="46.8437478289" lon="8.5922074284">
				<ele>1725.8</ele>
				<extensions>
					<swisstopo:routepoint_id>426099740</swisstopo:routepoint_id>
				</extensions>
			</trkpt>
			<trkpt lat="46.8437597538" lon="8.5921858019">
				<ele>1726.5</ele>
				<extensions>
					<swisstopo:routepoint_id>266176863</swisstopo:routepoint_id>
				</extensions>
			</trkpt>
			<trkpt lat="46.8437657657" lon="8.5921702972">
				<ele>1726.7</ele>
				<extensions>
					<swisstopo:routepoint_id>1771718595</swisstopo:routepoint_id>
				</extensions>
			</trkpt>
			<trkpt lat="46.8437678994" lon="8.5921246711">
				<ele>1727.6</ele>
				<extensions>
					<swisstopo:routepoint_id>646382103</swisstopo:routepoint_id>
				</extensions>
			</trkpt>
			<trkpt lat="46.8437674706" lon="8.5920839964">
				<ele>1728.1</ele>
				<extensions>
					<swisstopo:routepoint_id>1709771230</swisstopo:routepoint_id>
				</extensions>
			</trkpt>
			<trkpt lat="46.8437761154" lon="8.5920147457">
				<ele>1729.5</ele>
				<extensions>
					<swisstopo:routepoint_id>336528483</swisstopo:routepoint_id>
				</extensions>
			</trkpt>
			<trkpt lat="46.8437910577" lon="8.5919334661">
				<ele>1731.4</ele>
				<extensions>
					<swisstopo:routepoint_id>1873302450</swisstopo:routepoint_id>
				</extensions>
			</trkpt>
			<trkpt lat="46.8437835224" lon="8.5918761348">
				<ele>1732.2</ele>
				<extensions>
					<swisstopo:routepoint_id>1634458061</swisstopo:routepoint_id>
				</extensions>
			</trkpt>
			<trkpt lat="46.8437784866" lon="8.5918179096">
				<ele>1733.0</ele>
				<extensions>
					<swisstopo:routepoint_id>740926081</swisstopo:routepoint_id>
				</extensions>
			</trkpt>
			<trkpt lat="46.8437731018" lon="8.5917315722">
				<ele>1733.8</ele>
				<extensions>
					<swisstopo:routepoint_id>141361209</swisstopo:routepoint_id>
				</extensions>
			</trkpt>
			<trkpt lat="46.8437653356" lon="8.5916339418">
				<ele>1734.4</ele>
				<extensions>
					<swisstopo:routepoint_id>481713257</swisstopo:routepoint_id>
				</extensions>
			</trkpt>
			<trkpt lat="46.8437592558" lon="8.5915550799">
				<ele>1734.7</ele>
				<extensions>
					<swisstopo:routepoint_id>1224862257</swisstopo:routepoint_id>
				</extensions>
			</trkpt>
			<trkpt lat="46.8437511911" lon="8.5914883647">
				<ele>1735.2</ele>
				<extensions>
					<swisstopo:routepoint_id>1206251591</swisstopo:routepoint_id>
				</extensions>
			</trkpt>
			<trkpt lat="46.8437504356" lon="8.5914386691">
				<ele>1735.5</ele>
				<extensions>
					<swisstopo:routepoint_id>568151279</swisstopo:routepoint_id>
				</extensions>
			</trkpt>
			<trkpt lat="46.8437596305" lon="8.5913910817">
				<ele>1735.9</ele>
				<extensions>
					<swisstopo:routepoint_id>291228856</swisstopo:routepoint_id>
				</extensions>
			</trkpt>
			<trkpt lat="46.8437801401" lon="8.5913353114">
				<ele>1736.4</ele>
				<extensions>
					<swisstopo:routepoint_id>811888042</swisstopo:routepoint_id>
				</extensions>
			</trkpt>
			<trkpt lat="46.8438058085" lon="8.5912627888">
				<ele>1736.9</ele>
				<extensions>
					<swisstopo:routepoint_id>120793951</swisstopo:routepoint_id>
				</extensions>
			</trkpt>
			<trkpt lat="46.8438188585" lon="8.5912040420">
				<ele>1737.6</ele>
				<extensions>
					<swisstopo:routepoint_id>1143321501</swisstopo:routepoint_id>
				</extensions>
			</trkpt>
			<trkpt lat="46.8438244009" lon="8.5911479255">
				<ele>1738.2</ele>
				<extensions>
					<swisstopo:routepoint_id>451746178</swisstopo:routepoint_id>
				</extensions>
			</trkpt>
			<trkpt lat="46.8438083564" lon="8.5910679155">
				<ele>1739.0</ele>
				<extensions>
					<swisstopo:routepoint_id>1677688584</swisstopo:routepoint_id>
				</extensions>
			</trkpt>
			<trkpt lat="46.8438032449" lon="8.5910171790">
				<ele>1739.4</ele>
				<extensions>
					<swisstopo:routepoint_id>1613874942</swisstopo:routepoint_id>
				</extensions>
			</trkpt>
			<trkpt lat="46.8438008686" lon="8.5909421607">
				<ele>1739.9</ele>
				<extensions>
					<swisstopo:routepoint_id>1625115184</swisstopo:routepoint_id>
				</extensions>
			</trkpt>
			<trkpt lat="46.8437954969" lon="8.5908548889">
				<ele>1740.7</ele>
				<extensions>
					<swisstopo:routepoint_id>169140595</swisstopo:routepoint_id>
				</extensions>
			</trkpt>
			<trkpt lat="46.8437942214" lon="8.5907948749">
				<ele>1741.2</ele>
				<extensions>
					<swisstopo:routepoint_id>1621451575</swisstopo:routepoint_id>
				</extensions>
			</trkpt>
			<trkpt lat="46.8438081544" lon="8.5907099115">
				<ele>1742.5</ele>
				<extensions>
					<swisstopo:routepoint_id>1873634448</swisstopo:routepoint_id>
				</extensions>
			</trkpt>
			<trkpt lat="46.8438151086" lon="8.5906378970">
				<ele>1743.7</ele>
				<extensions>
					<swisstopo:routepoint_id>1454425686</swisstopo:routepoint_id>
				</extensions>
			</trkpt>
			<trkpt lat="46.8438313090" lon="8.5905764133">
				<ele>1744.5</ele>
				<extensions>
					<swisstopo:routepoint_id>746026296</swisstopo:routepoint_id>
				</extensions>
			</trkpt>
			<trkpt lat="46.8438431302" lon="8.5905157577">
				<ele>1744.7</ele>
				<extensions>
					<swisstopo:routepoint_id>1048167691</swisstopo:routepoint_id>
				</extensions>
			</trkpt>
			<trkpt lat="46.8438481807" lon="8.5904465193">
				<ele>1745.3</ele>
				<extensions>
					<swisstopo:routepoint_id>1390362214</swisstopo:routepoint_id>
				</extensions>
			</trkpt>
			<trkpt lat="46.8438446656" lon="8.5903602220">
				<ele>1746.1</ele>
				<extensions>
					<swisstopo:routepoint_id>1324323846</swisstopo:routepoint_id>
				</extensions>
			</trkpt>
			<trkpt lat="46.8438330238" lon="8.5902765548">
				<ele>1745.3</ele>
				<extensions>
					<swisstopo:routepoint_id>443835011</swisstopo:routepoint_id>
				</extensions>
			</trkpt>
			<trkpt lat="46.8438224030" lon="8.5902153933">
				<ele>1744.2</ele>
				<extensions>
					<swisstopo:routepoint_id>858151009</swisstopo:routepoint_id>
				</extensions>
			</trkpt>
			<trkpt lat="46.8438121031" lon="8.5901214604">
				<ele>1743.7</ele>
				<extensions>
					<swisstopo:routepoint_id>1244817269</swisstopo:routepoint_id>
				</extensions>
			</trkpt>
			<trkpt lat="46.8438054124" lon="8.5900416508">
				<ele>1744.3</ele>
				<extensions>
					<swisstopo:routepoint_id>1249184563</swisstopo:routepoint_id>
				</extensions>
			</trkpt>
			<trkpt lat="46.8438036174" lon="8.5899703710">
				<ele>1744.4</ele>
				<extensions>
					<swisstopo:routepoint_id>1690002255</swisstopo:routepoint_id>
				</extensions>
			</trkpt>
			<trkpt lat="46.8438119315" lon="8.5898871566">
				<ele>1744.9</ele>
				<extensions>
					<swisstopo:routepoint_id>1111343802</swisstopo:routepoint_id>
				</extensions>
			</trkpt>
			<trkpt lat="46.8438274092" lon="8.5898350168">
				<ele>1745.4</ele>
				<extensions>
					<swisstopo:routepoint_id>1364683566</swisstopo:routepoint_id>
				</extensions>
			</trkpt>
			<trkpt lat="46.8438478426" lon="8.5897867348">
				<ele>1746.2</ele>
				<extensions>
					<swisstopo:routepoint_id>606364883</swisstopo:routepoint_id>
				</extensions>
			</trkpt>
			<trkpt lat="46.8438767233" lon="8.5897676983">
				<ele>1746.8</ele>
				<extensions>
					<swisstopo:routepoint_id>1513637035</swisstopo:routepoint_id>
				</extensions>
			</trkpt>
			<trkpt lat="46.8439124268" lon="8.5897516376">
				<ele>1748.2</ele>
				<extensions>
					<swisstopo:routepoint_id>282596536</swisstopo:routepoint_id>
				</extensions>
			</trkpt>
			<trkpt lat="46.8439332336" lon="8.5897286769">
				<ele>1748.7</ele>
				<extensions>
					<swisstopo:routepoint_id>1527928366</swisstopo:routepoint_id>
				</extensions>
			</trkpt>
			<trkpt lat="46.8439468781" lon="8.5896727463">
				<ele>1748.7</ele>
				<extensions>
					<swisstopo:routepoint_id>817711417</swisstopo:routepoint_id>
				</extensions>
			</trkpt>
			<trkpt lat="46.8439487961" lon="8.5896043755">
				<ele>1749.3</ele>
				<extensions>
					<swisstopo:routepoint_id>758765729</swisstopo:routepoint_id>
				</extensions>
			</trkpt>
			<trkpt lat="46.8439418976" lon="8.5895451885">
				<ele>1750.3</ele>
				<extensions>
					<swisstopo:routepoint_id>1151920262</swisstopo:routepoint_id>
				</extensions>
			</trkpt>
			<trkpt lat="46.8439237494" lon="8.5894894743">
				<ele>1751.1</ele>
				<extensions>
					<swisstopo:routepoint_id>1996013207</swisstopo:routepoint_id>
				</extensions>
			</trkpt>
			<trkpt lat="46.8439123723" lon="8.5894414336">
				<ele>1751.4</ele>
				<extensions>
					<swisstopo:routepoint_id>2014462766</swisstopo:routepoint_id>
				</extensions>
			</trkpt>
			<trkpt lat="46.8439074773" lon="8.5893682180">
				<ele>1752.0</ele>
				<extensions>
					<swisstopo:routepoint_id>1044665513</swisstopo:routepoint_id>
				</extensions>
			</trkpt>
			<trkpt lat="46.8439070320" lon="8.5892876072">
				<ele>1752.4</ele>
				<extensions>
					<swisstopo:routepoint_id>1228601174</swisstopo:routepoint_id>
				</extensions>
			</trkpt>
			<trkpt lat="46.8439188096" lon="8.5892316494">
				<ele>1752.7</ele>
				<extensions>
					<swisstopo:routepoint_id>458523230</swisstopo:routepoint_id>
				</extensions>
			</trkpt>
			<trkpt lat="46.8439286933" lon="8.5891775077">
				<ele>1753.5</ele>
				<extensions>
					<swisstopo:routepoint_id>9354723</swisstopo:routepoint_id>
				</extensions>
			</trkpt>
			<trkpt lat="46.8439337430" lon="8.5891082691">
				<ele>1754.9</ele>
				<extensions>
					<swisstopo:routepoint_id>703008531</swisstopo:routepoint_id>
				</extensions>
			</trkpt>
			<trkpt lat="46.8439276940" lon="8.5890266038">
				<ele>1756.8</ele>
				<extensions>
					<swisstopo:routepoint_id>206523269</swisstopo:routepoint_id>
				</extensions>
			</trkpt>
			<trkpt lat="46.8439247916" lon="8.5889421889">
				<ele>1758.6</ele>
				<extensions>
					<swisstopo:routepoint_id>302195832</swisstopo:routepoint_id>
				</extensions>
			</trkpt>
			<trkpt lat="46.8439272103" lon="8.5888860181">
				<ele>1759.9</ele>
				<extensions>
					<swisstopo:routepoint_id>1396067622</swisstopo:routepoint_id>
				</extensions>
			</trkpt>
			<trkpt lat="46.8439214269" lon="8.5888399536">
				<ele>1760.7</ele>
				<extensions>
					<swisstopo:routepoint_id>997608193</swisstopo:routepoint_id>
				</extensions>
			</trkpt>
			<trkpt lat="46.8439074225" lon="8.5888059157">
				<ele>1761.4</ele>
				<extensions>
					<swisstopo:routepoint_id>244106109</swisstopo:routepoint_id>
				</extensions>
			</trkpt>
			<trkpt lat="46.8439034250" lon="8.5887683403">
				<ele>1761.6</ele>
				<extensions>
					<swisstopo:routepoint_id>1022966513</swisstopo:routepoint_id>
				</extensions>
			</trkpt>
			<trkpt lat="46.8438951365" lon="8.5886603789">
				<ele>1762.6</ele>
				<extensions>
					<swisstopo:routepoint_id>482787897</swisstopo:routepoint_id>
				</extensions>
			</trkpt>
			<trkpt lat="46.8438898384" lon="8.5885656056">
				<ele>1763.3</ele>
				<extensions>
					<swisstopo:routepoint_id>1773136988</swisstopo:routepoint_id>
				</extensions>
			</trkpt>
			<trkpt lat="46.8438919390" lon="8.5884794412">
				<ele>1763.5</ele>
				<extensions>
					<swisstopo:routepoint_id>1896259324</swisstopo:routepoint_id>
				</extensions>
			</trkpt>
			<trkpt lat="46.8439009850" lon="8.5883840397">
				<ele>1764.0</ele>
				<extensions>
					<swisstopo:routepoint_id>807639252</swisstopo:routepoint_id>
				</extensions>
			</trkpt>
			<trkpt lat="46.8439100650" lon="8.5883486386">
				<ele>1764.3</ele>
				<extensions>
					<swisstopo:routepoint_id>652968946</swisstopo:routepoint_id>
				</extensions>
			</trkpt>
			<trkpt lat="46.8439409959" lon="8.5883109001">
				<ele>1765.0</ele>
				<extensions>
					<swisstopo:routepoint_id>1910503270</swisstopo:routepoint_id>
				</extensions>
			</trkpt>
			<trkpt lat="46.8439644339" lon="8.5882739363">
				<ele>1765.6</ele>
				<extensions>
					<swisstopo:routepoint_id>1557668600</swisstopo:routepoint_id>
				</extensions>
			</trkpt>
			<trkpt lat="46.8439823953" lon="8.5882237312">
				<ele>1766.5</ele>
				<extensions>
					<swisstopo:routepoint_id>251678049</swisstopo:routepoint_id>
				</extensions>
			</trkpt>
			<trkpt lat="46.8439964035" lon="8.5881940434">
				<ele>1767.4</ele>
				<extensions>
					<swisstopo:routepoint_id>703022949</swisstopo:routepoint_id>
				</extensions>
			</trkpt>
			<trkpt lat="46.8440146588" lon="8.5881766614">
				<ele>1768.0</ele>
				<extensions>
					<swisstopo:routepoint_id>225561472</swisstopo:routepoint_id>
				</extensions>
			</trkpt>
			<trkpt lat="46.8440446027" lon="8.5881763791">
				<ele>1768.8</ele>
				<extensions>
					<swisstopo:routepoint_id>502289747</swisstopo:routepoint_id>
				</extensions>
			</trkpt>
			<trkpt lat="46.8440621642" lon="8.5881655251">
				<ele>1769.0</ele>
				<extensions>
					<swisstopo:routepoint_id>1813770016</swisstopo:routepoint_id>
				</extensions>
			</trkpt>
			<trkpt lat="46.8440761435" lon="8.5881395883">
				<ele>1769.1</ele>
				<extensions>
					<swisstopo:routepoint_id>1159010558</swisstopo:routepoint_id>
				</extensions>
			</trkpt>
			<trkpt lat="46.8440873440" lon="8.5880789314">
				<ele>1769.7</ele>
				<extensions>
					<swisstopo:routepoint_id>1737145189</swisstopo:routepoint_id>
				</extensions>
			</trkpt>
			<trkpt lat="46.8440964992" lon="8.5880360285">
				<ele>1769.9</ele>
				<extensions>
					<swisstopo:routepoint_id>24763580</swisstopo:routepoint_id>
				</extensions>
			</trkpt>
			<trkpt lat="46.8441155383" lon="8.5880027092">
				<ele>1770.0</ele>
				<extensions>
					<swisstopo:routepoint_id>1361935679</swisstopo:routepoint_id>
				</extensions>
			</trkpt>
			<trkpt lat="46.8441402189" lon="8.5879657845">
				<ele>1770.5</ele>
				<extensions>
					<swisstopo:routepoint_id>1017155457</swisstopo:routepoint_id>
				</extensions>
			</trkpt>
			<trkpt lat="46.8441555727" lon="8.5879267655">
				<ele>1771.3</ele>
				<extensions>
					<swisstopo:routepoint_id>87329594</swisstopo:routepoint_id>
				</extensions>
			</trkpt>
			<trkpt lat="46.8441677752" lon="8.5878914180">
				<ele>1772.0</ele>
				<extensions>
					<swisstopo:routepoint_id>1334212624</swisstopo:routepoint_id>
				</extensions>
			</trkpt>
			<trkpt lat="46.8441847457" lon="8.5878777343">
				<ele>1772.3</ele>
				<extensions>
					<swisstopo:routepoint_id>2044322311</swisstopo:routepoint_id>
				</extensions>
			</trkpt>
			<trkpt lat="46.8442134660" lon="8.5878746344">
				<ele>1773.0</ele>
				<extensions>
					<swisstopo:routepoint_id>1428114569</swisstopo:routepoint_id>
				</extensions>
			</trkpt>
			<trkpt lat="46.8442254524" lon="8.5878599097">
				<ele>1773.4</ele>
				<extensions>
					<swisstopo:routepoint_id>323862181</swisstopo:routepoint_id>
				</extensions>
			</trkpt>
			<trkpt lat="46.8442313476" lon="8.5878319178">
				<ele>1774.3</ele>
				<extensions>
					<swisstopo:routepoint_id>525166993</swisstopo:routepoint_id>
				</extensions>
			</trkpt>
			<trkpt lat="46.8442316683" lon="8.5877991206">
				<ele>1775.4</ele>
				<extensions>
					<swisstopo:routepoint_id>539234019</swisstopo:routepoint_id>
				</extensions>
			</trkpt>
			<trkpt lat="46.8442455344" lon="8.5877844487">
				<ele>1775.7</ele>
				<extensions>
					<swisstopo:routepoint_id>900449604</swisstopo:routepoint_id>
				</extensions>
			</trkpt>
			<trkpt lat="46.8442808356" lon="8.5877458683">
				<ele>1776.2</ele>
				<extensions>
					<swisstopo:routepoint_id>1169305843</swisstopo:routepoint_id>
				</extensions>
			</trkpt>
			<trkpt lat="46.8443140011" lon="8.5877239901">
				<ele>1776.7</ele>
				<extensions>
					<swisstopo:routepoint_id>366906340</swisstopo:routepoint_id>
				</extensions>
			</trkpt>
			<trkpt lat="46.8443389279" lon="8.5877010268">
				<ele>1777.3</ele>
				<extensions>
					<swisstopo:routepoint_id>1978972668</swisstopo:routepoint_id>
				</extensions>
			</trkpt>
			<trkpt lat="46.8443559443" lon="8.5876666013">
				<ele>1777.9</ele>
				<extensions>
					<swisstopo:routepoint_id>2069659761</swisstopo:routepoint_id>
				</extensions>
			</trkpt>
			<trkpt lat="46.8443695756" lon="8.5875991970">
				<ele>1778.2</ele>
				<extensions>
					<swisstopo:routepoint_id>1024097317</swisstopo:routepoint_id>
				</extensions>
			</trkpt>
			<trkpt lat="46.8443825218" lon="8.5875383465">
				<ele>1777.3</ele>
				<extensions>
					<swisstopo:routepoint_id>44142676</swisstopo:routepoint_id>
				</extensions>
			</trkpt>
			<trkpt lat="46.8444024457" lon="8.5874597833">
				<ele>1777.0</ele>
				<extensions>
					<swisstopo:routepoint_id>691766562</swisstopo:routepoint_id>
				</extensions>
			</trkpt>
			<trkpt lat="46.8444277886" lon="8.5873945110">
				<ele>1777.6</ele>
				<extensions>
					<swisstopo:routepoint_id>1555807262</swisstopo:routepoint_id>
				</extensions>
			</trkpt>
			<trkpt lat="46.8444688096" lon="8.5873051303">
				<ele>1778.6</ele>
				<extensions>
					<swisstopo:routepoint_id>1684909572</swisstopo:routepoint_id>
				</extensions>
			</trkpt>
			<trkpt lat="46.8445085873" lon="8.5872166448">
				<ele>1779.9</ele>
				<extensions>
					<swisstopo:routepoint_id>700936081</swisstopo:routepoint_id>
				</extensions>
			</trkpt>
			<trkpt lat="46.8445788800" lon="8.5871024978">
				<ele>1781.1</ele>
				<extensions>
					<swisstopo:routepoint_id>1509937240</swisstopo:routepoint_id>
				</extensions>
			</trkpt>
			<trkpt lat="46.8446508840" lon="8.5870025230">
				<ele>1782.5</ele>
				<extensions>
					<swisstopo:routepoint_id>2099275229</swisstopo:routepoint_id>
				</extensions>
			</trkpt>
			<trkpt lat="46.8447116730" lon="8.5869126158">
				<ele>1784.2</ele>
				<extensions>
					<swisstopo:routepoint_id>32068197</swisstopo:routepoint_id>
				</extensions>
			</trkpt>
			<trkpt lat="46.8447692664" lon="8.5868329989">
				<ele>1785.7</ele>
				<extensions>
					<swisstopo:routepoint_id>162784925</swisstopo:routepoint_id>
				</extensions>
			</trkpt>
			<trkpt lat="46.8448151423" lon="8.5867531190">
				<ele>1787.7</ele>
				<extensions>
					<swisstopo:routepoint_id>1548876037</swisstopo:routepoint_id>
				</extensions>
			</trkpt>
			<trkpt lat="46.8448453362" lon="8.5866964131">
				<ele>1788.7</ele>
				<extensions>
					<swisstopo:routepoint_id>117004606</swisstopo:routepoint_id>
				</extensions>
			</trkpt>
			<trkpt lat="46.8448738461" lon="8.5866236659">
				<ele>1790.6</ele>
				<extensions>
					<swisstopo:routepoint_id>627245447</swisstopo:routepoint_id>
				</extensions>
			</trkpt>
			<trkpt lat="46.8449021105" lon="8.5865753950">
				<ele>1792.0</ele>
				<extensions>
					<swisstopo:routepoint_id>1490639107</swisstopo:routepoint_id>
				</extensions>
			</trkpt>
			<trkpt lat="46.8449326632" lon="8.5865459567">
				<ele>1792.8</ele>
				<extensions>
					<swisstopo:routepoint_id>1270281762</swisstopo:routepoint_id>
				</extensions>
			</trkpt>
			<trkpt lat="46.8449867153" lon="8.5865123334">
				<ele>1793.9</ele>
				<extensions>
					<swisstopo:routepoint_id>358607092</swisstopo:routepoint_id>
				</extensions>
			</trkpt>
			<trkpt lat="46.8450134189" lon="8.5864978835">
				<ele>1794.9</ele>
				<extensions>
					<swisstopo:routepoint_id>384107482</swisstopo:routepoint_id>
				</extensions>
			</trkpt>
			<trkpt lat="46.8450422606" lon="8.5864533636">
				<ele>1796.2</ele>
				<extensions>
					<swisstopo:routepoint_id>584585101</swisstopo:routepoint_id>
				</extensions>
			</trkpt>
			<trkpt lat="46.8450743446" lon="8.5863938807">
				<ele>1797.4</ele>
				<extensions>
					<swisstopo:routepoint_id>1505969349</swisstopo:routepoint_id>
				</extensions>
			</trkpt>
			<trkpt lat="46.8451055977" lon="8.5863550588">
				<ele>1798.5</ele>
				<extensions>
					<swisstopo:routepoint_id>1529151114</swisstopo:routepoint_id>
				</extensions>
			</trkpt>
			<trkpt lat="46.8451280183" lon="8.5863467533">
				<ele>1799.4</ele>
				<extensions>
					<swisstopo:routepoint_id>1141233153</swisstopo:routepoint_id>
				</extensions>
			</trkpt>
			<trkpt lat="46.8451306275" lon="8.5863226856">
				<ele>1799.9</ele>
				<extensions>
					<swisstopo:routepoint_id>1433299536</swisstopo:routepoint_id>
				</extensions>
			</trkpt>
			<trkpt lat="46.8451278187" lon="8.5862944178">
				<ele>1800.2</ele>
				<extensions>
					<swisstopo:routepoint_id>1217763578</swisstopo:routepoint_id>
				</extensions>
			</trkpt>
			<trkpt lat="46.8451189110" lon="8.5862575436">
				<ele>1801.0</ele>
				<extensions>
					<swisstopo:routepoint_id>1331468874</swisstopo:routepoint_id>
				</extensions>
			</trkpt>
			<trkpt lat="46.8451107216" lon="8.5862112735">
				<ele>1802.0</ele>
				<extensions>
					<swisstopo:routepoint_id>2039211221</swisstopo:routepoint_id>
				</extensions>
			</trkpt>
			<trkpt lat="46.8451163848" lon="8.5861380512">
				<ele>1803.1</ele>
				<extensions>
					<swisstopo:routepoint_id>1444852550</swisstopo:routepoint_id>
				</extensions>
			</trkpt>
			<trkpt lat="46.8451286160" lon="8.5860875303">
				<ele>1803.8</ele>
				<extensions>
					<swisstopo:routepoint_id>320157755</swisstopo:routepoint_id>
				</extensions>
			</trkpt>
			<trkpt lat="46.8451513766" lon="8.5860334820">
				<ele>1804.1</ele>
				<extensions>
					<swisstopo:routepoint_id>1002527331</swisstopo:routepoint_id>
				</extensions>
			</trkpt>
			<trkpt lat="46.8451834795" lon="8.5859721168">
				<ele>1804.8</ele>
				<extensions>
					<swisstopo:routepoint_id>941747903</swisstopo:routepoint_id>
				</extensions>
			</trkpt>
			<trkpt lat="46.8452106083" lon="8.5859143972">
				<ele>1805.4</ele>
				<extensions>
					<swisstopo:routepoint_id>1711322082</swisstopo:routepoint_id>
				</extensions>
			</trkpt>
			<trkpt lat="46.8452425601" lon="8.5858680737">
				<ele>1805.8</ele>
				<extensions>
					<swisstopo:routepoint_id>1511530635</swisstopo:routepoint_id>
				</extensions>
			</trkpt>
			<trkpt lat="46.8452566589" lon="8.5858157229">
				<ele>1806.6</ele>
				<extensions>
					<swisstopo:routepoint_id>1052940845</swisstopo:routepoint_id>
				</extensions>
			</trkpt>
			<trkpt lat="46.8452807240" lon="8.5857551209">
				<ele>1807.8</ele>
				<extensions>
					<swisstopo:routepoint_id>773984732</swisstopo:routepoint_id>
				</extensions>
			</trkpt>
			<trkpt lat="46.8453090920" lon="8.5856964799">
				<ele>1809.0</ele>
				<extensions>
					<swisstopo:routepoint_id>894074913</swisstopo:routepoint_id>
				</extensions>
			</trkpt>
			<trkpt lat="46.8453442399" lon="8.5856389436">
				<ele>1810.5</ele>
				<extensions>
					<swisstopo:routepoint_id>498624101</swisstopo:routepoint_id>
				</extensions>
			</trkpt>
			<trkpt lat="46.8453775672" lon="8.5855785388">
				<ele>1812.1</ele>
				<extensions>
					<swisstopo:routepoint_id>823399967</swisstopo:routepoint_id>
				</extensions>
			</trkpt>
			<trkpt lat="46.8454023421" lon="8.5855076058">
				<ele>1813.8</ele>
				<extensions>
					<swisstopo:routepoint_id>1654967073</swisstopo:routepoint_id>
				</extensions>
			</trkpt>
			<trkpt lat="46.8454285199" lon="8.5854207098">
				<ele>1815.1</ele>
				<extensions>
					<swisstopo:routepoint_id>1597901944</swisstopo:routepoint_id>
				</extensions>
			</trkpt>
			<trkpt lat="46.8454455167" lon="8.5853881776">
				<ele>1815.7</ele>
				<extensions>
					<swisstopo:routepoint_id>1370973401</swisstopo:routepoint_id>
				</extensions>
			</trkpt>
			<trkpt lat="46.8454502493" lon="8.5853459472">
				<ele>1816.8</ele>
				<extensions>
					<swisstopo:routepoint_id>920431706</swisstopo:routepoint_id>
				</extensions>
			</trkpt>
			<trkpt lat="46.8454562623" lon="8.5853000052">
				<ele>1817.7</ele>
				<extensions>
					<swisstopo:routepoint_id>167565389</swisstopo:routepoint_id>
				</extensions>
			</trkpt>
			<trkpt lat="46.8454654462" lon="8.5852558849">
				<ele>1818.3</ele>
				<extensions>
					<swisstopo:routepoint_id>309732131</swisstopo:routepoint_id>
				</extensions>
			</trkpt>
			<trkpt lat="46.8454731877" lon="8.5852154216">
				<ele>1818.9</ele>
				<extensions>
					<swisstopo:routepoint_id>1720611919</swisstopo:routepoint_id>
				</extensions>
			</trkpt>
			<trkpt lat="46.8454905566" lon="8.5851444329">
				<ele>1820.4</ele>
				<extensions>
					<swisstopo:routepoint_id>459191370</swisstopo:routepoint_id>
				</extensions>
			</trkpt>
			<trkpt lat="46.8455132578" lon="8.5850331600">
				<ele>1822.5</ele>
				<extensions>
					<swisstopo:routepoint_id>497192721</swisstopo:routepoint_id>
				</extensions>
			</trkpt>
			<trkpt lat="46.8455441383" lon="8.5849061068">
				<ele>1824.7</ele>
				<extensions>
					<swisstopo:routepoint_id>1748094304</swisstopo:routepoint_id>
				</extensions>
			</trkpt>
			<trkpt lat="46.8455671996" lon="8.5848211414">
				<ele>1826.0</ele>
				<extensions>
					<swisstopo:routepoint_id>828585236</swisstopo:routepoint_id>
				</extensions>
			</trkpt>
			<trkpt lat="46.8455883269" lon="8.5847445985">
				<ele>1827.6</ele>
				<extensions>
					<swisstopo:routepoint_id>318076717</swisstopo:routepoint_id>
				</extensions>
			</trkpt>
			<trkpt lat="46.8456015890" lon="8.5847138815">
				<ele>1828.1</ele>
				<extensions>
					<swisstopo:routepoint_id>1361314265</swisstopo:routepoint_id>
				</extensions>
			</trkpt>
			<trkpt lat="46.8456290163" lon="8.5846872435">
				<ele>1828.7</ele>
				<extensions>
					<swisstopo:routepoint_id>368195496</swisstopo:routepoint_id>
				</extensions>
			</trkpt>
			<trkpt lat="46.8456707094" lon="8.5846524711">
				<ele>1830.1</ele>
				<extensions>
					<swisstopo:routepoint_id>1206072847</swisstopo:routepoint_id>
				</extensions>
			</trkpt>
			<trkpt lat="46.8456958427" lon="8.5846079476">
				<ele>1831.4</ele>
				<extensions>
					<swisstopo:routepoint_id>966931328</swisstopo:routepoint_id>
				</extensions>
			</trkpt>
			<trkpt lat="46.8457186165" lon="8.5845520930">
				<ele>1832.8</ele>
				<extensions>
					<swisstopo:routepoint_id>248831891</swisstopo:routepoint_id>
				</extensions>
			</trkpt>
			<trkpt lat="46.8457397583" lon="8.5844736552">
				<ele>1834.4</ele>
				<extensions>
					<swisstopo:routepoint_id>1741435322</swisstopo:routepoint_id>
				</extensions>
			</trkpt>
			<trkpt lat="46.8457541711" lon="8.5843894399">
				<ele>1836.0</ele>
				<extensions>
					<swisstopo:routepoint_id>275965885</swisstopo:routepoint_id>
				</extensions>
			</trkpt>
			<trkpt lat="46.8457557305" lon="8.5843556822">
				<ele>1836.8</ele>
				<extensions>
					<swisstopo:routepoint_id>953587578</swisstopo:routepoint_id>
				</extensions>
			</trkpt>
			<trkpt lat="46.8457506314" lon="8.5843095417">
				<ele>1838.0</ele>
				<extensions>
					<swisstopo:routepoint_id>1848040077</swisstopo:routepoint_id>
				</extensions>
			</trkpt>
			<trkpt lat="46.8457581133" lon="8.5842392637">
				<ele>1840.3</ele>
				<extensions>
					<swisstopo:routepoint_id>2091884502</swisstopo:routepoint_id>
				</extensions>
			</trkpt>
			<trkpt lat="46.8457696903" lon="8.5841925562">
				<ele>1841.6</ele>
				<extensions>
					<swisstopo:routepoint_id>879203866</swisstopo:routepoint_id>
				</extensions>
			</trkpt>
			<trkpt lat="46.8457876647" lon="8.5841215797">
				<ele>1843.2</ele>
				<extensions>
					<swisstopo:routepoint_id>1607055455</swisstopo:routepoint_id>
				</extensions>
			</trkpt>
			<trkpt lat="46.8458040413" lon="8.5840890720">
				<ele>1844.3</ele>
				<extensions>
					<swisstopo:routepoint_id>777595350</swisstopo:routepoint_id>
				</extensions>
			</trkpt>
			<trkpt lat="46.8458046251" lon="8.5840299023">
				<ele>1846.0</ele>
				<extensions>
					<swisstopo:routepoint_id>2117119899</swisstopo:routepoint_id>
				</extensions>
			</trkpt>
			<trkpt lat="46.8458105197" lon="8.5839952893">
				<ele>1847.0</ele>
				<extensions>
					<swisstopo:routepoint_id>880355326</swisstopo:routepoint_id>
				</extensions>
			</trkpt>
			<trkpt lat="46.8458318523" lon="8.5839600574">
				<ele>1848.3</ele>
				<extensions>
					<swisstopo:routepoint_id>1215941854</swisstopo:routepoint_id>
				</extensions>
			</trkpt>
			<trkpt lat="46.8458441482" lon="8.5839020972">
				<ele>1850.0</ele>
				<extensions>
					<swisstopo:routepoint_id>626033101</swisstopo:routepoint_id>
				</extensions>
			</trkpt>
			<trkpt lat="46.8458423575" lon="8.5838334912">
				<ele>1851.2</ele>
				<extensions>
					<swisstopo:routepoint_id>132282478</swisstopo:routepoint_id>
				</extensions>
			</trkpt>
			<trkpt lat="46.8458424345" lon="8.5837630555">
				<ele>1853.1</ele>
				<extensions>
					<swisstopo:routepoint_id>1807742662</swisstopo:routepoint_id>
				</extensions>
			</trkpt>
			<trkpt lat="46.8458427846" lon="8.5836644558">
				<ele>1855.1</ele>
				<extensions>
					<swisstopo:routepoint_id>1865212503</swisstopo:routepoint_id>
				</extensions>
			</trkpt>
			<trkpt lat="46.8458490558" lon="8.5835913349">
				<ele>1855.8</ele>
				<extensions>
					<swisstopo:routepoint_id>2076936063</swisstopo:routepoint_id>
				</extensions>
			</trkpt>
			<trkpt lat="46.8458470626" lon="8.5835433911">
				<ele>1856.7</ele>
				<extensions>
					<swisstopo:routepoint_id>894663530</swisstopo:routepoint_id>
				</extensions>
			</trkpt>
			<trkpt lat="46.8458325879" lon="8.5835083318">
				<ele>1857.6</ele>
				<extensions>
					<swisstopo:routepoint_id>168458268</swisstopo:routepoint_id>
				</extensions>
			</trkpt>
			<trkpt lat="46.8458043505" lon="8.5834917383">
				<ele>1858.6</ele>
				<extensions>
					<swisstopo:routepoint_id>2017931677</swisstopo:routepoint_id>
				</extensions>
			</trkpt>
			<trkpt lat="46.8457743102" lon="8.5834713676">
				<ele>1859.7</ele>
				<extensions>
					<swisstopo:routepoint_id>44074035</swisstopo:routepoint_id>
				</extensions>
			</trkpt>
			<trkpt lat="46.8457355517" lon="8.5834583148">
				<ele>1861.3</ele>
				<extensions>
					<swisstopo:routepoint_id>214022680</swisstopo:routepoint_id>
				</extensions>
			</trkpt>
			<trkpt lat="46.8457125801" lon="8.5834080296">
				<ele>1862.7</ele>
				<extensions>
					<swisstopo:routepoint_id>392148589</swisstopo:routepoint_id>
				</extensions>
			</trkpt>
			<trkpt lat="46.8457148381" lon="8.5833667578">
				<ele>1864.0</ele>
				<extensions>
					<swisstopo:routepoint_id>886385804</swisstopo:routepoint_id>
				</extensions>
			</trkpt>
			<trkpt lat="46.8457197103" lon="8.5833105091">
				<ele>1865.5</ele>
				<extensions>
					<swisstopo:routepoint_id>46178853</swisstopo:routepoint_id>
				</extensions>
			</trkpt>
			<trkpt lat="46.8457024438" lon="8.5832462733">
				<ele>1867.0</ele>
				<extensions>
					<swisstopo:routepoint_id>1586689957</swisstopo:routepoint_id>
				</extensions>
			</trkpt>
			<trkpt lat="46.8456809600" lon="8.5831706545">
				<ele>1868.4</ele>
				<extensions>
					<swisstopo:routepoint_id>1048473256</swisstopo:routepoint_id>
				</extensions>
			</trkpt>
			<trkpt lat="46.8456685265" lon="8.5831168548">
				<ele>1869.2</ele>
				<extensions>
					<swisstopo:routepoint_id>1533340408</swisstopo:routepoint_id>
				</extensions>
			</trkpt>
			<trkpt lat="46.8456529224" lon="8.5830085177">
				<ele>1870.3</ele>
				<extensions>
					<swisstopo:routepoint_id>1320499158</swisstopo:routepoint_id>
				</extensions>
			</trkpt>
			<trkpt lat="46.8456328503" lon="8.5829160272">
				<ele>1871.0</ele>
				<extensions>
					<swisstopo:routepoint_id>1300681653</swisstopo:routepoint_id>
				</extensions>
			</trkpt>
			<trkpt lat="46.8456026666" lon="8.5828458702">
				<ele>1871.7</ele>
				<extensions>
					<swisstopo:routepoint_id>1112981689</swisstopo:routepoint_id>
				</extensions>
			</trkpt>
			<trkpt lat="46.8455719758" lon="8.5827653695">
				<ele>1872.9</ele>
				<extensions>
					<swisstopo:routepoint_id>1470352074</swisstopo:routepoint_id>
				</extensions>
			</trkpt>
			<trkpt lat="46.8455453353" lon="8.5826492690">
				<ele>1874.6</ele>
				<extensions>
					<swisstopo:routepoint_id>1243064870</swisstopo:routepoint_id>
				</extensions>
			</trkpt>
			<trkpt lat="46.8455271448" lon="8.5825530800">
				<ele>1875.6</ele>
				<extensions>
					<swisstopo:routepoint_id>1799886816</swisstopo:routepoint_id>
				</extensions>
			</trkpt>
			<trkpt lat="46.8455232979" lon="8.5825050842">
				<ele>1876.3</ele>
				<extensions>
					<swisstopo:routepoint_id>945500767</swisstopo:routepoint_id>
				</extensions>
			</trkpt>
			<trkpt lat="46.8455232427" lon="8.5824477963">
				<ele>1876.8</ele>
				<extensions>
					<swisstopo:routepoint_id>1539211847</swisstopo:routepoint_id>
				</extensions>
			</trkpt>
			<trkpt lat="46.8455060558" lon="8.5823751119">
				<ele>1876.6</ele>
				<extensions>
					<swisstopo:routepoint_id>1926016554</swisstopo:routepoint_id>
				</extensions>
			</trkpt>
			<trkpt lat="46.8454659106" lon="8.5822511958">
				<ele>1877.6</ele>
				<extensions>
					<swisstopo:routepoint_id>4586657</swisstopo:routepoint_id>
				</extensions>
			</trkpt>
			<trkpt lat="46.8454344316" lon="8.5821255948">
				<ele>1878.6</ele>
				<extensions>
					<swisstopo:routepoint_id>1721999268</swisstopo:routepoint_id>
				</extensions>
			</trkpt>
			<trkpt lat="46.8453996864" lon="8.5820177736">
				<ele>1879.8</ele>
				<extensions>
					<swisstopo:routepoint_id>929013394</swisstopo:routepoint_id>
				</extensions>
			</trkpt>
			<trkpt lat="46.8453728100" lon="8.5819309141">
				<ele>1881.1</ele>
				<extensions>
					<swisstopo:routepoint_id>931904995</swisstopo:routepoint_id>
				</extensions>
			</trkpt>
			<trkpt lat="46.8453629249" lon="8.5818809465">
				<ele>1881.9</ele>
				<extensions>
					<swisstopo:routepoint_id>1864010433</swisstopo:routepoint_id>
				</extensions>
			</trkpt>
			<trkpt lat="46.8453517372" lon="8.5818391331">
				<ele>1882.7</ele>
				<extensions>
					<swisstopo:routepoint_id>557585242</swisstopo:routepoint_id>
				</extensions>
			</trkpt>
			<trkpt lat="46.8453330446" lon="8.5817852139">
				<ele>1883.3</ele>
				<extensions>
					<swisstopo:routepoint_id>1401065971</swisstopo:routepoint_id>
				</extensions>
			</trkpt>
			<trkpt lat="46.8453104323" lon="8.5817217618">
				<ele>1884.4</ele>
				<extensions>
					<swisstopo:routepoint_id>1404693806</swisstopo:routepoint_id>
				</extensions>
			</trkpt>
			<trkpt lat="46.8452943605" lon="8.5816842623">
				<ele>1884.8</ele>
				<extensions>
					<swisstopo:routepoint_id>2102207750</swisstopo:routepoint_id>
				</extensions>
			</trkpt>
			<trkpt lat="46.8452656080" lon="8.5816295021">
				<ele>1885.7</ele>
				<extensions>
					<swisstopo:routepoint_id>1153150154</swisstopo:routepoint_id>
				</extensions>
			</trkpt>
			<trkpt lat="46.8452293931" lon="8.5815588341">
				<ele>1886.3</ele>
				<extensions>
					<swisstopo:routepoint_id>2098104042</swisstopo:routepoint_id>
				</extensions>
			</trkpt>
			<trkpt lat="46.8452046278" lon="8.5815072959">
				<ele>1887.1</ele>
				<extensions>
					<swisstopo:routepoint_id>290042155</swisstopo:routepoint_id>
				</extensions>
			</trkpt>
			<trkpt lat="46.8451880825" lon="8.5814767264">
				<ele>1887.7</ele>
				<extensions>
					<swisstopo:routepoint_id>130090343</swisstopo:routepoint_id>
				</extensions>
			</trkpt>
			<trkpt lat="46.8451720978" lon="8.5814656824">
				<ele>1888.0</ele>
				<extensions>
					<swisstopo:routepoint_id>1823969724</swisstopo:routepoint_id>
				</extensions>
			</trkpt>
			<trkpt lat="46.8451420623" lon="8.5814518434">
				<ele>1888.1</ele>
				<extensions>
					<swisstopo:routepoint_id>242110906</swisstopo:routepoint_id>
				</extensions>
			</trkpt>
			<trkpt lat="46.8451200708" lon="8.5814387898">
				<ele>1888.2</ele>
				<extensions>
					<swisstopo:routepoint_id>1169649992</swisstopo:routepoint_id>
				</extensions>
			</trkpt>
			<trkpt lat="46.8451026056" lon="8.5814176375">
				<ele>1888.2</ele>
				<extensions>
					<swisstopo:routepoint_id>162852610</swisstopo:routepoint_id>
				</extensions>
			</trkpt>
			<trkpt lat="46.8450795748" lon="8.5813894529">
				<ele>1888.3</ele>
				<extensions>
					<swisstopo:routepoint_id>612170941</swisstopo:routepoint_id>
				</extensions>
			</trkpt>
			<trkpt lat="46.8450476925" lon="8.5813617204">
				<ele>1888.3</ele>
				<extensions>
					<swisstopo:routepoint_id>1495876910</swisstopo:routepoint_id>
				</extensions>
			</trkpt>
			<trkpt lat="46.8450030366" lon="8.5813242672">
				<ele>1888.2</ele>
				<extensions>
					<swisstopo:routepoint_id>90041314</swisstopo:routepoint_id>
				</extensions>
			</trkpt>
			<trkpt lat="46.8449610946" lon="8.5812956810">
				<ele>1888.3</ele>
				<extensions>
					<swisstopo:routepoint_id>2011666126</swisstopo:routepoint_id>
				</extensions>
			</trkpt>
			<trkpt lat="46.8449243537" lon="8.5812697277">
				<ele>1888.4</ele>
				<extensions>
					<swisstopo:routepoint_id>113582266</swisstopo:routepoint_id>
				</extensions>
			</trkpt>
			<trkpt lat="46.8449008874" lon="8.5812446838">
				<ele>1888.5</ele>
				<extensions>
					<swisstopo:routepoint_id>172628309</swisstopo:routepoint_id>
				</extensions>
			</trkpt>
			<trkpt lat="46.8448674586" lon="8.5812112593">
				<ele>1888.7</ele>
				<extensions>
					<swisstopo:routepoint_id>1435541822</swisstopo:routepoint_id>
				</extensions>
			</trkpt>
			<trkpt lat="46.8448416298" lon="8.5811817349">
				<ele>1888.9</ele>
				<extensions>
					<swisstopo:routepoint_id>1233352038</swisstopo:routepoint_id>
				</extensions>
			</trkpt>
			<trkpt lat="46.8448167333" lon="8.5811415517">
				<ele>1889.3</ele>
				<extensions>
					<swisstopo:routepoint_id>1752865712</swisstopo:routepoint_id>
				</extensions>
			</trkpt>
			<trkpt lat="46.8447961816" lon="8.5811083621">
				<ele>1889.5</ele>
				<extensions>
					<swisstopo:routepoint_id>1276941569</swisstopo:routepoint_id>
				</extensions>
			</trkpt>
			<trkpt lat="46.8447749128" lon="8.5810682432">
				<ele>1889.8</ele>
				<extensions>
					<swisstopo:routepoint_id>456098416</swisstopo:routepoint_id>
				</extensions>
			</trkpt>
			<trkpt lat="46.8447529308" lon="8.5810199273">
				<ele>1890.2</ele>
				<extensions>
					<swisstopo:routepoint_id>1649706519</swisstopo:routepoint_id>
				</extensions>
			</trkpt>
			<trkpt lat="46.8447329434" lon="8.5809728958">
				<ele>1890.7</ele>
				<extensions>
					<swisstopo:routepoint_id>2142343103</swisstopo:routepoint_id>
				</extensions>
			</trkpt>
			<trkpt lat="46.8447203702" lon="8.5809461883">
				<ele>1891.1</ele>
				<extensions>
					<swisstopo:routepoint_id>1912636257</swisstopo:routepoint_id>
				</extensions>
			</trkpt>
			<trkpt lat="46.8446986678" lon="8.5809085698">
				<ele>1891.7</ele>
				<extensions>
					<swisstopo:routepoint_id>350723375</swisstopo:routepoint_id>
				</extensions>
			</trkpt>
			<trkpt lat="46.8446780551" lon="8.5808810514">
				<ele>1891.9</ele>
				<extensions>
					<swisstopo:routepoint_id>624959436</swisstopo:routepoint_id>
				</extensions>
			</trkpt>
			<trkpt lat="46.8446546539" lon="8.5808503497">
				<ele>1892.2</ele>
				<extensions>
					<swisstopo:routepoint_id>1974515961</swisstopo:routepoint_id>
				</extensions>
			</trkpt>
			<trkpt lat="46.8446293347" lon="8.5808120272">
				<ele>1892.4</ele>
				<extensions>
					<swisstopo:routepoint_id>1021791739</swisstopo:routepoint_id>
				</extensions>
			</trkpt>
			<trkpt lat="46.8446085540" lon="8.5807643644">
				<ele>1892.7</ele>
				<extensions>
					<swisstopo:routepoint_id>137416952</swisstopo:routepoint_id>
				</extensions>
			</trkpt>
			<trkpt lat="46.8445883022" lon="8.5807059830">
				<ele>1893.1</ele>
				<extensions>
					<swisstopo:routepoint_id>133147818</swisstopo:routepoint_id>
				</extensions>
			</trkpt>
			<trkpt lat="46.8445733775" lon="8.5806389182">
				<ele>1893.7</ele>
				<extensions>
					<swisstopo:routepoint_id>1726351205</swisstopo:routepoint_id>
				</extensions>
			</trkpt>
			<trkpt lat="46.8445575029" lon="8.5805503992">
				<ele>1894.6</ele>
				<extensions>
					<swisstopo:routepoint_id>244532788</swisstopo:routepoint_id>
				</extensions>
			</trkpt>
			<trkpt lat="46.8445408960" lon="8.5804555779">
				<ele>1896.0</ele>
				<extensions>
					<swisstopo:routepoint_id>1831387377</swisstopo:routepoint_id>
				</extensions>
			</trkpt>
			<trkpt lat="46.8445269377" lon="8.5803752943">
				<ele>1897.2</ele>
				<extensions>
					<swisstopo:routepoint_id>1566991334</swisstopo:routepoint_id>
				</extensions>
			</trkpt>
			<trkpt lat="46.8445179646" lon="8.5802818770">
				<ele>1898.4</ele>
				<extensions>
					<swisstopo:routepoint_id>1359727523</swisstopo:routepoint_id>
				</extensions>
			</trkpt>
			<trkpt lat="46.8445094700" lon="8.5802161908">
				<ele>1899.3</ele>
				<extensions>
					<swisstopo:routepoint_id>1513426313</swisstopo:routepoint_id>
				</extensions>
			</trkpt>
			<trkpt lat="46.8445014947" lon="8.5801750740">
				<ele>1900.0</ele>
				<extensions>
					<swisstopo:routepoint_id>1538478999</swisstopo:routepoint_id>
				</extensions>
			</trkpt>
			<trkpt lat="46.8444820101" lon="8.5801198847">
				<ele>1900.8</ele>
				<extensions>
					<swisstopo:routepoint_id>1141233708</swisstopo:routepoint_id>
				</extensions>
			</trkpt>
			<trkpt lat="46.8444593843" lon="8.5800576889">
				<ele>1901.5</ele>
				<extensions>
					<swisstopo:routepoint_id>1009987028</swisstopo:routepoint_id>
				</extensions>
			</trkpt>
			<trkpt lat="46.8444396202" lon="8.5799917637">
				<ele>1902.0</ele>
				<extensions>
					<swisstopo:routepoint_id>1989105011</swisstopo:routepoint_id>
				</extensions>
			</trkpt>
			<trkpt lat="46.8444258570" lon="8.5799297560">
				<ele>1903.0</ele>
				<extensions>
					<swisstopo:routepoint_id>1574539335</swisstopo:routepoint_id>
				</extensions>
			</trkpt>
			<trkpt lat="46.8444168044" lon="8.5798772849">
				<ele>1903.5</ele>
				<extensions>
					<swisstopo:routepoint_id>973469683</swisstopo:routepoint_id>
				</extensions>
			</trkpt>
			<trkpt lat="46.8444058350" lon="8.5798165912">
				<ele>1904.0</ele>
				<extensions>
					<swisstopo:routepoint_id>627424179</swisstopo:routepoint_id>
				</extensions>
			</trkpt>
			<trkpt lat="46.8443909874" lon="8.5797778512">
				<ele>1904.4</ele>
				<extensions>
					<swisstopo:routepoint_id>1379604234</swisstopo:routepoint_id>
				</extensions>
			</trkpt>
			<trkpt lat="46.8443607447" lon="8.5797129846">
				<ele>1904.9</ele>
				<extensions>
					<swisstopo:routepoint_id>785248207</swisstopo:routepoint_id>
				</extensions>
			</trkpt>
			<trkpt lat="46.8443370386" lon="8.5796740697">
				<ele>1905.2</ele>
				<extensions>
					<swisstopo:routepoint_id>2116864808</swisstopo:routepoint_id>
				</extensions>
			</trkpt>
			<trkpt lat="46.8443221488" lon="8.5796391318">
				<ele>1905.5</ele>
				<extensions>
					<swisstopo:routepoint_id>182330490</swisstopo:routepoint_id>
				</extensions>
			</trkpt>
			<trkpt lat="46.8443150376" lon="8.5795923740">
				<ele>1905.7</ele>
				<extensions>
					<swisstopo:routepoint_id>2045659280</swisstopo:routepoint_id>
				</extensions>
			</trkpt>
			<trkpt lat="46.8443086889" lon="8.5795506646">
				<ele>1905.8</ele>
				<extensions>
					<swisstopo:routepoint_id>1630635121</swisstopo:routepoint_id>
				</extensions>
			</trkpt>
			<trkpt lat="46.8442949652" lon="8.5794842278">
				<ele>1905.9</ele>
				<extensions>
					<swisstopo:routepoint_id>1200909261</swisstopo:routepoint_id>
				</extensions>
			</trkpt>
			<trkpt lat="46.8442855843" lon="8.5794254630">
				<ele>1906.1</ele>
				<extensions>
					<swisstopo:routepoint_id>631654226</swisstopo:routepoint_id>
				</extensions>
			</trkpt>
			<trkpt lat="46.8442778426" lon="8.5793648380">
				<ele>1906.4</ele>
				<extensions>
					<swisstopo:routepoint_id>741505281</swisstopo:routepoint_id>
				</extensions>
			</trkpt>
			<trkpt lat="46.8442692296" lon="8.5793092266">
				<ele>1906.7</ele>
				<extensions>
					<swisstopo:routepoint_id>133439307</swisstopo:routepoint_id>
				</extensions>
			</trkpt>
			<trkpt lat="46.8442618160" lon="8.5792548954">
				<ele>1907.2</ele>
				<extensions>
					<swisstopo:routepoint_id>92004621</swisstopo:routepoint_id>
				</extensions>
			</trkpt>
			<trkpt lat="46.8442564391" lon="8.5791980979">
				<ele>1907.4</ele>
				<extensions>
					<swisstopo:routepoint_id>39998476</swisstopo:routepoint_id>
				</extensions>
			</trkpt>
			<trkpt lat="46.8442470473" lon="8.5791399475">
				<ele>1907.8</ele>
				<extensions>
					<swisstopo:routepoint_id>830016884</swisstopo:routepoint_id>
				</extensions>
			</trkpt>
			<trkpt lat="46.8442460891" lon="8.5790844985">
				<ele>1908.4</ele>
				<extensions>
					<swisstopo:routepoint_id>841180155</swisstopo:routepoint_id>
				</extensions>
			</trkpt>
			<trkpt lat="46.8442459283" lon="8.5790296937">
				<ele>1908.7</ele>
				<extensions>
					<swisstopo:routepoint_id>366247951</swisstopo:routepoint_id>
				</extensions>
			</trkpt>
			<trkpt lat="46.8442450329" lon="8.5789679335">
				<ele>1909.0</ele>
				<extensions>
					<swisstopo:routepoint_id>1034090046</swisstopo:routepoint_id>
				</extensions>
			</trkpt>
			<trkpt lat="46.8442373921" lon="8.5788985016">
				<ele>1909.4</ele>
				<extensions>
					<swisstopo:routepoint_id>1540750396</swisstopo:routepoint_id>
				</extensions>
			</trkpt>
			<trkpt lat="46.8442314384" lon="8.5788567878">
				<ele>1909.6</ele>
				<extensions>
					<swisstopo:routepoint_id>1759017114</swisstopo:routepoint_id>
				</extensions>
			</trkpt>
			<trkpt lat="46.8442140658" lon="8.5787928220">
				<ele>1910.0</ele>
				<extensions>
					<swisstopo:routepoint_id>1749447113</swisstopo:routepoint_id>
				</extensions>
			</trkpt>
			<trkpt lat="46.8441993716" lon="8.5787408591">
				<ele>1910.2</ele>
				<extensions>
					<swisstopo:routepoint_id>1312078987</swisstopo:routepoint_id>
				</extensions>
			</trkpt>
			<trkpt lat="46.8441888915" lon="8.5787072569">
				<ele>1910.5</ele>
				<extensions>
					<swisstopo:routepoint_id>1618708569</swisstopo:routepoint_id>
				</extensions>
			</trkpt>
			<trkpt lat="46.8441765706" lon="8.5786591471">
				<ele>1911.0</ele>
				<extensions>
					<swisstopo:routepoint_id>1208191622</swisstopo:routepoint_id>
				</extensions>
			</trkpt>
			<trkpt lat="46.8441653690" lon="8.5786186027">
				<ele>1911.4</ele>
				<extensions>
					<swisstopo:routepoint_id>1959601202</swisstopo:routepoint_id>
				</extensions>
			</trkpt>
			<trkpt lat="46.8441525155" lon="8.5785811730">
				<ele>1911.8</ele>
				<extensions>
					<swisstopo:routepoint_id>1602136584</swisstopo:routepoint_id>
				</extensions>
			</trkpt>
			<trkpt lat="46.8441281824" lon="8.5785271239">
				<ele>1912.3</ele>
				<extensions>
					<swisstopo:routepoint_id>120074331</swisstopo:routepoint_id>
				</extensions>
			</trkpt>
			<trkpt lat="46.8441015792" lon="8.5784610678">
				<ele>1913.0</ele>
				<extensions>
					<swisstopo:routepoint_id>279191518</swisstopo:routepoint_id>
				</extensions>
			</trkpt>
			<trkpt lat="46.8440863037" lon="8.5784242272">
				<ele>1913.4</ele>
				<extensions>
					<swisstopo:routepoint_id>177493543</swisstopo:routepoint_id>
				</extensions>
			</trkpt>
			<trkpt lat="46.8440639040" lon="8.5783771590">
				<ele>1913.8</ele>
				<extensions>
					<swisstopo:routepoint_id>1899358714</swisstopo:routepoint_id>
				</extensions>
			</trkpt>
			<trkpt lat="46.8440383040" lon="8.5783281278">
				<ele>1914.0</ele>
				<extensions>
					<swisstopo:routepoint_id>1378274408</swisstopo:routepoint_id>
				</extensions>
			</trkpt>
			<trkpt lat="46.8440278577" lon="8.5782920170">
				<ele>1914.1</ele>
				<extensions>
					<swisstopo:routepoint_id>1101103401</swisstopo:routepoint_id>
				</extensions>
			</trkpt>
			<trkpt lat="46.8440230733" lon="8.5782528507">
				<ele>1913.9</ele>
				<extensions>
					<swisstopo:routepoint_id>1660222296</swisstopo:routepoint_id>
				</extensions>
			</trkpt>
			<trkpt lat="46.8440213717" lon="8.5781917139">
				<ele>1913.9</ele>
				<extensions>
					<swisstopo:routepoint_id>35236403</swisstopo:routepoint_id>
				</extensions>
			</trkpt>
			<trkpt lat="46.8440183219" lon="8.5781085128">
				<ele>1914.6</ele>
				<extensions>
					<swisstopo:routepoint_id>594019558</swisstopo:routepoint_id>
				</extensions>
			</trkpt>
			<trkpt lat="46.8440137185" lon="8.5780542416">
				<ele>1915.3</ele>
				<extensions>
					<swisstopo:routepoint_id>1546601778</swisstopo:routepoint_id>
				</extensions>
			</trkpt>
			<trkpt lat="46.8440068748" lon="8.5779854416">
				<ele>1915.3</ele>
				<extensions>
					<swisstopo:routepoint_id>1554452619</swisstopo:routepoint_id>
				</extensions>
			</trkpt>
			<trkpt lat="46.8439947957" lon="8.5779165436">
				<ele>1915.7</ele>
				<extensions>
					<swisstopo:routepoint_id>797141515</swisstopo:routepoint_id>
				</extensions>
			</trkpt>
			<trkpt lat="46.8439894352" lon="8.5778584664">
				<ele>1916.0</ele>
				<extensions>
					<swisstopo:routepoint_id>1111546224</swisstopo:routepoint_id>
				</extensions>
			</trkpt>
			<trkpt lat="46.8439886696" lon="8.5778206527">
				<ele>1916.2</ele>
				<extensions>
					<swisstopo:routepoint_id>848224430</swisstopo:routepoint_id>
				</extensions>
			</trkpt>
			<trkpt lat="46.8439956237" lon="8.5777760755">
				<ele>1916.3</ele>
				<extensions>
					<swisstopo:routepoint_id>543341982</swisstopo:routepoint_id>
				</extensions>
			</trkpt>
			<trkpt lat="46.8440073969" lon="8.5777341099">
				<ele>1916.2</ele>
				<extensions>
					<swisstopo:routepoint_id>2097301120</swisstopo:routepoint_id>
				</extensions>
			</trkpt>
			<trkpt lat="46.8440159313" lon="8.5776927159">
				<ele>1915.6</ele>
				<extensions>
					<swisstopo:routepoint_id>461002607</swisstopo:routepoint_id>
				</extensions>
			</trkpt>
			<trkpt lat="46.8440154181" lon="8.5776675069">
				<ele>1915.3</ele>
				<extensions>
					<swisstopo:routepoint_id>696518972</swisstopo:routepoint_id>
				</extensions>
			</trkpt>
			<trkpt lat="46.8440051715" lon="8.5776143838">
				<ele>1915.0</ele>
				<extensions>
					<swisstopo:routepoint_id>1570373686</swisstopo:routepoint_id>
				</extensions>
			</trkpt>
			<trkpt lat="46.8439937149" lon="8.5775606078">
				<ele>1914.6</ele>
				<extensions>
					<swisstopo:routepoint_id>1467823825</swisstopo:routepoint_id>
				</extensions>
			</trkpt>
			<trkpt lat="46.8439871506" lon="8.5775025179">
				<ele>1914.5</ele>
				<extensions>
					<swisstopo:routepoint_id>1351671913</swisstopo:routepoint_id>
				</extensions>
			</trkpt>
			<trkpt lat="46.8439849940" lon="8.5774451488">
				<ele>1914.2</ele>
				<extensions>
					<swisstopo:routepoint_id>1799126639</swisstopo:routepoint_id>
				</extensions>
			</trkpt>
			<trkpt lat="46.8439827347" lon="8.5773632193">
				<ele>1913.8</ele>
				<extensions>
					<swisstopo:routepoint_id>1925520926</swisstopo:routepoint_id>
				</extensions>
			</trkpt>
			<trkpt lat="46.8439842055" lon="8.5773059270">
				<ele>1913.5</ele>
				<extensions>
					<swisstopo:routepoint_id>1093086252</swisstopo:routepoint_id>
				</extensions>
			</trkpt>
			<trkpt lat="46.8439883594" lon="8.5772606503">
				<ele>1913.2</ele>
				<extensions>
					<swisstopo:routepoint_id>253311458</swisstopo:routepoint_id>
				</extensions>
			</trkpt>
			<trkpt lat="46.8439908320" lon="8.5771870027">
				<ele>1912.8</ele>
				<extensions>
					<swisstopo:routepoint_id>95589402</swisstopo:routepoint_id>
				</extensions>
			</trkpt>
			<trkpt lat="46.8439982934" lon="8.5771342416">
				<ele>1912.8</ele>
				<extensions>
					<swisstopo:routepoint_id>895440054</swisstopo:routepoint_id>
				</extensions>
			</trkpt>
			<trkpt lat="46.8440088119" lon="8.5770607515">
				<ele>1912.8</ele>
				<extensions>
					<swisstopo:routepoint_id>197079504</swisstopo:routepoint_id>
				</extensions>
			</trkpt>
			<trkpt lat="46.8440184256" lon="8.5769960769">
				<ele>1913.0</ele>
				<extensions>
					<swisstopo:routepoint_id>1549261397</swisstopo:routepoint_id>
				</extensions>
			</trkpt>
			<trkpt lat="46.8440239362" lon="8.5769376024">
				<ele>1913.3</ele>
				<extensions>
					<swisstopo:routepoint_id>1714041465</swisstopo:routepoint_id>
				</extensions>
			</trkpt>
			<trkpt lat="46.8440294028" lon="8.5768835442">
				<ele>1913.8</ele>
				<extensions>
					<swisstopo:routepoint_id>259992609</swisstopo:routepoint_id>
				</extensions>
			</trkpt>
			<trkpt lat="46.8440346901" lon="8.5768439765">
				<ele>1914.0</ele>
				<extensions>
					<swisstopo:routepoint_id>207263549</swisstopo:routepoint_id>
				</extensions>
			</trkpt>
			<trkpt lat="46.8440370536" lon="8.5767803905">
				<ele>1913.9</ele>
				<extensions>
					<swisstopo:routepoint_id>402114494</swisstopo:routepoint_id>
				</extensions>
			</trkpt>
			<trkpt lat="46.8440370890" lon="8.5767079590">
				<ele>1913.8</ele>
				<extensions>
					<swisstopo:routepoint_id>2060110725</swisstopo:routepoint_id>
				</extensions>
			</trkpt>
			<trkpt lat="46.8440396076" lon="8.5766645426">
				<ele>1913.7</ele>
				<extensions>
					<swisstopo:routepoint_id>1814757117</swisstopo:routepoint_id>
				</extensions>
			</trkpt>
			<trkpt lat="46.8440497597" lon="8.5766225552">
				<ele>1913.7</ele>
				<extensions>
					<swisstopo:routepoint_id>1977014443</swisstopo:routepoint_id>
				</extensions>
			</trkpt>
			<trkpt lat="46.8440591841" lon="8.5765742402">
				<ele>1913.6</ele>
				<extensions>
					<swisstopo:routepoint_id>292845960</swisstopo:routepoint_id>
				</extensions>
			</trkpt>
			<trkpt lat="46.8440632911" lon="8.5765327523">
				<ele>1913.3</ele>
				<extensions>
					<swisstopo:routepoint_id>336188631</swisstopo:routepoint_id>
				</extensions>
			</trkpt>
			<trkpt lat="46.8440699316" lon="8.5764812285">
				<ele>1913.1</ele>
				<extensions>
					<swisstopo:routepoint_id>1403991581</swisstopo:routepoint_id>
				</extensions>
			</trkpt>
			<trkpt lat="46.8440778406" lon="8.5764240593">
				<ele>1913.1</ele>
				<extensions>
					<swisstopo:routepoint_id>23466026</swisstopo:routepoint_id>
				</extensions>
			</trkpt>
			<trkpt lat="46.8440857437" lon="8.5763687978">
				<ele>1913.1</ele>
				<extensions>
					<swisstopo:routepoint_id>213382588</swisstopo:routepoint_id>
				</extensions>
			</trkpt>
			<trkpt lat="46.8440942965" lon="8.5763255089">
				<ele>1913.3</ele>
				<extensions>
					<swisstopo:routepoint_id>941956496</swisstopo:routepoint_id>
				</extensions>
			</trkpt>
			<trkpt lat="46.8440923541" lon="8.5762845206">
				<ele>1913.1</ele>
				<extensions>
					<swisstopo:routepoint_id>1398277831</swisstopo:routepoint_id>
				</extensions>
			</trkpt>
			<trkpt lat="46.8440848319" lon="8.5762396371">
				<ele>1912.9</ele>
				<extensions>
					<swisstopo:routepoint_id>2096713122</swisstopo:routepoint_id>
				</extensions>
			</trkpt>
			<trkpt lat="46.8440677166" lon="8.5761876367">
				<ele>1912.8</ele>
				<extensions>
					<swisstopo:routepoint_id>264870758</swisstopo:routepoint_id>
				</extensions>
			</trkpt>
			<trkpt lat="46.8440577764" lon="8.5761420875">
				<ele>1912.5</ele>
				<extensions>
					<swisstopo:routepoint_id>222979939</swisstopo:routepoint_id>
				</extensions>
			</trkpt>
			<trkpt lat="46.8440526867" lon="8.5760960008">
				<ele>1912.5</ele>
				<extensions>
					<swisstopo:routepoint_id>1258451206</swisstopo:routepoint_id>
				</extensions>
			</trkpt>
			<trkpt lat="46.8440474258" lon="8.5760631369">
				<ele>1912.5</ele>
				<extensions>
					<swisstopo:routepoint_id>1318693978</swisstopo:routepoint_id>
				</extensions>
			</trkpt>
			<trkpt lat="46.8440308857" lon="8.5760319297">
				<ele>1912.2</ele>
				<extensions>
					<swisstopo:routepoint_id>1890865812</swisstopo:routepoint_id>
				</extensions>
			</trkpt>
			<trkpt lat="46.8440122555" lon="8.5760063504">
				<ele>1912.1</ele>
				<extensions>
					<swisstopo:routepoint_id>1223285049</swisstopo:routepoint_id>
				</extensions>
			</trkpt>
			<trkpt lat="46.8439916603" lon="8.5759769524">
				<ele>1912.3</ele>
				<extensions>
					<swisstopo:routepoint_id>1371206658</swisstopo:routepoint_id>
				</extensions>
			</trkpt>
			<trkpt lat="46.8439612871" lon="8.5759227899">
				<ele>1912.6</ele>
				<extensions>
					<swisstopo:routepoint_id>1184794406</swisstopo:routepoint_id>
				</extensions>
			</trkpt>
			<trkpt lat="46.8439416764" lon="8.5758783042">
				<ele>1912.6</ele>
				<extensions>
					<swisstopo:routepoint_id>1750690679</swisstopo:routepoint_id>
				</extensions>
			</trkpt>
			<trkpt lat="46.8439291146" lon="8.5758503308">
				<ele>1912.7</ele>
				<extensions>
					<swisstopo:routepoint_id>2093539761</swisstopo:routepoint_id>
				</extensions>
			</trkpt>
			<trkpt lat="46.8439246939" lon="8.5758155898">
				<ele>1912.6</ele>
				<extensions>
					<swisstopo:routepoint_id>1753427985</swisstopo:routepoint_id>
				</extensions>
			</trkpt>
			<trkpt lat="46.8439221535" lon="8.5757569580">
				<ele>1912.2</ele>
				<extensions>
					<swisstopo:routepoint_id>1998987779</swisstopo:routepoint_id>
				</extensions>
			</trkpt>
			<trkpt lat="46.8439187086" lon="8.5757071289">
				<ele>1911.6</ele>
				<extensions>
					<swisstopo:routepoint_id>1974342168</swisstopo:routepoint_id>
				</extensions>
			</trkpt>
			<trkpt lat="46.8439172120" lon="8.5756623729">
				<ele>1911.2</ele>
				<extensions>
					<swisstopo:routepoint_id>97480626</swisstopo:routepoint_id>
				</extensions>
			</trkpt>
			<trkpt lat="46.8439070128" lon="8.5756048340">
				<ele>1911.0</ele>
				<extensions>
					<swisstopo:routepoint_id>92385801</swisstopo:routepoint_id>
				</extensions>
			</trkpt>
			<trkpt lat="46.8439018177" lon="8.5755675671">
				<ele>1910.8</ele>
				<extensions>
					<swisstopo:routepoint_id>1652368115</swisstopo:routepoint_id>
				</extensions>
			</trkpt>
			<trkpt lat="46.8439023199" lon="8.5755241210">
				<ele>1910.6</ele>
				<extensions>
					<swisstopo:routepoint_id>2140554437</swisstopo:routepoint_id>
				</extensions>
			</trkpt>
			<trkpt lat="46.8439021592" lon="8.5754686764">
				<ele>1910.4</ele>
				<extensions>
					<swisstopo:routepoint_id>222835994</swisstopo:routepoint_id>
				</extensions>
			</trkpt>
			<trkpt lat="46.8438972754" lon="8.5754389705">
				<ele>1910.4</ele>
				<extensions>
					<swisstopo:routepoint_id>1159682538</swisstopo:routepoint_id>
				</extensions>
			</trkpt>
			<trkpt lat="46.8438817359" lon="8.5753901536">
				<ele>1910.4</ele>
				<extensions>
					<swisstopo:routepoint_id>340840041</swisstopo:routepoint_id>
				</extensions>
			</trkpt>
			<trkpt lat="46.8438633919" lon="8.5753406372">
				<ele>1910.1</ele>
				<extensions>
					<swisstopo:routepoint_id>196407640</swisstopo:routepoint_id>
				</extensions>
			</trkpt>
			<trkpt lat="46.8438474231" lon="8.5752943337">
				<ele>1909.4</ele>
				<extensions>
					<swisstopo:routepoint_id>879857726</swisstopo:routepoint_id>
				</extensions>
			</trkpt>
			<trkpt lat="46.8438282139" lon="8.5752492166">
				<ele>1908.8</ele>
				<extensions>
					<swisstopo:routepoint_id>914269373</swisstopo:routepoint_id>
				</extensions>
			</trkpt>
			<trkpt lat="46.8438037383" lon="8.5752071380">
				<ele>1908.3</ele>
				<extensions>
					<swisstopo:routepoint_id>1245587247</swisstopo:routepoint_id>
				</extensions>
			</trkpt>
			<trkpt lat="46.8437728366" lon="8.5751636817">
				<ele>1907.7</ele>
				<extensions>
					<swisstopo:routepoint_id>1476493076</swisstopo:routepoint_id>
				</extensions>
			</trkpt>
			<trkpt lat="46.8437550839" lon="8.5751324621">
				<ele>1907.3</ele>
				<extensions>
					<swisstopo:routepoint_id>1270792013</swisstopo:routepoint_id>
				</extensions>
			</trkpt>
			<trkpt lat="46.8437413710" lon="8.5751000602">
				<ele>1907.1</ele>
				<extensions>
					<swisstopo:routepoint_id>100122002</swisstopo:routepoint_id>
				</extensions>
			</trkpt>
			<trkpt lat="46.8437377957" lon="8.5750615473">
				<ele>1907.1</ele>
				<extensions>
					<swisstopo:routepoint_id>1757398120</swisstopo:routepoint_id>
				</extensions>
			</trkpt>
			<trkpt lat="46.8437374119" lon="8.5750250224">
				<ele>1907.2</ele>
				<extensions>
					<swisstopo:routepoint_id>300371510</swisstopo:routepoint_id>
				</extensions>
			</trkpt>
			<trkpt lat="46.8437298975" lon="8.5749788720">
				<ele>1907.0</ele>
				<extensions>
					<swisstopo:routepoint_id>710436690</swisstopo:routepoint_id>
				</extensions>
			</trkpt>
			<trkpt lat="46.8437162617" lon="8.5749055376">
				<ele>1906.7</ele>
				<extensions>
					<swisstopo:routepoint_id>866088808</swisstopo:routepoint_id>
				</extensions>
			</trkpt>
			<trkpt lat="46.8437016710" lon="8.5748447566">
				<ele>1906.4</ele>
				<extensions>
					<swisstopo:routepoint_id>548709518</swisstopo:routepoint_id>
				</extensions>
			</trkpt>
			<trkpt lat="46.8436868405" lon="8.5748041367">
				<ele>1906.0</ele>
				<extensions>
					<swisstopo:routepoint_id>1067960792</swisstopo:routepoint_id>
				</extensions>
			</trkpt>
			<trkpt lat="46.8436659646" lon="8.5747640422">
				<ele>1905.6</ele>
				<extensions>
					<swisstopo:routepoint_id>1924455237</swisstopo:routepoint_id>
				</extensions>
			</trkpt>
			<trkpt lat="46.8436418680" lon="8.5747244815">
				<ele>1905.3</ele>
				<extensions>
					<swisstopo:routepoint_id>1375081572</swisstopo:routepoint_id>
				</extensions>
			</trkpt>
			<trkpt lat="46.8436254086" lon="8.5746850949">
				<ele>1904.9</ele>
				<extensions>
					<swisstopo:routepoint_id>708839583</swisstopo:routepoint_id>
				</extensions>
			</trkpt>
			<trkpt lat="46.8436039501" lon="8.5746267170">
				<ele>1904.6</ele>
				<extensions>
					<swisstopo:routepoint_id>1443112343</swisstopo:routepoint_id>
				</extensions>
			</trkpt>
			<trkpt lat="46.8435879098" lon="8.5745866992">
				<ele>1904.3</ele>
				<extensions>
					<swisstopo:routepoint_id>579537184</swisstopo:routepoint_id>
				</extensions>
			</trkpt>
			<trkpt lat="46.8435560606" lon="8.5745205350">
				<ele>1903.6</ele>
				<extensions>
					<swisstopo:routepoint_id>1404006060</swisstopo:routepoint_id>
				</extensions>
			</trkpt>
			<trkpt lat="46.8435301849" lon="8.5744601691">
				<ele>1903.0</ele>
				<extensions>
					<swisstopo:routepoint_id>11455349</swisstopo:routepoint_id>
				</extensions>
			</trkpt>
			<trkpt lat="46.8435126610" lon="8.5744094160">
				<ele>1902.6</ele>
				<extensions>
					<swisstopo:routepoint_id>231270117</swisstopo:routepoint_id>
				</extensions>
			</trkpt>
			<trkpt lat="46.8434948632" lon="8.5743473128">
				<ele>1902.4</ele>
				<extensions>
					<swisstopo:routepoint_id>2013207807</swisstopo:routepoint_id>
				</extensions>
			</trkpt>
			<trkpt lat="46.8434740243" lon="8.5742694223">
				<ele>1902.2</ele>
				<extensions>
					<swisstopo:routepoint_id>7019535</swisstopo:routepoint_id>
				</extensions>
			</trkpt>
			<trkpt lat="46.8434631258" lon="8.5742030604">
				<ele>1902.3</ele>
				<extensions>
					<swisstopo:routepoint_id>2137901077</swisstopo:routepoint_id>
				</extensions>
			</trkpt>
			<trkpt lat="46.8434469816" lon="8.5741372279">
				<ele>1902.5</ele>
				<extensions>
					<swisstopo:routepoint_id>1735670154</swisstopo:routepoint_id>
				</extensions>
			</trkpt>
			<trkpt lat="46.8434281479" lon="8.5740599819">
				<ele>1902.5</ele>
				<extensions>
					<swisstopo:routepoint_id>1202065469</swisstopo:routepoint_id>
				</extensions>
			</trkpt>
			<trkpt lat="46.8434181755" lon="8.5740175827">
				<ele>1902.7</ele>
				<extensions>
					<swisstopo:routepoint_id>921827161</swisstopo:routepoint_id>
				</extensions>
			</trkpt>
			<trkpt lat="46.8434120635" lon="8.5739544716">
				<ele>1903.0</ele>
				<extensions>
					<swisstopo:routepoint_id>1686532902</swisstopo:routepoint_id>
				</extensions>
			</trkpt>
			<trkpt lat="46.8434069191" lon="8.5738775144">
				<ele>1903.0</ele>
				<extensions>
					<swisstopo:routepoint_id>541475263</swisstopo:routepoint_id>
				</extensions>
			</trkpt>
			<trkpt lat="46.8434014977" lon="8.5738244815">
				<ele>1902.6</ele>
				<extensions>
					<swisstopo:routepoint_id>847934965</swisstopo:routepoint_id>
				</extensions>
			</trkpt>
			<trkpt lat="46.8433941190" lon="8.5737663885">
				<ele>1902.2</ele>
				<extensions>
					<swisstopo:routepoint_id>1605136997</swisstopo:routepoint_id>
				</extensions>
			</trkpt>
			<trkpt lat="46.8433913480" lon="8.5736932585">
				<ele>1901.9</ele>
				<extensions>
					<swisstopo:routepoint_id>1783297847</swisstopo:routepoint_id>
				</extensions>
			</trkpt>
			<trkpt lat="46.8433832076" lon="8.5736313594">
				<ele>1901.5</ele>
				<extensions>
					<swisstopo:routepoint_id>1954141174</swisstopo:routepoint_id>
				</extensions>
			</trkpt>
			<trkpt lat="46.8433718351" lon="8.5735706726">
				<ele>1901.0</ele>
				<extensions>
					<swisstopo:routepoint_id>1408943228</swisstopo:routepoint_id>
				</extensions>
			</trkpt>
			<trkpt lat="46.8433647161" lon="8.5735257987">
				<ele>1900.7</ele>
				<extensions>
					<swisstopo:routepoint_id>16183250</swisstopo:routepoint_id>
				</extensions>
			</trkpt>
			<trkpt lat="46.8433623162" lon="8.5734892059">
				<ele>1900.6</ele>
				<extensions>
					<swisstopo:routepoint_id>962516243</swisstopo:routepoint_id>
				</extensions>
			</trkpt>
			<trkpt lat="46.8433649314" lon="8.5734035904">
				<ele>1900.3</ele>
				<extensions>
					<swisstopo:routepoint_id>1884200415</swisstopo:routepoint_id>
				</extensions>
			</trkpt>
			<trkpt lat="46.8433773266" lon="8.5732721899">
				<ele>1900.9</ele>
				<extensions>
					<swisstopo:routepoint_id>591446333</swisstopo:routepoint_id>
				</extensions>
			</trkpt>
			<trkpt lat="46.8433936128" lon="8.5731528429">
				<ele>1901.2</ele>
				<extensions>
					<swisstopo:routepoint_id>2087337675</swisstopo:routepoint_id>
				</extensions>
			</trkpt>
			<trkpt lat="46.8434076711" lon="8.5730517072">
				<ele>1901.9</ele>
				<extensions>
					<swisstopo:routepoint_id>429058722</swisstopo:routepoint_id>
				</extensions>
			</trkpt>
			<trkpt lat="46.8434141363" lon="8.5730159414">
				<ele>1902.2</ele>
				<extensions>
					<swisstopo:routepoint_id>1824498605</swisstopo:routepoint_id>
				</extensions>
			</trkpt>
			<trkpt lat="46.8434176993" lon="8.5729857737">
				<ele>1902.5</ele>
				<extensions>
					<swisstopo:routepoint_id>2083322299</swisstopo:routepoint_id>
				</extensions>
			</trkpt>
			<trkpt lat="46.8434129395" lon="8.5729107196">
				<ele>1902.9</ele>
				<extensions>
					<swisstopo:routepoint_id>1040069776</swisstopo:routepoint_id>
				</extensions>
			</trkpt>
			<trkpt lat="46.8434099436" lon="8.5728571236">
				<ele>1903.1</ele>
				<extensions>
					<swisstopo:routepoint_id>1769592497</swisstopo:routepoint_id>
				</extensions>
			</trkpt>
			<trkpt lat="46.8434175979" lon="8.5727873630">
				<ele>1903.7</ele>
				<extensions>
					<swisstopo:routepoint_id>1304030476</swisstopo:routepoint_id>
				</extensions>
			</trkpt>
			<trkpt lat="46.8434353317" lon="8.5726818874">
				<ele>1904.5</ele>
				<extensions>
					<swisstopo:routepoint_id>614538757</swisstopo:routepoint_id>
				</extensions>
			</trkpt>
			<trkpt lat="46.8434542437" lon="8.5725789714">
				<ele>1905.0</ele>
				<extensions>
					<swisstopo:routepoint_id>1513381975</swisstopo:routepoint_id>
				</extensions>
			</trkpt>
			<trkpt lat="46.8434669167" lon="8.5725275749">
				<ele>1905.0</ele>
				<extensions>
					<swisstopo:routepoint_id>272885760</swisstopo:routepoint_id>
				</extensions>
			</trkpt>
			<trkpt lat="46.8434835067" lon="8.5724869649">
				<ele>1905.0</ele>
				<extensions>
					<swisstopo:routepoint_id>856863106</swisstopo:routepoint_id>
				</extensions>
			</trkpt>
			<trkpt lat="46.8435107083" lon="8.5724327246">
				<ele>1905.1</ele>
				<extensions>
					<swisstopo:routepoint_id>605440256</swisstopo:routepoint_id>
				</extensions>
			</trkpt>
			<trkpt lat="46.8435416427" lon="8.5723697282">
				<ele>1905.3</ele>
				<extensions>
					<swisstopo:routepoint_id>158219206</swisstopo:routepoint_id>
				</extensions>
			</trkpt>
			<trkpt lat="46.8435714655" lon="8.5722978992">
				<ele>1905.6</ele>
				<extensions>
					<swisstopo:routepoint_id>1702331341</swisstopo:routepoint_id>
				</extensions>
			</trkpt>
			<trkpt lat="46.8436013995" lon="8.5722166105">
				<ele>1906.2</ele>
				<extensions>
					<swisstopo:routepoint_id>1774998374</swisstopo:routepoint_id>
				</extensions>
			</trkpt>
			<trkpt lat="46.8436262074" lon="8.5721264173">
				<ele>1906.9</ele>
				<extensions>
					<swisstopo:routepoint_id>1459530744</swisstopo:routepoint_id>
				</extensions>
			</trkpt>
			<trkpt lat="46.8436556391" lon="8.5720186777">
				<ele>1907.6</ele>
				<extensions>
					<swisstopo:routepoint_id>771964553</swisstopo:routepoint_id>
				</extensions>
			</trkpt>
			<trkpt lat="46.8436759613" lon="8.5719334220">
				<ele>1908.3</ele>
				<extensions>
					<swisstopo:routepoint_id>1502275076</swisstopo:routepoint_id>
				</extensions>
			</trkpt>
			<trkpt lat="46.8436974851" lon="8.5718488061">
				<ele>1909.0</ele>
				<extensions>
					<swisstopo:routepoint_id>499938020</swisstopo:routepoint_id>
				</extensions>
			</trkpt>
			<trkpt lat="46.8437203749" lon="8.5717491229">
				<ele>1909.3</ele>
				<extensions>
					<swisstopo:routepoint_id>401493042</swisstopo:routepoint_id>
				</extensions>
			</trkpt>
			<trkpt lat="46.8437318531" lon="8.5716977007">
				<ele>1909.5</ele>
				<extensions>
					<swisstopo:routepoint_id>1606515939</swisstopo:routepoint_id>
				</extensions>
			</trkpt>
			<trkpt lat="46.8437384514" lon="8.5716493256">
				<ele>1909.6</ele>
				<extensions>
					<swisstopo:routepoint_id>547475841</swisstopo:routepoint_id>
				</extensions>
			</trkpt>
			<trkpt lat="46.8437372440" lon="8.5716146655">
				<ele>1909.5</ele>
				<extensions>
					<swisstopo:routepoint_id>815353164</swisstopo:routepoint_id>
				</extensions>
			</trkpt>
			<trkpt lat="46.8437329055" lon="8.5715723724">
				<ele>1909.1</ele>
				<extensions>
					<swisstopo:routepoint_id>1928912268</swisstopo:routepoint_id>
				</extensions>
			</trkpt>
			<trkpt lat="46.8437314934" lon="8.5715206916">
				<ele>1909.0</ele>
				<extensions>
					<swisstopo:routepoint_id>1096280783</swisstopo:routepoint_id>
				</extensions>
			</trkpt>
			<trkpt lat="46.8437288337" lon="8.5714721216">
				<ele>1908.9</ele>
				<extensions>
					<swisstopo:routepoint_id>803758459</swisstopo:routepoint_id>
				</extensions>
			</trkpt>
			<trkpt lat="46.8437193461" lon="8.5714228060">
				<ele>1908.9</ele>
				<extensions>
					<swisstopo:routepoint_id>1797816307</swisstopo:routepoint_id>
				</extensions>
			</trkpt>
			<trkpt lat="46.8437070367" lon="8.5713727909">
				<ele>1909.3</ele>
				<extensions>
					<swisstopo:routepoint_id>803289107</swisstopo:routepoint_id>
				</extensions>
			</trkpt>
			<trkpt lat="46.8437037701" lon="8.5713078575">
				<ele>1909.7</ele>
				<extensions>
					<swisstopo:routepoint_id>601348327</swisstopo:routepoint_id>
				</extensions>
			</trkpt>
			<trkpt lat="46.8436940941" lon="8.5712389864">
				<ele>1909.6</ele>
				<extensions>
					<swisstopo:routepoint_id>1748739367</swisstopo:routepoint_id>
				</extensions>
			</trkpt>
			<trkpt lat="46.8436843140" lon="8.5711455552">
				<ele>1909.4</ele>
				<extensions>
					<swisstopo:routepoint_id>1339422403</swisstopo:routepoint_id>
				</extensions>
			</trkpt>
			<trkpt lat="46.8436810369" lon="8.5710812490">
				<ele>1909.5</ele>
				<extensions>
					<swisstopo:routepoint_id>1398429253</swisstopo:routepoint_id>
				</extensions>
			</trkpt>
			<trkpt lat="46.8436808466" lon="8.5710276991">
				<ele>1909.7</ele>
				<extensions>
					<swisstopo:routepoint_id>431573196</swisstopo:routepoint_id>
				</extensions>
			</trkpt>
			<trkpt lat="46.8436716124" lon="8.5709563279">
				<ele>1909.6</ele>
				<extensions>
					<swisstopo:routepoint_id>595065325</swisstopo:routepoint_id>
				</extensions>
			</trkpt>
			<trkpt lat="46.8436645612" lon="8.5708698812">
				<ele>1909.4</ele>
				<extensions>
					<swisstopo:routepoint_id>1512358631</swisstopo:routepoint_id>
				</extensions>
			</trkpt>
			<trkpt lat="46.8436640553" lon="8.5708100379">
				<ele>1909.3</ele>
				<extensions>
					<swisstopo:routepoint_id>933856301</swisstopo:routepoint_id>
				</extensions>
			</trkpt>
			<trkpt lat="46.8436682208" lon="8.5707628790">
				<ele>1909.4</ele>
				<extensions>
					<swisstopo:routepoint_id>614516732</swisstopo:routepoint_id>
				</extensions>
			</trkpt>
			<trkpt lat="46.8436886070" lon="8.5706719520">
				<ele>1909.9</ele>
				<extensions>
					<swisstopo:routepoint_id>648868714</swisstopo:routepoint_id>
				</extensions>
			</trkpt>
			<trkpt lat="46.8437137593" lon="8.5705867971">
				<ele>1910.8</ele>
				<extensions>
					<swisstopo:routepoint_id>17415758</swisstopo:routepoint_id>
				</extensions>
			</trkpt>
			<trkpt lat="46.8437296631" lon="8.5705342003">
				<ele>1912.0</ele>
				<extensions>
					<swisstopo:routepoint_id>613184473</swisstopo:routepoint_id>
				</extensions>
			</trkpt>
			<trkpt lat="46.8437537183" lon="8.5704742333">
				<ele>1913.4</ele>
				<extensions>
					<swisstopo:routepoint_id>1322999873</swisstopo:routepoint_id>
				</extensions>
			</trkpt>
			<trkpt lat="46.8437863010" lon="8.5703728456">
				<ele>1914.5</ele>
				<extensions>
					<swisstopo:routepoint_id>2145901313</swisstopo:routepoint_id>
				</extensions>
			</trkpt>
			<trkpt lat="46.8438009410" lon="8.5703258941">
				<ele>1915.2</ele>
				<extensions>
					<swisstopo:routepoint_id>2105190634</swisstopo:routepoint_id>
				</extensions>
			</trkpt>
			<trkpt lat="46.8438024294" lon="8.5703019948">
				<ele>1915.7</ele>
				<extensions>
					<swisstopo:routepoint_id>85861053</swisstopo:routepoint_id>
				</extensions>
			</trkpt>
			<trkpt lat="46.8437964199" lon="8.5702647115">
				<ele>1916.1</ele>
				<extensions>
					<swisstopo:routepoint_id>2128067234</swisstopo:routepoint_id>
				</extensions>
			</trkpt>
			<trkpt lat="46.8438016589" lon="8.5702289065">
				<ele>1916.8</ele>
				<extensions>
					<swisstopo:routepoint_id>2132533031</swisstopo:routepoint_id>
				</extensions>
			</trkpt>
			<trkpt lat="46.8438119597" lon="8.5701743223">
				<ele>1917.8</ele>
				<extensions>
					<swisstopo:routepoint_id>2109278580</swisstopo:routepoint_id>
				</extensions>
			</trkpt>
			<trkpt lat="46.8438122839" lon="8.5701459811">
				<ele>1918.1</ele>
				<extensions>
					<swisstopo:routepoint_id>945135856</swisstopo:routepoint_id>
				</extensions>
			</trkpt>
			<trkpt lat="46.8438040330" lon="8.5700941566">
				<ele>1918.6</ele>
				<extensions>
					<swisstopo:routepoint_id>658343600</swisstopo:routepoint_id>
				</extensions>
			</trkpt>
			<trkpt lat="46.8437941199" lon="8.5700460742">
				<ele>1919.4</ele>
				<extensions>
					<swisstopo:routepoint_id>567352040</swisstopo:routepoint_id>
				</extensions>
			</trkpt>
			<trkpt lat="46.8437896174" lon="8.5699829970">
				<ele>1920.5</ele>
				<extensions>
					<swisstopo:routepoint_id>911056450</swisstopo:routepoint_id>
				</extensions>
			</trkpt>
			<trkpt lat="46.8437910011" lon="8.5698986224">
				<ele>1921.3</ele>
				<extensions>
					<swisstopo:routepoint_id>762604478</swisstopo:routepoint_id>
				</extensions>
			</trkpt>
			<trkpt lat="46.8437932577" lon="8.5698432288">
				<ele>1921.5</ele>
				<extensions>
					<swisstopo:routepoint_id>284596221</swisstopo:routepoint_id>
				</extensions>
			</trkpt>
			<trkpt lat="46.8437917818" lon="8.5697965915">
				<ele>1921.5</ele>
				<extensions>
					<swisstopo:routepoint_id>1282604001</swisstopo:routepoint_id>
				</extensions>
			</trkpt>
			<trkpt lat="46.8437858308" lon="8.5697542647">
				<ele>1921.7</ele>
				<extensions>
					<swisstopo:routepoint_id>564450400</swisstopo:routepoint_id>
				</extensions>
			</trkpt>
			<trkpt lat="46.8437734228" lon="8.5697136971">
				<ele>1921.9</ele>
				<extensions>
					<swisstopo:routepoint_id>899428919</swisstopo:routepoint_id>
				</extensions>
			</trkpt>
			<trkpt lat="46.8437588940" lon="8.5696819069">
				<ele>1922.4</ele>
				<extensions>
					<swisstopo:routepoint_id>1779422663</swisstopo:routepoint_id>
				</extensions>
			</trkpt>
			<trkpt lat="46.8437553480" lon="8.5696402580">
				<ele>1922.7</ele>
				<extensions>
					<swisstopo:routepoint_id>314427869</swisstopo:routepoint_id>
				</extensions>
			</trkpt>
			<trkpt lat="46.8437556722" lon="8.5695772695">
				<ele>1922.3</ele>
				<extensions>
					<swisstopo:routepoint_id>586753099</swisstopo:routepoint_id>
				</extensions>
			</trkpt>
			<trkpt lat="46.8437615039" lon="8.5695263684">
				<ele>1922.3</ele>
				<extensions>
					<swisstopo:routepoint_id>1876256121</swisstopo:routepoint_id>
				</extensions>
			</trkpt>
			<trkpt lat="46.8437622782" lon="8.5694942596">
				<ele>1922.3</ele>
				<extensions>
					<swisstopo:routepoint_id>263324363</swisstopo:routepoint_id>
				</extensions>
			</trkpt>
			<trkpt lat="46.8437631989" lon="8.5694495547">
				<ele>1922.1</ele>
				<extensions>
					<swisstopo:routepoint_id>264633900</swisstopo:routepoint_id>
				</extensions>
			</trkpt>
			<trkpt lat="46.8437679731" lon="8.5694194122">
				<ele>1921.7</ele>
				<extensions>
					<swisstopo:routepoint_id>1122630806</swisstopo:routepoint_id>
				</extensions>
			</trkpt>
			<trkpt lat="46.8437667296" lon="8.5693879012">
				<ele>1921.7</ele>
				<extensions>
					<swisstopo:routepoint_id>1031835133</swisstopo:routepoint_id>
				</extensions>
			</trkpt>
			<trkpt lat="46.8437615868" lon="8.5693455786">
				<ele>1921.6</ele>
				<extensions>
					<swisstopo:routepoint_id>1509829155</swisstopo:routepoint_id>
				</extensions>
			</trkpt>
			<trkpt lat="46.8437666937" lon="8.5692871079">
				<ele>1921.7</ele>
				<extensions>
					<swisstopo:routepoint_id>399636532</swisstopo:routepoint_id>
				</extensions>
			</trkpt>
			<trkpt lat="46.8437708692" lon="8.5692393218">
				<ele>1921.7</ele>
				<extensions>
					<swisstopo:routepoint_id>371077060</swisstopo:routepoint_id>
				</extensions>
			</trkpt>
			<trkpt lat="46.8437739628" lon="8.5691814362">
				<ele>1922.2</ele>
				<extensions>
					<swisstopo:routepoint_id>1579042898</swisstopo:routepoint_id>
				</extensions>
			</trkpt>
			<trkpt lat="46.8437670697" lon="8.5691504210">
				<ele>1922.7</ele>
				<extensions>
					<swisstopo:routepoint_id>174632100</swisstopo:routepoint_id>
				</extensions>
			</trkpt>
			<trkpt lat="46.8437527937" lon="8.5690965880">
				<ele>1923.4</ele>
				<extensions>
					<swisstopo:routepoint_id>86001733</swisstopo:routepoint_id>
				</extensions>
			</trkpt>
			<trkpt lat="46.8437424075" lon="8.5690554356">
				<ele>1923.9</ele>
				<extensions>
					<swisstopo:routepoint_id>1776435482</swisstopo:routepoint_id>
				</extensions>
			</trkpt>
			<trkpt lat="46.8437411487" lon="8.5689898915">
				<ele>1924.4</ele>
				<extensions>
					<swisstopo:routepoint_id>2055081569</swisstopo:routepoint_id>
				</extensions>
			</trkpt>
			<trkpt lat="46.8437399594" lon="8.5689533369">
				<ele>1924.9</ele>
				<extensions>
					<swisstopo:routepoint_id>1387100022</swisstopo:routepoint_id>
				</extensions>
			</trkpt>
			<trkpt lat="46.8437286896" lon="8.5689184656">
				<ele>1925.5</ele>
				<extensions>
					<swisstopo:routepoint_id>1135091589</swisstopo:routepoint_id>
				</extensions>
			</trkpt>
			<trkpt lat="46.8437162600" lon="8.5688791525">
				<ele>1926.4</ele>
				<extensions>
					<swisstopo:routepoint_id>565080489</swisstopo:routepoint_id>
				</extensions>
			</trkpt>
			<trkpt lat="46.8437110246" lon="8.5688444080">
				<ele>1927.2</ele>
				<extensions>
					<swisstopo:routepoint_id>406863391</swisstopo:routepoint_id>
				</extensions>
			</trkpt>
			<trkpt lat="46.8437110180" lon="8.5688104007">
				<ele>1927.7</ele>
				<extensions>
					<swisstopo:routepoint_id>412731543</swisstopo:routepoint_id>
				</extensions>
			</trkpt>
			<trkpt lat="46.8437048786" lon="8.5687844334">
				<ele>1928.2</ele>
				<extensions>
					<swisstopo:routepoint_id>1811209224</swisstopo:routepoint_id>
				</extensions>
			</trkpt>
			<trkpt lat="46.8436939791" lon="8.5687521051">
				<ele>1929.1</ele>
				<extensions>
					<swisstopo:routepoint_id>1356164405</swisstopo:routepoint_id>
				</extensions>
			</trkpt>
			<trkpt lat="46.8436888253" lon="8.5687104227">
				<ele>1929.9</ele>
				<extensions>
					<swisstopo:routepoint_id>897048335</swisstopo:routepoint_id>
				</extensions>
			</trkpt>
			<trkpt lat="46.8436875126" lon="8.5686845568">
				<ele>1930.3</ele>
				<extensions>
					<swisstopo:routepoint_id>832623341</swisstopo:routepoint_id>
				</extensions>
			</trkpt>
			<trkpt lat="46.8436975384" lon="8.5686532825">
				<ele>1930.4</ele>
				<extensions>
					<swisstopo:routepoint_id>1586225657</swisstopo:routepoint_id>
				</extensions>
			</trkpt>
			<trkpt lat="46.8437079373" lon="8.5686251402">
				<ele>1930.3</ele>
				<extensions>
					<swisstopo:routepoint_id>1117854059</swisstopo:routepoint_id>
				</extensions>
			</trkpt>
			<trkpt lat="46.8437037526" lon="8.5686036442">
				<ele>1930.6</ele>
				<extensions>
					<swisstopo:routepoint_id>1188740300</swisstopo:routepoint_id>
				</extensions>
			</trkpt>
			<trkpt lat="46.8436938435" lon="8.5685901969">
				<ele>1931.1</ele>
				<extensions>
					<swisstopo:routepoint_id>69068240</swisstopo:routepoint_id>
				</extensions>
			</trkpt>
			<trkpt lat="46.8436770457" lon="8.5685804204">
				<ele>1932.0</ele>
				<extensions>
					<swisstopo:routepoint_id>1243748134</swisstopo:routepoint_id>
				</extensions>
			</trkpt>
			<trkpt lat="46.8436557560" lon="8.5685762091">
				<ele>1932.9</ele>
				<extensions>
					<swisstopo:routepoint_id>1841796456</swisstopo:routepoint_id>
				</extensions>
			</trkpt>
			<trkpt lat="46.8436429962" lon="8.5685658773">
				<ele>1933.2</ele>
				<extensions>
					<swisstopo:routepoint_id>293093461</swisstopo:routepoint_id>
				</extensions>
			</trkpt>
			<trkpt lat="46.8436332601" lon="8.5685366977">
				<ele>1933.3</ele>
				<extensions>
					<swisstopo:routepoint_id>496927292</swisstopo:routepoint_id>
				</extensions>
			</trkpt>
			<trkpt lat="46.8436326609" lon="8.5684844068">
				<ele>1933.4</ele>
				<extensions>
					<swisstopo:routepoint_id>1981919187</swisstopo:routepoint_id>
				</extensions>
			</trkpt>
			<trkpt lat="46.8436371396" lon="8.5684107887">
				<ele>1933.6</ele>
				<extensions>
					<swisstopo:routepoint_id>395959199</swisstopo:routepoint_id>
				</extensions>
			</trkpt>
			<trkpt lat="46.8436370403" lon="8.5683496865">
				<ele>1933.7</ele>
				<extensions>
					<swisstopo:routepoint_id>1879311325</swisstopo:routepoint_id>
				</extensions>
			</trkpt>
			<trkpt lat="46.8436411488" lon="8.5683081985">
				<ele>1933.7</ele>
				<extensions>
					<swisstopo:routepoint_id>934389227</swisstopo:routepoint_id>
				</extensions>
			</trkpt>
			<trkpt lat="46.8436471871" lon="8.5682736779">
				<ele>1934.1</ele>
				<extensions>
					<swisstopo:routepoint_id>1382561281</swisstopo:routepoint_id>
				</extensions>
			</trkpt>
			<trkpt lat="46.8436492611" lon="8.5682340293">
				<ele>1934.3</ele>
				<extensions>
					<swisstopo:routepoint_id>1497839345</swisstopo:routepoint_id>
				</extensions>
			</trkpt>
			<trkpt lat="46.8436609528" lon="8.5681977325">
				<ele>1934.8</ele>
				<extensions>
					<swisstopo:routepoint_id>1132159395</swisstopo:routepoint_id>
				</extensions>
			</trkpt>
			<trkpt lat="46.8436666536" lon="8.5681569052">
				<ele>1935.3</ele>
				<extensions>
					<swisstopo:routepoint_id>192877074</swisstopo:routepoint_id>
				</extensions>
			</trkpt>
			<trkpt lat="46.8436649556" lon="8.5680957693">
				<ele>1935.7</ele>
				<extensions>
					<swisstopo:routepoint_id>2106607709</swisstopo:routepoint_id>
				</extensions>
			</trkpt>
			<trkpt lat="46.8436631192" lon="8.5680459620">
				<ele>1935.7</ele>
				<extensions>
					<swisstopo:routepoint_id>1443323282</swisstopo:routepoint_id>
				</extensions>
			</trkpt>
			<trkpt lat="46.8436525680" lon="8.5679827710">
				<ele>1935.4</ele>
				<extensions>
					<swisstopo:routepoint_id>1994369494</swisstopo:routepoint_id>
				</extensions>
			</trkpt>
			<trkpt lat="46.8436404244" lon="8.5679189063">
				<ele>1935.5</ele>
				<extensions>
					<swisstopo:routepoint_id>2022640151</swisstopo:routepoint_id>
				</extensions>
			</trkpt>
			<trkpt lat="46.8436333698" lon="8.5678677349">
				<ele>1935.8</ele>
				<extensions>
					<swisstopo:routepoint_id>2038485706</swisstopo:routepoint_id>
				</extensions>
			</trkpt>
			<trkpt lat="46.8436388677" lon="8.5678105144">
				<ele>1935.9</ele>
				<extensions>
					<swisstopo:routepoint_id>201619575</swisstopo:routepoint_id>
				</extensions>
			</trkpt>
			<trkpt lat="46.8436412315" lon="8.5677450592">
				<ele>1935.5</ele>
				<extensions>
					<swisstopo:routepoint_id>791183457</swisstopo:routepoint_id>
				</extensions>
			</trkpt>
			<trkpt lat="46.8436445703" lon="8.5676720446">
				<ele>1934.3</ele>
				<extensions>
					<swisstopo:routepoint_id>905958841</swisstopo:routepoint_id>
				</extensions>
			</trkpt>
			<trkpt lat="46.8436463210" lon="8.5676175111">
				<ele>1933.8</ele>
				<extensions>
					<swisstopo:routepoint_id>359990920</swisstopo:routepoint_id>
				</extensions>
			</trkpt>
			<trkpt lat="46.8436490488" lon="8.5675454184">
				<ele>1933.7</ele>
				<extensions>
					<swisstopo:routepoint_id>815469782</swisstopo:routepoint_id>
				</extensions>
			</trkpt>
			<trkpt lat="46.8436523936" lon="8.5674909183">
				<ele>1933.6</ele>
				<extensions>
					<swisstopo:routepoint_id>165387000</swisstopo:routepoint_id>
				</extensions>
			</trkpt>
			<trkpt lat="46.8436477261" lon="8.5674399889">
				<ele>1933.0</ele>
				<extensions>
					<swisstopo:routepoint_id>1426341723</swisstopo:routepoint_id>
				</extensions>
			</trkpt>
			<trkpt lat="46.8436364924" lon="8.5674058614">
				<ele>1932.6</ele>
				<extensions>
					<swisstopo:routepoint_id>826266175</swisstopo:routepoint_id>
				</extensions>
			</trkpt>
			<trkpt lat="46.8436229237" lon="8.5673666401">
				<ele>1932.3</ele>
				<extensions>
					<swisstopo:routepoint_id>162832179</swisstopo:routepoint_id>
				</extensions>
			</trkpt>
			<trkpt lat="46.8436160966" lon="8.5673319905">
				<ele>1932.1</ele>
				<extensions>
					<swisstopo:routepoint_id>1611868212</swisstopo:routepoint_id>
				</extensions>
			</trkpt>
			<trkpt lat="46.8436177871" lon="8.5672831022">
				<ele>1932.6</ele>
				<extensions>
					<swisstopo:routepoint_id>1865456395</swisstopo:routepoint_id>
				</extensions>
			</trkpt>
			<trkpt lat="46.8436157181" lon="8.5672510492">
				<ele>1932.8</ele>
				<extensions>
					<swisstopo:routepoint_id>730206879</swisstopo:routepoint_id>
				</extensions>
			</trkpt>
			<trkpt lat="46.8436037745" lon="8.5672087379">
				<ele>1932.7</ele>
				<extensions>
					<swisstopo:routepoint_id>1761652124</swisstopo:routepoint_id>
				</extensions>
			</trkpt>
			<trkpt lat="46.8435872717" lon="8.5671832706">
				<ele>1932.6</ele>
				<extensions>
					<swisstopo:routepoint_id>1444452716</swisstopo:routepoint_id>
				</extensions>
			</trkpt>
			<trkpt lat="46.8435773201" lon="8.5671416414">
				<ele>1933.0</ele>
				<extensions>
					<swisstopo:routepoint_id>1478549279</swisstopo:routepoint_id>
				</extensions>
			</trkpt>
			<trkpt lat="46.8435712463" lon="8.5671107719">
				<ele>1933.3</ele>
				<extensions>
					<swisstopo:routepoint_id>139999592</swisstopo:routepoint_id>
				</extensions>
			</trkpt>
			<trkpt lat="46.8435729703" lon="8.5670593621">
				<ele>1934.0</ele>
				<extensions>
					<swisstopo:routepoint_id>749781284</swisstopo:routepoint_id>
				</extensions>
			</trkpt>
			<trkpt lat="46.8435777377" lon="8.5670218315">
				<ele>1934.8</ele>
				<extensions>
					<swisstopo:routepoint_id>1484768832</swisstopo:routepoint_id>
				</extensions>
			</trkpt>
			<trkpt lat="46.8435792115" lon="8.5669948845">
				<ele>1935.6</ele>
				<extensions>
					<swisstopo:routepoint_id>670769705</swisstopo:routepoint_id>
				</extensions>
			</trkpt>
			<trkpt lat="46.8435722538" lon="8.5669721397">
				<ele>1936.0</ele>
				<extensions>
					<swisstopo:routepoint_id>1275855000</swisstopo:routepoint_id>
				</extensions>
			</trkpt>
			<trkpt lat="46.8435545998" lon="8.5669422567">
				<ele>1936.3</ele>
				<extensions>
					<swisstopo:routepoint_id>1051010225</swisstopo:routepoint_id>
				</extensions>
			</trkpt>
			<trkpt lat="46.8435412821" lon="8.5669181111">
				<ele>1936.5</ele>
				<extensions>
					<swisstopo:routepoint_id>1351647113</swisstopo:routepoint_id>
				</extensions>
			</trkpt>
			<trkpt lat="46.8435237889" lon="8.5668719193">
				<ele>1937.0</ele>
				<extensions>
					<swisstopo:routepoint_id>903692271</swisstopo:routepoint_id>
				</extensions>
			</trkpt>
			<trkpt lat="46.8435103295" lon="8.5668220477">
				<ele>1937.9</ele>
				<extensions>
					<swisstopo:routepoint_id>2108311053</swisstopo:routepoint_id>
				</extensions>
			</trkpt>
			<trkpt lat="46.8435042866" lon="8.5667880420">
				<ele>1938.5</ele>
				<extensions>
					<swisstopo:routepoint_id>1781538961</swisstopo:routepoint_id>
				</extensions>
			</trkpt>
			<trkpt lat="46.8434986480" lon="8.5667540321">
				<ele>1939.6</ele>
				<extensions>
					<swisstopo:routepoint_id>2004611471</swisstopo:routepoint_id>
				</extensions>
			</trkpt>
			<trkpt lat="46.8434855527" lon="8.5667073051">
				<ele>1940.9</ele>
				<extensions>
					<swisstopo:routepoint_id>1875446070</swisstopo:routepoint_id>
				</extensions>
			</trkpt>
			<trkpt lat="46.8434727768" lon="8.5666687538">
				<ele>1941.6</ele>
				<extensions>
					<swisstopo:routepoint_id>296034246</swisstopo:routepoint_id>
				</extensions>
			</trkpt>
			<trkpt lat="46.8434650858" lon="8.5666397199">
				<ele>1941.9</ele>
				<extensions>
					<swisstopo:routepoint_id>1741821450</swisstopo:routepoint_id>
				</extensions>
			</trkpt>
			<trkpt lat="46.8434544967" lon="8.5666212781">
				<ele>1941.7</ele>
				<extensions>
					<swisstopo:routepoint_id>637180656</swisstopo:routepoint_id>
				</extensions>
			</trkpt>
			<trkpt lat="46.8434540860" lon="8.5665836389">
				<ele>1941.3</ele>
				<extensions>
					<swisstopo:routepoint_id>2129633315</swisstopo:routepoint_id>
				</extensions>
			</trkpt>
			<trkpt lat="46.8434546146" lon="8.5665309365">
				<ele>1941.1</ele>
				<extensions>
					<swisstopo:routepoint_id>343836535</swisstopo:routepoint_id>
				</extensions>
			</trkpt>
			<trkpt lat="46.8434637024" lon="8.5664615125">
				<ele>1941.1</ele>
				<extensions>
					<swisstopo:routepoint_id>2058957299</swisstopo:routepoint_id>
				</extensions>
			</trkpt>
			<trkpt lat="46.8434764031" lon="8.5663896545">
				<ele>1941.1</ele>
				<extensions>
					<swisstopo:routepoint_id>671826054</swisstopo:routepoint_id>
				</extensions>
			</trkpt>
			<trkpt lat="46.8434724885" lon="8.5663425055">
				<ele>1940.7</ele>
				<extensions>
					<swisstopo:routepoint_id>185566614</swisstopo:routepoint_id>
				</extensions>
			</trkpt>
			<trkpt lat="46.8434693507" lon="8.5662985225">
				<ele>1940.5</ele>
				<extensions>
					<swisstopo:routepoint_id>963931826</swisstopo:routepoint_id>
				</extensions>
			</trkpt>
			<trkpt lat="46.8434702954" lon="8.5662445869">
				<ele>1940.6</ele>
				<extensions>
					<swisstopo:routepoint_id>1079101763</swisstopo:routepoint_id>
				</extensions>
			</trkpt>
			<trkpt lat="46.8434692047" lon="8.5661943729">
				<ele>1940.5</ele>
				<extensions>
					<swisstopo:routepoint_id>20891232</swisstopo:routepoint_id>
				</extensions>
			</trkpt>
			<trkpt lat="46.8434716939" lon="8.5661455016">
				<ele>1940.6</ele>
				<extensions>
					<swisstopo:routepoint_id>1869578248</swisstopo:routepoint_id>
				</extensions>
			</trkpt>
			<trkpt lat="46.8434757819" lon="8.5660966509">
				<ele>1940.5</ele>
				<extensions>
					<swisstopo:routepoint_id>1721982460</swisstopo:routepoint_id>
				</extensions>
			</trkpt>
			<trkpt lat="46.8434813068" lon="8.5660629005">
				<ele>1941.0</ele>
				<extensions>
					<swisstopo:routepoint_id>1668820040</swisstopo:routepoint_id>
				</extensions>
			</trkpt>
			<trkpt lat="46.8435064669" lon="8.5660220711">
				<ele>1942.0</ele>
				<extensions>
					<swisstopo:routepoint_id>196103334</swisstopo:routepoint_id>
				</extensions>
			</trkpt>
			<trkpt lat="46.8435222866" lon="8.5659960650">
				<ele>1943.2</ele>
				<extensions>
					<swisstopo:routepoint_id>1328213757</swisstopo:routepoint_id>
				</extensions>
			</trkpt>
			<trkpt lat="46.8435209652" lon="8.5659696869">
				<ele>1943.4</ele>
				<extensions>
					<swisstopo:routepoint_id>1135599178</swisstopo:routepoint_id>
				</extensions>
			</trkpt>
			<trkpt lat="46.8435133093" lon="8.5659375297">
				<ele>1942.9</ele>
				<extensions>
					<swisstopo:routepoint_id>429385414</swisstopo:routepoint_id>
				</extensions>
			</trkpt>
			<trkpt lat="46.8435128279" lon="8.5659061502">
				<ele>1943.3</ele>
				<extensions>
					<swisstopo:routepoint_id>1458428496</swisstopo:routepoint_id>
				</extensions>
			</trkpt>
			<trkpt lat="46.8435240037" lon="8.5658668716">
				<ele>1943.9</ele>
				<extensions>
					<swisstopo:routepoint_id>88633581</swisstopo:routepoint_id>
				</extensions>
			</trkpt>
			<trkpt lat="46.8435317568" lon="8.5658494926">
				<ele>1944.3</ele>
				<extensions>
					<swisstopo:routepoint_id>2130367316</swisstopo:routepoint_id>
				</extensions>
			</trkpt>
			<trkpt lat="46.8435530391" lon="8.5658361743">
				<ele>1944.2</ele>
				<extensions>
					<swisstopo:routepoint_id>682563249</swisstopo:routepoint_id>
				</extensions>
			</trkpt>
			<trkpt lat="46.8435712425" lon="8.5658121129">
				<ele>1943.8</ele>
				<extensions>
					<swisstopo:routepoint_id>1622887628</swisstopo:routepoint_id>
				</extensions>
			</trkpt>
			<trkpt lat="46.8435954338" lon="8.5657875624">
				<ele>1943.6</ele>
				<extensions>
					<swisstopo:routepoint_id>1281150350</swisstopo:routepoint_id>
				</extensions>
			</trkpt>
			<trkpt lat="46.8436017357" lon="8.5657569652">
				<ele>1943.6</ele>
				<extensions>
					<swisstopo:routepoint_id>80956643</swisstopo:routepoint_id>
				</extensions>
			</trkpt>
			<trkpt lat="46.8436125833" lon="8.5657095234">
				<ele>1943.6</ele>
				<extensions>
					<swisstopo:routepoint_id>1890153302</swisstopo:routepoint_id>
				</extensions>
			</trkpt>
			<trkpt lat="46.8436151491" lon="8.5656537522">
				<ele>1943.3</ele>
				<extensions>
					<swisstopo:routepoint_id>1668830046</swisstopo:routepoint_id>
				</extensions>
			</trkpt>
			<trkpt lat="46.8436151829" lon="8.5656110905">
				<ele>1943.2</ele>
				<extensions>
					<swisstopo:routepoint_id>66924661</swisstopo:routepoint_id>
				</extensions>
			</trkpt>
			<trkpt lat="46.8436236368" lon="8.5655635986">
				<ele>1943.1</ele>
				<extensions>
					<swisstopo:routepoint_id>167386833</swisstopo:routepoint_id>
				</extensions>
			</trkpt>
			<trkpt lat="46.8436242168" lon="8.5655065182">
				<ele>1943.3</ele>
				<extensions>
					<swisstopo:routepoint_id>1211299599</swisstopo:routepoint_id>
				</extensions>
			</trkpt>
			<trkpt lat="46.8436198506" lon="8.5654650318">
				<ele>1943.2</ele>
				<extensions>
					<swisstopo:routepoint_id>2067186395</swisstopo:routepoint_id>
				</extensions>
			</trkpt>
			<trkpt lat="46.8436222532" lon="8.5654249163">
				<ele>1942.8</ele>
				<extensions>
					<swisstopo:routepoint_id>797810888</swisstopo:routepoint_id>
				</extensions>
			</trkpt>
			<trkpt lat="46.8436189167" lon="8.5653997508">
				<ele>1942.4</ele>
				<extensions>
					<swisstopo:routepoint_id>2098338446</swisstopo:routepoint_id>
				</extensions>
			</trkpt>
			<trkpt lat="46.8435986606" lon="8.5653905048">
				<ele>1941.8</ele>
				<extensions>
					<swisstopo:routepoint_id>252221311</swisstopo:routepoint_id>
				</extensions>
			</trkpt>
			<trkpt lat="46.8435879882" lon="8.5653796029">
				<ele>1941.3</ele>
				<extensions>
					<swisstopo:routepoint_id>2018831073</swisstopo:routepoint_id>
				</extensions>
			</trkpt>
			<trkpt lat="46.8435882194" lon="8.5653570217">
				<ele>1940.9</ele>
				<extensions>
					<swisstopo:routepoint_id>1533142597</swisstopo:routepoint_id>
				</extensions>
			</trkpt>
			<trkpt lat="46.8435997344" lon="8.5653234094">
				<ele>1940.5</ele>
				<extensions>
					<swisstopo:routepoint_id>792540413</swisstopo:routepoint_id>
				</extensions>
			</trkpt>
			<trkpt lat="46.8436220165" lon="8.5652906498">
				<ele>1940.0</ele>
				<extensions>
					<swisstopo:routepoint_id>17935399</swisstopo:routepoint_id>
				</extensions>
			</trkpt>
			<trkpt lat="46.8436480390" lon="8.5652429367">
				<ele>1939.2</ele>
				<extensions>
					<swisstopo:routepoint_id>679882098</swisstopo:routepoint_id>
				</extensions>
			</trkpt>
			<trkpt lat="46.8436731987" lon="8.5652021068">
				<ele>1939.3</ele>
				<extensions>
					<swisstopo:routepoint_id>946328540</swisstopo:routepoint_id>
				</extensions>
			</trkpt>
			<trkpt lat="46.8436968269" lon="8.5651932291">
				<ele>1939.7</ele>
				<extensions>
					<swisstopo:routepoint_id>1040768765</swisstopo:routepoint_id>
				</extensions>
			</trkpt>
			<trkpt lat="46.8437146385" lon="8.5651679045">
				<ele>1939.4</ele>
				<extensions>
					<swisstopo:routepoint_id>1270893861</swisstopo:routepoint_id>
				</extensions>
			</trkpt>
			<trkpt lat="46.8437405454" lon="8.5651314819">
				<ele>1938.6</ele>
				<extensions>
					<swisstopo:routepoint_id>1031460635</swisstopo:routepoint_id>
				</extensions>
			</trkpt>
			<trkpt lat="46.8437685124" lon="8.5650888285">
				<ele>1937.7</ele>
				<extensions>
					<swisstopo:routepoint_id>16799656</swisstopo:routepoint_id>
				</extensions>
			</trkpt>
			<trkpt lat="46.8437872494" lon="8.5650516028">
				<ele>1937.3</ele>
				<extensions>
					<swisstopo:routepoint_id>6389658</swisstopo:routepoint_id>
				</extensions>
			</trkpt>
			<trkpt lat="46.8438047522" lon="8.5650175009">
				<ele>1937.3</ele>
				<extensions>
					<swisstopo:routepoint_id>410280025</swisstopo:routepoint_id>
				</extensions>
			</trkpt>
			<trkpt lat="46.8438348039" lon="8.5649661075">
				<ele>1937.3</ele>
				<extensions>
					<swisstopo:routepoint_id>251226461</swisstopo:routepoint_id>
				</extensions>
			</trkpt>
			<trkpt lat="46.8438574314" lon="8.5649383868">
				<ele>1937.4</ele>
				<extensions>
					<swisstopo:routepoint_id>181197301</swisstopo:routepoint_id>
				</extensions>
			</trkpt>
			<trkpt lat="46.8438714617" lon="8.5648929064">
				<ele>1937.8</ele>
				<extensions>
					<swisstopo:routepoint_id>1691599762</swisstopo:routepoint_id>
				</extensions>
			</trkpt>
			<trkpt lat="46.8438787189" lon="8.5648460294">
				<ele>1938.5</ele>
				<extensions>
					<swisstopo:routepoint_id>964404753</swisstopo:routepoint_id>
				</extensions>
			</trkpt>
			<trkpt lat="46.8438726615" lon="8.5647737268">
				<ele>1939.2</ele>
				<extensions>
					<swisstopo:routepoint_id>1019176175</swisstopo:routepoint_id>
				</extensions>
			</trkpt>
			<trkpt lat="46.8438685201" lon="8.5647102734">
				<ele>1939.7</ele>
				<extensions>
					<swisstopo:routepoint_id>155305040</swisstopo:routepoint_id>
				</extensions>
			</trkpt>
			<trkpt lat="46.8438745995" lon="8.5646621042">
				<ele>1940.4</ele>
				<extensions>
					<swisstopo:routepoint_id>2116827327</swisstopo:routepoint_id>
				</extensions>
			</trkpt>
			<trkpt lat="46.8438847362" lon="8.5646065038">
				<ele>1941.8</ele>
				<extensions>
					<swisstopo:routepoint_id>566416633</swisstopo:routepoint_id>
				</extensions>
			</trkpt>
			<trkpt lat="46.8438889223" lon="8.5645476164">
				<ele>1942.8</ele>
				<extensions>
					<swisstopo:routepoint_id>1064511970</swisstopo:routepoint_id>
				</extensions>
			</trkpt>
			<trkpt lat="46.8438918063" lon="8.5644987400">
				<ele>1944.1</ele>
				<extensions>
					<swisstopo:routepoint_id>1536152372</swisstopo:routepoint_id>
				</extensions>
			</trkpt>
			<trkpt lat="46.8438826774" lon="8.5644546315">
				<ele>1945.2</ele>
				<extensions>
					<swisstopo:routepoint_id>2020696290</swisstopo:routepoint_id>
				</extensions>
			</trkpt>
			<trkpt lat="46.8438612495" lon="8.5644033259">
				<ele>1946.1</ele>
				<extensions>
					<swisstopo:routepoint_id>1575563400</swisstopo:routepoint_id>
				</extensions>
			</trkpt>
			<trkpt lat="46.8438418567" lon="8.5643483115">
				<ele>1946.6</ele>
				<extensions>
					<swisstopo:routepoint_id>1635334758</swisstopo:routepoint_id>
				</extensions>
			</trkpt>
			<trkpt lat="46.8438239550" lon="8.5643033537">
				<ele>1947.4</ele>
				<extensions>
					<swisstopo:routepoint_id>1778955356</swisstopo:routepoint_id>
				</extensions>
			</trkpt>
			<trkpt lat="46.8438091905" lon="8.5642641209">
				<ele>1947.8</ele>
				<extensions>
					<swisstopo:routepoint_id>189337909</swisstopo:routepoint_id>
				</extensions>
			</trkpt>
			<trkpt lat="46.8438020265" lon="8.5642225504">
				<ele>1949.0</ele>
				<extensions>
					<swisstopo:routepoint_id>1936669184</swisstopo:routepoint_id>
				</extensions>
			</trkpt>
			<trkpt lat="46.8437842173" lon="8.5641681966">
				<ele>1950.6</ele>
				<extensions>
					<swisstopo:routepoint_id>549923175</swisstopo:routepoint_id>
				</extensions>
			</trkpt>
			<trkpt lat="46.8437642579" lon="8.5640899569">
				<ele>1952.7</ele>
				<extensions>
					<swisstopo:routepoint_id>1054928001</swisstopo:routepoint_id>
				</extensions>
			</trkpt>
			<trkpt lat="46.8437478724" lon="8.5640136742">
				<ele>1955.0</ele>
				<extensions>
					<swisstopo:routepoint_id>1026720178</swisstopo:routepoint_id>
				</extensions>
			</trkpt>
			<trkpt lat="46.8437367576" lon="8.5639682440">
				<ele>1955.9</ele>
				<extensions>
					<swisstopo:routepoint_id>431039987</swisstopo:routepoint_id>
				</extensions>
			</trkpt>
			<trkpt lat="46.8437090697" lon="8.5639048875">
				<ele>1957.6</ele>
				<extensions>
					<swisstopo:routepoint_id>886388118</swisstopo:routepoint_id>
				</extensions>
			</trkpt>
			<trkpt lat="46.8436753421" lon="8.5638464110">
				<ele>1959.1</ele>
				<extensions>
					<swisstopo:routepoint_id>1825548001</swisstopo:routepoint_id>
				</extensions>
			</trkpt>
			<trkpt lat="46.8436402959" lon="8.5637991746">
				<ele>1960.2</ele>
				<extensions>
					<swisstopo:routepoint_id>1645315939</swisstopo:routepoint_id>
				</extensions>
			</trkpt>
			<trkpt lat="46.8436117284" lon="8.5637439559">
				<ele>1961.9</ele>
				<extensions>
					<swisstopo:routepoint_id>1725291219</swisstopo:routepoint_id>
				</extensions>
			</trkpt>
			<trkpt lat="46.8435910968" lon="8.5636920402">
				<ele>1963.4</ele>
				<extensions>
					<swisstopo:routepoint_id>1214586622</swisstopo:routepoint_id>
				</extensions>
			</trkpt>
			<trkpt lat="46.8435721138" lon="8.5636364074">
				<ele>1965.1</ele>
				<extensions>
					<swisstopo:routepoint_id>1692683433</swisstopo:routepoint_id>
				</extensions>
			</trkpt>
			<trkpt lat="46.8435439354" lon="8.5635818117">
				<ele>1967.2</ele>
				<extensions>
					<swisstopo:routepoint_id>1140476244</swisstopo:routepoint_id>
				</extensions>
			</trkpt>
			<trkpt lat="46.8435231987" lon="8.5635405723">
				<ele>1968.4</ele>
				<extensions>
					<swisstopo:routepoint_id>644300174</swisstopo:routepoint_id>
				</extensions>
			</trkpt>
			<trkpt lat="46.8435123662" lon="8.5635070815">
				<ele>1969.4</ele>
				<extensions>
					<swisstopo:routepoint_id>1958801012</swisstopo:routepoint_id>
				</extensions>
			</trkpt>
			<trkpt lat="46.8435122380" lon="8.5634794736">
				<ele>1970.3</ele>
				<extensions>
					<swisstopo:routepoint_id>1403449259</swisstopo:routepoint_id>
				</extensions>
			</trkpt>
			<trkpt lat="46.8435169656" lon="8.5634463209">
				<ele>1971.6</ele>
				<extensions>
					<swisstopo:routepoint_id>1221594997</swisstopo:routepoint_id>
				</extensions>
			</trkpt>
			<trkpt lat="46.8435152473" lon="8.5634186926">
				<ele>1972.5</ele>
				<extensions>
					<swisstopo:routepoint_id>850658668</swisstopo:routepoint_id>
				</extensions>
			</trkpt>
			<trkpt lat="46.8434913682" lon="8.5633735977">
				<ele>1974.0</ele>
				<extensions>
					<swisstopo:routepoint_id>1992034314</swisstopo:routepoint_id>
				</extensions>
			</trkpt>
			<trkpt lat="46.8434655109" lon="8.5633259647">
				<ele>1975.9</ele>
				<extensions>
					<swisstopo:routepoint_id>1834046815</swisstopo:routepoint_id>
				</extensions>
			</trkpt>
			<trkpt lat="46.8434447927" lon="8.5632828309">
				<ele>1977.7</ele>
				<extensions>
					<swisstopo:routepoint_id>340113526</swisstopo:routepoint_id>
				</extensions>
			</trkpt>
			<trkpt lat="46.8434223305" lon="8.5632553455">
				<ele>1978.9</ele>
				<extensions>
					<swisstopo:routepoint_id>25447097</swisstopo:routepoint_id>
				</extensions>
			</trkpt>
			<trkpt lat="46.8434065724" lon="8.5632349269">
				<ele>1979.5</ele>
				<extensions>
					<swisstopo:routepoint_id>1063840917</swisstopo:routepoint_id>
				</extensions>
			</trkpt>
			<trkpt lat="46.8433782247" lon="8.5631966401">
				<ele>1980.6</ele>
				<extensions>
					<swisstopo:routepoint_id>31495497</swisstopo:routepoint_id>
				</extensions>
			</trkpt>
			<trkpt lat="46.8433453584" lon="8.5631720486">
				<ele>1982.0</ele>
				<extensions>
					<swisstopo:routepoint_id>1790870607</swisstopo:routepoint_id>
				</extensions>
			</trkpt>
			<trkpt lat="46.8433260432" lon="8.5631484060">
				<ele>1983.3</ele>
				<extensions>
					<swisstopo:routepoint_id>583135524</swisstopo:routepoint_id>
				</extensions>
			</trkpt>
			<trkpt lat="46.8432987421" lon="8.5631251985">
				<ele>1984.5</ele>
				<extensions>
					<swisstopo:routepoint_id>2117236102</swisstopo:routepoint_id>
				</extensions>
			</trkpt>
			<trkpt lat="46.8432685939" lon="8.5631069633">
				<ele>1984.2</ele>
				<extensions>
					<swisstopo:routepoint_id>1193910689</swisstopo:routepoint_id>
				</extensions>
			</trkpt>
			<trkpt lat="46.8432424319" lon="8.5630894132">
				<ele>1984.5</ele>
				<extensions>
					<swisstopo:routepoint_id>1201394369</swisstopo:routepoint_id>
				</extensions>
			</trkpt>
			<trkpt lat="46.8432182723" lon="8.5630719305">
				<ele>1985.8</ele>
				<extensions>
					<swisstopo:routepoint_id>1975827990</swisstopo:routepoint_id>
				</extensions>
			</trkpt>
			<trkpt lat="46.8432019641" lon="8.5630659177">
				<ele>1986.1</ele>
				<extensions>
					<swisstopo:routepoint_id>822593447</swisstopo:routepoint_id>
				</extensions>
			</trkpt>
			<trkpt lat="46.8431756953" lon="8.5630596839">
				<ele>1985.9</ele>
				<extensions>
					<swisstopo:routepoint_id>770521151</swisstopo:routepoint_id>
				</extensions>
			</trkpt>
			<trkpt lat="46.8431579664" lon="8.5630373166">
				<ele>1986.0</ele>
				<extensions>
					<swisstopo:routepoint_id>1505213773</swisstopo:routepoint_id>
				</extensions>
			</trkpt>
			<trkpt lat="46.8431413123" lon="8.5629873924">
				<ele>1986.5</ele>
				<extensions>
					<swisstopo:routepoint_id>272885274</swisstopo:routepoint_id>
				</extensions>
			</trkpt>
			<trkpt lat="46.8431267324" lon="8.5629293429">
				<ele>1987.2</ele>
				<extensions>
					<swisstopo:routepoint_id>1773124499</swisstopo:routepoint_id>
				</extensions>
			</trkpt>
			<trkpt lat="46.8431084473" lon="8.5628831234">
				<ele>1987.2</ele>
				<extensions>
					<swisstopo:routepoint_id>719340666</swisstopo:routepoint_id>
				</extensions>
			</trkpt>
			<trkpt lat="46.8430947262" lon="8.5628583560">
				<ele>1987.4</ele>
				<extensions>
					<swisstopo:routepoint_id>1640139194</swisstopo:routepoint_id>
				</extensions>
			</trkpt>
			<trkpt lat="46.8430762904" lon="8.5628265761">
				<ele>1987.4</ele>
				<extensions>
					<swisstopo:routepoint_id>1962310139</swisstopo:routepoint_id>
				</extensions>
			</trkpt>
			<trkpt lat="46.8430638300" lon="8.5627955356">
				<ele>1988.5</ele>
				<extensions>
					<swisstopo:routepoint_id>1724671214</swisstopo:routepoint_id>
				</extensions>
			</trkpt>
			<trkpt lat="46.8430333569" lon="8.5627710200">
				<ele>1989.9</ele>
				<extensions>
					<swisstopo:routepoint_id>1855113480</swisstopo:routepoint_id>
				</extensions>
			</trkpt>
			<trkpt lat="46.8430036851" lon="8.5627458810">
				<ele>1991.2</ele>
				<extensions>
					<swisstopo:routepoint_id>1031878715</swisstopo:routepoint_id>
				</extensions>
			</trkpt>
			<trkpt lat="46.8429804349" lon="8.5627158700">
				<ele>1992.2</ele>
				<extensions>
					<swisstopo:routepoint_id>1576015659</swisstopo:routepoint_id>
				</extensions>
			</trkpt>
			<trkpt lat="46.8429590995" lon="8.5626953097">
				<ele>1993.0</ele>
				<extensions>
					<swisstopo:routepoint_id>1815622726</swisstopo:routepoint_id>
				</extensions>
			</trkpt>
			<trkpt lat="46.8429556900" lon="8.5626770444">
				<ele>1993.6</ele>
				<extensions>
					<swisstopo:routepoint_id>456130467</swisstopo:routepoint_id>
				</extensions>
			</trkpt>
			<trkpt lat="46.8429565713" lon="8.5626293818">
				<ele>1995.3</ele>
				<extensions>
					<swisstopo:routepoint_id>473810049</swisstopo:routepoint_id>
				</extensions>
			</trkpt>
			<trkpt lat="46.8429621779" lon="8.5625881045">
				<ele>1997.3</ele>
				<extensions>
					<swisstopo:routepoint_id>684381283</swisstopo:routepoint_id>
				</extensions>
			</trkpt>
			<trkpt lat="46.8429507783" lon="8.5625376501">
				<ele>1997.8</ele>
				<extensions>
					<swisstopo:routepoint_id>615651847</swisstopo:routepoint_id>
				</extensions>
			</trkpt>
			<trkpt lat="46.8429269452" lon="8.5624887160">
				<ele>1998.7</ele>
				<extensions>
					<swisstopo:routepoint_id>2064467718</swisstopo:routepoint_id>
				</extensions>
			</trkpt>
			<trkpt lat="46.8429149810" lon="8.5624362525">
				<ele>1999.1</ele>
				<extensions>
					<swisstopo:routepoint_id>1584382353</swisstopo:routepoint_id>
				</extensions>
			</trkpt>
			<trkpt lat="46.8429143935" lon="8.5623726442">
				<ele>1999.9</ele>
				<extensions>
					<swisstopo:routepoint_id>1046428748</swisstopo:routepoint_id>
				</extensions>
			</trkpt>
			<trkpt lat="46.8429206546" lon="8.5623367197">
				<ele>2000.4</ele>
				<extensions>
					<swisstopo:routepoint_id>689526280</swisstopo:routepoint_id>
				</extensions>
			</trkpt>
			<trkpt lat="46.8429339519" lon="8.5623085219">
				<ele>2001.1</ele>
				<extensions>
					<swisstopo:routepoint_id>731414644</swisstopo:routepoint_id>
				</extensions>
			</trkpt>
			<trkpt lat="46.8429596068" lon="8.5622891478">
				<ele>2002.3</ele>
				<extensions>
					<swisstopo:routepoint_id>1297580047</swisstopo:routepoint_id>
				</extensions>
			</trkpt>
			<trkpt lat="46.8429904713" lon="8.5622841203">
				<ele>2002.6</ele>
				<extensions>
					<swisstopo:routepoint_id>1423853624</swisstopo:routepoint_id>
				</extensions>
			</trkpt>
			<trkpt lat="46.8430136611" lon="8.5622751297">
				<ele>2003.1</ele>
				<extensions>
					<swisstopo:routepoint_id>1691801472</swisstopo:routepoint_id>
				</extensions>
			</trkpt>
			<trkpt lat="46.8430297729" lon="8.5622631361">
				<ele>2003.4</ele>
				<extensions>
					<swisstopo:routepoint_id>1056784766</swisstopo:routepoint_id>
				</extensions>
			</trkpt>
			<trkpt lat="46.8430359174" lon="8.5622395390">
				<ele>2003.7</ele>
				<extensions>
					<swisstopo:routepoint_id>442541361</swisstopo:routepoint_id>
				</extensions>
			</trkpt>
			<trkpt lat="46.8430302406" lon="8.5622128400">
				<ele>2004.1</ele>
				<extensions>
					<swisstopo:routepoint_id>2017436892</swisstopo:routepoint_id>
				</extensions>
			</trkpt>
			<trkpt lat="46.8430128881" lon="8.5621669092">
				<ele>2004.9</ele>
				<extensions>
					<swisstopo:routepoint_id>245827839</swisstopo:routepoint_id>
				</extensions>
			</trkpt>
			<trkpt lat="46.8429895447" lon="8.5621293806">
				<ele>2005.6</ele>
				<extensions>
					<swisstopo:routepoint_id>1437590548</swisstopo:routepoint_id>
				</extensions>
			</trkpt>
			<trkpt lat="46.8429613841" lon="8.5620983967">
				<ele>2006.4</ele>
				<extensions>
					<swisstopo:routepoint_id>1866468211</swisstopo:routepoint_id>
				</extensions>
			</trkpt>
			<trkpt lat="46.8429456555" lon="8.5620695801">
				<ele>2007.0</ele>
				<extensions>
					<swisstopo:routepoint_id>902700717</swisstopo:routepoint_id>
				</extensions>
			</trkpt>
			<trkpt lat="46.8429313329" lon="8.5620170547">
				<ele>2008.1</ele>
				<extensions>
					<swisstopo:routepoint_id>1409391761</swisstopo:routepoint_id>
				</extensions>
			</trkpt>
			<trkpt lat="46.8429175889" lon="8.5619655146">
				<ele>2009.3</ele>
				<extensions>
					<swisstopo:routepoint_id>1494518839</swisstopo:routepoint_id>
				</extensions>
			</trkpt>
			<trkpt lat="46.8428834712" lon="8.5618755478">
				<ele>2011.9</ele>
				<extensions>
					<swisstopo:routepoint_id>1228755713</swisstopo:routepoint_id>
				</extensions>
			</trkpt>
			<trkpt lat="46.8428485690" lon="8.5618055001">
				<ele>2014.2</ele>
				<extensions>
					<swisstopo:routepoint_id>1360985130</swisstopo:routepoint_id>
				</extensions>
			</trkpt>
			<trkpt lat="46.8428188027" lon="8.5617555079">
				<ele>2015.8</ele>
				<extensions>
					<swisstopo:routepoint_id>2048157099</swisstopo:routepoint_id>
				</extensions>
			</trkpt>
			<trkpt lat="46.8428080185" lon="8.5617049642">
				<ele>2017.1</ele>
				<extensions>
					<swisstopo:routepoint_id>1767224787</swisstopo:routepoint_id>
				</extensions>
			</trkpt>
			<trkpt lat="46.8427905068" lon="8.5616761107">
				<ele>2018.2</ele>
				<extensions>
					<swisstopo:routepoint_id>176432121</swisstopo:routepoint_id>
				</extensions>
			</trkpt>
			<trkpt lat="46.8427577844" lon="8.5616269915">
				<ele>2019.6</ele>
				<extensions>
					<swisstopo:routepoint_id>79868728</swisstopo:routepoint_id>
				</extensions>
			</trkpt>
			<trkpt lat="46.8427415987" lon="8.5615829805">
				<ele>2021.0</ele>
				<extensions>
					<swisstopo:routepoint_id>1832399765</swisstopo:routepoint_id>
				</extensions>
			</trkpt>
			<trkpt lat="46.8427207956" lon="8.5615265175">
				<ele>2022.8</ele>
				<extensions>
					<swisstopo:routepoint_id>1624361547</swisstopo:routepoint_id>
				</extensions>
			</trkpt>
			<trkpt lat="46.8426955757" lon="8.5614984507">
				<ele>2024.2</ele>
				<extensions>
					<swisstopo:routepoint_id>1094346065</swisstopo:routepoint_id>
				</extensions>
			</trkpt>
			<trkpt lat="46.8426805523" lon="8.5614573064">
				<ele>2025.5</ele>
				<extensions>
					<swisstopo:routepoint_id>862150682</swisstopo:routepoint_id>
				</extensions>
			</trkpt>
			<trkpt lat="46.8426555471" lon="8.5614064663">
				<ele>2027.3</ele>
				<extensions>
					<swisstopo:routepoint_id>2078537433</swisstopo:routepoint_id>
				</extensions>
			</trkpt>
			<trkpt lat="46.8426456870" lon="8.5613834829">
				<ele>2028.0</ele>
				<extensions>
					<swisstopo:routepoint_id>1175381277</swisstopo:routepoint_id>
				</extensions>
			</trkpt>
			<trkpt lat="46.8426215313" lon="8.5613687157">
				<ele>2028.4</ele>
				<extensions>
					<swisstopo:routepoint_id>676245543</swisstopo:routepoint_id>
				</extensions>
			</trkpt>
			<trkpt lat="46.8425916099" lon="8.5613367482">
				<ele>2029.3</ele>
				<extensions>
					<swisstopo:routepoint_id>321900848</swisstopo:routepoint_id>
				</extensions>
			</trkpt>
			<trkpt lat="46.8425600829" lon="8.5612857594">
				<ele>2030.9</ele>
				<extensions>
					<swisstopo:routepoint_id>259909778</swisstopo:routepoint_id>
				</extensions>
			</trkpt>
			<trkpt lat="46.8425292183" lon="8.5612281394">
				<ele>2032.7</ele>
				<extensions>
					<swisstopo:routepoint_id>685774061</swisstopo:routepoint_id>
				</extensions>
			</trkpt>
			<trkpt lat="46.8425059366" lon="8.5611820730">
				<ele>2034.3</ele>
				<extensions>
					<swisstopo:routepoint_id>469607198</swisstopo:routepoint_id>
				</extensions>
			</trkpt>
			<trkpt lat="46.8424978874" lon="8.5611562722">
				<ele>2035.0</ele>
				<extensions>
					<swisstopo:routepoint_id>1315197167</swisstopo:routepoint_id>
				</extensions>
			</trkpt>
			<trkpt lat="46.8424968654" lon="8.5611382106">
				<ele>2036.0</ele>
				<extensions>
					<swisstopo:routepoint_id>1884093626</swisstopo:routepoint_id>
				</extensions>
			</trkpt>
			<trkpt lat="46.8424936488" lon="8.5611020757">
				<ele>2037.1</ele>
				<extensions>
					<swisstopo:routepoint_id>27583333</swisstopo:routepoint_id>
				</extensions>
			</trkpt>
			<trkpt lat="46.8424754689" lon="8.5610817613">
				<ele>2037.8</ele>
				<extensions>
					<swisstopo:routepoint_id>1406784229</swisstopo:routepoint_id>
				</extensions>
			</trkpt>
			<trkpt lat="46.8424615010" lon="8.5610539167">
				<ele>2038.5</ele>
				<extensions>
					<swisstopo:routepoint_id>1472669472</swisstopo:routepoint_id>
				</extensions>
			</trkpt>
			<trkpt lat="46.8424625233" lon="8.5610083828">
				<ele>2040.0</ele>
				<extensions>
					<swisstopo:routepoint_id>1188633638</swisstopo:routepoint_id>
				</extensions>
			</trkpt>
			<trkpt lat="46.8424693632" lon="8.5609734179">
				<ele>2041.4</ele>
				<extensions>
					<swisstopo:routepoint_id>39041539</swisstopo:routepoint_id>
				</extensions>
			</trkpt>
			<trkpt lat="46.8424607267" lon="8.5609456973">
				<ele>2042.3</ele>
				<extensions>
					<swisstopo:routepoint_id>1134372515</swisstopo:routepoint_id>
				</extensions>
			</trkpt>
			<trkpt lat="46.8424380136" lon="8.5609034454">
				<ele>2043.6</ele>
				<extensions>
					<swisstopo:routepoint_id>1640930527</swisstopo:routepoint_id>
				</extensions>
			</trkpt>
			<trkpt lat="46.8424233867" lon="8.5608831925">
				<ele>2044.1</ele>
				<extensions>
					<swisstopo:routepoint_id>508379299</swisstopo:routepoint_id>
				</extensions>
			</trkpt>
			<trkpt lat="46.8424226259" lon="8.5608376215">
				<ele>2044.7</ele>
				<extensions>
					<swisstopo:routepoint_id>745842234</swisstopo:routepoint_id>
				</extensions>
			</trkpt>
			<trkpt lat="46.8424060005" lon="8.5607784039">
				<ele>2045.3</ele>
				<extensions>
					<swisstopo:routepoint_id>1548655182</swisstopo:routepoint_id>
				</extensions>
			</trkpt>
			<trkpt lat="46.8423865978" lon="8.5606982585">
				<ele>2045.7</ele>
				<extensions>
					<swisstopo:routepoint_id>968229443</swisstopo:routepoint_id>
				</extensions>
			</trkpt>
			<trkpt lat="46.8423716819" lon="8.5606447871">
				<ele>2046.0</ele>
				<extensions>
					<swisstopo:routepoint_id>830199886</swisstopo:routepoint_id>
				</extensions>
			</trkpt>
			<trkpt lat="46.8423601040" lon="8.5605515021">
				<ele>2046.3</ele>
				<extensions>
					<swisstopo:routepoint_id>704207329</swisstopo:routepoint_id>
				</extensions>
			</trkpt>
			<trkpt lat="46.8423563409" lon="8.5604470105">
				<ele>2046.1</ele>
				<extensions>
					<swisstopo:routepoint_id>11669258</swisstopo:routepoint_id>
				</extensions>
			</trkpt>
			<trkpt lat="46.8423439878" lon="8.5603727229">
				<ele>2045.7</ele>
				<extensions>
					<swisstopo:routepoint_id>1296131718</swisstopo:routepoint_id>
				</extensions>
			</trkpt>
			<trkpt lat="46.8423471577" lon="8.5602873506">
				<ele>2045.5</ele>
				<extensions>
					<swisstopo:routepoint_id>26909484</swisstopo:routepoint_id>
				</extensions>
			</trkpt>
			<trkpt lat="46.8423430959" lon="8.5602141832">
				<ele>2044.9</ele>
				<extensions>
					<swisstopo:routepoint_id>374760305</swisstopo:routepoint_id>
				</extensions>
			</trkpt>
			<trkpt lat="46.8423322039" lon="8.5601104905">
				<ele>2044.1</ele>
				<extensions>
					<swisstopo:routepoint_id>758100508</swisstopo:routepoint_id>
				</extensions>
			</trkpt>
			<trkpt lat="46.8423199527" lon="8.5600266920">
				<ele>2043.9</ele>
				<extensions>
					<swisstopo:routepoint_id>1537028553</swisstopo:routepoint_id>
				</extensions>
			</trkpt>
			<trkpt lat="46.8423119418" lon="8.5599848879">
				<ele>2043.7</ele>
				<extensions>
					<swisstopo:routepoint_id>399382604</swisstopo:routepoint_id>
				</extensions>
			</trkpt>
			<trkpt lat="46.8422976464" lon="8.5599805441">
				<ele>2043.5</ele>
				<extensions>
					<swisstopo:routepoint_id>418864210</swisstopo:routepoint_id>
				</extensions>
			</trkpt>
			<trkpt lat="46.8422793998" lon="8.5599329700">
				<ele>2042.3</ele>
				<extensions>
					<swisstopo:routepoint_id>554304928</swisstopo:routepoint_id>
				</extensions>
			</trkpt>
			<trkpt lat="46.8422771296" lon="8.5599238190">
				<ele>2042.2</ele>
				<extensions>
					<swisstopo:routepoint_id>1247482427</swisstopo:routepoint_id>
				</extensions>
			</trkpt>
			<trkpt lat="46.8422583941" lon="8.5598482466">
				<ele>2041.3</ele>
				<extensions>
					<swisstopo:routepoint_id>1738867171</swisstopo:routepoint_id>
				</extensions>
			</trkpt>
			<trkpt lat="46.8422494528" lon="8.5598049892">
				<ele>2040.7</ele>
				<extensions>
					<swisstopo:routepoint_id>839189860</swisstopo:routepoint_id>
				</extensions>
			</trkpt>
			<trkpt lat="46.8422517973" lon="8.5597670243">
				<ele>2040.4</ele>
				<extensions>
					<swisstopo:routepoint_id>936755031</swisstopo:routepoint_id>
				</extensions>
			</trkpt>
			<trkpt lat="46.8422520441" lon="8.5597418321">
				<ele>2040.3</ele>
				<extensions>
					<swisstopo:routepoint_id>1684872739</swisstopo:routepoint_id>
				</extensions>
			</trkpt>
			<trkpt lat="46.8422407849" lon="8.5597212910">
				<ele>2040.1</ele>
				<extensions>
					<swisstopo:routepoint_id>579168249</swisstopo:routepoint_id>
				</extensions>
			</trkpt>
			<trkpt lat="46.8422185722" lon="8.5596799082">
				<ele>2039.3</ele>
				<extensions>
					<swisstopo:routepoint_id>1092750599</swisstopo:routepoint_id>
				</extensions>
			</trkpt>
			<trkpt lat="46.8421875392" lon="8.5596299938">
				<ele>2038.3</ele>
				<extensions>
					<swisstopo:routepoint_id>744727045</swisstopo:routepoint_id>
				</extensions>
			</trkpt>
			<trkpt lat="46.8421736001" lon="8.5595906527">
				<ele>2037.6</ele>
				<extensions>
					<swisstopo:routepoint_id>1221044711</swisstopo:routepoint_id>
				</extensions>
			</trkpt>
			<trkpt lat="46.8421609259" lon="8.5595392258">
				<ele>2036.9</ele>
				<extensions>
					<swisstopo:routepoint_id>1173796979</swisstopo:routepoint_id>
				</extensions>
			</trkpt>
			<trkpt lat="46.8421550294" lon="8.5594479290">
				<ele>2035.9</ele>
				<extensions>
					<swisstopo:routepoint_id>1915261866</swisstopo:routepoint_id>
				</extensions>
			</trkpt>
			<trkpt lat="46.8421484198" lon="8.5593733645">
				<ele>2035.5</ele>
				<extensions>
					<swisstopo:routepoint_id>1415968439</swisstopo:routepoint_id>
				</extensions>
			</trkpt>
			<trkpt lat="46.8421403915" lon="8.5593359903">
				<ele>2035.6</ele>
				<extensions>
					<swisstopo:routepoint_id>1342085840</swisstopo:routepoint_id>
				</extensions>
			</trkpt>
			<trkpt lat="46.8421310386" lon="8.5593181266">
				<ele>2035.8</ele>
				<extensions>
					<swisstopo:routepoint_id>917235658</swisstopo:routepoint_id>
				</extensions>
			</trkpt>
			<trkpt lat="46.8421097664" lon="8.5593121270">
				<ele>2036.0</ele>
				<extensions>
					<swisstopo:routepoint_id>917338153</swisstopo:routepoint_id>
				</extensions>
			</trkpt>
			<trkpt lat="46.8420891092" lon="8.5593052055">
				<ele>2035.7</ele>
				<extensions>
					<swisstopo:routepoint_id>2082629458</swisstopo:routepoint_id>
				</extensions>
			</trkpt>
			<trkpt lat="46.8420733077" lon="8.5592779250">
				<ele>2034.6</ele>
				<extensions>
					<swisstopo:routepoint_id>1577867002</swisstopo:routepoint_id>
				</extensions>
			</trkpt>
			<trkpt lat="46.8420559455" lon="8.5592189747">
				<ele>2033.3</ele>
				<extensions>
					<swisstopo:routepoint_id>963631347</swisstopo:routepoint_id>
				</extensions>
			</trkpt>
			<trkpt lat="46.8420368043" lon="8.5591608964">
				<ele>2032.4</ele>
				<extensions>
					<swisstopo:routepoint_id>670866471</swisstopo:routepoint_id>
				</extensions>
			</trkpt>
			<trkpt lat="46.8420246487" lon="8.5591197233">
				<ele>2031.5</ele>
				<extensions>
					<swisstopo:routepoint_id>1660707790</swisstopo:routepoint_id>
				</extensions>
			</trkpt>
			<trkpt lat="46.8420184873" lon="8.5590684451">
				<ele>2030.8</ele>
				<extensions>
					<swisstopo:routepoint_id>1429369476</swisstopo:routepoint_id>
				</extensions>
			</trkpt>
			<trkpt lat="46.8420085414" lon="8.5590514910">
				<ele>2030.1</ele>
				<extensions>
					<swisstopo:routepoint_id>1176748157</swisstopo:routepoint_id>
				</extensions>
			</trkpt>
			<trkpt lat="46.8419932495" lon="8.5590363079">
				<ele>2029.5</ele>
				<extensions>
					<swisstopo:routepoint_id>193646366</swisstopo:routepoint_id>
				</extensions>
			</trkpt>
			<trkpt lat="46.8419904375" lon="8.5590148546">
				<ele>2029.0</ele>
				<extensions>
					<swisstopo:routepoint_id>887651725</swisstopo:routepoint_id>
				</extensions>
			</trkpt>
			<trkpt lat="46.8419962008" lon="8.5589498305">
				<ele>2027.8</ele>
				<extensions>
					<swisstopo:routepoint_id>221611489</swisstopo:routepoint_id>
				</extensions>
			</trkpt>
			<trkpt lat="46.8420020613" lon="8.5588699436">
				<ele>2026.7</ele>
				<extensions>
					<swisstopo:routepoint_id>1448833146</swisstopo:routepoint_id>
				</extensions>
			</trkpt>
			<trkpt lat="46.8420004816" lon="8.5588410643">
				<ele>2026.5</ele>
				<extensions>
					<swisstopo:routepoint_id>1182754654</swisstopo:routepoint_id>
				</extensions>
			</trkpt>
			<trkpt lat="46.8419894561" lon="8.5588082885">
				<ele>2025.7</ele>
				<extensions>
					<swisstopo:routepoint_id>2112160852</swisstopo:routepoint_id>
				</extensions>
			</trkpt>
			<trkpt lat="46.8419618372" lon="8.5587779712">
				<ele>2024.5</ele>
				<extensions>
					<swisstopo:routepoint_id>1521009699</swisstopo:routepoint_id>
				</extensions>
			</trkpt>
			<trkpt lat="46.8419236971" lon="8.5587297661">
				<ele>2023.2</ele>
				<extensions>
					<swisstopo:routepoint_id>919673994</swisstopo:routepoint_id>
				</extensions>
			</trkpt>
			<trkpt lat="46.8418873272" lon="8.5586806760">
				<ele>2022.5</ele>
				<extensions>
					<swisstopo:routepoint_id>737816996</swisstopo:routepoint_id>
				</extensions>
			</trkpt>
			<trkpt lat="46.8418604215" lon="8.5586327049">
				<ele>2021.8</ele>
				<extensions>
					<swisstopo:routepoint_id>1548271385</swisstopo:routepoint_id>
				</extensions>
			</trkpt>
			<trkpt lat="46.8418211416" lon="8.5585779593">
				<ele>2021.1</ele>
				<extensions>
					<swisstopo:routepoint_id>547089056</swisstopo:routepoint_id>
				</extensions>
			</trkpt>
			<trkpt lat="46.8417901729" lon="8.5585187391">
				<ele>2021.1</ele>
				<extensions>
					<swisstopo:routepoint_id>1175801250</swisstopo:routepoint_id>
				</extensions>
			</trkpt>
			<trkpt lat="46.8417679600" lon="8.5584764480">
				<ele>2021.0</ele>
				<extensions>
					<swisstopo:routepoint_id>1940816619</swisstopo:routepoint_id>
				</extensions>
			</trkpt>
			<trkpt lat="46.8417280920" lon="8.5584207685">
				<ele>2020.7</ele>
				<extensions>
					<swisstopo:routepoint_id>1581436213</swisstopo:routepoint_id>
				</extensions>
			</trkpt>
			<trkpt lat="46.8416863015" lon="8.5583864565">
				<ele>2020.2</ele>
				<extensions>
					<swisstopo:routepoint_id>1506284207</swisstopo:routepoint_id>
				</extensions>
			</trkpt>
			<trkpt lat="46.8416639681" lon="8.5583627537">
				<ele>2020.1</ele>
				<extensions>
					<swisstopo:routepoint_id>744112784</swisstopo:routepoint_id>
				</extensions>
			</trkpt>
			<trkpt lat="46.8416394756" lon="8.5583083161">
				<ele>2019.7</ele>
				<extensions>
					<swisstopo:routepoint_id>134844967</swisstopo:routepoint_id>
				</extensions>
			</trkpt>
			<trkpt lat="46.8416207875" lon="8.5582716553">
				<ele>2019.3</ele>
				<extensions>
					<swisstopo:routepoint_id>289158704</swisstopo:routepoint_id>
				</extensions>
			</trkpt>
			<trkpt lat="46.8415874332" lon="8.5582142424">
				<ele>2018.6</ele>
				<extensions>
					<swisstopo:routepoint_id>699191984</swisstopo:routepoint_id>
				</extensions>
			</trkpt>
			<trkpt lat="46.8415617314" lon="8.5581635184">
				<ele>2018.7</ele>
				<extensions>
					<swisstopo:routepoint_id>1989086519</swisstopo:routepoint_id>
				</extensions>
			</trkpt>
			<trkpt lat="46.8415290439" lon="8.5580958769">
				<ele>2017.9</ele>
				<extensions>
					<swisstopo:routepoint_id>460740622</swisstopo:routepoint_id>
				</extensions>
			</trkpt>
			<trkpt lat="46.8415116762" lon="8.5580378492">
				<ele>2017.8</ele>
				<extensions>
					<swisstopo:routepoint_id>2099340576</swisstopo:routepoint_id>
				</extensions>
			</trkpt>
			<trkpt lat="46.8414912234" lon="8.5579983736">
				<ele>2017.7</ele>
				<extensions>
					<swisstopo:routepoint_id>38967952</swisstopo:routepoint_id>
				</extensions>
			</trkpt>
			<trkpt lat="46.8414719652" lon="8.5579589228">
				<ele>2017.8</ele>
				<extensions>
					<swisstopo:routepoint_id>428170207</swisstopo:routepoint_id>
				</extensions>
			</trkpt>
			<trkpt lat="46.8414667863" lon="8.5579355642">
				<ele>2017.5</ele>
				<extensions>
					<swisstopo:routepoint_id>1415496639</swisstopo:routepoint_id>
				</extensions>
			</trkpt>
			<trkpt lat="46.8414712331" lon="8.5578909858">
				<ele>2017.6</ele>
				<extensions>
					<swisstopo:routepoint_id>863575295</swisstopo:routepoint_id>
				</extensions>
			</trkpt>
			<trkpt lat="46.8414786036" lon="8.5578501939">
				<ele>2017.0</ele>
				<extensions>
					<swisstopo:routepoint_id>1641042188</swisstopo:routepoint_id>
				</extensions>
			</trkpt>
			<trkpt lat="46.8414683419" lon="8.5577923141">
				<ele>2016.6</ele>
				<extensions>
					<swisstopo:routepoint_id>211817781</swisstopo:routepoint_id>
				</extensions>
			</trkpt>
			<trkpt lat="46.8414557645" lon="8.5577250783">
				<ele>2016.4</ele>
				<extensions>
					<swisstopo:routepoint_id>814822100</swisstopo:routepoint_id>
				</extensions>
			</trkpt>
			<trkpt lat="46.8414394252" lon="8.5576903358">
				<ele>2016.5</ele>
				<extensions>
					<swisstopo:routepoint_id>177908732</swisstopo:routepoint_id>
				</extensions>
			</trkpt>
			<trkpt lat="46.8414260087" lon="8.5576621584">
				<ele>2016.8</ele>
				<extensions>
					<swisstopo:routepoint_id>1198395135</swisstopo:routepoint_id>
				</extensions>
			</trkpt>
			<trkpt lat="46.8414238452" lon="8.5576314110">
				<ele>2017.0</ele>
				<extensions>
					<swisstopo:routepoint_id>2106411990</swisstopo:routepoint_id>
				</extensions>
			</trkpt>
			<trkpt lat="46.8414181746" lon="8.5575950084">
				<ele>2016.7</ele>
				<extensions>
					<swisstopo:routepoint_id>1575568500</swisstopo:routepoint_id>
				</extensions>
			</trkpt>
			<trkpt lat="46.8413976246" lon="8.5575694866">
				<ele>2016.5</ele>
				<extensions>
					<swisstopo:routepoint_id>1750202837</swisstopo:routepoint_id>
				</extensions>
			</trkpt>
			<trkpt lat="46.8413706443" lon="8.5575326794">
				<ele>2016.3</ele>
				<extensions>
					<swisstopo:routepoint_id>451143421</swisstopo:routepoint_id>
				</extensions>
			</trkpt>
			<trkpt lat="46.8413614205" lon="8.5574962157">
				<ele>2016.1</ele>
				<extensions>
					<swisstopo:routepoint_id>333514813</swisstopo:routepoint_id>
				</extensions>
			</trkpt>
			<trkpt lat="46.8413527616" lon="8.5574644116">
				<ele>2016.1</ele>
				<extensions>
					<swisstopo:routepoint_id>268982364</swisstopo:routepoint_id>
				</extensions>
			</trkpt>
			<trkpt lat="46.8413357742" lon="8.5574370945">
				<ele>2016.0</ele>
				<extensions>
					<swisstopo:routepoint_id>1396193419</swisstopo:routepoint_id>
				</extensions>
			</trkpt>
			<trkpt lat="46.8413040823" lon="8.5573973984">
				<ele>2015.8</ele>
				<extensions>
					<swisstopo:routepoint_id>1039645573</swisstopo:routepoint_id>
				</extensions>
			</trkpt>
			<trkpt lat="46.8412800948" lon="8.5573550585">
				<ele>2015.0</ele>
				<extensions>
					<swisstopo:routepoint_id>1003464552</swisstopo:routepoint_id>
				</extensions>
			</trkpt>
			<trkpt lat="46.8412703240" lon="8.5573120795">
				<ele>2015.1</ele>
				<extensions>
					<swisstopo:routepoint_id>956314100</swisstopo:routepoint_id>
				</extensions>
			</trkpt>
			<trkpt lat="46.8412464933" lon="8.5572474140">
				<ele>2015.2</ele>
				<extensions>
					<swisstopo:routepoint_id>1926620738</swisstopo:routepoint_id>
				</extensions>
			</trkpt>
			<trkpt lat="46.8412196792" lon="8.5571864123">
				<ele>2014.6</ele>
				<extensions>
					<swisstopo:routepoint_id>59145836</swisstopo:routepoint_id>
				</extensions>
			</trkpt>
			<trkpt lat="46.8411876117" lon="8.5571141499">
				<ele>2013.9</ele>
				<extensions>
					<swisstopo:routepoint_id>2078489655</swisstopo:routepoint_id>
				</extensions>
			</trkpt>
			<trkpt lat="46.8411643973" lon="8.5570448370">
				<ele>2013.6</ele>
				<extensions>
					<swisstopo:routepoint_id>76532023</swisstopo:routepoint_id>
				</extensions>
			</trkpt>
			<trkpt lat="46.8411440274" lon="8.5569932646">
				<ele>2013.4</ele>
				<extensions>
					<swisstopo:routepoint_id>950636929</swisstopo:routepoint_id>
				</extensions>
			</trkpt>
			<trkpt lat="46.8411318200" lon="8.5569604650">
				<ele>2013.3</ele>
				<extensions>
					<swisstopo:routepoint_id>906479421</swisstopo:routepoint_id>
				</extensions>
			</trkpt>
			<trkpt lat="46.8411077997" lon="8.5569237070">
				<ele>2012.7</ele>
				<extensions>
					<swisstopo:routepoint_id>1532948640</swisstopo:routepoint_id>
				</extensions>
			</trkpt>
			<trkpt lat="46.8410866982" lon="8.5568925918">
				<ele>2012.8</ele>
				<extensions>
					<swisstopo:routepoint_id>908047346</swisstopo:routepoint_id>
				</extensions>
			</trkpt>
			<trkpt lat="46.8410639929" lon="8.5568372581">
				<ele>2013.7</ele>
				<extensions>
					<swisstopo:routepoint_id>1340394568</swisstopo:routepoint_id>
				</extensions>
			</trkpt>
			<trkpt lat="46.8410524482" lon="8.5567923732">
				<ele>2013.3</ele>
				<extensions>
					<swisstopo:routepoint_id>1017665268</swisstopo:routepoint_id>
				</extensions>
			</trkpt>
			<trkpt lat="46.8410432609" lon="8.5567512632">
				<ele>2013.3</ele>
				<extensions>
					<swisstopo:routepoint_id>1073738487</swisstopo:routepoint_id>
				</extensions>
			</trkpt>
			<trkpt lat="46.8410323643" lon="8.5566989404">
				<ele>2013.6</ele>
				<extensions>
					<swisstopo:routepoint_id>1979909136</swisstopo:routepoint_id>
				</extensions>
			</trkpt>
			<trkpt lat="46.8409972053" lon="8.5566265502">
				<ele>2013.7</ele>
				<extensions>
					<swisstopo:routepoint_id>812882929</swisstopo:routepoint_id>
				</extensions>
			</trkpt>
			<trkpt lat="46.8409493054" lon="8.5565476092">
				<ele>2012.7</ele>
				<extensions>
					<swisstopo:routepoint_id>355385548</swisstopo:routepoint_id>
				</extensions>
			</trkpt>
			<trkpt lat="46.8409059208" lon="8.5564911804">
				<ele>2012.2</ele>
				<extensions>
					<swisstopo:routepoint_id>1895280557</swisstopo:routepoint_id>
				</extensions>
			</trkpt>
			<trkpt lat="46.8408860672" lon="8.5564469681">
				<ele>2011.6</ele>
				<extensions>
					<swisstopo:routepoint_id>2014073453</swisstopo:routepoint_id>
				</extensions>
			</trkpt>
			<trkpt lat="46.8408790872" lon="8.5563997842">
				<ele>2011.5</ele>
				<extensions>
					<swisstopo:routepoint_id>1178060678</swisstopo:routepoint_id>
				</extensions>
			</trkpt>
			<trkpt lat="46.8408659345" lon="8.5563621000">
				<ele>2011.6</ele>
				<extensions>
					<swisstopo:routepoint_id>1081797740</swisstopo:routepoint_id>
				</extensions>
			</trkpt>
			<trkpt lat="46.8408320413" lon="8.5563026550">
				<ele>2011.7</ele>
				<extensions>
					<swisstopo:routepoint_id>1670570774</swisstopo:routepoint_id>
				</extensions>
			</trkpt>
			<trkpt lat="46.8408063034" lon="8.5562380021">
				<ele>2011.5</ele>
				<extensions>
					<swisstopo:routepoint_id>915338605</swisstopo:routepoint_id>
				</extensions>
			</trkpt>
			<trkpt lat="46.8407718755" lon="8.5561635791">
				<ele>2012.1</ele>
				<extensions>
					<swisstopo:routepoint_id>1906174593</swisstopo:routepoint_id>
				</extensions>
			</trkpt>
			<trkpt lat="46.8407600189" lon="8.5561312738">
				<ele>2012.0</ele>
				<extensions>
					<swisstopo:routepoint_id>2126003397</swisstopo:routepoint_id>
				</extensions>
			</trkpt>
			<trkpt lat="46.8407463152" lon="8.5560807496">
				<ele>2011.8</ele>
				<extensions>
					<swisstopo:routepoint_id>917793393</swisstopo:routepoint_id>
				</extensions>
			</trkpt>
			<trkpt lat="46.8407251403" lon="8.5560332966">
				<ele>2012.1</ele>
				<extensions>
					<swisstopo:routepoint_id>217524541</swisstopo:routepoint_id>
				</extensions>
			</trkpt>
			<trkpt lat="46.8406966759" lon="8.5559707383">
				<ele>2011.5</ele>
				<extensions>
					<swisstopo:routepoint_id>996899205</swisstopo:routepoint_id>
				</extensions>
			</trkpt>
			<trkpt lat="46.8406602440" lon="8.5558941360">
				<ele>2010.8</ele>
				<extensions>
					<swisstopo:routepoint_id>2135787830</swisstopo:routepoint_id>
				</extensions>
			</trkpt>
			<trkpt lat="46.8406331159" lon="8.5558337309">
				<ele>2010.6</ele>
				<extensions>
					<swisstopo:routepoint_id>2048203199</swisstopo:routepoint_id>
				</extensions>
			</trkpt>
			<trkpt lat="46.8406301729" lon="8.5557887563">
				<ele>2010.5</ele>
				<extensions>
					<swisstopo:routepoint_id>868596094</swisstopo:routepoint_id>
				</extensions>
			</trkpt>
			<trkpt lat="46.8406096427" lon="8.5557445306">
				<ele>2010.5</ele>
				<extensions>
					<swisstopo:routepoint_id>2027428549</swisstopo:routepoint_id>
				</extensions>
			</trkpt>
			<trkpt lat="46.8405803748" lon="8.5556958600">
				<ele>2010.3</ele>
				<extensions>
					<swisstopo:routepoint_id>246211753</swisstopo:routepoint_id>
				</extensions>
			</trkpt>
			<trkpt lat="46.8405674326" lon="8.5556357240">
				<ele>2009.9</ele>
				<extensions>
					<swisstopo:routepoint_id>1200699116</swisstopo:routepoint_id>
				</extensions>
			</trkpt>
			<trkpt lat="46.8405517205" lon="8.5555830203">
				<ele>2009.9</ele>
				<extensions>
					<swisstopo:routepoint_id>220863476</swisstopo:routepoint_id>
				</extensions>
			</trkpt>
			<trkpt lat="46.8405458987" lon="8.5555561793">
				<ele>2010.0</ele>
				<extensions>
					<swisstopo:routepoint_id>1377280127</swisstopo:routepoint_id>
				</extensions>
			</trkpt>
			<trkpt lat="46.8405461720" lon="8.5555273011">
				<ele>2010.2</ele>
				<extensions>
					<swisstopo:routepoint_id>1367765945</swisstopo:routepoint_id>
				</extensions>
			</trkpt>
			<trkpt lat="46.8405417863" lon="8.5554919375">
				<ele>2010.5</ele>
				<extensions>
					<swisstopo:routepoint_id>1773700736</swisstopo:routepoint_id>
				</extensions>
			</trkpt>
			<trkpt lat="46.8405234374" lon="8.5554317020">
				<ele>2011.0</ele>
				<extensions>
					<swisstopo:routepoint_id>177710238</swisstopo:routepoint_id>
				</extensions>
			</trkpt>
			<trkpt lat="46.8405037593" lon="8.5553703764">
				<ele>2010.5</ele>
				<extensions>
					<swisstopo:routepoint_id>1299719246</swisstopo:routepoint_id>
				</extensions>
			</trkpt>
			<trkpt lat="46.8404892345" lon="8.5553337398">
				<ele>2009.6</ele>
				<extensions>
					<swisstopo:routepoint_id>153021815</swisstopo:routepoint_id>
				</extensions>
			</trkpt>
			<trkpt lat="46.8404702553" lon="8.5552692152">
				<ele>2010.1</ele>
				<extensions>
					<swisstopo:routepoint_id>936203112</swisstopo:routepoint_id>
				</extensions>
			</trkpt>
			<trkpt lat="46.8404491096" lon="8.5552196253">
				<ele>2009.9</ele>
				<extensions>
					<swisstopo:routepoint_id>1078972340</swisstopo:routepoint_id>
				</extensions>
			</trkpt>
			<trkpt lat="46.8404197102" lon="8.5551848567">
				<ele>2009.7</ele>
				<extensions>
					<swisstopo:routepoint_id>310680771</swisstopo:routepoint_id>
				</extensions>
			</trkpt>
			<trkpt lat="46.8403916337" lon="8.5551522665">
				<ele>2009.5</ele>
				<extensions>
					<swisstopo:routepoint_id>2083743321</swisstopo:routepoint_id>
				</extensions>
			</trkpt>
			<trkpt lat="46.8403749005" lon="8.5551348400">
				<ele>2009.7</ele>
				<extensions>
					<swisstopo:routepoint_id>1489064716</swisstopo:routepoint_id>
				</extensions>
			</trkpt>
			<trkpt lat="46.8402961917" lon="8.5550970256">
				<ele>2010.2</ele>
				<extensions>
					<swisstopo:routepoint_id>459049820</swisstopo:routepoint_id>
				</extensions>
			</trkpt>
			<trkpt lat="46.8402370004" lon="8.5550681431">
				<ele>2009.4</ele>
				<extensions>
					<swisstopo:routepoint_id>235513263</swisstopo:routepoint_id>
				</extensions>
			</trkpt>
			<trkpt lat="46.8401952683" lon="8.5550502493">
				<ele>2009.0</ele>
				<extensions>
					<swisstopo:routepoint_id>94055065</swisstopo:routepoint_id>
				</extensions>
			</trkpt>
			<trkpt lat="46.8401475410" lon="8.5550237172">
				<ele>2008.8</ele>
				<extensions>
					<swisstopo:routepoint_id>995614127</swisstopo:routepoint_id>
				</extensions>
			</trkpt>
			<trkpt lat="46.8400837198" lon="8.5549840354">
				<ele>2009.1</ele>
				<extensions>
					<swisstopo:routepoint_id>1044221573</swisstopo:routepoint_id>
				</extensions>
			</trkpt>
			<trkpt lat="46.8400641331" lon="8.5549826178">
				<ele>2009.3</ele>
				<extensions>
					<swisstopo:routepoint_id>1284949115</swisstopo:routepoint_id>
				</extensions>
			</trkpt>
			<trkpt lat="46.8400403618" lon="8.5549950044">
				<ele>2009.6</ele>
				<extensions>
					<swisstopo:routepoint_id>202852472</swisstopo:routepoint_id>
				</extensions>
			</trkpt>
			<trkpt lat="46.8400182517" lon="8.5549753541">
				<ele>2009.7</ele>
				<extensions>
					<swisstopo:routepoint_id>419874702</swisstopo:routepoint_id>
				</extensions>
			</trkpt>
			<trkpt lat="46.8399828544" lon="8.5549308593">
				<ele>2009.5</ele>
				<extensions>
					<swisstopo:routepoint_id>978256362</swisstopo:routepoint_id>
				</extensions>
			</trkpt>
			<trkpt lat="46.8399514466" lon="8.5548939113">
				<ele>2008.9</ele>
				<extensions>
					<swisstopo:routepoint_id>1399941042</swisstopo:routepoint_id>
				</extensions>
			</trkpt>
			<trkpt lat="46.8399010141" lon="8.5548673233">
				<ele>2008.7</ele>
				<extensions>
					<swisstopo:routepoint_id>1986189430</swisstopo:routepoint_id>
				</extensions>
			</trkpt>
			<trkpt lat="46.8398229352" lon="8.5548337990">
				<ele>2008.0</ele>
				<extensions>
					<swisstopo:routepoint_id>843421090</swisstopo:routepoint_id>
				</extensions>
			</trkpt>
			<trkpt lat="46.8397953873" lon="8.5548172496">
				<ele>2007.8</ele>
				<extensions>
					<swisstopo:routepoint_id>1280720653</swisstopo:routepoint_id>
				</extensions>
			</trkpt>
			<trkpt lat="46.8397707180" lon="8.5547825669">
				<ele>2007.2</ele>
				<extensions>
					<swisstopo:routepoint_id>773487192</swisstopo:routepoint_id>
				</extensions>
			</trkpt>
			<trkpt lat="46.8397403602" lon="8.5547766753">
				<ele>2006.5</ele>
				<extensions>
					<swisstopo:routepoint_id>1301160199</swisstopo:routepoint_id>
				</extensions>
			</trkpt>
			<trkpt lat="46.8396909568" lon="8.5547832556">
				<ele>2006.5</ele>
				<extensions>
					<swisstopo:routepoint_id>1607847200</swisstopo:routepoint_id>
				</extensions>
			</trkpt>
			<trkpt lat="46.8396682605" lon="8.5548245481">
				<ele>2006.3</ele>
				<extensions>
					<swisstopo:routepoint_id>1613487467</swisstopo:routepoint_id>
				</extensions>
			</trkpt>
			<trkpt lat="46.8396368014" lon="8.5548635462">
				<ele>2006.5</ele>
				<extensions>
					<swisstopo:routepoint_id>1351041714</swisstopo:routepoint_id>
				</extensions>
			</trkpt>
			<trkpt lat="46.8396121762" lon="8.5548941081">
				<ele>2006.8</ele>
				<extensions>
					<swisstopo:routepoint_id>2066044751</swisstopo:routepoint_id>
				</extensions>
			</trkpt>
			<trkpt lat="46.8395993174" lon="8.5548960180">
				<ele>2006.7</ele>
				<extensions>
					<swisstopo:routepoint_id>2036571691</swisstopo:routepoint_id>
				</extensions>
			</trkpt>
			<trkpt lat="46.8395826470" lon="8.5548721788">
				<ele>2006.2</ele>
				<extensions>
					<swisstopo:routepoint_id>2043853008</swisstopo:routepoint_id>
				</extensions>
			</trkpt>
			<trkpt lat="46.8395558797" lon="8.5548449553">
				<ele>2005.4</ele>
				<extensions>
					<swisstopo:routepoint_id>488342885</swisstopo:routepoint_id>
				</extensions>
			</trkpt>
			<trkpt lat="46.8395363516" lon="8.5548370989">
				<ele>2004.9</ele>
				<extensions>
					<swisstopo:routepoint_id>559675535</swisstopo:routepoint_id>
				</extensions>
			</trkpt>
			<trkpt lat="46.8395127679" lon="8.5548302595">
				<ele>2004.2</ele>
				<extensions>
					<swisstopo:routepoint_id>309627688</swisstopo:routepoint_id>
				</extensions>
			</trkpt>
			<trkpt lat="46.8394906205" lon="8.5548148721">
				<ele>2003.9</ele>
				<extensions>
					<swisstopo:routepoint_id>737141833</swisstopo:routepoint_id>
				</extensions>
			</trkpt>
			<trkpt lat="46.8394599828" lon="8.5547737540">
				<ele>2004.0</ele>
				<extensions>
					<swisstopo:routepoint_id>1959573175</swisstopo:routepoint_id>
				</extensions>
			</trkpt>
			<trkpt lat="46.8394359721" lon="8.5547440399">
				<ele>2004.5</ele>
				<extensions>
					<swisstopo:routepoint_id>60936621</swisstopo:routepoint_id>
				</extensions>
			</trkpt>
			<trkpt lat="46.8394036115" lon="8.5547120145">
				<ele>2005.2</ele>
				<extensions>
					<swisstopo:routepoint_id>1633583588</swisstopo:routepoint_id>
				</extensions>
			</trkpt>
			<trkpt lat="46.8393839323" lon="8.5546930680">
				<ele>2005.5</ele>
				<extensions>
					<swisstopo:routepoint_id>1492871127</swisstopo:routepoint_id>
				</extensions>
			</trkpt>
			<trkpt lat="46.8393770144" lon="8.5546772539">
				<ele>2005.8</ele>
				<extensions>
					<swisstopo:routepoint_id>491248885</swisstopo:routepoint_id>
				</extensions>
			</trkpt>
			<trkpt lat="46.8393792127" lon="8.5546266385">
				<ele>2006.4</ele>
				<extensions>
					<swisstopo:routepoint_id>534759940</swisstopo:routepoint_id>
				</extensions>
			</trkpt>
			<trkpt lat="46.8393821783" lon="8.5545910184">
				<ele>2007.0</ele>
				<extensions>
					<swisstopo:routepoint_id>1231509618</swisstopo:routepoint_id>
				</extensions>
			</trkpt>
			<trkpt lat="46.8393728806" lon="8.5545444665">
				<ele>2007.8</ele>
				<extensions>
					<swisstopo:routepoint_id>527393141</swisstopo:routepoint_id>
				</extensions>
			</trkpt>
			<trkpt lat="46.8393569829" lon="8.5544963439">
				<ele>2008.6</ele>
				<extensions>
					<swisstopo:routepoint_id>1692898092</swisstopo:routepoint_id>
				</extensions>
			</trkpt>
			<trkpt lat="46.8393546934" lon="8.5544563515">
				<ele>2009.4</ele>
				<extensions>
					<swisstopo:routepoint_id>1401133521</swisstopo:routepoint_id>
				</extensions>
			</trkpt>
			<trkpt lat="46.8393492426" lon="8.5544234248">
				<ele>2010.1</ele>
				<extensions>
					<swisstopo:routepoint_id>1557638293</swisstopo:routepoint_id>
				</extensions>
			</trkpt>
			<trkpt lat="46.8393354261" lon="8.5543889036">
				<ele>2011.0</ele>
				<extensions>
					<swisstopo:routepoint_id>1842453998</swisstopo:routepoint_id>
				</extensions>
			</trkpt>
			<trkpt lat="46.8393084975" lon="8.5543412821">
				<ele>2012.3</ele>
				<extensions>
					<swisstopo:routepoint_id>788981168</swisstopo:routepoint_id>
				</extensions>
			</trkpt>
			<trkpt lat="46.8392941858" lon="8.5543124735">
				<ele>2012.8</ele>
				<extensions>
					<swisstopo:routepoint_id>1021082335</swisstopo:routepoint_id>
				</extensions>
			</trkpt>
			<trkpt lat="46.8392786073" lon="8.5542793498">
				<ele>2013.1</ele>
				<extensions>
					<swisstopo:routepoint_id>551018657</swisstopo:routepoint_id>
				</extensions>
			</trkpt>
			<trkpt lat="46.8392599957" lon="8.5542383277">
				<ele>2014.1</ele>
				<extensions>
					<swisstopo:routepoint_id>1485651418</swisstopo:routepoint_id>
				</extensions>
			</trkpt>
			<trkpt lat="46.8392382315" lon="8.5542043588">
				<ele>2015.0</ele>
				<extensions>
					<swisstopo:routepoint_id>84290913</swisstopo:routepoint_id>
				</extensions>
			</trkpt>
			<trkpt lat="46.8392238230" lon="8.5541890937">
				<ele>2015.4</ele>
				<extensions>
					<swisstopo:routepoint_id>314838103</swisstopo:routepoint_id>
				</extensions>
			</trkpt>
			<trkpt lat="46.8392009943" lon="8.5541750879">
				<ele>2016.1</ele>
				<extensions>
					<swisstopo:routepoint_id>2020623623</swisstopo:routepoint_id>
				</extensions>
			</trkpt>
			<trkpt lat="46.8391905679" lon="8.5541577673">
				<ele>2016.4</ele>
				<extensions>
					<swisstopo:routepoint_id>999561951</swisstopo:routepoint_id>
				</extensions>
			</trkpt>
			<trkpt lat="46.8391837298" lon="8.5541319559">
				<ele>2016.9</ele>
				<extensions>
					<swisstopo:routepoint_id>1759879326</swisstopo:routepoint_id>
				</extensions>
			</trkpt>
			<trkpt lat="46.8391721318" lon="8.5540960469">
				<ele>2017.7</ele>
				<extensions>
					<swisstopo:routepoint_id>795876006</swisstopo:routepoint_id>
				</extensions>
			</trkpt>
			<trkpt lat="46.8391573359" lon="8.5540736426">
				<ele>2018.2</ele>
				<extensions>
					<swisstopo:routepoint_id>1078452898</swisstopo:routepoint_id>
				</extensions>
			</trkpt>
			<trkpt lat="46.8391429635" lon="8.5540519640">
				<ele>2018.7</ele>
				<extensions>
					<swisstopo:routepoint_id>1198832036</swisstopo:routepoint_id>
				</extensions>
			</trkpt>
			<trkpt lat="46.8391357976" lon="8.5540147131">
				<ele>2019.3</ele>
				<extensions>
					<swisstopo:routepoint_id>1901208307</swisstopo:routepoint_id>
				</extensions>
			</trkpt>
			<trkpt lat="46.8391312667" lon="8.5539775294">
				<ele>2020.0</ele>
				<extensions>
					<swisstopo:routepoint_id>255276138</swisstopo:routepoint_id>
				</extensions>
			</trkpt>
			<trkpt lat="46.8391257240" lon="8.5539567252">
				<ele>2020.5</ele>
				<extensions>
					<swisstopo:routepoint_id>276644099</swisstopo:routepoint_id>
				</extensions>
			</trkpt>
			<trkpt lat="46.8391095860" lon="8.5539350102">
				<ele>2021.0</ele>
				<extensions>
					<swisstopo:routepoint_id>397518788</swisstopo:routepoint_id>
				</extensions>
			</trkpt>
			<trkpt lat="46.8390943769" lon="8.5539090254">
				<ele>2021.4</ele>
				<extensions>
					<swisstopo:routepoint_id>1141932461</swisstopo:routepoint_id>
				</extensions>
			</trkpt>
			<trkpt lat="46.8390915647" lon="8.5538775875">
				<ele>2021.9</ele>
				<extensions>
					<swisstopo:routepoint_id>1159481677</swisstopo:routepoint_id>
				</extensions>
			</trkpt>
			<trkpt lat="46.8390864643" lon="8.5538546544">
				<ele>2022.4</ele>
				<extensions>
					<swisstopo:routepoint_id>1365325296</swisstopo:routepoint_id>
				</extensions>
			</trkpt>
			<trkpt lat="46.8390691113" lon="8.5538214942">
				<ele>2023.2</ele>
				<extensions>
					<swisstopo:routepoint_id>1581529745</swisstopo:routepoint_id>
				</extensions>
			</trkpt>
			<trkpt lat="46.8390575479" lon="8.5537820269">
				<ele>2024.0</ele>
				<extensions>
					<swisstopo:routepoint_id>2129050637</swisstopo:routepoint_id>
				</extensions>
			</trkpt>
			<trkpt lat="46.8390571262" lon="8.5537306534">
				<ele>2025.1</ele>
				<extensions>
					<swisstopo:routepoint_id>713867597</swisstopo:routepoint_id>
				</extensions>
			</trkpt>
			<trkpt lat="46.8390619299" lon="8.5536858024">
				<ele>2026.0</ele>
				<extensions>
					<swisstopo:routepoint_id>621403394</swisstopo:routepoint_id>
				</extensions>
			</trkpt>
			<trkpt lat="46.8390725494" lon="8.5536310601">
				<ele>2026.9</ele>
				<extensions>
					<swisstopo:routepoint_id>2051435197</swisstopo:routepoint_id>
				</extensions>
			</trkpt>
			<trkpt lat="46.8390723829" lon="8.5536003812">
				<ele>2027.4</ele>
				<extensions>
					<swisstopo:routepoint_id>654831775</swisstopo:routepoint_id>
				</extensions>
			</trkpt>
			<trkpt lat="46.8390599202" lon="8.5535630333">
				<ele>2028.1</ele>
				<extensions>
					<swisstopo:routepoint_id>1232155628</swisstopo:routepoint_id>
				</extensions>
			</trkpt>
			<trkpt lat="46.8390403691" lon="8.5535291234">
				<ele>2028.7</ele>
				<extensions>
					<swisstopo:routepoint_id>521004521</swisstopo:routepoint_id>
				</extensions>
			</trkpt>
			<trkpt lat="46.8390163254" lon="8.5535036857">
				<ele>2029.0</ele>
				<extensions>
					<swisstopo:routepoint_id>14980460</swisstopo:routepoint_id>
				</extensions>
			</trkpt>
			<trkpt lat="46.8389917209" lon="8.5534924985">
				<ele>2029.6</ele>
				<extensions>
					<swisstopo:routepoint_id>1675490453</swisstopo:routepoint_id>
				</extensions>
			</trkpt>
			<trkpt lat="46.8389710588" lon="8.5534842480">
				<ele>2030.1</ele>
				<extensions>
					<swisstopo:routepoint_id>809542714</swisstopo:routepoint_id>
				</extensions>
			</trkpt>
			<trkpt lat="46.8389602174" lon="8.5534626300">
				<ele>2030.6</ele>
				<extensions>
					<swisstopo:routepoint_id>2034708106</swisstopo:routepoint_id>
				</extensions>
			</trkpt>
			<trkpt lat="46.8389494593" lon="8.5534324615">
				<ele>2031.1</ele>
				<extensions>
					<swisstopo:routepoint_id>1522793915</swisstopo:routepoint_id>
				</extensions>
			</trkpt>
			<trkpt lat="46.8389377396" lon="8.5534108254">
				<ele>2031.3</ele>
				<extensions>
					<swisstopo:routepoint_id>509138909</swisstopo:routepoint_id>
				</extensions>
			</trkpt>
			<trkpt lat="46.8389184507" lon="8.5533968933">
				<ele>2031.7</ele>
				<extensions>
					<swisstopo:routepoint_id>476879759</swisstopo:routepoint_id>
				</extensions>
			</trkpt>
			<trkpt lat="46.8388467584" lon="8.5533719538">
				<ele>2032.0</ele>
				<extensions>
					<swisstopo:routepoint_id>696008824</swisstopo:routepoint_id>
				</extensions>
			</trkpt>
			<trkpt lat="46.8387948394" lon="8.5533581013">
				<ele>2032.3</ele>
				<extensions>
					<swisstopo:routepoint_id>790701780</swisstopo:routepoint_id>
				</extensions>
			</trkpt>
			<trkpt lat="46.8387512689" lon="8.5533458301">
				<ele>2032.4</ele>
				<extensions>
					<swisstopo:routepoint_id>1758333621</swisstopo:routepoint_id>
				</extensions>
			</trkpt>
			<trkpt lat="46.8387065576" lon="8.5533135758">
				<ele>2032.5</ele>
				<extensions>
					<swisstopo:routepoint_id>1472051523</swisstopo:routepoint_id>
				</extensions>
			</trkpt>
			<trkpt lat="46.8386705700" lon="8.5532921797">
				<ele>2033.0</ele>
				<extensions>
					<swisstopo:routepoint_id>1205116340</swisstopo:routepoint_id>
				</extensions>
			</trkpt>
			<trkpt lat="46.8386464115" lon="8.5532802978">
				<ele>2033.3</ele>
				<extensions>
					<swisstopo:routepoint_id>982008505</swisstopo:routepoint_id>
				</extensions>
			</trkpt>
			<trkpt lat="46.8386098077" lon="8.5532788612">
				<ele>2034.0</ele>
				<extensions>
					<swisstopo:routepoint_id>2052478838</swisstopo:routepoint_id>
				</extensions>
			</trkpt>
			<trkpt lat="46.8385763495" lon="8.5532710755">
				<ele>2034.4</ele>
				<extensions>
					<swisstopo:routepoint_id>1491490546</swisstopo:routepoint_id>
				</extensions>
			</trkpt>
			<trkpt lat="46.8385499324" lon="8.5532655738">
				<ele>2034.7</ele>
				<extensions>
					<swisstopo:routepoint_id>941904769</swisstopo:routepoint_id>
				</extensions>
			</trkpt>
			<trkpt lat="46.8385242933" lon="8.5532722123">
				<ele>2035.0</ele>
				<extensions>
					<swisstopo:routepoint_id>1218117660</swisstopo:routepoint_id>
				</extensions>
			</trkpt>
			<trkpt lat="46.8384996211" lon="8.5532688719">
				<ele>2035.3</ele>
				<extensions>
					<swisstopo:routepoint_id>1317030527</swisstopo:routepoint_id>
				</extensions>
			</trkpt>
			<trkpt lat="46.8384775042" lon="8.5532755706">
				<ele>2035.8</ele>
				<extensions>
					<swisstopo:routepoint_id>1313842083</swisstopo:routepoint_id>
				</extensions>
			</trkpt>
			<trkpt lat="46.8384548994" lon="8.5532872649">
				<ele>2036.5</ele>
				<extensions>
					<swisstopo:routepoint_id>833542552</swisstopo:routepoint_id>
				</extensions>
			</trkpt>
			<trkpt lat="46.8384324388" lon="8.5532832662">
				<ele>2037.1</ele>
				<extensions>
					<swisstopo:routepoint_id>382474689</swisstopo:routepoint_id>
				</extensions>
			</trkpt>
			<trkpt lat="46.8384082875" lon="8.5532706547">
				<ele>2037.3</ele>
				<extensions>
					<swisstopo:routepoint_id>737657260</swisstopo:routepoint_id>
				</extensions>
			</trkpt>
			<trkpt lat="46.8383851586" lon="8.5532423684">
				<ele>2037.7</ele>
				<extensions>
					<swisstopo:routepoint_id>1425225814</swisstopo:routepoint_id>
				</extensions>
			</trkpt>
			<trkpt lat="46.8383568804" lon="8.5531961671">
				<ele>2038.1</ele>
				<extensions>
					<swisstopo:routepoint_id>583497088</swisstopo:routepoint_id>
				</extensions>
			</trkpt>
			<trkpt lat="46.8383363365" lon="8.5531757824">
				<ele>2038.4</ele>
				<extensions>
					<swisstopo:routepoint_id>934823220</swisstopo:routepoint_id>
				</extensions>
			</trkpt>
			<trkpt lat="46.8383072181" lon="8.5531752178">
				<ele>2038.9</ele>
				<extensions>
					<swisstopo:routepoint_id>756472780</swisstopo:routepoint_id>
				</extensions>
			</trkpt>
			<trkpt lat="46.8382825321" lon="8.5531733111">
				<ele>2039.1</ele>
				<extensions>
					<swisstopo:routepoint_id>1928397672</swisstopo:routepoint_id>
				</extensions>
			</trkpt>
			<trkpt lat="46.8382672950" lon="8.5531501814">
				<ele>2039.4</ele>
				<extensions>
					<swisstopo:routepoint_id>1031627529</swisstopo:routepoint_id>
				</extensions>
			</trkpt>
			<trkpt lat="46.8382428883" lon="8.5531168885">
				<ele>2039.8</ele>
				<extensions>
					<swisstopo:routepoint_id>298539503</swisstopo:routepoint_id>
				</extensions>
			</trkpt>
			<trkpt lat="46.8382235715" lon="8.5531058241">
				<ele>2040.1</ele>
				<extensions>
					<swisstopo:routepoint_id>1049674344</swisstopo:routepoint_id>
				</extensions>
			</trkpt>
			<trkpt lat="46.8381945368" lon="8.5530966834">
				<ele>2040.4</ele>
				<extensions>
					<swisstopo:routepoint_id>1545862250</swisstopo:routepoint_id>
				</extensions>
			</trkpt>
			<trkpt lat="46.8381650747" lon="8.5530854088">
				<ele>2041.1</ele>
				<extensions>
					<swisstopo:routepoint_id>1318199986</swisstopo:routepoint_id>
				</extensions>
			</trkpt>
			<trkpt lat="46.8381541881" lon="8.5530702172">
				<ele>2041.4</ele>
				<extensions>
					<swisstopo:routepoint_id>1688984176</swisstopo:routepoint_id>
				</extensions>
			</trkpt>
			<trkpt lat="46.8381361785" lon="8.5530106581">
				<ele>2042.5</ele>
				<extensions>
					<swisstopo:routepoint_id>78169899</swisstopo:routepoint_id>
				</extensions>
			</trkpt>
			<trkpt lat="46.8381133342" lon="8.5529495651">
				<ele>2043.8</ele>
				<extensions>
					<swisstopo:routepoint_id>604243966</swisstopo:routepoint_id>
				</extensions>
			</trkpt>
			<trkpt lat="46.8380996959" lon="8.5528957809">
				<ele>2044.9</ele>
				<extensions>
					<swisstopo:routepoint_id>343873549</swisstopo:routepoint_id>
				</extensions>
			</trkpt>
			<trkpt lat="46.8380904793" lon="8.5528399501">
				<ele>2046.1</ele>
				<extensions>
					<swisstopo:routepoint_id>1419708138</swisstopo:routepoint_id>
				</extensions>
			</trkpt>
			<trkpt lat="46.8380886684" lon="8.5527949758">
				<ele>2046.8</ele>
				<extensions>
					<swisstopo:routepoint_id>1886144215</swisstopo:routepoint_id>
				</extensions>
			</trkpt>
			<trkpt lat="46.8380847671" lon="8.5527364002">
				<ele>2047.7</ele>
				<extensions>
					<swisstopo:routepoint_id>1085417519</swisstopo:routepoint_id>
				</extensions>
			</trkpt>
			<trkpt lat="46.8380850036" lon="8.5527291454">
				<ele>2047.8</ele>
				<extensions>
					<swisstopo:routepoint_id>1838209852</swisstopo:routepoint_id>
				</extensions>
			</trkpt>
			<trkpt lat="46.8380865740" lon="8.5526807850">
				<ele>2048.8</ele>
				<extensions>
					<swisstopo:routepoint_id>1632922695</swisstopo:routepoint_id>
				</extensions>
			</trkpt>
			<trkpt lat="46.8380825324" lon="8.5526393235">
				<ele>2049.6</ele>
				<extensions>
					<swisstopo:routepoint_id>1892928879</swisstopo:routepoint_id>
				</extensions>
			</trkpt>
			<trkpt lat="46.8380750396" lon="8.5525878046">
				<ele>2050.8</ele>
				<extensions>
					<swisstopo:routepoint_id>858492775</swisstopo:routepoint_id>
				</extensions>
			</trkpt>
			<trkpt lat="46.8380716729" lon="8.5525185244">
				<ele>2052.2</ele>
				<extensions>
					<swisstopo:routepoint_id>915929153</swisstopo:routepoint_id>
				</extensions>
			</trkpt>
			<trkpt lat="46.8380636419" lon="8.5524798483">
				<ele>2053.1</ele>
				<extensions>
					<swisstopo:routepoint_id>1085998658</swisstopo:routepoint_id>
				</extensions>
			</trkpt>
			<trkpt lat="46.8380539043" lon="8.5524332887">
				<ele>2054.3</ele>
				<extensions>
					<swisstopo:routepoint_id>861894639</swisstopo:routepoint_id>
				</extensions>
			</trkpt>
			<trkpt lat="46.8380410538" lon="8.5523888028">
				<ele>2055.6</ele>
				<extensions>
					<swisstopo:routepoint_id>1301804325</swisstopo:routepoint_id>
				</extensions>
			</trkpt>
			<trkpt lat="46.8380383644" lon="8.5523438104">
				<ele>2056.8</ele>
				<extensions>
					<swisstopo:routepoint_id>1680294625</swisstopo:routepoint_id>
				</extensions>
			</trkpt>
			<trkpt lat="46.8380402597" lon="8.5522781982">
				<ele>2058.4</ele>
				<extensions>
					<swisstopo:routepoint_id>880840428</swisstopo:routepoint_id>
				</extensions>
			</trkpt>
			<trkpt lat="46.8380427297" lon="8.5522482914">
				<ele>2059.1</ele>
				<extensions>
					<swisstopo:routepoint_id>556504559</swisstopo:routepoint_id>
				</extensions>
			</trkpt>
			<trkpt lat="46.8380473768" lon="8.5522212589">
				<ele>2059.6</ele>
				<extensions>
					<swisstopo:routepoint_id>443406007</swisstopo:routepoint_id>
				</extensions>
			</trkpt>
			<trkpt lat="46.8380614936" lon="8.5521708786">
				<ele>2060.7</ele>
				<extensions>
					<swisstopo:routepoint_id>2113266820</swisstopo:routepoint_id>
				</extensions>
			</trkpt>
			<trkpt lat="46.8380641804" lon="8.5521159985">
				<ele>2061.9</ele>
				<extensions>
					<swisstopo:routepoint_id>1050165638</swisstopo:routepoint_id>
				</extensions>
			</trkpt>
			<trkpt lat="46.8380673065" lon="8.5520611147">
				<ele>2062.7</ele>
				<extensions>
					<swisstopo:routepoint_id>586285782</swisstopo:routepoint_id>
				</extensions>
			</trkpt>
			<trkpt lat="46.8380709202" lon="8.5520012608">
				<ele>2063.5</ele>
				<extensions>
					<swisstopo:routepoint_id>559298043</swisstopo:routepoint_id>
				</extensions>
			</trkpt>
			<trkpt lat="46.8380789989" lon="8.5519357765">
				<ele>2064.4</ele>
				<extensions>
					<swisstopo:routepoint_id>1889542897</swisstopo:routepoint_id>
				</extensions>
			</trkpt>
			<trkpt lat="46.8380896521" lon="8.5518774892">
				<ele>2065.6</ele>
				<extensions>
					<swisstopo:routepoint_id>1893966333</swisstopo:routepoint_id>
				</extensions>
			</trkpt>
			<trkpt lat="46.8380885236" lon="8.5518228375">
				<ele>2066.7</ele>
				<extensions>
					<swisstopo:routepoint_id>443741131</swisstopo:routepoint_id>
				</extensions>
			</trkpt>
			<trkpt lat="46.8380937207" lon="8.5517753964">
				<ele>2067.8</ele>
				<extensions>
					<swisstopo:routepoint_id>2137543742</swisstopo:routepoint_id>
				</extensions>
			</trkpt>
			<trkpt lat="46.8381032828" lon="8.5517344211">
				<ele>2068.8</ele>
				<extensions>
					<swisstopo:routepoint_id>1011962905</swisstopo:routepoint_id>
				</extensions>
			</trkpt>
			<trkpt lat="46.8381065600" lon="8.5517082182">
				<ele>2069.2</ele>
				<extensions>
					<swisstopo:routepoint_id>1399559728</swisstopo:routepoint_id>
				</extensions>
			</trkpt>
			<trkpt lat="46.8381054501" lon="8.5516805417">
				<ele>2069.7</ele>
				<extensions>
					<swisstopo:routepoint_id>723662727</swisstopo:routepoint_id>
				</extensions>
			</trkpt>
			<trkpt lat="46.8380969347" lon="8.5516392438">
				<ele>2070.7</ele>
				<extensions>
					<swisstopo:routepoint_id>1517349436</swisstopo:routepoint_id>
				</extensions>
			</trkpt>
			<trkpt lat="46.8380809614" lon="8.5515942454">
				<ele>2072.0</ele>
				<extensions>
					<swisstopo:routepoint_id>1132288329</swisstopo:routepoint_id>
				</extensions>
			</trkpt>
			<trkpt lat="46.8380718901" lon="8.5515685423">
				<ele>2072.7</ele>
				<extensions>
					<swisstopo:routepoint_id>891285222</swisstopo:routepoint_id>
				</extensions>
			</trkpt>
			<trkpt lat="46.8380726092" lon="8.5515316604">
				<ele>2073.5</ele>
				<extensions>
					<swisstopo:routepoint_id>1874485416</swisstopo:routepoint_id>
				</extensions>
			</trkpt>
			<trkpt lat="46.8380795086" lon="8.5514934595">
				<ele>2074.5</ele>
				<extensions>
					<swisstopo:routepoint_id>1682628616</swisstopo:routepoint_id>
				</extensions>
			</trkpt>
			<trkpt lat="46.8380824185" lon="8.5514580438">
				<ele>2075.0</ele>
				<extensions>
					<swisstopo:routepoint_id>231241777</swisstopo:routepoint_id>
				</extensions>
			</trkpt>
			<trkpt lat="46.8380779557" lon="8.5514047569">
				<ele>2076.1</ele>
				<extensions>
					<swisstopo:routepoint_id>103254479</swisstopo:routepoint_id>
				</extensions>
			</trkpt>
			<trkpt lat="46.8380721070" lon="8.5513620804">
				<ele>2077.0</ele>
				<extensions>
					<swisstopo:routepoint_id>1364112493</swisstopo:routepoint_id>
				</extensions>
			</trkpt>
			<trkpt lat="46.8380721137" lon="8.5513017806">
				<ele>2078.2</ele>
				<extensions>
					<swisstopo:routepoint_id>1159878216</swisstopo:routepoint_id>
				</extensions>
			</trkpt>
			<trkpt lat="46.8380752553" lon="8.5512344275">
				<ele>2079.7</ele>
				<extensions>
					<swisstopo:routepoint_id>475896292</swisstopo:routepoint_id>
				</extensions>
			</trkpt>
			<trkpt lat="46.8380830071" lon="8.5511401946">
				<ele>2081.7</ele>
				<extensions>
					<swisstopo:routepoint_id>70175785</swisstopo:routepoint_id>
				</extensions>
			</trkpt>
			<trkpt lat="46.8380923215" lon="8.5510722648">
				<ele>2082.6</ele>
				<extensions>
					<swisstopo:routepoint_id>181442075</swisstopo:routepoint_id>
				</extensions>
			</trkpt>
			<trkpt lat="46.8381029693" lon="8.5510036456">
				<ele>2083.4</ele>
				<extensions>
					<swisstopo:routepoint_id>670436612</swisstopo:routepoint_id>
				</extensions>
			</trkpt>
			<trkpt lat="46.8381107982" lon="8.5508987626">
				<ele>2085.3</ele>
				<extensions>
					<swisstopo:routepoint_id>1942830921</swisstopo:routepoint_id>
				</extensions>
			</trkpt>
			<trkpt lat="46.8381268327" lon="8.5508146356">
				<ele>2087.0</ele>
				<extensions>
					<swisstopo:routepoint_id>162515294</swisstopo:routepoint_id>
				</extensions>
			</trkpt>
			<trkpt lat="46.8381397316" lon="8.5507403656">
				<ele>2088.4</ele>
				<extensions>
					<swisstopo:routepoint_id>893910758</swisstopo:routepoint_id>
				</extensions>
			</trkpt>
			<trkpt lat="46.8381409409" lon="8.5506964139">
				<ele>2089.3</ele>
				<extensions>
					<swisstopo:routepoint_id>1111040889</swisstopo:routepoint_id>
				</extensions>
			</trkpt>
			<trkpt lat="46.8381412374" lon="8.5506559769">
				<ele>2090.3</ele>
				<extensions>
					<swisstopo:routepoint_id>2054530886</swisstopo:routepoint_id>
				</extensions>
			</trkpt>
			<trkpt lat="46.8381384835" lon="8.5506112261">
				<ele>2091.5</ele>
				<extensions>
					<swisstopo:routepoint_id>1208217553</swisstopo:routepoint_id>
				</extensions>
			</trkpt>
			<trkpt lat="46.8381449087" lon="8.5505765744">
				<ele>2092.2</ele>
				<extensions>
					<swisstopo:routepoint_id>1504856496</swisstopo:routepoint_id>
				</extensions>
			</trkpt>
			<trkpt lat="46.8381646188" lon="8.5505336579">
				<ele>2092.9</ele>
				<extensions>
					<swisstopo:routepoint_id>1737549086</swisstopo:routepoint_id>
				</extensions>
			</trkpt>
			<trkpt lat="46.8381689116" lon="8.5504897313">
				<ele>2093.8</ele>
				<extensions>
					<swisstopo:routepoint_id>1656554742</swisstopo:routepoint_id>
				</extensions>
			</trkpt>
			<trkpt lat="46.8381707844" lon="8.5504145678">
				<ele>2095.4</ele>
				<extensions>
					<swisstopo:routepoint_id>1846676398</swisstopo:routepoint_id>
				</extensions>
			</trkpt>
			<trkpt lat="46.8381698471" lon="8.5503627621">
				<ele>2096.4</ele>
				<extensions>
					<swisstopo:routepoint_id>980385626</swisstopo:routepoint_id>
				</extensions>
			</trkpt>
			<trkpt lat="46.8381693817" lon="8.5503067029">
				<ele>2097.2</ele>
				<extensions>
					<swisstopo:routepoint_id>1419107144</swisstopo:routepoint_id>
				</extensions>
			</trkpt>
			<trkpt lat="46.8381784390" lon="8.5502742307">
				<ele>2097.2</ele>
				<extensions>
					<swisstopo:routepoint_id>1932909159</swisstopo:routepoint_id>
				</extensions>
			</trkpt>
			<trkpt lat="46.8382002235" lon="8.5502483714">
				<ele>2098.0</ele>
				<extensions>
					<swisstopo:routepoint_id>635275428</swisstopo:routepoint_id>
				</extensions>
			</trkpt>
			<trkpt lat="46.8382171216" lon="8.5502281083">
				<ele>2098.7</ele>
				<extensions>
					<swisstopo:routepoint_id>1576375381</swisstopo:routepoint_id>
				</extensions>
			</trkpt>
			<trkpt lat="46.8382244133" lon="8.5501955995">
				<ele>2099.5</ele>
				<extensions>
					<swisstopo:routepoint_id>1852421420</swisstopo:routepoint_id>
				</extensions>
			</trkpt>
			<trkpt lat="46.8382203276" lon="8.5501522552">
				<ele>2101.0</ele>
				<extensions>
					<swisstopo:routepoint_id>662486324</swisstopo:routepoint_id>
				</extensions>
			</trkpt>
			<trkpt lat="46.8382135398" lon="8.5501166520">
				<ele>2102.6</ele>
				<extensions>
					<swisstopo:routepoint_id>1462020014</swisstopo:routepoint_id>
				</extensions>
			</trkpt>
			<trkpt lat="46.8382146394" lon="8.5500875745">
				<ele>2103.3</ele>
				<extensions>
					<swisstopo:routepoint_id>1176239007</swisstopo:routepoint_id>
				</extensions>
			</trkpt>
			<trkpt lat="46.8382259112" lon="8.5500523185">
				<ele>2104.4</ele>
				<extensions>
					<swisstopo:routepoint_id>1968798969</swisstopo:routepoint_id>
				</extensions>
			</trkpt>
			<trkpt lat="46.8382552534" lon="8.5500180887">
				<ele>2105.8</ele>
				<extensions>
					<swisstopo:routepoint_id>661471063</swisstopo:routepoint_id>
				</extensions>
			</trkpt>
			<trkpt lat="46.8382749004" lon="8.5499843755">
				<ele>2106.7</ele>
				<extensions>
					<swisstopo:routepoint_id>860336102</swisstopo:routepoint_id>
				</extensions>
			</trkpt>
			<trkpt lat="46.8382878863" lon="8.5499562347">
				<ele>2107.4</ele>
				<extensions>
					<swisstopo:routepoint_id>1151670759</swisstopo:routepoint_id>
				</extensions>
			</trkpt>
			<trkpt lat="46.8383163544" lon="8.5498609824">
				<ele>2110.1</ele>
				<extensions>
					<swisstopo:routepoint_id>1164465410</swisstopo:routepoint_id>
				</extensions>
			</trkpt>
			<trkpt lat="46.8383394129" lon="8.5497826457">
				<ele>2112.4</ele>
				<extensions>
					<swisstopo:routepoint_id>58717169</swisstopo:routepoint_id>
				</extensions>
			</trkpt>
			<trkpt lat="46.8383619347" lon="8.5497170748">
				<ele>2114.3</ele>
				<extensions>
					<swisstopo:routepoint_id>979384832</swisstopo:routepoint_id>
				</extensions>
			</trkpt>
			<trkpt lat="46.8383683835" lon="8.5496781601">
				<ele>2115.5</ele>
				<extensions>
					<swisstopo:routepoint_id>1093157731</swisstopo:routepoint_id>
				</extensions>
			</trkpt>
			<trkpt lat="46.8383602196" lon="8.5496503507">
				<ele>2116.3</ele>
				<extensions>
					<swisstopo:routepoint_id>1398797920</swisstopo:routepoint_id>
				</extensions>
			</trkpt>
			<trkpt lat="46.8383431804" lon="8.5496308848">
				<ele>2117.5</ele>
				<extensions>
					<swisstopo:routepoint_id>1442514529</swisstopo:routepoint_id>
				</extensions>
			</trkpt>
			<trkpt lat="46.8383160283" lon="8.5496069723">
				<ele>2118.6</ele>
				<extensions>
					<swisstopo:routepoint_id>1683241780</swisstopo:routepoint_id>
				</extensions>
			</trkpt>
			<trkpt lat="46.8383064612" lon="8.5495897730">
				<ele>2119.3</ele>
				<extensions>
					<swisstopo:routepoint_id>1136514714</swisstopo:routepoint_id>
				</extensions>
			</trkpt>
			<trkpt lat="46.8383114402" lon="8.5495728227">
				<ele>2119.7</ele>
				<extensions>
					<swisstopo:routepoint_id>1448248716</swisstopo:routepoint_id>
				</extensions>
			</trkpt>
			<trkpt lat="46.8383398301" lon="8.5495470866">
				<ele>2120.7</ele>
				<extensions>
					<swisstopo:routepoint_id>613908472</swisstopo:routepoint_id>
				</extensions>
			</trkpt>
			<trkpt lat="46.8383664305" lon="8.5495255895">
				<ele>2121.6</ele>
				<extensions>
					<swisstopo:routepoint_id>979162319</swisstopo:routepoint_id>
				</extensions>
			</trkpt>
			<trkpt lat="46.8383961812" lon="8.5494963224">
				<ele>2122.8</ele>
				<extensions>
					<swisstopo:routepoint_id>183157210</swisstopo:routepoint_id>
				</extensions>
			</trkpt>
			<trkpt lat="46.8384042533" lon="8.5494766066">
				<ele>2123.3</ele>
				<extensions>
					<swisstopo:routepoint_id>1027051628</swisstopo:routepoint_id>
				</extensions>
			</trkpt>
			<trkpt lat="46.8384013499" lon="8.5494517096">
				<ele>2123.9</ele>
				<extensions>
					<swisstopo:routepoint_id>1938124532</swisstopo:routepoint_id>
				</extensions>
			</trkpt>
			<trkpt lat="46.8383944659" lon="8.5494295982">
				<ele>2124.5</ele>
				<extensions>
					<swisstopo:routepoint_id>1859470468</swisstopo:routepoint_id>
				</extensions>
			</trkpt>
			<trkpt lat="46.8383647468" lon="8.5493950067">
				<ele>2126.0</ele>
				<extensions>
					<swisstopo:routepoint_id>205569892</swisstopo:routepoint_id>
				</extensions>
			</trkpt>
			<trkpt lat="46.8383270927" lon="8.5493624023">
				<ele>2127.8</ele>
				<extensions>
					<swisstopo:routepoint_id>1857323012</swisstopo:routepoint_id>
				</extensions>
			</trkpt>
			<trkpt lat="46.8383051891" lon="8.5493435530">
				<ele>2129.0</ele>
				<extensions>
					<swisstopo:routepoint_id>468910265</swisstopo:routepoint_id>
				</extensions>
			</trkpt>
			<trkpt lat="46.8382992676" lon="8.5493100929">
				<ele>2130.1</ele>
				<extensions>
					<swisstopo:routepoint_id>1189851647</swisstopo:routepoint_id>
				</extensions>
			</trkpt>
			<trkpt lat="46.8383074630" lon="8.5492740563">
				<ele>2131.0</ele>
				<extensions>
					<swisstopo:routepoint_id>1612951504</swisstopo:routepoint_id>
				</extensions>
			</trkpt>
			<trkpt lat="46.8383239701" lon="8.5492488174">
				<ele>2131.7</ele>
				<extensions>
					<swisstopo:routepoint_id>1107889342</swisstopo:routepoint_id>
				</extensions>
			</trkpt>
			<trkpt lat="46.8383460633" lon="8.5492399914">
				<ele>2132.8</ele>
				<extensions>
					<swisstopo:routepoint_id>1593014013</swisstopo:routepoint_id>
				</extensions>
			</trkpt>
			<trkpt lat="46.8383677006" lon="8.5492347023">
				<ele>2133.6</ele>
				<extensions>
					<swisstopo:routepoint_id>1123987575</swisstopo:routepoint_id>
				</extensions>
			</trkpt>
			<trkpt lat="46.8383774285" lon="8.5492299229">
				<ele>2133.8</ele>
				<extensions>
					<swisstopo:routepoint_id>1048701272</swisstopo:routepoint_id>
				</extensions>
			</trkpt>
			<trkpt lat="46.8383828329" lon="8.5492144152">
				<ele>2134.1</ele>
				<extensions>
					<swisstopo:routepoint_id>768873553</swisstopo:routepoint_id>
				</extensions>
			</trkpt>
			<trkpt lat="46.8383764257" lon="8.5491866294">
				<ele>2134.6</ele>
				<extensions>
					<swisstopo:routepoint_id>181611420</swisstopo:routepoint_id>
				</extensions>
			</trkpt>
			<trkpt lat="46.8383651256" lon="8.5491651311">
				<ele>2135.2</ele>
				<extensions>
					<swisstopo:routepoint_id>162282730</swisstopo:routepoint_id>
				</extensions>
			</trkpt>
			<trkpt lat="46.8383313116" lon="8.5491496208">
				<ele>2136.4</ele>
				<extensions>
					<swisstopo:routepoint_id>1192133320</swisstopo:routepoint_id>
				</extensions>
			</trkpt>
			<trkpt lat="46.8383163844" lon="8.5491415415">
				<ele>2136.9</ele>
				<extensions>
					<swisstopo:routepoint_id>2069740718</swisstopo:routepoint_id>
				</extensions>
			</trkpt>
			<trkpt lat="46.8383072375" lon="8.5491271932">
				<ele>2137.4</ele>
				<extensions>
					<swisstopo:routepoint_id>1816290968</swisstopo:routepoint_id>
				</extensions>
			</trkpt>
			<trkpt lat="46.8383082443" lon="8.5491094696">
				<ele>2137.9</ele>
				<extensions>
					<swisstopo:routepoint_id>645618116</swisstopo:routepoint_id>
				</extensions>
			</trkpt>
			<trkpt lat="46.8383253442" lon="8.5490629650">
				<ele>2139.2</ele>
				<extensions>
					<swisstopo:routepoint_id>1707087948</swisstopo:routepoint_id>
				</extensions>
			</trkpt>
			<trkpt lat="46.8383338625" lon="8.5490425285">
				<ele>2139.9</ele>
				<extensions>
					<swisstopo:routepoint_id>2082420901</swisstopo:routepoint_id>
				</extensions>
			</trkpt>
			<trkpt lat="46.8383328388" lon="8.5490013726">
				<ele>2140.9</ele>
				<extensions>
					<swisstopo:routepoint_id>1027675725</swisstopo:routepoint_id>
				</extensions>
			</trkpt>
			<trkpt lat="46.8383242870" lon="8.5489664501">
				<ele>2142.4</ele>
				<extensions>
					<swisstopo:routepoint_id>1960740420</swisstopo:routepoint_id>
				</extensions>
			</trkpt>
			<trkpt lat="46.8383292502" lon="8.5489502163">
				<ele>2143.0</ele>
				<extensions>
					<swisstopo:routepoint_id>1985456158</swisstopo:routepoint_id>
				</extensions>
			</trkpt>
			<trkpt lat="46.8383443146" lon="8.5489405539">
				<ele>2143.1</ele>
				<extensions>
					<swisstopo:routepoint_id>204044110</swisstopo:routepoint_id>
				</extensions>
			</trkpt>
			<trkpt lat="46.8383821501" lon="8.5489490544">
				<ele>2144.1</ele>
				<extensions>
					<swisstopo:routepoint_id>1545939709</swisstopo:routepoint_id>
				</extensions>
			</trkpt>
			<trkpt lat="46.8384130488" lon="8.5489417926">
				<ele>2144.7</ele>
				<extensions>
					<swisstopo:routepoint_id>88766561</swisstopo:routepoint_id>
				</extensions>
			</trkpt>
			<trkpt lat="46.8384264192" lon="8.5489228902">
				<ele>2145.2</ele>
				<extensions>
					<swisstopo:routepoint_id>1015801973</swisstopo:routepoint_id>
				</extensions>
			</trkpt>
			<trkpt lat="46.8384285962" lon="8.5489031679">
				<ele>2145.7</ele>
				<extensions>
					<swisstopo:routepoint_id>757116464</swisstopo:routepoint_id>
				</extensions>
			</trkpt>
			<trkpt lat="46.8384203388" lon="8.5488777379">
				<ele>2146.1</ele>
				<extensions>
					<swisstopo:routepoint_id>430385080</swisstopo:routepoint_id>
				</extensions>
			</trkpt>
			<trkpt lat="46.8383917693" lon="8.5488685965">
				<ele>2146.8</ele>
				<extensions>
					<swisstopo:routepoint_id>915137042</swisstopo:routepoint_id>
				</extensions>
			</trkpt>
			<trkpt lat="46.8383363021" lon="8.5488582087">
				<ele>2147.7</ele>
				<extensions>
					<swisstopo:routepoint_id>436399821</swisstopo:routepoint_id>
				</extensions>
			</trkpt>
			<trkpt lat="46.8382737677" lon="8.5488490964">
				<ele>2149.4</ele>
				<extensions>
					<swisstopo:routepoint_id>573727493</swisstopo:routepoint_id>
				</extensions>
			</trkpt>
			<trkpt lat="46.8382459588" lon="8.5488521075">
				<ele>2151.0</ele>
				<extensions>
					<swisstopo:routepoint_id>489788692</swisstopo:routepoint_id>
				</extensions>
			</trkpt>
			<trkpt lat="46.8382189493" lon="8.5488650954">
				<ele>2152.1</ele>
				<extensions>
					<swisstopo:routepoint_id>1585694166</swisstopo:routepoint_id>
				</extensions>
			</trkpt>
			<trkpt lat="46.8381810801" lon="8.5489071131">
				<ele>2152.3</ele>
				<extensions>
					<swisstopo:routepoint_id>1731676330</swisstopo:routepoint_id>
				</extensions>
			</trkpt>
			<trkpt lat="46.8381560072" lon="8.5489486650">
				<ele>2152.6</ele>
				<extensions>
					<swisstopo:routepoint_id>418815707</swisstopo:routepoint_id>
				</extensions>
			</trkpt>
			<trkpt lat="46.8381208305" lon="8.5490327818">
				<ele>2154.0</ele>
				<extensions>
					<swisstopo:routepoint_id>1091846646</swisstopo:routepoint_id>
				</extensions>
			</trkpt>
			<trkpt lat="46.8381101719" lon="8.5490881761">
				<ele>2154.5</ele>
				<extensions>
					<swisstopo:routepoint_id>1152706719</swisstopo:routepoint_id>
				</extensions>
			</trkpt>
			<trkpt lat="46.8380999125" lon="8.5491485717">
				<ele>2155.3</ele>
				<extensions>
					<swisstopo:routepoint_id>66766179</swisstopo:routepoint_id>
				</extensions>
			</trkpt>
			<trkpt lat="46.8380907859" lon="8.5491818876">
				<ele>2155.7</ele>
				<extensions>
					<swisstopo:routepoint_id>39741428</swisstopo:routepoint_id>
				</extensions>
			</trkpt>
			<trkpt lat="46.8380716872" lon="8.5491971894">
				<ele>2156.0</ele>
				<extensions>
					<swisstopo:routepoint_id>529622149</swisstopo:routepoint_id>
				</extensions>
			</trkpt>
			<trkpt lat="46.8380333217" lon="8.5491971146">
				<ele>2156.0</ele>
				<extensions>
					<swisstopo:routepoint_id>123460393</swisstopo:routepoint_id>
				</extensions>
			</trkpt>
			<trkpt lat="46.8379584272" lon="8.5491906147">
				<ele>2156.9</ele>
				<extensions>
					<swisstopo:routepoint_id>188728316</swisstopo:routepoint_id>
				</extensions>
			</trkpt>
			<trkpt lat="46.8379174733" lon="8.5491847894">
				<ele>2157.6</ele>
				<extensions>
					<swisstopo:routepoint_id>586745620</swisstopo:routepoint_id>
				</extensions>
			</trkpt>
			<trkpt lat="46.8378828168" lon="8.5491655619">
				<ele>2158.5</ele>
				<extensions>
					<swisstopo:routepoint_id>824810715</swisstopo:routepoint_id>
				</extensions>
			</trkpt>
			<trkpt lat="46.8378543336" lon="8.5491457320">
				<ele>2158.8</ele>
				<extensions>
					<swisstopo:routepoint_id>107250764</swisstopo:routepoint_id>
				</extensions>
			</trkpt>
			<trkpt lat="46.8378249927" lon="8.5491237593">
				<ele>2159.0</ele>
				<extensions>
					<swisstopo:routepoint_id>401852997</swisstopo:routepoint_id>
				</extensions>
			</trkpt>
			<trkpt lat="46.8377971009" lon="8.5490882587">
				<ele>2159.2</ele>
				<extensions>
					<swisstopo:routepoint_id>1067057642</swisstopo:routepoint_id>
				</extensions>
			</trkpt>
			<trkpt lat="46.8377518135" lon="8.5490274472">
				<ele>2160.1</ele>
				<extensions>
					<swisstopo:routepoint_id>973183942</swisstopo:routepoint_id>
				</extensions>
			</trkpt>
			<trkpt lat="46.8377336310" lon="8.5489900089">
				<ele>2160.8</ele>
				<extensions>
					<swisstopo:routepoint_id>1870784867</swisstopo:routepoint_id>
				</extensions>
			</trkpt>
			<trkpt lat="46.8377273935" lon="8.5489492582">
				<ele>2161.4</ele>
				<extensions>
					<swisstopo:routepoint_id>820287280</swisstopo:routepoint_id>
				</extensions>
			</trkpt>
			<trkpt lat="46.8377282857" lon="8.5489007937">
				<ele>2162.2</ele>
				<extensions>
					<swisstopo:routepoint_id>670730169</swisstopo:routepoint_id>
				</extensions>
			</trkpt>
			<trkpt lat="46.8377363330" lon="8.5488410827">
				<ele>2163.2</ele>
				<extensions>
					<swisstopo:routepoint_id>1544178652</swisstopo:routepoint_id>
				</extensions>
			</trkpt>
			<trkpt lat="46.8377348910" lon="8.5488068191">
				<ele>2163.9</ele>
				<extensions>
					<swisstopo:routepoint_id>2089183186</swisstopo:routepoint_id>
				</extensions>
			</trkpt>
			<trkpt lat="46.8377185085" lon="8.5487658591">
				<ele>2165.0</ele>
				<extensions>
					<swisstopo:routepoint_id>1982269471</swisstopo:routepoint_id>
				</extensions>
			</trkpt>
			<trkpt lat="46.8376933817" lon="8.5487278809">
				<ele>2166.1</ele>
				<extensions>
					<swisstopo:routepoint_id>1258555882</swisstopo:routepoint_id>
				</extensions>
			</trkpt>
			<trkpt lat="46.8376725072" lon="8.5486835508">
				<ele>2167.3</ele>
				<extensions>
					<swisstopo:routepoint_id>1725907073</swisstopo:routepoint_id>
				</extensions>
			</trkpt>
			<trkpt lat="46.8376653523" lon="8.5486359446">
				<ele>2168.4</ele>
				<extensions>
					<swisstopo:routepoint_id>609836251</swisstopo:routepoint_id>
				</extensions>
			</trkpt>
			<trkpt lat="46.8376599094" lon="8.5485812044">
				<ele>2169.5</ele>
				<extensions>
					<swisstopo:routepoint_id>1726762887</swisstopo:routepoint_id>
				</extensions>
			</trkpt>
			<trkpt lat="46.8376470737" lon="8.5485531584">
				<ele>2170.3</ele>
				<extensions>
					<swisstopo:routepoint_id>2032718309</swisstopo:routepoint_id>
				</extensions>
			</trkpt>
			<trkpt lat="46.8376178388" lon="8.5485238654">
				<ele>2171.4</ele>
				<extensions>
					<swisstopo:routepoint_id>889294426</swisstopo:routepoint_id>
				</extensions>
			</trkpt>
			<trkpt lat="46.8376027201" lon="8.5485047467">
				<ele>2172.2</ele>
				<extensions>
					<swisstopo:routepoint_id>1573451712</swisstopo:routepoint_id>
				</extensions>
			</trkpt>
			<trkpt lat="46.8375916574" lon="8.5484651000">
				<ele>2173.2</ele>
				<extensions>
					<swisstopo:routepoint_id>1788023569</swisstopo:routepoint_id>
				</extensions>
			</trkpt>
			<trkpt lat="46.8375734709" lon="8.5484253191">
				<ele>2174.3</ele>
				<extensions>
					<swisstopo:routepoint_id>1963852216</swisstopo:routepoint_id>
				</extensions>
			</trkpt>
			<trkpt lat="46.8375470200" lon="8.5483916028">
				<ele>2175.4</ele>
				<extensions>
					<swisstopo:routepoint_id>712452263</swisstopo:routepoint_id>
				</extensions>
			</trkpt>
			<trkpt lat="46.8375111455" lon="8.5483702256">
				<ele>2176.4</ele>
				<extensions>
					<swisstopo:routepoint_id>1898240585</swisstopo:routepoint_id>
				</extensions>
			</trkpt>
			<trkpt lat="46.8374836659" lon="8.5483293442">
				<ele>2177.4</ele>
				<extensions>
					<swisstopo:routepoint_id>681271706</swisstopo:routepoint_id>
				</extensions>
			</trkpt>
			<trkpt lat="46.8374735792" lon="8.5482995756">
				<ele>2178.0</ele>
				<extensions>
					<swisstopo:routepoint_id>935212357</swisstopo:routepoint_id>
				</extensions>
			</trkpt>
			<trkpt lat="46.8374744629" lon="8.5482682535">
				<ele>2178.7</ele>
				<extensions>
					<swisstopo:routepoint_id>1980028667</swisstopo:routepoint_id>
				</extensions>
			</trkpt>
			<trkpt lat="46.8374886256" lon="8.5482220089">
				<ele>2179.7</ele>
				<extensions>
					<swisstopo:routepoint_id>66176538</swisstopo:routepoint_id>
				</extensions>
			</trkpt>
			<trkpt lat="46.8375122122" lon="8.5481643083">
				<ele>2181.7</ele>
				<extensions>
					<swisstopo:routepoint_id>2017670045</swisstopo:routepoint_id>
				</extensions>
			</trkpt>
			<trkpt lat="46.8375339386" lon="8.5481262849">
				<ele>2182.6</ele>
				<extensions>
					<swisstopo:routepoint_id>140670535</swisstopo:routepoint_id>
				</extensions>
			</trkpt>
			<trkpt lat="46.8375463199" lon="8.5480934203">
				<ele>2183.4</ele>
				<extensions>
					<swisstopo:routepoint_id>2028790743</swisstopo:routepoint_id>
				</extensions>
			</trkpt>
			<trkpt lat="46.8375461317" lon="8.5480593877">
				<ele>2184.3</ele>
				<extensions>
					<swisstopo:routepoint_id>458954160</swisstopo:routepoint_id>
				</extensions>
			</trkpt>
			<trkpt lat="46.8375252048" lon="8.5480204339">
				<ele>2185.4</ele>
				<extensions>
					<swisstopo:routepoint_id>1963262045</swisstopo:routepoint_id>
				</extensions>
			</trkpt>
			<trkpt lat="46.8374942144" lon="8.5480027423">
				<ele>2186.6</ele>
				<extensions>
					<swisstopo:routepoint_id>1798396389</swisstopo:routepoint_id>
				</extensions>
			</trkpt>
			<trkpt lat="46.8374627398" lon="8.5479778971">
				<ele>2187.8</ele>
				<extensions>
					<swisstopo:routepoint_id>1120933239</swisstopo:routepoint_id>
				</extensions>
			</trkpt>
			<trkpt lat="46.8374244205" lon="8.5479287014">
				<ele>2189.6</ele>
				<extensions>
					<swisstopo:routepoint_id>323077265</swisstopo:routepoint_id>
				</extensions>
			</trkpt>
			<trkpt lat="46.8373803273" lon="8.5478552161">
				<ele>2192.0</ele>
				<extensions>
					<swisstopo:routepoint_id>578703904</swisstopo:routepoint_id>
				</extensions>
			</trkpt>
			<trkpt lat="46.8373475233" lon="8.5478016790">
				<ele>2193.5</ele>
				<extensions>
					<swisstopo:routepoint_id>93692165</swisstopo:routepoint_id>
				</extensions>
			</trkpt>
			<trkpt lat="46.8373303652" lon="8.5477690636">
				<ele>2194.4</ele>
				<extensions>
					<swisstopo:routepoint_id>569746134</swisstopo:routepoint_id>
				</extensions>
			</trkpt>
			<trkpt lat="46.8373124714" lon="8.5477543562">
				<ele>2194.5</ele>
				<extensions>
					<swisstopo:routepoint_id>1458947940</swisstopo:routepoint_id>
				</extensions>
			</trkpt>
			<trkpt lat="46.8372910229" lon="8.5477646426">
				<ele>2194.8</ele>
				<extensions>
					<swisstopo:routepoint_id>2015836316</swisstopo:routepoint_id>
				</extensions>
			</trkpt>
			<trkpt lat="46.8372431032" lon="8.5477958401">
				<ele>2196.2</ele>
				<extensions>
					<swisstopo:routepoint_id>969151652</swisstopo:routepoint_id>
				</extensions>
			</trkpt>
			<trkpt lat="46.8372035264" lon="8.5478128709">
				<ele>2196.6</ele>
				<extensions>
					<swisstopo:routepoint_id>36728563</swisstopo:routepoint_id>
				</extensions>
			</trkpt>
			<trkpt lat="46.8371661540" lon="8.5478299727">
				<ele>2197.6</ele>
				<extensions>
					<swisstopo:routepoint_id>381405094</swisstopo:routepoint_id>
				</extensions>
			</trkpt>
			<trkpt lat="46.8371233964" lon="8.5478380019">
				<ele>2198.8</ele>
				<extensions>
					<swisstopo:routepoint_id>191426900</swisstopo:routepoint_id>
				</extensions>
			</trkpt>
			<trkpt lat="46.8370812703" lon="8.5478388876">
				<ele>2199.9</ele>
				<extensions>
					<swisstopo:routepoint_id>2000811439</swisstopo:routepoint_id>
				</extensions>
			</trkpt>
			<trkpt lat="46.8370408650" lon="8.5478317306">
				<ele>2201.6</ele>
				<extensions>
					<swisstopo:routepoint_id>638218251</swisstopo:routepoint_id>
				</extensions>
			</trkpt>
			<trkpt lat="46.8370197382" lon="8.5478115797">
				<ele>2202.7</ele>
				<extensions>
					<swisstopo:routepoint_id>481359500</swisstopo:routepoint_id>
				</extensions>
			</trkpt>
			<trkpt lat="46.8370107230" lon="8.5477845220">
				<ele>2203.5</ele>
				<extensions>
					<swisstopo:routepoint_id>1320308793</swisstopo:routepoint_id>
				</extensions>
			</trkpt>
			<trkpt lat="46.8370131709" lon="8.5477595056">
				<ele>2204.3</ele>
				<extensions>
					<swisstopo:routepoint_id>467983901</swisstopo:routepoint_id>
				</extensions>
			</trkpt>
			<trkpt lat="46.8370226292" lon="8.5477444913">
				<ele>2205.2</ele>
				<extensions>
					<swisstopo:routepoint_id>683358751</swisstopo:routepoint_id>
				</extensions>
			</trkpt>
			<trkpt lat="46.8370437066" lon="8.5477171832">
				<ele>2206.3</ele>
				<extensions>
					<swisstopo:routepoint_id>1849046184</swisstopo:routepoint_id>
				</extensions>
			</trkpt>
			<trkpt lat="46.8370516789" lon="8.5476869036">
				<ele>2207.1</ele>
				<extensions>
					<swisstopo:routepoint_id>1720192414</swisstopo:routepoint_id>
				</extensions>
			</trkpt>
			<trkpt lat="46.8370515773" lon="8.5476448205">
				<ele>2208.6</ele>
				<extensions>
					<swisstopo:routepoint_id>857460312</swisstopo:routepoint_id>
				</extensions>
			</trkpt>
			<trkpt lat="46.8370387675" lon="8.5476149961">
				<ele>2209.9</ele>
				<extensions>
					<swisstopo:routepoint_id>480094813</swisstopo:routepoint_id>
				</extensions>
			</trkpt>
			<trkpt lat="46.8370229477" lon="8.5476101764">
				<ele>2210.8</ele>
				<extensions>
					<swisstopo:routepoint_id>904023734</swisstopo:routepoint_id>
				</extensions>
			</trkpt>
			<trkpt lat="46.8369951378" lon="8.5476015124">
				<ele>2211.9</ele>
				<extensions>
					<swisstopo:routepoint_id>440360128</swisstopo:routepoint_id>
				</extensions>
			</trkpt>
			<trkpt lat="46.8369650712" lon="8.5475999840">
				<ele>2213.0</ele>
				<extensions>
					<swisstopo:routepoint_id>462692845</swisstopo:routepoint_id>
				</extensions>
			</trkpt>
			<trkpt lat="46.8369345559" lon="8.5475885629">
				<ele>2214.1</ele>
				<extensions>
					<swisstopo:routepoint_id>1051984028</swisstopo:routepoint_id>
				</extensions>
			</trkpt>
			<trkpt lat="46.8368816330" lon="8.5475748878">
				<ele>2215.2</ele>
				<extensions>
					<swisstopo:routepoint_id>348372250</swisstopo:routepoint_id>
				</extensions>
			</trkpt>
			<trkpt lat="46.8368336466" lon="8.5475604056">
				<ele>2216.3</ele>
				<extensions>
					<swisstopo:routepoint_id>525679544</swisstopo:routepoint_id>
				</extensions>
			</trkpt>
			<trkpt lat="46.8368244837" lon="8.5475467872">
				<ele>2216.7</ele>
				<extensions>
					<swisstopo:routepoint_id>1679992900</swisstopo:routepoint_id>
				</extensions>
			</trkpt>
			<trkpt lat="46.8368232148" lon="8.5475118366">
				<ele>2217.8</ele>
				<extensions>
					<swisstopo:routepoint_id>1001202735</swisstopo:routepoint_id>
				</extensions>
			</trkpt>
			<trkpt lat="46.8368268041" lon="8.5474823502">
				<ele>2218.8</ele>
				<extensions>
					<swisstopo:routepoint_id>1834371181</swisstopo:routepoint_id>
				</extensions>
			</trkpt>
			<trkpt lat="46.8368429017" lon="8.5474603292">
				<ele>2219.5</ele>
				<extensions>
					<swisstopo:routepoint_id>629903092</swisstopo:routepoint_id>
				</extensions>
			</trkpt>
			<trkpt lat="46.8368518501" lon="8.5474417197">
				<ele>2219.7</ele>
				<extensions>
					<swisstopo:routepoint_id>1739669171</swisstopo:routepoint_id>
				</extensions>
			</trkpt>
			<trkpt lat="46.8368636690" lon="8.5474097401">
				<ele>2221.1</ele>
				<extensions>
					<swisstopo:routepoint_id>2017641843</swisstopo:routepoint_id>
				</extensions>
			</trkpt>
			<trkpt lat="46.8368761717" lon="8.5473661372">
				<ele>2223.4</ele>
				<extensions>
					<swisstopo:routepoint_id>1364098624</swisstopo:routepoint_id>
				</extensions>
			</trkpt>
			<trkpt lat="46.8368780660" lon="8.5473411094">
				<ele>2224.2</ele>
				<extensions>
					<swisstopo:routepoint_id>861400093</swisstopo:routepoint_id>
				</extensions>
			</trkpt>
			<trkpt lat="46.8368686976" lon="8.5472961342">
				<ele>2225.1</ele>
				<extensions>
					<swisstopo:routepoint_id>783428550</swisstopo:routepoint_id>
				</extensions>
			</trkpt>
			<trkpt lat="46.8368551866" lon="8.5472797122">
				<ele>2225.6</ele>
				<extensions>
					<swisstopo:routepoint_id>1239446350</swisstopo:routepoint_id>
				</extensions>
			</trkpt>
			<trkpt lat="46.8368269624" lon="8.5472594026">
				<ele>2226.7</ele>
				<extensions>
					<swisstopo:routepoint_id>1078479290</swisstopo:routepoint_id>
				</extensions>
			</trkpt>
			<trkpt lat="46.8368179036" lon="8.5472359416">
				<ele>2227.5</ele>
				<extensions>
					<swisstopo:routepoint_id>1143122936</swisstopo:routepoint_id>
				</extensions>
			</trkpt>
			<trkpt lat="46.8368080338" lon="8.5471855792">
				<ele>2228.5</ele>
				<extensions>
					<swisstopo:routepoint_id>1539734698</swisstopo:routepoint_id>
				</extensions>
			</trkpt>
			<trkpt lat="46.8368126192" lon="8.5471140452">
				<ele>2230.6</ele>
				<extensions>
					<swisstopo:routepoint_id>182807244</swisstopo:routepoint_id>
				</extensions>
			</trkpt>
			<trkpt lat="46.8368228911" lon="8.5470739810">
				<ele>2231.7</ele>
				<extensions>
					<swisstopo:routepoint_id>1129142369</swisstopo:routepoint_id>
				</extensions>
			</trkpt>
			<trkpt lat="46.8368341045" lon="8.5470473657">
				<ele>2232.8</ele>
				<extensions>
					<swisstopo:routepoint_id>1036052035</swisstopo:routepoint_id>
				</extensions>
			</trkpt>
			<trkpt lat="46.8368491132" lon="8.5470252964">
				<ele>2233.7</ele>
				<extensions>
					<swisstopo:routepoint_id>1824151401</swisstopo:routepoint_id>
				</extensions>
			</trkpt>
			<trkpt lat="46.8368804338" lon="8.5470116541">
				<ele>2235.1</ele>
				<extensions>
					<swisstopo:routepoint_id>1096402323</swisstopo:routepoint_id>
				</extensions>
			</trkpt>
			<trkpt lat="46.8369105351" lon="8.5470105202">
				<ele>2236.1</ele>
				<extensions>
					<swisstopo:routepoint_id>1991665616</swisstopo:routepoint_id>
				</extensions>
			</trkpt>
			<trkpt lat="46.8369428409" lon="8.5470076263">
				<ele>2237.4</ele>
				<extensions>
					<swisstopo:routepoint_id>134791422</swisstopo:routepoint_id>
				</extensions>
			</trkpt>
			<trkpt lat="46.8369631564" lon="8.5470000049">
				<ele>2238.0</ele>
				<extensions>
					<swisstopo:routepoint_id>752719757</swisstopo:routepoint_id>
				</extensions>
			</trkpt>
			<trkpt lat="46.8369677738" lon="8.5469777217">
				<ele>2238.7</ele>
				<extensions>
					<swisstopo:routepoint_id>1618164195</swisstopo:routepoint_id>
				</extensions>
			</trkpt>
			<trkpt lat="46.8369756328" lon="8.5469581937">
				<ele>2239.3</ele>
				<extensions>
					<swisstopo:routepoint_id>71138161</swisstopo:routepoint_id>
				</extensions>
			</trkpt>
			<trkpt lat="46.8369951544" lon="8.5469228133">
				<ele>2240.5</ele>
				<extensions>
					<swisstopo:routepoint_id>453087889</swisstopo:routepoint_id>
				</extensions>
			</trkpt>
			<trkpt lat="46.8370151426" lon="8.5468945862">
				<ele>2241.2</ele>
				<extensions>
					<swisstopo:routepoint_id>557884613</swisstopo:routepoint_id>
				</extensions>
			</trkpt>
			<trkpt lat="46.8370169502" lon="8.5468794016">
				<ele>2241.5</ele>
				<extensions>
					<swisstopo:routepoint_id>1176312985</swisstopo:routepoint_id>
				</extensions>
			</trkpt>
			<trkpt lat="46.8370107273" lon="8.5468461412">
				<ele>2242.1</ele>
				<extensions>
					<swisstopo:routepoint_id>1173410998</swisstopo:routepoint_id>
				</extensions>
			</trkpt>
			<trkpt lat="46.8369901971" lon="8.5468215221">
				<ele>2242.9</ele>
				<extensions>
					<swisstopo:routepoint_id>176652336</swisstopo:routepoint_id>
				</extensions>
			</trkpt>
			<trkpt lat="46.8369620944" lon="8.5467886690">
				<ele>2244.3</ele>
				<extensions>
					<swisstopo:routepoint_id>258495631</swisstopo:routepoint_id>
				</extensions>
			</trkpt>
			<trkpt lat="46.8369268683" lon="8.5467574743">
				<ele>2245.4</ele>
				<extensions>
					<swisstopo:routepoint_id>2132932886</swisstopo:routepoint_id>
				</extensions>
			</trkpt>
			<trkpt lat="46.8369188205" lon="8.5467420739">
				<ele>2245.8</ele>
				<extensions>
					<swisstopo:routepoint_id>447332998</swisstopo:routepoint_id>
				</extensions>
			</trkpt>
			<trkpt lat="46.8369137218" lon="8.5467070444">
				<ele>2246.5</ele>
				<extensions>
					<swisstopo:routepoint_id>583183358</swisstopo:routepoint_id>
				</extensions>
			</trkpt>
			<trkpt lat="46.8369116152" lon="8.5466470097">
				<ele>2247.7</ele>
				<extensions>
					<swisstopo:routepoint_id>441618770</swisstopo:routepoint_id>
				</extensions>
			</trkpt>
			<trkpt lat="46.8369016842" lon="8.5466029193">
				<ele>2248.7</ele>
				<extensions>
					<swisstopo:routepoint_id>1949205965</swisstopo:routepoint_id>
				</extensions>
			</trkpt>
			<trkpt lat="46.8368802471" lon="8.5465603713">
				<ele>2250.0</ele>
				<extensions>
					<swisstopo:routepoint_id>1674455579</swisstopo:routepoint_id>
				</extensions>
			</trkpt>
			<trkpt lat="46.8368663475" lon="8.5465296287">
				<ele>2250.8</ele>
				<extensions>
					<swisstopo:routepoint_id>1636107281</swisstopo:routepoint_id>
				</extensions>
			</trkpt>
			<trkpt lat="46.8368687690" lon="8.5465072875">
				<ele>2251.4</ele>
				<extensions>
					<swisstopo:routepoint_id>394022026</swisstopo:routepoint_id>
				</extensions>
			</trkpt>
			<trkpt lat="46.8368843048" lon="8.5464870341">
				<ele>2252.2</ele>
				<extensions>
					<swisstopo:routepoint_id>1391856571</swisstopo:routepoint_id>
				</extensions>
			</trkpt>
			<trkpt lat="46.8369157296" lon="8.5464635358">
				<ele>2253.4</ele>
				<extensions>
					<swisstopo:routepoint_id>1401626702</swisstopo:routepoint_id>
				</extensions>
			</trkpt>
			<trkpt lat="46.8369366505" lon="8.5464505498">
				<ele>2253.2</ele>
				<extensions>
					<swisstopo:routepoint_id>447289486</swisstopo:routepoint_id>
				</extensions>
			</trkpt>
			<trkpt lat="46.8369568965" lon="8.5464501087">
				<ele>2253.5</ele>
				<extensions>
					<swisstopo:routepoint_id>270139092</swisstopo:routepoint_id>
				</extensions>
			</trkpt>
			<trkpt lat="46.8369868851" lon="8.5464597004">
				<ele>2254.6</ele>
				<extensions>
					<swisstopo:routepoint_id>1386482727</swisstopo:routepoint_id>
				</extensions>
			</trkpt>
			<trkpt lat="46.8370049699" lon="8.5464565263">
				<ele>2255.3</ele>
				<extensions>
					<swisstopo:routepoint_id>501847728</swisstopo:routepoint_id>
				</extensions>
			</trkpt>
			<trkpt lat="46.8370149899" lon="8.5464397311">
				<ele>2255.8</ele>
				<extensions>
					<swisstopo:routepoint_id>188239737</swisstopo:routepoint_id>
				</extensions>
			</trkpt>
			<trkpt lat="46.8370179909" lon="8.5464147133">
				<ele>2256.4</ele>
				<extensions>
					<swisstopo:routepoint_id>868485428</swisstopo:routepoint_id>
				</extensions>
			</trkpt>
			<trkpt lat="46.8370106440" lon="8.5463850145">
				<ele>2257.0</ele>
				<extensions>
					<swisstopo:routepoint_id>655783576</swisstopo:routepoint_id>
				</extensions>
			</trkpt>
			<trkpt lat="46.8369838213" lon="8.5463342903">
				<ele>2258.4</ele>
				<extensions>
					<swisstopo:routepoint_id>1676167446</swisstopo:routepoint_id>
				</extensions>
			</trkpt>
			<trkpt lat="46.8369511119" lon="8.5462708988">
				<ele>2259.7</ele>
				<extensions>
					<swisstopo:routepoint_id>1614258171</swisstopo:routepoint_id>
				</extensions>
			</trkpt>
			<trkpt lat="46.8369216357" lon="8.5462129510">
				<ele>2261.2</ele>
				<extensions>
					<swisstopo:routepoint_id>1349636255</swisstopo:routepoint_id>
				</extensions>
			</trkpt>
			<trkpt lat="46.8369029737" lon="8.5461668758">
				<ele>2262.4</ele>
				<extensions>
					<swisstopo:routepoint_id>1344126264</swisstopo:routepoint_id>
				</extensions>
			</trkpt>
			<trkpt lat="46.8368798589" lon="8.5461278781">
				<ele>2264.2</ele>
				<extensions>
					<swisstopo:routepoint_id>1621904805</swisstopo:routepoint_id>
				</extensions>
			</trkpt>
			<trkpt lat="46.8368636073" lon="8.5461132053">
				<ele>2264.8</ele>
				<extensions>
					<swisstopo:routepoint_id>961206277</swisstopo:routepoint_id>
				</extensions>
			</trkpt>
			<trkpt lat="46.8368331437" lon="8.5460964220">
				<ele>2266.1</ele>
				<extensions>
					<swisstopo:routepoint_id>575675316</swisstopo:routepoint_id>
				</extensions>
			</trkpt>
			<trkpt lat="46.8367921937" lon="8.5460892678">
				<ele>2267.6</ele>
				<extensions>
					<swisstopo:routepoint_id>1153953739</swisstopo:routepoint_id>
				</extensions>
			</trkpt>
			<trkpt lat="46.8367388648" lon="8.5460621564">
				<ele>2269.3</ele>
				<extensions>
					<swisstopo:routepoint_id>1061608145</swisstopo:routepoint_id>
				</extensions>
			</trkpt>
			<trkpt lat="46.8366887433" lon="8.5460422546">
				<ele>2271.7</ele>
				<extensions>
					<swisstopo:routepoint_id>946862345</swisstopo:routepoint_id>
				</extensions>
			</trkpt>
			<trkpt lat="46.8366269851" lon="8.5460364393">
				<ele>2274.7</ele>
				<extensions>
					<swisstopo:routepoint_id>58831995</swisstopo:routepoint_id>
				</extensions>
			</trkpt>
			<trkpt lat="46.8365852822" lon="8.5460489595">
				<ele>2276.3</ele>
				<extensions>
					<swisstopo:routepoint_id>2099444436</swisstopo:routepoint_id>
				</extensions>
			</trkpt>
			<trkpt lat="46.8365418150" lon="8.5460722099">
				<ele>2277.4</ele>
				<extensions>
					<swisstopo:routepoint_id>685500192</swisstopo:routepoint_id>
				</extensions>
			</trkpt>
			<trkpt lat="46.8365054629" lon="8.5460964773">
				<ele>2278.3</ele>
				<extensions>
					<swisstopo:routepoint_id>1936570932</swisstopo:routepoint_id>
				</extensions>
			</trkpt>
			<trkpt lat="46.8364838497" lon="8.5461228915">
				<ele>2278.5</ele>
				<extensions>
					<swisstopo:routepoint_id>6120563</swisstopo:routepoint_id>
				</extensions>
			</trkpt>
			<trkpt lat="46.8364420328" lon="8.5461616921">
				<ele>2279.2</ele>
				<extensions>
					<swisstopo:routepoint_id>503426649</swisstopo:routepoint_id>
				</extensions>
			</trkpt>
			<trkpt lat="46.8364236917" lon="8.5461668452">
				<ele>2280.1</ele>
				<extensions>
					<swisstopo:routepoint_id>1897333736</swisstopo:routepoint_id>
				</extensions>
			</trkpt>
			<trkpt lat="46.8364146830" lon="8.5461526926">
				<ele>2280.4</ele>
				<extensions>
					<swisstopo:routepoint_id>380621386</swisstopo:routepoint_id>
				</extensions>
			</trkpt>
			<trkpt lat="46.8364194846" lon="8.5461295300">
				<ele>2280.8</ele>
				<extensions>
					<swisstopo:routepoint_id>2059215034</swisstopo:routepoint_id>
				</extensions>
			</trkpt>
			<trkpt lat="46.8364180599" lon="8.5461006447">
				<ele>2281.6</ele>
				<extensions>
					<swisstopo:routepoint_id>1678678639</swisstopo:routepoint_id>
				</extensions>
			</trkpt>
			<trkpt lat="46.8364355462" lon="8.5460340878">
				<ele>2283.0</ele>
				<extensions>
					<swisstopo:routepoint_id>1033912588</swisstopo:routepoint_id>
				</extensions>
			</trkpt>
			<trkpt lat="46.8364387465" lon="8.5459893845">
				<ele>2283.7</ele>
				<extensions>
					<swisstopo:routepoint_id>1883438024</swisstopo:routepoint_id>
				</extensions>
			</trkpt>
			<trkpt lat="46.8364424741" lon="8.5459473806">
				<ele>2284.8</ele>
				<extensions>
					<swisstopo:routepoint_id>973360289</swisstopo:routepoint_id>
				</extensions>
			</trkpt>
			<trkpt lat="46.8364472822" lon="8.5459062951">
				<ele>2286.0</ele>
				<extensions>
					<swisstopo:routepoint_id>967045255</swisstopo:routepoint_id>
				</extensions>
			</trkpt>
			<trkpt lat="46.8364489006" lon="8.5458561952">
				<ele>2287.5</ele>
				<extensions>
					<swisstopo:routepoint_id>735136578</swisstopo:routepoint_id>
				</extensions>
			</trkpt>
			<trkpt lat="46.8364564490" lon="8.5458142827">
				<ele>2288.9</ele>
				<extensions>
					<swisstopo:routepoint_id>1906802737</swisstopo:routepoint_id>
				</extensions>
			</trkpt>
			<trkpt lat="46.8364474250" lon="8.5457881087">
				<ele>2289.6</ele>
				<extensions>
					<swisstopo:routepoint_id>1743322794</swisstopo:routepoint_id>
				</extensions>
			</trkpt>
			<trkpt lat="46.8364438122" lon="8.5457674358">
				<ele>2290.5</ele>
				<extensions>
					<swisstopo:routepoint_id>678579252</swisstopo:routepoint_id>
				</extensions>
			</trkpt>
			<trkpt lat="46.8364389211" lon="8.5457118251">
				<ele>2292.0</ele>
				<extensions>
					<swisstopo:routepoint_id>2139346539</swisstopo:routepoint_id>
				</extensions>
			</trkpt>
			<trkpt lat="46.8364306065" lon="8.5456704440">
				<ele>2292.4</ele>
				<extensions>
					<swisstopo:routepoint_id>296944360</swisstopo:routepoint_id>
				</extensions>
			</trkpt>
			<trkpt lat="46.8364056011" lon="8.5456515842">
				<ele>2291.8</ele>
				<extensions>
					<swisstopo:routepoint_id>345388543</swisstopo:routepoint_id>
				</extensions>
			</trkpt>
			<trkpt lat="46.8363610760" lon="8.5456371110">
				<ele>2290.4</ele>
				<extensions>
					<swisstopo:routepoint_id>568483378</swisstopo:routepoint_id>
				</extensions>
			</trkpt>
			<trkpt lat="46.8363303761" lon="8.5456329334">
				<ele>2289.3</ele>
				<extensions>
					<swisstopo:routepoint_id>552652779</swisstopo:routepoint_id>
				</extensions>
			</trkpt>
			<trkpt lat="46.8362867162" lon="8.5456361576">
				<ele>2287.9</ele>
				<extensions>
					<swisstopo:routepoint_id>1677055722</swisstopo:routepoint_id>
				</extensions>
			</trkpt>
			<trkpt lat="46.8362511490" lon="8.5456501484">
				<ele>2286.8</ele>
				<extensions>
					<swisstopo:routepoint_id>595906069</swisstopo:routepoint_id>
				</extensions>
			</trkpt>
			<trkpt lat="46.8361964520" lon="8.5456790700">
				<ele>2285.3</ele>
				<extensions>
					<swisstopo:routepoint_id>2086315755</swisstopo:routepoint_id>
				</extensions>
			</trkpt>
			<trkpt lat="46.8361436441" lon="8.5456997729">
				<ele>2283.7</ele>
				<extensions>
					<swisstopo:routepoint_id>2019834612</swisstopo:routepoint_id>
				</extensions>
			</trkpt>
			<trkpt lat="46.8360675264" lon="8.5457207004">
				<ele>2281.5</ele>
				<extensions>
					<swisstopo:routepoint_id>461892410</swisstopo:routepoint_id>
				</extensions>
			</trkpt>
			<trkpt lat="46.8360145727" lon="8.5457410418">
				<ele>2279.9</ele>
				<extensions>
					<swisstopo:routepoint_id>1717298870</swisstopo:routepoint_id>
				</extensions>
			</trkpt>
			<trkpt lat="46.8359610149" lon="8.5457684374">
				<ele>2278.7</ele>
				<extensions>
					<swisstopo:routepoint_id>703110152</swisstopo:routepoint_id>
				</extensions>
			</trkpt>
			<trkpt lat="46.8359016153" lon="8.5457948679">
				<ele>2278.0</ele>
				<extensions>
					<swisstopo:routepoint_id>1570246305</swisstopo:routepoint_id>
				</extensions>
			</trkpt>
			<trkpt lat="46.8358455326" lon="8.5458080908">
				<ele>2276.8</ele>
				<extensions>
					<swisstopo:routepoint_id>753444031</swisstopo:routepoint_id>
				</extensions>
			</trkpt>
			<trkpt lat="46.8357872126" lon="8.5458318933">
				<ele>2275.4</ele>
				<extensions>
					<swisstopo:routepoint_id>1838445181</swisstopo:routepoint_id>
				</extensions>
			</trkpt>
			<trkpt lat="46.8357379924" lon="8.5458522858">
				<ele>2274.7</ele>
				<extensions>
					<swisstopo:routepoint_id>173753122</swisstopo:routepoint_id>
				</extensions>
			</trkpt>
			<trkpt lat="46.8356817474" lon="8.5458831720">
				<ele>2273.7</ele>
				<extensions>
					<swisstopo:routepoint_id>772271370</swisstopo:routepoint_id>
				</extensions>
			</trkpt>
			<trkpt lat="46.8356426549" lon="8.5459028509">
				<ele>2273.4</ele>
				<extensions>
					<swisstopo:routepoint_id>972783083</swisstopo:routepoint_id>
				</extensions>
			</trkpt>
			<trkpt lat="46.8356047532" lon="8.5459093298">
				<ele>2272.4</ele>
				<extensions>
					<swisstopo:routepoint_id>1121778528</swisstopo:routepoint_id>
				</extensions>
			</trkpt>
			<trkpt lat="46.8355684586" lon="8.5459140495">
				<ele>2271.5</ele>
				<extensions>
					<swisstopo:routepoint_id>1435214976</swisstopo:routepoint_id>
				</extensions>
			</trkpt>
			<trkpt lat="46.8355086940" lon="8.5459219222">
				<ele>2269.7</ele>
				<extensions>
					<swisstopo:routepoint_id>1713012494</swisstopo:routepoint_id>
				</extensions>
			</trkpt>
			<trkpt lat="46.8354718812" lon="8.5459266313">
				<ele>2268.7</ele>
				<extensions>
					<swisstopo:routepoint_id>1989657933</swisstopo:routepoint_id>
				</extensions>
			</trkpt>
			<trkpt lat="46.8354365043" lon="8.5459472698">
				<ele>2268.3</ele>
				<extensions>
					<swisstopo:routepoint_id>1036231008</swisstopo:routepoint_id>
				</extensions>
			</trkpt>
			<trkpt lat="46.8353925135" lon="8.5459792272">
				<ele>2267.7</ele>
				<extensions>
					<swisstopo:routepoint_id>1660857302</swisstopo:routepoint_id>
				</extensions>
			</trkpt>
			<trkpt lat="46.8353544329" lon="8.5460050844">
				<ele>2266.9</ele>
				<extensions>
					<swisstopo:routepoint_id>1898169241</swisstopo:routepoint_id>
				</extensions>
			</trkpt>
			<trkpt lat="46.8352927106" lon="8.5460508997">
				<ele>2265.7</ele>
				<extensions>
					<swisstopo:routepoint_id>593619308</swisstopo:routepoint_id>
				</extensions>
			</trkpt>
			<trkpt lat="46.8352551743" lon="8.5460758975">
				<ele>2264.8</ele>
				<extensions>
					<swisstopo:routepoint_id>1226913286</swisstopo:routepoint_id>
				</extensions>
			</trkpt>
			<trkpt lat="46.8352203848" lon="8.5460912224">
				<ele>2263.8</ele>
				<extensions>
					<swisstopo:routepoint_id>1019191794</swisstopo:routepoint_id>
				</extensions>
			</trkpt>
			<trkpt lat="46.8351903915" lon="8.5461075166">
				<ele>2263.3</ele>
				<extensions>
					<swisstopo:routepoint_id>724790054</swisstopo:routepoint_id>
				</extensions>
			</trkpt>
			<trkpt lat="46.8351491558" lon="8.5461280472">
				<ele>2262.5</ele>
				<extensions>
					<swisstopo:routepoint_id>701006728</swisstopo:routepoint_id>
				</extensions>
			</trkpt>
			<trkpt lat="46.8351057775" lon="8.5461511964">
				<ele>2261.7</ele>
				<extensions>
					<swisstopo:routepoint_id>1846747317</swisstopo:routepoint_id>
				</extensions>
			</trkpt>
			<trkpt lat="46.8350542602" lon="8.5461892202">
				<ele>2260.6</ele>
				<extensions>
					<swisstopo:routepoint_id>1953250537</swisstopo:routepoint_id>
				</extensions>
			</trkpt>
			<trkpt lat="46.8350001326" lon="8.5462210070">
				<ele>2259.5</ele>
				<extensions>
					<swisstopo:routepoint_id>1059100239</swisstopo:routepoint_id>
				</extensions>
			</trkpt>
			<trkpt lat="46.8349568138" lon="8.5462370907">
				<ele>2258.7</ele>
				<extensions>
					<swisstopo:routepoint_id>734247643</swisstopo:routepoint_id>
				</extensions>
			</trkpt>
			<trkpt lat="46.8349226368" lon="8.5462445037">
				<ele>2258.2</ele>
				<extensions>
					<swisstopo:routepoint_id>831463696</swisstopo:routepoint_id>
				</extensions>
			</trkpt>
			<trkpt lat="46.8348751855" lon="8.5462455243">
				<ele>2258.0</ele>
				<extensions>
					<swisstopo:routepoint_id>1390860413</swisstopo:routepoint_id>
				</extensions>
			</trkpt>
			<trkpt lat="46.8348369018" lon="8.5462360952">
				<ele>2257.9</ele>
				<extensions>
					<swisstopo:routepoint_id>863446056</swisstopo:routepoint_id>
				</extensions>
			</trkpt>
			<trkpt lat="46.8348039076" lon="8.5462311533">
				<ele>2257.7</ele>
				<extensions>
					<swisstopo:routepoint_id>1097878440</swisstopo:routepoint_id>
				</extensions>
			</trkpt>
			<trkpt lat="46.8347783196" lon="8.5462316381">
				<ele>2257.5</ele>
				<extensions>
					<swisstopo:routepoint_id>1354972004</swisstopo:routepoint_id>
				</extensions>
			</trkpt>
			<trkpt lat="46.8347499249" lon="8.5462470687">
				<ele>2257.3</ele>
				<extensions>
					<swisstopo:routepoint_id>1602739475</swisstopo:routepoint_id>
				</extensions>
			</trkpt>
			<trkpt lat="46.8347130095" lon="8.5462623752">
				<ele>2256.5</ele>
				<extensions>
					<swisstopo:routepoint_id>1114405166</swisstopo:routepoint_id>
				</extensions>
			</trkpt>
			<trkpt lat="46.8346793428" lon="8.5462724359">
				<ele>2255.9</ele>
				<extensions>
					<swisstopo:routepoint_id>1787101844</swisstopo:routepoint_id>
				</extensions>
			</trkpt>
			<trkpt lat="46.8346461433" lon="8.5462886764">
				<ele>2255.5</ele>
				<extensions>
					<swisstopo:routepoint_id>1173191793</swisstopo:routepoint_id>
				</extensions>
			</trkpt>
			<trkpt lat="46.8346160646" lon="8.5463137889">
				<ele>2254.9</ele>
				<extensions>
					<swisstopo:routepoint_id>117621119</swisstopo:routepoint_id>
				</extensions>
			</trkpt>
			<trkpt lat="46.8345880948" lon="8.5463415819">
				<ele>2254.0</ele>
				<extensions>
					<swisstopo:routepoint_id>2116186219</swisstopo:routepoint_id>
				</extensions>
			</trkpt>
			<trkpt lat="46.8345795140" lon="8.5463467563">
				<ele>2253.8</ele>
				<extensions>
					<swisstopo:routepoint_id>1140501442</swisstopo:routepoint_id>
				</extensions>
			</trkpt>
			<trkpt lat="46.8345624981" lon="8.5463429625">
				<ele>2253.4</ele>
				<extensions>
					<swisstopo:routepoint_id>1301948675</swisstopo:routepoint_id>
				</extensions>
			</trkpt>
			<trkpt lat="46.8345259071" lon="8.5463229684">
				<ele>2252.9</ele>
				<extensions>
					<swisstopo:routepoint_id>657598191</swisstopo:routepoint_id>
				</extensions>
			</trkpt>
			<trkpt lat="46.8344855656" lon="8.5463046896">
				<ele>2251.6</ele>
				<extensions>
					<swisstopo:routepoint_id>332121592</swisstopo:routepoint_id>
				</extensions>
			</trkpt>
			<trkpt lat="46.8344429789" lon="8.5462996014">
				<ele>2250.7</ele>
				<extensions>
					<swisstopo:routepoint_id>1731857290</swisstopo:routepoint_id>
				</extensions>
			</trkpt>
			<trkpt lat="46.8343742255" lon="8.5462985193">
				<ele>2249.3</ele>
				<extensions>
					<swisstopo:routepoint_id>1286012214</swisstopo:routepoint_id>
				</extensions>
			</trkpt>
			<trkpt lat="46.8343246827" lon="8.5462959764">
				<ele>2248.0</ele>
				<extensions>
					<swisstopo:routepoint_id>464659758</swisstopo:routepoint_id>
				</extensions>
			</trkpt>
			<trkpt lat="46.8342894000" lon="8.5463068869">
				<ele>2246.9</ele>
				<extensions>
					<swisstopo:routepoint_id>659720517</swisstopo:routepoint_id>
				</extensions>
			</trkpt>
			<trkpt lat="46.8342631912" lon="8.5463179459">
				<ele>2246.2</ele>
				<extensions>
					<swisstopo:routepoint_id>643888250</swisstopo:routepoint_id>
				</extensions>
			</trkpt>
			<trkpt lat="46.8342391848" lon="8.5463202170">
				<ele>2245.1</ele>
				<extensions>
					<swisstopo:routepoint_id>962681364</swisstopo:routepoint_id>
				</extensions>
			</trkpt>
			<trkpt lat="46.8342008583" lon="8.5463143203">
				<ele>2243.6</ele>
				<extensions>
					<swisstopo:routepoint_id>1730617076</swisstopo:routepoint_id>
				</extensions>
			</trkpt>
			<trkpt lat="46.8341460346" lon="8.5463063945">
				<ele>2241.7</ele>
				<extensions>
					<swisstopo:routepoint_id>1016282981</swisstopo:routepoint_id>
				</extensions>
			</trkpt>
			<trkpt lat="46.8340971299" lon="8.5462923944">
				<ele>2239.9</ele>
				<extensions>
					<swisstopo:routepoint_id>914149717</swisstopo:routepoint_id>
				</extensions>
			</trkpt>
			<trkpt lat="46.8340449423" lon="8.5462880433">
				<ele>2238.2</ele>
				<extensions>
					<swisstopo:routepoint_id>2126327692</swisstopo:routepoint_id>
				</extensions>
			</trkpt>
			<trkpt lat="46.8340055613" lon="8.5462803583">
				<ele>2237.1</ele>
				<extensions>
					<swisstopo:routepoint_id>46763721</swisstopo:routepoint_id>
				</extensions>
			</trkpt>
			<trkpt lat="46.8339886479" lon="8.5462659799">
				<ele>2236.6</ele>
				<extensions>
					<swisstopo:routepoint_id>242771803</swisstopo:routepoint_id>
				</extensions>
			</trkpt>
			<trkpt lat="46.8339766671" lon="8.5462357905">
				<ele>2235.4</ele>
				<extensions>
					<swisstopo:routepoint_id>2105332946</swisstopo:routepoint_id>
				</extensions>
			</trkpt>
			<trkpt lat="46.8339696530" lon="8.5461871410">
				<ele>2234.2</ele>
				<extensions>
					<swisstopo:routepoint_id>1403074658</swisstopo:routepoint_id>
				</extensions>
			</trkpt>
			<trkpt lat="46.8339689140" lon="8.5461509487">
				<ele>2233.5</ele>
				<extensions>
					<swisstopo:routepoint_id>766722494</swisstopo:routepoint_id>
				</extensions>
			</trkpt>
			<trkpt lat="46.8339736356" lon="8.5461024895">
				<ele>2232.5</ele>
				<extensions>
					<swisstopo:routepoint_id>941095007</swisstopo:routepoint_id>
				</extensions>
			</trkpt>
			<trkpt lat="46.8339739853" lon="8.5460645529">
				<ele>2231.7</ele>
				<extensions>
					<swisstopo:routepoint_id>47587613</swisstopo:routepoint_id>
				</extensions>
			</trkpt>
			<trkpt lat="46.8339691055" lon="8.5460150642">
				<ele>2231.0</ele>
				<extensions>
					<swisstopo:routepoint_id>1895773336</swisstopo:routepoint_id>
				</extensions>
			</trkpt>
			<trkpt lat="46.8339705268" lon="8.5459762536">
				<ele>2230.3</ele>
				<extensions>
					<swisstopo:routepoint_id>1953253454</swisstopo:routepoint_id>
				</extensions>
			</trkpt>
			<trkpt lat="46.8339773995" lon="8.5459251887">
				<ele>2229.5</ele>
				<extensions>
					<swisstopo:routepoint_id>1264176175</swisstopo:routepoint_id>
				</extensions>
			</trkpt>
			<trkpt lat="46.8339815848" lon="8.5458758353">
				<ele>2228.8</ele>
				<extensions>
					<swisstopo:routepoint_id>1526453491</swisstopo:routepoint_id>
				</extensions>
			</trkpt>
			<trkpt lat="46.8339765858" lon="8.5458404642">
				<ele>2228.2</ele>
				<extensions>
					<swisstopo:routepoint_id>1737550371</swisstopo:routepoint_id>
				</extensions>
			</trkpt>
			<trkpt lat="46.8339764422" lon="8.5457972176">
				<ele>2227.7</ele>
				<extensions>
					<swisstopo:routepoint_id>192785321</swisstopo:routepoint_id>
				</extensions>
			</trkpt>
			<trkpt lat="46.8339800918" lon="8.5457487492">
				<ele>2227.0</ele>
				<extensions>
					<swisstopo:routepoint_id>1775291877</swisstopo:routepoint_id>
				</extensions>
			</trkpt>
			<trkpt lat="46.8339746593" lon="8.5457018862">
				<ele>2226.4</ele>
				<extensions>
					<swisstopo:routepoint_id>208248120</swisstopo:routepoint_id>
				</extensions>
			</trkpt>
			<trkpt lat="46.8339655872" lon="8.5456452704">
				<ele>2225.5</ele>
				<extensions>
					<swisstopo:routepoint_id>325195105</swisstopo:routepoint_id>
				</extensions>
			</trkpt>
			<trkpt lat="46.8339531045" lon="8.5456115505">
				<ele>2224.9</ele>
				<extensions>
					<swisstopo:routepoint_id>1800854389</swisstopo:routepoint_id>
				</extensions>
			</trkpt>
			<trkpt lat="46.8339347200" lon="8.5455821384">
				<ele>2224.2</ele>
				<extensions>
					<swisstopo:routepoint_id>437730252</swisstopo:routepoint_id>
				</extensions>
			</trkpt>
			<trkpt lat="46.8339063867" lon="8.5455340493">
				<ele>2223.2</ele>
				<extensions>
					<swisstopo:routepoint_id>1498933087</swisstopo:routepoint_id>
				</extensions>
			</trkpt>
			<trkpt lat="46.8338756513" lon="8.5455035897">
				<ele>2222.2</ele>
				<extensions>
					<swisstopo:routepoint_id>336260392</swisstopo:routepoint_id>
				</extensions>
			</trkpt>
			<trkpt lat="46.8338462481" lon="8.5454562082">
				<ele>2221.3</ele>
				<extensions>
					<swisstopo:routepoint_id>82433701</swisstopo:routepoint_id>
				</extensions>
			</trkpt>
			<trkpt lat="46.8338227577" lon="8.5454142483">
				<ele>2220.6</ele>
				<extensions>
					<swisstopo:routepoint_id>880106491</swisstopo:routepoint_id>
				</extensions>
			</trkpt>
			<trkpt lat="46.8337966646" lon="8.5453616352">
				<ele>2219.7</ele>
				<extensions>
					<swisstopo:routepoint_id>114792671</swisstopo:routepoint_id>
				</extensions>
			</trkpt>
			<trkpt lat="46.8337744344" lon="8.5453020352">
				<ele>2218.6</ele>
				<extensions>
					<swisstopo:routepoint_id>829126922</swisstopo:routepoint_id>
				</extensions>
			</trkpt>
			<trkpt lat="46.8337447086" lon="8.5452307854">
				<ele>2216.7</ele>
				<extensions>
					<swisstopo:routepoint_id>1485540192</swisstopo:routepoint_id>
				</extensions>
			</trkpt>
			<trkpt lat="46.8337197470" lon="8.5451728959">
				<ele>2215.9</ele>
				<extensions>
					<swisstopo:routepoint_id>687508036</swisstopo:routepoint_id>
				</extensions>
			</trkpt>
			<trkpt lat="46.8336899613" lon="8.5451087371">
				<ele>2215.1</ele>
				<extensions>
					<swisstopo:routepoint_id>37861764</swisstopo:routepoint_id>
				</extensions>
			</trkpt>
			<trkpt lat="46.8336556568" lon="8.5450630475">
				<ele>2214.4</ele>
				<extensions>
					<swisstopo:routepoint_id>447719436</swisstopo:routepoint_id>
				</extensions>
			</trkpt>
			<trkpt lat="46.8336071598" lon="8.5450250416">
				<ele>2213.8</ele>
				<extensions>
					<swisstopo:routepoint_id>1385087788</swisstopo:routepoint_id>
				</extensions>
			</trkpt>
			<trkpt lat="46.8335590450" lon="8.5450047351">
				<ele>2213.3</ele>
				<extensions>
					<swisstopo:routepoint_id>1642223176</swisstopo:routepoint_id>
				</extensions>
			</trkpt>
			<trkpt lat="46.8335159424" lon="8.5449712439">
				<ele>2213.2</ele>
				<extensions>
					<swisstopo:routepoint_id>1161172495</swisstopo:routepoint_id>
				</extensions>
			</trkpt>
			<trkpt lat="46.8334759959" lon="8.5449475339">
				<ele>2213.2</ele>
				<extensions>
					<swisstopo:routepoint_id>2129664492</swisstopo:routepoint_id>
				</extensions>
			</trkpt>
			<trkpt lat="46.8334400322" lon="8.5449053437">
				<ele>2212.9</ele>
				<extensions>
					<swisstopo:routepoint_id>1513855443</swisstopo:routepoint_id>
				</extensions>
			</trkpt>
			<trkpt lat="46.8334218935" lon="8.5448723144">
				<ele>2212.5</ele>
				<extensions>
					<swisstopo:routepoint_id>1557006134</swisstopo:routepoint_id>
				</extensions>
			</trkpt>
			<trkpt lat="46.8333925836" lon="8.5448143489">
				<ele>2211.5</ele>
				<extensions>
					<swisstopo:routepoint_id>431454858</swisstopo:routepoint_id>
				</extensions>
			</trkpt>
			<trkpt lat="46.8333654571" lon="8.5447495540">
				<ele>2210.1</ele>
				<extensions>
					<swisstopo:routepoint_id>1368220762</swisstopo:routepoint_id>
				</extensions>
			</trkpt>
			<trkpt lat="46.8333495804" lon="8.5447042693">
				<ele>2209.2</ele>
				<extensions>
					<swisstopo:routepoint_id>1461678685</swisstopo:routepoint_id>
				</extensions>
			</trkpt>
			<trkpt lat="46.8333294838" lon="8.5446447779">
				<ele>2208.0</ele>
				<extensions>
					<swisstopo:routepoint_id>332169434</swisstopo:routepoint_id>
				</extensions>
			</trkpt>
			<trkpt lat="46.8333060598" lon="8.5445931935">
				<ele>2206.6</ele>
				<extensions>
					<swisstopo:routepoint_id>580237723</swisstopo:routepoint_id>
				</extensions>
			</trkpt>
			<trkpt lat="46.8332829671" lon="8.5445627636">
				<ele>2205.9</ele>
				<extensions>
					<swisstopo:routepoint_id>961272072</swisstopo:routepoint_id>
				</extensions>
			</trkpt>
			<trkpt lat="46.8332478690" lon="8.5445400754">
				<ele>2205.2</ele>
				<extensions>
					<swisstopo:routepoint_id>2009162500</swisstopo:routepoint_id>
				</extensions>
			</trkpt>
			<trkpt lat="46.8332126341" lon="8.5445306210">
				<ele>2204.8</ele>
				<extensions>
					<swisstopo:routepoint_id>1066897729</swisstopo:routepoint_id>
				</extensions>
			</trkpt>
			<trkpt lat="46.8331810750" lon="8.5445353362">
				<ele>2204.4</ele>
				<extensions>
					<swisstopo:routepoint_id>799412423</swisstopo:routepoint_id>
				</extensions>
			</trkpt>
			<trkpt lat="46.8331545108" lon="8.5445295675">
				<ele>2203.6</ele>
				<extensions>
					<swisstopo:routepoint_id>570043670</swisstopo:routepoint_id>
				</extensions>
			</trkpt>
			<trkpt lat="46.8331188847" lon="8.5445033353">
				<ele>2201.9</ele>
				<extensions>
					<swisstopo:routepoint_id>1569727295</swisstopo:routepoint_id>
				</extensions>
			</trkpt>
			<trkpt lat="46.8330892523" lon="8.5444714399">
				<ele>2200.2</ele>
				<extensions>
					<swisstopo:routepoint_id>2020187195</swisstopo:routepoint_id>
				</extensions>
			</trkpt>
			<trkpt lat="46.8330755536" lon="8.5444362237">
				<ele>2199.4</ele>
				<extensions>
					<swisstopo:routepoint_id>1316056064</swisstopo:routepoint_id>
				</extensions>
			</trkpt>
			<trkpt lat="46.8330650151" lon="8.5444185462">
				<ele>2198.9</ele>
				<extensions>
					<swisstopo:routepoint_id>963232450</swisstopo:routepoint_id>
				</extensions>
			</trkpt>
			<trkpt lat="46.8330295359" lon="8.5443534907">
				<ele>2197.2</ele>
				<extensions>
					<swisstopo:routepoint_id>120164090</swisstopo:routepoint_id>
				</extensions>
			</trkpt>
			<trkpt lat="46.8330057465" lon="8.5442833628">
				<ele>2195.0</ele>
				<extensions>
					<swisstopo:routepoint_id>463695979</swisstopo:routepoint_id>
				</extensions>
			</trkpt>
			<trkpt lat="46.8329911802" lon="8.5442133861">
				<ele>2193.3</ele>
				<extensions>
					<swisstopo:routepoint_id>1102198943</swisstopo:routepoint_id>
				</extensions>
			</trkpt>
			<trkpt lat="46.8329719088" lon="8.5441230227">
				<ele>2191.5</ele>
				<extensions>
					<swisstopo:routepoint_id>652219833</swisstopo:routepoint_id>
				</extensions>
			</trkpt>
			<trkpt lat="46.8329476339" lon="8.5440449355">
				<ele>2189.6</ele>
				<extensions>
					<swisstopo:routepoint_id>1729959738</swisstopo:routepoint_id>
				</extensions>
			</trkpt>
			<trkpt lat="46.8329243974" lon="8.5439739360">
				<ele>2187.6</ele>
				<extensions>
					<swisstopo:routepoint_id>2071178223</swisstopo:routepoint_id>
				</extensions>
			</trkpt>
			<trkpt lat="46.8329035934" lon="8.5439312132">
				<ele>2186.5</ele>
				<extensions>
					<swisstopo:routepoint_id>766378926</swisstopo:routepoint_id>
				</extensions>
			</trkpt>
			<trkpt lat="46.8328850279" lon="8.5438832240">
				<ele>2186.2</ele>
				<extensions>
					<swisstopo:routepoint_id>814216230</swisstopo:routepoint_id>
				</extensions>
			</trkpt>
			<trkpt lat="46.8328621823" lon="8.5438272229">
				<ele>2184.9</ele>
				<extensions>
					<swisstopo:routepoint_id>1896841135</swisstopo:routepoint_id>
				</extensions>
			</trkpt>
			<trkpt lat="46.8328445440" lon="8.5437960097">
				<ele>2184.1</ele>
				<extensions>
					<swisstopo:routepoint_id>1899844333</swisstopo:routepoint_id>
				</extensions>
			</trkpt>
			<trkpt lat="46.8328240718" lon="8.5437771300">
				<ele>2184.5</ele>
				<extensions>
					<swisstopo:routepoint_id>490889780</swisstopo:routepoint_id>
				</extensions>
			</trkpt>
			<trkpt lat="46.8327980860" lon="8.5437660610">
				<ele>2184.1</ele>
				<extensions>
					<swisstopo:routepoint_id>1451276858</swisstopo:routepoint_id>
				</extensions>
			</trkpt>
			<trkpt lat="46.8327477907" lon="8.5437404500">
				<ele>2182.8</ele>
				<extensions>
					<swisstopo:routepoint_id>942413469</swisstopo:routepoint_id>
				</extensions>
			</trkpt>
			<trkpt lat="46.8327101229" lon="8.5437018360">
				<ele>2181.4</ele>
				<extensions>
					<swisstopo:routepoint_id>1643474569</swisstopo:routepoint_id>
				</extensions>
			</trkpt>
			<trkpt lat="46.8326790829" lon="8.5436501091">
				<ele>2180.2</ele>
				<extensions>
					<swisstopo:routepoint_id>1091919512</swisstopo:routepoint_id>
				</extensions>
			</trkpt>
			<trkpt lat="46.8326373055" lon="8.5435858085">
				<ele>2177.9</ele>
				<extensions>
					<swisstopo:routepoint_id>536073411</swisstopo:routepoint_id>
				</extensions>
			</trkpt>
			<trkpt lat="46.8325948894" lon="8.5435303406">
				<ele>2175.9</ele>
				<extensions>
					<swisstopo:routepoint_id>1530498911</swisstopo:routepoint_id>
				</extensions>
			</trkpt>
			<trkpt lat="46.8325492569" lon="8.5434704031">
				<ele>2173.5</ele>
				<extensions>
					<swisstopo:routepoint_id>831383299</swisstopo:routepoint_id>
				</extensions>
			</trkpt>
			<trkpt lat="46.8325214419" lon="8.5434231334">
				<ele>2172.2</ele>
				<extensions>
					<swisstopo:routepoint_id>771288313</swisstopo:routepoint_id>
				</extensions>
			</trkpt>
			<trkpt lat="46.8324899002" lon="8.5433678633">
				<ele>2170.5</ele>
				<extensions>
					<swisstopo:routepoint_id>1968902648</swisstopo:routepoint_id>
				</extensions>
			</trkpt>
			<trkpt lat="46.8324576861" lon="8.5433258031">
				<ele>2169.0</ele>
				<extensions>
					<swisstopo:routepoint_id>2069020296</swisstopo:routepoint_id>
				</extensions>
			</trkpt>
			<trkpt lat="46.8324226897" lon="8.5432916482">
				<ele>2167.7</ele>
				<extensions>
					<swisstopo:routepoint_id>1571605307</swisstopo:routepoint_id>
				</extensions>
			</trkpt>
			<trkpt lat="46.8323801800" lon="8.5432467654">
				<ele>2166.1</ele>
				<extensions>
					<swisstopo:routepoint_id>196991962</swisstopo:routepoint_id>
				</extensions>
			</trkpt>
			<trkpt lat="46.8323614349" lon="8.5432164261">
				<ele>2165.1</ele>
				<extensions>
					<swisstopo:routepoint_id>1890926845</swisstopo:routepoint_id>
				</extensions>
			</trkpt>
			<trkpt lat="46.8323546281" lon="8.5431889431">
				<ele>2164.5</ele>
				<extensions>
					<swisstopo:routepoint_id>1595360520</swisstopo:routepoint_id>
				</extensions>
			</trkpt>
			<trkpt lat="46.8323528076" lon="8.5431518592">
				<ele>2163.8</ele>
				<extensions>
					<swisstopo:routepoint_id>1003880936</swisstopo:routepoint_id>
				</extensions>
			</trkpt>
			<trkpt lat="46.8323585169" lon="8.5431219704">
				<ele>2163.4</ele>
				<extensions>
					<swisstopo:routepoint_id>949669920</swisstopo:routepoint_id>
				</extensions>
			</trkpt>
			<trkpt lat="46.8323787600" lon="8.5430745095">
				<ele>2162.5</ele>
				<extensions>
					<swisstopo:routepoint_id>775128546</swisstopo:routepoint_id>
				</extensions>
			</trkpt>
			<trkpt lat="46.8323812812" lon="8.5430554362">
				<ele>2162.5</ele>
				<extensions>
					<swisstopo:routepoint_id>592658076</swisstopo:routepoint_id>
				</extensions>
			</trkpt>
			<trkpt lat="46.8323756708" lon="8.5430314213">
				<ele>2162.6</ele>
				<extensions>
					<swisstopo:routepoint_id>725020222</swisstopo:routepoint_id>
				</extensions>
			</trkpt>
			<trkpt lat="46.8323595542" lon="8.5430091111">
				<ele>2162.8</ele>
				<extensions>
					<swisstopo:routepoint_id>1305501603</swisstopo:routepoint_id>
				</extensions>
			</trkpt>
			<trkpt lat="46.8323467950" lon="8.5430011942">
				<ele>2162.9</ele>
				<extensions>
					<swisstopo:routepoint_id>88624482</swisstopo:routepoint_id>
				</extensions>
			</trkpt>
			<trkpt lat="46.8323335691" lon="8.5429988619">
				<ele>2163.4</ele>
				<extensions>
					<swisstopo:routepoint_id>1269815024</swisstopo:routepoint_id>
				</extensions>
			</trkpt>
			<trkpt lat="46.8323116845" lon="8.5430152336">
				<ele>2163.0</ele>
				<extensions>
					<swisstopo:routepoint_id>190329801</swisstopo:routepoint_id>
				</extensions>
			</trkpt>
			<trkpt lat="46.8322870517" lon="8.5430350819">
				<ele>2162.2</ele>
				<extensions>
					<swisstopo:routepoint_id>1689044842</swisstopo:routepoint_id>
				</extensions>
			</trkpt>
			<trkpt lat="46.8322576113" lon="8.5430460246">
				<ele>2161.1</ele>
				<extensions>
					<swisstopo:routepoint_id>1376345297</swisstopo:routepoint_id>
				</extensions>
			</trkpt>
			<trkpt lat="46.8322190836" lon="8.5430409200">
				<ele>2159.7</ele>
				<extensions>
					<swisstopo:routepoint_id>2002031899</swisstopo:routepoint_id>
				</extensions>
			</trkpt>
			<trkpt lat="46.8321882133" lon="8.5430289064">
				<ele>2158.5</ele>
				<extensions>
					<swisstopo:routepoint_id>1422234487</swisstopo:routepoint_id>
				</extensions>
			</trkpt>
			<trkpt lat="46.8321635035" lon="8.5429985088">
				<ele>2157.5</ele>
				<extensions>
					<swisstopo:routepoint_id>808377687</swisstopo:routepoint_id>
				</extensions>
			</trkpt>
			<trkpt lat="46.8321390739" lon="8.5429454590">
				<ele>2156.6</ele>
				<extensions>
					<swisstopo:routepoint_id>2044035478</swisstopo:routepoint_id>
				</extensions>
			</trkpt>
			<trkpt lat="46.8321161935" lon="8.5429011971">
				<ele>2155.5</ele>
				<extensions>
					<swisstopo:routepoint_id>938998862</swisstopo:routepoint_id>
				</extensions>
			</trkpt>
			<trkpt lat="46.8321013027" lon="8.5428711035">
				<ele>2154.8</ele>
				<extensions>
					<swisstopo:routepoint_id>1160491788</swisstopo:routepoint_id>
				</extensions>
			</trkpt>
			<trkpt lat="46.8320887336" lon="8.5428244161">
				<ele>2153.9</ele>
				<extensions>
					<swisstopo:routepoint_id>187767833</swisstopo:routepoint_id>
				</extensions>
			</trkpt>
			<trkpt lat="46.8320777127" lon="8.5427838793">
				<ele>2153.3</ele>
				<extensions>
					<swisstopo:routepoint_id>20454879</swisstopo:routepoint_id>
				</extensions>
			</trkpt>
			<trkpt lat="46.8320536595" lon="8.5427509864">
				<ele>2152.6</ele>
				<extensions>
					<swisstopo:routepoint_id>387665011</swisstopo:routepoint_id>
				</extensions>
			</trkpt>
			<trkpt lat="46.8320111788" lon="8.5427212485">
				<ele>2151.3</ele>
				<extensions>
					<swisstopo:routepoint_id>2074292687</swisstopo:routepoint_id>
				</extensions>
			</trkpt>
			<trkpt lat="46.8319849564" lon="8.5426891817">
				<ele>2150.6</ele>
				<extensions>
					<swisstopo:routepoint_id>1374196075</swisstopo:routepoint_id>
				</extensions>
			</trkpt>
			<trkpt lat="46.8319512036" lon="8.5426508542">
				<ele>2149.6</ele>
				<extensions>
					<swisstopo:routepoint_id>946369851</swisstopo:routepoint_id>
				</extensions>
			</trkpt>
			<trkpt lat="46.8319153576" lon="8.5426045857">
				<ele>2148.7</ele>
				<extensions>
					<swisstopo:routepoint_id>1875638652</swisstopo:routepoint_id>
				</extensions>
			</trkpt>
			<trkpt lat="46.8318798963" lon="8.5425776162">
				<ele>2147.9</ele>
				<extensions>
					<swisstopo:routepoint_id>1654901907</swisstopo:routepoint_id>
				</extensions>
			</trkpt>
			<trkpt lat="46.8318504745" lon="8.5425402354">
				<ele>2147.1</ele>
				<extensions>
					<swisstopo:routepoint_id>829985196</swisstopo:routepoint_id>
				</extensions>
			</trkpt>
			<trkpt lat="46.8318206677" lon="8.5424835684">
				<ele>2146.0</ele>
				<extensions>
					<swisstopo:routepoint_id>1902719639</swisstopo:routepoint_id>
				</extensions>
			</trkpt>
			<trkpt lat="46.8317966563" lon="8.5424454154">
				<ele>2145.1</ele>
				<extensions>
					<swisstopo:routepoint_id>599113825</swisstopo:routepoint_id>
				</extensions>
			</trkpt>
			<trkpt lat="46.8317686345" lon="8.5423703901">
				<ele>2143.5</ele>
				<extensions>
					<swisstopo:routepoint_id>481868266</swisstopo:routepoint_id>
				</extensions>
			</trkpt>
			<trkpt lat="46.8317447829" lon="8.5423129493">
				<ele>2142.5</ele>
				<extensions>
					<swisstopo:routepoint_id>163067234</swisstopo:routepoint_id>
				</extensions>
			</trkpt>
			<trkpt lat="46.8317149425" lon="8.5422606725">
				<ele>2141.5</ele>
				<extensions>
					<swisstopo:routepoint_id>996257099</swisstopo:routepoint_id>
				</extensions>
			</trkpt>
			<trkpt lat="46.8316757203" lon="8.5422301189">
				<ele>2140.7</ele>
				<extensions>
					<swisstopo:routepoint_id>155048130</swisstopo:routepoint_id>
				</extensions>
			</trkpt>
			<trkpt lat="46.8316263137" lon="8.5421888596">
				<ele>2139.9</ele>
				<extensions>
					<swisstopo:routepoint_id>654846715</swisstopo:routepoint_id>
				</extensions>
			</trkpt>
			<trkpt lat="46.8315586153" lon="8.5421367158">
				<ele>2139.4</ele>
				<extensions>
					<swisstopo:routepoint_id>1619180557</swisstopo:routepoint_id>
				</extensions>
			</trkpt>
			<trkpt lat="46.8315187979" lon="8.5421114113">
				<ele>2138.9</ele>
				<extensions>
					<swisstopo:routepoint_id>42005939</swisstopo:routepoint_id>
				</extensions>
			</trkpt>
			<trkpt lat="46.8314802045" lon="8.5420712316">
				<ele>2137.9</ele>
				<extensions>
					<swisstopo:routepoint_id>1624766113</swisstopo:routepoint_id>
				</extensions>
			</trkpt>
			<trkpt lat="46.8314378096" lon="8.5420590080">
				<ele>2137.0</ele>
				<extensions>
					<swisstopo:routepoint_id>1716729194</swisstopo:routepoint_id>
				</extensions>
			</trkpt>
			<trkpt lat="46.8313999648" lon="8.5420486763">
				<ele>2136.2</ele>
				<extensions>
					<swisstopo:routepoint_id>686371833</swisstopo:routepoint_id>
				</extensions>
			</trkpt>
			<trkpt lat="46.8313779609" lon="8.5420310144">
				<ele>2135.5</ele>
				<extensions>
					<swisstopo:routepoint_id>373010718</swisstopo:routepoint_id>
				</extensions>
			</trkpt>
			<trkpt lat="46.8313454607" lon="8.5420121838">
				<ele>2134.6</ele>
				<extensions>
					<swisstopo:routepoint_id>1884165340</swisstopo:routepoint_id>
				</extensions>
			</trkpt>
			<trkpt lat="46.8313153711" lon="8.5419848002">
				<ele>2133.8</ele>
				<extensions>
					<swisstopo:routepoint_id>1264683157</swisstopo:routepoint_id>
				</extensions>
			</trkpt>
			<trkpt lat="46.8312934224" lon="8.5419613918">
				<ele>2133.1</ele>
				<extensions>
					<swisstopo:routepoint_id>1629310922</swisstopo:routepoint_id>
				</extensions>
			</trkpt>
			<trkpt lat="46.8312778763" lon="8.5419390941">
				<ele>2132.6</ele>
				<extensions>
					<swisstopo:routepoint_id>448069672</swisstopo:routepoint_id>
				</extensions>
			</trkpt>
			<trkpt lat="46.8312604413" lon="8.5419013518">
				<ele>2132.3</ele>
				<extensions>
					<swisstopo:routepoint_id>1251181528</swisstopo:routepoint_id>
				</extensions>
			</trkpt>
			<trkpt lat="46.8312327447" lon="8.5418508541">
				<ele>2131.4</ele>
				<extensions>
					<swisstopo:routepoint_id>1526580491</swisstopo:routepoint_id>
				</extensions>
			</trkpt>
			<trkpt lat="46.8311916811" lon="8.5417825839">
				<ele>2129.9</ele>
				<extensions>
					<swisstopo:routepoint_id>850421268</swisstopo:routepoint_id>
				</extensions>
			</trkpt>
			<trkpt lat="46.8311303079" lon="8.5416867533">
				<ele>2128.2</ele>
				<extensions>
					<swisstopo:routepoint_id>139962219</swisstopo:routepoint_id>
				</extensions>
			</trkpt>
			<trkpt lat="46.8310758519" lon="8.5416024382">
				<ele>2125.9</ele>
				<extensions>
					<swisstopo:routepoint_id>691644490</swisstopo:routepoint_id>
				</extensions>
			</trkpt>
			<trkpt lat="46.8310208348" lon="8.5415216321">
				<ele>2123.9</ele>
				<extensions>
					<swisstopo:routepoint_id>955528908</swisstopo:routepoint_id>
				</extensions>
			</trkpt>
			<trkpt lat="46.8309641675" lon="8.5414434037">
				<ele>2121.7</ele>
				<extensions>
					<swisstopo:routepoint_id>8362109</swisstopo:routepoint_id>
				</extensions>
			</trkpt>
			<trkpt lat="46.8309021064" lon="8.5413642072">
				<ele>2119.9</ele>
				<extensions>
					<swisstopo:routepoint_id>367603904</swisstopo:routepoint_id>
				</extensions>
			</trkpt>
			<trkpt lat="46.8308608745" lon="8.5413160956">
				<ele>2118.9</ele>
				<extensions>
					<swisstopo:routepoint_id>1290275330</swisstopo:routepoint_id>
				</extensions>
			</trkpt>
			<trkpt lat="46.8308286795" lon="8.5412865575">
				<ele>2118.2</ele>
				<extensions>
					<swisstopo:routepoint_id>1441741433</swisstopo:routepoint_id>
				</extensions>
			</trkpt>
			<trkpt lat="46.8308040053" lon="8.5412615386">
				<ele>2117.8</ele>
				<extensions>
					<swisstopo:routepoint_id>1775621735</swisstopo:routepoint_id>
				</extensions>
			</trkpt>
			<trkpt lat="46.8307583334" lon="8.5412256057">
				<ele>2116.9</ele>
				<extensions>
					<swisstopo:routepoint_id>518992486</swisstopo:routepoint_id>
				</extensions>
			</trkpt>
			<trkpt lat="46.8307176296" lon="8.5411801293">
				<ele>2115.6</ele>
				<extensions>
					<swisstopo:routepoint_id>1476960937</swisstopo:routepoint_id>
				</extensions>
			</trkpt>
			<trkpt lat="46.8306844547" lon="8.5411374120">
				<ele>2114.2</ele>
				<extensions>
					<swisstopo:routepoint_id>1712376112</swisstopo:routepoint_id>
				</extensions>
			</trkpt>
			<trkpt lat="46.8306540356" lon="8.5410895094">
				<ele>2112.6</ele>
				<extensions>
					<swisstopo:routepoint_id>193422689</swisstopo:routepoint_id>
				</extensions>
			</trkpt>
			<trkpt lat="46.8306290360" lon="8.5410408218">
				<ele>2111.2</ele>
				<extensions>
					<swisstopo:routepoint_id>2119129512</swisstopo:routepoint_id>
				</extensions>
			</trkpt>
			<trkpt lat="46.8306089190" lon="8.5409896037">
				<ele>2109.9</ele>
				<extensions>
					<swisstopo:routepoint_id>228712285</swisstopo:routepoint_id>
				</extensions>
			</trkpt>
			<trkpt lat="46.8305884424" lon="8.5409164633">
				<ele>2108.8</ele>
				<extensions>
					<swisstopo:routepoint_id>668522827</swisstopo:routepoint_id>
				</extensions>
			</trkpt>
			<trkpt lat="46.8305697766" lon="8.5408459396">
				<ele>2107.7</ele>
				<extensions>
					<swisstopo:routepoint_id>1133260010</swisstopo:routepoint_id>
				</extensions>
			</trkpt>
			<trkpt lat="46.8305534563" lon="8.5408210023">
				<ele>2107.1</ele>
				<extensions>
					<swisstopo:routepoint_id>2094652983</swisstopo:routepoint_id>
				</extensions>
			</trkpt>
			<trkpt lat="46.8305102945" lon="8.5407753161">
				<ele>2105.2</ele>
				<extensions>
					<swisstopo:routepoint_id>1286800439</swisstopo:routepoint_id>
				</extensions>
			</trkpt>
			<trkpt lat="46.8304940505" lon="8.5407424633">
				<ele>2104.5</ele>
				<extensions>
					<swisstopo:routepoint_id>522285504</swisstopo:routepoint_id>
				</extensions>
			</trkpt>
			<trkpt lat="46.8304715311" lon="8.5406734225">
				<ele>2103.4</ele>
				<extensions>
					<swisstopo:routepoint_id>515340265</swisstopo:routepoint_id>
				</extensions>
			</trkpt>
			<trkpt lat="46.8304423208" lon="8.5406112915">
				<ele>2102.5</ele>
				<extensions>
					<swisstopo:routepoint_id>694222288</swisstopo:routepoint_id>
				</extensions>
			</trkpt>
			<trkpt lat="46.8304184661" lon="8.5405668519">
				<ele>2101.2</ele>
				<extensions>
					<swisstopo:routepoint_id>1713223952</swisstopo:routepoint_id>
				</extensions>
			</trkpt>
			<trkpt lat="46.8303957346" lon="8.5405198049">
				<ele>2099.8</ele>
				<extensions>
					<swisstopo:routepoint_id>1696929616</swisstopo:routepoint_id>
				</extensions>
			</trkpt>
			<trkpt lat="46.8303652395" lon="8.5404761191">
				<ele>2098.4</ele>
				<extensions>
					<swisstopo:routepoint_id>843914972</swisstopo:routepoint_id>
				</extensions>
			</trkpt>
			<trkpt lat="46.8303226392" lon="8.5404295807">
				<ele>2096.4</ele>
				<extensions>
					<swisstopo:routepoint_id>1256954873</swisstopo:routepoint_id>
				</extensions>
			</trkpt>
			<trkpt lat="46.8302788558" lon="8.5403909355">
				<ele>2095.2</ele>
				<extensions>
					<swisstopo:routepoint_id>662961987</swisstopo:routepoint_id>
				</extensions>
			</trkpt>
			<trkpt lat="46.8302428359" lon="8.5403480265">
				<ele>2094.1</ele>
				<extensions>
					<swisstopo:routepoint_id>220703708</swisstopo:routepoint_id>
				</extensions>
			</trkpt>
			<trkpt lat="46.8302244714" lon="8.5403054597">
				<ele>2093.1</ele>
				<extensions>
					<swisstopo:routepoint_id>1305727143</swisstopo:routepoint_id>
				</extensions>
			</trkpt>
			<trkpt lat="46.8302123894" lon="8.5402427644">
				<ele>2091.9</ele>
				<extensions>
					<swisstopo:routepoint_id>1429348355</swisstopo:routepoint_id>
				</extensions>
			</trkpt>
			<trkpt lat="46.8302067768" lon="8.5401942823">
				<ele>2091.1</ele>
				<extensions>
					<swisstopo:routepoint_id>1541923872</swisstopo:routepoint_id>
				</extensions>
			</trkpt>
			<trkpt lat="46.8301961934" lon="8.5401474523">
				<ele>2090.2</ele>
				<extensions>
					<swisstopo:routepoint_id>300742009</swisstopo:routepoint_id>
				</extensions>
			</trkpt>
			<trkpt lat="46.8301848614" lon="8.5401199743">
				<ele>2089.3</ele>
				<extensions>
					<swisstopo:routepoint_id>1457781976</swisstopo:routepoint_id>
				</extensions>
			</trkpt>
			<trkpt lat="46.8301614411" lon="8.5400878646">
				<ele>2088.4</ele>
				<extensions>
					<swisstopo:routepoint_id>1586773946</swisstopo:routepoint_id>
				</extensions>
			</trkpt>
			<trkpt lat="46.8301402338" lon="8.5400540275">
				<ele>2087.8</ele>
				<extensions>
					<swisstopo:routepoint_id>719840671</swisstopo:routepoint_id>
				</extensions>
			</trkpt>
			<trkpt lat="46.8301283487" lon="8.5400274150">
				<ele>2087.4</ele>
				<extensions>
					<swisstopo:routepoint_id>823285356</swisstopo:routepoint_id>
				</extensions>
			</trkpt>
			<trkpt lat="46.8301219629" lon="8.5400026687">
				<ele>2087.1</ele>
				<extensions>
					<swisstopo:routepoint_id>390268242</swisstopo:routepoint_id>
				</extensions>
			</trkpt>
			<trkpt lat="46.8301013430" lon="8.5399662131">
				<ele>2086.8</ele>
				<extensions>
					<swisstopo:routepoint_id>1433765947</swisstopo:routepoint_id>
				</extensions>
			</trkpt>
			<trkpt lat="46.8300626158" lon="8.5399179689">
				<ele>2085.6</ele>
				<extensions>
					<swisstopo:routepoint_id>637162327</swisstopo:routepoint_id>
				</extensions>
			</trkpt>
			<trkpt lat="46.8300147273" lon="8.5398466947">
				<ele>2084.1</ele>
				<extensions>
					<swisstopo:routepoint_id>686435373</swisstopo:routepoint_id>
				</extensions>
			</trkpt>
			<trkpt lat="46.8299597048" lon="8.5397708904">
				<ele>2082.0</ele>
				<extensions>
					<swisstopo:routepoint_id>1475693168</swisstopo:routepoint_id>
				</extensions>
			</trkpt>
			<trkpt lat="46.8299148995" lon="8.5397243078">
				<ele>2080.9</ele>
				<extensions>
					<swisstopo:routepoint_id>752543993</swisstopo:routepoint_id>
				</extensions>
			</trkpt>
			<trkpt lat="46.8298647552" lon="8.5396573721">
				<ele>2079.6</ele>
				<extensions>
					<swisstopo:routepoint_id>711358006</swisstopo:routepoint_id>
				</extensions>
			</trkpt>
			<trkpt lat="46.8298342684" lon="8.5396137066">
				<ele>2078.8</ele>
				<extensions>
					<swisstopo:routepoint_id>1442473627</swisstopo:routepoint_id>
				</extensions>
			</trkpt>
			<trkpt lat="46.8297973281" lon="8.5395523149">
				<ele>2077.9</ele>
				<extensions>
					<swisstopo:routepoint_id>1062647497</swisstopo:routepoint_id>
				</extensions>
			</trkpt>
			<trkpt lat="46.8297729361" lon="8.5395052284">
				<ele>2077.5</ele>
				<extensions>
					<swisstopo:routepoint_id>833399833</swisstopo:routepoint_id>
				</extensions>
			</trkpt>
			<trkpt lat="46.8297453598" lon="8.5394457757">
				<ele>2077.0</ele>
				<extensions>
					<swisstopo:routepoint_id>1666339480</swisstopo:routepoint_id>
				</extensions>
			</trkpt>
			<trkpt lat="46.8297169140" lon="8.5393616578">
				<ele>2076.4</ele>
				<extensions>
					<swisstopo:routepoint_id>674358157</swisstopo:routepoint_id>
				</extensions>
			</trkpt>
			<trkpt lat="46.8296923156" lon="8.5392785082">
				<ele>2075.9</ele>
				<extensions>
					<swisstopo:routepoint_id>720425249</swisstopo:routepoint_id>
				</extensions>
			</trkpt>
			<trkpt lat="46.8296614363" lon="8.5392181048">
				<ele>2075.3</ele>
				<extensions>
					<swisstopo:routepoint_id>1422413779</swisstopo:routepoint_id>
				</extensions>
			</trkpt>
			<trkpt lat="46.8296228022" lon="8.5391610696">
				<ele>2074.6</ele>
				<extensions>
					<swisstopo:routepoint_id>869964365</swisstopo:routepoint_id>
				</extensions>
			</trkpt>
			<trkpt lat="46.8295945366" lon="8.5391148002">
				<ele>2074.0</ele>
				<extensions>
					<swisstopo:routepoint_id>1118450308</swisstopo:routepoint_id>
				</extensions>
			</trkpt>
			<trkpt lat="46.8295587197" lon="8.5390516721">
				<ele>2073.5</ele>
				<extensions>
					<swisstopo:routepoint_id>388752526</swisstopo:routepoint_id>
				</extensions>
			</trkpt>
			<trkpt lat="46.8295377155" lon="8.5389976087">
				<ele>2073.0</ele>
				<extensions>
					<swisstopo:routepoint_id>1701961738</swisstopo:routepoint_id>
				</extensions>
			</trkpt>
			<trkpt lat="46.8295068187" lon="8.5389380949">
				<ele>2072.0</ele>
				<extensions>
					<swisstopo:routepoint_id>1733344299</swisstopo:routepoint_id>
				</extensions>
			</trkpt>
			<trkpt lat="46.8294703637" lon="8.5388837414">
				<ele>2070.8</ele>
				<extensions>
					<swisstopo:routepoint_id>33963022</swisstopo:routepoint_id>
				</extensions>
			</trkpt>
			<trkpt lat="46.8294425245" lon="8.5388506784">
				<ele>2070.3</ele>
				<extensions>
					<swisstopo:routepoint_id>343200752</swisstopo:routepoint_id>
				</extensions>
			</trkpt>
			<trkpt lat="46.8294054991" lon="8.5387980798">
				<ele>2069.3</ele>
				<extensions>
					<swisstopo:routepoint_id>1647655431</swisstopo:routepoint_id>
				</extensions>
			</trkpt>
			<trkpt lat="46.8293968317" lon="8.5387803277">
				<ele>2069.1</ele>
				<extensions>
					<swisstopo:routepoint_id>880838486</swisstopo:routepoint_id>
				</extensions>
			</trkpt>
			<trkpt lat="46.8293938587" lon="8.5387450721">
				<ele>2068.5</ele>
				<extensions>
					<swisstopo:routepoint_id>594453190</swisstopo:routepoint_id>
				</extensions>
			</trkpt>
			<trkpt lat="46.8293976102" lon="8.5386994000">
				<ele>2068.0</ele>
				<extensions>
					<swisstopo:routepoint_id>1702740616</swisstopo:routepoint_id>
				</extensions>
			</trkpt>
			<trkpt lat="46.8293985870" lon="8.5386563145">
				<ele>2067.7</ele>
				<extensions>
					<swisstopo:routepoint_id>1866356214</swisstopo:routepoint_id>
				</extensions>
			</trkpt>
			<trkpt lat="46.8293885983" lon="8.5386042302">
				<ele>2066.9</ele>
				<extensions>
					<swisstopo:routepoint_id>666192575</swisstopo:routepoint_id>
				</extensions>
			</trkpt>
			<trkpt lat="46.8293680624" lon="8.5385580874">
				<ele>2066.1</ele>
				<extensions>
					<swisstopo:routepoint_id>1604742864</swisstopo:routepoint_id>
				</extensions>
			</trkpt>
			<trkpt lat="46.8293467957" lon="8.5385313095">
				<ele>2065.5</ele>
				<extensions>
					<swisstopo:routepoint_id>814393885</swisstopo:routepoint_id>
				</extensions>
			</trkpt>
			<trkpt lat="46.8293282277" lon="8.5385098351">
				<ele>2065.0</ele>
				<extensions>
					<swisstopo:routepoint_id>1841132044</swisstopo:routepoint_id>
				</extensions>
			</trkpt>
			<trkpt lat="46.8293165117" lon="8.5384665158">
				<ele>2064.4</ele>
				<extensions>
					<swisstopo:routepoint_id>1322561842</swisstopo:routepoint_id>
				</extensions>
			</trkpt>
			<trkpt lat="46.8293042163" lon="8.5384240552">
				<ele>2064.3</ele>
				<extensions>
					<swisstopo:routepoint_id>813993776</swisstopo:routepoint_id>
				</extensions>
			</trkpt>
			<trkpt lat="46.8292803691" lon="8.5383787409">
				<ele>2064.0</ele>
				<extensions>
					<swisstopo:routepoint_id>287921381</swisstopo:routepoint_id>
				</extensions>
			</trkpt>
			<trkpt lat="46.8292603700" lon="8.5383352589">
				<ele>2063.6</ele>
				<extensions>
					<swisstopo:routepoint_id>542158686</swisstopo:routepoint_id>
				</extensions>
			</trkpt>
			<trkpt lat="46.8292424312" lon="8.5383058995">
				<ele>2063.2</ele>
				<extensions>
					<swisstopo:routepoint_id>1372188317</swisstopo:routepoint_id>
				</extensions>
			</trkpt>
			<trkpt lat="46.8291966623" lon="8.5382443419">
				<ele>2062.5</ele>
				<extensions>
					<swisstopo:routepoint_id>1498733140</swisstopo:routepoint_id>
				</extensions>
			</trkpt>
			<trkpt lat="46.8291654272" lon="8.5382208807">
				<ele>2061.8</ele>
				<extensions>
					<swisstopo:routepoint_id>1634819094</swisstopo:routepoint_id>
				</extensions>
			</trkpt>
			<trkpt lat="46.8291255754" lon="8.5381743885">
				<ele>2061.0</ele>
				<extensions>
					<swisstopo:routepoint_id>1553819002</swisstopo:routepoint_id>
				</extensions>
			</trkpt>
			<trkpt lat="46.8291119874" lon="8.5381521455">
				<ele>2060.6</ele>
				<extensions>
					<swisstopo:routepoint_id>2134926554</swisstopo:routepoint_id>
				</extensions>
			</trkpt>
			<trkpt lat="46.8290946358" lon="8.5381192716">
				<ele>2060.3</ele>
				<extensions>
					<swisstopo:routepoint_id>2032487048</swisstopo:routepoint_id>
				</extensions>
			</trkpt>
			<trkpt lat="46.8290636459" lon="8.5380703110">
				<ele>2059.9</ele>
				<extensions>
					<swisstopo:routepoint_id>1439613450</swisstopo:routepoint_id>
				</extensions>
			</trkpt>
			<trkpt lat="46.8290293360" lon="8.5380221593">
				<ele>2059.0</ele>
				<extensions>
					<swisstopo:routepoint_id>1104429153</swisstopo:routepoint_id>
				</extensions>
			</trkpt>
			<trkpt lat="46.8290015727" lon="8.5379811687">
				<ele>2058.2</ele>
				<extensions>
					<swisstopo:routepoint_id>1040905945</swisstopo:routepoint_id>
				</extensions>
			</trkpt>
			<trkpt lat="46.8289652610" lon="8.5379118750">
				<ele>2057.2</ele>
				<extensions>
					<swisstopo:routepoint_id>377248327</swisstopo:routepoint_id>
				</extensions>
			</trkpt>
			<trkpt lat="46.8289508117" lon="8.5378649803">
				<ele>2056.6</ele>
				<extensions>
					<swisstopo:routepoint_id>1023102208</swisstopo:routepoint_id>
				</extensions>
			</trkpt>
			<trkpt lat="46.8289398511" lon="8.5377987899">
				<ele>2055.7</ele>
				<extensions>
					<swisstopo:routepoint_id>837869541</swisstopo:routepoint_id>
				</extensions>
			</trkpt>
			<trkpt lat="46.8289264997" lon="8.5377519177">
				<ele>2055.0</ele>
				<extensions>
					<swisstopo:routepoint_id>919761121</swisstopo:routepoint_id>
				</extensions>
			</trkpt>
			<trkpt lat="46.8289246500" lon="8.5377149446">
				<ele>2054.3</ele>
				<extensions>
					<swisstopo:routepoint_id>325748532</swisstopo:routepoint_id>
				</extensions>
			</trkpt>
			<trkpt lat="46.8289229356" lon="8.5376638811">
				<ele>2053.5</ele>
				<extensions>
					<swisstopo:routepoint_id>1322343905</swisstopo:routepoint_id>
				</extensions>
			</trkpt>
			<trkpt lat="46.8289130057" lon="8.5376056352">
				<ele>2052.4</ele>
				<extensions>
					<swisstopo:routepoint_id>1130487902</swisstopo:routepoint_id>
				</extensions>
			</trkpt>
			<trkpt lat="46.8289010826" lon="8.5375262347">
				<ele>2050.8</ele>
				<extensions>
					<swisstopo:routepoint_id>611206329</swisstopo:routepoint_id>
				</extensions>
			</trkpt>
			<trkpt lat="46.8288982355" lon="8.5374769209">
				<ele>2049.7</ele>
				<extensions>
					<swisstopo:routepoint_id>1869485598</swisstopo:routepoint_id>
				</extensions>
			</trkpt>
			<trkpt lat="46.8289004871" lon="8.5374144949">
				<ele>2048.3</ele>
				<extensions>
					<swisstopo:routepoint_id>1424782064</swisstopo:routepoint_id>
				</extensions>
			</trkpt>
			<trkpt lat="46.8288940801" lon="8.5373352069">
				<ele>2046.6</ele>
				<extensions>
					<swisstopo:routepoint_id>1810502801</swisstopo:routepoint_id>
				</extensions>
			</trkpt>
			<trkpt lat="46.8288808892" lon="8.5372716145">
				<ele>2045.3</ele>
				<extensions>
					<swisstopo:routepoint_id>1871856872</swisstopo:routepoint_id>
				</extensions>
			</trkpt>
			<trkpt lat="46.8288742281" lon="8.5372178325">
				<ele>2044.2</ele>
				<extensions>
					<swisstopo:routepoint_id>843925380</swisstopo:routepoint_id>
				</extensions>
			</trkpt>
			<trkpt lat="46.8288603489" lon="8.5371691960">
				<ele>2042.9</ele>
				<extensions>
					<swisstopo:routepoint_id>78247392</swisstopo:routepoint_id>
				</extensions>
			</trkpt>
			<trkpt lat="46.8288563784" lon="8.5371224898">
				<ele>2041.9</ele>
				<extensions>
					<swisstopo:routepoint_id>2138671954</swisstopo:routepoint_id>
				</extensions>
			</trkpt>
			<trkpt lat="46.8288436477" lon="8.5370685968">
				<ele>2041.0</ele>
				<extensions>
					<swisstopo:routepoint_id>449249937</swisstopo:routepoint_id>
				</extensions>
			</trkpt>
			<trkpt lat="46.8288199809" lon="8.5369971234">
				<ele>2039.3</ele>
				<extensions>
					<swisstopo:routepoint_id>209830273</swisstopo:routepoint_id>
				</extensions>
			</trkpt>
			<trkpt lat="46.8288088604" lon="8.5369219443">
				<ele>2037.8</ele>
				<extensions>
					<swisstopo:routepoint_id>1128505111</swisstopo:routepoint_id>
				</extensions>
			</trkpt>
			<trkpt lat="46.8287996465" lon="8.5368247620">
				<ele>2036.0</ele>
				<extensions>
					<swisstopo:routepoint_id>917861816</swisstopo:routepoint_id>
				</extensions>
			</trkpt>
			<trkpt lat="46.8288013375" lon="8.5367639503">
				<ele>2034.8</ele>
				<extensions>
					<swisstopo:routepoint_id>911843944</swisstopo:routepoint_id>
				</extensions>
			</trkpt>
			<trkpt lat="46.8288092543" lon="8.5366979727">
				<ele>2033.9</ele>
				<extensions>
					<swisstopo:routepoint_id>453010137</swisstopo:routepoint_id>
				</extensions>
			</trkpt>
			<trkpt lat="46.8288170953" lon="8.5366408002">
				<ele>2032.8</ele>
				<extensions>
					<swisstopo:routepoint_id>1654817262</swisstopo:routepoint_id>
				</extensions>
			</trkpt>
			<trkpt lat="46.8288343578" lon="8.5365988024">
				<ele>2031.7</ele>
				<extensions>
					<swisstopo:routepoint_id>1140473991</swisstopo:routepoint_id>
				</extensions>
			</trkpt>
			<trkpt lat="46.8288482894" lon="8.5365514567">
				<ele>2030.3</ele>
				<extensions>
					<swisstopo:routepoint_id>981365793</swisstopo:routepoint_id>
				</extensions>
			</trkpt>
			<trkpt lat="46.8288491388" lon="8.5365197228">
				<ele>2029.5</ele>
				<extensions>
					<swisstopo:routepoint_id>1717968644</swisstopo:routepoint_id>
				</extensions>
			</trkpt>
			<trkpt lat="46.8288416744" lon="8.5364763696">
				<ele>2028.5</ele>
				<extensions>
					<swisstopo:routepoint_id>1380180213</swisstopo:routepoint_id>
				</extensions>
			</trkpt>
			<trkpt lat="46.8288290407" lon="8.5364443799">
				<ele>2027.7</ele>
				<extensions>
					<swisstopo:routepoint_id>2135171769</swisstopo:routepoint_id>
				</extensions>
			</trkpt>
			<trkpt lat="46.8288294551" lon="8.5364002978">
				<ele>2026.9</ele>
				<extensions>
					<swisstopo:routepoint_id>1174106915</swisstopo:routepoint_id>
				</extensions>
			</trkpt>
			<trkpt lat="46.8288371012" lon="8.5363634096">
				<ele>2026.1</ele>
				<extensions>
					<swisstopo:routepoint_id>326274758</swisstopo:routepoint_id>
				</extensions>
			</trkpt>
			<trkpt lat="46.8288452504" lon="8.5363335847">
				<ele>2025.7</ele>
				<extensions>
					<swisstopo:routepoint_id>255182431</swisstopo:routepoint_id>
				</extensions>
			</trkpt>
			<trkpt lat="46.8288546084" lon="8.5362940754">
				<ele>2026.2</ele>
				<extensions>
					<swisstopo:routepoint_id>271022074</swisstopo:routepoint_id>
				</extensions>
			</trkpt>
			<trkpt lat="46.8288545114" lon="8.5362446962">
				<ele>2025.6</ele>
				<extensions>
					<swisstopo:routepoint_id>2041831362</swisstopo:routepoint_id>
				</extensions>
			</trkpt>
			<trkpt lat="46.8288492528" lon="8.5362040184">
				<ele>2025.0</ele>
				<extensions>
					<swisstopo:routepoint_id>1913652462</swisstopo:routepoint_id>
				</extensions>
			</trkpt>
			<trkpt lat="46.8288475452" lon="8.5361457871">
				<ele>2024.0</ele>
				<extensions>
					<swisstopo:routepoint_id>507117794</swisstopo:routepoint_id>
				</extensions>
			</trkpt>
			<trkpt lat="46.8288464460" lon="8.5360223185">
				<ele>2022.2</ele>
				<extensions>
					<swisstopo:routepoint_id>2054367180</swisstopo:routepoint_id>
				</extensions>
			</trkpt>
			<trkpt lat="46.8288511925" lon="8.5359351043">
				<ele>2021.2</ele>
				<extensions>
					<swisstopo:routepoint_id>359931476</swisstopo:routepoint_id>
				</extensions>
			</trkpt>
			<trkpt lat="46.8288579257" lon="8.5358761426">
				<ele>2020.5</ele>
				<extensions>
					<swisstopo:routepoint_id>1711670784</swisstopo:routepoint_id>
				</extensions>
			</trkpt>
			<trkpt lat="46.8288634667" lon="8.5358242287">
				<ele>2020.0</ele>
				<extensions>
					<swisstopo:routepoint_id>222171610</swisstopo:routepoint_id>
				</extensions>
			</trkpt>
			<trkpt lat="46.8288641598" lon="8.5357501610">
				<ele>2019.0</ele>
				<extensions>
					<swisstopo:routepoint_id>801917626</swisstopo:routepoint_id>
				</extensions>
			</trkpt>
			<trkpt lat="46.8288668985" lon="8.5356973003">
				<ele>2018.6</ele>
				<extensions>
					<swisstopo:routepoint_id>1172749856</swisstopo:routepoint_id>
				</extensions>
			</trkpt>
			<trkpt lat="46.8288750560" lon="8.5356665987">
				<ele>2018.5</ele>
				<extensions>
					<swisstopo:routepoint_id>104971549</swisstopo:routepoint_id>
				</extensions>
			</trkpt>
			<trkpt lat="46.8288718942" lon="8.5356436088">
				<ele>2018.1</ele>
				<extensions>
					<swisstopo:routepoint_id>418974466</swisstopo:routepoint_id>
				</extensions>
			</trkpt>
			<trkpt lat="46.8288655110" lon="8.5356029274">
				<ele>2017.5</ele>
				<extensions>
					<swisstopo:routepoint_id>303997297</swisstopo:routepoint_id>
				</extensions>
			</trkpt>
			<trkpt lat="46.8288666057" lon="8.5355465068">
				<ele>2016.6</ele>
				<extensions>
					<swisstopo:routepoint_id>408508908</swisstopo:routepoint_id>
				</extensions>
			</trkpt>
			<trkpt lat="46.8288667868" lon="8.5354662653">
				<ele>2015.5</ele>
				<extensions>
					<swisstopo:routepoint_id>1528191404</swisstopo:routepoint_id>
				</extensions>
			</trkpt>
			<trkpt lat="46.8288633753" lon="8.5354097593">
				<ele>2014.7</ele>
				<extensions>
					<swisstopo:routepoint_id>2082538030</swisstopo:routepoint_id>
				</extensions>
			</trkpt>
			<trkpt lat="46.8288596296" lon="8.5353285610">
				<ele>2013.1</ele>
				<extensions>
					<swisstopo:routepoint_id>1327559359</swisstopo:routepoint_id>
				</extensions>
			</trkpt>
			<trkpt lat="46.8288554148" lon="8.5352376505">
				<ele>2011.5</ele>
				<extensions>
					<swisstopo:routepoint_id>412403004</swisstopo:routepoint_id>
				</extensions>
			</trkpt>
			<trkpt lat="46.8288481523" lon="8.5351713634">
				<ele>2010.4</ele>
				<extensions>
					<swisstopo:routepoint_id>653073203</swisstopo:routepoint_id>
				</extensions>
			</trkpt>
			<trkpt lat="46.8288399852" lon="8.5350821454">
				<ele>2009.1</ele>
				<extensions>
					<swisstopo:routepoint_id>911572643</swisstopo:routepoint_id>
				</extensions>
			</trkpt>
			<trkpt lat="46.8288377656" lon="8.5350186043">
				<ele>2008.1</ele>
				<extensions>
					<swisstopo:routepoint_id>472048323</swisstopo:routepoint_id>
				</extensions>
			</trkpt>
			<trkpt lat="46.8288357484" lon="8.5349330380">
				<ele>2006.9</ele>
				<extensions>
					<swisstopo:routepoint_id>1546722294</swisstopo:routepoint_id>
				</extensions>
			</trkpt>
			<trkpt lat="46.8288418259" lon="8.5348837590">
				<ele>2006.1</ele>
				<extensions>
					<swisstopo:routepoint_id>95155266</swisstopo:routepoint_id>
				</extensions>
			</trkpt>
			<trkpt lat="46.8288486511" lon="8.5348142323">
				<ele>2005.0</ele>
				<extensions>
					<swisstopo:routepoint_id>2087180373</swisstopo:routepoint_id>
				</extensions>
			</trkpt>
			<trkpt lat="46.8288526574" lon="8.5347464020">
				<ele>2004.2</ele>
				<extensions>
					<swisstopo:routepoint_id>1355414186</swisstopo:routepoint_id>
				</extensions>
			</trkpt>
			<trkpt lat="46.8288492455" lon="8.5346899087">
				<ele>2003.5</ele>
				<extensions>
					<swisstopo:routepoint_id>751386878</swisstopo:routepoint_id>
				</extensions>
			</trkpt>
			<trkpt lat="46.8288333816" lon="8.5346419750">
				<ele>2002.9</ele>
				<extensions>
					<swisstopo:routepoint_id>1410916036</swisstopo:routepoint_id>
				</extensions>
			</trkpt>
			<trkpt lat="46.8288135658" lon="8.5345966296">
				<ele>2001.8</ele>
				<extensions>
					<swisstopo:routepoint_id>3022731</swisstopo:routepoint_id>
				</extensions>
			</trkpt>
			<trkpt lat="46.8288088609" lon="8.5345586130">
				<ele>2000.9</ele>
				<extensions>
					<swisstopo:routepoint_id>512753906</swisstopo:routepoint_id>
				</extensions>
			</trkpt>
			<trkpt lat="46.8288043669" lon="8.5344976753">
				<ele>1999.9</ele>
				<extensions>
					<swisstopo:routepoint_id>491957208</swisstopo:routepoint_id>
				</extensions>
			</trkpt>
			<trkpt lat="46.8287979667" lon="8.5344596369">
				<ele>1999.5</ele>
				<extensions>
					<swisstopo:routepoint_id>988226958</swisstopo:routepoint_id>
				</extensions>
			</trkpt>
			<trkpt lat="46.8288007301" lon="8.5344041335">
				<ele>1998.8</ele>
				<extensions>
					<swisstopo:routepoint_id>326774791</swisstopo:routepoint_id>
				</extensions>
			</trkpt>
			<trkpt lat="46.8288066978" lon="8.5343672110">
				<ele>1998.5</ele>
				<extensions>
					<swisstopo:routepoint_id>198578947</swisstopo:routepoint_id>
				</extensions>
			</trkpt>
			<trkpt lat="46.8288070270" lon="8.5343319465">
				<ele>1998.5</ele>
				<extensions>
					<swisstopo:routepoint_id>1361307155</swisstopo:routepoint_id>
				</extensions>
			</trkpt>
			<trkpt lat="46.8287984288" lon="8.5342885704">
				<ele>1998.2</ele>
				<extensions>
					<swisstopo:routepoint_id>1206004163</swisstopo:routepoint_id>
				</extensions>
			</trkpt>
			<trkpt lat="46.8287819183" lon="8.5342503264">
				<ele>1998.1</ele>
				<extensions>
					<swisstopo:routepoint_id>88618562</swisstopo:routepoint_id>
				</extensions>
			</trkpt>
			<trkpt lat="46.8287602470" lon="8.5342225823">
				<ele>1998.4</ele>
				<extensions>
					<swisstopo:routepoint_id>58525384</swisstopo:routepoint_id>
				</extensions>
			</trkpt>
			<trkpt lat="46.8287458247" lon="8.5342011298">
				<ele>1998.2</ele>
				<extensions>
					<swisstopo:routepoint_id>552622437</swisstopo:routepoint_id>
				</extensions>
			</trkpt>
			<trkpt lat="46.8287300676" lon="8.5342034717">
				<ele>1997.7</ele>
				<extensions>
					<swisstopo:routepoint_id>1243776905</swisstopo:routepoint_id>
				</extensions>
			</trkpt>
			<trkpt lat="46.8287121119" lon="8.5341996054">
				<ele>1996.7</ele>
				<extensions>
					<swisstopo:routepoint_id>575181036</swisstopo:routepoint_id>
				</extensions>
			</trkpt>
			<trkpt lat="46.8287061224" lon="8.5341792078">
				<ele>1996.5</ele>
				<extensions>
					<swisstopo:routepoint_id>1415505386</swisstopo:routepoint_id>
				</extensions>
			</trkpt>
			<trkpt lat="46.8287013410" lon="8.5341482554">
				<ele>1995.6</ele>
				<extensions>
					<swisstopo:routepoint_id>143062397</swisstopo:routepoint_id>
				</extensions>
			</trkpt>
			<trkpt lat="46.8286870453" lon="8.5341135830">
				<ele>1994.9</ele>
				<extensions>
					<swisstopo:routepoint_id>262710147</swisstopo:routepoint_id>
				</extensions>
			</trkpt>
			<trkpt lat="46.8286744531" lon="8.5340771916">
				<ele>1994.1</ele>
				<extensions>
					<swisstopo:routepoint_id>246873393</swisstopo:routepoint_id>
				</extensions>
			</trkpt>
			<trkpt lat="46.8286697562" lon="8.5340374216">
				<ele>1993.5</ele>
				<extensions>
					<swisstopo:routepoint_id>68373334</swisstopo:routepoint_id>
				</extensions>
			</trkpt>
			<trkpt lat="46.8286617878" lon="8.5339878825">
				<ele>1992.8</ele>
				<extensions>
					<swisstopo:routepoint_id>473914751</swisstopo:routepoint_id>
				</extensions>
			</trkpt>
			<trkpt lat="46.8286530129" lon="8.5339647787">
				<ele>1992.4</ele>
				<extensions>
					<swisstopo:routepoint_id>1183974379</swisstopo:routepoint_id>
				</extensions>
			</trkpt>
			<trkpt lat="46.8286296380" lon="8.5339387537">
				<ele>1991.7</ele>
				<extensions>
					<swisstopo:routepoint_id>1193216295</swisstopo:routepoint_id>
				</extensions>
			</trkpt>
			<trkpt lat="46.8286006418" lon="8.5339135104">
				<ele>1990.8</ele>
				<extensions>
					<swisstopo:routepoint_id>1755163241</swisstopo:routepoint_id>
				</extensions>
			</trkpt>
			<trkpt lat="46.8285840300" lon="8.5338858567">
				<ele>1990.0</ele>
				<extensions>
					<swisstopo:routepoint_id>915215865</swisstopo:routepoint_id>
				</extensions>
			</trkpt>
			<trkpt lat="46.8285781412" lon="8.5338531091">
				<ele>1988.9</ele>
				<extensions>
					<swisstopo:routepoint_id>1575497625</swisstopo:routepoint_id>
				</extensions>
			</trkpt>
			<trkpt lat="46.8285797461" lon="8.5338011216">
				<ele>1988.1</ele>
				<extensions>
					<swisstopo:routepoint_id>438100163</swisstopo:routepoint_id>
				</extensions>
			</trkpt>
			<trkpt lat="46.8285863684" lon="8.5337536202">
				<ele>1987.0</ele>
				<extensions>
					<swisstopo:routepoint_id>1313406468</swisstopo:routepoint_id>
				</extensions>
			</trkpt>
			<trkpt lat="46.8285877879" lon="8.5337219046">
				<ele>1986.6</ele>
				<extensions>
					<swisstopo:routepoint_id>982653814</swisstopo:routepoint_id>
				</extensions>
			</trkpt>
			<trkpt lat="46.8285813286" lon="8.5336909182">
				<ele>1986.2</ele>
				<extensions>
					<swisstopo:routepoint_id>959507191</swisstopo:routepoint_id>
				</extensions>
			</trkpt>
			<trkpt lat="46.8285674434" lon="8.5336730098">
				<ele>1985.8</ele>
				<extensions>
					<swisstopo:routepoint_id>499266860</swisstopo:routepoint_id>
				</extensions>
			</trkpt>
			<trkpt lat="46.8285439253" lon="8.5336628544">
				<ele>1985.2</ele>
				<extensions>
					<swisstopo:routepoint_id>746736104</swisstopo:routepoint_id>
				</extensions>
			</trkpt>
			<trkpt lat="46.8285233275" lon="8.5336404190">
				<ele>1984.3</ele>
				<extensions>
					<swisstopo:routepoint_id>252907531</swisstopo:routepoint_id>
				</extensions>
			</trkpt>
			<trkpt lat="46.8285173717" lon="8.5336164894">
				<ele>1983.8</ele>
				<extensions>
					<swisstopo:routepoint_id>1330644827</swisstopo:routepoint_id>
				</extensions>
			</trkpt>
			<trkpt lat="46.8285137480" lon="8.5335820407">
				<ele>1983.5</ele>
				<extensions>
					<swisstopo:routepoint_id>1239606682</swisstopo:routepoint_id>
				</extensions>
			</trkpt>
			<trkpt lat="46.8285095122" lon="8.5335537301">
				<ele>1983.6</ele>
				<extensions>
					<swisstopo:routepoint_id>510910884</swisstopo:routepoint_id>
				</extensions>
			</trkpt>
			<trkpt lat="46.8284923215" lon="8.5335287144">
				<ele>1983.6</ele>
				<extensions>
					<swisstopo:routepoint_id>100971202</swisstopo:routepoint_id>
				</extensions>
			</trkpt>
			<trkpt lat="46.8284710943" lon="8.5335141897">
				<ele>1983.4</ele>
				<extensions>
					<swisstopo:routepoint_id>2146211923</swisstopo:routepoint_id>
				</extensions>
			</trkpt>
			<trkpt lat="46.8284381709" lon="8.5334871131">
				<ele>1983.2</ele>
				<extensions>
					<swisstopo:routepoint_id>102729552</swisstopo:routepoint_id>
				</extensions>
			</trkpt>
			<trkpt lat="46.8284120781" lon="8.5334513307">
				<ele>1983.4</ele>
				<extensions>
					<swisstopo:routepoint_id>1347629723</swisstopo:routepoint_id>
				</extensions>
			</trkpt>
			<trkpt lat="46.8283938724" lon="8.5334139487">
				<ele>1983.4</ele>
				<extensions>
					<swisstopo:routepoint_id>1131639365</swisstopo:routepoint_id>
				</extensions>
			</trkpt>
			<trkpt lat="46.8283694239" lon="8.5333826093">
				<ele>1983.4</ele>
				<extensions>
					<swisstopo:routepoint_id>148156434</swisstopo:routepoint_id>
				</extensions>
			</trkpt>
			<trkpt lat="46.8283579471" lon="8.5333471178">
				<ele>1983.3</ele>
				<extensions>
					<swisstopo:routepoint_id>1849780979</swisstopo:routepoint_id>
				</extensions>
			</trkpt>
			<trkpt lat="46.8283321324" lon="8.5332813695">
				<ele>1982.8</ele>
				<extensions>
					<swisstopo:routepoint_id>915477041</swisstopo:routepoint_id>
				</extensions>
			</trkpt>
			<trkpt lat="46.8283152618" lon="8.5332210704">
				<ele>1982.5</ele>
				<extensions>
					<swisstopo:routepoint_id>1675799578</swisstopo:routepoint_id>
				</extensions>
			</trkpt>
			<trkpt lat="46.8283031220" lon="8.5331970345">
				<ele>1982.2</ele>
				<extensions>
					<swisstopo:routepoint_id>55808810</swisstopo:routepoint_id>
				</extensions>
			</trkpt>
			<trkpt lat="46.8282708283" lon="8.5331629054">
				<ele>1981.8</ele>
				<extensions>
					<swisstopo:routepoint_id>303975689</swisstopo:routepoint_id>
				</extensions>
			</trkpt>
			<trkpt lat="46.8282531593" lon="8.5331281777">
				<ele>1981.5</ele>
				<extensions>
					<swisstopo:routepoint_id>282269016</swisstopo:routepoint_id>
				</extensions>
			</trkpt>
			<trkpt lat="46.8282361534" lon="8.5330819946">
				<ele>1981.3</ele>
				<extensions>
					<swisstopo:routepoint_id>273579149</swisstopo:routepoint_id>
				</extensions>
			</trkpt>
			<trkpt lat="46.8282291400" lon="8.5330492308">
				<ele>1981.2</ele>
				<extensions>
					<swisstopo:routepoint_id>779432607</swisstopo:routepoint_id>
				</extensions>
			</trkpt>
			<trkpt lat="46.8282263065" lon="8.5329909709">
				<ele>1981.1</ele>
				<extensions>
					<swisstopo:routepoint_id>443419271</swisstopo:routepoint_id>
				</extensions>
			</trkpt>
			<trkpt lat="46.8282077156" lon="8.5329350596">
				<ele>1980.9</ele>
				<extensions>
					<swisstopo:routepoint_id>1170684155</swisstopo:routepoint_id>
				</extensions>
			</trkpt>
			<trkpt lat="46.8281842925" lon="8.5328534752">
				<ele>1980.8</ele>
				<extensions>
					<swisstopo:routepoint_id>1352804192</swisstopo:routepoint_id>
				</extensions>
			</trkpt>
			<trkpt lat="46.8281719103" lon="8.5327941637">
				<ele>1980.1</ele>
				<extensions>
					<swisstopo:routepoint_id>1067369769</swisstopo:routepoint_id>
				</extensions>
			</trkpt>
			<trkpt lat="46.8281553594" lon="8.5326994903">
				<ele>1979.6</ele>
				<extensions>
					<swisstopo:routepoint_id>1965470389</swisstopo:routepoint_id>
				</extensions>
			</trkpt>
			<trkpt lat="46.8281480284" lon="8.5326411456">
				<ele>1979.0</ele>
				<extensions>
					<swisstopo:routepoint_id>1804912952</swisstopo:routepoint_id>
				</extensions>
			</trkpt>
			<trkpt lat="46.8281394975" lon="8.5325915956">
				<ele>1978.9</ele>
				<extensions>
					<swisstopo:routepoint_id>58755275</swisstopo:routepoint_id>
				</extensions>
			</trkpt>
			<trkpt lat="46.8281254032" lon="8.5325348990">
				<ele>1978.6</ele>
				<extensions>
					<swisstopo:routepoint_id>2072612066</swisstopo:routepoint_id>
				</extensions>
			</trkpt>
			<trkpt lat="46.8281302292" lon="8.5324997136">
				<ele>1978.5</ele>
				<extensions>
					<swisstopo:routepoint_id>911529331</swisstopo:routepoint_id>
				</extensions>
			</trkpt>
			<trkpt lat="46.8281289723" lon="8.5324529420">
				<ele>1978.3</ele>
				<extensions>
					<swisstopo:routepoint_id>374046300</swisstopo:routepoint_id>
				</extensions>
			</trkpt>
			<trkpt lat="46.8281256179" lon="8.5323893980">
				<ele>1978.0</ele>
				<extensions>
					<swisstopo:routepoint_id>1260504565</swisstopo:routepoint_id>
				</extensions>
			</trkpt>
			<trkpt lat="46.8281298732" lon="8.5323550905">
				<ele>1977.8</ele>
				<extensions>
					<swisstopo:routepoint_id>1811515212</swisstopo:routepoint_id>
				</extensions>
			</trkpt>
			<trkpt lat="46.8281405650" lon="8.5322935600">
				<ele>1977.4</ele>
				<extensions>
					<swisstopo:routepoint_id>2093543380</swisstopo:routepoint_id>
				</extensions>
			</trkpt>
			<trkpt lat="46.8281523555" lon="8.5322338180">
				<ele>1977.1</ele>
				<extensions>
					<swisstopo:routepoint_id>157796654</swisstopo:routepoint_id>
				</extensions>
			</trkpt>
			<trkpt lat="46.8281667296" lon="8.5321997033">
				<ele>1977.2</ele>
				<extensions>
					<swisstopo:routepoint_id>1433624342</swisstopo:routepoint_id>
				</extensions>
			</trkpt>
			<trkpt lat="46.8281830257" lon="8.5321391762">
				<ele>1977.0</ele>
				<extensions>
					<swisstopo:routepoint_id>262659161</swisstopo:routepoint_id>
				</extensions>
			</trkpt>
			<trkpt lat="46.8281873485" lon="8.5320978043">
				<ele>1976.9</ele>
				<extensions>
					<swisstopo:routepoint_id>1625801427</swisstopo:routepoint_id>
				</extensions>
			</trkpt>
			<trkpt lat="46.8281879379" lon="8.5320343276">
				<ele>1976.2</ele>
				<extensions>
					<swisstopo:routepoint_id>1792754291</swisstopo:routepoint_id>
				</extensions>
			</trkpt>
			<trkpt lat="46.8281916812" lon="8.5319938337">
				<ele>1975.8</ele>
				<extensions>
					<swisstopo:routepoint_id>907168392</swisstopo:routepoint_id>
				</extensions>
			</trkpt>
			<trkpt lat="46.8282034518" lon="8.5319563635">
				<ele>1975.5</ele>
				<extensions>
					<swisstopo:routepoint_id>1451173853</swisstopo:routepoint_id>
				</extensions>
			</trkpt>
			<trkpt lat="46.8282222184" lon="8.5318864399">
				<ele>1974.5</ele>
				<extensions>
					<swisstopo:routepoint_id>1268873909</swisstopo:routepoint_id>
				</extensions>
			</trkpt>
			<trkpt lat="46.8282345480" lon="8.5318401169">
				<ele>1974.0</ele>
				<extensions>
					<swisstopo:routepoint_id>1207276395</swisstopo:routepoint_id>
				</extensions>
			</trkpt>
			<trkpt lat="46.8282469611" lon="8.5317841379">
				<ele>1973.2</ele>
				<extensions>
					<swisstopo:routepoint_id>2121234206</swisstopo:routepoint_id>
				</extensions>
			</trkpt>
			<trkpt lat="46.8282490935" lon="8.5317393678">
				<ele>1972.9</ele>
				<extensions>
					<swisstopo:routepoint_id>995606969</swisstopo:routepoint_id>
				</extensions>
			</trkpt>
			<trkpt lat="46.8282421452" lon="8.5316988295">
				<ele>1972.3</ele>
				<extensions>
					<swisstopo:routepoint_id>885527297</swisstopo:routepoint_id>
				</extensions>
			</trkpt>
			<trkpt lat="46.8282303210" lon="8.5316362271">
				<ele>1971.9</ele>
				<extensions>
					<swisstopo:routepoint_id>205256397</swisstopo:routepoint_id>
				</extensions>
			</trkpt>
			<trkpt lat="46.8282142579" lon="8.5316016542">
				<ele>1971.6</ele>
				<extensions>
					<swisstopo:routepoint_id>1455731924</swisstopo:routepoint_id>
				</extensions>
			</trkpt>
			<trkpt lat="46.8282011242" lon="8.5315574766">
				<ele>1971.3</ele>
				<extensions>
					<swisstopo:routepoint_id>537245016</swisstopo:routepoint_id>
				</extensions>
			</trkpt>
			<trkpt lat="46.8281976331" lon="8.5315090916">
				<ele>1970.9</ele>
				<extensions>
					<swisstopo:routepoint_id>1270991675</swisstopo:routepoint_id>
				</extensions>
			</trkpt>
			<trkpt lat="46.8282008314" lon="8.5314713641">
				<ele>1970.5</ele>
				<extensions>
					<swisstopo:routepoint_id>1340543936</swisstopo:routepoint_id>
				</extensions>
			</trkpt>
			<trkpt lat="46.8282091742" lon="8.5314276033">
				<ele>1969.9</ele>
				<extensions>
					<swisstopo:routepoint_id>644439851</swisstopo:routepoint_id>
				</extensions>
			</trkpt>
			<trkpt lat="46.8282090737" lon="8.5313792872">
				<ele>1969.5</ele>
				<extensions>
					<swisstopo:routepoint_id>603894339</swisstopo:routepoint_id>
				</extensions>
			</trkpt>
			<trkpt lat="46.8281990118" lon="8.5313096870">
				<ele>1969.0</ele>
				<extensions>
					<swisstopo:routepoint_id>907097656</swisstopo:routepoint_id>
				</extensions>
			</trkpt>
			<trkpt lat="46.8281947909" lon="8.5312200004">
				<ele>1968.5</ele>
				<extensions>
					<swisstopo:routepoint_id>385162302</swisstopo:routepoint_id>
				</extensions>
			</trkpt>
			<trkpt lat="46.8281895797" lon="8.5311750940">
				<ele>1968.1</ele>
				<extensions>
					<swisstopo:routepoint_id>1082261656</swisstopo:routepoint_id>
				</extensions>
			</trkpt>
			<trkpt lat="46.8281894292" lon="8.5311329274">
				<ele>1967.6</ele>
				<extensions>
					<swisstopo:routepoint_id>71617368</swisstopo:routepoint_id>
				</extensions>
			</trkpt>
			<trkpt lat="46.8281950441" lon="8.5310785639">
				<ele>1966.9</ele>
				<extensions>
					<swisstopo:routepoint_id>1562031249</swisstopo:routepoint_id>
				</extensions>
			</trkpt>
			<trkpt lat="46.8281921827" lon="8.5310240349">
				<ele>1965.9</ele>
				<extensions>
					<swisstopo:routepoint_id>1120535856</swisstopo:routepoint_id>
				</extensions>
			</trkpt>
			<trkpt lat="46.8281828336" lon="8.5309386474">
				<ele>1964.6</ele>
				<extensions>
					<swisstopo:routepoint_id>691575060</swisstopo:routepoint_id>
				</extensions>
			</trkpt>
			<trkpt lat="46.8281719580" lon="8.5308374082">
				<ele>1963.4</ele>
				<extensions>
					<swisstopo:routepoint_id>69677525</swisstopo:routepoint_id>
				</extensions>
			</trkpt>
			<trkpt lat="46.8281524367" lon="8.5307509375">
				<ele>1962.4</ele>
				<extensions>
					<swisstopo:routepoint_id>673368745</swisstopo:routepoint_id>
				</extensions>
			</trkpt>
			<trkpt lat="46.8281485180" lon="8.5306893599">
				<ele>1961.9</ele>
				<extensions>
					<swisstopo:routepoint_id>198599569</swisstopo:routepoint_id>
				</extensions>
			</trkpt>
			<trkpt lat="46.8281423832" lon="8.5306224764">
				<ele>1961.3</ele>
				<extensions>
					<swisstopo:routepoint_id>792461009</swisstopo:routepoint_id>
				</extensions>
			</trkpt>
			<trkpt lat="46.8281319431" lon="8.5305335405">
				<ele>1960.2</ele>
				<extensions>
					<swisstopo:routepoint_id>1357253749</swisstopo:routepoint_id>
				</extensions>
			</trkpt>
			<trkpt lat="46.8281210751" lon="8.5304305479">
				<ele>1959.0</ele>
				<extensions>
					<swisstopo:routepoint_id>333057633</swisstopo:routepoint_id>
				</extensions>
			</trkpt>
			<trkpt lat="46.8281134969" lon="8.5303381566">
				<ele>1958.0</ele>
				<extensions>
					<swisstopo:routepoint_id>692422618</swisstopo:routepoint_id>
				</extensions>
			</trkpt>
			<trkpt lat="46.8281104418" lon="8.5302449801">
				<ele>1957.0</ele>
				<extensions>
					<swisstopo:routepoint_id>1892745147</swisstopo:routepoint_id>
				</extensions>
			</trkpt>
			<trkpt lat="46.8281054148" lon="8.5301807432">
				<ele>1956.4</ele>
				<extensions>
					<swisstopo:routepoint_id>2035922514</swisstopo:routepoint_id>
				</extensions>
			</trkpt>
			<trkpt lat="46.8280997082" lon="8.5301287998">
				<ele>1955.7</ele>
				<extensions>
					<swisstopo:routepoint_id>2113233800</swisstopo:routepoint_id>
				</extensions>
			</trkpt>
			<trkpt lat="46.8280901070" lon="8.5300697567">
				<ele>1955.3</ele>
				<extensions>
					<swisstopo:routepoint_id>1839164953</swisstopo:routepoint_id>
				</extensions>
			</trkpt>
			<trkpt lat="46.8280850294" lon="8.5300107988">
				<ele>1955.0</ele>
				<extensions>
					<swisstopo:routepoint_id>256422405</swisstopo:routepoint_id>
				</extensions>
			</trkpt>
			<trkpt lat="46.8280861537" lon="8.5299528371">
				<ele>1954.3</ele>
				<extensions>
					<swisstopo:routepoint_id>2000687533</swisstopo:routepoint_id>
				</extensions>
			</trkpt>
			<trkpt lat="46.8280809166" lon="8.5299096841">
				<ele>1953.7</ele>
				<extensions>
					<swisstopo:routepoint_id>1781149238</swisstopo:routepoint_id>
				</extensions>
			</trkpt>
			<trkpt lat="46.8280732202" lon="8.5298287211">
				<ele>1952.6</ele>
				<extensions>
					<swisstopo:routepoint_id>516054032</swisstopo:routepoint_id>
				</extensions>
			</trkpt>
			<trkpt lat="46.8280693260" lon="8.5297645136">
				<ele>1952.0</ele>
				<extensions>
					<swisstopo:routepoint_id>172141163</swisstopo:routepoint_id>
				</extensions>
			</trkpt>
			<trkpt lat="46.8280688135" lon="8.5297003682">
				<ele>1951.3</ele>
				<extensions>
					<swisstopo:routepoint_id>283794450</swisstopo:routepoint_id>
				</extensions>
			</trkpt>
			<trkpt lat="46.8280671766" lon="8.5296362129">
				<ele>1950.7</ele>
				<extensions>
					<swisstopo:routepoint_id>339637968</swisstopo:routepoint_id>
				</extensions>
			</trkpt>
			<trkpt lat="46.8280638030" lon="8.5295772768">
				<ele>1950.0</ele>
				<extensions>
					<swisstopo:routepoint_id>896476760</swisstopo:routepoint_id>
				</extensions>
			</trkpt>
			<trkpt lat="46.8280693161" lon="8.5295325882">
				<ele>1949.5</ele>
				<extensions>
					<swisstopo:routepoint_id>1254402537</swisstopo:routepoint_id>
				</extensions>
			</trkpt>
			<trkpt lat="46.8280733360" lon="8.5294685348">
				<ele>1948.7</ele>
				<extensions>
					<swisstopo:routepoint_id>674972513</swisstopo:routepoint_id>
				</extensions>
			</trkpt>
			<trkpt lat="46.8280796217" lon="8.5294036377">
				<ele>1948.2</ele>
				<extensions>
					<swisstopo:routepoint_id>244470232</swisstopo:routepoint_id>
				</extensions>
			</trkpt>
			<trkpt lat="46.8280746527" lon="8.5293332707">
				<ele>1947.3</ele>
				<extensions>
					<swisstopo:routepoint_id>755920612</swisstopo:routepoint_id>
				</extensions>
			</trkpt>
			<trkpt lat="46.8280754072" lon="8.5292550902">
				<ele>1946.8</ele>
				<extensions>
					<swisstopo:routepoint_id>850758734</swisstopo:routepoint_id>
				</extensions>
			</trkpt>
			<trkpt lat="46.8280756078" lon="8.5291760280">
				<ele>1946.0</ele>
				<extensions>
					<swisstopo:routepoint_id>556374996</swisstopo:routepoint_id>
				</extensions>
			</trkpt>
			<trkpt lat="46.8280787206" lon="8.5290882311">
				<ele>1944.9</ele>
				<extensions>
					<swisstopo:routepoint_id>1226911070</swisstopo:routepoint_id>
				</extensions>
			</trkpt>
			<trkpt lat="46.8280880020" lon="8.5290058328">
				<ele>1943.9</ele>
				<extensions>
					<swisstopo:routepoint_id>1900698885</swisstopo:routepoint_id>
				</extensions>
			</trkpt>
			<trkpt lat="46.8281052395" lon="8.5289191861">
				<ele>1943.0</ele>
				<extensions>
					<swisstopo:routepoint_id>1394373907</swisstopo:routepoint_id>
				</extensions>
			</trkpt>
			<trkpt lat="46.8281151330" lon="8.5288315328">
				<ele>1942.0</ele>
				<extensions>
					<swisstopo:routepoint_id>264445650</swisstopo:routepoint_id>
				</extensions>
			</trkpt>
			<trkpt lat="46.8281232982" lon="8.5287482287">
				<ele>1940.7</ele>
				<extensions>
					<swisstopo:routepoint_id>1114453312</swisstopo:routepoint_id>
				</extensions>
			</trkpt>
			<trkpt lat="46.8281274345" lon="8.5286709933">
				<ele>1939.3</ele>
				<extensions>
					<swisstopo:routepoint_id>1220044524</swisstopo:routepoint_id>
				</extensions>
			</trkpt>
			<trkpt lat="46.8281286669" lon="8.5286016161">
				<ele>1938.4</ele>
				<extensions>
					<swisstopo:routepoint_id>609295060</swisstopo:routepoint_id>
				</extensions>
			</trkpt>
			<trkpt lat="46.8281361271" lon="8.5285323585">
				<ele>1937.2</ele>
				<extensions>
					<swisstopo:routepoint_id>1574712784</swisstopo:routepoint_id>
				</extensions>
			</trkpt>
			<trkpt lat="46.8281492515" lon="8.5284605787">
				<ele>1936.1</ele>
				<extensions>
					<swisstopo:routepoint_id>840713371</swisstopo:routepoint_id>
				</extensions>
			</trkpt>
			<trkpt lat="46.8281540761" lon="8.5283719395">
				<ele>1934.5</ele>
				<extensions>
					<swisstopo:routepoint_id>2016821717</swisstopo:routepoint_id>
				</extensions>
			</trkpt>
			<trkpt lat="46.8281550996" lon="8.5283253871">
				<ele>1933.4</ele>
				<extensions>
					<swisstopo:routepoint_id>1033038295</swisstopo:routepoint_id>
				</extensions>
			</trkpt>
			<trkpt lat="46.8281494336" lon="8.5282681774">
				<ele>1932.0</ele>
				<extensions>
					<swisstopo:routepoint_id>466689077</swisstopo:routepoint_id>
				</extensions>
			</trkpt>
			<trkpt lat="46.8281380101" lon="8.5282213986">
				<ele>1930.7</ele>
				<extensions>
					<swisstopo:routepoint_id>644771177</swisstopo:routepoint_id>
				</extensions>
			</trkpt>
			<trkpt lat="46.8281253201" lon="8.5281895317">
				<ele>1929.8</ele>
				<extensions>
					<swisstopo:routepoint_id>1505206291</swisstopo:routepoint_id>
				</extensions>
			</trkpt>
			<trkpt lat="46.8281114051" lon="8.5281672915">
				<ele>1929.2</ele>
				<extensions>
					<swisstopo:routepoint_id>1440859809</swisstopo:routepoint_id>
				</extensions>
			</trkpt>
			<trkpt lat="46.8280964655" lon="8.5281336320">
				<ele>1928.7</ele>
				<extensions>
					<swisstopo:routepoint_id>1485193270</swisstopo:routepoint_id>
				</extensions>
			</trkpt>
			<trkpt lat="46.8280754078" lon="8.5280901783">
				<ele>1928.4</ele>
				<extensions>
					<swisstopo:routepoint_id>1528511012</swisstopo:routepoint_id>
				</extensions>
			</trkpt>
			<trkpt lat="46.8280560373" lon="8.5280476292">
				<ele>1927.9</ele>
				<extensions>
					<swisstopo:routepoint_id>499172942</swisstopo:routepoint_id>
				</extensions>
			</trkpt>
			<trkpt lat="46.8280400826" lon="8.5280033956">
				<ele>1927.4</ele>
				<extensions>
					<swisstopo:routepoint_id>74010365</swisstopo:routepoint_id>
				</extensions>
			</trkpt>
			<trkpt lat="46.8280259563" lon="8.5279433972">
				<ele>1926.6</ele>
				<extensions>
					<swisstopo:routepoint_id>1928995932</swisstopo:routepoint_id>
				</extensions>
			</trkpt>
			<trkpt lat="46.8280142974" lon="8.5278632184">
				<ele>1925.4</ele>
				<extensions>
					<swisstopo:routepoint_id>686640009</swisstopo:routepoint_id>
				</extensions>
			</trkpt>
			<trkpt lat="46.8280055091" lon="8.5277795967">
				<ele>1924.2</ele>
				<extensions>
					<swisstopo:routepoint_id>1557340235</swisstopo:routepoint_id>
				</extensions>
			</trkpt>
			<trkpt lat="46.8279987850" lon="8.5277144490">
				<ele>1923.3</ele>
				<extensions>
					<swisstopo:routepoint_id>1363687917</swisstopo:routepoint_id>
				</extensions>
			</trkpt>
			<trkpt lat="46.8279873868" lon="8.5276659173">
				<ele>1922.7</ele>
				<extensions>
					<swisstopo:routepoint_id>1463722786</swisstopo:routepoint_id>
				</extensions>
			</trkpt>
			<trkpt lat="46.8279703392" lon="8.5275584102">
				<ele>1921.4</ele>
				<extensions>
					<swisstopo:routepoint_id>1629578311</swisstopo:routepoint_id>
				</extensions>
			</trkpt>
			<trkpt lat="46.8279556411" lon="8.5274421634">
				<ele>1919.8</ele>
				<extensions>
					<swisstopo:routepoint_id>1892162041</swisstopo:routepoint_id>
				</extensions>
			</trkpt>
			<trkpt lat="46.8279495713" lon="8.5273682610">
				<ele>1918.8</ele>
				<extensions>
					<swisstopo:routepoint_id>1215618736</swisstopo:routepoint_id>
				</extensions>
			</trkpt>
			<trkpt lat="46.8279519366" lon="8.5272997709">
				<ele>1917.8</ele>
				<extensions>
					<swisstopo:routepoint_id>475516289</swisstopo:routepoint_id>
				</extensions>
			</trkpt>
			<trkpt lat="46.8279542008" lon="8.5272409683">
				<ele>1917.1</ele>
				<extensions>
					<swisstopo:routepoint_id>1731226956</swisstopo:routepoint_id>
				</extensions>
			</trkpt>
			<trkpt lat="46.8279489710" lon="8.5271969391">
				<ele>1916.6</ele>
				<extensions>
					<swisstopo:routepoint_id>495096262</swisstopo:routepoint_id>
				</extensions>
			</trkpt>
			<trkpt lat="46.8279353236" lon="8.5271474724">
				<ele>1915.8</ele>
				<extensions>
					<swisstopo:routepoint_id>1084568114</swisstopo:routepoint_id>
				</extensions>
			</trkpt>
			<trkpt lat="46.8279252842" lon="8.5270752435">
				<ele>1914.7</ele>
				<extensions>
					<swisstopo:routepoint_id>1783522420</swisstopo:routepoint_id>
				</extensions>
			</trkpt>
			<trkpt lat="46.8279192146" lon="8.5270022181">
				<ele>1913.5</ele>
				<extensions>
					<swisstopo:routepoint_id>1428354598</swisstopo:routepoint_id>
				</extensions>
			</trkpt>
			<trkpt lat="46.8279105753" lon="8.5269010125">
				<ele>1912.0</ele>
				<extensions>
					<swisstopo:routepoint_id>696959848</swisstopo:routepoint_id>
				</extensions>
			</trkpt>
			<trkpt lat="46.8279067296" lon="8.5268315456">
				<ele>1911.1</ele>
				<extensions>
					<swisstopo:routepoint_id>538860921</swisstopo:routepoint_id>
				</extensions>
			</trkpt>
			<trkpt lat="46.8278955151" lon="8.5267636834">
				<ele>1910.4</ele>
				<extensions>
					<swisstopo:routepoint_id>912715806</swisstopo:routepoint_id>
				</extensions>
			</trkpt>
			<trkpt lat="46.8278850125" lon="8.5266865427">
				<ele>1909.5</ele>
				<extensions>
					<swisstopo:routepoint_id>748421755</swisstopo:routepoint_id>
				</extensions>
			</trkpt>
			<trkpt lat="46.8278786144" lon="8.5266267780">
				<ele>1908.7</ele>
				<extensions>
					<swisstopo:routepoint_id>1077300116</swisstopo:routepoint_id>
				</extensions>
			</trkpt>
			<trkpt lat="46.8278802041" lon="8.5265741954">
				<ele>1908.3</ele>
				<extensions>
					<swisstopo:routepoint_id>361789939</swisstopo:routepoint_id>
				</extensions>
			</trkpt>
			<trkpt lat="46.8278912719" lon="8.5264875964">
				<ele>1907.2</ele>
				<extensions>
					<swisstopo:routepoint_id>1213738856</swisstopo:routepoint_id>
				</extensions>
			</trkpt>
			<trkpt lat="46.8278995169" lon="8.5263948089">
				<ele>1905.8</ele>
				<extensions>
					<swisstopo:routepoint_id>1278059450</swisstopo:routepoint_id>
				</extensions>
			</trkpt>
			<trkpt lat="46.8279044012" lon="8.5262914256">
				<ele>1904.0</ele>
				<extensions>
					<swisstopo:routepoint_id>2089039579</swisstopo:routepoint_id>
				</extensions>
			</trkpt>
			<trkpt lat="46.8279084571" lon="8.5261485757">
				<ele>1901.6</ele>
				<extensions>
					<swisstopo:routepoint_id>936957169</swisstopo:routepoint_id>
				</extensions>
			</trkpt>
			<trkpt lat="46.8279170331" lon="8.5260163260">
				<ele>1899.5</ele>
				<extensions>
					<swisstopo:routepoint_id>820103945</swisstopo:routepoint_id>
				</extensions>
			</trkpt>
			<trkpt lat="46.8279261716" lon="8.5258849643">
				<ele>1898.0</ele>
				<extensions>
					<swisstopo:routepoint_id>202697041</swisstopo:routepoint_id>
				</extensions>
			</trkpt>
			<trkpt lat="46.8279332982" lon="8.5257877701">
				<ele>1896.4</ele>
				<extensions>
					<swisstopo:routepoint_id>147462297</swisstopo:routepoint_id>
				</extensions>
			</trkpt>
			<trkpt lat="46.8279394321" lon="8.5256730134">
				<ele>1895.1</ele>
				<extensions>
					<swisstopo:routepoint_id>1251802508</swisstopo:routepoint_id>
				</extensions>
			</trkpt>
			<trkpt lat="46.8279521955" lon="8.5255197983">
				<ele>1893.2</ele>
				<extensions>
					<swisstopo:routepoint_id>1129078200</swisstopo:routepoint_id>
				</extensions>
			</trkpt>
			<trkpt lat="46.8279688334" lon="8.5253859640">
				<ele>1891.4</ele>
				<extensions>
					<swisstopo:routepoint_id>1415282796</swisstopo:routepoint_id>
				</extensions>
			</trkpt>
			<trkpt lat="46.8279762578" lon="8.5253221007">
				<ele>1890.4</ele>
				<extensions>
					<swisstopo:routepoint_id>363598873</swisstopo:routepoint_id>
				</extensions>
			</trkpt>
			<trkpt lat="46.8279853302" lon="8.5252687924">
				<ele>1889.6</ele>
				<extensions>
					<swisstopo:routepoint_id>85757430</swisstopo:routepoint_id>
				</extensions>
			</trkpt>
			<trkpt lat="46.8280008508" lon="8.5251998188">
				<ele>1888.6</ele>
				<extensions>
					<swisstopo:routepoint_id>93535062</swisstopo:routepoint_id>
				</extensions>
			</trkpt>
			<trkpt lat="46.8280163960" lon="8.5251282281">
				<ele>1888.2</ele>
				<extensions>
					<swisstopo:routepoint_id>303466841</swisstopo:routepoint_id>
				</extensions>
			</trkpt>
			<trkpt lat="46.8280253934" lon="8.5250828095">
				<ele>1887.9</ele>
				<extensions>
					<swisstopo:routepoint_id>1974113513</swisstopo:routepoint_id>
				</extensions>
			</trkpt>
			<trkpt lat="46.8280343585" lon="8.5250426446">
				<ele>1887.8</ele>
				<extensions>
					<swisstopo:routepoint_id>1151992574</swisstopo:routepoint_id>
				</extensions>
			</trkpt>
			<trkpt lat="46.8280392911" lon="8.5250015342">
				<ele>1887.4</ele>
				<extensions>
					<swisstopo:routepoint_id>1062885760</swisstopo:routepoint_id>
				</extensions>
			</trkpt>
			<trkpt lat="46.8280478253" lon="8.5249438244">
				<ele>1887.5</ele>
				<extensions>
					<swisstopo:routepoint_id>2034978726</swisstopo:routepoint_id>
				</extensions>
			</trkpt>
			<trkpt lat="46.8280632627" lon="8.5248845003">
				<ele>1886.5</ele>
				<extensions>
					<swisstopo:routepoint_id>653425291</swisstopo:routepoint_id>
				</extensions>
			</trkpt>
			<trkpt lat="46.8280839240" lon="8.5248209040">
				<ele>1885.4</ele>
				<extensions>
					<swisstopo:routepoint_id>750322925</swisstopo:routepoint_id>
				</extensions>
			</trkpt>
			<trkpt lat="46.8281052386" lon="8.5247468055">
				<ele>1884.2</ele>
				<extensions>
					<swisstopo:routepoint_id>1583793070</swisstopo:routepoint_id>
				</extensions>
			</trkpt>
			<trkpt lat="46.8281130581" lon="8.5246958845">
				<ele>1883.3</ele>
				<extensions>
					<swisstopo:routepoint_id>166582673</swisstopo:routepoint_id>
				</extensions>
			</trkpt>
			<trkpt lat="46.8281201130" lon="8.5246394375">
				<ele>1882.6</ele>
				<extensions>
					<swisstopo:routepoint_id>287371768</swisstopo:routepoint_id>
				</extensions>
			</trkpt>
			<trkpt lat="46.8281171229" lon="8.5245611302">
				<ele>1881.4</ele>
				<extensions>
					<swisstopo:routepoint_id>1191629670</swisstopo:routepoint_id>
				</extensions>
			</trkpt>
			<trkpt lat="46.8281076353" lon="8.5244574564">
				<ele>1879.8</ele>
				<extensions>
					<swisstopo:routepoint_id>94878592</swisstopo:routepoint_id>
				</extensions>
			</trkpt>
			<trkpt lat="46.8281072859" lon="8.5243600980">
				<ele>1878.1</ele>
				<extensions>
					<swisstopo:routepoint_id>2095102293</swisstopo:routepoint_id>
				</extensions>
			</trkpt>
			<trkpt lat="46.8281122839" lon="8.5242426940">
				<ele>1876.8</ele>
				<extensions>
					<swisstopo:routepoint_id>1313505058</swisstopo:routepoint_id>
				</extensions>
			</trkpt>
			<trkpt lat="46.8281141533" lon="8.5241559086">
				<ele>1875.8</ele>
				<extensions>
					<swisstopo:routepoint_id>579912792</swisstopo:routepoint_id>
				</extensions>
			</trkpt>
			<trkpt lat="46.8281083492" lon="8.5240926550">
				<ele>1874.9</ele>
				<extensions>
					<swisstopo:routepoint_id>2050410543</swisstopo:routepoint_id>
				</extensions>
			</trkpt>
			<trkpt lat="46.8280990269" lon="8.5240372218">
				<ele>1874.3</ele>
				<extensions>
					<swisstopo:routepoint_id>1947385089</swisstopo:routepoint_id>
				</extensions>
			</trkpt>
			<trkpt lat="46.8280979000" lon="8.5239652753">
				<ele>1873.6</ele>
				<extensions>
					<swisstopo:routepoint_id>678208074</swisstopo:routepoint_id>
				</extensions>
			</trkpt>
			<trkpt lat="46.8281005306" lon="8.5238565916">
				<ele>1872.6</ele>
				<extensions>
					<swisstopo:routepoint_id>1209541168</swisstopo:routepoint_id>
				</extensions>
			</trkpt>
			<trkpt lat="46.8281007025" lon="8.5237662710">
				<ele>1871.9</ele>
				<extensions>
					<swisstopo:routepoint_id>513081239</swisstopo:routepoint_id>
				</extensions>
			</trkpt>
			<trkpt lat="46.8280950056" lon="8.5236898612">
				<ele>1871.0</ele>
				<extensions>
					<swisstopo:routepoint_id>503712359</swisstopo:routepoint_id>
				</extensions>
			</trkpt>
			<trkpt lat="46.8280873126" lon="8.5235765789">
				<ele>1870.0</ele>
				<extensions>
					<swisstopo:routepoint_id>2113142635</swisstopo:routepoint_id>
				</extensions>
			</trkpt>
			<trkpt lat="46.8280835363" lon="8.5234782749">
				<ele>1868.9</ele>
				<extensions>
					<swisstopo:routepoint_id>293237379</swisstopo:routepoint_id>
				</extensions>
			</trkpt>
			<trkpt lat="46.8280822747" lon="8.5233519702">
				<ele>1867.7</ele>
				<extensions>
					<swisstopo:routepoint_id>1243122606</swisstopo:routepoint_id>
				</extensions>
			</trkpt>
			<trkpt lat="46.8280833892" lon="8.5232178156">
				<ele>1866.4</ele>
				<extensions>
					<swisstopo:routepoint_id>1773054454</swisstopo:routepoint_id>
				</extensions>
			</trkpt>
			<trkpt lat="46.8280800676" lon="8.5231326793">
				<ele>1865.4</ele>
				<extensions>
					<swisstopo:routepoint_id>1695527671</swisstopo:routepoint_id>
				</extensions>
			</trkpt>
			<trkpt lat="46.8280762483" lon="8.5230370241">
				<ele>1864.2</ele>
				<extensions>
					<swisstopo:routepoint_id>1044135444</swisstopo:routepoint_id>
				</extensions>
			</trkpt>
			<trkpt lat="46.8280789025" lon="8.5229248272">
				<ele>1863.0</ele>
				<extensions>
					<swisstopo:routepoint_id>2104358441</swisstopo:routepoint_id>
				</extensions>
			</trkpt>
			<trkpt lat="46.8280797522" lon="8.5228222451">
				<ele>1862.2</ele>
				<extensions>
					<swisstopo:routepoint_id>2059573141</swisstopo:routepoint_id>
				</extensions>
			</trkpt>
			<trkpt lat="46.8280858661" lon="8.5227083578">
				<ele>1861.3</ele>
				<extensions>
					<swisstopo:routepoint_id>354820859</swisstopo:routepoint_id>
				</extensions>
			</trkpt>
			<trkpt lat="46.8280895553" lon="8.5226102042">
				<ele>1860.3</ele>
				<extensions>
					<swisstopo:routepoint_id>1839699195</swisstopo:routepoint_id>
				</extensions>
			</trkpt>
			<trkpt lat="46.8281001482" lon="8.5225122088">
				<ele>1859.5</ele>
				<extensions>
					<swisstopo:routepoint_id>249011593</swisstopo:routepoint_id>
				</extensions>
			</trkpt>
			<trkpt lat="46.8281082986" lon="8.5224290635">
				<ele>1859.0</ele>
				<extensions>
					<swisstopo:routepoint_id>1277490957</swisstopo:routepoint_id>
				</extensions>
			</trkpt>
			<trkpt lat="46.8281065503" lon="8.5223632550">
				<ele>1858.7</ele>
				<extensions>
					<swisstopo:routepoint_id>906882188</swisstopo:routepoint_id>
				</extensions>
			</trkpt>
			<trkpt lat="46.8280957280" lon="8.5222806044">
				<ele>1858.5</ele>
				<extensions>
					<swisstopo:routepoint_id>1627628582</swisstopo:routepoint_id>
				</extensions>
			</trkpt>
			<trkpt lat="46.8280837146" lon="8.5222040677">
				<ele>1858.3</ele>
				<extensions>
					<swisstopo:routepoint_id>402710097</swisstopo:routepoint_id>
				</extensions>
			</trkpt>
			<trkpt lat="46.8280751687" lon="8.5221240807">
				<ele>1857.4</ele>
				<extensions>
					<swisstopo:routepoint_id>286363632</swisstopo:routepoint_id>
				</extensions>
			</trkpt>
			<trkpt lat="46.8280640310" lon="8.5220107293">
				<ele>1856.4</ele>
				<extensions>
					<swisstopo:routepoint_id>1539939268</swisstopo:routepoint_id>
				</extensions>
			</trkpt>
			<trkpt lat="46.8280579844" lon="8.5219071253">
				<ele>1855.0</ele>
				<extensions>
					<swisstopo:routepoint_id>1847052779</swisstopo:routepoint_id>
				</extensions>
			</trkpt>
			<trkpt lat="46.8280490652" lon="8.5218034636">
				<ele>1853.6</ele>
				<extensions>
					<swisstopo:routepoint_id>986902080</swisstopo:routepoint_id>
				</extensions>
			</trkpt>
			<trkpt lat="46.8280418020" lon="8.5217086161">
				<ele>1852.9</ele>
				<extensions>
					<swisstopo:routepoint_id>1538958764</swisstopo:routepoint_id>
				</extensions>
			</trkpt>
			<trkpt lat="46.8280383307" lon="8.5216410194">
				<ele>1852.1</ele>
				<extensions>
					<swisstopo:routepoint_id>1754928266</swisstopo:routepoint_id>
				</extensions>
			</trkpt>
			<trkpt lat="46.8280403790" lon="8.5215314279">
				<ele>1850.7</ele>
				<extensions>
					<swisstopo:routepoint_id>328353687</swisstopo:routepoint_id>
				</extensions>
			</trkpt>
			<trkpt lat="46.8280452841" lon="8.5214263035">
				<ele>1849.5</ele>
				<extensions>
					<swisstopo:routepoint_id>1075486298</swisstopo:routepoint_id>
				</extensions>
			</trkpt>
			<trkpt lat="46.8280491528" lon="8.5213053629">
				<ele>1848.3</ele>
				<extensions>
					<swisstopo:routepoint_id>490457412</swisstopo:routepoint_id>
				</extensions>
			</trkpt>
			<trkpt lat="46.8280468652" lon="8.5212342765">
				<ele>1847.4</ele>
				<extensions>
					<swisstopo:routepoint_id>334922657</swisstopo:routepoint_id>
				</extensions>
			</trkpt>
			<trkpt lat="46.8280423914" lon="8.5211491172">
				<ele>1846.3</ele>
				<extensions>
					<swisstopo:routepoint_id>1783605590</swisstopo:routepoint_id>
				</extensions>
			</trkpt>
			<trkpt lat="46.8280361212" lon="8.5210718323">
				<ele>1845.2</ele>
				<extensions>
					<swisstopo:routepoint_id>1410977452</swisstopo:routepoint_id>
				</extensions>
			</trkpt>
			<trkpt lat="46.8280239999" lon="8.5210084330">
				<ele>1844.3</ele>
				<extensions>
					<swisstopo:routepoint_id>496993805</swisstopo:routepoint_id>
				</extensions>
			</trkpt>
			<trkpt lat="46.8280088906" lon="8.5209581513">
				<ele>1844.0</ele>
				<extensions>
					<swisstopo:routepoint_id>515210987</swisstopo:routepoint_id>
				</extensions>
			</trkpt>
			<trkpt lat="46.8279851801" lon="8.5209041703">
				<ele>1843.8</ele>
				<extensions>
					<swisstopo:routepoint_id>1086230362</swisstopo:routepoint_id>
				</extensions>
			</trkpt>
			<trkpt lat="46.8279518177" lon="8.5208368495">
				<ele>1843.6</ele>
				<extensions>
					<swisstopo:routepoint_id>1142228985</swisstopo:routepoint_id>
				</extensions>
			</trkpt>
			<trkpt lat="46.8279445487" lon="8.5208121529">
				<ele>1843.4</ele>
				<extensions>
					<swisstopo:routepoint_id>482794993</swisstopo:routepoint_id>
				</extensions>
			</trkpt>
			<trkpt lat="46.8279438091" lon="8.5207612706">
				<ele>1842.6</ele>
				<extensions>
					<swisstopo:routepoint_id>555203144</swisstopo:routepoint_id>
				</extensions>
			</trkpt>
			<trkpt lat="46.8279506356" lon="8.5207009084">
				<ele>1841.8</ele>
				<extensions>
					<swisstopo:routepoint_id>1682550120</swisstopo:routepoint_id>
				</extensions>
			</trkpt>
			<trkpt lat="46.8279533318" lon="8.5206527256">
				<ele>1841.5</ele>
				<extensions>
					<swisstopo:routepoint_id>1988506162</swisstopo:routepoint_id>
				</extensions>
			</trkpt>
			<trkpt lat="46.8279497530" lon="8.5205982855">
				<ele>1841.2</ele>
				<extensions>
					<swisstopo:routepoint_id>1726461597</swisstopo:routepoint_id>
				</extensions>
			</trkpt>
			<trkpt lat="46.8279415144" lon="8.5205516428">
				<ele>1841.1</ele>
				<extensions>
					<swisstopo:routepoint_id>312252574</swisstopo:routepoint_id>
				</extensions>
			</trkpt>
			<trkpt lat="46.8279280772" lon="8.5205075133">
				<ele>1841.1</ele>
				<extensions>
					<swisstopo:routepoint_id>1959164575</swisstopo:routepoint_id>
				</extensions>
			</trkpt>
			<trkpt lat="46.8279089941" lon="8.5204510080">
				<ele>1841.2</ele>
				<extensions>
					<swisstopo:routepoint_id>963781807</swisstopo:routepoint_id>
				</extensions>
			</trkpt>
			<trkpt lat="46.8278978498" lon="8.5204078143">
				<ele>1840.8</ele>
				<extensions>
					<swisstopo:routepoint_id>2030117449</swisstopo:routepoint_id>
				</extensions>
			</trkpt>
			<trkpt lat="46.8278892617" lon="8.5203331007">
				<ele>1840.1</ele>
				<extensions>
					<swisstopo:routepoint_id>1942400728</swisstopo:routepoint_id>
				</extensions>
			</trkpt>
			<trkpt lat="46.8278797127" lon="8.5202364413">
				<ele>1839.5</ele>
				<extensions>
					<swisstopo:routepoint_id>579439118</swisstopo:routepoint_id>
				</extensions>
			</trkpt>
			<trkpt lat="46.8278674914" lon="8.5201835684">
				<ele>1839.4</ele>
				<extensions>
					<swisstopo:routepoint_id>695120514</swisstopo:routepoint_id>
				</extensions>
			</trkpt>
			<trkpt lat="46.8278488722" lon="8.5201402310">
				<ele>1839.2</ele>
				<extensions>
					<swisstopo:routepoint_id>1192676116</swisstopo:routepoint_id>
				</extensions>
			</trkpt>
			<trkpt lat="46.8278261890" lon="8.5201020664">
				<ele>1839.1</ele>
				<extensions>
					<swisstopo:routepoint_id>243095530</swisstopo:routepoint_id>
				</extensions>
			</trkpt>
			<trkpt lat="46.8277955087" lon="8.5200567139">
				<ele>1839.3</ele>
				<extensions>
					<swisstopo:routepoint_id>537683958</swisstopo:routepoint_id>
				</extensions>
			</trkpt>
			<trkpt lat="46.8277751839" lon="8.5200107056">
				<ele>1839.1</ele>
				<extensions>
					<swisstopo:routepoint_id>801425306</swisstopo:routepoint_id>
				</extensions>
			</trkpt>
			<trkpt lat="46.8277673930" lon="8.5199798546">
				<ele>1838.6</ele>
				<extensions>
					<swisstopo:routepoint_id>964735108</swisstopo:routepoint_id>
				</extensions>
			</trkpt>
			<trkpt lat="46.8277650060" lon="8.5199210546">
				<ele>1837.6</ele>
				<extensions>
					<swisstopo:routepoint_id>865720619</swisstopo:routepoint_id>
				</extensions>
			</trkpt>
			<trkpt lat="46.8277641757" lon="8.5198815755">
				<ele>1837.2</ele>
				<extensions>
					<swisstopo:routepoint_id>244992674</swisstopo:routepoint_id>
				</extensions>
			</trkpt>
			<trkpt lat="46.8277518730" lon="8.5198401061">
				<ele>1837.0</ele>
				<extensions>
					<swisstopo:routepoint_id>945919345</swisstopo:routepoint_id>
				</extensions>
			</trkpt>
			<trkpt lat="46.8277297523" lon="8.5198028296">
				<ele>1837.0</ele>
				<extensions>
					<swisstopo:routepoint_id>1894421281</swisstopo:routepoint_id>
				</extensions>
			</trkpt>
			<trkpt lat="46.8276876311" lon="8.5197493565">
				<ele>1836.9</ele>
				<extensions>
					<swisstopo:routepoint_id>2001296085</swisstopo:routepoint_id>
				</extensions>
			</trkpt>
			<trkpt lat="46.8276705937" lon="8.5197235872">
				<ele>1836.8</ele>
				<extensions>
					<swisstopo:routepoint_id>175679409</swisstopo:routepoint_id>
				</extensions>
			</trkpt>
			<trkpt lat="46.8276645575" lon="8.5196892707">
				<ele>1836.3</ele>
				<extensions>
					<swisstopo:routepoint_id>1731209116</swisstopo:routepoint_id>
				</extensions>
			</trkpt>
			<trkpt lat="46.8276627580" lon="8.5196287163">
				<ele>1835.3</ele>
				<extensions>
					<swisstopo:routepoint_id>211184280</swisstopo:routepoint_id>
				</extensions>
			</trkpt>
			<trkpt lat="46.8276622484" lon="8.5195506581">
				<ele>1834.2</ele>
				<extensions>
					<swisstopo:routepoint_id>86898320</swisstopo:routepoint_id>
				</extensions>
			</trkpt>
			<trkpt lat="46.8276569884" lon="8.5194909238">
				<ele>1833.6</ele>
				<extensions>
					<swisstopo:routepoint_id>470721524</swisstopo:routepoint_id>
				</extensions>
			</trkpt>
			<trkpt lat="46.8276426141" lon="8.5194213488">
				<ele>1833.2</ele>
				<extensions>
					<swisstopo:routepoint_id>145817193</swisstopo:routepoint_id>
				</extensions>
			</trkpt>
			<trkpt lat="46.8276230574" lon="8.5193516764">
				<ele>1833.0</ele>
				<extensions>
					<swisstopo:routepoint_id>1686358957</swisstopo:routepoint_id>
				</extensions>
			</trkpt>
			<trkpt lat="46.8275978220" lon="8.5192739923">
				<ele>1832.5</ele>
				<extensions>
					<swisstopo:routepoint_id>398624850</swisstopo:routepoint_id>
				</extensions>
			</trkpt>
			<trkpt lat="46.8275760056" lon="8.5192007737">
				<ele>1831.9</ele>
				<extensions>
					<swisstopo:routepoint_id>1996223933</swisstopo:routepoint_id>
				</extensions>
			</trkpt>
			<trkpt lat="46.8275586678" lon="8.5191407843">
				<ele>1831.2</ele>
				<extensions>
					<swisstopo:routepoint_id>2094321009</swisstopo:routepoint_id>
				</extensions>
			</trkpt>
			<trkpt lat="46.8275474739" lon="8.5191037277">
				<ele>1830.9</ele>
				<extensions>
					<swisstopo:routepoint_id>891342462</swisstopo:routepoint_id>
				</extensions>
			</trkpt>
			<trkpt lat="46.8275272067" lon="8.5190515899">
				<ele>1830.7</ele>
				<extensions>
					<swisstopo:routepoint_id>1572046329</swisstopo:routepoint_id>
				</extensions>
			</trkpt>
			<trkpt lat="46.8275034047" lon="8.5190081299">
				<ele>1830.7</ele>
				<extensions>
					<swisstopo:routepoint_id>675374732</swisstopo:routepoint_id>
				</extensions>
			</trkpt>
			<trkpt lat="46.8274756542" lon="8.5189567060">
				<ele>1830.3</ele>
				<extensions>
					<swisstopo:routepoint_id>2026267094</swisstopo:routepoint_id>
				</extensions>
			</trkpt>
			<trkpt lat="46.8274599316" lon="8.5189107907">
				<ele>1830.0</ele>
				<extensions>
					<swisstopo:routepoint_id>1218565498</swisstopo:routepoint_id>
				</extensions>
			</trkpt>
			<trkpt lat="46.8274330725" lon="8.5188208122">
				<ele>1829.0</ele>
				<extensions>
					<swisstopo:routepoint_id>1564910501</swisstopo:routepoint_id>
				</extensions>
			</trkpt>
			<trkpt lat="46.8274032505" lon="8.5187412830">
				<ele>1828.5</ele>
				<extensions>
					<swisstopo:routepoint_id>382007112</swisstopo:routepoint_id>
				</extensions>
			</trkpt>
			<trkpt lat="46.8273543272" lon="8.5186061199">
				<ele>1825.8</ele>
				<extensions>
					<swisstopo:routepoint_id>644382819</swisstopo:routepoint_id>
				</extensions>
			</trkpt>
			<trkpt lat="46.8273310970" lon="8.5185644318">
				<ele>1824.8</ele>
				<extensions>
					<swisstopo:routepoint_id>1645373434</swisstopo:routepoint_id>
				</extensions>
			</trkpt>
			<trkpt lat="46.8272960111" lon="8.5184962020">
				<ele>1823.6</ele>
				<extensions>
					<swisstopo:routepoint_id>1750718083</swisstopo:routepoint_id>
				</extensions>
			</trkpt>
			<trkpt lat="46.8272649232" lon="8.5184306829">
				<ele>1822.8</ele>
				<extensions>
					<swisstopo:routepoint_id>677813053</swisstopo:routepoint_id>
				</extensions>
			</trkpt>
			<trkpt lat="46.8272406323" lon="8.5183775753">
				<ele>1822.3</ele>
				<extensions>
					<swisstopo:routepoint_id>58943760</swisstopo:routepoint_id>
				</extensions>
			</trkpt>
			<trkpt lat="46.8272148081" lon="8.5183007572">
				<ele>1821.2</ele>
				<extensions>
					<swisstopo:routepoint_id>24919275</swisstopo:routepoint_id>
				</extensions>
			</trkpt>
			<trkpt lat="46.8271923954" lon="8.5182301580">
				<ele>1819.9</ele>
				<extensions>
					<swisstopo:routepoint_id>1746405153</swisstopo:routepoint_id>
				</extensions>
			</trkpt>
			<trkpt lat="46.8271698343" lon="8.5181762021">
				<ele>1819.0</ele>
				<extensions>
					<swisstopo:routepoint_id>1609662516</swisstopo:routepoint_id>
				</extensions>
			</trkpt>
			<trkpt lat="46.8271403122" lon="8.5181300106">
				<ele>1818.1</ele>
				<extensions>
					<swisstopo:routepoint_id>1356024640</swisstopo:routepoint_id>
				</extensions>
			</trkpt>
			<trkpt lat="46.8270964936" lon="8.5180747645">
				<ele>1816.9</ele>
				<extensions>
					<swisstopo:routepoint_id>782946887</swisstopo:routepoint_id>
				</extensions>
			</trkpt>
			<trkpt lat="46.8270509693" lon="8.5180159579">
				<ele>1815.6</ele>
				<extensions>
					<swisstopo:routepoint_id>324462660</swisstopo:routepoint_id>
				</extensions>
			</trkpt>
			<trkpt lat="46.8270174576" lon="8.5179670562">
				<ele>1814.6</ele>
				<extensions>
					<swisstopo:routepoint_id>1374219735</swisstopo:routepoint_id>
				</extensions>
			</trkpt>
			<trkpt lat="46.8269873800" lon="8.5179173403">
				<ele>1813.8</ele>
				<extensions>
					<swisstopo:routepoint_id>1260308528</swisstopo:routepoint_id>
				</extensions>
			</trkpt>
			<trkpt lat="46.8269579565" lon="8.5178597463">
				<ele>1813.3</ele>
				<extensions>
					<swisstopo:routepoint_id>979073006</swisstopo:routepoint_id>
				</extensions>
			</trkpt>
			<trkpt lat="46.8269422086" lon="8.5178164680">
				<ele>1813.0</ele>
				<extensions>
					<swisstopo:routepoint_id>757369825</swisstopo:routepoint_id>
				</extensions>
			</trkpt>
			<trkpt lat="46.8269356330" lon="8.5177768680">
				<ele>1812.9</ele>
				<extensions>
					<swisstopo:routepoint_id>1093655614</swisstopo:routepoint_id>
				</extensions>
			</trkpt>
			<trkpt lat="46.8269296338" lon="8.5177441659">
				<ele>1812.7</ele>
				<extensions>
					<swisstopo:routepoint_id>641103059</swisstopo:routepoint_id>
				</extensions>
			</trkpt>
			<trkpt lat="46.8269201856" lon="8.5176905884">
				<ele>1812.2</ele>
				<extensions>
					<swisstopo:routepoint_id>1808284029</swisstopo:routepoint_id>
				</extensions>
			</trkpt>
			<trkpt lat="46.8269019543" lon="8.5176386078">
				<ele>1811.6</ele>
				<extensions>
					<swisstopo:routepoint_id>660311554</swisstopo:routepoint_id>
				</extensions>
			</trkpt>
			<trkpt lat="46.8268773439" lon="8.5175830114">
				<ele>1810.8</ele>
				<extensions>
					<swisstopo:routepoint_id>982998275</swisstopo:routepoint_id>
				</extensions>
			</trkpt>
			<trkpt lat="46.8268457316" lon="8.5175255339">
				<ele>1810.0</ele>
				<extensions>
					<swisstopo:routepoint_id>1864013473</swisstopo:routepoint_id>
				</extensions>
			</trkpt>
			<trkpt lat="46.8268238887" lon="8.5174857496">
				<ele>1809.4</ele>
				<extensions>
					<swisstopo:routepoint_id>2108240418</swisstopo:routepoint_id>
				</extensions>
			</trkpt>
			<trkpt lat="46.8267938679" lon="8.5174458141">
				<ele>1808.7</ele>
				<extensions>
					<swisstopo:routepoint_id>1156983708</swisstopo:routepoint_id>
				</extensions>
			</trkpt>
			<trkpt lat="46.8267772623" lon="8.5174096228">
				<ele>1808.3</ele>
				<extensions>
					<swisstopo:routepoint_id>530583036</swisstopo:routepoint_id>
				</extensions>
			</trkpt>
			<trkpt lat="46.8267614500" lon="8.5173489358">
				<ele>1807.9</ele>
				<extensions>
					<swisstopo:routepoint_id>308092679</swisstopo:routepoint_id>
				</extensions>
			</trkpt>
			<trkpt lat="46.8267427623" lon="8.5172829306">
				<ele>1807.4</ele>
				<extensions>
					<swisstopo:routepoint_id>1918660233</swisstopo:routepoint_id>
				</extensions>
			</trkpt>
			<trkpt lat="46.8267269924" lon="8.5172196143">
				<ele>1806.7</ele>
				<extensions>
					<swisstopo:routepoint_id>1187893535</swisstopo:routepoint_id>
				</extensions>
			</trkpt>
			<trkpt lat="46.8267100035" lon="8.5171597806">
				<ele>1805.7</ele>
				<extensions>
					<swisstopo:routepoint_id>2137332472</swisstopo:routepoint_id>
				</extensions>
			</trkpt>
			<trkpt lat="46.8266916653" lon="8.5171200539">
				<ele>1805.2</ele>
				<extensions>
					<swisstopo:routepoint_id>1807478641</swisstopo:routepoint_id>
				</extensions>
			</trkpt>
			<trkpt lat="46.8266657955" lon="8.5170740645">
				<ele>1804.4</ele>
				<extensions>
					<swisstopo:routepoint_id>1980847205</swisstopo:routepoint_id>
				</extensions>
			</trkpt>
			<trkpt lat="46.8266260955" lon="8.5170059362">
				<ele>1803.3</ele>
				<extensions>
					<swisstopo:routepoint_id>536637394</swisstopo:routepoint_id>
				</extensions>
			</trkpt>
			<trkpt lat="46.8265874160" lon="8.5169553448">
				<ele>1802.5</ele>
				<extensions>
					<swisstopo:routepoint_id>2051046834</swisstopo:routepoint_id>
				</extensions>
			</trkpt>
			<trkpt lat="46.8265534335" lon="8.5169013469">
				<ele>1801.5</ele>
				<extensions>
					<swisstopo:routepoint_id>199064859</swisstopo:routepoint_id>
				</extensions>
			</trkpt>
			<trkpt lat="46.8265304058" lon="8.5168632800">
				<ele>1800.8</ele>
				<extensions>
					<swisstopo:routepoint_id>606423303</swisstopo:routepoint_id>
				</extensions>
			</trkpt>
			<trkpt lat="46.8265115289" lon="8.5168191653">
				<ele>1800.0</ele>
				<extensions>
					<swisstopo:routepoint_id>117715170</swisstopo:routepoint_id>
				</extensions>
			</trkpt>
			<trkpt lat="46.8264868349" lon="8.5167714591">
				<ele>1799.2</ele>
				<extensions>
					<swisstopo:routepoint_id>1031392022</swisstopo:routepoint_id>
				</extensions>
			</trkpt>
			<trkpt lat="46.8264666660" lon="8.5167404509">
				<ele>1798.6</ele>
				<extensions>
					<swisstopo:routepoint_id>299306128</swisstopo:routepoint_id>
				</extensions>
			</trkpt>
			<trkpt lat="46.8264425198" lon="8.5166979973">
				<ele>1798.0</ele>
				<extensions>
					<swisstopo:routepoint_id>1505057963</swisstopo:routepoint_id>
				</extensions>
			</trkpt>
			<trkpt lat="46.8264242063" lon="8.5166556475">
				<ele>1797.6</ele>
				<extensions>
					<swisstopo:routepoint_id>1214317972</swisstopo:routepoint_id>
				</extensions>
			</trkpt>
			<trkpt lat="46.8264106068" lon="8.5166090083">
				<ele>1796.9</ele>
				<extensions>
					<swisstopo:routepoint_id>1136870133</swisstopo:routepoint_id>
				</extensions>
			</trkpt>
			<trkpt lat="46.8263975713" lon="8.5165649916">
				<ele>1796.4</ele>
				<extensions>
					<swisstopo:routepoint_id>154800950</swisstopo:routepoint_id>
				</extensions>
			</trkpt>
			<trkpt lat="46.8263792658" lon="8.5165217653">
				<ele>1795.9</ele>
				<extensions>
					<swisstopo:routepoint_id>1386859184</swisstopo:routepoint_id>
				</extensions>
			</trkpt>
			<trkpt lat="46.8263552098" lon="8.5164688050">
				<ele>1795.1</ele>
				<extensions>
					<swisstopo:routepoint_id>117633832</swisstopo:routepoint_id>
				</extensions>
			</trkpt>
			<trkpt lat="46.8263299603" lon="8.5164175807">
				<ele>1794.2</ele>
				<extensions>
					<swisstopo:routepoint_id>785173121</swisstopo:routepoint_id>
				</extensions>
			</trkpt>
			<trkpt lat="46.8262983726" lon="8.5163583579">
				<ele>1793.4</ele>
				<extensions>
					<swisstopo:routepoint_id>131780854</swisstopo:routepoint_id>
				</extensions>
			</trkpt>
			<trkpt lat="46.8262662289" lon="8.5162947465">
				<ele>1792.2</ele>
				<extensions>
					<swisstopo:routepoint_id>2075682967</swisstopo:routepoint_id>
				</extensions>
			</trkpt>
			<trkpt lat="46.8262363722" lon="8.5162364288">
				<ele>1791.5</ele>
				<extensions>
					<swisstopo:routepoint_id>281735565</swisstopo:routepoint_id>
				</extensions>
			</trkpt>
			<trkpt lat="46.8262152492" lon="8.5161826507">
				<ele>1791.0</ele>
				<extensions>
					<swisstopo:routepoint_id>1356967815</swisstopo:routepoint_id>
				</extensions>
			</trkpt>
			<trkpt lat="46.8262010535" lon="8.5161377470">
				<ele>1790.8</ele>
				<extensions>
					<swisstopo:routepoint_id>477696843</swisstopo:routepoint_id>
				</extensions>
			</trkpt>
			<trkpt lat="46.8261846190" lon="8.5160805493">
				<ele>1790.5</ele>
				<extensions>
					<swisstopo:routepoint_id>956027271</swisstopo:routepoint_id>
				</extensions>
			</trkpt>
			<trkpt lat="46.8261641668" lon="8.5160171338">
				<ele>1789.6</ele>
				<extensions>
					<swisstopo:routepoint_id>625762090</swisstopo:routepoint_id>
				</extensions>
			</trkpt>
			<trkpt lat="46.8261362811" lon="8.5159360981">
				<ele>1788.3</ele>
				<extensions>
					<swisstopo:routepoint_id>355757734</swisstopo:routepoint_id>
				</extensions>
			</trkpt>
			<trkpt lat="46.8260996285" lon="8.5158540295">
				<ele>1786.9</ele>
				<extensions>
					<swisstopo:routepoint_id>129327614</swisstopo:routepoint_id>
				</extensions>
			</trkpt>
			<trkpt lat="46.8260727301" lon="8.5157931347">
				<ele>1785.9</ele>
				<extensions>
					<swisstopo:routepoint_id>1004943667</swisstopo:routepoint_id>
				</extensions>
			</trkpt>
			<trkpt lat="46.8260470313" lon="8.5157261394">
				<ele>1785.1</ele>
				<extensions>
					<swisstopo:routepoint_id>729900133</swisstopo:routepoint_id>
				</extensions>
			</trkpt>
			<trkpt lat="46.8259989928" lon="8.5156123434">
				<ele>1783.5</ele>
				<extensions>
					<swisstopo:routepoint_id>1304479708</swisstopo:routepoint_id>
				</extensions>
			</trkpt>
			<trkpt lat="46.8259709996" lon="8.5155426849">
				<ele>1782.4</ele>
				<extensions>
					<swisstopo:routepoint_id>364103373</swisstopo:routepoint_id>
				</extensions>
			</trkpt>
			<trkpt lat="46.8259413404" lon="8.5154633551">
				<ele>1781.2</ele>
				<extensions>
					<swisstopo:routepoint_id>290194530</swisstopo:routepoint_id>
				</extensions>
			</trkpt>
			<trkpt lat="46.8259185505" lon="8.5153990358">
				<ele>1780.7</ele>
				<extensions>
					<swisstopo:routepoint_id>2098819336</swisstopo:routepoint_id>
				</extensions>
			</trkpt>
			<trkpt lat="46.8258958514" lon="8.5153250867">
				<ele>1780.0</ele>
				<extensions>
					<swisstopo:routepoint_id>1807093030</swisstopo:routepoint_id>
				</extensions>
			</trkpt>
			<trkpt lat="46.8258811491" lon="8.5152714248">
				<ele>1779.2</ele>
				<extensions>
					<swisstopo:routepoint_id>1391685101</swisstopo:routepoint_id>
				</extensions>
			</trkpt>
			<trkpt lat="46.8258646247" lon="8.5152255983">
				<ele>1778.5</ele>
				<extensions>
					<swisstopo:routepoint_id>2040875855</swisstopo:routepoint_id>
				</extensions>
			</trkpt>
			<trkpt lat="46.8258440152" lon="8.5151788327">
				<ele>1777.6</ele>
				<extensions>
					<swisstopo:routepoint_id>856457207</swisstopo:routepoint_id>
				</extensions>
			</trkpt>
			<trkpt lat="46.8258308967" lon="8.5151435700">
				<ele>1777.0</ele>
				<extensions>
					<swisstopo:routepoint_id>450323605</swisstopo:routepoint_id>
				</extensions>
			</trkpt>
			<trkpt lat="46.8258235210" lon="8.5151198073">
				<ele>1776.6</ele>
				<extensions>
					<swisstopo:routepoint_id>443144143</swisstopo:routepoint_id>
				</extensions>
			</trkpt>
			<trkpt lat="46.8258230583" lon="8.5151008419">
				<ele>1776.4</ele>
				<extensions>
					<swisstopo:routepoint_id>2046313664</swisstopo:routepoint_id>
				</extensions>
			</trkpt>
			<trkpt lat="46.8257890884" lon="8.5150790242">
				<ele>1776.0</ele>
				<extensions>
					<swisstopo:routepoint_id>1973706118</swisstopo:routepoint_id>
				</extensions>
			</trkpt>
			<trkpt lat="46.8257645274" lon="8.5150600377">
				<ele>1775.5</ele>
				<extensions>
					<swisstopo:routepoint_id>1793541630</swisstopo:routepoint_id>
				</extensions>
			</trkpt>
			<trkpt lat="46.8257462902" lon="8.5150561596">
				<ele>1775.3</ele>
				<extensions>
					<swisstopo:routepoint_id>1450971045</swisstopo:routepoint_id>
				</extensions>
			</trkpt>
			<trkpt lat="46.8257061612" lon="8.5150633313">
				<ele>1774.6</ele>
				<extensions>
					<swisstopo:routepoint_id>1735373736</swisstopo:routepoint_id>
				</extensions>
			</trkpt>
			<trkpt lat="46.8256707653" lon="8.5150679417">
				<ele>1774.0</ele>
				<extensions>
					<swisstopo:routepoint_id>768658863</swisstopo:routepoint_id>
				</extensions>
			</trkpt>
			<trkpt lat="46.8256543024" lon="8.5150640862">
				<ele>1773.9</ele>
				<extensions>
					<swisstopo:routepoint_id>1380123730</swisstopo:routepoint_id>
				</extensions>
			</trkpt>
			<trkpt lat="46.8256373341" lon="8.5150514274">
				<ele>1773.9</ele>
				<extensions>
					<swisstopo:routepoint_id>749727297</swisstopo:routepoint_id>
				</extensions>
			</trkpt>
			<trkpt lat="46.8256081391" lon="8.5150235295">
				<ele>1773.8</ele>
				<extensions>
					<swisstopo:routepoint_id>377869868</swisstopo:routepoint_id>
				</extensions>
			</trkpt>
			<trkpt lat="46.8255703566" lon="8.5149690227">
				<ele>1773.2</ele>
				<extensions>
					<swisstopo:routepoint_id>58414821</swisstopo:routepoint_id>
				</extensions>
			</trkpt>
			<trkpt lat="46.8255424548" lon="8.5149288184">
				<ele>1772.7</ele>
				<extensions>
					<swisstopo:routepoint_id>290304115</swisstopo:routepoint_id>
				</extensions>
			</trkpt>
			<trkpt lat="46.8255135258" lon="8.5148735991">
				<ele>1772.1</ele>
				<extensions>
					<swisstopo:routepoint_id>42565738</swisstopo:routepoint_id>
				</extensions>
			</trkpt>
			<trkpt lat="46.8254956292" lon="8.5148344588">
				<ele>1771.8</ele>
				<extensions>
					<swisstopo:routepoint_id>824906110</swisstopo:routepoint_id>
				</extensions>
			</trkpt>
			<trkpt lat="46.8254851434" lon="8.5148219170">
				<ele>1771.7</ele>
				<extensions>
					<swisstopo:routepoint_id>1154735207</swisstopo:routepoint_id>
				</extensions>
			</trkpt>
			<trkpt lat="46.8254567941" lon="8.5147667094">
				<ele>1771.3</ele>
				<extensions>
					<swisstopo:routepoint_id>650817454</swisstopo:routepoint_id>
				</extensions>
			</trkpt>
			<trkpt lat="46.8254209512" lon="8.5146937208">
				<ele>1770.8</ele>
				<extensions>
					<swisstopo:routepoint_id>883717958</swisstopo:routepoint_id>
				</extensions>
			</trkpt>
			<trkpt lat="46.8254128476" lon="8.5146782251">
				<ele>1770.3</ele>
				<extensions>
					<swisstopo:routepoint_id>307219278</swisstopo:routepoint_id>
				</extensions>
			</trkpt>
			<trkpt lat="46.8253804417" lon="8.5146162361">
				<ele>1770.5</ele>
				<extensions>
					<swisstopo:routepoint_id>2019345438</swisstopo:routepoint_id>
				</extensions>
			</trkpt>
			<trkpt lat="46.8253561538" lon="8.5145672855">
				<ele>1770.5</ele>
				<extensions>
					<swisstopo:routepoint_id>694439548</swisstopo:routepoint_id>
				</extensions>
			</trkpt>
			<trkpt lat="46.8253453283" lon="8.5145282741">
				<ele>1770.5</ele>
				<extensions>
					<swisstopo:routepoint_id>1882140094</swisstopo:routepoint_id>
				</extensions>
			</trkpt>
			<trkpt lat="46.8253402141" lon="8.5145087871">
				<ele>1770.5</ele>
				<extensions>
					<swisstopo:routepoint_id>966716007</swisstopo:routepoint_id>
				</extensions>
			</trkpt>
			<trkpt lat="46.8253389495" lon="8.5144788624">
				<ele>1770.4</ele>
				<extensions>
					<swisstopo:routepoint_id>113903412</swisstopo:routepoint_id>
				</extensions>
			</trkpt>
			<trkpt lat="46.8253363438" lon="8.5143104148">
				<ele>1769.8</ele>
				<extensions>
					<swisstopo:routepoint_id>1080456692</swisstopo:routepoint_id>
				</extensions>
			</trkpt>
			<trkpt lat="46.8253355280" lon="8.5141393727">
				<ele>1769.5</ele>
				<extensions>
					<swisstopo:routepoint_id>1924839300</swisstopo:routepoint_id>
				</extensions>
			</trkpt>
			<trkpt lat="46.8253339838" lon="8.5139841040">
				<ele>1769.4</ele>
				<extensions>
					<swisstopo:routepoint_id>428665734</swisstopo:routepoint_id>
				</extensions>
			</trkpt>
			<trkpt lat="46.8253315387" lon="8.5138638943">
				<ele>1769.6</ele>
				<extensions>
					<swisstopo:routepoint_id>2033024393</swisstopo:routepoint_id>
				</extensions>
			</trkpt>
			<trkpt lat="46.8253279534" lon="8.5138041901">
				<ele>1769.5</ele>
				<extensions>
					<swisstopo:routepoint_id>1472195640</swisstopo:routepoint_id>
				</extensions>
			</trkpt>
			<trkpt lat="46.8253242451" lon="8.5137585053">
				<ele>1769.4</ele>
				<extensions>
					<swisstopo:routepoint_id>758676897</swisstopo:routepoint_id>
				</extensions>
			</trkpt>
			<trkpt lat="46.8253157616" lon="8.5137179922">
				<ele>1769.3</ele>
				<extensions>
					<swisstopo:routepoint_id>213937425</swisstopo:routepoint_id>
				</extensions>
			</trkpt>
			<trkpt lat="46.8253072451" lon="8.5136809918">
				<ele>1769.2</ele>
				<extensions>
					<swisstopo:routepoint_id>1013126184</swisstopo:routepoint_id>
				</extensions>
			</trkpt>
			<trkpt lat="46.8253070537" lon="8.5136555620">
				<ele>1769.1</ele>
				<extensions>
					<swisstopo:routepoint_id>1787095818</swisstopo:routepoint_id>
				</extensions>
			</trkpt>
			<trkpt lat="46.8253141156" lon="8.5136612171">
				<ele>1769.2</ele>
				<extensions>
					<swisstopo:routepoint_id>1071995443</swisstopo:routepoint_id>
				</extensions>
			</trkpt>
			<trkpt lat="46.8253070537" lon="8.5136555620">
				<ele>1769.1</ele>
				<extensions>
					<swisstopo:routepoint_id>1009320621</swisstopo:routepoint_id>
				</extensions>
			</trkpt>
			<trkpt lat="46.8252807301" lon="8.5136147118">
				<ele>1769.0</ele>
				<extensions>
					<swisstopo:routepoint_id>1464085021</swisstopo:routepoint_id>
				</extensions>
			</trkpt>
			<trkpt lat="46.8252539925" lon="8.5135720998">
				<ele>1768.9</ele>
				<extensions>
					<swisstopo:routepoint_id>105627749</swisstopo:routepoint_id>
				</extensions>
			</trkpt>
			<trkpt lat="46.8252224308" lon="8.5135408022">
				<ele>1768.8</ele>
				<extensions>
					<swisstopo:routepoint_id>1597937533</swisstopo:routepoint_id>
				</extensions>
			</trkpt>
			<trkpt lat="46.8251967225" lon="8.5135148629">
				<ele>1768.7</ele>
				<extensions>
					<swisstopo:routepoint_id>541725538</swisstopo:routepoint_id>
				</extensions>
			</trkpt>
			<trkpt lat="46.8251626583" lon="8.5134993099">
				<ele>1768.7</ele>
				<extensions>
					<swisstopo:routepoint_id>1779401380</swisstopo:routepoint_id>
				</extensions>
			</trkpt>
			<trkpt lat="46.8251125878" lon="8.5134939583">
				<ele>1768.6</ele>
				<extensions>
					<swisstopo:routepoint_id>269196166</swisstopo:routepoint_id>
				</extensions>
			</trkpt>
			<trkpt lat="46.8250483505" lon="8.5134909669">
				<ele>1768.7</ele>
				<extensions>
					<swisstopo:routepoint_id>15987663</swisstopo:routepoint_id>
				</extensions>
			</trkpt>
			<trkpt lat="46.8249941101" lon="8.5134899415">
				<ele>1767.7</ele>
				<extensions>
					<swisstopo:routepoint_id>77048172</swisstopo:routepoint_id>
				</extensions>
			</trkpt>
			<trkpt lat="46.8249563177" lon="8.5134962201">
				<ele>1766.9</ele>
				<extensions>
					<swisstopo:routepoint_id>999318537</swisstopo:routepoint_id>
				</extensions>
			</trkpt>
			<trkpt lat="46.8249325769" lon="8.5135133132">
				<ele>1766.3</ele>
				<extensions>
					<swisstopo:routepoint_id>1666349352</swisstopo:routepoint_id>
				</extensions>
			</trkpt>
			<trkpt lat="46.8249117217" lon="8.5135374714">
				<ele>1765.7</ele>
				<extensions>
					<swisstopo:routepoint_id>895022420</swisstopo:routepoint_id>
				</extensions>
			</trkpt>
			<trkpt lat="46.8248972663" lon="8.5135705250">
				<ele>1765.1</ele>
				<extensions>
					<swisstopo:routepoint_id>1544064224</swisstopo:routepoint_id>
				</extensions>
			</trkpt>
			<trkpt lat="46.8248832194" lon="8.5136246224">
				<ele>1764.2</ele>
				<extensions>
					<swisstopo:routepoint_id>731337715</swisstopo:routepoint_id>
				</extensions>
			</trkpt>
			<trkpt lat="46.8248683198" lon="8.5137067908">
				<ele>1763.0</ele>
				<extensions>
					<swisstopo:routepoint_id>1271514316</swisstopo:routepoint_id>
				</extensions>
			</trkpt>
			<trkpt lat="46.8248469131" lon="8.5137914530">
				<ele>1761.9</ele>
				<extensions>
					<swisstopo:routepoint_id>337907912</swisstopo:routepoint_id>
				</extensions>
			</trkpt>
			<trkpt lat="46.8248329484" lon="8.5138367844">
				<ele>1761.5</ele>
				<extensions>
					<swisstopo:routepoint_id>1128896051</swisstopo:routepoint_id>
				</extensions>
			</trkpt>
			<trkpt lat="46.8248119942" lon="8.5138714616">
				<ele>1761.2</ele>
				<extensions>
					<swisstopo:routepoint_id>1857377949</swisstopo:routepoint_id>
				</extensions>
			</trkpt>
			<trkpt lat="46.8247911552" lon="8.5138938665">
				<ele>1761.1</ele>
				<extensions>
					<swisstopo:routepoint_id>986647148</swisstopo:routepoint_id>
				</extensions>
			</trkpt>
			<trkpt lat="46.8247757927" lon="8.5139150240">
				<ele>1761.0</ele>
				<extensions>
					<swisstopo:routepoint_id>1323277640</swisstopo:routepoint_id>
				</extensions>
			</trkpt>
			<trkpt lat="46.8247125408" lon="8.5139800672">
				<ele>1761.2</ele>
				<extensions>
					<swisstopo:routepoint_id>983165494</swisstopo:routepoint_id>
				</extensions>
			</trkpt>
			<trkpt lat="46.8246929443" lon="8.5139946061">
				<ele>1761.2</ele>
				<extensions>
					<swisstopo:routepoint_id>79277862</swisstopo:routepoint_id>
				</extensions>
			</trkpt>
			<trkpt lat="46.8246681750" lon="8.5139958775">
				<ele>1761.4</ele>
				<extensions>
					<swisstopo:routepoint_id>1687888276</swisstopo:routepoint_id>
				</extensions>
			</trkpt>
			<trkpt lat="46.8246388696" lon="8.5139769060">
				<ele>1761.8</ele>
				<extensions>
					<swisstopo:routepoint_id>1796463407</swisstopo:routepoint_id>
				</extensions>
			</trkpt>
			<trkpt lat="46.8246155155" lon="8.5139510138">
				<ele>1762.2</ele>
				<extensions>
					<swisstopo:routepoint_id>1070207176</swisstopo:routepoint_id>
				</extensions>
			</trkpt>
			<trkpt lat="46.8245673327" lon="8.5138766413">
				<ele>1762.4</ele>
				<extensions>
					<swisstopo:routepoint_id>311830208</swisstopo:routepoint_id>
				</extensions>
			</trkpt>
			<trkpt lat="46.8245478881" lon="8.5138516912">
				<ele>1762.4</ele>
				<extensions>
					<swisstopo:routepoint_id>1525374642</swisstopo:routepoint_id>
				</extensions>
			</trkpt>
			<trkpt lat="46.8245243184" lon="8.5138290969">
				<ele>1762.4</ele>
				<extensions>
					<swisstopo:routepoint_id>1184164713</swisstopo:routepoint_id>
				</extensions>
			</trkpt>
			<trkpt lat="46.8245047673" lon="8.5138164000">
				<ele>1762.3</ele>
				<extensions>
					<swisstopo:routepoint_id>1337599987</swisstopo:routepoint_id>
				</extensions>
			</trkpt>
			<trkpt lat="46.8244447515" lon="8.5137942554">
				<ele>1761.4</ele>
				<extensions>
					<swisstopo:routepoint_id>1538085218</swisstopo:routepoint_id>
				</extensions>
			</trkpt>
			<trkpt lat="46.8243852883" lon="8.5137843388">
				<ele>1760.0</ele>
				<extensions>
					<swisstopo:routepoint_id>1753394936</swisstopo:routepoint_id>
				</extensions>
			</trkpt>
			<trkpt lat="46.8243404983" lon="8.5137817291">
				<ele>1758.9</ele>
				<extensions>
					<swisstopo:routepoint_id>620059740</swisstopo:routepoint_id>
				</extensions>
			</trkpt>
			<trkpt lat="46.8243003764" lon="8.5137853435">
				<ele>1758.0</ele>
				<extensions>
					<swisstopo:routepoint_id>1801510799</swisstopo:routepoint_id>
				</extensions>
			</trkpt>
			<trkpt lat="46.8242444114" lon="8.5137790101">
				<ele>1756.8</ele>
				<extensions>
					<swisstopo:routepoint_id>876120033</swisstopo:routepoint_id>
				</extensions>
			</trkpt>
			<trkpt lat="46.8241986175" lon="8.5137579624">
				<ele>1756.5</ele>
				<extensions>
					<swisstopo:routepoint_id>229277193</swisstopo:routepoint_id>
				</extensions>
			</trkpt>
			<trkpt lat="46.8241517365" lon="8.5137254827">
				<ele>1756.5</ele>
				<extensions>
					<swisstopo:routepoint_id>1915205668</swisstopo:routepoint_id>
				</extensions>
			</trkpt>
			<trkpt lat="46.8241025423" lon="8.5136885859">
				<ele>1756.2</ele>
				<extensions>
					<swisstopo:routepoint_id>1786510625</swisstopo:routepoint_id>
				</extensions>
			</trkpt>
			<trkpt lat="46.8240569619" lon="8.5136429875">
				<ele>1755.9</ele>
				<extensions>
					<swisstopo:routepoint_id>187421761</swisstopo:routepoint_id>
				</extensions>
			</trkpt>
			<trkpt lat="46.8240178882" lon="8.5135939866">
				<ele>1755.3</ele>
				<extensions>
					<swisstopo:routepoint_id>1238516476</swisstopo:routepoint_id>
				</extensions>
			</trkpt>
			<trkpt lat="46.8239829768" lon="8.5135433282">
				<ele>1754.8</ele>
				<extensions>
					<swisstopo:routepoint_id>985588141</swisstopo:routepoint_id>
				</extensions>
			</trkpt>
			<trkpt lat="46.8239375441" lon="8.5134810686">
				<ele>1754.1</ele>
				<extensions>
					<swisstopo:routepoint_id>1724613100</swisstopo:routepoint_id>
				</extensions>
			</trkpt>
			<trkpt lat="46.8239072665" lon="8.5134383935">
				<ele>1753.6</ele>
				<extensions>
					<swisstopo:routepoint_id>208500651</swisstopo:routepoint_id>
				</extensions>
			</trkpt>
			<trkpt lat="46.8238832665" lon="8.5134195156">
				<ele>1753.2</ele>
				<extensions>
					<swisstopo:routepoint_id>847659607</swisstopo:routepoint_id>
				</extensions>
			</trkpt>
			<trkpt lat="46.8238621266" lon="8.5134094622">
				<ele>1752.8</ele>
				<extensions>
					<swisstopo:routepoint_id>837603556</swisstopo:routepoint_id>
				</extensions>
			</trkpt>
			<trkpt lat="46.8238408884" lon="8.5134108045">
				<ele>1752.4</ele>
				<extensions>
					<swisstopo:routepoint_id>169221512</swisstopo:routepoint_id>
				</extensions>
			</trkpt>
			<trkpt lat="46.8238059236" lon="8.5134303033">
				<ele>1751.6</ele>
				<extensions>
					<swisstopo:routepoint_id>1941140048</swisstopo:routepoint_id>
				</extensions>
			</trkpt>
			<trkpt lat="46.8237703702" lon="8.5134497903">
				<ele>1750.8</ele>
				<extensions>
					<swisstopo:routepoint_id>1432836037</swisstopo:routepoint_id>
				</extensions>
			</trkpt>
			<trkpt lat="46.8237408093" lon="8.5134579932">
				<ele>1750.1</ele>
				<extensions>
					<swisstopo:routepoint_id>1407506706</swisstopo:routepoint_id>
				</extensions>
			</trkpt>
			<trkpt lat="46.8237119775" lon="8.5134521891">
				<ele>1749.6</ele>
				<extensions>
					<swisstopo:routepoint_id>1833117624</swisstopo:routepoint_id>
				</extensions>
			</trkpt>
			<trkpt lat="46.8236702861" lon="8.5134320942">
				<ele>1748.9</ele>
				<extensions>
					<swisstopo:routepoint_id>1765423168</swisstopo:routepoint_id>
				</extensions>
			</trkpt>
			<trkpt lat="46.8236124972" lon="8.5133954871">
				<ele>1747.9</ele>
				<extensions>
					<swisstopo:routepoint_id>1277581182</swisstopo:routepoint_id>
				</extensions>
			</trkpt>
			<trkpt lat="46.8235547061" lon="8.5133618943">
				<ele>1747.1</ele>
				<extensions>
					<swisstopo:routepoint_id>2086356314</swisstopo:routepoint_id>
				</extensions>
			</trkpt>
			<trkpt lat="46.8235163694" lon="8.5133400937">
				<ele>1746.6</ele>
				<extensions>
					<swisstopo:routepoint_id>843554823</swisstopo:routepoint_id>
				</extensions>
			</trkpt>
			<trkpt lat="46.8234792928" lon="8.5133104151">
				<ele>1746.7</ele>
				<extensions>
					<swisstopo:routepoint_id>1437498339</swisstopo:routepoint_id>
				</extensions>
			</trkpt>
			<trkpt lat="46.8234304888" lon="8.5132647085">
				<ele>1746.7</ele>
				<extensions>
					<swisstopo:routepoint_id>1732050832</swisstopo:routepoint_id>
				</extensions>
			</trkpt>
			<trkpt lat="46.8234052457" lon="8.5132378771">
				<ele>1746.7</ele>
				<extensions>
					<swisstopo:routepoint_id>1100102265</swisstopo:routepoint_id>
				</extensions>
			</trkpt>
			<trkpt lat="46.8233759791" lon="8.5131960610">
				<ele>1746.6</ele>
				<extensions>
					<swisstopo:routepoint_id>945075811</swisstopo:routepoint_id>
				</extensions>
			</trkpt>
			<trkpt lat="46.8233415288" lon="8.5131374517">
				<ele>1746.4</ele>
				<extensions>
					<swisstopo:routepoint_id>1649224520</swisstopo:routepoint_id>
				</extensions>
			</trkpt>
			<trkpt lat="46.8233216168" lon="8.5131098630">
				<ele>1746.3</ele>
				<extensions>
					<swisstopo:routepoint_id>694289753</swisstopo:routepoint_id>
				</extensions>
			</trkpt>
			<trkpt lat="46.8233033564" lon="8.5130972179">
				<ele>1746.2</ele>
				<extensions>
					<swisstopo:routepoint_id>325224024</swisstopo:routepoint_id>
				</extensions>
			</trkpt>
			<trkpt lat="46.8232750041" lon="8.5130852610">
				<ele>1746.1</ele>
				<extensions>
					<swisstopo:routepoint_id>564521210</swisstopo:routepoint_id>
				</extensions>
			</trkpt>
			<trkpt lat="46.8232430783" lon="8.5130758694">
				<ele>1746.0</ele>
				<extensions>
					<swisstopo:routepoint_id>906839767</swisstopo:routepoint_id>
				</extensions>
			</trkpt>
			<trkpt lat="46.8232146527" lon="8.5130735742">
				<ele>1745.9</ele>
				<extensions>
					<swisstopo:routepoint_id>1639383711</swisstopo:routepoint_id>
				</extensions>
			</trkpt>
			<trkpt lat="46.8231595748" lon="8.5130672465">
				<ele>1745.8</ele>
				<extensions>
					<swisstopo:routepoint_id>623502832</swisstopo:routepoint_id>
				</extensions>
			</trkpt>
			<trkpt lat="46.8231216622" lon="8.5130638788">
				<ele>1745.7</ele>
				<extensions>
					<swisstopo:routepoint_id>1698149</swisstopo:routepoint_id>
				</extensions>
			</trkpt>
			<trkpt lat="46.8230832352" lon="8.5130526169">
				<ele>1745.4</ele>
				<extensions>
					<swisstopo:routepoint_id>1785502361</swisstopo:routepoint_id>
				</extensions>
			</trkpt>
			<trkpt lat="46.8230484807" lon="8.5130282389">
				<ele>1744.9</ele>
				<extensions>
					<swisstopo:routepoint_id>741701707</swisstopo:routepoint_id>
				</extensions>
			</trkpt>
			<trkpt lat="46.8229984176" lon="8.5129921645">
				<ele>1743.8</ele>
				<extensions>
					<swisstopo:routepoint_id>943904528</swisstopo:routepoint_id>
				</extensions>
			</trkpt>
			<trkpt lat="46.8229429893" lon="8.5129586260">
				<ele>1742.6</ele>
				<extensions>
					<swisstopo:routepoint_id>2061676239</swisstopo:routepoint_id>
				</extensions>
			</trkpt>
			<trkpt lat="46.8229135011" lon="8.5129422565">
				<ele>1742.0</ele>
				<extensions>
					<swisstopo:routepoint_id>737118305</swisstopo:routepoint_id>
				</extensions>
			</trkpt>
			<trkpt lat="46.8228715992" lon="8.5129221389">
				<ele>1741.2</ele>
				<extensions>
					<swisstopo:routepoint_id>627921209</swisstopo:routepoint_id>
				</extensions>
			</trkpt>
			<trkpt lat="46.8228302769" lon="8.5129020264">
				<ele>1740.5</ele>
				<extensions>
					<swisstopo:routepoint_id>316787046</swisstopo:routepoint_id>
				</extensions>
			</trkpt>
			<trkpt lat="46.8227889141" lon="8.5128871863">
				<ele>1740.0</ele>
				<extensions>
					<swisstopo:routepoint_id>882548125</swisstopo:routepoint_id>
				</extensions>
			</trkpt>
			<trkpt lat="46.8227539869" lon="8.5128821250">
				<ele>1739.5</ele>
				<extensions>
					<swisstopo:routepoint_id>1741856347</swisstopo:routepoint_id>
				</extensions>
			</trkpt>
			<trkpt lat="46.8227177914" lon="8.5128858182">
				<ele>1739.1</ele>
				<extensions>
					<swisstopo:routepoint_id>653024531</swisstopo:routepoint_id>
				</extensions>
			</trkpt>
			<trkpt lat="46.8226910410" lon="8.5128940965">
				<ele>1738.9</ele>
				<extensions>
					<swisstopo:routepoint_id>1922386178</swisstopo:routepoint_id>
				</extensions>
			</trkpt>
			<trkpt lat="46.8226513293" lon="8.5128933296">
				<ele>1738.4</ele>
				<extensions>
					<swisstopo:routepoint_id>107571615</swisstopo:routepoint_id>
				</extensions>
			</trkpt>
			<trkpt lat="46.8226093695" lon="8.5128793608">
				<ele>1737.5</ele>
				<extensions>
					<swisstopo:routepoint_id>509310251</swisstopo:routepoint_id>
				</extensions>
			</trkpt>
			<trkpt lat="46.8225651202" lon="8.5128556832">
				<ele>1736.5</ele>
				<extensions>
					<swisstopo:routepoint_id>43600954</swisstopo:routepoint_id>
				</extensions>
			</trkpt>
			<trkpt lat="46.8225273148" lon="8.5128409077">
				<ele>1735.9</ele>
				<extensions>
					<swisstopo:routepoint_id>387538615</swisstopo:routepoint_id>
				</extensions>
			</trkpt>
			<trkpt lat="46.8224901060" lon="8.5128252740">
				<ele>1735.4</ele>
				<extensions>
					<swisstopo:routepoint_id>647321931</swisstopo:routepoint_id>
				</extensions>
			</trkpt>
			<trkpt lat="46.8224522429" lon="8.5128166472">
				<ele>1735.1</ele>
				<extensions>
					<swisstopo:routepoint_id>1488723704</swisstopo:routepoint_id>
				</extensions>
			</trkpt>
			<trkpt lat="46.8224113295" lon="8.5128184866">
				<ele>1734.8</ele>
				<extensions>
					<swisstopo:routepoint_id>1319474318</swisstopo:routepoint_id>
				</extensions>
			</trkpt>
			<trkpt lat="46.8223721165" lon="8.5128291462">
				<ele>1734.5</ele>
				<extensions>
					<swisstopo:routepoint_id>610834254</swisstopo:routepoint_id>
				</extensions>
			</trkpt>
			<trkpt lat="46.8223381858" lon="8.5128451779">
				<ele>1734.3</ele>
				<extensions>
					<swisstopo:routepoint_id>973795663</swisstopo:routepoint_id>
				</extensions>
			</trkpt>
			<trkpt lat="46.8223013688" lon="8.5128523720">
				<ele>1734.3</ele>
				<extensions>
					<swisstopo:routepoint_id>870193219</swisstopo:routepoint_id>
				</extensions>
			</trkpt>
			<trkpt lat="46.8222592360" lon="8.5128568300">
				<ele>1734.5</ele>
				<extensions>
					<swisstopo:routepoint_id>1018787250</swisstopo:routepoint_id>
				</extensions>
			</trkpt>
			<trkpt lat="46.8222112401" lon="8.5128541572">
				<ele>1734.3</ele>
				<extensions>
					<swisstopo:routepoint_id>1006529867</swisstopo:routepoint_id>
				</extensions>
			</trkpt>
			<trkpt lat="46.8221431516" lon="8.5128449466">
				<ele>1733.6</ele>
				<extensions>
					<swisstopo:routepoint_id>1127913648</swisstopo:routepoint_id>
				</extensions>
			</trkpt>
			<trkpt lat="46.8220827260" lon="8.5128411556">
				<ele>1732.8</ele>
				<extensions>
					<swisstopo:routepoint_id>56287304</swisstopo:routepoint_id>
				</extensions>
			</trkpt>
			<trkpt lat="46.8220352865" lon="8.5128437478">
				<ele>1732.1</ele>
				<extensions>
					<swisstopo:routepoint_id>614081198</swisstopo:routepoint_id>
				</extensions>
			</trkpt>
			<trkpt lat="46.8219835935" lon="8.5128568076">
				<ele>1731.5</ele>
				<extensions>
					<swisstopo:routepoint_id>1003183685</swisstopo:routepoint_id>
				</extensions>
			</trkpt>
			<trkpt lat="46.8219437338" lon="8.5128727208">
				<ele>1730.9</ele>
				<extensions>
					<swisstopo:routepoint_id>2007120623</swisstopo:routepoint_id>
				</extensions>
			</trkpt>
			<trkpt lat="46.8218925719" lon="8.5128928112">
				<ele>1729.9</ele>
				<extensions>
					<swisstopo:routepoint_id>1559463173</swisstopo:routepoint_id>
				</extensions>
			</trkpt>
			<trkpt lat="46.8218580852" lon="8.5129044480">
				<ele>1729.2</ele>
				<extensions>
					<swisstopo:routepoint_id>2032836128</swisstopo:routepoint_id>
				</extensions>
			</trkpt>
			<trkpt lat="46.8218135468" lon="8.5129078020">
				<ele>1728.4</ele>
				<extensions>
					<swisstopo:routepoint_id>1823699616</swisstopo:routepoint_id>
				</extensions>
			</trkpt>
			<trkpt lat="46.8217677326" lon="8.5129047888">
				<ele>1727.7</ele>
				<extensions>
					<swisstopo:routepoint_id>287598138</swisstopo:routepoint_id>
				</extensions>
			</trkpt>
			<trkpt lat="46.8217023976" lon="8.5128895986">
				<ele>1726.9</ele>
				<extensions>
					<swisstopo:routepoint_id>525675928</swisstopo:routepoint_id>
				</extensions>
			</trkpt>
			<trkpt lat="46.8216371244" lon="8.5128668905">
				<ele>1726.0</ele>
				<extensions>
					<swisstopo:routepoint_id>1056204290</swisstopo:routepoint_id>
				</extensions>
			</trkpt>
			<trkpt lat="46.8215639852" lon="8.5128304784">
				<ele>1725.1</ele>
				<extensions>
					<swisstopo:routepoint_id>1698423802</swisstopo:routepoint_id>
				</extensions>
			</trkpt>
			<trkpt lat="46.8214910279" lon="8.5127962201">
				<ele>1724.3</ele>
				<extensions>
					<swisstopo:routepoint_id>726619292</swisstopo:routepoint_id>
				</extensions>
			</trkpt>
			<trkpt lat="46.8214146666" lon="8.5127633210">
				<ele>1723.3</ele>
				<extensions>
					<swisstopo:routepoint_id>186975379</swisstopo:routepoint_id>
				</extensions>
			</trkpt>
			<trkpt lat="46.8213668176" lon="8.5127431173">
				<ele>1722.8</ele>
				<extensions>
					<swisstopo:routepoint_id>1868949264</swisstopo:routepoint_id>
				</extensions>
			</trkpt>
			<trkpt lat="46.8213310302" lon="8.5127295537">
				<ele>1722.5</ele>
				<extensions>
					<swisstopo:routepoint_id>771988913</swisstopo:routepoint_id>
				</extensions>
			</trkpt>
			<trkpt lat="46.8212932968" lon="8.5127174038">
				<ele>1722.4</ele>
				<extensions>
					<swisstopo:routepoint_id>1495119780</swisstopo:routepoint_id>
				</extensions>
			</trkpt>
			<trkpt lat="46.8212502630" lon="8.5127008671">
				<ele>1722.2</ele>
				<extensions>
					<swisstopo:routepoint_id>1737037414</swisstopo:routepoint_id>
				</extensions>
			</trkpt>
			<trkpt lat="46.8212140414" lon="8.5126830330">
				<ele>1722.4</ele>
				<extensions>
					<swisstopo:routepoint_id>913298189</swisstopo:routepoint_id>
				</extensions>
			</trkpt>
			<trkpt lat="46.8211861060" lon="8.5126603408">
				<ele>1722.5</ele>
				<extensions>
					<swisstopo:routepoint_id>1725503211</swisstopo:routepoint_id>
				</extensions>
			</trkpt>
			<trkpt lat="46.8211495111" lon="8.5126289265">
				<ele>1722.2</ele>
				<extensions>
					<swisstopo:routepoint_id>1002099855</swisstopo:routepoint_id>
				</extensions>
			</trkpt>
			<trkpt lat="46.8211033129" lon="8.5125873122">
				<ele>1721.6</ele>
				<extensions>
					<swisstopo:routepoint_id>1348705420</swisstopo:routepoint_id>
				</extensions>
			</trkpt>
			<trkpt lat="46.8210648727" lon="8.5125465760">
				<ele>1721.3</ele>
				<extensions>
					<swisstopo:routepoint_id>1388335725</swisstopo:routepoint_id>
				</extensions>
			</trkpt>
			<trkpt lat="46.8210327193" lon="8.5125080961">
				<ele>1721.0</ele>
				<extensions>
					<swisstopo:routepoint_id>1483018001</swisstopo:routepoint_id>
				</extensions>
			</trkpt>
			<trkpt lat="46.8209971464" lon="8.5124716983">
				<ele>1720.7</ele>
				<extensions>
					<swisstopo:routepoint_id>845818842</swisstopo:routepoint_id>
				</extensions>
			</trkpt>
			<trkpt lat="46.8209634341" lon="8.5124439125">
				<ele>1720.5</ele>
				<extensions>
					<swisstopo:routepoint_id>1445292637</swisstopo:routepoint_id>
				</extensions>
			</trkpt>
			<trkpt lat="46.8209335596" lon="8.5124219049">
				<ele>1720.4</ele>
				<extensions>
					<swisstopo:routepoint_id>1028021136</swisstopo:routepoint_id>
				</extensions>
			</trkpt>
			<trkpt lat="46.8208881866" lon="8.5123953136">
				<ele>1720.2</ele>
				<extensions>
					<swisstopo:routepoint_id>128600974</swisstopo:routepoint_id>
				</extensions>
			</trkpt>
			<trkpt lat="46.8208461592" lon="8.5123745163">
				<ele>1719.9</ele>
				<extensions>
					<swisstopo:routepoint_id>968017178</swisstopo:routepoint_id>
				</extensions>
			</trkpt>
			<trkpt lat="46.8207775916" lon="8.5123396236">
				<ele>1719.4</ele>
				<extensions>
					<swisstopo:routepoint_id>1146438466</swisstopo:routepoint_id>
				</extensions>
			</trkpt>
			<trkpt lat="46.8207274369" lon="8.5123057955">
				<ele>1718.7</ele>
				<extensions>
					<swisstopo:routepoint_id>1934042894</swisstopo:routepoint_id>
				</extensions>
			</trkpt>
			<trkpt lat="46.8206850988" lon="8.5122656988">
				<ele>1718.0</ele>
				<extensions>
					<swisstopo:routepoint_id>781831320</swisstopo:routepoint_id>
				</extensions>
			</trkpt>
			<trkpt lat="46.8206302698" lon="8.5122132074">
				<ele>1717.1</ele>
				<extensions>
					<swisstopo:routepoint_id>470890645</swisstopo:routepoint_id>
				</extensions>
			</trkpt>
			<trkpt lat="46.8205671728" lon="8.5121627078">
				<ele>1716.3</ele>
				<extensions>
					<swisstopo:routepoint_id>2145595067</swisstopo:routepoint_id>
				</extensions>
			</trkpt>
			<trkpt lat="46.8204944612" lon="8.5121013043">
				<ele>1715.7</ele>
				<extensions>
					<swisstopo:routepoint_id>1111882002</swisstopo:routepoint_id>
				</extensions>
			</trkpt>
			<trkpt lat="46.8204338421" lon="8.5120451399">
				<ele>1715.3</ele>
				<extensions>
					<swisstopo:routepoint_id>222774789</swisstopo:routepoint_id>
				</extensions>
			</trkpt>
			<trkpt lat="46.8203900143" lon="8.5120092885">
				<ele>1715.1</ele>
				<extensions>
					<swisstopo:routepoint_id>1332815178</swisstopo:routepoint_id>
				</extensions>
			</trkpt>
			<trkpt lat="46.8203442541" lon="8.5119734114">
				<ele>1714.8</ele>
				<extensions>
					<swisstopo:routepoint_id>306607133</swisstopo:routepoint_id>
				</extensions>
			</trkpt>
			<trkpt lat="46.8202703973" lon="8.5119319956">
				<ele>1714.4</ele>
				<extensions>
					<swisstopo:routepoint_id>1017859305</swisstopo:routepoint_id>
				</extensions>
			</trkpt>
			<trkpt lat="46.8202013825" lon="8.5118913805">
				<ele>1714.1</ele>
				<extensions>
					<swisstopo:routepoint_id>1903241910</swisstopo:routepoint_id>
				</extensions>
			</trkpt>
			<trkpt lat="46.8201381465" lon="8.5118565951">
				<ele>1714.2</ele>
				<extensions>
					<swisstopo:routepoint_id>594514022</swisstopo:routepoint_id>
				</extensions>
			</trkpt>
			<trkpt lat="46.8201023454" lon="8.5118444845">
				<ele>1714.1</ele>
				<extensions>
					<swisstopo:routepoint_id>452096844</swisstopo:routepoint_id>
				</extensions>
			</trkpt>
			<trkpt lat="46.8200761499" lon="8.5118432648">
				<ele>1714.0</ele>
				<extensions>
					<swisstopo:routepoint_id>1254503870</swisstopo:routepoint_id>
				</extensions>
			</trkpt>
			<trkpt lat="46.8200397204" lon="8.5118475555">
				<ele>1713.7</ele>
				<extensions>
					<swisstopo:routepoint_id>354645185</swisstopo:routepoint_id>
				</extensions>
			</trkpt>
			<trkpt lat="46.8200073700" lon="8.5118543591">
				<ele>1713.6</ele>
				<extensions>
					<swisstopo:routepoint_id>922287833</swisstopo:routepoint_id>
				</extensions>
			</trkpt>
			<trkpt lat="46.8199814958" lon="8.5118488585">
				<ele>1713.5</ele>
				<extensions>
					<swisstopo:routepoint_id>1281108665</swisstopo:routepoint_id>
				</extensions>
			</trkpt>
			<trkpt lat="46.8199469187" lon="8.5118317619">
				<ele>1713.5</ele>
				<extensions>
					<swisstopo:routepoint_id>1055865918</swisstopo:routepoint_id>
				</extensions>
			</trkpt>
			<trkpt lat="46.8199237593" lon="8.5117963102">
				<ele>1713.3</ele>
				<extensions>
					<swisstopo:routepoint_id>1531935343</swisstopo:routepoint_id>
				</extensions>
			</trkpt>
			<trkpt lat="46.8199094571" lon="8.5117560182">
				<ele>1713.1</ele>
				<extensions>
					<swisstopo:routepoint_id>1172537745</swisstopo:routepoint_id>
				</extensions>
			</trkpt>
			<trkpt lat="46.8199044886" lon="8.5117116056">
				<ele>1713.3</ele>
				<extensions>
					<swisstopo:routepoint_id>307619782</swisstopo:routepoint_id>
				</extensions>
			</trkpt>
			<trkpt lat="46.8199040640" lon="8.5116501342">
				<ele>1713.5</ele>
				<extensions>
					<swisstopo:routepoint_id>1259222881</swisstopo:routepoint_id>
				</extensions>
			</trkpt>
			<trkpt lat="46.8199118858" lon="8.5115974146">
				<ele>1713.9</ele>
				<extensions>
					<swisstopo:routepoint_id>224572380</swisstopo:routepoint_id>
				</extensions>
			</trkpt>
			<trkpt lat="46.8199187396" lon="8.5115439334">
				<ele>1714.3</ele>
				<extensions>
					<swisstopo:routepoint_id>1613021844</swisstopo:routepoint_id>
				</extensions>
			</trkpt>
			<trkpt lat="46.8199178519" lon="8.5114803154">
				<ele>1714.9</ele>
				<extensions>
					<swisstopo:routepoint_id>932073466</swisstopo:routepoint_id>
				</extensions>
			</trkpt>
			<trkpt lat="46.8199142943" lon="8.5114409415">
				<ele>1715.1</ele>
				<extensions>
					<swisstopo:routepoint_id>1554288282</swisstopo:routepoint_id>
				</extensions>
			</trkpt>
			<trkpt lat="46.8199048892" lon="8.5113993202">
				<ele>1715.1</ele>
				<extensions>
					<swisstopo:routepoint_id>762898296</swisstopo:routepoint_id>
				</extensions>
			</trkpt>
			<trkpt lat="46.8198896701" lon="8.5113518623">
				<ele>1715.1</ele>
				<extensions>
					<swisstopo:routepoint_id>69937315</swisstopo:routepoint_id>
				</extensions>
			</trkpt>
			<trkpt lat="46.8198634181" lon="8.5112798874">
				<ele>1715.1</ele>
				<extensions>
					<swisstopo:routepoint_id>1795983821</swisstopo:routepoint_id>
				</extensions>
			</trkpt>
			<trkpt lat="46.8198488717" lon="8.5112131561">
				<ele>1715.0</ele>
				<extensions>
					<swisstopo:routepoint_id>1175108919</swisstopo:routepoint_id>
				</extensions>
			</trkpt>
			<trkpt lat="46.8198334670" lon="8.5111321059">
				<ele>1715.2</ele>
				<extensions>
					<swisstopo:routepoint_id>986862100</swisstopo:routepoint_id>
				</extensions>
			</trkpt>
			<trkpt lat="46.8198151349" lon="8.5110502936">
				<ele>1715.3</ele>
				<extensions>
					<swisstopo:routepoint_id>1716435693</swisstopo:routepoint_id>
				</extensions>
			</trkpt>
			<trkpt lat="46.8198009934" lon="8.5109928428">
				<ele>1715.2</ele>
				<extensions>
					<swisstopo:routepoint_id>458041163</swisstopo:routepoint_id>
				</extensions>
			</trkpt>
			<trkpt lat="46.8197741888" lon="8.5109273074">
				<ele>1715.2</ele>
				<extensions>
					<swisstopo:routepoint_id>1623513135</swisstopo:routepoint_id>
				</extensions>
			</trkpt>
			<trkpt lat="46.8197526590" lon="8.5108754431">
				<ele>1715.1</ele>
				<extensions>
					<swisstopo:routepoint_id>1853446410</swisstopo:routepoint_id>
				</extensions>
			</trkpt>
			<trkpt lat="46.8197292890" lon="8.5108099633">
				<ele>1715.1</ele>
				<extensions>
					<swisstopo:routepoint_id>2050486317</swisstopo:routepoint_id>
				</extensions>
			</trkpt>
			<trkpt lat="46.8197116904" lon="8.5107538901">
				<ele>1715.1</ele>
				<extensions>
					<swisstopo:routepoint_id>1751636599</swisstopo:routepoint_id>
				</extensions>
			</trkpt>
			<trkpt lat="46.8196857982" lon="8.5106969285">
				<ele>1715.0</ele>
				<extensions>
					<swisstopo:routepoint_id>391090117</swisstopo:routepoint_id>
				</extensions>
			</trkpt>
			<trkpt lat="46.8196515539" lon="8.5106433906">
				<ele>1714.8</ele>
				<extensions>
					<swisstopo:routepoint_id>628156167</swisstopo:routepoint_id>
				</extensions>
			</trkpt>
			<trkpt lat="46.8196138590" lon="8.5105933675">
				<ele>1714.7</ele>
				<extensions>
					<swisstopo:routepoint_id>595460341</swisstopo:routepoint_id>
				</extensions>
			</trkpt>
			<trkpt lat="46.8195640173" lon="8.5105345408">
				<ele>1714.7</ele>
				<extensions>
					<swisstopo:routepoint_id>2067021980</swisstopo:routepoint_id>
				</extensions>
			</trkpt>
			<trkpt lat="46.8195186617" lon="8.5104657762">
				<ele>1714.5</ele>
				<extensions>
					<swisstopo:routepoint_id>486427666</swisstopo:routepoint_id>
				</extensions>
			</trkpt>
			<trkpt lat="46.8194833639" lon="8.5104215154">
				<ele>1714.3</ele>
				<extensions>
					<swisstopo:routepoint_id>1923398451</swisstopo:routepoint_id>
				</extensions>
			</trkpt>
			<trkpt lat="46.8194368474" lon="8.5103734607">
				<ele>1714.0</ele>
				<extensions>
					<swisstopo:routepoint_id>1490844000</swisstopo:routepoint_id>
				</extensions>
			</trkpt>
			<trkpt lat="46.8193674085" lon="8.5103171173">
				<ele>1713.5</ele>
				<extensions>
					<swisstopo:routepoint_id>200181486</swisstopo:routepoint_id>
				</extensions>
			</trkpt>
			<trkpt lat="46.8193014174" lon="8.5102594094">
				<ele>1713.1</ele>
				<extensions>
					<swisstopo:routepoint_id>96480653</swisstopo:routepoint_id>
				</extensions>
			</trkpt>
			<trkpt lat="46.8192301000" lon="8.5101944481">
				<ele>1712.5</ele>
				<extensions>
					<swisstopo:routepoint_id>123051302</swisstopo:routepoint_id>
				</extensions>
			</trkpt>
			<trkpt lat="46.8191737782" lon="8.5101483614">
				<ele>1712.2</ele>
				<extensions>
					<swisstopo:routepoint_id>1411900836</swisstopo:routepoint_id>
				</extensions>
			</trkpt>
			<trkpt lat="46.8191431701" lon="8.5101249079">
				<ele>1712.0</ele>
				<extensions>
					<swisstopo:routepoint_id>161589292</swisstopo:routepoint_id>
				</extensions>
			</trkpt>
			<trkpt lat="46.8191091269" lon="8.5101042464">
				<ele>1711.8</ele>
				<extensions>
					<swisstopo:routepoint_id>1012867523</swisstopo:routepoint_id>
				</extensions>
			</trkpt>
			<trkpt lat="46.8190755065" lon="8.5100900306">
				<ele>1711.4</ele>
				<extensions>
					<swisstopo:routepoint_id>793914962</swisstopo:routepoint_id>
				</extensions>
			</trkpt>
			<trkpt lat="46.8190203636" lon="8.5100746828">
				<ele>1711.0</ele>
				<extensions>
					<swisstopo:routepoint_id>1757439400</swisstopo:routepoint_id>
				</extensions>
			</trkpt>
			<trkpt lat="46.8189413409" lon="8.5100510273">
				<ele>1710.6</ele>
				<extensions>
					<swisstopo:routepoint_id>446927337</swisstopo:routepoint_id>
				</extensions>
			</trkpt>
			<trkpt lat="46.8188871970" lon="8.5100350018">
				<ele>1710.3</ele>
				<extensions>
					<swisstopo:routepoint_id>447743775</swisstopo:routepoint_id>
				</extensions>
			</trkpt>
			<trkpt lat="46.8188423715" lon="8.5100155657">
				<ele>1709.9</ele>
				<extensions>
					<swisstopo:routepoint_id>1881486550</swisstopo:routepoint_id>
				</extensions>
			</trkpt>
			<trkpt lat="46.8187824900" lon="8.5099836912">
				<ele>1709.2</ele>
				<extensions>
					<swisstopo:routepoint_id>1956319160</swisstopo:routepoint_id>
				</extensions>
			</trkpt>
			<trkpt lat="46.8187250591" lon="8.5099518719">
				<ele>1708.6</ele>
				<extensions>
					<swisstopo:routepoint_id>2081669091</swisstopo:routepoint_id>
				</extensions>
			</trkpt>
			<trkpt lat="46.8186516128" lon="8.5099068914">
				<ele>1707.6</ele>
				<extensions>
					<swisstopo:routepoint_id>1093351089</swisstopo:routepoint_id>
				</extensions>
			</trkpt>
			<trkpt lat="46.8185840208" lon="8.5098634353">
				<ele>1706.5</ele>
				<extensions>
					<swisstopo:routepoint_id>2045841258</swisstopo:routepoint_id>
				</extensions>
			</trkpt>
			<trkpt lat="46.8185256329" lon="8.5098287433">
				<ele>1705.7</ele>
				<extensions>
					<swisstopo:routepoint_id>993941432</swisstopo:routepoint_id>
				</extensions>
			</trkpt>
			<trkpt lat="46.8184620166" lon="8.5097782252">
				<ele>1705.0</ele>
				<extensions>
					<swisstopo:routepoint_id>1651910664</swisstopo:routepoint_id>
				</extensions>
			</trkpt>
			<trkpt lat="46.8184037178" lon="8.5097349607">
				<ele>1704.4</ele>
				<extensions>
					<swisstopo:routepoint_id>1188133210</swisstopo:routepoint_id>
				</extensions>
			</trkpt>
			<trkpt lat="46.8183531383" lon="8.5097032655">
				<ele>1704.0</ele>
				<extensions>
					<swisstopo:routepoint_id>261494596</swisstopo:routepoint_id>
				</extensions>
			</trkpt>
			<trkpt lat="46.8183049874" lon="8.5096730519">
				<ele>1703.4</ele>
				<extensions>
					<swisstopo:routepoint_id>1294357758</swisstopo:routepoint_id>
				</extensions>
			</trkpt>
			<trkpt lat="46.8182648108" lon="8.5096497030">
				<ele>1703.0</ele>
				<extensions>
					<swisstopo:routepoint_id>40197788</swisstopo:routepoint_id>
				</extensions>
			</trkpt>
			<trkpt lat="46.8181941153" lon="8.5096186635">
				<ele>1702.8</ele>
				<extensions>
					<swisstopo:routepoint_id>1157243981</swisstopo:routepoint_id>
				</extensions>
			</trkpt>
			<trkpt lat="46.8181161116" lon="8.5095874852">
				<ele>1702.1</ele>
				<extensions>
					<swisstopo:routepoint_id>808873013</swisstopo:routepoint_id>
				</extensions>
			</trkpt>
			<trkpt lat="46.8180876921" lon="8.5095742182">
				<ele>1701.9</ele>
				<extensions>
					<swisstopo:routepoint_id>1038843989</swisstopo:routepoint_id>
				</extensions>
			</trkpt>
			<trkpt lat="46.8180338759" lon="8.5095382228">
				<ele>1701.1</ele>
				<extensions>
					<swisstopo:routepoint_id>1303092585</swisstopo:routepoint_id>
				</extensions>
			</trkpt>
			<trkpt lat="46.8179895925" lon="8.5095002992">
				<ele>1700.6</ele>
				<extensions>
					<swisstopo:routepoint_id>201703593</swisstopo:routepoint_id>
				</extensions>
			</trkpt>
			<trkpt lat="46.8179381111" lon="8.5094495115">
				<ele>1700.3</ele>
				<extensions>
					<swisstopo:routepoint_id>482994579</swisstopo:routepoint_id>
				</extensions>
			</trkpt>
			<trkpt lat="46.8178888952" lon="8.5093913720">
				<ele>1699.9</ele>
				<extensions>
					<swisstopo:routepoint_id>38871781</swisstopo:routepoint_id>
				</extensions>
			</trkpt>
			<trkpt lat="46.8178541853" lon="8.5093462035">
				<ele>1699.5</ele>
				<extensions>
					<swisstopo:routepoint_id>92510087</swisstopo:routepoint_id>
				</extensions>
			</trkpt>
			<trkpt lat="46.8178259628" lon="8.5093128291">
				<ele>1699.1</ele>
				<extensions>
					<swisstopo:routepoint_id>703269025</swisstopo:routepoint_id>
				</extensions>
			</trkpt>
			<trkpt lat="46.8177853433" lon="8.5092739100">
				<ele>1698.5</ele>
				<extensions>
					<swisstopo:routepoint_id>196301431</swisstopo:routepoint_id>
				</extensions>
			</trkpt>
			<trkpt lat="46.8177461906" lon="8.5092350265">
				<ele>1698.0</ele>
				<extensions>
					<swisstopo:routepoint_id>724868866</swisstopo:routepoint_id>
				</extensions>
			</trkpt>
			<trkpt lat="46.8177056900" lon="8.5091834019">
				<ele>1697.4</ele>
				<extensions>
					<swisstopo:routepoint_id>1388043061</swisstopo:routepoint_id>
				</extensions>
			</trkpt>
			<trkpt lat="46.8176667059" lon="8.5091265093">
				<ele>1696.8</ele>
				<extensions>
					<swisstopo:routepoint_id>511814128</swisstopo:routepoint_id>
				</extensions>
			</trkpt>
			<trkpt lat="46.8176206341" lon="8.5090440663">
				<ele>1696.1</ele>
				<extensions>
					<swisstopo:routepoint_id>229894383</swisstopo:routepoint_id>
				</extensions>
			</trkpt>
			<trkpt lat="46.8175782041" lon="8.5089648696">
				<ele>1695.2</ele>
				<extensions>
					<swisstopo:routepoint_id>771252525</swisstopo:routepoint_id>
				</extensions>
			</trkpt>
			<trkpt lat="46.8175423245" lon="8.5088879149">
				<ele>1694.3</ele>
				<extensions>
					<swisstopo:routepoint_id>1843301621</swisstopo:routepoint_id>
				</extensions>
			</trkpt>
			<trkpt lat="46.8175035384" lon="8.5088098530">
				<ele>1693.5</ele>
				<extensions>
					<swisstopo:routepoint_id>1769256969</swisstopo:routepoint_id>
				</extensions>
			</trkpt>
			<trkpt lat="46.8174669693" lon="8.5087286489">
				<ele>1693.0</ele>
				<extensions>
					<swisstopo:routepoint_id>1661412009</swisstopo:routepoint_id>
				</extensions>
			</trkpt>
			<trkpt lat="46.8174268637" lon="8.5086357415">
				<ele>1692.1</ele>
				<extensions>
					<swisstopo:routepoint_id>1507438924</swisstopo:routepoint_id>
				</extensions>
			</trkpt>
			<trkpt lat="46.8173916435" lon="8.5085662165">
				<ele>1691.5</ele>
				<extensions>
					<swisstopo:routepoint_id>279401838</swisstopo:routepoint_id>
				</extensions>
			</trkpt>
			<trkpt lat="46.8173521283" lon="8.5084881406">
				<ele>1691.0</ele>
				<extensions>
					<swisstopo:routepoint_id>2118623535</swisstopo:routepoint_id>
				</extensions>
			</trkpt>
			<trkpt lat="46.8173084590" lon="8.5083845538">
				<ele>1690.4</ele>
				<extensions>
					<swisstopo:routepoint_id>1797000128</swisstopo:routepoint_id>
				</extensions>
			</trkpt>
			<trkpt lat="46.8172654293" lon="8.5082905266">
				<ele>1689.7</ele>
				<extensions>
					<swisstopo:routepoint_id>1033152989</swisstopo:routepoint_id>
				</extensions>
			</trkpt>
			<trkpt lat="46.8172172499" lon="8.5081985089">
				<ele>1689.0</ele>
				<extensions>
					<swisstopo:routepoint_id>456978323</swisstopo:routepoint_id>
				</extensions>
			</trkpt>
			<trkpt lat="46.8171841649" lon="8.5081364430">
				<ele>1688.5</ele>
				<extensions>
					<swisstopo:routepoint_id>877828859</swisstopo:routepoint_id>
				</extensions>
			</trkpt>
			<trkpt lat="46.8171626292" lon="8.5080925998">
				<ele>1688.1</ele>
				<extensions>
					<swisstopo:routepoint_id>1544063201</swisstopo:routepoint_id>
				</extensions>
			</trkpt>
			<trkpt lat="46.8171344482" lon="8.5080528670">
				<ele>1687.7</ele>
				<extensions>
					<swisstopo:routepoint_id>1639293852</swisstopo:routepoint_id>
				</extensions>
			</trkpt>
			<trkpt lat="46.8170961618" lon="8.5080002257">
				<ele>1687.1</ele>
				<extensions>
					<swisstopo:routepoint_id>1405219073</swisstopo:routepoint_id>
				</extensions>
			</trkpt>
			<trkpt lat="46.8170484725" lon="8.5079347025">
				<ele>1686.3</ele>
				<extensions>
					<swisstopo:routepoint_id>1840017239</swisstopo:routepoint_id>
				</extensions>
			</trkpt>
			<trkpt lat="46.8170007039" lon="8.5078776372">
				<ele>1685.5</ele>
				<extensions>
					<swisstopo:routepoint_id>377040327</swisstopo:routepoint_id>
				</extensions>
			</trkpt>
			<trkpt lat="46.8169478738" lon="8.5078141302">
				<ele>1684.6</ele>
				<extensions>
					<swisstopo:routepoint_id>717468776</swisstopo:routepoint_id>
				</extensions>
			</trkpt>
			<trkpt lat="46.8168978586" lon="8.5077633807">
				<ele>1684.1</ele>
				<extensions>
					<swisstopo:routepoint_id>1262569369</swisstopo:routepoint_id>
				</extensions>
			</trkpt>
			<trkpt lat="46.8168326411" lon="8.5076932741">
				<ele>1683.1</ele>
				<extensions>
					<swisstopo:routepoint_id>597798005</swisstopo:routepoint_id>
				</extensions>
			</trkpt>
			<trkpt lat="46.8167768650" lon="8.5076328826">
				<ele>1682.6</ele>
				<extensions>
					<swisstopo:routepoint_id>674422353</swisstopo:routepoint_id>
				</extensions>
			</trkpt>
			<trkpt lat="46.8167421147" lon="8.5075919642">
				<ele>1682.2</ele>
				<extensions>
					<swisstopo:routepoint_id>1841251489</swisstopo:routepoint_id>
				</extensions>
			</trkpt>
			<trkpt lat="46.8167110967" lon="8.5075436974">
				<ele>1681.7</ele>
				<extensions>
					<swisstopo:routepoint_id>1922201330</swisstopo:routepoint_id>
				</extensions>
			</trkpt>
			<trkpt lat="46.8166830531" lon="8.5074901980">
				<ele>1681.3</ele>
				<extensions>
					<swisstopo:routepoint_id>128015311</swisstopo:routepoint_id>
				</extensions>
			</trkpt>
			<trkpt lat="46.8166479190" lon="8.5074132731">
				<ele>1680.7</ele>
				<extensions>
					<swisstopo:routepoint_id>2047700419</swisstopo:routepoint_id>
				</extensions>
			</trkpt>
			<trkpt lat="46.8166228893" lon="8.5073503060">
				<ele>1680.1</ele>
				<extensions>
					<swisstopo:routepoint_id>1654528825</swisstopo:routepoint_id>
				</extensions>
			</trkpt>
			<trkpt lat="46.8165879731" lon="8.5072500690">
				<ele>1679.1</ele>
				<extensions>
					<swisstopo:routepoint_id>1890246928</swisstopo:routepoint_id>
				</extensions>
			</trkpt>
			<trkpt lat="46.8165529796" lon="8.5071562036">
				<ele>1678.3</ele>
				<extensions>
					<swisstopo:routepoint_id>1469248362</swisstopo:routepoint_id>
				</extensions>
			</trkpt>
			<trkpt lat="46.8165251634" lon="8.5070783494">
				<ele>1677.8</ele>
				<extensions>
					<swisstopo:routepoint_id>1304907018</swisstopo:routepoint_id>
				</extensions>
			</trkpt>
			<trkpt lat="46.8164951007" lon="8.5070068173">
				<ele>1677.1</ele>
				<extensions>
					<swisstopo:routepoint_id>358481379</swisstopo:routepoint_id>
				</extensions>
			</trkpt>
			<trkpt lat="46.8164707406" lon="8.5069502113">
				<ele>1676.6</ele>
				<extensions>
					<swisstopo:routepoint_id>475337517</swisstopo:routepoint_id>
				</extensions>
			</trkpt>
			<trkpt lat="46.8164470193" lon="8.5069042143">
				<ele>1676.5</ele>
				<extensions>
					<swisstopo:routepoint_id>1369756651</swisstopo:routepoint_id>
				</extensions>
			</trkpt>
			<trkpt lat="46.8164181671" lon="8.5068591776">
				<ele>1676.0</ele>
				<extensions>
					<swisstopo:routepoint_id>2085339613</swisstopo:routepoint_id>
				</extensions>
			</trkpt>
			<trkpt lat="46.8163901419" lon="8.5068046171">
				<ele>1675.4</ele>
				<extensions>
					<swisstopo:routepoint_id>411553679</swisstopo:routepoint_id>
				</extensions>
			</trkpt>
			<trkpt lat="46.8163729700" lon="8.5067619238">
				<ele>1674.9</ele>
				<extensions>
					<swisstopo:routepoint_id>398293454</swisstopo:routepoint_id>
				</extensions>
			</trkpt>
			<trkpt lat="46.8163638937" lon="8.5067140804">
				<ele>1674.3</ele>
				<extensions>
					<swisstopo:routepoint_id>1341769743</swisstopo:routepoint_id>
				</extensions>
			</trkpt>
			<trkpt lat="46.8163564116" lon="8.5066535735">
				<ele>1673.7</ele>
				<extensions>
					<swisstopo:routepoint_id>1347192352</swisstopo:routepoint_id>
				</extensions>
			</trkpt>
			<trkpt lat="46.8163482706" lon="8.5065845884">
				<ele>1673.2</ele>
				<extensions>
					<swisstopo:routepoint_id>1153616324</swisstopo:routepoint_id>
				</extensions>
			</trkpt>
			<trkpt lat="46.8163406301" lon="8.5065410220">
				<ele>1673.0</ele>
				<extensions>
					<swisstopo:routepoint_id>1569762017</swisstopo:routepoint_id>
				</extensions>
			</trkpt>
			<trkpt lat="46.8163256146" lon="8.5065026076">
				<ele>1672.9</ele>
				<extensions>
					<swisstopo:routepoint_id>505691828</swisstopo:routepoint_id>
				</extensions>
			</trkpt>
			<trkpt lat="46.8163060872" lon="8.5064778671">
				<ele>1673.0</ele>
				<extensions>
					<swisstopo:routepoint_id>575392667</swisstopo:routepoint_id>
				</extensions>
			</trkpt>
			<trkpt lat="46.8162769876" lon="8.5064593034">
				<ele>1672.8</ele>
				<extensions>
					<swisstopo:routepoint_id>1985245958</swisstopo:routepoint_id>
				</extensions>
			</trkpt>
			<trkpt lat="46.8162354294" lon="8.5064436536">
				<ele>1672.5</ele>
				<extensions>
					<swisstopo:routepoint_id>1827913299</swisstopo:routepoint_id>
				</extensions>
			</trkpt>
			<trkpt lat="46.8161771016" lon="8.5064202872">
				<ele>1671.7</ele>
				<extensions>
					<swisstopo:routepoint_id>480152554</swisstopo:routepoint_id>
				</extensions>
			</trkpt>
			<trkpt lat="46.8161304729" lon="8.5063981958">
				<ele>1671.1</ele>
				<extensions>
					<swisstopo:routepoint_id>1473125431</swisstopo:routepoint_id>
				</extensions>
			</trkpt>
			<trkpt lat="46.8161006837" lon="8.5063753827">
				<ele>1670.7</ele>
				<extensions>
					<swisstopo:routepoint_id>2125977631</swisstopo:routepoint_id>
				</extensions>
			</trkpt>
			<trkpt lat="46.8160688372" lon="8.5063376904">
				<ele>1670.0</ele>
				<extensions>
					<swisstopo:routepoint_id>1711009223</swisstopo:routepoint_id>
				</extensions>
			</trkpt>
			<trkpt lat="46.8160435983" lon="8.5062980241">
				<ele>1669.2</ele>
				<extensions>
					<swisstopo:routepoint_id>891830748</swisstopo:routepoint_id>
				</extensions>
			</trkpt>
			<trkpt lat="46.8160243489" lon="8.5062425761">
				<ele>1668.3</ele>
				<extensions>
					<swisstopo:routepoint_id>1157805745</swisstopo:routepoint_id>
				</extensions>
			</trkpt>
			<trkpt lat="46.8160118258" lon="8.5061724422">
				<ele>1667.2</ele>
				<extensions>
					<swisstopo:routepoint_id>135380674</swisstopo:routepoint_id>
				</extensions>
			</trkpt>
			<trkpt lat="46.8159950479" lon="8.5060884545">
				<ele>1665.9</ele>
				<extensions>
					<swisstopo:routepoint_id>944251772</swisstopo:routepoint_id>
				</extensions>
			</trkpt>
			<trkpt lat="46.8159810479" lon="8.5060193536">
				<ele>1664.8</ele>
				<extensions>
					<swisstopo:routepoint_id>1373617746</swisstopo:routepoint_id>
				</extensions>
			</trkpt>
			<trkpt lat="46.8159661991" lon="8.5059639929">
				<ele>1664.0</ele>
				<extensions>
					<swisstopo:routepoint_id>827796316</swisstopo:routepoint_id>
				</extensions>
			</trkpt>
			<trkpt lat="46.8159398997" lon="8.5058798102">
				<ele>1662.7</ele>
				<extensions>
					<swisstopo:routepoint_id>1177479003</swisstopo:routepoint_id>
				</extensions>
			</trkpt>
			<trkpt lat="46.8159063611" lon="8.5057880871">
				<ele>1661.4</ele>
				<extensions>
					<swisstopo:routepoint_id>307620076</swisstopo:routepoint_id>
				</extensions>
			</trkpt>
			<trkpt lat="46.8158735118" lon="8.5057006202">
				<ele>1660.3</ele>
				<extensions>
					<swisstopo:routepoint_id>651917010</swisstopo:routepoint_id>
				</extensions>
			</trkpt>
			<trkpt lat="46.8158384667" lon="8.5056130969">
				<ele>1659.8</ele>
				<extensions>
					<swisstopo:routepoint_id>261718238</swisstopo:routepoint_id>
				</extensions>
			</trkpt>
			<trkpt lat="46.8158062081" lon="8.5055404610">
				<ele>1658.7</ele>
				<extensions>
					<swisstopo:routepoint_id>186308852</swisstopo:routepoint_id>
				</extensions>
			</trkpt>
			<trkpt lat="46.8157747477" lon="8.5054604250">
				<ele>1657.5</ele>
				<extensions>
					<swisstopo:routepoint_id>2073897387</swisstopo:routepoint_id>
				</extensions>
			</trkpt>
			<trkpt lat="46.8157460038" lon="8.5054037337">
				<ele>1656.6</ele>
				<extensions>
					<swisstopo:routepoint_id>471223068</swisstopo:routepoint_id>
				</extensions>
			</trkpt>
			<trkpt lat="46.8157237477" lon="8.5053588291">
				<ele>1656.0</ele>
				<extensions>
					<swisstopo:routepoint_id>1080350179</swisstopo:routepoint_id>
				</extensions>
			</trkpt>
			<trkpt lat="46.8157057177" lon="8.5053298768">
				<ele>1655.6</ele>
				<extensions>
					<swisstopo:routepoint_id>1185288193</swisstopo:routepoint_id>
				</extensions>
			</trkpt>
			<trkpt lat="46.8156768452" lon="8.5052869655">
				<ele>1655.1</ele>
				<extensions>
					<swisstopo:routepoint_id>1141596013</swisstopo:routepoint_id>
				</extensions>
			</trkpt>
			<trkpt lat="46.8156328962" lon="8.5052130362">
				<ele>1654.5</ele>
				<extensions>
					<swisstopo:routepoint_id>1386662351</swisstopo:routepoint_id>
				</extensions>
			</trkpt>
			<trkpt lat="46.8155946798" lon="8.5051508723">
				<ele>1653.8</ele>
				<extensions>
					<swisstopo:routepoint_id>1908247007</swisstopo:routepoint_id>
				</extensions>
			</trkpt>
			<trkpt lat="46.8155703374" lon="8.5050932192">
				<ele>1653.2</ele>
				<extensions>
					<swisstopo:routepoint_id>1685824954</swisstopo:routepoint_id>
				</extensions>
			</trkpt>
			<trkpt lat="46.8155382367" lon="8.5050036309">
				<ele>1652.5</ele>
				<extensions>
					<swisstopo:routepoint_id>1833389730</swisstopo:routepoint_id>
				</extensions>
			</trkpt>
			<trkpt lat="46.8155182674" lon="8.5049471266">
				<ele>1652.2</ele>
				<extensions>
					<swisstopo:routepoint_id>1055004366</swisstopo:routepoint_id>
				</extensions>
			</trkpt>
			<trkpt lat="46.8155041077" lon="8.5048960099">
				<ele>1652.0</ele>
				<extensions>
					<swisstopo:routepoint_id>1691907299</swisstopo:routepoint_id>
				</extensions>
			</trkpt>
			<trkpt lat="46.8154850528" lon="8.5048215183">
				<ele>1651.7</ele>
				<extensions>
					<swisstopo:routepoint_id>350071376</swisstopo:routepoint_id>
				</extensions>
			</trkpt>
			<trkpt lat="46.8154622881" lon="8.5047501206">
				<ele>1651.3</ele>
				<extensions>
					<swisstopo:routepoint_id>1074593178</swisstopo:routepoint_id>
				</extensions>
			</trkpt>
			<trkpt lat="46.8154380541" lon="8.5046808183">
				<ele>1651.0</ele>
				<extensions>
					<swisstopo:routepoint_id>982000739</swisstopo:routepoint_id>
				</extensions>
			</trkpt>
			<trkpt lat="46.8154144318" lon="8.5046231669">
				<ele>1650.7</ele>
				<extensions>
					<swisstopo:routepoint_id>724660068</swisstopo:routepoint_id>
				</extensions>
			</trkpt>
			<trkpt lat="46.8153806739" lon="8.5045557940">
				<ele>1650.4</ele>
				<extensions>
					<swisstopo:routepoint_id>890111010</swisstopo:routepoint_id>
				</extensions>
			</trkpt>
			<trkpt lat="46.8153554453" lon="8.5045140050">
				<ele>1650.1</ele>
				<extensions>
					<swisstopo:routepoint_id>222122728</swisstopo:routepoint_id>
				</extensions>
			</trkpt>
			<trkpt lat="46.8153200329" lon="8.5044667164">
				<ele>1649.8</ele>
				<extensions>
					<swisstopo:routepoint_id>405820800</swisstopo:routepoint_id>
				</extensions>
			</trkpt>
			<trkpt lat="46.8152838935" lon="8.5044173083">
				<ele>1649.6</ele>
				<extensions>
					<swisstopo:routepoint_id>168173636</swisstopo:routepoint_id>
				</extensions>
			</trkpt>
			<trkpt lat="46.8152412135" lon="8.5043645844">
				<ele>1649.3</ele>
				<extensions>
					<swisstopo:routepoint_id>1006990349</swisstopo:routepoint_id>
				</extensions>
			</trkpt>
			<trkpt lat="46.8152094945" lon="8.5043131397">
				<ele>1649.1</ele>
				<extensions>
					<swisstopo:routepoint_id>1699315286</swisstopo:routepoint_id>
				</extensions>
			</trkpt>
			<trkpt lat="46.8151864728" lon="8.5042692830">
				<ele>1648.8</ele>
				<extensions>
					<swisstopo:routepoint_id>1525457196</swisstopo:routepoint_id>
				</extensions>
			</trkpt>
			<trkpt lat="46.8151584759" lon="8.5042115521">
				<ele>1648.5</ele>
				<extensions>
					<swisstopo:routepoint_id>1621148955</swisstopo:routepoint_id>
				</extensions>
			</trkpt>
			<trkpt lat="46.8151168615" lon="8.5041217831">
				<ele>1648.0</ele>
				<extensions>
					<swisstopo:routepoint_id>548498897</swisstopo:routepoint_id>
				</extensions>
			</trkpt>
			<trkpt lat="46.8150781907" lon="8.5040310169">
				<ele>1647.4</ele>
				<extensions>
					<swisstopo:routepoint_id>617815906</swisstopo:routepoint_id>
				</extensions>
			</trkpt>
			<trkpt lat="46.8150408890" lon="8.5039498178">
				<ele>1646.7</ele>
				<extensions>
					<swisstopo:routepoint_id>250344397</swisstopo:routepoint_id>
				</extensions>
			</trkpt>
			<trkpt lat="46.8150056353" lon="8.5038845341">
				<ele>1645.7</ele>
				<extensions>
					<swisstopo:routepoint_id>1135662819</swisstopo:routepoint_id>
				</extensions>
			</trkpt>
			<trkpt lat="46.8149803560" lon="8.5038490984">
				<ele>1645.2</ele>
				<extensions>
					<swisstopo:routepoint_id>1973524162</swisstopo:routepoint_id>
				</extensions>
			</trkpt>
			<trkpt lat="46.8149441265" lon="8.5038102724">
				<ele>1644.4</ele>
				<extensions>
					<swisstopo:routepoint_id>1186874614</swisstopo:routepoint_id>
				</extensions>
			</trkpt>
			<trkpt lat="46.8148998522" lon="8.5037702314">
				<ele>1643.3</ele>
				<extensions>
					<swisstopo:routepoint_id>1251097713</swisstopo:routepoint_id>
				</extensions>
			</trkpt>
			<trkpt lat="46.8148432177" lon="8.5037225367">
				<ele>1642.2</ele>
				<extensions>
					<swisstopo:routepoint_id>1977875318</swisstopo:routepoint_id>
				</extensions>
			</trkpt>
			<trkpt lat="46.8147989127" lon="8.5036867248">
				<ele>1641.2</ele>
				<extensions>
					<swisstopo:routepoint_id>618284272</swisstopo:routepoint_id>
				</extensions>
			</trkpt>
			<trkpt lat="46.8147676255" lon="8.5036681134">
				<ele>1640.5</ele>
				<extensions>
					<swisstopo:routepoint_id>751726339</swisstopo:routepoint_id>
				</extensions>
			</trkpt>
			<trkpt lat="46.8147369500" lon="8.5036611657">
				<ele>1639.7</ele>
				<extensions>
					<swisstopo:routepoint_id>1234333537</swisstopo:routepoint_id>
				</extensions>
			</trkpt>
			<trkpt lat="46.8146893647" lon="8.5036634237">
				<ele>1638.7</ele>
				<extensions>
					<swisstopo:routepoint_id>176783734</swisstopo:routepoint_id>
				</extensions>
			</trkpt>
			<trkpt lat="46.8146445959" lon="8.5036773825">
				<ele>1637.8</ele>
				<extensions>
					<swisstopo:routepoint_id>1286941874</swisstopo:routepoint_id>
				</extensions>
			</trkpt>
			<trkpt lat="46.8145932284" lon="8.5036933222">
				<ele>1637.0</ele>
				<extensions>
					<swisstopo:routepoint_id>2109867134</swisstopo:routepoint_id>
				</extensions>
			</trkpt>
			<trkpt lat="46.8145586413" lon="8.5037148917">
				<ele>1636.3</ele>
				<extensions>
					<swisstopo:routepoint_id>2125632197</swisstopo:routepoint_id>
				</extensions>
			</trkpt>
			<trkpt lat="46.8145401177" lon="8.5037388841">
				<ele>1635.8</ele>
				<extensions>
					<swisstopo:routepoint_id>1231348727</swisstopo:routepoint_id>
				</extensions>
			</trkpt>
			<trkpt lat="46.8145229711" lon="8.5037735058">
				<ele>1635.3</ele>
				<extensions>
					<swisstopo:routepoint_id>182533349</swisstopo:routepoint_id>
				</extensions>
			</trkpt>
			<trkpt lat="46.8145103359" lon="8.5037944282">
				<ele>1635.1</ele>
				<extensions>
					<swisstopo:routepoint_id>356242455</swisstopo:routepoint_id>
				</extensions>
			</trkpt>
			<trkpt lat="46.8144951532" lon="8.5038125041">
				<ele>1634.6</ele>
				<extensions>
					<swisstopo:routepoint_id>15865069</swisstopo:routepoint_id>
				</extensions>
			</trkpt>
			<trkpt lat="46.8144714619" lon="8.5038206668">
				<ele>1633.9</ele>
				<extensions>
					<swisstopo:routepoint_id>1256266739</swisstopo:routepoint_id>
				</extensions>
			</trkpt>
			<trkpt lat="46.8144527474" lon="8.5038142309">
				<ele>1633.4</ele>
				<extensions>
					<swisstopo:routepoint_id>1863571</swisstopo:routepoint_id>
				</extensions>
			</trkpt>
			<trkpt lat="46.8144383692" lon="8.5037940538">
				<ele>1633.0</ele>
				<extensions>
					<swisstopo:routepoint_id>140933916</swisstopo:routepoint_id>
				</extensions>
			</trkpt>
			<trkpt lat="46.8144301002" lon="8.5037688084">
				<ele>1632.6</ele>
				<extensions>
					<swisstopo:routepoint_id>795524134</swisstopo:routepoint_id>
				</extensions>
			</trkpt>
			<trkpt lat="46.8144309458" lon="8.5037402883">
				<ele>1632.2</ele>
				<extensions>
					<swisstopo:routepoint_id>355256742</swisstopo:routepoint_id>
				</extensions>
			</trkpt>
			<trkpt lat="46.8144379621" lon="8.5036963165">
				<ele>1631.5</ele>
				<extensions>
					<swisstopo:routepoint_id>990902061</swisstopo:routepoint_id>
				</extensions>
			</trkpt>
			<trkpt lat="46.8144419501" lon="8.5036548826">
				<ele>1630.8</ele>
				<extensions>
					<swisstopo:routepoint_id>2145498234</swisstopo:routepoint_id>
				</extensions>
			</trkpt>
			<trkpt lat="46.8144433849" lon="8.5036272379">
				<ele>1630.3</ele>
				<extensions>
					<swisstopo:routepoint_id>901950680</swisstopo:routepoint_id>
				</extensions>
			</trkpt>
			<trkpt lat="46.8144412726" lon="8.5035908723">
				<ele>1629.9</ele>
				<extensions>
					<swisstopo:routepoint_id>1910390311</swisstopo:routepoint_id>
				</extensions>
			</trkpt>
			<trkpt lat="46.8144377951" lon="8.5035709109">
				<ele>1629.8</ele>
				<extensions>
					<swisstopo:routepoint_id>50584068</swisstopo:routepoint_id>
				</extensions>
			</trkpt>
			<trkpt lat="46.8144349267" lon="8.5035543975">
				<ele>1629.7</ele>
				<extensions>
					<swisstopo:routepoint_id>398527523</swisstopo:routepoint_id>
				</extensions>
			</trkpt>
			<trkpt lat="46.8144193508" lon="8.5034854986">
				<ele>1629.6</ele>
				<extensions>
					<swisstopo:routepoint_id>31072592</swisstopo:routepoint_id>
				</extensions>
			</trkpt>
			<trkpt lat="46.8144027434" lon="8.5034311036">
				<ele>1629.6</ele>
				<extensions>
					<swisstopo:routepoint_id>680905065</swisstopo:routepoint_id>
				</extensions>
			</trkpt>
			<trkpt lat="46.8143750781" lon="8.5033914943">
				<ele>1629.7</ele>
				<extensions>
					<swisstopo:routepoint_id>19589808</swisstopo:routepoint_id>
				</extensions>
			</trkpt>
			<trkpt lat="46.8143511235" lon="8.5033581456">
				<ele>1629.9</ele>
				<extensions>
					<swisstopo:routepoint_id>1177047596</swisstopo:routepoint_id>
				</extensions>
			</trkpt>
			<trkpt lat="46.8143353001" lon="8.5033129608">
				<ele>1630.1</ele>
				<extensions>
					<swisstopo:routepoint_id>1201648912</swisstopo:routepoint_id>
				</extensions>
			</trkpt>
			<trkpt lat="46.8143256817" lon="8.5032722176">
				<ele>1630.1</ele>
				<extensions>
					<swisstopo:routepoint_id>66002452</swisstopo:routepoint_id>
				</extensions>
			</trkpt>
			<trkpt lat="46.8143153908" lon="8.5032272894">
				<ele>1630.2</ele>
				<extensions>
					<swisstopo:routepoint_id>960858156</swisstopo:routepoint_id>
				</extensions>
			</trkpt>
			<trkpt lat="46.8142991772" lon="8.5032136153">
				<ele>1630.2</ele>
				<extensions>
					<swisstopo:routepoint_id>1534101834</swisstopo:routepoint_id>
				</extensions>
			</trkpt>
			<trkpt lat="46.8142766364" lon="8.5031831613">
				<ele>1629.5</ele>
				<extensions>
					<swisstopo:routepoint_id>1887428753</swisstopo:routepoint_id>
				</extensions>
			</trkpt>
			<trkpt lat="46.8142521123" lon="8.5031533910">
				<ele>1629.0</ele>
				<extensions>
					<swisstopo:routepoint_id>93131167</swisstopo:routepoint_id>
				</extensions>
			</trkpt>
			<trkpt lat="46.8142068796" lon="8.5031096340">
				<ele>1627.4</ele>
				<extensions>
					<swisstopo:routepoint_id>1487029679</swisstopo:routepoint_id>
				</extensions>
			</trkpt>
			<trkpt lat="46.8141695985" lon="8.5030638972">
				<ele>1625.9</ele>
				<extensions>
					<swisstopo:routepoint_id>145622116</swisstopo:routepoint_id>
				</extensions>
			</trkpt>
			<trkpt lat="46.8141608517" lon="8.5030437037">
				<ele>1625.4</ele>
				<extensions>
					<swisstopo:routepoint_id>1456622788</swisstopo:routepoint_id>
				</extensions>
			</trkpt>
			<trkpt lat="46.8141545620" lon="8.5030257023">
				<ele>1624.9</ele>
				<extensions>
					<swisstopo:routepoint_id>454703602</swisstopo:routepoint_id>
				</extensions>
			</trkpt>
			<trkpt lat="46.8141437235" lon="8.5030169207">
				<ele>1624.5</ele>
				<extensions>
					<swisstopo:routepoint_id>508564266</swisstopo:routepoint_id>
				</extensions>
			</trkpt>
			<trkpt lat="46.8141174995" lon="8.5030121538">
				<ele>1623.5</ele>
				<extensions>
					<swisstopo:routepoint_id>735237072</swisstopo:routepoint_id>
				</extensions>
			</trkpt>
			<trkpt lat="46.8141066498" lon="8.5030055216">
				<ele>1623.2</ele>
				<extensions>
					<swisstopo:routepoint_id>1661478259</swisstopo:routepoint_id>
				</extensions>
			</trkpt>
			<trkpt lat="46.8140983705" lon="8.5029889142">
				<ele>1622.9</ele>
				<extensions>
					<swisstopo:routepoint_id>1336350655</swisstopo:routepoint_id>
				</extensions>
			</trkpt>
			<trkpt lat="46.8140902266" lon="8.5029558592">
				<ele>1622.5</ele>
				<extensions>
					<swisstopo:routepoint_id>1579228104</swisstopo:routepoint_id>
				</extensions>
			</trkpt>
			<trkpt lat="46.8140864029" lon="8.5029400436">
				<ele>1622.2</ele>
				<extensions>
					<swisstopo:routepoint_id>1591381006</swisstopo:routepoint_id>
				</extensions>
			</trkpt>
			<trkpt lat="46.8140760516" lon="8.5029327113">
				<ele>1621.7</ele>
				<extensions>
					<swisstopo:routepoint_id>681892314</swisstopo:routepoint_id>
				</extensions>
			</trkpt>
			<trkpt lat="46.8140443907" lon="8.5029249705">
				<ele>1620.2</ele>
				<extensions>
					<swisstopo:routepoint_id>867875934</swisstopo:routepoint_id>
				</extensions>
			</trkpt>
			<trkpt lat="46.8140216322" lon="8.5029188325">
				<ele>1619.6</ele>
				<extensions>
					<swisstopo:routepoint_id>1226929604</swisstopo:routepoint_id>
				</extensions>
			</trkpt>
			<trkpt lat="46.8140073415" lon="8.5029099954">
				<ele>1619.1</ele>
				<extensions>
					<swisstopo:routepoint_id>2007389482</swisstopo:routepoint_id>
				</extensions>
			</trkpt>
			<trkpt lat="46.8139882038" lon="8.5028867494">
				<ele>1618.6</ele>
				<extensions>
					<swisstopo:routepoint_id>2114509834</swisstopo:routepoint_id>
				</extensions>
			</trkpt>
			<trkpt lat="46.8139743716" lon="8.5028814981">
				<ele>1618.2</ele>
				<extensions>
					<swisstopo:routepoint_id>35518979</swisstopo:routepoint_id>
				</extensions>
			</trkpt>
			<trkpt lat="46.8139615122" lon="8.5028784031">
				<ele>1617.7</ele>
				<extensions>
					<swisstopo:routepoint_id>81521395</swisstopo:routepoint_id>
				</extensions>
			</trkpt>
			<trkpt lat="46.8139417958" lon="8.5028644488">
				<ele>1617.4</ele>
				<extensions>
					<swisstopo:routepoint_id>435072490</swisstopo:routepoint_id>
				</extensions>
			</trkpt>
			<trkpt lat="46.8139240068" lon="8.5028576925">
				<ele>1617.0</ele>
				<extensions>
					<swisstopo:routepoint_id>1907934842</swisstopo:routepoint_id>
				</extensions>
			</trkpt>
			<trkpt lat="46.8139014169" lon="8.5028343783">
				<ele>1616.3</ele>
				<extensions>
					<swisstopo:routepoint_id>888903682</swisstopo:routepoint_id>
				</extensions>
			</trkpt>
			<trkpt lat="46.8138851237" lon="8.5028254953">
				<ele>1615.7</ele>
				<extensions>
					<swisstopo:routepoint_id>1660720763</swisstopo:routepoint_id>
				</extensions>
			</trkpt>
			<trkpt lat="46.8138682759" lon="8.5028251944">
				<ele>1615.1</ele>
				<extensions>
					<swisstopo:routepoint_id>1022156388</swisstopo:routepoint_id>
				</extensions>
			</trkpt>
			<trkpt lat="46.8138459004" lon="8.5028326476">
				<ele>1613.7</ele>
				<extensions>
					<swisstopo:routepoint_id>1574098483</swisstopo:routepoint_id>
				</extensions>
			</trkpt>
			<trkpt lat="46.8138270542" lon="8.5028337468">
				<ele>1612.9</ele>
				<extensions>
					<swisstopo:routepoint_id>1429492096</swisstopo:routepoint_id>
				</extensions>
			</trkpt>
			<trkpt lat="46.8138107431" lon="8.5028277234">
				<ele>1612.1</ele>
				<extensions>
					<swisstopo:routepoint_id>89909591</swisstopo:routepoint_id>
				</extensions>
			</trkpt>
			<trkpt lat="46.8137882754" lon="8.5027893948">
				<ele>1611.2</ele>
				<extensions>
					<swisstopo:routepoint_id>902211694</swisstopo:routepoint_id>
				</extensions>
			</trkpt>
			<trkpt lat="46.8137736262" lon="8.5027633840">
				<ele>1610.8</ele>
				<extensions>
					<swisstopo:routepoint_id>1600284846</swisstopo:routepoint_id>
				</extensions>
			</trkpt>
			<trkpt lat="46.8137539897" lon="8.5027408513">
				<ele>1610.4</ele>
				<extensions>
					<swisstopo:routepoint_id>1137915283</swisstopo:routepoint_id>
				</extensions>
			</trkpt>
			<trkpt lat="46.8137263702" lon="8.5027246040">
				<ele>1609.9</ele>
				<extensions>
					<swisstopo:routepoint_id>1314725838</swisstopo:routepoint_id>
				</extensions>
			</trkpt>
			<trkpt lat="46.8136987194" lon="8.5027126622">
				<ele>1609.6</ele>
				<extensions>
					<swisstopo:routepoint_id>849003158</swisstopo:routepoint_id>
				</extensions>
			</trkpt>
			<trkpt lat="46.8136798448" lon="8.5027158914">
				<ele>1609.2</ele>
				<extensions>
					<swisstopo:routepoint_id>2125684950</swisstopo:routepoint_id>
				</extensions>
			</trkpt>
			<trkpt lat="46.8136564187" lon="8.5027304836">
				<ele>1608.6</ele>
				<extensions>
					<swisstopo:routepoint_id>431616467</swisstopo:routepoint_id>
				</extensions>
			</trkpt>
			<trkpt lat="46.8136186667" lon="8.5027390918">
				<ele>1607.1</ele>
				<extensions>
					<swisstopo:routepoint_id>960368817</swisstopo:routepoint_id>
				</extensions>
			</trkpt>
			<trkpt lat="46.8135655582" lon="8.5027467057">
				<ele>1605.7</ele>
				<extensions>
					<swisstopo:routepoint_id>1428177848</swisstopo:routepoint_id>
				</extensions>
			</trkpt>
			<trkpt lat="46.8135284224" lon="8.5027410194">
				<ele>1604.9</ele>
				<extensions>
					<swisstopo:routepoint_id>1242551268</swisstopo:routepoint_id>
				</extensions>
			</trkpt>
			<trkpt lat="46.8135111030" lon="8.5027385656">
				<ele>1604.5</ele>
				<extensions>
					<swisstopo:routepoint_id>806833718</swisstopo:routepoint_id>
				</extensions>
			</trkpt>
			<trkpt lat="46.8134941733" lon="8.5027461201">
				<ele>1603.8</ele>
				<extensions>
					<swisstopo:routepoint_id>463609062</swisstopo:routepoint_id>
				</extensions>
			</trkpt>
			<trkpt lat="46.8134718955" lon="8.5027421416">
				<ele>1603.2</ele>
				<extensions>
					<swisstopo:routepoint_id>773694121</swisstopo:routepoint_id>
				</extensions>
			</trkpt>
			<trkpt lat="46.8134326923" lon="8.5027471445">
				<ele>1602.2</ele>
				<extensions>
					<swisstopo:routepoint_id>1518246825</swisstopo:routepoint_id>
				</extensions>
			</trkpt>
			<trkpt lat="46.8134069713" lon="8.5027402442">
				<ele>1601.4</ele>
				<extensions>
					<swisstopo:routepoint_id>1354613696</swisstopo:routepoint_id>
				</extensions>
			</trkpt>
			<trkpt lat="46.8133846910" lon="8.5027384027">
				<ele>1600.7</ele>
				<extensions>
					<swisstopo:routepoint_id>1303878012</swisstopo:routepoint_id>
				</extensions>
			</trkpt>
			<trkpt lat="46.8133539427" lon="8.5027392731">
				<ele>1599.7</ele>
				<extensions>
					<swisstopo:routepoint_id>64091937</swisstopo:routepoint_id>
				</extensions>
			</trkpt>
			<trkpt lat="46.8133228003" lon="8.5027286890">
				<ele>1598.9</ele>
				<extensions>
					<swisstopo:routepoint_id>1197621724</swisstopo:routepoint_id>
				</extensions>
			</trkpt>
			<trkpt lat="46.8132981120" lon="8.5027175032">
				<ele>1598.2</ele>
				<extensions>
					<swisstopo:routepoint_id>1162168227</swisstopo:routepoint_id>
				</extensions>
			</trkpt>
			<trkpt lat="46.8132788451" lon="8.5027100076">
				<ele>1597.4</ele>
				<extensions>
					<swisstopo:routepoint_id>2145380651</swisstopo:routepoint_id>
				</extensions>
			</trkpt>
			<trkpt lat="46.8132669317" lon="8.5027119347">
				<ele>1596.9</ele>
				<extensions>
					<swisstopo:routepoint_id>1466835852</swisstopo:routepoint_id>
				</extensions>
			</trkpt>
			<trkpt lat="46.8132554102" lon="8.5027245996">
				<ele>1596.3</ele>
				<extensions>
					<swisstopo:routepoint_id>1399970112</swisstopo:routepoint_id>
				</extensions>
			</trkpt>
			<trkpt lat="46.8132517384" lon="8.5027481430">
				<ele>1595.8</ele>
				<extensions>
					<swisstopo:routepoint_id>708202198</swisstopo:routepoint_id>
				</extensions>
			</trkpt>
			<trkpt lat="46.8132568535" lon="8.5027875678">
				<ele>1594.8</ele>
				<extensions>
					<swisstopo:routepoint_id>791085825</swisstopo:routepoint_id>
				</extensions>
			</trkpt>
			<trkpt lat="46.8132692819" lon="8.5028407398">
				<ele>1593.5</ele>
				<extensions>
					<swisstopo:routepoint_id>1243535547</swisstopo:routepoint_id>
				</extensions>
			</trkpt>
			<trkpt lat="46.8132792378" lon="8.5028924171">
				<ele>1592.4</ele>
				<extensions>
					<swisstopo:routepoint_id>2005090553</swisstopo:routepoint_id>
				</extensions>
			</trkpt>
			<trkpt lat="46.8132833155" lon="8.5029375671">
				<ele>1591.4</ele>
				<extensions>
					<swisstopo:routepoint_id>970939837</swisstopo:routepoint_id>
				</extensions>
			</trkpt>
			<trkpt lat="46.8132909587" lon="8.5029706053">
				<ele>1590.7</ele>
				<extensions>
					<swisstopo:routepoint_id>1091240631</swisstopo:routepoint_id>
				</extensions>
			</trkpt>
			<trkpt lat="46.8133071122" lon="8.5029945086">
				<ele>1590.2</ele>
				<extensions>
					<swisstopo:routepoint_id>621936940</swisstopo:routepoint_id>
				</extensions>
			</trkpt>
			<trkpt lat="46.8133248612" lon="8.5030055574">
				<ele>1590.1</ele>
				<extensions>
					<swisstopo:routepoint_id>1553375417</swisstopo:routepoint_id>
				</extensions>
			</trkpt>
			<trkpt lat="46.8133291745" lon="8.5030235258">
				<ele>1589.6</ele>
				<extensions>
					<swisstopo:routepoint_id>1552919744</swisstopo:routepoint_id>
				</extensions>
			</trkpt>
			<trkpt lat="46.8133270628" lon="8.5030370740">
				<ele>1589.1</ele>
				<extensions>
					<swisstopo:routepoint_id>1631755762</swisstopo:routepoint_id>
				</extensions>
			</trkpt>
			<trkpt lat="46.8133130154" lon="8.5030568420">
				<ele>1588.4</ele>
				<extensions>
					<swisstopo:routepoint_id>1076969354</swisstopo:routepoint_id>
				</extensions>
			</trkpt>
			<trkpt lat="46.8132866781" lon="8.5030642361">
				<ele>1587.3</ele>
				<extensions>
					<swisstopo:routepoint_id>968840244</swisstopo:routepoint_id>
				</extensions>
			</trkpt>
			<trkpt lat="46.8132528742" lon="8.5030743552">
				<ele>1586.0</ele>
				<extensions>
					<swisstopo:routepoint_id>1846891026</swisstopo:routepoint_id>
				</extensions>
			</trkpt>
			<trkpt lat="46.8132296126" lon="8.5030703443">
				<ele>1585.1</ele>
				<extensions>
					<swisstopo:routepoint_id>552728843</swisstopo:routepoint_id>
				</extensions>
			</trkpt>
			<trkpt lat="46.8132076577" lon="8.5030864051">
				<ele>1584.1</ele>
				<extensions>
					<swisstopo:routepoint_id>1685744302</swisstopo:routepoint_id>
				</extensions>
			</trkpt>
			<trkpt lat="46.8131535055" lon="8.5031004343">
				<ele>1581.7</ele>
				<extensions>
					<swisstopo:routepoint_id>885951679</swisstopo:routepoint_id>
				</extensions>
			</trkpt>
			<trkpt lat="46.8131027674" lon="8.5031195408">
				<ele>1579.7</ele>
				<extensions>
					<swisstopo:routepoint_id>1689980643</swisstopo:routepoint_id>
				</extensions>
			</trkpt>
			<trkpt lat="46.8130681109" lon="8.5031146138">
				<ele>1578.6</ele>
				<extensions>
					<swisstopo:routepoint_id>1796846851</swisstopo:routepoint_id>
				</extensions>
			</trkpt>
			<trkpt lat="46.8130229987" lon="8.5031145088">
				<ele>1577.7</ele>
				<extensions>
					<swisstopo:routepoint_id>650089020</swisstopo:routepoint_id>
				</extensions>
			</trkpt>
			<trkpt lat="46.8129690754" lon="8.5031020794">
				<ele>1576.6</ele>
				<extensions>
					<swisstopo:routepoint_id>915022341</swisstopo:routepoint_id>
				</extensions>
			</trkpt>
			<trkpt lat="46.8129316233" lon="8.5030756438">
				<ele>1576.0</ele>
				<extensions>
					<swisstopo:routepoint_id>1329789810</swisstopo:routepoint_id>
				</extensions>
			</trkpt>
			<trkpt lat="46.8129006121" lon="8.5030500393">
				<ele>1575.4</ele>
				<extensions>
					<swisstopo:routepoint_id>748829890</swisstopo:routepoint_id>
				</extensions>
			</trkpt>
			<trkpt lat="46.8128789280" lon="8.5030360528">
				<ele>1575.0</ele>
				<extensions>
					<swisstopo:routepoint_id>587162265</swisstopo:routepoint_id>
				</extensions>
			</trkpt>
			<trkpt lat="46.8128650294" lon="8.5030379534">
				<ele>1574.7</ele>
				<extensions>
					<swisstopo:routepoint_id>1002159898</swisstopo:routepoint_id>
				</extensions>
			</trkpt>
			<trkpt lat="46.8128500783" lon="8.5030462507">
				<ele>1574.3</ele>
				<extensions>
					<swisstopo:routepoint_id>1837437794</swisstopo:routepoint_id>
				</extensions>
			</trkpt>
			<trkpt lat="46.8128317197" lon="8.5030487861">
				<ele>1574.0</ele>
				<extensions>
					<swisstopo:routepoint_id>457665043</swisstopo:routepoint_id>
				</extensions>
			</trkpt>
			<trkpt lat="46.8128090276" lon="8.5030354964">
				<ele>1573.8</ele>
				<extensions>
					<swisstopo:routepoint_id>1800990044</swisstopo:routepoint_id>
				</extensions>
			</trkpt>
			<trkpt lat="46.8127896564" lon="8.5030401424">
				<ele>1573.4</ele>
				<extensions>
					<swisstopo:routepoint_id>320306718</swisstopo:routepoint_id>
				</extensions>
			</trkpt>
			<trkpt lat="46.8127712178" lon="8.5030512563">
				<ele>1572.9</ele>
				<extensions>
					<swisstopo:routepoint_id>1750767016</swisstopo:routepoint_id>
				</extensions>
			</trkpt>
			<trkpt lat="46.8127508672" lon="8.5030544561">
				<ele>1572.5</ele>
				<extensions>
					<swisstopo:routepoint_id>1998476528</swisstopo:routepoint_id>
				</extensions>
			</trkpt>
			<trkpt lat="46.8127314273" lon="8.5030655502">
				<ele>1572.2</ele>
				<extensions>
					<swisstopo:routepoint_id>1157616043</swisstopo:routepoint_id>
				</extensions>
			</trkpt>
			<trkpt lat="46.8126943670" lon="8.5030527122">
				<ele>1572.0</ele>
				<extensions>
					<swisstopo:routepoint_id>584631124</swisstopo:routepoint_id>
				</extensions>
			</trkpt>
			<trkpt lat="46.8126415317" lon="8.5030281479">
				<ele>1571.5</ele>
				<extensions>
					<swisstopo:routepoint_id>1737877653</swisstopo:routepoint_id>
				</extensions>
			</trkpt>
			<trkpt lat="46.8126069330" lon="8.5030160624">
				<ele>1570.5</ele>
				<extensions>
					<swisstopo:routepoint_id>1427457470</swisstopo:routepoint_id>
				</extensions>
			</trkpt>
			<trkpt lat="46.8125875730" lon="8.5030185781">
				<ele>1569.7</ele>
				<extensions>
					<swisstopo:routepoint_id>658627844</swisstopo:routepoint_id>
				</extensions>
			</trkpt>
			<trkpt lat="46.8125596402" lon="8.5030388072">
				<ele>1568.8</ele>
				<extensions>
					<swisstopo:routepoint_id>860463706</swisstopo:routepoint_id>
				</extensions>
			</trkpt>
			<trkpt lat="46.8125306882" lon="8.5030618825">
				<ele>1567.6</ele>
				<extensions>
					<swisstopo:routepoint_id>97925444</swisstopo:routepoint_id>
				</extensions>
			</trkpt>
			<trkpt lat="46.8124989095" lon="8.5030677420">
				<ele>1566.7</ele>
				<extensions>
					<swisstopo:routepoint_id>1173346835</swisstopo:routepoint_id>
				</extensions>
			</trkpt>
			<trkpt lat="46.8124606721" lon="8.5030756364">
				<ele>1565.3</ele>
				<extensions>
					<swisstopo:routepoint_id>412010509</swisstopo:routepoint_id>
				</extensions>
			</trkpt>
			<trkpt lat="46.8124277698" lon="8.5030964902">
				<ele>1564.4</ele>
				<extensions>
					<swisstopo:routepoint_id>1209142010</swisstopo:routepoint_id>
				</extensions>
			</trkpt>
			<trkpt lat="46.8123845829" lon="8.5031028535">
				<ele>1563.4</ele>
				<extensions>
					<swisstopo:routepoint_id>1925869142</swisstopo:routepoint_id>
				</extensions>
			</trkpt>
			<trkpt lat="46.8123423817" lon="8.5031099593">
				<ele>1562.1</ele>
				<extensions>
					<swisstopo:routepoint_id>719988620</swisstopo:routepoint_id>
				</extensions>
			</trkpt>
			<trkpt lat="46.8123216106" lon="8.5031045710">
				<ele>1561.5</ele>
				<extensions>
					<swisstopo:routepoint_id>116188649</swisstopo:routepoint_id>
				</extensions>
			</trkpt>
			<trkpt lat="46.8123058578" lon="8.5030914056">
				<ele>1561.2</ele>
				<extensions>
					<swisstopo:routepoint_id>1976274514</swisstopo:routepoint_id>
				</extensions>
			</trkpt>
			<trkpt lat="46.8122936414" lon="8.5030711571">
				<ele>1561.0</ele>
				<extensions>
					<swisstopo:routepoint_id>366315488</swisstopo:routepoint_id>
				</extensions>
			</trkpt>
			<trkpt lat="46.8122823199" lon="8.5030623598">
				<ele>1560.7</ele>
				<extensions>
					<swisstopo:routepoint_id>67102709</swisstopo:routepoint_id>
				</extensions>
			</trkpt>
			<trkpt lat="46.8122516116" lon="8.5030589375">
				<ele>1559.9</ele>
				<extensions>
					<swisstopo:routepoint_id>1425441463</swisstopo:routepoint_id>
				</extensions>
			</trkpt>
			<trkpt lat="46.8122258906" lon="8.5030520309">
				<ele>1559.2</ele>
				<extensions>
					<swisstopo:routepoint_id>727497462</swisstopo:routepoint_id>
				</extensions>
			</trkpt>
			<trkpt lat="46.8121832955" lon="8.5030476827">
				<ele>1557.6</ele>
				<extensions>
					<swisstopo:routepoint_id>264022652</swisstopo:routepoint_id>
				</extensions>
			</trkpt>
			<trkpt lat="46.8121555249" lon="8.5030486116">
				<ele>1556.6</ele>
				<extensions>
					<swisstopo:routepoint_id>87029237</swisstopo:routepoint_id>
				</extensions>
			</trkpt>
			<trkpt lat="46.8121333202" lon="8.5030367585">
				<ele>1555.7</ele>
				<extensions>
					<swisstopo:routepoint_id>863879572</swisstopo:routepoint_id>
				</extensions>
			</trkpt>
			<trkpt lat="46.8121049447" lon="8.5030498255">
				<ele>1554.2</ele>
				<extensions>
					<swisstopo:routepoint_id>1172242450</swisstopo:routepoint_id>
				</extensions>
			</trkpt>
			<trkpt lat="46.8120845875" lon="8.5030537482">
				<ele>1553.7</ele>
				<extensions>
					<swisstopo:routepoint_id>147519984</swisstopo:routepoint_id>
				</extensions>
			</trkpt>
			<trkpt lat="46.8120310760" lon="8.5030499136">
				<ele>1552.5</ele>
				<extensions>
					<swisstopo:routepoint_id>968273850</swisstopo:routepoint_id>
				</extensions>
			</trkpt>
			<trkpt lat="46.8119945387" lon="8.5030327993">
				<ele>1551.4</ele>
				<extensions>
					<swisstopo:routepoint_id>441258363</swisstopo:routepoint_id>
				</extensions>
			</trkpt>
			<trkpt lat="46.8119588518" lon="8.5030328488">
				<ele>1550.2</ele>
				<extensions>
					<swisstopo:routepoint_id>1873819774</swisstopo:routepoint_id>
				</extensions>
			</trkpt>
			<trkpt lat="46.8119137863" lon="8.5030277416">
				<ele>1549.1</ele>
				<extensions>
					<swisstopo:routepoint_id>2141206479</swisstopo:routepoint_id>
				</extensions>
			</trkpt>
			<trkpt lat="46.8118652356" lon="8.5030232821">
				<ele>1547.9</ele>
				<extensions>
					<swisstopo:routepoint_id>173771136</swisstopo:routepoint_id>
				</extensions>
			</trkpt>
			<trkpt lat="46.8118350992" lon="8.5030112850">
				<ele>1547.8</ele>
				<extensions>
					<swisstopo:routepoint_id>1178845594</swisstopo:routepoint_id>
				</extensions>
			</trkpt>
			<trkpt lat="46.8118159234" lon="8.5029930489">
				<ele>1547.7</ele>
				<extensions>
					<swisstopo:routepoint_id>1028260829</swisstopo:routepoint_id>
				</extensions>
			</trkpt>
			<trkpt lat="46.8118027344" lon="8.5029706443">
				<ele>1547.6</ele>
				<extensions>
					<swisstopo:routepoint_id>2116112628</swisstopo:routepoint_id>
				</extensions>
			</trkpt>
			<trkpt lat="46.8117834097" lon="8.5029702879">
				<ele>1547.1</ele>
				<extensions>
					<swisstopo:routepoint_id>1246042075</swisstopo:routepoint_id>
				</extensions>
			</trkpt>
			<trkpt lat="46.8117694624" lon="8.5029764743">
				<ele>1546.7</ele>
				<extensions>
					<swisstopo:routepoint_id>1616532496</swisstopo:routepoint_id>
				</extensions>
			</trkpt>
			<trkpt lat="46.8117475163" lon="8.5029925219">
				<ele>1545.5</ele>
				<extensions>
					<swisstopo:routepoint_id>477073421</swisstopo:routepoint_id>
				</extensions>
			</trkpt>
			<trkpt lat="46.8117093322" lon="8.5029946911">
				<ele>1544.8</ele>
				<extensions>
					<swisstopo:routepoint_id>1927614409</swisstopo:routepoint_id>
				</extensions>
			</trkpt>
			<trkpt lat="46.8116734901" lon="8.5030104768">
				<ele>1543.7</ele>
				<extensions>
					<swisstopo:routepoint_id>102972092</swisstopo:routepoint_id>
				</extensions>
			</trkpt>
			<trkpt lat="46.8116385933" lon="8.5030341764">
				<ele>1542.6</ele>
				<extensions>
					<swisstopo:routepoint_id>1639591428</swisstopo:routepoint_id>
				</extensions>
			</trkpt>
			<trkpt lat="46.8116136229" lon="8.5030551675">
				<ele>1542.2</ele>
				<extensions>
					<swisstopo:routepoint_id>1988503606</swisstopo:routepoint_id>
				</extensions>
			</trkpt>
			<trkpt lat="46.8115981221" lon="8.5030706259">
				<ele>1541.9</ele>
				<extensions>
					<swisstopo:routepoint_id>739158322</swisstopo:routepoint_id>
				</extensions>
			</trkpt>
			<trkpt lat="46.8115698176" lon="8.5030751080">
				<ele>1541.2</ele>
				<extensions>
					<swisstopo:routepoint_id>1786185105</swisstopo:routepoint_id>
				</extensions>
			</trkpt>
			<trkpt lat="46.8115603301" lon="8.5030835323">
				<ele>1540.8</ele>
				<extensions>
					<swisstopo:routepoint_id>1083494974</swisstopo:routepoint_id>
				</extensions>
			</trkpt>
			<trkpt lat="46.8115435136" lon="8.5030789259">
				<ele>1540.3</ele>
				<extensions>
					<swisstopo:routepoint_id>1774322688</swisstopo:routepoint_id>
				</extensions>
			</trkpt>
			<trkpt lat="46.8115052200" lon="8.5030353083">
				<ele>1539.5</ele>
				<extensions>
					<swisstopo:routepoint_id>95168808</swisstopo:routepoint_id>
				</extensions>
			</trkpt>
			<trkpt lat="46.8114925383" lon="8.5030121974">
				<ele>1539.2</ele>
				<extensions>
					<swisstopo:routepoint_id>1636779954</swisstopo:routepoint_id>
				</extensions>
			</trkpt>
			<trkpt lat="46.8114555338" lon="8.5029914784">
				<ele>1538.0</ele>
				<extensions>
					<swisstopo:routepoint_id>1707785787</swisstopo:routepoint_id>
				</extensions>
			</trkpt>
			<trkpt lat="46.8114412920" lon="8.5029754897">
				<ele>1537.6</ele>
				<extensions>
					<swisstopo:routepoint_id>1957842103</swisstopo:routepoint_id>
				</extensions>
			</trkpt>
			<trkpt lat="46.8114212815" lon="8.5029393610">
				<ele>1537.2</ele>
				<extensions>
					<swisstopo:routepoint_id>317632814</swisstopo:routepoint_id>
				</extensions>
			</trkpt>
			<trkpt lat="46.8114015427" lon="8.5029296938">
				<ele>1536.3</ele>
				<extensions>
					<swisstopo:routepoint_id>1962103678</swisstopo:routepoint_id>
				</extensions>
			</trkpt>
			<trkpt lat="46.8113791449" lon="8.5029385921">
				<ele>1535.4</ele>
				<extensions>
					<swisstopo:routepoint_id>1022940959</swisstopo:routepoint_id>
				</extensions>
			</trkpt>
			<trkpt lat="46.8113571989" lon="8.5029546461">
				<ele>1534.7</ele>
				<extensions>
					<swisstopo:routepoint_id>1203300794</swisstopo:routepoint_id>
				</extensions>
			</trkpt>
			<trkpt lat="46.8113413550" lon="8.5029522088">
				<ele>1534.1</ele>
				<extensions>
					<swisstopo:routepoint_id>1743792029</swisstopo:routepoint_id>
				</extensions>
			</trkpt>
			<trkpt lat="46.8113178083" lon="8.5029231633">
				<ele>1533.4</ele>
				<extensions>
					<swisstopo:routepoint_id>385595404</swisstopo:routepoint_id>
				</extensions>
			</trkpt>
			<trkpt lat="46.8113110599" lon="8.5029015838">
				<ele>1533.3</ele>
				<extensions>
					<swisstopo:routepoint_id>346416003</swisstopo:routepoint_id>
				</extensions>
			</trkpt>
			<trkpt lat="46.8112919041" lon="8.5028812049">
				<ele>1532.8</ele>
				<extensions>
					<swisstopo:routepoint_id>2142648878</swisstopo:routepoint_id>
				</extensions>
			</trkpt>
			<trkpt lat="46.8112597691" lon="8.5028706016">
				<ele>1532.0</ele>
				<extensions>
					<swisstopo:routepoint_id>1315041165</swisstopo:routepoint_id>
				</extensions>
			</trkpt>
			<trkpt lat="46.8112273331" lon="8.5028385398">
				<ele>1531.3</ele>
				<extensions>
					<swisstopo:routepoint_id>986998199</swisstopo:routepoint_id>
				</extensions>
			</trkpt>
			<trkpt lat="46.8112112176" lon="8.5028096285">
				<ele>1530.8</ele>
				<extensions>
					<swisstopo:routepoint_id>1689858882</swisstopo:routepoint_id>
				</extensions>
			</trkpt>
			<trkpt lat="46.8111910579" lon="8.5027913861">
				<ele>1530.2</ele>
				<extensions>
					<swisstopo:routepoint_id>897451509</swisstopo:routepoint_id>
				</extensions>
			</trkpt>
			<trkpt lat="46.8111743461" lon="8.5027746193">
				<ele>1529.9</ele>
				<extensions>
					<swisstopo:routepoint_id>473708534</swisstopo:routepoint_id>
				</extensions>
			</trkpt>
			<trkpt lat="46.8111259197" lon="8.5027558566">
				<ele>1528.3</ele>
				<extensions>
					<swisstopo:routepoint_id>358048604</swisstopo:routepoint_id>
				</extensions>
			</trkpt>
			<trkpt lat="46.8111050129" lon="8.5027669214">
				<ele>1527.4</ele>
				<extensions>
					<swisstopo:routepoint_id>1960061712</swisstopo:routepoint_id>
				</extensions>
			</trkpt>
			<trkpt lat="46.8110747631" lon="8.5027670850">
				<ele>1526.5</ele>
				<extensions>
					<swisstopo:routepoint_id>786304929</swisstopo:routepoint_id>
				</extensions>
			</trkpt>
			<trkpt lat="46.8110500747" lon="8.5027559060">
				<ele>1525.8</ele>
				<extensions>
					<swisstopo:routepoint_id>2104087554</swisstopo:routepoint_id>
				</extensions>
			</trkpt>
			<trkpt lat="46.8110177508" lon="8.5027674809">
				<ele>1525.0</ele>
				<extensions>
					<swisstopo:routepoint_id>741337343</swisstopo:routepoint_id>
				</extensions>
			</trkpt>
			<trkpt lat="46.8109923908" lon="8.5027755979">
				<ele>1524.6</ele>
				<extensions>
					<swisstopo:routepoint_id>1263209655</swisstopo:routepoint_id>
				</extensions>
			</trkpt>
			<trkpt lat="46.8109716261" lon="8.5027694997">
				<ele>1524.3</ele>
				<extensions>
					<swisstopo:routepoint_id>406904929</swisstopo:routepoint_id>
				</extensions>
			</trkpt>
			<trkpt lat="46.8109445185" lon="8.5027511200">
				<ele>1524.0</ele>
				<extensions>
					<swisstopo:routepoint_id>815217027</swisstopo:routepoint_id>
				</extensions>
			</trkpt>
			<trkpt lat="46.8109203818" lon="8.5027335155">
				<ele>1523.7</ele>
				<extensions>
					<swisstopo:routepoint_id>3370607</swisstopo:routepoint_id>
				</extensions>
			</trkpt>
			<trkpt lat="46.8108921906" lon="8.5027258439">
				<ele>1522.9</ele>
				<extensions>
					<swisstopo:routepoint_id>418329555</swisstopo:routepoint_id>
				</extensions>
			</trkpt>
			<trkpt lat="46.8108693164" lon="8.5027340163">
				<ele>1522.2</ele>
				<extensions>
					<swisstopo:routepoint_id>1159183077</swisstopo:routepoint_id>
				</extensions>
			</trkpt>
			<trkpt lat="46.8108307028" lon="8.5027275910">
				<ele>1521.1</ele>
				<extensions>
					<swisstopo:routepoint_id>282319900</swisstopo:routepoint_id>
				</extensions>
			</trkpt>
			<trkpt lat="46.8108058256" lon="8.5027385773">
				<ele>1520.4</ele>
				<extensions>
					<swisstopo:routepoint_id>1340485111</swisstopo:routepoint_id>
				</extensions>
			</trkpt>
			<trkpt lat="46.8107701631" lon="8.5027350703">
				<ele>1519.1</ele>
				<extensions>
					<swisstopo:routepoint_id>1014343171</swisstopo:routepoint_id>
				</extensions>
			</trkpt>
			<trkpt lat="46.8107315341" lon="8.5027293548">
				<ele>1518.3</ele>
				<extensions>
					<swisstopo:routepoint_id>1381671626</swisstopo:routepoint_id>
				</extensions>
			</trkpt>
			<trkpt lat="46.8107037768" lon="8.5027288447">
				<ele>1517.4</ele>
				<extensions>
					<swisstopo:routepoint_id>507341688</swisstopo:routepoint_id>
				</extensions>
			</trkpt>
			<trkpt lat="46.8106618800" lon="8.5027023353">
				<ele>1516.5</ele>
				<extensions>
					<swisstopo:routepoint_id>1346120519</swisstopo:routepoint_id>
				</extensions>
			</trkpt>
			<trkpt lat="46.8106248242" lon="8.5026880650">
				<ele>1515.8</ele>
				<extensions>
					<swisstopo:routepoint_id>584770113</swisstopo:routepoint_id>
				</extensions>
			</trkpt>
			<trkpt lat="46.8105867868" lon="8.5026716447">
				<ele>1515.3</ele>
				<extensions>
					<swisstopo:routepoint_id>416319777</swisstopo:routepoint_id>
				</extensions>
			</trkpt>
			<trkpt lat="46.8105681961" lon="8.5026434080">
				<ele>1514.5</ele>
				<extensions>
					<swisstopo:routepoint_id>1472354994</swisstopo:routepoint_id>
				</extensions>
			</trkpt>
			<trkpt lat="46.8105361409" lon="8.5026242205">
				<ele>1513.8</ele>
				<extensions>
					<swisstopo:routepoint_id>20020218</swisstopo:routepoint_id>
				</extensions>
			</trkpt>
			<trkpt lat="46.8105040525" lon="8.5026086088">
				<ele>1512.6</ele>
				<extensions>
					<swisstopo:routepoint_id>1283354898</swisstopo:routepoint_id>
				</extensions>
			</trkpt>
			<trkpt lat="46.8104832281" lon="8.5026089395">
				<ele>1512.1</ele>
				<extensions>
					<swisstopo:routepoint_id>1632378589</swisstopo:routepoint_id>
				</extensions>
			</trkpt>
			<trkpt lat="46.8104465929" lon="8.5026032764">
				<ele>1510.9</ele>
				<extensions>
					<swisstopo:routepoint_id>56189546</swisstopo:routepoint_id>
				</extensions>
			</trkpt>
			<trkpt lat="46.8104104764" lon="8.5025947445">
				<ele>1510.1</ele>
				<extensions>
					<swisstopo:routepoint_id>1825498605</swisstopo:routepoint_id>
				</extensions>
			</trkpt>
			<trkpt lat="46.8103861555" lon="8.5025978788">
				<ele>1509.3</ele>
				<extensions>
					<swisstopo:routepoint_id>1405230152</swisstopo:routepoint_id>
				</extensions>
			</trkpt>
			<trkpt lat="46.8103652330" lon="8.5026096661">
				<ele>1508.4</ele>
				<extensions>
					<swisstopo:routepoint_id>319772078</swisstopo:routepoint_id>
				</extensions>
			</trkpt>
			<trkpt lat="46.8103451570" lon="8.5026371899">
				<ele>1507.1</ele>
				<extensions>
					<swisstopo:routepoint_id>1995963695</swisstopo:routepoint_id>
				</extensions>
			</trkpt>
			<trkpt lat="46.8103281982" lon="8.5026497594">
				<ele>1506.5</ele>
				<extensions>
					<swisstopo:routepoint_id>1692602151</swisstopo:routepoint_id>
				</extensions>
			</trkpt>
			<trkpt lat="46.8102965194" lon="8.5026448917">
				<ele>1506.0</ele>
				<extensions>
					<swisstopo:routepoint_id>267274404</swisstopo:routepoint_id>
				</extensions>
			</trkpt>
			<trkpt lat="46.8102733290" lon="8.5026322966">
				<ele>1505.3</ele>
				<extensions>
					<swisstopo:routepoint_id>1506461562</swisstopo:routepoint_id>
				</extensions>
			</trkpt>
			<trkpt lat="46.8102497931" lon="8.5026011215">
				<ele>1505.1</ele>
				<extensions>
					<swisstopo:routepoint_id>1439582152</swisstopo:routepoint_id>
				</extensions>
			</trkpt>
			<trkpt lat="46.8102386292" lon="8.5025744456">
				<ele>1504.8</ele>
				<extensions>
					<swisstopo:routepoint_id>1404185005</swisstopo:routepoint_id>
				</extensions>
			</trkpt>
			<trkpt lat="46.8102198142" lon="8.5025712395">
				<ele>1504.2</ele>
				<extensions>
					<swisstopo:routepoint_id>1235394543</swisstopo:routepoint_id>
				</extensions>
			</trkpt>
			<trkpt lat="46.8101945229" lon="8.5025729279">
				<ele>1503.2</ele>
				<extensions>
					<swisstopo:routepoint_id>518193704</swisstopo:routepoint_id>
				</extensions>
			</trkpt>
			<trkpt lat="46.8101743145" lon="8.5025589714">
				<ele>1502.5</ele>
				<extensions>
					<swisstopo:routepoint_id>1160083431</swisstopo:routepoint_id>
				</extensions>
			</trkpt>
			<trkpt lat="46.8101387231" lon="8.5025468800">
				<ele>1501.7</ele>
				<extensions>
					<swisstopo:routepoint_id>1706224146</swisstopo:routepoint_id>
				</extensions>
			</trkpt>
			<trkpt lat="46.8101108682" lon="8.5025578074">
				<ele>1500.7</ele>
				<extensions>
					<swisstopo:routepoint_id>360038535</swisstopo:routepoint_id>
				</extensions>
			</trkpt>
			<trkpt lat="46.8100835384" lon="8.5025651816">
				<ele>1499.9</ele>
				<extensions>
					<swisstopo:routepoint_id>96234618</swisstopo:routepoint_id>
				</extensions>
			</trkpt>
			<trkpt lat="46.8100478938" lon="8.5025588023">
				<ele>1499.5</ele>
				<extensions>
					<swisstopo:routepoint_id>2032493521</swisstopo:routepoint_id>
				</extensions>
			</trkpt>
			<trkpt lat="46.8100128030" lon="8.5025467273">
				<ele>1499.0</ele>
				<extensions>
					<swisstopo:routepoint_id>1559720229</swisstopo:routepoint_id>
				</extensions>
			</trkpt>
			<trkpt lat="46.8099643744" lon="8.5025301084">
				<ele>1498.0</ele>
				<extensions>
					<swisstopo:routepoint_id>709744981</swisstopo:routepoint_id>
				</extensions>
			</trkpt>
			<trkpt lat="46.8098962471" lon="8.5024966770">
				<ele>1497.1</ele>
				<extensions>
					<swisstopo:routepoint_id>1461383960</swisstopo:routepoint_id>
				</extensions>
			</trkpt>
			<trkpt lat="46.8098736195" lon="8.5024755136">
				<ele>1497.0</ele>
				<extensions>
					<swisstopo:routepoint_id>1536559305</swisstopo:routepoint_id>
				</extensions>
			</trkpt>
			<trkpt lat="46.8098602549" lon="8.5024738486">
				<ele>1496.5</ele>
				<extensions>
					<swisstopo:routepoint_id>1719918275</swisstopo:routepoint_id>
				</extensions>
			</trkpt>
			<trkpt lat="46.8098428067" lon="8.5024842586">
				<ele>1496.1</ele>
				<extensions>
					<swisstopo:routepoint_id>208755918</swisstopo:routepoint_id>
				</extensions>
			</trkpt>
			<trkpt lat="46.8098190932" lon="8.5024759527">
				<ele>1495.6</ele>
				<extensions>
					<swisstopo:routepoint_id>188733391</swisstopo:routepoint_id>
				</extensions>
			</trkpt>
			<trkpt lat="46.8097915181" lon="8.5024539879">
				<ele>1495.1</ele>
				<extensions>
					<swisstopo:routepoint_id>2016910698</swisstopo:routepoint_id>
				</extensions>
			</trkpt>
			<trkpt lat="46.8097640095" lon="8.5024248780">
				<ele>1494.8</ele>
				<extensions>
					<swisstopo:routepoint_id>1261496726</swisstopo:routepoint_id>
				</extensions>
			</trkpt>
			<trkpt lat="46.8097429084" lon="8.5024001685">
				<ele>1494.4</ele>
				<extensions>
					<swisstopo:routepoint_id>124398351</swisstopo:routepoint_id>
				</extensions>
			</trkpt>
			<trkpt lat="46.8097207348" lon="8.5023840366">
				<ele>1493.9</ele>
				<extensions>
					<swisstopo:routepoint_id>426642012</swisstopo:routepoint_id>
				</extensions>
			</trkpt>
			<trkpt lat="46.8097084650" lon="8.5023695078">
				<ele>1493.6</ele>
				<extensions>
					<swisstopo:routepoint_id>1698641890</swisstopo:routepoint_id>
				</extensions>
			</trkpt>
			<trkpt lat="46.8096758602" lon="8.5023574692">
				<ele>1493.0</ele>
				<extensions>
					<swisstopo:routepoint_id>368471113</swisstopo:routepoint_id>
				</extensions>
			</trkpt>
			<trkpt lat="46.8096602162" lon="8.5023307178">
				<ele>1492.7</ele>
				<extensions>
					<swisstopo:routepoint_id>1489729298</swisstopo:routepoint_id>
				</extensions>
			</trkpt>
			<trkpt lat="46.8096340234" lon="8.5023216529">
				<ele>1491.8</ele>
				<extensions>
					<swisstopo:routepoint_id>363986622</swisstopo:routepoint_id>
				</extensions>
			</trkpt>
			<trkpt lat="46.8096039269" lon="8.5023053645">
				<ele>1491.1</ele>
				<extensions>
					<swisstopo:routepoint_id>1663756087</swisstopo:routepoint_id>
				</extensions>
			</trkpt>
			<trkpt lat="46.8095806651" lon="8.5023013670">
				<ele>1490.6</ele>
				<extensions>
					<swisstopo:routepoint_id>933865309</swisstopo:routepoint_id>
				</extensions>
			</trkpt>
			<trkpt lat="46.8095492527" lon="8.5022650274">
				<ele>1490.0</ele>
				<extensions>
					<swisstopo:routepoint_id>77997197</swisstopo:routepoint_id>
				</extensions>
			</trkpt>
			<trkpt lat="46.8095290199" lon="8.5022546471">
				<ele>1489.7</ele>
				<extensions>
					<swisstopo:routepoint_id>4732248</swisstopo:routepoint_id>
				</extensions>
			</trkpt>
			<trkpt lat="46.8095130895" lon="8.5022615109">
				<ele>1489.3</ele>
				<extensions>
					<swisstopo:routepoint_id>1722254823</swisstopo:routepoint_id>
				</extensions>
			</trkpt>
			<trkpt lat="46.8094971479" lon="8.5022705240">
				<ele>1488.8</ele>
				<extensions>
					<swisstopo:routepoint_id>1954137542</swisstopo:routepoint_id>
				</extensions>
			</trkpt>
			<trkpt lat="46.8094571031" lon="8.5022583449">
				<ele>1488.1</ele>
				<extensions>
					<swisstopo:routepoint_id>1884642735</swisstopo:routepoint_id>
				</extensions>
			</trkpt>
			<trkpt lat="46.8094208933" lon="8.5022598304">
				<ele>1487.4</ele>
				<extensions>
					<swisstopo:routepoint_id>725991506</swisstopo:routepoint_id>
				</extensions>
			</trkpt>
			<trkpt lat="46.8094000709" lon="8.5022608906">
				<ele>1487.1</ele>
				<extensions>
					<swisstopo:routepoint_id>2006848584</swisstopo:routepoint_id>
				</extensions>
			</trkpt>
			<trkpt lat="46.8093579988" lon="8.5022522478">
				<ele>1487.0</ele>
				<extensions>
					<swisstopo:routepoint_id>2094960507</swisstopo:routepoint_id>
				</extensions>
			</trkpt>
			<trkpt lat="46.8093164606" lon="8.5022400393">
				<ele>1486.6</ele>
				<extensions>
					<swisstopo:routepoint_id>1700018885</swisstopo:routepoint_id>
				</extensions>
			</trkpt>
			<trkpt lat="46.8092897049" lon="8.5022395556">
				<ele>1486.2</ele>
				<extensions>
					<swisstopo:routepoint_id>722147326</swisstopo:routepoint_id>
				</extensions>
			</trkpt>
			<trkpt lat="46.8092768744" lon="8.5022314522">
				<ele>1485.9</ele>
				<extensions>
					<swisstopo:routepoint_id>674685298</swisstopo:routepoint_id>
				</extensions>
			</trkpt>
			<trkpt lat="46.8092500208" lon="8.5022424120">
				<ele>1485.5</ele>
				<extensions>
					<swisstopo:routepoint_id>1041135922</swisstopo:routepoint_id>
				</extensions>
			</trkpt>
			<trkpt lat="46.8092104257" lon="8.5022338183">
				<ele>1484.8</ele>
				<extensions>
					<swisstopo:routepoint_id>550892077</swisstopo:routepoint_id>
				</extensions>
			</trkpt>
			<trkpt lat="46.8091733120" lon="8.5022267067">
				<ele>1484.3</ele>
				<extensions>
					<swisstopo:routepoint_id>891633949</swisstopo:routepoint_id>
				</extensions>
			</trkpt>
			<trkpt lat="46.8091237843" lon="8.5022215122">
				<ele>1483.6</ele>
				<extensions>
					<swisstopo:routepoint_id>1417313039</swisstopo:routepoint_id>
				</extensions>
			</trkpt>
			<trkpt lat="46.8090950944" lon="8.5022145477">
				<ele>1483.3</ele>
				<extensions>
					<swisstopo:routepoint_id>1814591098</swisstopo:routepoint_id>
				</extensions>
			</trkpt>
			<trkpt lat="46.8090634977" lon="8.5021989593">
				<ele>1482.9</ele>
				<extensions>
					<swisstopo:routepoint_id>757036218</swisstopo:routepoint_id>
				</extensions>
			</trkpt>
			<trkpt lat="46.8090277375" lon="8.5022068899">
				<ele>1482.4</ele>
				<extensions>
					<swisstopo:routepoint_id>1916642574</swisstopo:routepoint_id>
				</extensions>
			</trkpt>
			<trkpt lat="46.8089588696" lon="8.5022020557">
				<ele>1481.2</ele>
				<extensions>
					<swisstopo:routepoint_id>1499148854</swisstopo:routepoint_id>
				</extensions>
			</trkpt>
			<trkpt lat="46.8089341678" lon="8.5021923039">
				<ele>1480.8</ele>
				<extensions>
					<swisstopo:routepoint_id>1229905947</swisstopo:routepoint_id>
				</extensions>
			</trkpt>
			<trkpt lat="46.8089159758" lon="8.5021741012">
				<ele>1480.5</ele>
				<extensions>
					<swisstopo:routepoint_id>1734721717</swisstopo:routepoint_id>
				</extensions>
			</trkpt>
			<trkpt lat="46.8088949012" lon="8.5021465330">
				<ele>1480.3</ele>
				<extensions>
					<swisstopo:routepoint_id>982040016</swisstopo:routepoint_id>
				</extensions>
			</trkpt>
			<trkpt lat="46.8088617390" lon="8.5020829754">
				<ele>1480.1</ele>
				<extensions>
					<swisstopo:routepoint_id>940213406</swisstopo:routepoint_id>
				</extensions>
			</trkpt>
			<trkpt lat="46.8088387325" lon="8.5020496622">
				<ele>1480.0</ele>
				<extensions>
					<swisstopo:routepoint_id>2068959090</swisstopo:routepoint_id>
				</extensions>
			</trkpt>
			<trkpt lat="46.8088022661" lon="8.5020239653">
				<ele>1479.7</ele>
				<extensions>
					<swisstopo:routepoint_id>337060947</swisstopo:routepoint_id>
				</extensions>
			</trkpt>
			<trkpt lat="46.8087627709" lon="8.5020046447">
				<ele>1479.6</ele>
				<extensions>
					<swisstopo:routepoint_id>834634393</swisstopo:routepoint_id>
				</extensions>
			</trkpt>
			<trkpt lat="46.8087261956" lon="8.5019925345">
				<ele>1479.5</ele>
				<extensions>
					<swisstopo:routepoint_id>1504706495</swisstopo:routepoint_id>
				</extensions>
			</trkpt>
			<trkpt lat="46.8086751878" lon="8.5019858845">
				<ele>1478.8</ele>
				<extensions>
					<swisstopo:routepoint_id>109463361</swisstopo:routepoint_id>
				</extensions>
			</trkpt>
			<trkpt lat="46.8086162770" lon="8.5019769350">
				<ele>1478.1</ele>
				<extensions>
					<swisstopo:routepoint_id>74242724</swisstopo:routepoint_id>
				</extensions>
			</trkpt>
			<trkpt lat="46.8085687986" lon="8.5019639186">
				<ele>1477.6</ele>
				<extensions>
					<swisstopo:routepoint_id>819797068</swisstopo:routepoint_id>
				</extensions>
			</trkpt>
			<trkpt lat="46.8085371642" lon="8.5019533264">
				<ele>1477.0</ele>
				<extensions>
					<swisstopo:routepoint_id>23431267</swisstopo:routepoint_id>
				</extensions>
			</trkpt>
			<trkpt lat="46.8085179863" lon="8.5019343751">
				<ele>1476.5</ele>
				<extensions>
					<swisstopo:routepoint_id>1183436483</swisstopo:routepoint_id>
				</extensions>
			</trkpt>
			<trkpt lat="46.8084895537" lon="8.5018988054">
				<ele>1475.7</ele>
				<extensions>
					<swisstopo:routepoint_id>772203672</swisstopo:routepoint_id>
				</extensions>
			</trkpt>
			<trkpt lat="46.8084498905" lon="8.5018408717">
				<ele>1474.7</ele>
				<extensions>
					<swisstopo:routepoint_id>789556355</swisstopo:routepoint_id>
				</extensions>
			</trkpt>
			<trkpt lat="46.8083984981" lon="8.5017641084">
				<ele>1472.8</ele>
				<extensions>
					<swisstopo:routepoint_id>2034834690</swisstopo:routepoint_id>
				</extensions>
			</trkpt>
			<trkpt lat="46.8083744301" lon="8.5017400769">
				<ele>1472.2</ele>
				<extensions>
					<swisstopo:routepoint_id>1305068443</swisstopo:routepoint_id>
				</extensions>
			</trkpt>
			<trkpt lat="46.8083280731" lon="8.5017113318">
				<ele>1470.9</ele>
				<extensions>
					<swisstopo:routepoint_id>783582721</swisstopo:routepoint_id>
				</extensions>
			</trkpt>
			<trkpt lat="46.8082787006" lon="8.5016875493">
				<ele>1469.5</ele>
				<extensions>
					<swisstopo:routepoint_id>1660331177</swisstopo:routepoint_id>
				</extensions>
			</trkpt>
			<trkpt lat="46.8082471306" lon="8.5016690894">
				<ele>1468.7</ele>
				<extensions>
					<swisstopo:routepoint_id>1259303366</swisstopo:routepoint_id>
				</extensions>
			</trkpt>
			<trkpt lat="46.8082046219" lon="8.5016554357">
				<ele>1467.7</ele>
				<extensions>
					<swisstopo:routepoint_id>165668954</swisstopo:routepoint_id>
				</extensions>
			</trkpt>
			<trkpt lat="46.8081809104" lon="8.5016450000">
				<ele>1467.4</ele>
				<extensions>
					<swisstopo:routepoint_id>1512077536</swisstopo:routepoint_id>
				</extensions>
			</trkpt>
			<trkpt lat="46.8081417340" lon="8.5016471313">
				<ele>1466.6</ele>
				<extensions>
					<swisstopo:routepoint_id>1009370227</swisstopo:routepoint_id>
				</extensions>
			</trkpt>
			<trkpt lat="46.8080961610" lon="8.5016427384">
				<ele>1466.0</ele>
				<extensions>
					<swisstopo:routepoint_id>963597522</swisstopo:routepoint_id>
				</extensions>
			</trkpt>
			<trkpt lat="46.8080684503" lon="8.5016372204">
				<ele>1465.7</ele>
				<extensions>
					<swisstopo:routepoint_id>3762755</swisstopo:routepoint_id>
				</extensions>
			</trkpt>
			<trkpt lat="46.8080462434" lon="8.5016246521">
				<ele>1465.5</ele>
				<extensions>
					<swisstopo:routepoint_id>1024613264</swisstopo:routepoint_id>
				</extensions>
			</trkpt>
			<trkpt lat="46.8080330563" lon="8.5016029533">
				<ele>1465.4</ele>
				<extensions>
					<swisstopo:routepoint_id>1357395335</swisstopo:routepoint_id>
				</extensions>
			</trkpt>
			<trkpt lat="46.8080293742" lon="8.5015699967">
				<ele>1465.2</ele>
				<extensions>
					<swisstopo:routepoint_id>1878985210</swisstopo:routepoint_id>
				</extensions>
			</trkpt>
			<trkpt lat="46.8080254642" lon="8.5015435997">
				<ele>1464.9</ele>
				<extensions>
					<swisstopo:routepoint_id>1781269770</swisstopo:routepoint_id>
				</extensions>
			</trkpt>
			<trkpt lat="46.8080203333" lon="8.5015313493">
				<ele>1464.9</ele>
				<extensions>
					<swisstopo:routepoint_id>104752209</swisstopo:routepoint_id>
				</extensions>
			</trkpt>
			<trkpt lat="46.8080055104" lon="8.5015202064">
				<ele>1464.9</ele>
				<extensions>
					<swisstopo:routepoint_id>1449592832</swisstopo:routepoint_id>
				</extensions>
			</trkpt>
			<trkpt lat="46.8079881622" lon="8.5015198895">
				<ele>1464.7</ele>
				<extensions>
					<swisstopo:routepoint_id>523061829</swisstopo:routepoint_id>
				</extensions>
			</trkpt>
			<trkpt lat="46.8079607681" lon="8.5015351253">
				<ele>1464.2</ele>
				<extensions>
					<swisstopo:routepoint_id>1736596258</swisstopo:routepoint_id>
				</extensions>
			</trkpt>
			<trkpt lat="46.8079404220" lon="8.5015368989">
				<ele>1463.9</ele>
				<extensions>
					<swisstopo:routepoint_id>784758355</swisstopo:routepoint_id>
				</extensions>
			</trkpt>
			<trkpt lat="46.8078983321" lon="8.5015311291">
				<ele>1463.2</ele>
				<extensions>
					<swisstopo:routepoint_id>1427145214</swisstopo:routepoint_id>
				</extensions>
			</trkpt>
			<trkpt lat="46.8078652197" lon="8.5015197979">
				<ele>1462.8</ele>
				<extensions>
					<swisstopo:routepoint_id>612118392</swisstopo:routepoint_id>
				</extensions>
			</trkpt>
			<trkpt lat="46.8078276565" lon="8.5015062292">
				<ele>1462.4</ele>
				<extensions>
					<swisstopo:routepoint_id>1698908472</swisstopo:routepoint_id>
				</extensions>
			</trkpt>
			<trkpt lat="46.8078004575" lon="8.5014985910">
				<ele>1462.1</ele>
				<extensions>
					<swisstopo:routepoint_id>1836073745</swisstopo:routepoint_id>
				</extensions>
			</trkpt>
			<trkpt lat="46.8077598342" lon="8.5014957035">
				<ele>1461.7</ele>
				<extensions>
					<swisstopo:routepoint_id>344202388</swisstopo:routepoint_id>
				</extensions>
			</trkpt>
			<trkpt lat="46.8077028599" lon="8.5014910795">
				<ele>1460.5</ele>
				<extensions>
					<swisstopo:routepoint_id>1826665700</swisstopo:routepoint_id>
				</extensions>
			</trkpt>
			<trkpt lat="46.8076677689" lon="8.5014790056">
				<ele>1460.1</ele>
				<extensions>
					<swisstopo:routepoint_id>484113448</swisstopo:routepoint_id>
				</extensions>
			</trkpt>
			<trkpt lat="46.8076421589" lon="8.5014592241">
				<ele>1459.9</ele>
				<extensions>
					<swisstopo:routepoint_id>887285688</swisstopo:routepoint_id>
				</extensions>
			</trkpt>
			<trkpt lat="46.8076274696" lon="8.5014375022">
				<ele>1459.7</ele>
				<extensions>
					<swisstopo:routepoint_id>1286856375</swisstopo:routepoint_id>
				</extensions>
			</trkpt>
			<trkpt lat="46.8076082693" lon="8.5014228375">
				<ele>1459.4</ele>
				<extensions>
					<swisstopo:routepoint_id>707556602</swisstopo:routepoint_id>
				</extensions>
			</trkpt>
			<trkpt lat="46.8075805851" lon="8.5014144732">
				<ele>1458.8</ele>
				<extensions>
					<swisstopo:routepoint_id>1607684108</swisstopo:routepoint_id>
				</extensions>
			</trkpt>
			<trkpt lat="46.8075410253" lon="8.5014030277">
				<ele>1458.0</ele>
				<extensions>
					<swisstopo:routepoint_id>1790453296</swisstopo:routepoint_id>
				</extensions>
			</trkpt>
			<trkpt lat="46.8075163301" lon="8.5013925664">
				<ele>1457.6</ele>
				<extensions>
					<swisstopo:routepoint_id>1343258080</swisstopo:routepoint_id>
				</extensions>
			</trkpt>
			<trkpt lat="46.8074906936" lon="8.5013756443">
				<ele>1457.1</ele>
				<extensions>
					<swisstopo:routepoint_id>1179426270</swisstopo:routepoint_id>
				</extensions>
			</trkpt>
			<trkpt lat="46.8074612128" lon="8.5013450706">
				<ele>1456.7</ele>
				<extensions>
					<swisstopo:routepoint_id>2134904278</swisstopo:routepoint_id>
				</extensions>
			</trkpt>
			<trkpt lat="46.8074414784" lon="8.5013339781">
				<ele>1456.3</ele>
				<extensions>
					<swisstopo:routepoint_id>28364895</swisstopo:routepoint_id>
				</extensions>
			</trkpt>
			<trkpt lat="46.8073965282" lon="8.5013145636">
				<ele>1455.2</ele>
				<extensions>
					<swisstopo:routepoint_id>173645424</swisstopo:routepoint_id>
				</extensions>
			</trkpt>
			<trkpt lat="46.8073658664" lon="8.5013061343">
				<ele>1454.2</ele>
				<extensions>
					<swisstopo:routepoint_id>530268982</swisstopo:routepoint_id>
				</extensions>
			</trkpt>
			<trkpt lat="46.8073371053" lon="8.5013077546">
				<ele>1453.5</ele>
				<extensions>
					<swisstopo:routepoint_id>1141557040</swisstopo:routepoint_id>
				</extensions>
			</trkpt>
			<trkpt lat="46.8073045161" lon="8.5012921349">
				<ele>1452.6</ele>
				<extensions>
					<swisstopo:routepoint_id>1755671260</swisstopo:routepoint_id>
				</extensions>
			</trkpt>
			<trkpt lat="46.8072668372" lon="8.5012928883">
				<ele>1451.9</ele>
				<extensions>
					<swisstopo:routepoint_id>490242336</swisstopo:routepoint_id>
				</extensions>
			</trkpt>
			<trkpt lat="46.8072366672" lon="8.5012844688">
				<ele>1451.3</ele>
				<extensions>
					<swisstopo:routepoint_id>1483475658</swisstopo:routepoint_id>
				</extensions>
			</trkpt>
			<trkpt lat="46.8072115334" lon="8.5012682796">
				<ele>1451.0</ele>
				<extensions>
					<swisstopo:routepoint_id>1869409724</swisstopo:routepoint_id>
				</extensions>
			</trkpt>
			<trkpt lat="46.8071741452" lon="8.5012339867">
				<ele>1450.6</ele>
				<extensions>
					<swisstopo:routepoint_id>439267609</swisstopo:routepoint_id>
				</extensions>
			</trkpt>
			<trkpt lat="46.8071120641" lon="8.5011899301">
				<ele>1450.0</ele>
				<extensions>
					<swisstopo:routepoint_id>565677954</swisstopo:routepoint_id>
				</extensions>
			</trkpt>
			<trkpt lat="46.8070815197" lon="8.5011679149">
				<ele>1449.4</ele>
				<extensions>
					<swisstopo:routepoint_id>1945124605</swisstopo:routepoint_id>
				</extensions>
			</trkpt>
			<trkpt lat="46.8070555284" lon="8.5011352673">
				<ele>1449.0</ele>
				<extensions>
					<swisstopo:routepoint_id>1088998677</swisstopo:routepoint_id>
				</extensions>
			</trkpt>
			<trkpt lat="46.8070185965" lon="8.5011066966">
				<ele>1448.4</ele>
				<extensions>
					<swisstopo:routepoint_id>1951161081</swisstopo:routepoint_id>
				</extensions>
			</trkpt>
			<trkpt lat="46.8069999591" lon="8.5010834641">
				<ele>1448.3</ele>
				<extensions>
					<swisstopo:routepoint_id>1407665319</swisstopo:routepoint_id>
				</extensions>
			</trkpt>
			<trkpt lat="46.8069887925" lon="8.5010560800">
				<ele>1448.1</ele>
				<extensions>
					<swisstopo:routepoint_id>1682856387</swisstopo:routepoint_id>
				</extensions>
			</trkpt>
			<trkpt lat="46.8069716149" lon="8.5010364590">
				<ele>1448.0</ele>
				<extensions>
					<swisstopo:routepoint_id>330777089</swisstopo:routepoint_id>
				</extensions>
			</trkpt>
			<trkpt lat="46.8069459648" lon="8.5010209763">
				<ele>1447.9</ele>
				<extensions>
					<swisstopo:routepoint_id>365067624</swisstopo:routepoint_id>
				</extensions>
			</trkpt>
			<trkpt lat="46.8069307326" lon="8.5010056735">
				<ele>1447.8</ele>
				<extensions>
					<swisstopo:routepoint_id>698813181</swisstopo:routepoint_id>
				</extensions>
			</trkpt>
			<trkpt lat="46.8069219966" lon="8.5009833466">
				<ele>1447.8</ele>
				<extensions>
					<swisstopo:routepoint_id>645423854</swisstopo:routepoint_id>
				</extensions>
			</trkpt>
			<trkpt lat="46.8069068285" lon="8.5009601828">
				<ele>1447.7</ele>
				<extensions>
					<swisstopo:routepoint_id>1977839281</swisstopo:routepoint_id>
				</extensions>
			</trkpt>
			<trkpt lat="46.8068856629" lon="8.5009433492">
				<ele>1447.7</ele>
				<extensions>
					<swisstopo:routepoint_id>20944706</swisstopo:routepoint_id>
				</extensions>
			</trkpt>
			<trkpt lat="46.8068615571" lon="8.5009214484">
				<ele>1447.7</ele>
				<extensions>
					<swisstopo:routepoint_id>245197957</swisstopo:routepoint_id>
				</extensions>
			</trkpt>
			<trkpt lat="46.8067365969" lon="8.5008104628">
				<ele>1447.5</ele>
				<extensions>
					<swisstopo:routepoint_id>1261519084</swisstopo:routepoint_id>
				</extensions>
			</trkpt>
			<trkpt lat="46.8066519228" lon="8.5007424060">
				<ele>1447.9</ele>
				<extensions>
					<swisstopo:routepoint_id>1593917566</swisstopo:routepoint_id>
				</extensions>
			</trkpt>
			<trkpt lat="46.8065875130" lon="8.5006804300">
				<ele>1448.0</ele>
				<extensions>
					<swisstopo:routepoint_id>285923415</swisstopo:routepoint_id>
				</extensions>
			</trkpt>
			<trkpt lat="46.8065579279" lon="8.5006620167">
				<ele>1447.7</ele>
				<extensions>
					<swisstopo:routepoint_id>370175882</swisstopo:routepoint_id>
				</extensions>
			</trkpt>
			<trkpt lat="46.8065224826" lon="8.5006341796">
				<ele>1447.4</ele>
				<extensions>
					<swisstopo:routepoint_id>2017943679</swisstopo:routepoint_id>
				</extensions>
			</trkpt>
			<trkpt lat="46.8064776808" lon="8.5005968882">
				<ele>1446.8</ele>
				<extensions>
					<swisstopo:routepoint_id>729577086</swisstopo:routepoint_id>
				</extensions>
			</trkpt>
			<trkpt lat="46.8064402967" lon="8.5005640229">
				<ele>1446.2</ele>
				<extensions>
					<swisstopo:routepoint_id>167298487</swisstopo:routepoint_id>
				</extensions>
			</trkpt>
			<trkpt lat="46.8064212182" lon="8.5005343528">
				<ele>1445.9</ele>
				<extensions>
					<swisstopo:routepoint_id>1504539016</swisstopo:routepoint_id>
				</extensions>
			</trkpt>
			<trkpt lat="46.8063949809" lon="8.5004723623">
				<ele>1445.4</ele>
				<extensions>
					<swisstopo:routepoint_id>970398962</swisstopo:routepoint_id>
				</extensions>
			</trkpt>
			<trkpt lat="46.8063804311" lon="8.5004356228">
				<ele>1445.0</ele>
				<extensions>
					<swisstopo:routepoint_id>1236007599</swisstopo:routepoint_id>
				</extensions>
			</trkpt>
			<trkpt lat="46.8063692045" lon="8.5004146736">
				<ele>1444.7</ele>
				<extensions>
					<swisstopo:routepoint_id>1865689578</swisstopo:routepoint_id>
				</extensions>
			</trkpt>
			<trkpt lat="46.8063441348" lon="8.5003906240">
				<ele>1444.2</ele>
				<extensions>
					<swisstopo:routepoint_id>2053170282</swisstopo:routepoint_id>
				</extensions>
			</trkpt>
			<trkpt lat="46.8063126753" lon="8.5003592959">
				<ele>1443.7</ele>
				<extensions>
					<swisstopo:routepoint_id>1523944972</swisstopo:routepoint_id>
				</extensions>
			</trkpt>
			<trkpt lat="46.8062915848" lon="8.5003324524">
				<ele>1443.2</ele>
				<extensions>
					<swisstopo:routepoint_id>1907360763</swisstopo:routepoint_id>
				</extensions>
			</trkpt>
			<trkpt lat="46.8062642464" lon="8.5002840222">
				<ele>1442.6</ele>
				<extensions>
					<swisstopo:routepoint_id>508139605</swisstopo:routepoint_id>
				</extensions>
			</trkpt>
			<trkpt lat="46.8062372247" lon="8.5002213641">
				<ele>1441.9</ele>
				<extensions>
					<swisstopo:routepoint_id>1645620874</swisstopo:routepoint_id>
				</extensions>
			</trkpt>
			<trkpt lat="46.8062174343" lon="8.5001822312">
				<ele>1441.6</ele>
				<extensions>
					<swisstopo:routepoint_id>1942505624</swisstopo:routepoint_id>
				</extensions>
			</trkpt>
			<trkpt lat="46.8062016178" lon="8.5001607823">
				<ele>1441.6</ele>
				<extensions>
					<swisstopo:routepoint_id>1437947045</swisstopo:routepoint_id>
				</extensions>
			</trkpt>
			<trkpt lat="46.8061795845" lon="8.5001427422">
				<ele>1441.3</ele>
				<extensions>
					<swisstopo:routepoint_id>1925371663</swisstopo:routepoint_id>
				</extensions>
			</trkpt>
			<trkpt lat="46.8061586075" lon="8.5001197778">
				<ele>1441.2</ele>
				<extensions>
					<swisstopo:routepoint_id>1096025026</swisstopo:routepoint_id>
				</extensions>
			</trkpt>
			<trkpt lat="46.8061229700" lon="8.5000634306">
				<ele>1441.1</ele>
				<extensions>
					<swisstopo:routepoint_id>1043205362</swisstopo:routepoint_id>
				</extensions>
			</trkpt>
			<trkpt lat="46.8061004923" lon="8.5000355299">
				<ele>1441.0</ele>
				<extensions>
					<swisstopo:routepoint_id>1272427284</swisstopo:routepoint_id>
				</extensions>
			</trkpt>
			<trkpt lat="46.8060789490" lon="8.5000196043">
				<ele>1440.9</ele>
				<extensions>
					<swisstopo:routepoint_id>657213115</swisstopo:routepoint_id>
				</extensions>
			</trkpt>
			<trkpt lat="46.8060532208" lon="8.5000106335">
				<ele>1440.5</ele>
				<extensions>
					<swisstopo:routepoint_id>1230878038</swisstopo:routepoint_id>
				</extensions>
			</trkpt>
			<trkpt lat="46.8060125401" lon="8.5000006705">
				<ele>1439.5</ele>
				<extensions>
					<swisstopo:routepoint_id>265074788</swisstopo:routepoint_id>
				</extensions>
			</trkpt>
			<trkpt lat="46.8059765255" lon="8.4999858801">
				<ele>1438.9</ele>
				<extensions>
					<swisstopo:routepoint_id>1950856512</swisstopo:routepoint_id>
				</extensions>
			</trkpt>
			<trkpt lat="46.8059231070" lon="8.4999559367">
				<ele>1438.0</ele>
				<extensions>
					<swisstopo:routepoint_id>1004157634</swisstopo:routepoint_id>
				</extensions>
			</trkpt>
			<trkpt lat="46.8058784745" lon="8.4999240552">
				<ele>1437.6</ele>
				<extensions>
					<swisstopo:routepoint_id>366257648</swisstopo:routepoint_id>
				</extensions>
			</trkpt>
			<trkpt lat="46.8058508496" lon="8.4998960404">
				<ele>1437.5</ele>
				<extensions>
					<swisstopo:routepoint_id>1871898714</swisstopo:routepoint_id>
				</extensions>
			</trkpt>
			<trkpt lat="46.8058325463" lon="8.4998632771">
				<ele>1437.5</ele>
				<extensions>
					<swisstopo:routepoint_id>1830973111</swisstopo:routepoint_id>
				</extensions>
			</trkpt>
			<trkpt lat="46.8058117694" lon="8.4998177981">
				<ele>1437.5</ele>
				<extensions>
					<swisstopo:routepoint_id>178735831</swisstopo:routepoint_id>
				</extensions>
			</trkpt>
			<trkpt lat="46.8057799770" lon="8.4997333595">
				<ele>1437.4</ele>
				<extensions>
					<swisstopo:routepoint_id>1113426027</swisstopo:routepoint_id>
				</extensions>
			</trkpt>
			<trkpt lat="46.8057627561" lon="8.4996956788">
				<ele>1437.3</ele>
				<extensions>
					<swisstopo:routepoint_id>1176218266</swisstopo:routepoint_id>
				</extensions>
			</trkpt>
			<trkpt lat="46.8057449331" lon="8.4996707744">
				<ele>1437.4</ele>
				<extensions>
					<swisstopo:routepoint_id>380322934</swisstopo:routepoint_id>
				</extensions>
			</trkpt>
			<trkpt lat="46.8057129364" lon="8.4996443051">
				<ele>1437.3</ele>
				<extensions>
					<swisstopo:routepoint_id>1006491879</swisstopo:routepoint_id>
				</extensions>
			</trkpt>
			<trkpt lat="46.8056784523" lon="8.4996113190">
				<ele>1437.1</ele>
				<extensions>
					<swisstopo:routepoint_id>784331595</swisstopo:routepoint_id>
				</extensions>
			</trkpt>
			<trkpt lat="46.8056334812" lon="8.4995486985">
				<ele>1436.7</ele>
				<extensions>
					<swisstopo:routepoint_id>413520641</swisstopo:routepoint_id>
				</extensions>
			</trkpt>
			<trkpt lat="46.8055985389" lon="8.4995092422">
				<ele>1436.4</ele>
				<extensions>
					<swisstopo:routepoint_id>262726239</swisstopo:routepoint_id>
				</extensions>
			</trkpt>
			<trkpt lat="46.8055716343" lon="8.4994850228">
				<ele>1436.1</ele>
				<extensions>
					<swisstopo:routepoint_id>927648837</swisstopo:routepoint_id>
				</extensions>
			</trkpt>
			<trkpt lat="46.8055289394" lon="8.4994525915">
				<ele>1435.4</ele>
				<extensions>
					<swisstopo:routepoint_id>830580791</swisstopo:routepoint_id>
				</extensions>
			</trkpt>
			<trkpt lat="46.8054760514" lon="8.4994156670">
				<ele>1434.8</ele>
				<extensions>
					<swisstopo:routepoint_id>1752458428</swisstopo:routepoint_id>
				</extensions>
			</trkpt>
			<trkpt lat="46.8054450756" lon="8.4993899281">
				<ele>1434.5</ele>
				<extensions>
					<swisstopo:routepoint_id>1404331394</swisstopo:routepoint_id>
				</extensions>
			</trkpt>
			<trkpt lat="46.8054257882" lon="8.4993723202">
				<ele>1434.4</ele>
				<extensions>
					<swisstopo:routepoint_id>1427948717</swisstopo:routepoint_id>
				</extensions>
			</trkpt>
			<trkpt lat="46.8053880046" lon="8.4993294367">
				<ele>1434.3</ele>
				<extensions>
					<swisstopo:routepoint_id>110225433</swisstopo:routepoint_id>
				</extensions>
			</trkpt>
			<trkpt lat="46.8053188514" lon="8.4992616257">
				<ele>1434.3</ele>
				<extensions>
					<swisstopo:routepoint_id>1614931638</swisstopo:routepoint_id>
				</extensions>
			</trkpt>
			<trkpt lat="46.8052440041" lon="8.4991882458">
				<ele>1434.3</ele>
				<extensions>
					<swisstopo:routepoint_id>1519957929</swisstopo:routepoint_id>
				</extensions>
			</trkpt>
			<trkpt lat="46.8051852479" lon="8.4991342022">
				<ele>1434.0</ele>
				<extensions>
					<swisstopo:routepoint_id>1017037086</swisstopo:routepoint_id>
				</extensions>
			</trkpt>
			<trkpt lat="46.8051435019" lon="8.4991008178">
				<ele>1433.5</ele>
				<extensions>
					<swisstopo:routepoint_id>1651784265</swisstopo:routepoint_id>
				</extensions>
			</trkpt>
			<trkpt lat="46.8050864880" lon="8.4990644524">
				<ele>1432.7</ele>
				<extensions>
					<swisstopo:routepoint_id>1980582395</swisstopo:routepoint_id>
				</extensions>
			</trkpt>
			<trkpt lat="46.8050247840" lon="8.4990184819">
				<ele>1432.0</ele>
				<extensions>
					<swisstopo:routepoint_id>244164595</swisstopo:routepoint_id>
				</extensions>
			</trkpt>
			<trkpt lat="46.8049878414" lon="8.4989824863">
				<ele>1431.6</ele>
				<extensions>
					<swisstopo:routepoint_id>191929827</swisstopo:routepoint_id>
				</extensions>
			</trkpt>
			<trkpt lat="46.8049717424" lon="8.4989658947">
				<ele>1431.4</ele>
				<extensions>
					<swisstopo:routepoint_id>1984967596</swisstopo:routepoint_id>
				</extensions>
			</trkpt>
			<trkpt lat="46.8049387002" lon="8.4989204632">
				<ele>1431.3</ele>
				<extensions>
					<swisstopo:routepoint_id>793972801</swisstopo:routepoint_id>
				</extensions>
			</trkpt>
			<trkpt lat="46.8049019753" lon="8.4988600536">
				<ele>1431.3</ele>
				<extensions>
					<swisstopo:routepoint_id>692450042</swisstopo:routepoint_id>
				</extensions>
			</trkpt>
			<trkpt lat="46.8048597489" lon="8.4987723729">
				<ele>1431.3</ele>
				<extensions>
					<swisstopo:routepoint_id>713271028</swisstopo:routepoint_id>
				</extensions>
			</trkpt>
			<trkpt lat="46.8048328493" lon="8.4987286555">
				<ele>1431.4</ele>
				<extensions>
					<swisstopo:routepoint_id>1936317038</swisstopo:routepoint_id>
				</extensions>
			</trkpt>
			<trkpt lat="46.8048044416" lon="8.4986950417">
				<ele>1431.2</ele>
				<extensions>
					<swisstopo:routepoint_id>670285479</swisstopo:routepoint_id>
				</extensions>
			</trkpt>
			<trkpt lat="46.8047713038" lon="8.4986741100">
				<ele>1431.0</ele>
				<extensions>
					<swisstopo:routepoint_id>257247270</swisstopo:routepoint_id>
				</extensions>
			</trkpt>
			<trkpt lat="46.8047295929" lon="8.4986615500">
				<ele>1430.6</ele>
				<extensions>
					<swisstopo:routepoint_id>1081359633</swisstopo:routepoint_id>
				</extensions>
			</trkpt>
			<trkpt lat="46.8046461293" lon="8.4986428329">
				<ele>1429.8</ele>
				<extensions>
					<swisstopo:routepoint_id>729393587</swisstopo:routepoint_id>
				</extensions>
			</trkpt>
			<trkpt lat="46.8046167739" lon="8.4986337147">
				<ele>1429.8</ele>
				<extensions>
					<swisstopo:routepoint_id>768471235</swisstopo:routepoint_id>
				</extensions>
			</trkpt>
			<trkpt lat="46.8045859241" lon="8.4986171080">
				<ele>1429.8</ele>
				<extensions>
					<swisstopo:routepoint_id>773712260</swisstopo:routepoint_id>
				</extensions>
			</trkpt>
			<trkpt lat="46.8045281809" lon="8.4985722400">
				<ele>1429.8</ele>
				<extensions>
					<swisstopo:routepoint_id>1790786995</swisstopo:routepoint_id>
				</extensions>
			</trkpt>
			<trkpt lat="46.8044896223" lon="8.4985522766">
				<ele>1429.8</ele>
				<extensions>
					<swisstopo:routepoint_id>1177536300</swisstopo:routepoint_id>
				</extensions>
			</trkpt>
			<trkpt lat="46.8044193499" lon="8.4985274157">
				<ele>1429.9</ele>
				<extensions>
					<swisstopo:routepoint_id>785875050</swisstopo:routepoint_id>
				</extensions>
			</trkpt>
			<trkpt lat="46.8043050365" lon="8.4984920860">
				<ele>1429.7</ele>
				<extensions>
					<swisstopo:routepoint_id>2474449</swisstopo:routepoint_id>
				</extensions>
			</trkpt>
			<trkpt lat="46.8042130944" lon="8.4984667988">
				<ele>1428.6</ele>
				<extensions>
					<swisstopo:routepoint_id>27088059</swisstopo:routepoint_id>
				</extensions>
			</trkpt>
			<trkpt lat="46.8041397190" lon="8.4984440073">
				<ele>1427.7</ele>
				<extensions>
					<swisstopo:routepoint_id>449252073</swisstopo:routepoint_id>
				</extensions>
			</trkpt>
			<trkpt lat="46.8040934438" lon="8.4984196318">
				<ele>1427.0</ele>
				<extensions>
					<swisstopo:routepoint_id>530796473</swisstopo:routepoint_id>
				</extensions>
			</trkpt>
			<trkpt lat="46.8040043879" lon="8.4983597354">
				<ele>1425.4</ele>
				<extensions>
					<swisstopo:routepoint_id>521857203</swisstopo:routepoint_id>
				</extensions>
			</trkpt>
			<trkpt lat="46.8039597528" lon="8.4983290271">
				<ele>1424.4</ele>
				<extensions>
					<swisstopo:routepoint_id>1377425809</swisstopo:routepoint_id>
				</extensions>
			</trkpt>
			<trkpt lat="46.8039217520" lon="8.4983038614">
				<ele>1423.6</ele>
				<extensions>
					<swisstopo:routepoint_id>617609680</swisstopo:routepoint_id>
				</extensions>
			</trkpt>
			<trkpt lat="46.8038865767" lon="8.4982828456">
				<ele>1423.2</ele>
				<extensions>
					<swisstopo:routepoint_id>1787711151</swisstopo:routepoint_id>
				</extensions>
			</trkpt>
			<trkpt lat="46.8038399940" lon="8.4982575239">
				<ele>1422.9</ele>
				<extensions>
					<swisstopo:routepoint_id>1506935346</swisstopo:routepoint_id>
				</extensions>
			</trkpt>
			<trkpt lat="46.8037532400" lon="8.4982355059">
				<ele>1422.2</ele>
				<extensions>
					<swisstopo:routepoint_id>873035950</swisstopo:routepoint_id>
				</extensions>
			</trkpt>
			<trkpt lat="46.8036998042" lon="8.4982263365">
				<ele>1422.0</ele>
				<extensions>
					<swisstopo:routepoint_id>1267050686</swisstopo:routepoint_id>
				</extensions>
			</trkpt>
			<trkpt lat="46.8036664735" lon="8.4982148440">
				<ele>1421.7</ele>
				<extensions>
					<swisstopo:routepoint_id>1370442623</swisstopo:routepoint_id>
				</extensions>
			</trkpt>
			<trkpt lat="46.8036169592" lon="8.4981948959">
				<ele>1420.9</ele>
				<extensions>
					<swisstopo:routepoint_id>185608181</swisstopo:routepoint_id>
				</extensions>
			</trkpt>
			<trkpt lat="46.8035770056" lon="8.4981737798">
				<ele>1420.3</ele>
				<extensions>
					<swisstopo:routepoint_id>1386861017</swisstopo:routepoint_id>
				</extensions>
			</trkpt>
			<trkpt lat="46.8035227847" lon="8.4981469710">
				<ele>1419.4</ele>
				<extensions>
					<swisstopo:routepoint_id>1261714785</swisstopo:routepoint_id>
				</extensions>
			</trkpt>
			<trkpt lat="46.8034475062" lon="8.4981238039">
				<ele>1418.6</ele>
				<extensions>
					<swisstopo:routepoint_id>1893290112</swisstopo:routepoint_id>
				</extensions>
			</trkpt>
			<trkpt lat="46.8033502252" lon="8.4981029611">
				<ele>1416.8</ele>
				<extensions>
					<swisstopo:routepoint_id>1886427939</swisstopo:routepoint_id>
				</extensions>
			</trkpt>
			<trkpt lat="46.8032864727" lon="8.4980732270">
				<ele>1415.8</ele>
				<extensions>
					<swisstopo:routepoint_id>1678412812</swisstopo:routepoint_id>
				</extensions>
			</trkpt>
			<trkpt lat="46.8032331714" lon="8.4980504924">
				<ele>1414.8</ele>
				<extensions>
					<swisstopo:routepoint_id>1505523338</swisstopo:routepoint_id>
				</extensions>
			</trkpt>
			<trkpt lat="46.8031894885" lon="8.4980184537">
				<ele>1414.0</ele>
				<extensions>
					<swisstopo:routepoint_id>421741034</swisstopo:routepoint_id>
				</extensions>
			</trkpt>
			<trkpt lat="46.8031534779" lon="8.4979851907">
				<ele>1413.4</ele>
				<extensions>
					<swisstopo:routepoint_id>769986208</swisstopo:routepoint_id>
				</extensions>
			</trkpt>
			<trkpt lat="46.8031156820" lon="8.4979369683">
				<ele>1413.2</ele>
				<extensions>
					<swisstopo:routepoint_id>426041558</swisstopo:routepoint_id>
				</extensions>
			</trkpt>
			<trkpt lat="46.8030846963" lon="8.4978753052">
				<ele>1412.5</ele>
				<extensions>
					<swisstopo:routepoint_id>1681775796</swisstopo:routepoint_id>
				</extensions>
			</trkpt>
			<trkpt lat="46.8030584388" lon="8.4978191602">
				<ele>1411.6</ele>
				<extensions>
					<swisstopo:routepoint_id>30382305</swisstopo:routepoint_id>
				</extensions>
			</trkpt>
			<trkpt lat="46.8030339364" lon="8.4977793235">
				<ele>1410.8</ele>
				<extensions>
					<swisstopo:routepoint_id>1538135213</swisstopo:routepoint_id>
				</extensions>
			</trkpt>
			<trkpt lat="46.8029990416" lon="8.4977270835">
				<ele>1409.8</ele>
				<extensions>
					<swisstopo:routepoint_id>1230930452</swisstopo:routepoint_id>
				</extensions>
			</trkpt>
			<trkpt lat="46.8029566305" lon="8.4976611340">
				<ele>1409.2</ele>
				<extensions>
					<swisstopo:routepoint_id>1151692809</swisstopo:routepoint_id>
				</extensions>
			</trkpt>
			<trkpt lat="46.8028718123" lon="8.4975278665">
				<ele>1408.5</ele>
				<extensions>
					<swisstopo:routepoint_id>713681672</swisstopo:routepoint_id>
				</extensions>
			</trkpt>
			<trkpt lat="46.8027662204" lon="8.4973656986">
				<ele>1407.7</ele>
				<extensions>
					<swisstopo:routepoint_id>697172872</swisstopo:routepoint_id>
				</extensions>
			</trkpt>
			<trkpt lat="46.8026464727" lon="8.4971829171">
				<ele>1407.8</ele>
				<extensions>
					<swisstopo:routepoint_id>1350092782</swisstopo:routepoint_id>
				</extensions>
			</trkpt>
			<trkpt lat="46.8025415914" lon="8.4970492696">
				<ele>1407.4</ele>
				<extensions>
					<swisstopo:routepoint_id>830605926</swisstopo:routepoint_id>
				</extensions>
			</trkpt>
			<trkpt lat="46.8024318146" lon="8.4969291072">
				<ele>1408.1</ele>
				<extensions>
					<swisstopo:routepoint_id>1773285456</swisstopo:routepoint_id>
				</extensions>
			</trkpt>
			<trkpt lat="46.8023968945" lon="8.4968795673">
				<ele>1408.9</ele>
				<extensions>
					<swisstopo:routepoint_id>1629085637</swisstopo:routepoint_id>
				</extensions>
			</trkpt>
			<trkpt lat="46.8023761751" lon="8.4968438809">
				<ele>1409.1</ele>
				<extensions>
					<swisstopo:routepoint_id>1582695397</swisstopo:routepoint_id>
				</extensions>
			</trkpt>
			<trkpt lat="46.8023301221" lon="8.4967575190">
				<ele>1409.1</ele>
				<extensions>
					<swisstopo:routepoint_id>1449552995</swisstopo:routepoint_id>
				</extensions>
			</trkpt>
			<trkpt lat="46.8022850429" lon="8.4966684384">
				<ele>1409.1</ele>
				<extensions>
					<swisstopo:routepoint_id>134886940</swisstopo:routepoint_id>
				</extensions>
			</trkpt>
			<trkpt lat="46.8021974265" lon="8.4965269823">
				<ele>1408.3</ele>
				<extensions>
					<swisstopo:routepoint_id>998299793</swisstopo:routepoint_id>
				</extensions>
			</trkpt>
			<trkpt lat="46.8020984173" lon="8.4963758034">
				<ele>1407.7</ele>
				<extensions>
					<swisstopo:routepoint_id>830840541</swisstopo:routepoint_id>
				</extensions>
			</trkpt>
			<trkpt lat="46.8020069291" lon="8.4962397095">
				<ele>1407.5</ele>
				<extensions>
					<swisstopo:routepoint_id>255084679</swisstopo:routepoint_id>
				</extensions>
			</trkpt>
			<trkpt lat="46.8019541287" lon="8.4961599777">
				<ele>1407.3</ele>
				<extensions>
					<swisstopo:routepoint_id>1338566893</swisstopo:routepoint_id>
				</extensions>
			</trkpt>
			<trkpt lat="46.8019294963" lon="8.4961350835">
				<ele>1407.3</ele>
				<extensions>
					<swisstopo:routepoint_id>560109442</swisstopo:routepoint_id>
				</extensions>
			</trkpt>
			<trkpt lat="46.8018990577" lon="8.4961195681">
				<ele>1407.0</ele>
				<extensions>
					<swisstopo:routepoint_id>1029885066</swisstopo:routepoint_id>
				</extensions>
			</trkpt>
			<trkpt lat="46.8018522863" lon="8.4961146005">
				<ele>1406.7</ele>
				<extensions>
					<swisstopo:routepoint_id>966920845</swisstopo:routepoint_id>
				</extensions>
			</trkpt>
			<trkpt lat="46.8018102680" lon="8.4961124512">
				<ele>1406.7</ele>
				<extensions>
					<swisstopo:routepoint_id>1078463075</swisstopo:routepoint_id>
				</extensions>
			</trkpt>
			<trkpt lat="46.8017740434" lon="8.4961022534">
				<ele>1406.4</ele>
				<extensions>
					<swisstopo:routepoint_id>1264251899</swisstopo:routepoint_id>
				</extensions>
			</trkpt>
			<trkpt lat="46.8017331243" lon="8.4960838328">
				<ele>1406.0</ele>
				<extensions>
					<swisstopo:routepoint_id>1813815352</swisstopo:routepoint_id>
				</extensions>
			</trkpt>
			<trkpt lat="46.8017084506" lon="8.4960643623">
				<ele>1405.7</ele>
				<extensions>
					<swisstopo:routepoint_id>684461012</swisstopo:routepoint_id>
				</extensions>
			</trkpt>
			<trkpt lat="46.8016725812" lon="8.4960148306">
				<ele>1405.5</ele>
				<extensions>
					<swisstopo:routepoint_id>1504825333</swisstopo:routepoint_id>
				</extensions>
			</trkpt>
			<trkpt lat="46.8016416233" lon="8.4959490963">
				<ele>1405.5</ele>
				<extensions>
					<swisstopo:routepoint_id>947655355</swisstopo:routepoint_id>
				</extensions>
			</trkpt>
			<trkpt lat="46.8016189649" lon="8.4959187972">
				<ele>1405.5</ele>
				<extensions>
					<swisstopo:routepoint_id>1342185749</swisstopo:routepoint_id>
				</extensions>
			</trkpt>
			<trkpt lat="46.8015650761" lon="8.4958512694">
				<ele>1405.7</ele>
				<extensions>
					<swisstopo:routepoint_id>1814586628</swisstopo:routepoint_id>
				</extensions>
			</trkpt>
			<trkpt lat="46.8015254196" lon="8.4957989385">
				<ele>1406.1</ele>
				<extensions>
					<swisstopo:routepoint_id>567931928</swisstopo:routepoint_id>
				</extensions>
			</trkpt>
			<trkpt lat="46.8014942820" lon="8.4957535749">
				<ele>1406.2</ele>
				<extensions>
					<swisstopo:routepoint_id>869785751</swisstopo:routepoint_id>
				</extensions>
			</trkpt>
			<trkpt lat="46.8014680021" lon="8.4956987817">
				<ele>1405.8</ele>
				<extensions>
					<swisstopo:routepoint_id>1979130362</swisstopo:routepoint_id>
				</extensions>
			</trkpt>
			<trkpt lat="46.8014407734" lon="8.4956439828">
				<ele>1405.4</ele>
				<extensions>
					<swisstopo:routepoint_id>1049391018</swisstopo:routepoint_id>
				</extensions>
			</trkpt>
			<trkpt lat="46.8014248620" lon="8.4956070421">
				<ele>1405.4</ele>
				<extensions>
					<swisstopo:routepoint_id>715081090</swisstopo:routepoint_id>
				</extensions>
			</trkpt>
			<trkpt lat="46.8013899915" lon="8.4955520804">
				<ele>1405.4</ele>
				<extensions>
					<swisstopo:routepoint_id>1677576479</swisstopo:routepoint_id>
				</extensions>
			</trkpt>
			<trkpt lat="46.8013739334" lon="8.4955300545">
				<ele>1405.4</ele>
				<extensions>
					<swisstopo:routepoint_id>1819589737</swisstopo:routepoint_id>
				</extensions>
			</trkpt>
			<trkpt lat="46.8013417305" lon="8.4954982187">
				<ele>1405.1</ele>
				<extensions>
					<swisstopo:routepoint_id>1368558901</swisstopo:routepoint_id>
				</extensions>
			</trkpt>
			<trkpt lat="46.8013047151" lon="8.4954690263">
				<ele>1404.7</ele>
				<extensions>
					<swisstopo:routepoint_id>56940488</swisstopo:routepoint_id>
				</extensions>
			</trkpt>
			<trkpt lat="46.8012725498" lon="8.4954331293">
				<ele>1404.1</ele>
				<extensions>
					<swisstopo:routepoint_id>1814382384</swisstopo:routepoint_id>
				</extensions>
			</trkpt>
			<trkpt lat="46.8012423785" lon="8.4953877723">
				<ele>1403.4</ele>
				<extensions>
					<swisstopo:routepoint_id>392371582</swisstopo:routepoint_id>
				</extensions>
			</trkpt>
			<trkpt lat="46.8012161021" lon="8.4953316299">
				<ele>1402.7</ele>
				<extensions>
					<swisstopo:routepoint_id>1023997520</swisstopo:routepoint_id>
				</extensions>
			</trkpt>
			<trkpt lat="46.8011879749" lon="8.4952713637">
				<ele>1401.9</ele>
				<extensions>
					<swisstopo:routepoint_id>40309475</swisstopo:routepoint_id>
				</extensions>
			</trkpt>
			<trkpt lat="46.8011570629" lon="8.4952015692">
				<ele>1401.2</ele>
				<extensions>
					<swisstopo:routepoint_id>953062464</swisstopo:routepoint_id>
				</extensions>
			</trkpt>
			<trkpt lat="46.8011127682" lon="8.4951301562">
				<ele>1400.5</ele>
				<extensions>
					<swisstopo:routepoint_id>588963241</swisstopo:routepoint_id>
				</extensions>
			</trkpt>
			<trkpt lat="46.8010477008" lon="8.4950325502">
				<ele>1399.4</ele>
				<extensions>
					<swisstopo:routepoint_id>1002798871</swisstopo:routepoint_id>
				</extensions>
			</trkpt>
			<trkpt lat="46.8009789201" lon="8.4949213233">
				<ele>1398.3</ele>
				<extensions>
					<swisstopo:routepoint_id>202580138</swisstopo:routepoint_id>
				</extensions>
			</trkpt>
			<trkpt lat="46.8009376607" lon="8.4948323087">
				<ele>1397.3</ele>
				<extensions>
					<swisstopo:routepoint_id>155000907</swisstopo:routepoint_id>
				</extensions>
			</trkpt>
			<trkpt lat="46.8008904354" lon="8.4947690010">
				<ele>1396.6</ele>
				<extensions>
					<swisstopo:routepoint_id>1280168600</swisstopo:routepoint_id>
				</extensions>
			</trkpt>
			<trkpt lat="46.8008535542" lon="8.4947262252">
				<ele>1395.9</ele>
				<extensions>
					<swisstopo:routepoint_id>517429729</swisstopo:routepoint_id>
				</extensions>
			</trkpt>
			<trkpt lat="46.8007861754" lon="8.4946733652">
				<ele>1395.6</ele>
				<extensions>
					<swisstopo:routepoint_id>869654973</swisstopo:routepoint_id>
				</extensions>
			</trkpt>
			<trkpt lat="46.8007083573" lon="8.4946121639">
				<ele>1394.9</ele>
				<extensions>
					<swisstopo:routepoint_id>1832063437</swisstopo:routepoint_id>
				</extensions>
			</trkpt>
			<trkpt lat="46.8006429309" lon="8.4945552803">
				<ele>1394.1</ele>
				<extensions>
					<swisstopo:routepoint_id>1121574108</swisstopo:routepoint_id>
				</extensions>
			</trkpt>
			<trkpt lat="46.8005814419" lon="8.4944848939">
				<ele>1393.8</ele>
				<extensions>
					<swisstopo:routepoint_id>469122035</swisstopo:routepoint_id>
				</extensions>
			</trkpt>
			<trkpt lat="46.8004888649" lon="8.4943637222">
				<ele>1393.2</ele>
				<extensions>
					<swisstopo:routepoint_id>2005683342</swisstopo:routepoint_id>
				</extensions>
			</trkpt>
			<trkpt lat="46.8004434669" lon="8.4943099185">
				<ele>1392.7</ele>
				<extensions>
					<swisstopo:routepoint_id>101443459</swisstopo:routepoint_id>
				</extensions>
			</trkpt>
			<trkpt lat="46.8004084752" lon="8.4942699054">
				<ele>1392.5</ele>
				<extensions>
					<swisstopo:routepoint_id>1688017368</swisstopo:routepoint_id>
				</extensions>
			</trkpt>
			<trkpt lat="46.8003374187" lon="8.4941652888">
				<ele>1391.9</ele>
				<extensions>
					<swisstopo:routepoint_id>1569538267</swisstopo:routepoint_id>
				</extensions>
			</trkpt>
			<trkpt lat="46.8002978531" lon="8.4941201585">
				<ele>1391.4</ele>
				<extensions>
					<swisstopo:routepoint_id>2055963671</swisstopo:routepoint_id>
				</extensions>
			</trkpt>
			<trkpt lat="46.8001709601" lon="8.4940455680">
				<ele>1390.0</ele>
				<extensions>
					<swisstopo:routepoint_id>237269329</swisstopo:routepoint_id>
				</extensions>
			</trkpt>
			<trkpt lat="46.8001218131" lon="8.4940057705">
				<ele>1389.5</ele>
				<extensions>
					<swisstopo:routepoint_id>1091708071</swisstopo:routepoint_id>
				</extensions>
			</trkpt>
			<trkpt lat="46.8000391601" lon="8.4938849294">
				<ele>1388.5</ele>
				<extensions>
					<swisstopo:routepoint_id>1136990611</swisstopo:routepoint_id>
				</extensions>
			</trkpt>
			<trkpt lat="46.7999132987" lon="8.4936966848">
				<ele>1385.7</ele>
				<extensions>
					<swisstopo:routepoint_id>1038352419</swisstopo:routepoint_id>
				</extensions>
			</trkpt>
			<trkpt lat="46.7998455610" lon="8.4936093803">
				<ele>1384.2</ele>
				<extensions>
					<swisstopo:routepoint_id>290873513</swisstopo:routepoint_id>
				</extensions>
			</trkpt>
			<trkpt lat="46.7997737891" lon="8.4935469759">
				<ele>1382.8</ele>
				<extensions>
					<swisstopo:routepoint_id>1714605458</swisstopo:routepoint_id>
				</extensions>
			</trkpt>
			<trkpt lat="46.7997018973" lon="8.4934956610">
				<ele>1381.6</ele>
				<extensions>
					<swisstopo:routepoint_id>1972408650</swisstopo:routepoint_id>
				</extensions>
			</trkpt>
			<trkpt lat="46.7996509461" lon="8.4934447501">
				<ele>1380.7</ele>
				<extensions>
					<swisstopo:routepoint_id>1446126307</swisstopo:routepoint_id>
				</extensions>
			</trkpt>
			<trkpt lat="46.7995208890" lon="8.4933007799">
				<ele>1378.0</ele>
				<extensions>
					<swisstopo:routepoint_id>1576551399</swisstopo:routepoint_id>
				</extensions>
			</trkpt>
			<trkpt lat="46.7994662791" lon="8.4932331665">
				<ele>1376.7</ele>
				<extensions>
					<swisstopo:routepoint_id>1679416560</swisstopo:routepoint_id>
				</extensions>
			</trkpt>
			<trkpt lat="46.7994400470" lon="8.4931882923">
				<ele>1375.8</ele>
				<extensions>
					<swisstopo:routepoint_id>433506512</swisstopo:routepoint_id>
				</extensions>
			</trkpt>
			<trkpt lat="46.7994141558" lon="8.4931045719">
				<ele>1374.6</ele>
				<extensions>
					<swisstopo:routepoint_id>510990695</swisstopo:routepoint_id>
				</extensions>
			</trkpt>
			<trkpt lat="46.7993977180" lon="8.4930293841">
				<ele>1373.4</ele>
				<extensions>
					<swisstopo:routepoint_id>455541750</swisstopo:routepoint_id>
				</extensions>
			</trkpt>
			<trkpt lat="46.7993827850" lon="8.4929958167">
				<ele>1372.7</ele>
				<extensions>
					<swisstopo:routepoint_id>1770196584</swisstopo:routepoint_id>
				</extensions>
			</trkpt>
			<trkpt lat="46.7993582967" lon="8.4929676143">
				<ele>1372.0</ele>
				<extensions>
					<swisstopo:routepoint_id>105390416</swisstopo:routepoint_id>
				</extensions>
			</trkpt>
			<trkpt lat="46.7993298172" lon="8.4929587413">
				<ele>1371.5</ele>
				<extensions>
					<swisstopo:routepoint_id>1718427617</swisstopo:routepoint_id>
				</extensions>
			</trkpt>
			<trkpt lat="46.7993087910" lon="8.4929666452">
				<ele>1371.1</ele>
				<extensions>
					<swisstopo:routepoint_id>1628315734</swisstopo:routepoint_id>
				</extensions>
			</trkpt>
			<trkpt lat="46.7992627138" lon="8.4930073402">
				<ele>1370.1</ele>
				<extensions>
					<swisstopo:routepoint_id>1704463181</swisstopo:routepoint_id>
				</extensions>
			</trkpt>
			<trkpt lat="46.7992358168" lon="8.4930345300">
				<ele>1369.5</ele>
				<extensions>
					<swisstopo:routepoint_id>870236693</swisstopo:routepoint_id>
				</extensions>
			</trkpt>
			<trkpt lat="46.7991976020" lon="8.4930476560">
				<ele>1369.0</ele>
				<extensions>
					<swisstopo:routepoint_id>1527196691</swisstopo:routepoint_id>
				</extensions>
			</trkpt>
			<trkpt lat="46.7991309079" lon="8.4930519089">
				<ele>1368.2</ele>
				<extensions>
					<swisstopo:routepoint_id>1970608675</swisstopo:routepoint_id>
				</extensions>
			</trkpt>
			<trkpt lat="46.7990623934" lon="8.4930477722">
				<ele>1367.2</ele>
				<extensions>
					<swisstopo:routepoint_id>1780891902</swisstopo:routepoint_id>
				</extensions>
			</trkpt>
			<trkpt lat="46.7990358543" lon="8.4930361737">
				<ele>1366.6</ele>
				<extensions>
					<swisstopo:routepoint_id>679092580</swisstopo:routepoint_id>
				</extensions>
			</trkpt>
			<trkpt lat="46.7990055621" lon="8.4930161799">
				<ele>1366.0</ele>
				<extensions>
					<swisstopo:routepoint_id>1828474450</swisstopo:routepoint_id>
				</extensions>
			</trkpt>
			<trkpt lat="46.7989396098" lon="8.4929400171">
				<ele>1364.1</ele>
				<extensions>
					<swisstopo:routepoint_id>189085309</swisstopo:routepoint_id>
				</extensions>
			</trkpt>
			<trkpt lat="46.7988137223" lon="8.4927573111">
				<ele>1360.6</ele>
				<extensions>
					<swisstopo:routepoint_id>921255797</swisstopo:routepoint_id>
				</extensions>
			</trkpt>
			<trkpt lat="46.7987649584" lon="8.4926759330">
				<ele>1359.5</ele>
				<extensions>
					<swisstopo:routepoint_id>627932165</swisstopo:routepoint_id>
				</extensions>
			</trkpt>
			<trkpt lat="46.7987295792" lon="8.4925892904">
				<ele>1358.5</ele>
				<extensions>
					<swisstopo:routepoint_id>1745929939</swisstopo:routepoint_id>
				</extensions>
			</trkpt>
			<trkpt lat="46.7987000972" lon="8.4924833372">
				<ele>1357.2</ele>
				<extensions>
					<swisstopo:routepoint_id>1390275957</swisstopo:routepoint_id>
				</extensions>
			</trkpt>
			<trkpt lat="46.7986744345" lon="8.4923746955">
				<ele>1355.8</ele>
				<extensions>
					<swisstopo:routepoint_id>202219873</swisstopo:routepoint_id>
				</extensions>
			</trkpt>
			<trkpt lat="46.7986694898" lon="8.4922914120">
				<ele>1354.5</ele>
				<extensions>
					<swisstopo:routepoint_id>253769545</swisstopo:routepoint_id>
				</extensions>
			</trkpt>
			<trkpt lat="46.7986840887" lon="8.4921530722">
				<ele>1352.6</ele>
				<extensions>
					<swisstopo:routepoint_id>829901830</swisstopo:routepoint_id>
				</extensions>
			</trkpt>
			<trkpt lat="46.7986956350" lon="8.4920459068">
				<ele>1351.3</ele>
				<extensions>
					<swisstopo:routepoint_id>893311601</swisstopo:routepoint_id>
				</extensions>
			</trkpt>
			<trkpt lat="46.7986940283" lon="8.4919971915">
				<ele>1350.7</ele>
				<extensions>
					<swisstopo:routepoint_id>1490143845</swisstopo:routepoint_id>
				</extensions>
			</trkpt>
			<trkpt lat="46.7986892935" lon="8.4919524831">
				<ele>1350.2</ele>
				<extensions>
					<swisstopo:routepoint_id>25004430</swisstopo:routepoint_id>
				</extensions>
			</trkpt>
			<trkpt lat="46.7986783095" lon="8.4919143689">
				<ele>1349.7</ele>
				<extensions>
					<swisstopo:routepoint_id>2091648260</swisstopo:routepoint_id>
				</extensions>
			</trkpt>
			<trkpt lat="46.7986464663" lon="8.4917919693">
				<ele>1348.4</ele>
				<extensions>
					<swisstopo:routepoint_id>1324493345</swisstopo:routepoint_id>
				</extensions>
			</trkpt>
			<trkpt lat="46.7986348180" lon="8.4917146444">
				<ele>1347.5</ele>
				<extensions>
					<swisstopo:routepoint_id>1969574429</swisstopo:routepoint_id>
				</extensions>
			</trkpt>
			<trkpt lat="46.7986272766" lon="8.4916387685">
				<ele>1346.8</ele>
				<extensions>
					<swisstopo:routepoint_id>1865349905</swisstopo:routepoint_id>
				</extensions>
			</trkpt>
			<trkpt lat="46.7986256903" lon="8.4915873479">
				<ele>1346.3</ele>
				<extensions>
					<swisstopo:routepoint_id>154972067</swisstopo:routepoint_id>
				</extensions>
			</trkpt>
			<trkpt lat="46.7986167533" lon="8.4915506491">
				<ele>1346.1</ele>
				<extensions>
					<swisstopo:routepoint_id>2053835135</swisstopo:routepoint_id>
				</extensions>
			</trkpt>
			<trkpt lat="46.7985862686" lon="8.4915053416">
				<ele>1345.7</ele>
				<extensions>
					<swisstopo:routepoint_id>657259608</swisstopo:routepoint_id>
				</extensions>
			</trkpt>
			<trkpt lat="46.7985842807" lon="8.4914135385">
				<ele>1345.5</ele>
				<extensions>
					<swisstopo:routepoint_id>1646013066</swisstopo:routepoint_id>
				</extensions>
			</trkpt>
			<trkpt lat="46.7985771383" lon="8.4913607235">
				<ele>1344.9</ele>
				<extensions>
					<swisstopo:routepoint_id>62067923</swisstopo:routepoint_id>
				</extensions>
			</trkpt>
			<trkpt lat="46.7985659706" lon="8.4913327572">
				<ele>1344.3</ele>
				<extensions>
					<swisstopo:routepoint_id>2138415445</swisstopo:routepoint_id>
				</extensions>
			</trkpt>
			<trkpt lat="46.7985358722" lon="8.4912933677">
				<ele>1343.3</ele>
				<extensions>
					<swisstopo:routepoint_id>825030811</swisstopo:routepoint_id>
				</extensions>
			</trkpt>
			<trkpt lat="46.7984829787" lon="8.4912479486">
				<ele>1341.7</ele>
				<extensions>
					<swisstopo:routepoint_id>276039133</swisstopo:routepoint_id>
				</extensions>
			</trkpt>
			<trkpt lat="46.7984167970" lon="8.4911967433">
				<ele>1340.3</ele>
				<extensions>
					<swisstopo:routepoint_id>1198656520</swisstopo:routepoint_id>
				</extensions>
			</trkpt>
			<trkpt lat="46.7983829358" lon="8.4911517283">
				<ele>1339.5</ele>
				<extensions>
					<swisstopo:routepoint_id>58463657</swisstopo:routepoint_id>
				</extensions>
			</trkpt>
			<trkpt lat="46.7983343740" lon="8.4910481926">
				<ele>1337.7</ele>
				<extensions>
					<swisstopo:routepoint_id>357768351</swisstopo:routepoint_id>
				</extensions>
			</trkpt>
			<trkpt lat="46.7982971256" lon="8.4909587264">
				<ele>1336.7</ele>
				<extensions>
					<swisstopo:routepoint_id>1888636494</swisstopo:routepoint_id>
				</extensions>
			</trkpt>
			<trkpt lat="46.7982643625" lon="8.4907944773">
				<ele>1336.0</ele>
				<extensions>
					<swisstopo:routepoint_id>204549442</swisstopo:routepoint_id>
				</extensions>
			</trkpt>
			<trkpt lat="46.7982427154" lon="8.4906637521">
				<ele>1335.1</ele>
				<extensions>
					<swisstopo:routepoint_id>411569547</swisstopo:routepoint_id>
				</extensions>
			</trkpt>
			<trkpt lat="46.7981906202" lon="8.4905296368">
				<ele>1333.1</ele>
				<extensions>
					<swisstopo:routepoint_id>1439517007</swisstopo:routepoint_id>
				</extensions>
			</trkpt>
			<trkpt lat="46.7981418718" lon="8.4904482621">
				<ele>1331.4</ele>
				<extensions>
					<swisstopo:routepoint_id>132714199</swisstopo:routepoint_id>
				</extensions>
			</trkpt>
			<trkpt lat="46.7980837330" lon="8.4903500734">
				<ele>1330.4</ele>
				<extensions>
					<swisstopo:routepoint_id>542660544</swisstopo:routepoint_id>
				</extensions>
			</trkpt>
			<trkpt lat="46.7980238930" lon="8.4902324448">
				<ele>1329.3</ele>
				<extensions>
					<swisstopo:routepoint_id>1935668021</swisstopo:routepoint_id>
				</extensions>
			</trkpt>
			<trkpt lat="46.7979699758" lon="8.4900899797">
				<ele>1327.2</ele>
				<extensions>
					<swisstopo:routepoint_id>482203336</swisstopo:routepoint_id>
				</extensions>
			</trkpt>
			<trkpt lat="46.7979274053" lon="8.4899560517">
				<ele>1325.4</ele>
				<extensions>
					<swisstopo:routepoint_id>1482197448</swisstopo:routepoint_id>
				</extensions>
			</trkpt>
			<trkpt lat="46.7978468456" lon="8.4898130671">
				<ele>1323.1</ele>
				<extensions>
					<swisstopo:routepoint_id>732100673</swisstopo:routepoint_id>
				</extensions>
			</trkpt>
			<trkpt lat="46.7977774285" lon="8.4897008113">
				<ele>1322.0</ele>
				<extensions>
					<swisstopo:routepoint_id>178542676</swisstopo:routepoint_id>
				</extensions>
			</trkpt>
			<trkpt lat="46.7977495844" lon="8.4896226219">
				<ele>1321.2</ele>
				<extensions>
					<swisstopo:routepoint_id>609488638</swisstopo:routepoint_id>
				</extensions>
			</trkpt>
			<trkpt lat="46.7976554700" lon="8.4892963665">
				<ele>1319.0</ele>
				<extensions>
					<swisstopo:routepoint_id>525567307</swisstopo:routepoint_id>
				</extensions>
			</trkpt>
			<trkpt lat="46.7975958657" lon="8.4891510163">
				<ele>1316.8</ele>
				<extensions>
					<swisstopo:routepoint_id>755937337</swisstopo:routepoint_id>
				</extensions>
			</trkpt>
			<trkpt lat="46.7975274926" lon="8.4889250866">
				<ele>1315.8</ele>
				<extensions>
					<swisstopo:routepoint_id>1385361673</swisstopo:routepoint_id>
				</extensions>
			</trkpt>
			<trkpt lat="46.7975094866" lon="8.4888110590">
				<ele>1316.1</ele>
				<extensions>
					<swisstopo:routepoint_id>1223254972</swisstopo:routepoint_id>
				</extensions>
			</trkpt>
			<trkpt lat="46.7974760578" lon="8.4887189007">
				<ele>1316.2</ele>
				<extensions>
					<swisstopo:routepoint_id>310178263</swisstopo:routepoint_id>
				</extensions>
			</trkpt>
			<trkpt lat="46.7974541284" lon="8.4886186577">
				<ele>1317.2</ele>
				<extensions>
					<swisstopo:routepoint_id>1358247239</swisstopo:routepoint_id>
				</extensions>
			</trkpt>
			<trkpt lat="46.7973915678" lon="8.4883817449">
				<ele>1316.6</ele>
				<extensions>
					<swisstopo:routepoint_id>1137900882</swisstopo:routepoint_id>
				</extensions>
			</trkpt>
			<trkpt lat="46.7973584697" lon="8.4882535627">
				<ele>1316.5</ele>
				<extensions>
					<swisstopo:routepoint_id>1603876518</swisstopo:routepoint_id>
				</extensions>
			</trkpt>
			<trkpt lat="46.7972676304" lon="8.4879856020">
				<ele>1315.6</ele>
				<extensions>
					<swisstopo:routepoint_id>2111930362</swisstopo:routepoint_id>
				</extensions>
			</trkpt>
			<trkpt lat="46.7972102786" lon="8.4878014820">
				<ele>1314.0</ele>
				<extensions>
					<swisstopo:routepoint_id>763570341</swisstopo:routepoint_id>
				</extensions>
			</trkpt>
			<trkpt lat="46.7971518520" lon="8.4875286052">
				<ele>1314.5</ele>
				<extensions>
					<swisstopo:routepoint_id>2125807640</swisstopo:routepoint_id>
				</extensions>
			</trkpt>
			<trkpt lat="46.7971211688" lon="8.4873450054">
				<ele>1314.3</ele>
				<extensions>
					<swisstopo:routepoint_id>1245403786</swisstopo:routepoint_id>
				</extensions>
			</trkpt>
			<trkpt lat="46.7970802983" lon="8.4872332941">
				<ele>1315.4</ele>
				<extensions>
					<swisstopo:routepoint_id>1882300649</swisstopo:routepoint_id>
				</extensions>
			</trkpt>
			<trkpt lat="46.7969889929" lon="8.4870364769">
				<ele>1314.1</ele>
				<extensions>
					<swisstopo:routepoint_id>778506139</swisstopo:routepoint_id>
				</extensions>
			</trkpt>
			<trkpt lat="46.7969403823" lon="8.4869368516">
				<ele>1314.1</ele>
				<extensions>
					<swisstopo:routepoint_id>1714890018</swisstopo:routepoint_id>
				</extensions>
			</trkpt>
			<trkpt lat="46.7968879023" lon="8.4868197148">
				<ele>1314.7</ele>
				<extensions>
					<swisstopo:routepoint_id>414853740</swisstopo:routepoint_id>
				</extensions>
			</trkpt>
			<trkpt lat="46.7968551765" lon="8.4866899654">
				<ele>1315.9</ele>
				<extensions>
					<swisstopo:routepoint_id>921269230</swisstopo:routepoint_id>
				</extensions>
			</trkpt>
			<trkpt lat="46.7968092587" lon="8.4865703790">
				<ele>1315.8</ele>
				<extensions>
					<swisstopo:routepoint_id>1359561330</swisstopo:routepoint_id>
				</extensions>
			</trkpt>
			<trkpt lat="46.7967786304" lon="8.4864718623">
				<ele>1316.1</ele>
				<extensions>
					<swisstopo:routepoint_id>170785846</swisstopo:routepoint_id>
				</extensions>
			</trkpt>
			<trkpt lat="46.7967343028" lon="8.4863730952">
				<ele>1315.4</ele>
				<extensions>
					<swisstopo:routepoint_id>1956984014</swisstopo:routepoint_id>
				</extensions>
			</trkpt>
			<trkpt lat="46.7967076262" lon="8.4862330637">
				<ele>1314.2</ele>
				<extensions>
					<swisstopo:routepoint_id>475177080</swisstopo:routepoint_id>
				</extensions>
			</trkpt>
			<trkpt lat="46.7966857444" lon="8.4861529277">
				<ele>1312.9</ele>
				<extensions>
					<swisstopo:routepoint_id>160128053</swisstopo:routepoint_id>
				</extensions>
			</trkpt>
			<trkpt lat="46.7966356072" lon="8.4860401746">
				<ele>1310.8</ele>
				<extensions>
					<swisstopo:routepoint_id>659957944</swisstopo:routepoint_id>
				</extensions>
			</trkpt>
			<trkpt lat="46.7966081114" lon="8.4859885113">
				<ele>1310.4</ele>
				<extensions>
					<swisstopo:routepoint_id>1848533699</swisstopo:routepoint_id>
				</extensions>
			</trkpt>
			<trkpt lat="46.7966203924" lon="8.4859471584">
				<ele>1309.9</ele>
				<extensions>
					<swisstopo:routepoint_id>1144318712</swisstopo:routepoint_id>
				</extensions>
			</trkpt>
			<trkpt lat="46.7966173535" lon="8.4858890436">
				<ele>1308.4</ele>
				<extensions>
					<swisstopo:routepoint_id>1510091394</swisstopo:routepoint_id>
				</extensions>
			</trkpt>
			<trkpt lat="46.7965749566" lon="8.4858396970">
				<ele>1305.9</ele>
				<extensions>
					<swisstopo:routepoint_id>64487526</swisstopo:routepoint_id>
				</extensions>
			</trkpt>
			<trkpt lat="46.7965478259" lon="8.4857481955">
				<ele>1304.0</ele>
				<extensions>
					<swisstopo:routepoint_id>897354801</swisstopo:routepoint_id>
				</extensions>
			</trkpt>
			<trkpt lat="46.7965273921" lon="8.4857053399">
				<ele>1302.9</ele>
				<extensions>
					<swisstopo:routepoint_id>129743158</swisstopo:routepoint_id>
				</extensions>
			</trkpt>
			<trkpt lat="46.7964905146" lon="8.4856387736">
				<ele>1301.8</ele>
				<extensions>
					<swisstopo:routepoint_id>1813108984</swisstopo:routepoint_id>
				</extensions>
			</trkpt>
			<trkpt lat="46.7964593367" lon="8.4855991695">
				<ele>1301.5</ele>
				<extensions>
					<swisstopo:routepoint_id>1312977187</swisstopo:routepoint_id>
				</extensions>
			</trkpt>
			<trkpt lat="46.7963956513" lon="8.4855364157">
				<ele>1300.9</ele>
				<extensions>
					<swisstopo:routepoint_id>1005780732</swisstopo:routepoint_id>
				</extensions>
			</trkpt>
			<trkpt lat="46.7963417575" lon="8.4855076372">
				<ele>1299.5</ele>
				<extensions>
					<swisstopo:routepoint_id>43247174</swisstopo:routepoint_id>
				</extensions>
			</trkpt>
			<trkpt lat="46.7962997804" lon="8.4854782237">
				<ele>1299.0</ele>
				<extensions>
					<swisstopo:routepoint_id>318668856</swisstopo:routepoint_id>
				</extensions>
			</trkpt>
			<trkpt lat="46.7962751824" lon="8.4854352907">
				<ele>1299.4</ele>
				<extensions>
					<swisstopo:routepoint_id>329801509</swisstopo:routepoint_id>
				</extensions>
			</trkpt>
			<trkpt lat="46.7962416682" lon="8.4853904541">
				<ele>1299.3</ele>
				<extensions>
					<swisstopo:routepoint_id>1744762242</swisstopo:routepoint_id>
				</extensions>
			</trkpt>
			<trkpt lat="46.7962022258" lon="8.4852787772">
				<ele>1299.3</ele>
				<extensions>
					<swisstopo:routepoint_id>998395579</swisstopo:routepoint_id>
				</extensions>
			</trkpt>
			<trkpt lat="46.7961667587" lon="8.4851888415">
				<ele>1298.2</ele>
				<extensions>
					<swisstopo:routepoint_id>376734705</swisstopo:routepoint_id>
				</extensions>
			</trkpt>
			<trkpt lat="46.7961303875" lon="8.4851318066">
				<ele>1297.0</ele>
				<extensions>
					<swisstopo:routepoint_id>1941280168</swisstopo:routepoint_id>
				</extensions>
			</trkpt>
			<trkpt lat="46.7960899615" lon="8.4850617118">
				<ele>1295.2</ele>
				<extensions>
					<swisstopo:routepoint_id>908582734</swisstopo:routepoint_id>
				</extensions>
			</trkpt>
			<trkpt lat="46.7960623951" lon="8.4849528566">
				<ele>1293.5</ele>
				<extensions>
					<swisstopo:routepoint_id>1770606859</swisstopo:routepoint_id>
				</extensions>
			</trkpt>
			<trkpt lat="46.7960311478" lon="8.4848569397">
				<ele>1291.9</ele>
				<extensions>
					<swisstopo:routepoint_id>1271959471</swisstopo:routepoint_id>
				</extensions>
			</trkpt>
			<trkpt lat="46.7959914194" lon="8.4847764555">
				<ele>1290.5</ele>
				<extensions>
					<swisstopo:routepoint_id>1212131959</swisstopo:routepoint_id>
				</extensions>
			</trkpt>
			<trkpt lat="46.7959389449" lon="8.4846584596">
				<ele>1288.4</ele>
				<extensions>
					<swisstopo:routepoint_id>1099815784</swisstopo:routepoint_id>
				</extensions>
			</trkpt>
			<trkpt lat="46.7958959549" lon="8.4845441179">
				<ele>1286.4</ele>
				<extensions>
					<swisstopo:routepoint_id>2037025294</swisstopo:routepoint_id>
				</extensions>
			</trkpt>
			<trkpt lat="46.7958675326" lon="8.4844638568">
				<ele>1284.2</ele>
				<extensions>
					<swisstopo:routepoint_id>61452322</swisstopo:routepoint_id>
				</extensions>
			</trkpt>
			<trkpt lat="46.7958490936" lon="8.4843976470">
				<ele>1282.4</ele>
				<extensions>
					<swisstopo:routepoint_id>255677767</swisstopo:routepoint_id>
				</extensions>
			</trkpt>
			<trkpt lat="46.7957903155" lon="8.4843176505">
				<ele>1279.8</ele>
				<extensions>
					<swisstopo:routepoint_id>457698703</swisstopo:routepoint_id>
				</extensions>
			</trkpt>
			<trkpt lat="46.7957445937" lon="8.4842422539">
				<ele>1278.9</ele>
				<extensions>
					<swisstopo:routepoint_id>2129622636</swisstopo:routepoint_id>
				</extensions>
			</trkpt>
			<trkpt lat="46.7957179841" lon="8.4841585553">
				<ele>1277.1</ele>
				<extensions>
					<swisstopo:routepoint_id>146682535</swisstopo:routepoint_id>
				</extensions>
			</trkpt>
			<trkpt lat="46.7957005744" lon="8.4841105628">
				<ele>1276.4</ele>
				<extensions>
					<swisstopo:routepoint_id>125354206</swisstopo:routepoint_id>
				</extensions>
			</trkpt>
			<trkpt lat="46.7956995772" lon="8.4840238914">
				<ele>1276.6</ele>
				<extensions>
					<swisstopo:routepoint_id>1729161751</swisstopo:routepoint_id>
				</extensions>
			</trkpt>
			<trkpt lat="46.7956924046" lon="8.4839622372">
				<ele>1276.8</ele>
				<extensions>
					<swisstopo:routepoint_id>2018535630</swisstopo:routepoint_id>
				</extensions>
			</trkpt>
			<trkpt lat="46.7956695639" lon="8.4839227965">
				<ele>1277.2</ele>
				<extensions>
					<swisstopo:routepoint_id>1342760558</swisstopo:routepoint_id>
				</extensions>
			</trkpt>
			<trkpt lat="46.7956234131" lon="8.4838933036">
				<ele>1276.1</ele>
				<extensions>
					<swisstopo:routepoint_id>1154893792</swisstopo:routepoint_id>
				</extensions>
			</trkpt>
			<trkpt lat="46.7955804543" lon="8.4838413583">
				<ele>1275.7</ele>
				<extensions>
					<swisstopo:routepoint_id>1887789510</swisstopo:routepoint_id>
				</extensions>
			</trkpt>
			<trkpt lat="46.7955630041" lon="8.4837968224">
				<ele>1275.9</ele>
				<extensions>
					<swisstopo:routepoint_id>1081712195</swisstopo:routepoint_id>
				</extensions>
			</trkpt>
			<trkpt lat="46.7955546281" lon="8.4837368751">
				<ele>1275.3</ele>
				<extensions>
					<swisstopo:routepoint_id>2087111299</swisstopo:routepoint_id>
				</extensions>
			</trkpt>
			<trkpt lat="46.7955331808" lon="8.4836749442">
				<ele>1275.0</ele>
				<extensions>
					<swisstopo:routepoint_id>1238885052</swisstopo:routepoint_id>
				</extensions>
			</trkpt>
			<trkpt lat="46.7955217956" lon="8.4836183956">
				<ele>1274.5</ele>
				<extensions>
					<swisstopo:routepoint_id>599457647</swisstopo:routepoint_id>
				</extensions>
			</trkpt>
			<trkpt lat="46.7955089858" lon="8.4835878231">
				<ele>1274.8</ele>
				<extensions>
					<swisstopo:routepoint_id>1676419641</swisstopo:routepoint_id>
				</extensions>
			</trkpt>
			<trkpt lat="46.7954804800" lon="8.4835392606">
				<ele>1274.4</ele>
				<extensions>
					<swisstopo:routepoint_id>1603653013</swisstopo:routepoint_id>
				</extensions>
			</trkpt>
			<trkpt lat="46.7954554559" lon="8.4835192061">
				<ele>1274.2</ele>
				<extensions>
					<swisstopo:routepoint_id>650716391</swisstopo:routepoint_id>
				</extensions>
			</trkpt>
			<trkpt lat="46.7954279837" lon="8.4834658156">
				<ele>1273.3</ele>
				<extensions>
					<swisstopo:routepoint_id>1172229767</swisstopo:routepoint_id>
				</extensions>
			</trkpt>
			<trkpt lat="46.7954044769" lon="8.4834333055">
				<ele>1272.6</ele>
				<extensions>
					<swisstopo:routepoint_id>759170142</swisstopo:routepoint_id>
				</extensions>
			</trkpt>
			<trkpt lat="46.7953953079" lon="8.4833941336">
				<ele>1271.8</ele>
				<extensions>
					<swisstopo:routepoint_id>1148087091</swisstopo:routepoint_id>
				</extensions>
			</trkpt>
			<trkpt lat="46.7953517555" lon="8.4833421614">
				<ele>1271.9</ele>
				<extensions>
					<swisstopo:routepoint_id>1537946169</swisstopo:routepoint_id>
				</extensions>
			</trkpt>
			<trkpt lat="46.7953160477" lon="8.4833423451">
				<ele>1270.9</ele>
				<extensions>
					<swisstopo:routepoint_id>218711398</swisstopo:routepoint_id>
				</extensions>
			</trkpt>
			<trkpt lat="46.7952923586" lon="8.4833297554">
				<ele>1270.0</ele>
				<extensions>
					<swisstopo:routepoint_id>85493263</swisstopo:routepoint_id>
				</extensions>
			</trkpt>
			<trkpt lat="46.7952616228" lon="8.4833066289">
				<ele>1269.0</ele>
				<extensions>
					<swisstopo:routepoint_id>846757876</swisstopo:routepoint_id>
				</extensions>
			</trkpt>
			<trkpt lat="46.7952014824" lon="8.4832456781">
				<ele>1267.0</ele>
				<extensions>
					<swisstopo:routepoint_id>220203551</swisstopo:routepoint_id>
				</extensions>
			</trkpt>
			<trkpt lat="46.7951286429" lon="8.4831420142">
				<ele>1264.5</ele>
				<extensions>
					<swisstopo:routepoint_id>756558034</swisstopo:routepoint_id>
				</extensions>
			</trkpt>
			<trkpt lat="46.7950859780" lon="8.4830736090">
				<ele>1262.9</ele>
				<extensions>
					<swisstopo:routepoint_id>2047226724</swisstopo:routepoint_id>
				</extensions>
			</trkpt>
			<trkpt lat="46.7950423477" lon="8.4830439039">
				<ele>1261.8</ele>
				<extensions>
					<swisstopo:routepoint_id>802792854</swisstopo:routepoint_id>
				</extensions>
			</trkpt>
			<trkpt lat="46.7949783706" lon="8.4829952460">
				<ele>1260.6</ele>
				<extensions>
					<swisstopo:routepoint_id>212534545</swisstopo:routepoint_id>
				</extensions>
			</trkpt>
			<trkpt lat="46.7949313278" lon="8.4829520622">
				<ele>1259.5</ele>
				<extensions>
					<swisstopo:routepoint_id>1442827267</swisstopo:routepoint_id>
				</extensions>
			</trkpt>
			<trkpt lat="46.7949066790" lon="8.4829381845">
				<ele>1259.1</ele>
				<extensions>
					<swisstopo:routepoint_id>1625232780</swisstopo:routepoint_id>
				</extensions>
			</trkpt>
			<trkpt lat="46.7948904306" lon="8.4829402648">
				<ele>1259.1</ele>
				<extensions>
					<swisstopo:routepoint_id>724187247</swisstopo:routepoint_id>
				</extensions>
			</trkpt>
			<trkpt lat="46.7948717370" lon="8.4828870485">
				<ele>1259.0</ele>
				<extensions>
					<swisstopo:routepoint_id>1987426955</swisstopo:routepoint_id>
				</extensions>
			</trkpt>
			<trkpt lat="46.7948603729" lon="8.4828409940">
				<ele>1258.8</ele>
				<extensions>
					<swisstopo:routepoint_id>1883366984</swisstopo:routepoint_id>
				</extensions>
			</trkpt>
			<trkpt lat="46.7948553017" lon="8.4828003287">
				<ele>1258.6</ele>
				<extensions>
					<swisstopo:routepoint_id>1470270138</swisstopo:routepoint_id>
				</extensions>
			</trkpt>
			<trkpt lat="46.7948539287" lon="8.4827487691">
				<ele>1258.4</ele>
				<extensions>
					<swisstopo:routepoint_id>1019589593</swisstopo:routepoint_id>
				</extensions>
			</trkpt>
			<trkpt lat="46.7947081467" lon="8.4828105334">
				<ele>1253.6</ele>
				<extensions>
					<swisstopo:routepoint_id>1834372275</swisstopo:routepoint_id>
				</extensions>
			</trkpt>
			<trkpt lat="46.7945546865" lon="8.4829062329">
				<ele>1253.5</ele>
				<extensions>
					<swisstopo:routepoint_id>882766193</swisstopo:routepoint_id>
				</extensions>
			</trkpt>
			<trkpt lat="46.7945300230" lon="8.4828673883">
				<ele>1253.4</ele>
				<extensions>
					<swisstopo:routepoint_id>1147455579</swisstopo:routepoint_id>
				</extensions>
			</trkpt>
			<trkpt lat="46.7944963075" lon="8.4828080384">
				<ele>1253.2</ele>
				<extensions>
					<swisstopo:routepoint_id>360899701</swisstopo:routepoint_id>
				</extensions>
			</trkpt>
			<trkpt lat="46.7944493345" lon="8.4827178586">
				<ele>1252.7</ele>
				<extensions>
					<swisstopo:routepoint_id>2033787000</swisstopo:routepoint_id>
				</extensions>
			</trkpt>
			<trkpt lat="46.7943935452" lon="8.4826227271">
				<ele>1252.1</ele>
				<extensions>
					<swisstopo:routepoint_id>205835810</swisstopo:routepoint_id>
				</extensions>
			</trkpt>
			<trkpt lat="46.7943259365" lon="8.4825274307">
				<ele>1251.2</ele>
				<extensions>
					<swisstopo:routepoint_id>635300442</swisstopo:routepoint_id>
				</extensions>
			</trkpt>
			<trkpt lat="46.7942336551" lon="8.4823715981">
				<ele>1250.2</ele>
				<extensions>
					<swisstopo:routepoint_id>919493522</swisstopo:routepoint_id>
				</extensions>
			</trkpt>
			<trkpt lat="46.7941564994" lon="8.4822193339">
				<ele>1249.6</ele>
				<extensions>
					<swisstopo:routepoint_id>1769713096</swisstopo:routepoint_id>
				</extensions>
			</trkpt>
			<trkpt lat="46.7941108600" lon="8.4821003225">
				<ele>1249.0</ele>
				<extensions>
					<swisstopo:routepoint_id>717807185</swisstopo:routepoint_id>
				</extensions>
			</trkpt>
			<trkpt lat="46.7940961230" lon="8.4820403179">
				<ele>1249.1</ele>
				<extensions>
					<swisstopo:routepoint_id>1973499300</swisstopo:routepoint_id>
				</extensions>
			</trkpt>
			<trkpt lat="46.7940869836" lon="8.4819850875">
				<ele>1248.9</ele>
				<extensions>
					<swisstopo:routepoint_id>1062295773</swisstopo:routepoint_id>
				</extensions>
			</trkpt>
			<trkpt lat="46.7940776532" lon="8.4819497737">
				<ele>1249.1</ele>
				<extensions>
					<swisstopo:routepoint_id>140485918</swisstopo:routepoint_id>
				</extensions>
			</trkpt>
			<trkpt lat="46.7940586180" lon="8.4819201308">
				<ele>1248.9</ele>
				<extensions>
					<swisstopo:routepoint_id>805107095</swisstopo:routepoint_id>
				</extensions>
			</trkpt>
			<trkpt lat="46.7940277240" lon="8.4818680001">
				<ele>1248.8</ele>
				<extensions>
					<swisstopo:routepoint_id>1412963603</swisstopo:routepoint_id>
				</extensions>
			</trkpt>
			<trkpt lat="46.7939689312" lon="8.4817883990">
				<ele>1248.0</ele>
				<extensions>
					<swisstopo:routepoint_id>1226067624</swisstopo:routepoint_id>
				</extensions>
			</trkpt>
			<trkpt lat="46.7939427729" lon="8.4817457271">
				<ele>1247.9</ele>
				<extensions>
					<swisstopo:routepoint_id>977026598</swisstopo:routepoint_id>
				</extensions>
			</trkpt>
			<trkpt lat="46.7939035926" lon="8.4816325404">
				<ele>1247.5</ele>
				<extensions>
					<swisstopo:routepoint_id>1091879859</swisstopo:routepoint_id>
				</extensions>
			</trkpt>
			<trkpt lat="46.7938548577" lon="8.4815086253">
				<ele>1246.7</ele>
				<extensions>
					<swisstopo:routepoint_id>1462428882</swisstopo:routepoint_id>
				</extensions>
			</trkpt>
			<trkpt lat="46.7938210637" lon="8.4814213092">
				<ele>1246.0</ele>
				<extensions>
					<swisstopo:routepoint_id>1721191596</swisstopo:routepoint_id>
				</extensions>
			</trkpt>
			<trkpt lat="46.7937880368" lon="8.4813386836">
				<ele>1245.8</ele>
				<extensions>
					<swisstopo:routepoint_id>1898300604</swisstopo:routepoint_id>
				</extensions>
			</trkpt>
			<trkpt lat="46.7937478653" lon="8.4812453889">
				<ele>1245.4</ele>
				<extensions>
					<swisstopo:routepoint_id>1745494432</swisstopo:routepoint_id>
				</extensions>
			</trkpt>
			<trkpt lat="46.7936998449" lon="8.4811308519">
				<ele>1244.9</ele>
				<extensions>
					<swisstopo:routepoint_id>1097164282</swisstopo:routepoint_id>
				</extensions>
			</trkpt>
			<trkpt lat="46.7936509918" lon="8.4810198262">
				<ele>1243.9</ele>
				<extensions>
					<swisstopo:routepoint_id>1231159761</swisstopo:routepoint_id>
				</extensions>
			</trkpt>
			<trkpt lat="46.7936261339" lon="8.4809233043">
				<ele>1243.4</ele>
				<extensions>
					<swisstopo:routepoint_id>1594937945</swisstopo:routepoint_id>
				</extensions>
			</trkpt>
			<trkpt lat="46.7936068334" lon="8.4808339221">
				<ele>1243.1</ele>
				<extensions>
					<swisstopo:routepoint_id>570857642</swisstopo:routepoint_id>
				</extensions>
			</trkpt>
			<trkpt lat="46.7935935549" lon="8.4807915130">
				<ele>1242.8</ele>
				<extensions>
					<swisstopo:routepoint_id>2005561622</swisstopo:routepoint_id>
				</extensions>
			</trkpt>
			<trkpt lat="46.7935706162" lon="8.4807489041">
				<ele>1242.4</ele>
				<extensions>
					<swisstopo:routepoint_id>1082230295</swisstopo:routepoint_id>
				</extensions>
			</trkpt>
			<trkpt lat="46.7935120369" lon="8.4806458777">
				<ele>1241.9</ele>
				<extensions>
					<swisstopo:routepoint_id>1882035394</swisstopo:routepoint_id>
				</extensions>
			</trkpt>
			<trkpt lat="46.7934838733" lon="8.4805586686">
				<ele>1241.4</ele>
				<extensions>
					<swisstopo:routepoint_id>1134993264</swisstopo:routepoint_id>
				</extensions>
			</trkpt>
			<trkpt lat="46.7934583116" lon="8.4804504385">
				<ele>1241.1</ele>
				<extensions>
					<swisstopo:routepoint_id>340071933</swisstopo:routepoint_id>
				</extensions>
			</trkpt>
			<trkpt lat="46.7934426139" lon="8.4804079701">
				<ele>1241.2</ele>
				<extensions>
					<swisstopo:routepoint_id>1657621552</swisstopo:routepoint_id>
				</extensions>
			</trkpt>
			<trkpt lat="46.7934173925" lon="8.4803512624">
				<ele>1241.1</ele>
				<extensions>
					<swisstopo:routepoint_id>1170117533</swisstopo:routepoint_id>
				</extensions>
			</trkpt>
			<trkpt lat="46.7934032722" lon="8.4803123486">
				<ele>1240.9</ele>
				<extensions>
					<swisstopo:routepoint_id>1119362579</swisstopo:routepoint_id>
				</extensions>
			</trkpt>
			<trkpt lat="46.7933878519" lon="8.4802394411">
				<ele>1240.5</ele>
				<extensions>
					<swisstopo:routepoint_id>957215408</swisstopo:routepoint_id>
				</extensions>
			</trkpt>
			<trkpt lat="46.7933560407" lon="8.4801111674">
				<ele>1240.0</ele>
				<extensions>
					<swisstopo:routepoint_id>1949619962</swisstopo:routepoint_id>
				</extensions>
			</trkpt>
			<trkpt lat="46.7933334005" lon="8.4800357796">
				<ele>1239.7</ele>
				<extensions>
					<swisstopo:routepoint_id>207236307</swisstopo:routepoint_id>
				</extensions>
			</trkpt>
			<trkpt lat="46.7932995632" lon="8.4799531400">
				<ele>1239.2</ele>
				<extensions>
					<swisstopo:routepoint_id>80764973</swisstopo:routepoint_id>
				</extensions>
			</trkpt>
			<trkpt lat="46.7932593352" lon="8.4798668783">
				<ele>1239.1</ele>
				<extensions>
					<swisstopo:routepoint_id>137488735</swisstopo:routepoint_id>
				</extensions>
			</trkpt>
			<trkpt lat="46.7932157933" lon="8.4797899067">
				<ele>1238.7</ele>
				<extensions>
					<swisstopo:routepoint_id>1863196527</swisstopo:routepoint_id>
				</extensions>
			</trkpt>
			<trkpt lat="46.7931803547" lon="8.4797072363">
				<ele>1238.2</ele>
				<extensions>
					<swisstopo:routepoint_id>686636094</swisstopo:routepoint_id>
				</extensions>
			</trkpt>
			<trkpt lat="46.7931408328" lon="8.4796303586">
				<ele>1237.7</ele>
				<extensions>
					<swisstopo:routepoint_id>944923437</swisstopo:routepoint_id>
				</extensions>
			</trkpt>
			<trkpt lat="46.7930957106" lon="8.4795510223">
				<ele>1237.2</ele>
				<extensions>
					<swisstopo:routepoint_id>1088172527</swisstopo:routepoint_id>
				</extensions>
			</trkpt>
			<trkpt lat="46.7930546518" lon="8.4794670798">
				<ele>1236.6</ele>
				<extensions>
					<swisstopo:routepoint_id>39291108</swisstopo:routepoint_id>
				</extensions>
			</trkpt>
			<trkpt lat="46.7930042191" lon="8.4793524992">
				<ele>1235.9</ele>
				<extensions>
					<swisstopo:routepoint_id>383321844</swisstopo:routepoint_id>
				</extensions>
			</trkpt>
			<trkpt lat="46.7929773229" lon="8.4793027956">
				<ele>1235.6</ele>
				<extensions>
					<swisstopo:routepoint_id>55093043</swisstopo:routepoint_id>
				</extensions>
			</trkpt>
			<trkpt lat="46.7929399648" lon="8.4792540539">
				<ele>1235.3</ele>
				<extensions>
					<swisstopo:routepoint_id>823118031</swisstopo:routepoint_id>
				</extensions>
			</trkpt>
			<trkpt lat="46.7928921991" lon="8.4791992559">
				<ele>1235.1</ele>
				<extensions>
					<swisstopo:routepoint_id>1137613496</swisstopo:routepoint_id>
				</extensions>
			</trkpt>
			<trkpt lat="46.7928747726" lon="8.4791696456">
				<ele>1234.9</ele>
				<extensions>
					<swisstopo:routepoint_id>58460025</swisstopo:routepoint_id>
				</extensions>
			</trkpt>
			<trkpt lat="46.7928685550" lon="8.4791461040">
				<ele>1234.9</ele>
				<extensions>
					<swisstopo:routepoint_id>833467858</swisstopo:routepoint_id>
				</extensions>
			</trkpt>
			<trkpt lat="46.7928656545" lon="8.4791109190">
				<ele>1234.8</ele>
				<extensions>
					<swisstopo:routepoint_id>450961103</swisstopo:routepoint_id>
				</extensions>
			</trkpt>
			<trkpt lat="46.7928645549" lon="8.4790558426">
				<ele>1234.6</ele>
				<extensions>
					<swisstopo:routepoint_id>1248881783</swisstopo:routepoint_id>
				</extensions>
			</trkpt>
			<trkpt lat="46.7928592549" lon="8.4790194439">
				<ele>1234.4</ele>
				<extensions>
					<swisstopo:routepoint_id>622329639</swisstopo:routepoint_id>
				</extensions>
			</trkpt>
			<trkpt lat="46.7928445164" lon="8.4789594287">
				<ele>1234.2</ele>
				<extensions>
					<swisstopo:routepoint_id>400605912</swisstopo:routepoint_id>
				</extensions>
			</trkpt>
			<trkpt lat="46.7928233683" lon="8.4788969457">
				<ele>1233.9</ele>
				<extensions>
					<swisstopo:routepoint_id>915007497</swisstopo:routepoint_id>
				</extensions>
			</trkpt>
			<trkpt lat="46.7928055165" lon="8.4788251629">
				<ele>1233.7</ele>
				<extensions>
					<swisstopo:routepoint_id>788287120</swisstopo:routepoint_id>
				</extensions>
			</trkpt>
			<trkpt lat="46.7927857110" lon="8.4787041555">
				<ele>1233.4</ele>
				<extensions>
					<swisstopo:routepoint_id>1152305338</swisstopo:routepoint_id>
				</extensions>
			</trkpt>
			<trkpt lat="46.7927644138" lon="8.4785690647">
				<ele>1232.7</ele>
				<extensions>
					<swisstopo:routepoint_id>1097256761</swisstopo:routepoint_id>
				</extensions>
			</trkpt>
			<trkpt lat="46.7927496098" lon="8.4785172479">
				<ele>1232.4</ele>
				<extensions>
					<swisstopo:routepoint_id>1333761621</swisstopo:routepoint_id>
				</extensions>
			</trkpt>
			<trkpt lat="46.7927235354" lon="8.4784652263">
				<ele>1232.3</ele>
				<extensions>
					<swisstopo:routepoint_id>379821215</swisstopo:routepoint_id>
				</extensions>
			</trkpt>
			<trkpt lat="46.7926682058" lon="8.4783587555">
				<ele>1231.9</ele>
				<extensions>
					<swisstopo:routepoint_id>689103298</swisstopo:routepoint_id>
				</extensions>
			</trkpt>
			<trkpt lat="46.7926343461" lon="8.4782784615">
				<ele>1231.7</ele>
				<extensions>
					<swisstopo:routepoint_id>751986099</swisstopo:routepoint_id>
				</extensions>
			</trkpt>
			<trkpt lat="46.7926094749" lon="8.4781831223">
				<ele>1231.4</ele>
				<extensions>
					<swisstopo:routepoint_id>928827906</swisstopo:routepoint_id>
				</extensions>
			</trkpt>
			<trkpt lat="46.7925833671" lon="8.4780467721">
				<ele>1231.1</ele>
				<extensions>
					<swisstopo:routepoint_id>1982200431</swisstopo:routepoint_id>
				</extensions>
			</trkpt>
			<trkpt lat="46.7925527461" lon="8.4778763605">
				<ele>1230.4</ele>
				<extensions>
					<swisstopo:routepoint_id>1758404514</swisstopo:routepoint_id>
				</extensions>
			</trkpt>
			<trkpt lat="46.7925389996" lon="8.4777952878">
				<ele>1230.3</ele>
				<extensions>
					<swisstopo:routepoint_id>205052786</swisstopo:routepoint_id>
				</extensions>
			</trkpt>
			<trkpt lat="46.7925225957" lon="8.4777422766">
				<ele>1230.2</ele>
				<extensions>
					<swisstopo:routepoint_id>1133999073</swisstopo:routepoint_id>
				</extensions>
			</trkpt>
			<trkpt lat="46.7924863355" lon="8.4776607728">
				<ele>1229.8</ele>
				<extensions>
					<swisstopo:routepoint_id>596129304</swisstopo:routepoint_id>
				</extensions>
			</trkpt>
			<trkpt lat="46.7924477500" lon="8.4775698450">
				<ele>1229.4</ele>
				<extensions>
					<swisstopo:routepoint_id>1431861598</swisstopo:routepoint_id>
				</extensions>
			</trkpt>
			<trkpt lat="46.7924251921" lon="8.4775109398">
				<ele>1229.4</ele>
				<extensions>
					<swisstopo:routepoint_id>481406721</swisstopo:routepoint_id>
				</extensions>
			</trkpt>
			<trkpt lat="46.7924106102" lon="8.4774385624">
				<ele>1229.2</ele>
				<extensions>
					<swisstopo:routepoint_id>27116555</swisstopo:routepoint_id>
				</extensions>
			</trkpt>
			<trkpt lat="46.7923947104" lon="8.4773024130">
				<ele>1229.0</ele>
				<extensions>
					<swisstopo:routepoint_id>766001760</swisstopo:routepoint_id>
				</extensions>
			</trkpt>
			<trkpt lat="46.7923763875" lon="8.4771190707">
				<ele>1228.3</ele>
				<extensions>
					<swisstopo:routepoint_id>1735332981</swisstopo:routepoint_id>
				</extensions>
			</trkpt>
			<trkpt lat="46.7923558798" lon="8.4769661845">
				<ele>1227.9</ele>
				<extensions>
					<swisstopo:routepoint_id>918153468</swisstopo:routepoint_id>
				</extensions>
			</trkpt>
			<trkpt lat="46.7923413484" lon="8.4768882697">
				<ele>1227.9</ele>
				<extensions>
					<swisstopo:routepoint_id>1095581778</swisstopo:routepoint_id>
				</extensions>
			</trkpt>
			<trkpt lat="46.7923220041" lon="8.4768172046">
				<ele>1227.9</ele>
				<extensions>
					<swisstopo:routepoint_id>254461565</swisstopo:routepoint_id>
				</extensions>
			</trkpt>
			<trkpt lat="46.7923129413" lon="8.4767671238">
				<ele>1228.1</ele>
				<extensions>
					<swisstopo:routepoint_id>2082973337</swisstopo:routepoint_id>
				</extensions>
			</trkpt>
			<trkpt lat="46.7923107611" lon="8.4766922228">
				<ele>1228.4</ele>
				<extensions>
					<swisstopo:routepoint_id>1405628791</swisstopo:routepoint_id>
				</extensions>
			</trkpt>
			<trkpt lat="46.7923202270" lon="8.4765939715">
				<ele>1228.9</ele>
				<extensions>
					<swisstopo:routepoint_id>614544802</swisstopo:routepoint_id>
				</extensions>
			</trkpt>
			<trkpt lat="46.7923191509" lon="8.4765024563">
				<ele>1229.5</ele>
				<extensions>
					<swisstopo:routepoint_id>443153914</swisstopo:routepoint_id>
				</extensions>
			</trkpt>
			<trkpt lat="46.7923125145" lon="8.4763942019">
				<ele>1229.9</ele>
				<extensions>
					<swisstopo:routepoint_id>1825521629</swisstopo:routepoint_id>
				</extensions>
			</trkpt>
			<trkpt lat="46.7923143240" lon="8.4762999795">
				<ele>1230.3</ele>
				<extensions>
					<swisstopo:routepoint_id>1937277628</swisstopo:routepoint_id>
				</extensions>
			</trkpt>
			<trkpt lat="46.7923164985" lon="8.4761655508">
				<ele>1230.7</ele>
				<extensions>
					<swisstopo:routepoint_id>1534159930</swisstopo:routepoint_id>
				</extensions>
			</trkpt>
			<trkpt lat="46.7923335353" lon="8.4760716120">
				<ele>1230.9</ele>
				<extensions>
					<swisstopo:routepoint_id>1818175699</swisstopo:routepoint_id>
				</extensions>
			</trkpt>
			<trkpt lat="46.7923611053" lon="8.4759709430">
				<ele>1230.1</ele>
				<extensions>
					<swisstopo:routepoint_id>1633688142</swisstopo:routepoint_id>
				</extensions>
			</trkpt>
			<trkpt lat="46.7923827589" lon="8.4758937380">
				<ele>1230.1</ele>
				<extensions>
					<swisstopo:routepoint_id>1962181982</swisstopo:routepoint_id>
				</extensions>
			</trkpt>
			<trkpt lat="46.7923975113" lon="8.4758413402">
				<ele>1230.5</ele>
				<extensions>
					<swisstopo:routepoint_id>1722115743</swisstopo:routepoint_id>
				</extensions>
			</trkpt>
			<trkpt lat="46.7924018160" lon="8.4757873534">
				<ele>1230.5</ele>
				<extensions>
					<swisstopo:routepoint_id>1878623591</swisstopo:routepoint_id>
				</extensions>
			</trkpt>
			<trkpt lat="46.7924044561" lon="8.4757056152">
				<ele>1230.9</ele>
				<extensions>
					<swisstopo:routepoint_id>703375297</swisstopo:routepoint_id>
				</extensions>
			</trkpt>
			<trkpt lat="46.7924066544" lon="8.4755684238">
				<ele>1231.4</ele>
				<extensions>
					<swisstopo:routepoint_id>988111764</swisstopo:routepoint_id>
				</extensions>
			</trkpt>
			<trkpt lat="46.7924051369" lon="8.4754214425">
				<ele>1231.4</ele>
				<extensions>
					<swisstopo:routepoint_id>872621761</swisstopo:routepoint_id>
				</extensions>
			</trkpt>
			<trkpt lat="46.7924048749" lon="8.4753452064">
				<ele>1230.8</ele>
				<extensions>
					<swisstopo:routepoint_id>895741833</swisstopo:routepoint_id>
				</extensions>
			</trkpt>
			<trkpt lat="46.7924089687" lon="8.4753133896">
				<ele>1230.7</ele>
				<extensions>
					<swisstopo:routepoint_id>929347552</swisstopo:routepoint_id>
				</extensions>
			</trkpt>
			<trkpt lat="46.7924188752" lon="8.4752706167">
				<ele>1230.9</ele>
				<extensions>
					<swisstopo:routepoint_id>497348468</swisstopo:routepoint_id>
				</extensions>
			</trkpt>
			<trkpt lat="46.7924472560" lon="8.4751865982">
				<ele>1231.1</ele>
				<extensions>
					<swisstopo:routepoint_id>169840133</swisstopo:routepoint_id>
				</extensions>
			</trkpt>
			<trkpt lat="46.7924894982" lon="8.4750432345">
				<ele>1230.6</ele>
				<extensions>
					<swisstopo:routepoint_id>843313019</swisstopo:routepoint_id>
				</extensions>
			</trkpt>
			<trkpt lat="46.7925083805" lon="8.4749520936">
				<ele>1230.4</ele>
				<extensions>
					<swisstopo:routepoint_id>2108690780</swisstopo:routepoint_id>
				</extensions>
			</trkpt>
			<trkpt lat="46.7925278505" lon="8.4748824153">
				<ele>1230.1</ele>
				<extensions>
					<swisstopo:routepoint_id>296175897</swisstopo:routepoint_id>
				</extensions>
			</trkpt>
			<trkpt lat="46.7925425539" lon="8.4748433130">
				<ele>1230.0</ele>
				<extensions>
					<swisstopo:routepoint_id>297473559</swisstopo:routepoint_id>
				</extensions>
			</trkpt>
			<trkpt lat="46.7925667817" lon="8.4747966487">
				<ele>1229.6</ele>
				<extensions>
					<swisstopo:routepoint_id>1003803713</swisstopo:routepoint_id>
				</extensions>
			</trkpt>
			<trkpt lat="46.7926007515" lon="8.4747252089">
				<ele>1228.9</ele>
				<extensions>
					<swisstopo:routepoint_id>1530910060</swisstopo:routepoint_id>
				</extensions>
			</trkpt>
			<trkpt lat="46.7926173438" lon="8.4746811766">
				<ele>1228.6</ele>
				<extensions>
					<swisstopo:routepoint_id>1799520623</swisstopo:routepoint_id>
				</extensions>
			</trkpt>
			<trkpt lat="46.7926273503" lon="8.4746272990">
				<ele>1228.1</ele>
				<extensions>
					<swisstopo:routepoint_id>1456465647</swisstopo:routepoint_id>
				</extensions>
			</trkpt>
			<trkpt lat="46.7926299486" lon="8.4745511017">
				<ele>1227.7</ele>
				<extensions>
					<swisstopo:routepoint_id>383789484</swisstopo:routepoint_id>
				</extensions>
			</trkpt>
			<trkpt lat="46.7926421506" lon="8.4744653962">
				<ele>1227.4</ele>
				<extensions>
					<swisstopo:routepoint_id>785188957</swisstopo:routepoint_id>
				</extensions>
			</trkpt>
			<trkpt lat="46.7926619123" lon="8.4743853652">
				<ele>1227.3</ele>
				<extensions>
					<swisstopo:routepoint_id>1224496994</swisstopo:routepoint_id>
				</extensions>
			</trkpt>
			<trkpt lat="46.7926873191" lon="8.4743137700">
				<ele>1227.3</ele>
				<extensions>
					<swisstopo:routepoint_id>891801801</swisstopo:routepoint_id>
				</extensions>
			</trkpt>
			<trkpt lat="46.7927066625" lon="8.4742808711">
				<ele>1227.3</ele>
				<extensions>
					<swisstopo:routepoint_id>1633888570</swisstopo:routepoint_id>
				</extensions>
			</trkpt>
			<trkpt lat="46.7927335268" lon="8.4742578255">
				<ele>1226.9</ele>
				<extensions>
					<swisstopo:routepoint_id>1298911475</swisstopo:routepoint_id>
				</extensions>
			</trkpt>
			<trkpt lat="46.7927794334" lon="8.4742351429">
				<ele>1226.5</ele>
				<extensions>
					<swisstopo:routepoint_id>1348723080</swisstopo:routepoint_id>
				</extensions>
			</trkpt>
			<trkpt lat="46.7928138790" lon="8.4742163939">
				<ele>1226.3</ele>
				<extensions>
					<swisstopo:routepoint_id>1693458053</swisstopo:routepoint_id>
				</extensions>
			</trkpt>
			<trkpt lat="46.7928426883" lon="8.4741892188">
				<ele>1226.1</ele>
				<extensions>
					<swisstopo:routepoint_id>1011680936</swisstopo:routepoint_id>
				</extensions>
			</trkpt>
			<trkpt lat="46.7928576274" lon="8.4741608464">
				<ele>1226.0</ele>
				<extensions>
					<swisstopo:routepoint_id>1673505385</swisstopo:routepoint_id>
				</extensions>
			</trkpt>
			<trkpt lat="46.7928762629" lon="8.4740482131">
				<ele>1225.7</ele>
				<extensions>
					<swisstopo:routepoint_id>2028754172</swisstopo:routepoint_id>
				</extensions>
			</trkpt>
			<trkpt lat="46.7928908325" lon="8.4740159192">
				<ele>1225.8</ele>
				<extensions>
					<swisstopo:routepoint_id>1928856691</swisstopo:routepoint_id>
				</extensions>
			</trkpt>
			<trkpt lat="46.7929091974" lon="8.4739857771">
				<ele>1225.4</ele>
				<extensions>
					<swisstopo:routepoint_id>1608395640</swisstopo:routepoint_id>
				</extensions>
			</trkpt>
			<trkpt lat="46.7929322446" lon="8.4739640457">
				<ele>1225.2</ele>
				<extensions>
					<swisstopo:routepoint_id>1173820026</swisstopo:routepoint_id>
				</extensions>
			</trkpt>
			<trkpt lat="46.7929572683" lon="8.4739347126">
				<ele>1225.2</ele>
				<extensions>
					<swisstopo:routepoint_id>464141990</swisstopo:routepoint_id>
				</extensions>
			</trkpt>
			<trkpt lat="46.7929816081" lon="8.4738755682">
				<ele>1225.1</ele>
				<extensions>
					<swisstopo:routepoint_id>62125376</swisstopo:routepoint_id>
				</extensions>
			</trkpt>
			<trkpt lat="46.7930197590" lon="8.4737626316">
				<ele>1224.5</ele>
				<extensions>
					<swisstopo:routepoint_id>1023466778</swisstopo:routepoint_id>
				</extensions>
			</trkpt>
			<trkpt lat="46.7930576360" lon="8.4736281964">
				<ele>1223.1</ele>
				<extensions>
					<swisstopo:routepoint_id>589734069</swisstopo:routepoint_id>
				</extensions>
			</trkpt>
			<trkpt lat="46.7930900437" lon="8.4735186060">
				<ele>1222.6</ele>
				<extensions>
					<swisstopo:routepoint_id>1607166005</swisstopo:routepoint_id>
				</extensions>
			</trkpt>
			<trkpt lat="46.7931120967" lon="8.4734497245">
				<ele>1222.5</ele>
				<extensions>
					<swisstopo:routepoint_id>2067465495</swisstopo:routepoint_id>
				</extensions>
			</trkpt>
			<trkpt lat="46.7931199511" lon="8.4734228402">
				<ele>1222.5</ele>
				<extensions>
					<swisstopo:routepoint_id>1315292238</swisstopo:routepoint_id>
				</extensions>
			</trkpt>
			<trkpt lat="46.7931277046" lon="8.4733763059">
				<ele>1222.7</ele>
				<extensions>
					<swisstopo:routepoint_id>2110763233</swisstopo:routepoint_id>
				</extensions>
			</trkpt>
			<trkpt lat="46.7931369508" lon="8.4732920617">
				<ele>1223.2</ele>
				<extensions>
					<swisstopo:routepoint_id>1068309279</swisstopo:routepoint_id>
				</extensions>
			</trkpt>
			<trkpt lat="46.7931337430" lon="8.4731783683">
				<ele>1223.0</ele>
				<extensions>
					<swisstopo:routepoint_id>779735439</swisstopo:routepoint_id>
				</extensions>
			</trkpt>
			<trkpt lat="46.7931210650" lon="8.4728347833">
				<ele>1222.3</ele>
				<extensions>
					<swisstopo:routepoint_id>1695851889</swisstopo:routepoint_id>
				</extensions>
			</trkpt>
			<trkpt lat="46.7931097787" lon="8.4727806529">
				<ele>1222.1</ele>
				<extensions>
					<swisstopo:routepoint_id>1303642769</swisstopo:routepoint_id>
				</extensions>
			</trkpt>
			<trkpt lat="46.7930777283" lon="8.4726789289">
				<ele>1221.7</ele>
				<extensions>
					<swisstopo:routepoint_id>176915631</swisstopo:routepoint_id>
				</extensions>
			</trkpt>
			<trkpt lat="46.7930295358" lon="8.4726112921">
				<ele>1221.6</ele>
				<extensions>
					<swisstopo:routepoint_id>371574901</swisstopo:routepoint_id>
				</extensions>
			</trkpt>
			<trkpt lat="46.7929890452" lon="8.4725415486">
				<ele>1221.6</ele>
				<extensions>
					<swisstopo:routepoint_id>1828456153</swisstopo:routepoint_id>
				</extensions>
			</trkpt>
			<trkpt lat="46.7929467048" lon="8.4723719854">
				<ele>1221.2</ele>
				<extensions>
					<swisstopo:routepoint_id>841878427</swisstopo:routepoint_id>
				</extensions>
			</trkpt>
			<trkpt lat="46.7928886355" lon="8.4722544767">
				<ele>1221.0</ele>
				<extensions>
					<swisstopo:routepoint_id>2027938052</swisstopo:routepoint_id>
				</extensions>
			</trkpt>
			<trkpt lat="46.7928777895" lon="8.4721963737">
				<ele>1220.6</ele>
				<extensions>
					<swisstopo:routepoint_id>1459801340</swisstopo:routepoint_id>
				</extensions>
			</trkpt>
			<trkpt lat="46.7929111210" lon="8.4720680833">
				<ele>1220.8</ele>
				<extensions>
					<swisstopo:routepoint_id>478086281</swisstopo:routepoint_id>
				</extensions>
			</trkpt>
			<trkpt lat="46.7929124107" lon="8.4719582631">
				<ele>1220.9</ele>
				<extensions>
					<swisstopo:routepoint_id>688598052</swisstopo:routepoint_id>
				</extensions>
			</trkpt>
			<trkpt lat="46.7929142599" lon="8.4718741808">
				<ele>1220.6</ele>
				<extensions>
					<swisstopo:routepoint_id>540010382</swisstopo:routepoint_id>
				</extensions>
			</trkpt>
			<trkpt lat="46.7929140109" lon="8.4717813184">
				<ele>1220.2</ele>
				<extensions>
					<swisstopo:routepoint_id>1926340422</swisstopo:routepoint_id>
				</extensions>
			</trkpt>
			<trkpt lat="46.7929051088" lon="8.4716803529">
				<ele>1220.0</ele>
				<extensions>
					<swisstopo:routepoint_id>1498382792</swisstopo:routepoint_id>
				</extensions>
			</trkpt>
			<trkpt lat="46.7929052794" lon="8.4716017901">
				<ele>1219.7</ele>
				<extensions>
					<swisstopo:routepoint_id>875207585</swisstopo:routepoint_id>
				</extensions>
			</trkpt>
			<trkpt lat="46.7929105510" lon="8.4715072938">
				<ele>1219.2</ele>
				<extensions>
					<swisstopo:routepoint_id>1757572010</swisstopo:routepoint_id>
				</extensions>
			</trkpt>
			<trkpt lat="46.7929143119" lon="8.4714644436">
				<ele>1219.0</ele>
				<extensions>
					<swisstopo:routepoint_id>330398215</swisstopo:routepoint_id>
				</extensions>
			</trkpt>
			<trkpt lat="46.7929298149" lon="8.4713626349">
				<ele>1218.3</ele>
				<extensions>
					<swisstopo:routepoint_id>8069368</swisstopo:routepoint_id>
				</extensions>
			</trkpt>
			<trkpt lat="46.7929680539" lon="8.4711739880">
				<ele>1216.7</ele>
				<extensions>
					<swisstopo:routepoint_id>526937028</swisstopo:routepoint_id>
				</extensions>
			</trkpt>
			<trkpt lat="46.7930992387" lon="8.4707744926">
				<ele>1211.9</ele>
				<extensions>
					<swisstopo:routepoint_id>869144446</swisstopo:routepoint_id>
				</extensions>
			</trkpt>
			<trkpt lat="46.7931228620" lon="8.4706889788">
				<ele>1210.4</ele>
				<extensions>
					<swisstopo:routepoint_id>118752987</swisstopo:routepoint_id>
				</extensions>
			</trkpt>
			<trkpt lat="46.7931357370" lon="8.4705284245">
				<ele>1208.4</ele>
				<extensions>
					<swisstopo:routepoint_id>502283392</swisstopo:routepoint_id>
				</extensions>
			</trkpt>
			<trkpt lat="46.7931289286" lon="8.4704395646">
				<ele>1207.3</ele>
				<extensions>
					<swisstopo:routepoint_id>295824771</swisstopo:routepoint_id>
				</extensions>
			</trkpt>
			<trkpt lat="46.7931067330" lon="8.4703670712">
				<ele>1206.3</ele>
				<extensions>
					<swisstopo:routepoint_id>1729299667</swisstopo:routepoint_id>
				</extensions>
			</trkpt>
			<trkpt lat="46.7930823050" lon="8.4703305435">
				<ele>1205.8</ele>
				<extensions>
					<swisstopo:routepoint_id>2088044242</swisstopo:routepoint_id>
				</extensions>
			</trkpt>
			<trkpt lat="46.7930369627" lon="8.4702908748">
				<ele>1204.9</ele>
				<extensions>
					<swisstopo:routepoint_id>755391437</swisstopo:routepoint_id>
				</extensions>
			</trkpt>
			<trkpt lat="46.7928669401" lon="8.4701406649">
				<ele>1204.0</ele>
				<extensions>
					<swisstopo:routepoint_id>1764336859</swisstopo:routepoint_id>
				</extensions>
			</trkpt>
			<trkpt lat="46.7927687867" lon="8.4700445271">
				<ele>1205.1</ele>
				<extensions>
					<swisstopo:routepoint_id>648809354</swisstopo:routepoint_id>
				</extensions>
			</trkpt>
			<trkpt lat="46.7927428361" lon="8.4699663820">
				<ele>1205.1</ele>
				<extensions>
					<swisstopo:routepoint_id>1046884175</swisstopo:routepoint_id>
				</extensions>
			</trkpt>
			<trkpt lat="46.7927319382" lon="8.4699079525">
				<ele>1204.4</ele>
				<extensions>
					<swisstopo:routepoint_id>67015429</swisstopo:routepoint_id>
				</extensions>
			</trkpt>
			<trkpt lat="46.7927270086" lon="8.4697983015">
				<ele>1203.3</ele>
				<extensions>
					<swisstopo:routepoint_id>1211293627</swisstopo:routepoint_id>
				</extensions>
			</trkpt>
			<trkpt lat="46.7927036930" lon="8.4697351892">
				<ele>1202.1</ele>
				<extensions>
					<swisstopo:routepoint_id>671136753</swisstopo:routepoint_id>
				</extensions>
			</trkpt>
			<trkpt lat="46.7926651373" lon="8.4697090151">
				<ele>1200.8</ele>
				<extensions>
					<swisstopo:routepoint_id>1737882800</swisstopo:routepoint_id>
				</extensions>
			</trkpt>
			<trkpt lat="46.7926490574" lon="8.4696715062">
				<ele>1200.3</ele>
				<extensions>
					<swisstopo:routepoint_id>1131151492</swisstopo:routepoint_id>
				</extensions>
			</trkpt>
			<trkpt lat="46.7926423254" lon="8.4695871289">
				<ele>1199.6</ele>
				<extensions>
					<swisstopo:routepoint_id>2112413328</swisstopo:routepoint_id>
				</extensions>
			</trkpt>
			<trkpt lat="46.7926144331" lon="8.4695356943">
				<ele>1199.5</ele>
				<extensions>
					<swisstopo:routepoint_id>1930650493</swisstopo:routepoint_id>
				</extensions>
			</trkpt>
			<trkpt lat="46.7925988568" lon="8.4694393955">
				<ele>1199.0</ele>
				<extensions>
					<swisstopo:routepoint_id>402344807</swisstopo:routepoint_id>
				</extensions>
			</trkpt>
			<trkpt lat="46.7925970180" lon="8.4693061364">
				<ele>1198.3</ele>
				<extensions>
					<swisstopo:routepoint_id>619340488</swisstopo:routepoint_id>
				</extensions>
			</trkpt>
			<trkpt lat="46.7926127701" lon="8.4692084609">
				<ele>1197.7</ele>
				<extensions>
					<swisstopo:routepoint_id>1418957889</swisstopo:routepoint_id>
				</extensions>
			</trkpt>
			<trkpt lat="46.7926379837" lon="8.4690502130">
				<ele>1195.9</ele>
				<extensions>
					<swisstopo:routepoint_id>312362051</swisstopo:routepoint_id>
				</extensions>
			</trkpt>
			<trkpt lat="46.7926613771" lon="8.4689311105">
				<ele>1194.8</ele>
				<extensions>
					<swisstopo:routepoint_id>345133914</swisstopo:routepoint_id>
				</extensions>
			</trkpt>
			<trkpt lat="46.7926696456" lon="8.4688372219">
				<ele>1194.4</ele>
				<extensions>
					<swisstopo:routepoint_id>1677171148</swisstopo:routepoint_id>
				</extensions>
			</trkpt>
			<trkpt lat="46.7926629532" lon="8.4686894985">
				<ele>1193.2</ele>
				<extensions>
					<swisstopo:routepoint_id>213608755</swisstopo:routepoint_id>
				</extensions>
			</trkpt>
			<trkpt lat="46.7926776827" lon="8.4685345098">
				<ele>1191.8</ele>
				<extensions>
					<swisstopo:routepoint_id>132896805</swisstopo:routepoint_id>
				</extensions>
			</trkpt>
			<trkpt lat="46.7926764751" lon="8.4684568643">
				<ele>1191.4</ele>
				<extensions>
					<swisstopo:routepoint_id>1311343938</swisstopo:routepoint_id>
				</extensions>
			</trkpt>
			<trkpt lat="46.7927081895" lon="8.4683188355">
				<ele>1190.0</ele>
				<extensions>
					<swisstopo:routepoint_id>1355751344</swisstopo:routepoint_id>
				</extensions>
			</trkpt>
			<trkpt lat="46.7927225843" lon="8.4681999030">
				<ele>1189.0</ele>
				<extensions>
					<swisstopo:routepoint_id>1394980349</swisstopo:routepoint_id>
				</extensions>
			</trkpt>
			<trkpt lat="46.7927364145" lon="8.4681447062">
				<ele>1188.3</ele>
				<extensions>
					<swisstopo:routepoint_id>577873269</swisstopo:routepoint_id>
				</extensions>
			</trkpt>
			<trkpt lat="46.7927929225" lon="8.4680016251">
				<ele>1187.0</ele>
				<extensions>
					<swisstopo:routepoint_id>499883019</swisstopo:routepoint_id>
				</extensions>
			</trkpt>
			<trkpt lat="46.7928032969" lon="8.4679075398">
				<ele>1186.3</ele>
				<extensions>
					<swisstopo:routepoint_id>2134224980</swisstopo:routepoint_id>
				</extensions>
			</trkpt>
			<trkpt lat="46.7928106066" lon="8.4677302440">
				<ele>1184.4</ele>
				<extensions>
					<swisstopo:routepoint_id>1523438702</swisstopo:routepoint_id>
				</extensions>
			</trkpt>
			<trkpt lat="46.7928189402" lon="8.4676499920">
				<ele>1183.3</ele>
				<extensions>
					<swisstopo:routepoint_id>1195664183</swisstopo:routepoint_id>
				</extensions>
			</trkpt>
			<trkpt lat="46.7928326197" lon="8.4676114533">
				<ele>1182.7</ele>
				<extensions>
					<swisstopo:routepoint_id>163748570</swisstopo:routepoint_id>
				</extensions>
			</trkpt>
			<trkpt lat="46.7928902350" lon="8.4675570959">
				<ele>1181.8</ele>
				<extensions>
					<swisstopo:routepoint_id>1456240547</swisstopo:routepoint_id>
				</extensions>
			</trkpt>
			<trkpt lat="46.7929136310" lon="8.4674965556">
				<ele>1181.1</ele>
				<extensions>
					<swisstopo:routepoint_id>2093138922</swisstopo:routepoint_id>
				</extensions>
			</trkpt>
			<trkpt lat="46.7929333719" lon="8.4674192844">
				<ele>1180.5</ele>
				<extensions>
					<swisstopo:routepoint_id>1240674235</swisstopo:routepoint_id>
				</extensions>
			</trkpt>
			<trkpt lat="46.7929582895" lon="8.4671896549">
				<ele>1179.2</ele>
				<extensions>
					<swisstopo:routepoint_id>2061310577</swisstopo:routepoint_id>
				</extensions>
			</trkpt>
			<trkpt lat="46.7929702870" lon="8.4671261082">
				<ele>1179.1</ele>
				<extensions>
					<swisstopo:routepoint_id>1400261029</swisstopo:routepoint_id>
				</extensions>
			</trkpt>
			<trkpt lat="46.7930418971" lon="8.4669971575">
				<ele>1178.7</ele>
				<extensions>
					<swisstopo:routepoint_id>1336462886</swisstopo:routepoint_id>
				</extensions>
			</trkpt>
			<trkpt lat="46.7931696981" lon="8.4667611607">
				<ele>1176.2</ele>
				<extensions>
					<swisstopo:routepoint_id>499672608</swisstopo:routepoint_id>
				</extensions>
			</trkpt>
			<trkpt lat="46.7932434731" lon="8.4666045340">
				<ele>1175.2</ele>
				<extensions>
					<swisstopo:routepoint_id>943506808</swisstopo:routepoint_id>
				</extensions>
			</trkpt>
			<trkpt lat="46.7932613564" lon="8.4665217004">
				<ele>1174.9</ele>
				<extensions>
					<swisstopo:routepoint_id>489427374</swisstopo:routepoint_id>
				</extensions>
			</trkpt>
			<trkpt lat="46.7932682900" lon="8.4663859721">
				<ele>1174.5</ele>
				<extensions>
					<swisstopo:routepoint_id>1164298234</swisstopo:routepoint_id>
				</extensions>
			</trkpt>
			<trkpt lat="46.7932747991" lon="8.4662973795">
				<ele>1174.3</ele>
				<extensions>
					<swisstopo:routepoint_id>96538017</swisstopo:routepoint_id>
				</extensions>
			</trkpt>
			<trkpt lat="46.7932986433" lon="8.4661869271">
				<ele>1173.8</ele>
				<extensions>
					<swisstopo:routepoint_id>426384808</swisstopo:routepoint_id>
				</extensions>
			</trkpt>
			<trkpt lat="46.7933360322" lon="8.4660517924">
				<ele>1173.2</ele>
				<extensions>
					<swisstopo:routepoint_id>843967149</swisstopo:routepoint_id>
				</extensions>
			</trkpt>
			<trkpt lat="46.7933611276" lon="8.4659901833">
				<ele>1172.9</ele>
				<extensions>
					<swisstopo:routepoint_id>1384089179</swisstopo:routepoint_id>
				</extensions>
			</trkpt>
			<trkpt lat="46.7934075439" lon="8.4658576317">
				<ele>1172.2</ele>
				<extensions>
					<swisstopo:routepoint_id>1893936259</swisstopo:routepoint_id>
				</extensions>
			</trkpt>
			<trkpt lat="46.7934702840" lon="8.4657114802">
				<ele>1171.7</ele>
				<extensions>
					<swisstopo:routepoint_id>1458260089</swisstopo:routepoint_id>
				</extensions>
			</trkpt>
			<trkpt lat="46.7935179024" lon="8.4656292641">
				<ele>1171.4</ele>
				<extensions>
					<swisstopo:routepoint_id>295370558</swisstopo:routepoint_id>
				</extensions>
			</trkpt>
			<trkpt lat="46.7935760835" lon="8.4655178540">
				<ele>1170.4</ele>
				<extensions>
					<swisstopo:routepoint_id>1874705506</swisstopo:routepoint_id>
				</extensions>
			</trkpt>
			<trkpt lat="46.7936062561" lon="8.4654358807">
				<ele>1170.3</ele>
				<extensions>
					<swisstopo:routepoint_id>1995289573</swisstopo:routepoint_id>
				</extensions>
			</trkpt>
			<trkpt lat="46.7936512376" lon="8.4653036556">
				<ele>1169.5</ele>
				<extensions>
					<swisstopo:routepoint_id>764330040</swisstopo:routepoint_id>
				</extensions>
			</trkpt>
			<trkpt lat="46.7936751555" lon="8.4651848984">
				<ele>1168.8</ele>
				<extensions>
					<swisstopo:routepoint_id>438562992</swisstopo:routepoint_id>
				</extensions>
			</trkpt>
			<trkpt lat="46.7936815641" lon="8.4651073840">
				<ele>1168.5</ele>
				<extensions>
					<swisstopo:routepoint_id>725394373</swisstopo:routepoint_id>
				</extensions>
			</trkpt>
			<trkpt lat="46.7936562082" lon="8.4649627244">
				<ele>1168.6</ele>
				<extensions>
					<swisstopo:routepoint_id>1813399971</swisstopo:routepoint_id>
				</extensions>
			</trkpt>
			<trkpt lat="46.7936511688" lon="8.4648877676">
				<ele>1168.4</ele>
				<extensions>
					<swisstopo:routepoint_id>1694380113</swisstopo:routepoint_id>
				</extensions>
			</trkpt>
			<trkpt lat="46.7936632886" lon="8.4648103748">
				<ele>1168.2</ele>
				<extensions>
					<swisstopo:routepoint_id>927734019</swisstopo:routepoint_id>
				</extensions>
			</trkpt>
			<trkpt lat="46.7936639610" lon="8.4647355301">
				<ele>1168.1</ele>
				<extensions>
					<swisstopo:routepoint_id>528397252</swisstopo:routepoint_id>
				</extensions>
			</trkpt>
			<trkpt lat="46.7936516764" lon="8.4646188460">
				<ele>1167.7</ele>
				<extensions>
					<swisstopo:routepoint_id>506524280</swisstopo:routepoint_id>
				</extensions>
			</trkpt>
			<trkpt lat="46.7936522489" lon="8.4645550803">
				<ele>1167.6</ele>
				<extensions>
					<swisstopo:routepoint_id>265287236</swisstopo:routepoint_id>
				</extensions>
			</trkpt>
			<trkpt lat="46.7936780726" lon="8.4644363590">
				<ele>1167.4</ele>
				<extensions>
					<swisstopo:routepoint_id>1541471292</swisstopo:routepoint_id>
				</extensions>
			</trkpt>
			<trkpt lat="46.7936900187" lon="8.4643783615">
				<ele>1167.2</ele>
				<extensions>
					<swisstopo:routepoint_id>1375186558</swisstopo:routepoint_id>
				</extensions>
			</trkpt>
			<trkpt lat="46.7936869851" lon="8.4642923493">
				<ele>1167.0</ele>
				<extensions>
					<swisstopo:routepoint_id>1556742337</swisstopo:routepoint_id>
				</extensions>
			</trkpt>
			<trkpt lat="46.7936703233" lon="8.4642393489">
				<ele>1166.6</ele>
				<extensions>
					<swisstopo:routepoint_id>186641451</swisstopo:routepoint_id>
				</extensions>
			</trkpt>
			<trkpt lat="46.7936081424" lon="8.4641660832">
				<ele>1165.0</ele>
				<extensions>
					<swisstopo:routepoint_id>1799185094</swisstopo:routepoint_id>
				</extensions>
			</trkpt>
			<trkpt lat="46.7936083414" lon="8.4641439093">
				<ele>1164.7</ele>
				<extensions>
					<swisstopo:routepoint_id>406170180</swisstopo:routepoint_id>
				</extensions>
			</trkpt>
			<trkpt lat="46.7936180318" lon="8.4641246823">
				<ele>1164.9</ele>
				<extensions>
					<swisstopo:routepoint_id>1948564990</swisstopo:routepoint_id>
				</extensions>
			</trkpt>
			<trkpt lat="46.7936657810" lon="8.4641089557">
				<ele>1165.5</ele>
				<extensions>
					<swisstopo:routepoint_id>491020452</swisstopo:routepoint_id>
				</extensions>
			</trkpt>
			<trkpt lat="46.7936774033" lon="8.4640870025">
				<ele>1165.9</ele>
				<extensions>
					<swisstopo:routepoint_id>560953426</swisstopo:routepoint_id>
				</extensions>
			</trkpt>
			<trkpt lat="46.7936872680" lon="8.4640483640">
				<ele>1166.3</ele>
				<extensions>
					<swisstopo:routepoint_id>1222055962</swisstopo:routepoint_id>
				</extensions>
			</trkpt>
			<trkpt lat="46.7936937510" lon="8.4639625329">
				<ele>1166.1</ele>
				<extensions>
					<swisstopo:routepoint_id>577735207</swisstopo:routepoint_id>
				</extensions>
			</trkpt>
			<trkpt lat="46.7937095760" lon="8.4638962944">
				<ele>1165.9</ele>
				<extensions>
					<swisstopo:routepoint_id>1067962519</swisstopo:routepoint_id>
				</extensions>
			</trkpt>
			<trkpt lat="46.7937504279" lon="8.4638000334">
				<ele>1166.0</ele>
				<extensions>
					<swisstopo:routepoint_id>2031145833</swisstopo:routepoint_id>
				</extensions>
			</trkpt>
			<trkpt lat="46.7937963941" lon="8.4637704158">
				<ele>1165.5</ele>
				<extensions>
					<swisstopo:routepoint_id>687540499</swisstopo:routepoint_id>
				</extensions>
			</trkpt>
			<trkpt lat="46.7938386062" lon="8.4637351719">
				<ele>1164.7</ele>
				<extensions>
					<swisstopo:routepoint_id>1151788251</swisstopo:routepoint_id>
				</extensions>
			</trkpt>
			<trkpt lat="46.7938739876" lon="8.4636931301">
				<ele>1164.1</ele>
				<extensions>
					<swisstopo:routepoint_id>1349992058</swisstopo:routepoint_id>
				</extensions>
			</trkpt>
			<trkpt lat="46.7939245525" lon="8.4636282432">
				<ele>1163.0</ele>
				<extensions>
					<swisstopo:routepoint_id>1580251101</swisstopo:routepoint_id>
				</extensions>
			</trkpt>
			<trkpt lat="46.7940053617" lon="8.4635093489">
				<ele>1161.0</ele>
				<extensions>
					<swisstopo:routepoint_id>2092762981</swisstopo:routepoint_id>
				</extensions>
			</trkpt>
			<trkpt lat="46.7940535055" lon="8.4634496186">
				<ele>1160.1</ele>
				<extensions>
					<swisstopo:routepoint_id>2136747445</swisstopo:routepoint_id>
				</extensions>
			</trkpt>
			<trkpt lat="46.7940919066" lon="8.4634139596">
				<ele>1159.6</ele>
				<extensions>
					<swisstopo:routepoint_id>521569436</swisstopo:routepoint_id>
				</extensions>
			</trkpt>
			<trkpt lat="46.7941426234" lon="8.4633832902">
				<ele>1158.8</ele>
				<extensions>
					<swisstopo:routepoint_id>377984066</swisstopo:routepoint_id>
				</extensions>
			</trkpt>
			<trkpt lat="46.7941980903" lon="8.4633566158">
				<ele>1157.8</ele>
				<extensions>
					<swisstopo:routepoint_id>1920580989</swisstopo:routepoint_id>
				</extensions>
			</trkpt>
			<trkpt lat="46.7942249655" lon="8.4633321734">
				<ele>1157.2</ele>
				<extensions>
					<swisstopo:routepoint_id>913564656</swisstopo:routepoint_id>
				</extensions>
			</trkpt>
			<trkpt lat="46.7942538219" lon="8.4632994506">
				<ele>1156.6</ele>
				<extensions>
					<swisstopo:routepoint_id>224040721</swisstopo:routepoint_id>
				</extensions>
			</trkpt>
			<trkpt lat="46.7943058978" lon="8.4632255829">
				<ele>1155.2</ele>
				<extensions>
					<swisstopo:routepoint_id>1960309285</swisstopo:routepoint_id>
				</extensions>
			</trkpt>
			<trkpt lat="46.7943908336" lon="8.4630968901">
				<ele>1153.3</ele>
				<extensions>
					<swisstopo:routepoint_id>1368056181</swisstopo:routepoint_id>
				</extensions>
			</trkpt>
			<trkpt lat="46.7944373468" lon="8.4630062771">
				<ele>1152.8</ele>
				<extensions>
					<swisstopo:routepoint_id>1551630986</swisstopo:routepoint_id>
				</extensions>
			</trkpt>
			<trkpt lat="46.7944530311" lon="8.4629566675">
				<ele>1152.5</ele>
				<extensions>
					<swisstopo:routepoint_id>19386069</swisstopo:routepoint_id>
				</extensions>
			</trkpt>
			<trkpt lat="46.7944734554" lon="8.4628017965">
				<ele>1152.0</ele>
				<extensions>
					<swisstopo:routepoint_id>1061285093</swisstopo:routepoint_id>
				</extensions>
			</trkpt>
			<trkpt lat="46.7944832544" lon="8.4627714740">
				<ele>1152.0</ele>
				<extensions>
					<swisstopo:routepoint_id>1361230712</swisstopo:routepoint_id>
				</extensions>
			</trkpt>
			<trkpt lat="46.7945063989" lon="8.4627386421">
				<ele>1152.0</ele>
				<extensions>
					<swisstopo:routepoint_id>263677039</swisstopo:routepoint_id>
				</extensions>
			</trkpt>
			<trkpt lat="46.7945063991" lon="8.4627386427">
				<ele>1152.0</ele>
				<extensions>
					<swisstopo:routepoint_id>1036256087</swisstopo:routepoint_id>
				</extensions>
			</trkpt>
			<trkpt lat="46.7945317738" lon="8.4627159391">
				<ele>1152.2</ele>
				<extensions>
					<swisstopo:routepoint_id>58873980</swisstopo:routepoint_id>
				</extensions>
			</trkpt>
			<trkpt lat="46.7945633157" lon="8.4626877089">
				<ele>1152.4</ele>
				<extensions>
					<swisstopo:routepoint_id>373356702</swisstopo:routepoint_id>
				</extensions>
			</trkpt>
			<trkpt lat="46.7946658322" lon="8.4625958830">
				<ele>1152.2</ele>
				<extensions>
					<swisstopo:routepoint_id>1344579269</swisstopo:routepoint_id>
				</extensions>
			</trkpt>
			<trkpt lat="46.7947010059" lon="8.4625338067">
				<ele>1152.5</ele>
				<extensions>
					<swisstopo:routepoint_id>1809731390</swisstopo:routepoint_id>
				</extensions>
			</trkpt>
			<trkpt lat="46.7947181826" lon="8.4624973498">
				<ele>1152.6</ele>
				<extensions>
					<swisstopo:routepoint_id>930551892</swisstopo:routepoint_id>
				</extensions>
			</trkpt>
			<trkpt lat="46.7947321525" lon="8.4624533294">
				<ele>1152.8</ele>
				<extensions>
					<swisstopo:routepoint_id>1987822553</swisstopo:routepoint_id>
				</extensions>
			</trkpt>
			<trkpt lat="46.7947418506" lon="8.4624050990">
				<ele>1153.1</ele>
				<extensions>
					<swisstopo:routepoint_id>1367291179</swisstopo:routepoint_id>
				</extensions>
			</trkpt>
			<trkpt lat="46.7947523961" lon="8.4623235359">
				<ele>1153.5</ele>
				<extensions>
					<swisstopo:routepoint_id>833417959</swisstopo:routepoint_id>
				</extensions>
			</trkpt>
			<trkpt lat="46.7947555681" lon="8.4622124750">
				<ele>1154.2</ele>
				<extensions>
					<swisstopo:routepoint_id>818947826</swisstopo:routepoint_id>
				</extensions>
			</trkpt>
			<trkpt lat="46.7947633658" lon="8.4620721249">
				<ele>1155.2</ele>
				<extensions>
					<swisstopo:routepoint_id>641725580</swisstopo:routepoint_id>
				</extensions>
			</trkpt>
			<trkpt lat="46.7947742098" lon="8.4619572409">
				<ele>1156.2</ele>
				<extensions>
					<swisstopo:routepoint_id>1682555268</swisstopo:routepoint_id>
				</extensions>
			</trkpt>
			<trkpt lat="46.7947828195" lon="8.4619089770">
				<ele>1156.7</ele>
				<extensions>
					<swisstopo:routepoint_id>952393537</swisstopo:routepoint_id>
				</extensions>
			</trkpt>
			<trkpt lat="46.7948001521" lon="8.4618600952">
				<ele>1157.2</ele>
				<extensions>
					<swisstopo:routepoint_id>360888095</swisstopo:routepoint_id>
				</extensions>
			</trkpt>
			<trkpt lat="46.7948218275" lon="8.4618144748">
				<ele>1157.6</ele>
				<extensions>
					<swisstopo:routepoint_id>442627729</swisstopo:routepoint_id>
				</extensions>
			</trkpt>
			<trkpt lat="46.7948620517" lon="8.4617660279">
				<ele>1157.9</ele>
				<extensions>
					<swisstopo:routepoint_id>477897987</swisstopo:routepoint_id>
				</extensions>
			</trkpt>
			<trkpt lat="46.7949420299" lon="8.4617025218">
				<ele>1158.8</ele>
				<extensions>
					<swisstopo:routepoint_id>1019658321</swisstopo:routepoint_id>
				</extensions>
			</trkpt>
			<trkpt lat="46.7949827047" lon="8.4616650461">
				<ele>1159.2</ele>
				<extensions>
					<swisstopo:routepoint_id>225963631</swisstopo:routepoint_id>
				</extensions>
			</trkpt>
			<trkpt lat="46.7950577255" lon="8.4615805017">
				<ele>1159.9</ele>
				<extensions>
					<swisstopo:routepoint_id>1575328842</swisstopo:routepoint_id>
				</extensions>
			</trkpt>
			<trkpt lat="46.7951135397" lon="8.4615150171">
				<ele>1160.7</ele>
				<extensions>
					<swisstopo:routepoint_id>1786745949</swisstopo:routepoint_id>
				</extensions>
			</trkpt>
			<trkpt lat="46.7951675866" lon="8.4614328627">
				<ele>1161.5</ele>
				<extensions>
					<swisstopo:routepoint_id>279801776</swisstopo:routepoint_id>
				</extensions>
			</trkpt>
			<trkpt lat="46.7952122500" lon="8.4613366856">
				<ele>1162.3</ele>
				<extensions>
					<swisstopo:routepoint_id>1329752015</swisstopo:routepoint_id>
				</extensions>
			</trkpt>
			<trkpt lat="46.7952568891" lon="8.4612432454">
				<ele>1162.9</ele>
				<extensions>
					<swisstopo:routepoint_id>1503969315</swisstopo:routepoint_id>
				</extensions>
			</trkpt>
			<trkpt lat="46.7953016586" lon="8.4611332001">
				<ele>1163.6</ele>
				<extensions>
					<swisstopo:routepoint_id>121473995</swisstopo:routepoint_id>
				</extensions>
			</trkpt>
			<trkpt lat="46.7953428306" lon="8.4610008919">
				<ele>1164.7</ele>
				<extensions>
					<swisstopo:routepoint_id>1803269958</swisstopo:routepoint_id>
				</extensions>
			</trkpt>
			<trkpt lat="46.7953797107" lon="8.4609239674">
				<ele>1165.1</ele>
				<extensions>
					<swisstopo:routepoint_id>721897923</swisstopo:routepoint_id>
				</extensions>
			</trkpt>
			<trkpt lat="46.7954669228" lon="8.4607537083">
				<ele>1165.7</ele>
				<extensions>
					<swisstopo:routepoint_id>1024400446</swisstopo:routepoint_id>
				</extensions>
			</trkpt>
			<trkpt lat="46.7955035865" lon="8.4606989418">
				<ele>1165.8</ele>
				<extensions>
					<swisstopo:routepoint_id>617333129</swisstopo:routepoint_id>
				</extensions>
			</trkpt>
			<trkpt lat="46.7955266066" lon="8.4606799777">
				<ele>1165.9</ele>
				<extensions>
					<swisstopo:routepoint_id>993728664</swisstopo:routepoint_id>
				</extensions>
			</trkpt>
			<trkpt lat="46.7955495524" lon="8.4606693318">
				<ele>1166.0</ele>
				<extensions>
					<swisstopo:routepoint_id>428738107</swisstopo:routepoint_id>
				</extensions>
			</trkpt>
			<trkpt lat="46.7955797499" lon="8.4606766639">
				<ele>1166.2</ele>
				<extensions>
					<swisstopo:routepoint_id>1068848066</swisstopo:routepoint_id>
				</extensions>
			</trkpt>
			<trkpt lat="46.7957851994" lon="8.4602729781">
				<ele>1163.4</ele>
				<extensions>
					<swisstopo:routepoint_id>1310505214</swisstopo:routepoint_id>
				</extensions>
			</trkpt>
			<trkpt lat="46.7960703970" lon="8.4596822485">
				<ele>1159.4</ele>
				<extensions>
					<swisstopo:routepoint_id>1020985592</swisstopo:routepoint_id>
				</extensions>
			</trkpt>
			<trkpt lat="46.7961827908" lon="8.4594653450">
				<ele>1158.2</ele>
				<extensions>
					<swisstopo:routepoint_id>330482162</swisstopo:routepoint_id>
				</extensions>
			</trkpt>
			<trkpt lat="46.7962175560" lon="8.4594105411">
				<ele>1157.9</ele>
				<extensions>
					<swisstopo:routepoint_id>686544899</swisstopo:routepoint_id>
				</extensions>
			</trkpt>
			<trkpt lat="46.7962520982" lon="8.4593806875">
				<ele>1157.7</ele>
				<extensions>
					<swisstopo:routepoint_id>118358803</swisstopo:routepoint_id>
				</extensions>
			</trkpt>
			<trkpt lat="46.7962826778" lon="8.4593674208">
				<ele>1157.5</ele>
				<extensions>
					<swisstopo:routepoint_id>756296428</swisstopo:routepoint_id>
				</extensions>
			</trkpt>
			<trkpt lat="46.7963213912" lon="8.4593198040">
				<ele>1156.6</ele>
				<extensions>
					<swisstopo:routepoint_id>88719578</swisstopo:routepoint_id>
				</extensions>
			</trkpt>
			<trkpt lat="46.7963922000" lon="8.4592795562">
				<ele>1154.7</ele>
				<extensions>
					<swisstopo:routepoint_id>181187632</swisstopo:routepoint_id>
				</extensions>
			</trkpt>
			<trkpt lat="46.7964557216" lon="8.4592031052">
				<ele>1153.2</ele>
				<extensions>
					<swisstopo:routepoint_id>1614041448</swisstopo:routepoint_id>
				</extensions>
			</trkpt>
			<trkpt lat="46.7965078195" lon="8.4591264661">
				<ele>1152.4</ele>
				<extensions>
					<swisstopo:routepoint_id>1189025369</swisstopo:routepoint_id>
				</extensions>
			</trkpt>
			<trkpt lat="46.7965480238" lon="8.4591022731">
				<ele>1151.6</ele>
				<extensions>
					<swisstopo:routepoint_id>2054535526</swisstopo:routepoint_id>
				</extensions>
			</trkpt>
			<trkpt lat="46.7965689724" lon="8.4591026700">
				<ele>1151.3</ele>
				<extensions>
					<swisstopo:routepoint_id>184243379</swisstopo:routepoint_id>
				</extensions>
			</trkpt>
			<trkpt lat="46.7965901934" lon="8.4590725636">
				<ele>1150.5</ele>
				<extensions>
					<swisstopo:routepoint_id>2055333</swisstopo:routepoint_id>
				</extensions>
			</trkpt>
			<trkpt lat="46.7966402763" lon="8.4590069660">
				<ele>1148.2</ele>
				<extensions>
					<swisstopo:routepoint_id>403380016</swisstopo:routepoint_id>
				</extensions>
			</trkpt>
			<trkpt lat="46.7966615468" lon="8.4589713326">
				<ele>1147.1</ele>
				<extensions>
					<swisstopo:routepoint_id>1065652228</swisstopo:routepoint_id>
				</extensions>
			</trkpt>
			<trkpt lat="46.7966907983" lon="8.4588942331">
				<ele>1145.1</ele>
				<extensions>
					<swisstopo:routepoint_id>1319704692</swisstopo:routepoint_id>
				</extensions>
			</trkpt>
			<trkpt lat="46.7967254394" lon="8.4588532976">
				<ele>1144.0</ele>
				<extensions>
					<swisstopo:routepoint_id>1286498784</swisstopo:routepoint_id>
				</extensions>
			</trkpt>
			<trkpt lat="46.7967525699" lon="8.4588011385">
				<ele>1143.6</ele>
				<extensions>
					<swisstopo:routepoint_id>395790049</swisstopo:routepoint_id>
				</extensions>
			</trkpt>
			<trkpt lat="46.7967700264" lon="8.4587654327">
				<ele>1143.6</ele>
				<extensions>
					<swisstopo:routepoint_id>2006573391</swisstopo:routepoint_id>
				</extensions>
			</trkpt>
			<trkpt lat="46.7968641025" lon="8.4586784776">
				<ele>1143.5</ele>
				<extensions>
					<swisstopo:routepoint_id>1665898190</swisstopo:routepoint_id>
				</extensions>
			</trkpt>
			<trkpt lat="46.7969253791" lon="8.4586408111">
				<ele>1142.9</ele>
				<extensions>
					<swisstopo:routepoint_id>895661259</swisstopo:routepoint_id>
				</extensions>
			</trkpt>
			<trkpt lat="46.7969656575" lon="8.4586083021">
				<ele>1142.4</ele>
				<extensions>
					<swisstopo:routepoint_id>259049504</swisstopo:routepoint_id>
				</extensions>
			</trkpt>
			<trkpt lat="46.7969889495" lon="8.4585588331">
				<ele>1141.5</ele>
				<extensions>
					<swisstopo:routepoint_id>265655831</swisstopo:routepoint_id>
				</extensions>
			</trkpt>
			<trkpt lat="46.7970390253" lon="8.4584960263">
				<ele>1140.6</ele>
				<extensions>
					<swisstopo:routepoint_id>2131400034</swisstopo:routepoint_id>
				</extensions>
			</trkpt>
			<trkpt lat="46.7970910488" lon="8.4584276741">
				<ele>1139.8</ele>
				<extensions>
					<swisstopo:routepoint_id>1446263540</swisstopo:routepoint_id>
				</extensions>
			</trkpt>
			<trkpt lat="46.7971735032" lon="8.4583626898">
				<ele>1138.4</ele>
				<extensions>
					<swisstopo:routepoint_id>127859220</swisstopo:routepoint_id>
				</extensions>
			</trkpt>
			<trkpt lat="46.7972004604" lon="8.4583299267">
				<ele>1137.8</ele>
				<extensions>
					<swisstopo:routepoint_id>421403518</swisstopo:routepoint_id>
				</extensions>
			</trkpt>
			<trkpt lat="46.7972471677" lon="8.4582171453">
				<ele>1136.4</ele>
				<extensions>
					<swisstopo:routepoint_id>836683782</swisstopo:routepoint_id>
				</extensions>
			</trkpt>
			<trkpt lat="46.7972818827" lon="8.4581678936">
				<ele>1135.9</ele>
				<extensions>
					<swisstopo:routepoint_id>1272287223</swisstopo:routepoint_id>
				</extensions>
			</trkpt>
			<trkpt lat="46.7973396422" lon="8.4580968860">
				<ele>1135.9</ele>
				<extensions>
					<swisstopo:routepoint_id>482547185</swisstopo:routepoint_id>
				</extensions>
			</trkpt>
			<trkpt lat="46.7974087508" lon="8.4580344116">
				<ele>1135.2</ele>
				<extensions>
					<swisstopo:routepoint_id>2029322177</swisstopo:routepoint_id>
				</extensions>
			</trkpt>
			<trkpt lat="46.7975161966" lon="8.4579421809">
				<ele>1133.7</ele>
				<extensions>
					<swisstopo:routepoint_id>1211921475</swisstopo:routepoint_id>
				</extensions>
			</trkpt>
			<trkpt lat="46.7975488653" lon="8.4579095253">
				<ele>1133.2</ele>
				<extensions>
					<swisstopo:routepoint_id>227891668</swisstopo:routepoint_id>
				</extensions>
			</trkpt>
			<trkpt lat="46.7976107103" lon="8.4578081110">
				<ele>1131.8</ele>
				<extensions>
					<swisstopo:routepoint_id>657789832</swisstopo:routepoint_id>
				</extensions>
			</trkpt>
			<trkpt lat="46.7976376493" lon="8.4577753486">
				<ele>1131.1</ele>
				<extensions>
					<swisstopo:routepoint_id>2064342452</swisstopo:routepoint_id>
				</extensions>
			</trkpt>
			<trkpt lat="46.7976758566" lon="8.4577621979">
				<ele>1130.4</ele>
				<extensions>
					<swisstopo:routepoint_id>1694522817</swisstopo:routepoint_id>
				</extensions>
			</trkpt>
			<trkpt lat="46.7977219205" lon="8.4577214788">
				<ele>1129.9</ele>
				<extensions>
					<swisstopo:routepoint_id>3550698</swisstopo:routepoint_id>
				</extensions>
			</trkpt>
			<trkpt lat="46.7977565858" lon="8.4576777790">
				<ele>1129.5</ele>
				<extensions>
					<swisstopo:routepoint_id>2079891852</swisstopo:routepoint_id>
				</extensions>
			</trkpt>
			<trkpt lat="46.7978294091" lon="8.4576264557">
				<ele>1128.3</ele>
				<extensions>
					<swisstopo:routepoint_id>276113796</swisstopo:routepoint_id>
				</extensions>
			</trkpt>
			<trkpt lat="46.7978965024" lon="8.4575750508">
				<ele>1127.2</ele>
				<extensions>
					<swisstopo:routepoint_id>441856046</swisstopo:routepoint_id>
				</extensions>
			</trkpt>
			<trkpt lat="46.7979615429" lon="8.4575430089">
				<ele>1126.4</ele>
				<extensions>
					<swisstopo:routepoint_id>1048021820</swisstopo:routepoint_id>
				</extensions>
			</trkpt>
			<trkpt lat="46.7979922215" lon="8.4575186338">
				<ele>1125.9</ele>
				<extensions>
					<swisstopo:routepoint_id>230054060</swisstopo:routepoint_id>
				</extensions>
			</trkpt>
			<trkpt lat="46.7980599510" lon="8.4573979037">
				<ele>1125.3</ele>
				<extensions>
					<swisstopo:routepoint_id>1593217329</swisstopo:routepoint_id>
				</extensions>
			</trkpt>
			<trkpt lat="46.7980720661" lon="8.4573205028">
				<ele>1124.7</ele>
				<extensions>
					<swisstopo:routepoint_id>645349297</swisstopo:routepoint_id>
				</extensions>
			</trkpt>
			<trkpt lat="46.7980837119" lon="8.4572957675">
				<ele>1124.1</ele>
				<extensions>
					<swisstopo:routepoint_id>1624546465</swisstopo:routepoint_id>
				</extensions>
			</trkpt>
			<trkpt lat="46.7981067066" lon="8.4572795654">
				<ele>1123.5</ele>
				<extensions>
					<swisstopo:routepoint_id>827044607</swisstopo:routepoint_id>
				</extensions>
			</trkpt>
			<trkpt lat="46.7981398762" lon="8.4571886904">
				<ele>1122.2</ele>
				<extensions>
					<swisstopo:routepoint_id>1684610665</swisstopo:routepoint_id>
				</extensions>
			</trkpt>
			<trkpt lat="46.7981576537" lon="8.4571169246">
				<ele>1121.1</ele>
				<extensions>
					<swisstopo:routepoint_id>1252788379</swisstopo:routepoint_id>
				</extensions>
			</trkpt>
			<trkpt lat="46.7981824653" lon="8.4571118656">
				<ele>1120.8</ele>
				<extensions>
					<swisstopo:routepoint_id>1376191567</swisstopo:routepoint_id>
				</extensions>
			</trkpt>
			<trkpt lat="46.7981958360" lon="8.4571065648">
				<ele>1120.3</ele>
				<extensions>
					<swisstopo:routepoint_id>1743930089</swisstopo:routepoint_id>
				</extensions>
			</trkpt>
			<trkpt lat="46.7982131932" lon="8.4570819374">
				<ele>1119.5</ele>
				<extensions>
					<swisstopo:routepoint_id>1297129198</swisstopo:routepoint_id>
				</extensions>
			</trkpt>
			<trkpt lat="46.7982213216" lon="8.4570238628">
				<ele>1118.1</ele>
				<extensions>
					<swisstopo:routepoint_id>1793245828</swisstopo:routepoint_id>
				</extensions>
			</trkpt>
			<trkpt lat="46.7982386543" lon="8.4570019982">
				<ele>1117.6</ele>
				<extensions>
					<swisstopo:routepoint_id>563203051</swisstopo:routepoint_id>
				</extensions>
			</trkpt>
			<trkpt lat="46.7982901579" lon="8.4569918902">
				<ele>1116.8</ele>
				<extensions>
					<swisstopo:routepoint_id>635321705</swisstopo:routepoint_id>
				</extensions>
			</trkpt>
			<trkpt lat="46.7983131525" lon="8.4569756879">
				<ele>1116.4</ele>
				<extensions>
					<swisstopo:routepoint_id>728472636</swisstopo:routepoint_id>
				</extensions>
			</trkpt>
			<trkpt lat="46.7983479166" lon="8.4569208801">
				<ele>1115.8</ele>
				<extensions>
					<swisstopo:routepoint_id>745599783</swisstopo:routepoint_id>
				</extensions>
			</trkpt>
			<trkpt lat="46.7983654712" lon="8.4568740927">
				<ele>1115.3</ele>
				<extensions>
					<swisstopo:routepoint_id>1985894951</swisstopo:routepoint_id>
				</extensions>
			</trkpt>
			<trkpt lat="46.7984021016" lon="8.4568248736">
				<ele>1113.9</ele>
				<extensions>
					<swisstopo:routepoint_id>444002147</swisstopo:routepoint_id>
				</extensions>
			</trkpt>
			<trkpt lat="46.7984641008" lon="8.4567040334">
				<ele>1112.2</ele>
				<extensions>
					<swisstopo:routepoint_id>347824983</swisstopo:routepoint_id>
				</extensions>
			</trkpt>
			<trkpt lat="46.7985007064" lon="8.4566575787">
				<ele>1111.8</ele>
				<extensions>
					<swisstopo:routepoint_id>755543442</swisstopo:routepoint_id>
				</extensions>
			</trkpt>
			<trkpt lat="46.7985255741" lon="8.4566442020">
				<ele>1111.5</ele>
				<extensions>
					<swisstopo:routepoint_id>436134779</swisstopo:routepoint_id>
				</extensions>
			</trkpt>
			<trkpt lat="46.7985990883" lon="8.4565152604">
				<ele>1110.5</ele>
				<extensions>
					<swisstopo:routepoint_id>117705038</swisstopo:routepoint_id>
				</extensions>
			</trkpt>
			<trkpt lat="46.7986572172" lon="8.4564026632">
				<ele>1109.8</ele>
				<extensions>
					<swisstopo:routepoint_id>2034411396</swisstopo:routepoint_id>
				</extensions>
			</trkpt>
			<trkpt lat="46.7987658806" lon="8.4561745758">
				<ele>1108.8</ele>
				<extensions>
					<swisstopo:routepoint_id>217079886</swisstopo:routepoint_id>
				</extensions>
			</trkpt>
			<trkpt lat="46.7989385069" lon="8.4558201413">
				<ele>1106.4</ele>
				<extensions>
					<swisstopo:routepoint_id>1734022589</swisstopo:routepoint_id>
				</extensions>
			</trkpt>
			<trkpt lat="46.7990008190" lon="8.4556660427">
				<ele>1105.3</ele>
				<extensions>
					<swisstopo:routepoint_id>1234647529</swisstopo:routepoint_id>
				</extensions>
			</trkpt>
			<trkpt lat="46.7990785923" lon="8.4554845037">
				<ele>1104.3</ele>
				<extensions>
					<swisstopo:routepoint_id>114174900</swisstopo:routepoint_id>
				</extensions>
			</trkpt>
			<trkpt lat="46.7991813605" lon="8.4552784797">
				<ele>1102.8</ele>
				<extensions>
					<swisstopo:routepoint_id>156528925</swisstopo:routepoint_id>
				</extensions>
			</trkpt>
			<trkpt lat="46.7993112544" lon="8.4550175009">
				<ele>1101.0</ele>
				<extensions>
					<swisstopo:routepoint_id>946297401</swisstopo:routepoint_id>
				</extensions>
			</trkpt>
			<trkpt lat="46.7994395708" lon="8.4547204528">
				<ele>1100.0</ele>
				<extensions>
					<swisstopo:routepoint_id>1822868329</swisstopo:routepoint_id>
				</extensions>
			</trkpt>
			<trkpt lat="46.7995636639" lon="8.4544704696">
				<ele>1099.0</ele>
				<extensions>
					<swisstopo:routepoint_id>2011385908</swisstopo:routepoint_id>
				</extensions>
			</trkpt>
			<trkpt lat="46.7997377553" lon="8.4541659633">
				<ele>1097.6</ele>
				<extensions>
					<swisstopo:routepoint_id>2066211814</swisstopo:routepoint_id>
				</extensions>
			</trkpt>
			<trkpt lat="46.7998654291" lon="8.4539409902">
				<ele>1095.9</ele>
				<extensions>
					<swisstopo:routepoint_id>1845039721</swisstopo:routepoint_id>
				</extensions>
			</trkpt>
			<trkpt lat="46.7999487482" lon="8.4537789641">
				<ele>1095.2</ele>
				<extensions>
					<swisstopo:routepoint_id>1209355047</swisstopo:routepoint_id>
				</extensions>
			</trkpt>
			<trkpt lat="46.8000283622" lon="8.4536057599">
				<ele>1094.6</ele>
				<extensions>
					<swisstopo:routepoint_id>1709549180</swisstopo:routepoint_id>
				</extensions>
			</trkpt>
			<trkpt lat="46.8001236503" lon="8.4533829502">
				<ele>1093.7</ele>
				<extensions>
					<swisstopo:routepoint_id>493433921</swisstopo:routepoint_id>
				</extensions>
			</trkpt>
			<trkpt lat="46.8002285493" lon="8.4531492385">
				<ele>1093.1</ele>
				<extensions>
					<swisstopo:routepoint_id>1808403016</swisstopo:routepoint_id>
				</extensions>
			</trkpt>
			<trkpt lat="46.8003468224" lon="8.4529102225">
				<ele>1092.3</ele>
				<extensions>
					<swisstopo:routepoint_id>788979142</swisstopo:routepoint_id>
				</extensions>
			</trkpt>
			<trkpt lat="46.8004789701" lon="8.4526104581">
				<ele>1091.1</ele>
				<extensions>
					<swisstopo:routepoint_id>925763551</swisstopo:routepoint_id>
				</extensions>
			</trkpt>
			<trkpt lat="46.8005038737" lon="8.4525711795">
				<ele>1090.9</ele>
				<extensions>
					<swisstopo:routepoint_id>265823273</swisstopo:routepoint_id>
				</extensions>
			</trkpt>
			<trkpt lat="46.8005215255" lon="8.4525620416">
				<ele>1090.9</ele>
				<extensions>
					<swisstopo:routepoint_id>726022961</swisstopo:routepoint_id>
				</extensions>
			</trkpt>
			<trkpt lat="46.8005356069" lon="8.4525631975">
				<ele>1091.0</ele>
				<extensions>
					<swisstopo:routepoint_id>1521566091</swisstopo:routepoint_id>
				</extensions>
			</trkpt>
			<trkpt lat="46.8005482327" lon="8.4525076144">
				<ele>1090.8</ele>
				<extensions>
					<swisstopo:routepoint_id>1642742389</swisstopo:routepoint_id>
				</extensions>
			</trkpt>
			<trkpt lat="46.8006172688" lon="8.4522371707">
				<ele>1089.8</ele>
				<extensions>
					<swisstopo:routepoint_id>37535280</swisstopo:routepoint_id>
				</extensions>
			</trkpt>
			<trkpt lat="46.8006741811" lon="8.4520469099">
				<ele>1089.2</ele>
				<extensions>
					<swisstopo:routepoint_id>1552829553</swisstopo:routepoint_id>
				</extensions>
			</trkpt>
			<trkpt lat="46.8008148920" lon="8.4516391452">
				<ele>1088.3</ele>
				<extensions>
					<swisstopo:routepoint_id>1068659402</swisstopo:routepoint_id>
				</extensions>
			</trkpt>
			<trkpt lat="46.8009343253" lon="8.4512698338">
				<ele>1087.5</ele>
				<extensions>
					<swisstopo:routepoint_id>492118057</swisstopo:routepoint_id>
				</extensions>
			</trkpt>
			<trkpt lat="46.8010321204" lon="8.4509777227">
				<ele>1086.8</ele>
				<extensions>
					<swisstopo:routepoint_id>192711219</swisstopo:routepoint_id>
				</extensions>
			</trkpt>
			<trkpt lat="46.8011040986" lon="8.4508071708">
				<ele>1086.4</ele>
				<extensions>
					<swisstopo:routepoint_id>1964907255</swisstopo:routepoint_id>
				</extensions>
			</trkpt>
			<trkpt lat="46.8011621779" lon="8.4507001170">
				<ele>1086.1</ele>
				<extensions>
					<swisstopo:routepoint_id>253746650</swisstopo:routepoint_id>
				</extensions>
			</trkpt>
			<trkpt lat="46.8013093951" lon="8.4504172511">
				<ele>1084.9</ele>
				<extensions>
					<swisstopo:routepoint_id>1499561006</swisstopo:routepoint_id>
				</extensions>
			</trkpt>
			<trkpt lat="46.8014585509" lon="8.4501316808">
				<ele>1083.9</ele>
				<extensions>
					<swisstopo:routepoint_id>1053834545</swisstopo:routepoint_id>
				</extensions>
			</trkpt>
			<trkpt lat="46.8015553773" lon="8.4499476928">
				<ele>1083.3</ele>
				<extensions>
					<swisstopo:routepoint_id>691315545</swisstopo:routepoint_id>
				</extensions>
			</trkpt>
			<trkpt lat="46.8015954769" lon="8.4498709036">
				<ele>1083.1</ele>
				<extensions>
					<swisstopo:routepoint_id>1658664636</swisstopo:routepoint_id>
				</extensions>
			</trkpt>
			<trkpt lat="46.8017491474" lon="8.4495693669">
				<ele>1082.1</ele>
				<extensions>
					<swisstopo:routepoint_id>1762218459</swisstopo:routepoint_id>
				</extensions>
			</trkpt>
			<trkpt lat="46.8018019141" lon="8.4494698358">
				<ele>1081.7</ele>
				<extensions>
					<swisstopo:routepoint_id>1401520965</swisstopo:routepoint_id>
				</extensions>
			</trkpt>
			<trkpt lat="46.8019099225" lon="8.4492611109">
				<ele>1081.0</ele>
				<extensions>
					<swisstopo:routepoint_id>1143397703</swisstopo:routepoint_id>
				</extensions>
			</trkpt>
			<trkpt lat="46.8019698330" lon="8.4491624072">
				<ele>1080.5</ele>
				<extensions>
					<swisstopo:routepoint_id>1446332528</swisstopo:routepoint_id>
				</extensions>
			</trkpt>
			<trkpt lat="46.8020316810" lon="8.4490581858">
				<ele>1080.1</ele>
				<extensions>
					<swisstopo:routepoint_id>1590734233</swisstopo:routepoint_id>
				</extensions>
			</trkpt>
			<trkpt lat="46.8021571042" lon="8.4488719653">
				<ele>1079.1</ele>
				<extensions>
					<swisstopo:routepoint_id>372553434</swisstopo:routepoint_id>
				</extensions>
			</trkpt>
			<trkpt lat="46.8022321633" lon="8.4487818643">
				<ele>1078.6</ele>
				<extensions>
					<swisstopo:routepoint_id>1938085590</swisstopo:routepoint_id>
				</extensions>
			</trkpt>
			<trkpt lat="46.8022916635" lon="8.4487275384">
				<ele>1078.4</ele>
				<extensions>
					<swisstopo:routepoint_id>769309790</swisstopo:routepoint_id>
				</extensions>
			</trkpt>
			<trkpt lat="46.8023415127" lon="8.4486896410">
				<ele>1078.2</ele>
				<extensions>
					<swisstopo:routepoint_id>1581749829</swisstopo:routepoint_id>
				</extensions>
			</trkpt>
			<trkpt lat="46.8024142910" lon="8.4486438561">
				<ele>1077.9</ele>
				<extensions>
					<swisstopo:routepoint_id>438100535</swisstopo:routepoint_id>
				</extensions>
			</trkpt>
			<trkpt lat="46.8024908307" lon="8.4486009321">
				<ele>1077.6</ele>
				<extensions>
					<swisstopo:routepoint_id>983240600</swisstopo:routepoint_id>
				</extensions>
			</trkpt>
			<trkpt lat="46.8025539227" lon="8.4485716037">
				<ele>1077.3</ele>
				<extensions>
					<swisstopo:routepoint_id>153130758</swisstopo:routepoint_id>
				</extensions>
			</trkpt>
			<trkpt lat="46.8026513874" lon="8.4485318370">
				<ele>1077.0</ele>
				<extensions>
					<swisstopo:routepoint_id>1389414548</swisstopo:routepoint_id>
				</extensions>
			</trkpt>
			<trkpt lat="46.8028309139" lon="8.4484714404">
				<ele>1076.4</ele>
				<extensions>
					<swisstopo:routepoint_id>1944023658</swisstopo:routepoint_id>
				</extensions>
			</trkpt>
			<trkpt lat="46.8030028180" lon="8.4484136400">
				<ele>1075.9</ele>
				<extensions>
					<swisstopo:routepoint_id>2137377461</swisstopo:routepoint_id>
				</extensions>
			</trkpt>
			<trkpt lat="46.8030945976" lon="8.4483710011">
				<ele>1075.6</ele>
				<extensions>
					<swisstopo:routepoint_id>347797964</swisstopo:routepoint_id>
				</extensions>
			</trkpt>
			<trkpt lat="46.8031921357" lon="8.4483229141">
				<ele>1075.2</ele>
				<extensions>
					<swisstopo:routepoint_id>813552459</swisstopo:routepoint_id>
				</extensions>
			</trkpt>
			<trkpt lat="46.8032801765" lon="8.4482718854">
				<ele>1074.8</ele>
				<extensions>
					<swisstopo:routepoint_id>1156651129</swisstopo:routepoint_id>
				</extensions>
			</trkpt>
			<trkpt lat="46.8033663113" lon="8.4482207953">
				<ele>1074.6</ele>
				<extensions>
					<swisstopo:routepoint_id>1041547918</swisstopo:routepoint_id>
				</extensions>
			</trkpt>
			<trkpt lat="46.8034460020" lon="8.4481642634">
				<ele>1074.3</ele>
				<extensions>
					<swisstopo:routepoint_id>1968024316</swisstopo:routepoint_id>
				</extensions>
			</trkpt>
			<trkpt lat="46.8035177955" lon="8.4481016372">
				<ele>1074.1</ele>
				<extensions>
					<swisstopo:routepoint_id>1581565605</swisstopo:routepoint_id>
				</extensions>
			</trkpt>
			<trkpt lat="46.8035676085" lon="8.4480529043">
				<ele>1073.9</ele>
				<extensions>
					<swisstopo:routepoint_id>528180608</swisstopo:routepoint_id>
				</extensions>
			</trkpt>
			<trkpt lat="46.8035984657" lon="8.4480227209">
				<ele>1073.8</ele>
				<extensions>
					<swisstopo:routepoint_id>2030730397</swisstopo:routepoint_id>
				</extensions>
			</trkpt>
			<trkpt lat="46.8036791356" lon="8.4479438044">
				<ele>1073.4</ele>
				<extensions>
					<swisstopo:routepoint_id>1584635892</swisstopo:routepoint_id>
				</extensions>
			</trkpt>
			<trkpt lat="46.8038386360" lon="8.4477804089">
				<ele>1072.4</ele>
				<extensions>
					<swisstopo:routepoint_id>1020618583</swisstopo:routepoint_id>
				</extensions>
			</trkpt>
			<trkpt lat="46.8040328610" lon="8.4475726075">
				<ele>1071.3</ele>
				<extensions>
					<swisstopo:routepoint_id>1080766187</swisstopo:routepoint_id>
				</extensions>
			</trkpt>
			<trkpt lat="46.8040424043" lon="8.4475623966">
				<ele>1071.2</ele>
				<extensions>
					<swisstopo:routepoint_id>173069175</swisstopo:routepoint_id>
				</extensions>
			</trkpt>
			<trkpt lat="46.8042653384" lon="8.4473308416">
				<ele>1070.3</ele>
				<extensions>
					<swisstopo:routepoint_id>1359644586</swisstopo:routepoint_id>
				</extensions>
			</trkpt>
			<trkpt lat="46.8044575801" lon="8.4471236939">
				<ele>1069.6</ele>
				<extensions>
					<swisstopo:routepoint_id>954546468</swisstopo:routepoint_id>
				</extensions>
			</trkpt>
			<trkpt lat="46.8045249576" lon="8.4470417614">
				<ele>1069.4</ele>
				<extensions>
					<swisstopo:routepoint_id>1957797286</swisstopo:routepoint_id>
				</extensions>
			</trkpt>
			<trkpt lat="46.8045750997" lon="8.4469705907">
				<ele>1069.3</ele>
				<extensions>
					<swisstopo:routepoint_id>1232105380</swisstopo:routepoint_id>
				</extensions>
			</trkpt>
			<trkpt lat="46.8046367656" lon="8.4468857865">
				<ele>1069.2</ele>
				<extensions>
					<swisstopo:routepoint_id>1383473407</swisstopo:routepoint_id>
				</extensions>
			</trkpt>
			<trkpt lat="46.8046908754" lon="8.4467980508">
				<ele>1069.2</ele>
				<extensions>
					<swisstopo:routepoint_id>1964083692</swisstopo:routepoint_id>
				</extensions>
			</trkpt>
			<trkpt lat="46.8047875497" lon="8.4466307076">
				<ele>1069.2</ele>
				<extensions>
					<swisstopo:routepoint_id>17494012</swisstopo:routepoint_id>
				</extensions>
			</trkpt>
			<trkpt lat="46.8049056221" lon="8.4464138350">
				<ele>1069.4</ele>
				<extensions>
					<swisstopo:routepoint_id>1795469608</swisstopo:routepoint_id>
				</extensions>
			</trkpt>
			<trkpt lat="46.8049867900" lon="8.4462623942">
				<ele>1069.5</ele>
				<extensions>
					<swisstopo:routepoint_id>1232351268</swisstopo:routepoint_id>
				</extensions>
			</trkpt>
			<trkpt lat="46.8051164909" lon="8.4460378634">
				<ele>1069.2</ele>
				<extensions>
					<swisstopo:routepoint_id>851425947</swisstopo:routepoint_id>
				</extensions>
			</trkpt>
			<trkpt lat="46.8051821814" lon="8.4459309389">
				<ele>1068.7</ele>
				<extensions>
					<swisstopo:routepoint_id>1797691370</swisstopo:routepoint_id>
				</extensions>
			</trkpt>
			<trkpt lat="46.8052535813" lon="8.4458241210">
				<ele>1068.3</ele>
				<extensions>
					<swisstopo:routepoint_id>182694819</swisstopo:routepoint_id>
				</extensions>
			</trkpt>
			<trkpt lat="46.8053286379" lon="8.4457340106">
				<ele>1067.8</ele>
				<extensions>
					<swisstopo:routepoint_id>1849783034</swisstopo:routepoint_id>
				</extensions>
			</trkpt>
			<trkpt lat="46.8054575816" lon="8.4455783510">
				<ele>1067.1</ele>
				<extensions>
					<swisstopo:routepoint_id>1031239532</swisstopo:routepoint_id>
				</extensions>
			</trkpt>
			<trkpt lat="46.8055422663" lon="8.4454773222">
				<ele>1066.5</ele>
				<extensions>
					<swisstopo:routepoint_id>1803962954</swisstopo:routepoint_id>
				</extensions>
			</trkpt>
			<trkpt lat="46.8055950971" lon="8.4454099982">
				<ele>1066.0</ele>
				<extensions>
					<swisstopo:routepoint_id>1478187350</swisstopo:routepoint_id>
				</extensions>
			</trkpt>
			<trkpt lat="46.8056656465" lon="8.4453049190">
				<ele>1065.4</ele>
				<extensions>
					<swisstopo:routepoint_id>768899107</swisstopo:routepoint_id>
				</extensions>
			</trkpt>
			<trkpt lat="46.8057179047" lon="8.4452088384">
				<ele>1064.8</ele>
				<extensions>
					<swisstopo:routepoint_id>1608582170</swisstopo:routepoint_id>
				</extensions>
			</trkpt>
			<trkpt lat="46.8057546961" lon="8.4451401921">
				<ele>1064.4</ele>
				<extensions>
					<swisstopo:routepoint_id>191627689</swisstopo:routepoint_id>
				</extensions>
			</trkpt>
			<trkpt lat="46.8058177139" lon="8.4451191890">
				<ele>1064.3</ele>
				<extensions>
					<swisstopo:routepoint_id>555313593</swisstopo:routepoint_id>
				</extensions>
			</trkpt>
			<trkpt lat="46.8058599218" lon="8.4450839218">
				<ele>1063.8</ele>
				<extensions>
					<swisstopo:routepoint_id>383480320</swisstopo:routepoint_id>
				</extensions>
			</trkpt>
			<trkpt lat="46.8059098830" lon="8.4450321609">
				<ele>1063.2</ele>
				<extensions>
					<swisstopo:routepoint_id>326611036</swisstopo:routepoint_id>
				</extensions>
			</trkpt>
			<trkpt lat="46.8059926122" lon="8.4449366490">
				<ele>1062.6</ele>
				<extensions>
					<swisstopo:routepoint_id>1241080221</swisstopo:routepoint_id>
				</extensions>
			</trkpt>
			<trkpt lat="46.8060677659" lon="8.4448354401">
				<ele>1062.2</ele>
				<extensions>
					<swisstopo:routepoint_id>130274702</swisstopo:routepoint_id>
				</extensions>
			</trkpt>
			<trkpt lat="46.8061643484" lon="8.4446791725">
				<ele>1061.5</ele>
				<extensions>
					<swisstopo:routepoint_id>644240068</swisstopo:routepoint_id>
				</extensions>
			</trkpt>
			<trkpt lat="46.8062436224" lon="8.4445419971">
				<ele>1061.1</ele>
				<extensions>
					<swisstopo:routepoint_id>833247165</swisstopo:routepoint_id>
				</extensions>
			</trkpt>
			<trkpt lat="46.8063383805" lon="8.4443773739">
				<ele>1060.8</ele>
				<extensions>
					<swisstopo:routepoint_id>1712593358</swisstopo:routepoint_id>
				</extensions>
			</trkpt>
			<trkpt lat="46.8064387990" lon="8.4442183975">
				<ele>1060.6</ele>
				<extensions>
					<swisstopo:routepoint_id>2129697301</swisstopo:routepoint_id>
				</extensions>
			</trkpt>
			<trkpt lat="46.8065487878" lon="8.4440540583">
				<ele>1060.1</ele>
				<extensions>
					<swisstopo:routepoint_id>57752414</swisstopo:routepoint_id>
				</extensions>
			</trkpt>
			<trkpt lat="46.8066163162" lon="8.4439527048">
				<ele>1059.8</ele>
				<extensions>
					<swisstopo:routepoint_id>1918645338</swisstopo:routepoint_id>
				</extensions>
			</trkpt>
			<trkpt lat="46.8066685977" lon="8.4438538444">
				<ele>1059.6</ele>
				<extensions>
					<swisstopo:routepoint_id>1869307843</swisstopo:routepoint_id>
				</extensions>
			</trkpt>
			<trkpt lat="46.8067423251" lon="8.4436999241">
				<ele>1059.5</ele>
				<extensions>
					<swisstopo:routepoint_id>299228210</swisstopo:routepoint_id>
				</extensions>
			</trkpt>
			<trkpt lat="46.8067829589" lon="8.4436258047">
				<ele>1059.4</ele>
				<extensions>
					<swisstopo:routepoint_id>855842488</swisstopo:routepoint_id>
				</extensions>
			</trkpt>
			<trkpt lat="46.8068818360" lon="8.4434251983">
				<ele>1059.7</ele>
				<extensions>
					<swisstopo:routepoint_id>1040635608</swisstopo:routepoint_id>
				</extensions>
			</trkpt>
			<trkpt lat="46.8070037546" lon="8.4432028403">
				<ele>1060.2</ele>
				<extensions>
					<swisstopo:routepoint_id>187249609</swisstopo:routepoint_id>
				</extensions>
			</trkpt>
			<trkpt lat="46.8071219092" lon="8.4429748685">
				<ele>1062.1</ele>
				<extensions>
					<swisstopo:routepoint_id>1767241838</swisstopo:routepoint_id>
				</extensions>
			</trkpt>
			<trkpt lat="46.8071780838" lon="8.4428677589">
				<ele>1062.5</ele>
				<extensions>
					<swisstopo:routepoint_id>52236602</swisstopo:routepoint_id>
				</extensions>
			</trkpt>
			<trkpt lat="46.8072650688" lon="8.4427196249">
				<ele>1062.2</ele>
				<extensions>
					<swisstopo:routepoint_id>758720184</swisstopo:routepoint_id>
				</extensions>
			</trkpt>
			<trkpt lat="46.8073520869" lon="8.4425687128">
				<ele>1061.7</ele>
				<extensions>
					<swisstopo:routepoint_id>1627236447</swisstopo:routepoint_id>
				</extensions>
			</trkpt>
			<trkpt lat="46.8074254051" lon="8.4424591575">
				<ele>1061.2</ele>
				<extensions>
					<swisstopo:routepoint_id>916358212</swisstopo:routepoint_id>
				</extensions>
			</trkpt>
			<trkpt lat="46.8074776122" lon="8.4423686128">
				<ele>1061.2</ele>
				<extensions>
					<swisstopo:routepoint_id>2091190202</swisstopo:routepoint_id>
				</extensions>
			</trkpt>
			<trkpt lat="46.8075028523" lon="8.4423136089">
				<ele>1061.1</ele>
				<extensions>
					<swisstopo:routepoint_id>610624624</swisstopo:routepoint_id>
				</extensions>
			</trkpt>
			<trkpt lat="46.8075243532" lon="8.4422502289">
				<ele>1061.0</ele>
				<extensions>
					<swisstopo:routepoint_id>1814670874</swisstopo:routepoint_id>
				</extensions>
			</trkpt>
			<trkpt lat="46.8075874608" lon="8.4420018097">
				<ele>1060.4</ele>
				<extensions>
					<swisstopo:routepoint_id>1235035647</swisstopo:routepoint_id>
				</extensions>
			</trkpt>
			<trkpt lat="46.8076090077" lon="8.4419171521">
				<ele>1060.3</ele>
				<extensions>
					<swisstopo:routepoint_id>1433943983</swisstopo:routepoint_id>
				</extensions>
			</trkpt>
			<trkpt lat="46.8076288812" lon="8.4418389616">
				<ele>1060.4</ele>
				<extensions>
					<swisstopo:routepoint_id>35478486</swisstopo:routepoint_id>
				</extensions>
			</trkpt>
			<trkpt lat="46.8076644947" lon="8.4416870903">
				<ele>1060.6</ele>
				<extensions>
					<swisstopo:routepoint_id>1822686363</swisstopo:routepoint_id>
				</extensions>
			</trkpt>
			<trkpt lat="46.8076767655" lon="8.4415902580">
				<ele>1060.6</ele>
				<extensions>
					<swisstopo:routepoint_id>212850774</swisstopo:routepoint_id>
				</extensions>
			</trkpt>
			<trkpt lat="46.8076909755" lon="8.4414906843">
				<ele>1060.5</ele>
				<extensions>
					<swisstopo:routepoint_id>2142640931</swisstopo:routepoint_id>
				</extensions>
			</trkpt>
			<trkpt lat="46.8077381690" lon="8.4413196102">
				<ele>1060.2</ele>
				<extensions>
					<swisstopo:routepoint_id>748239388</swisstopo:routepoint_id>
				</extensions>
			</trkpt>
			<trkpt lat="46.8077909190" lon="8.4411680702">
				<ele>1059.7</ele>
				<extensions>
					<swisstopo:routepoint_id>1735970790</swisstopo:routepoint_id>
				</extensions>
			</trkpt>
			<trkpt lat="46.8078382668" lon="8.4409803592">
				<ele>1059.3</ele>
				<extensions>
					<swisstopo:routepoint_id>1424774120</swisstopo:routepoint_id>
				</extensions>
			</trkpt>
			<trkpt lat="46.8078921505" lon="8.4406984854">
				<ele>1059.2</ele>
				<extensions>
					<swisstopo:routepoint_id>1171764730</swisstopo:routepoint_id>
				</extensions>
			</trkpt>
			<trkpt lat="46.8079358302" lon="8.4404751329">
				<ele>1059.9</ele>
				<extensions>
					<swisstopo:routepoint_id>605203446</swisstopo:routepoint_id>
				</extensions>
			</trkpt>
			<trkpt lat="46.8079661551" lon="8.4403200163">
				<ele>1059.2</ele>
				<extensions>
					<swisstopo:routepoint_id>2054373016</swisstopo:routepoint_id>
				</extensions>
			</trkpt>
			<trkpt lat="46.8079750181" lon="8.4402429829">
				<ele>1058.9</ele>
				<extensions>
					<swisstopo:routepoint_id>1437953701</swisstopo:routepoint_id>
				</extensions>
			</trkpt>
			<trkpt lat="46.8079729137" lon="8.4401693486">
				<ele>1058.6</ele>
				<extensions>
					<swisstopo:routepoint_id>1952331802</swisstopo:routepoint_id>
				</extensions>
			</trkpt>
			<trkpt lat="46.8079624025" lon="8.4401206752">
				<ele>1058.3</ele>
				<extensions>
					<swisstopo:routepoint_id>154721696</swisstopo:routepoint_id>
				</extensions>
			</trkpt>
			<trkpt lat="46.8079450712" lon="8.4400682847">
				<ele>1058.2</ele>
				<extensions>
					<swisstopo:routepoint_id>1276846481</swisstopo:routepoint_id>
				</extensions>
			</trkpt>
			<trkpt lat="46.8079117219" lon="8.4399861030">
				<ele>1058.0</ele>
				<extensions>
					<swisstopo:routepoint_id>2068723573</swisstopo:routepoint_id>
				</extensions>
			</trkpt>
			<trkpt lat="46.8078915981" lon="8.4398914456">
				<ele>1058.0</ele>
				<extensions>
					<swisstopo:routepoint_id>1293443101</swisstopo:routepoint_id>
				</extensions>
			</trkpt>
			<trkpt lat="46.8078773473" lon="8.4397802574">
				<ele>1057.6</ele>
				<extensions>
					<swisstopo:routepoint_id>1566320461</swisstopo:routepoint_id>
				</extensions>
			</trkpt>
			<trkpt lat="46.8078708886" lon="8.4396470190">
				<ele>1057.3</ele>
				<extensions>
					<swisstopo:routepoint_id>1981343949</swisstopo:routepoint_id>
				</extensions>
			</trkpt>
			<trkpt lat="46.8078716902" lon="8.4395555150">
				<ele>1057.2</ele>
				<extensions>
					<swisstopo:routepoint_id>605123842</swisstopo:routepoint_id>
				</extensions>
			</trkpt>
			<trkpt lat="46.8078782826" lon="8.4394557989">
				<ele>1057.1</ele>
				<extensions>
					<swisstopo:routepoint_id>1031165476</swisstopo:routepoint_id>
				</extensions>
			</trkpt>
			<trkpt lat="46.8078963582" lon="8.4393479761">
				<ele>1057.1</ele>
				<extensions>
					<swisstopo:routepoint_id>174727275</swisstopo:routepoint_id>
				</extensions>
			</trkpt>
			<trkpt lat="46.8079317742" lon="8.4392182805">
				<ele>1057.0</ele>
				<extensions>
					<swisstopo:routepoint_id>682191344</swisstopo:routepoint_id>
				</extensions>
			</trkpt>
			<trkpt lat="46.8080098240" lon="8.4390034133">
				<ele>1056.5</ele>
				<extensions>
					<swisstopo:routepoint_id>1661602876</swisstopo:routepoint_id>
				</extensions>
			</trkpt>
			<trkpt lat="46.8080643227" lon="8.4388685426">
				<ele>1056.4</ele>
				<extensions>
					<swisstopo:routepoint_id>324387166</swisstopo:routepoint_id>
				</extensions>
			</trkpt>
			<trkpt lat="46.8081301190" lon="8.4387477305">
				<ele>1056.3</ele>
				<extensions>
					<swisstopo:routepoint_id>582537177</swisstopo:routepoint_id>
				</extensions>
			</trkpt>
			<trkpt lat="46.8082034670" lon="8.4386353781">
				<ele>1056.2</ele>
				<extensions>
					<swisstopo:routepoint_id>253408854</swisstopo:routepoint_id>
				</extensions>
			</trkpt>
			<trkpt lat="46.8082479826" lon="8.4385530053">
				<ele>1055.9</ele>
				<extensions>
					<swisstopo:routepoint_id>406205981</swisstopo:routepoint_id>
				</extensions>
			</trkpt>
			<trkpt lat="46.8082770971" lon="8.4384897511">
				<ele>1055.8</ele>
				<extensions>
					<swisstopo:routepoint_id>1046614194</swisstopo:routepoint_id>
				</extensions>
			</trkpt>
			<trkpt lat="46.8083025051" lon="8.4384153433">
				<ele>1055.7</ele>
				<extensions>
					<swisstopo:routepoint_id>646338960</swisstopo:routepoint_id>
				</extensions>
			</trkpt>
			<trkpt lat="46.8083296890" lon="8.4383548437">
				<ele>1055.6</ele>
				<extensions>
					<swisstopo:routepoint_id>1138497390</swisstopo:routepoint_id>
				</extensions>
			</trkpt>
			<trkpt lat="46.8084171135" lon="8.4381567876">
				<ele>1054.9</ele>
				<extensions>
					<swisstopo:routepoint_id>320011754</swisstopo:routepoint_id>
				</extensions>
			</trkpt>
			<trkpt lat="46.8084677506" lon="8.4380273725">
				<ele>1054.7</ele>
				<extensions>
					<swisstopo:routepoint_id>1527802819</swisstopo:routepoint_id>
				</extensions>
			</trkpt>
			<trkpt lat="46.8085569351" lon="8.4378459878">
				<ele>1054.4</ele>
				<extensions>
					<swisstopo:routepoint_id>507605929</swisstopo:routepoint_id>
				</extensions>
			</trkpt>
			<trkpt lat="46.8086714607" lon="8.4375957482">
				<ele>1054.2</ele>
				<extensions>
					<swisstopo:routepoint_id>1681780649</swisstopo:routepoint_id>
				</extensions>
			</trkpt>
			<trkpt lat="46.8088463551" lon="8.4371940755">
				<ele>1053.6</ele>
				<extensions>
					<swisstopo:routepoint_id>341382198</swisstopo:routepoint_id>
				</extensions>
			</trkpt>
			<trkpt lat="46.8089396478" lon="8.4369767199">
				<ele>1053.5</ele>
				<extensions>
					<swisstopo:routepoint_id>807291192</swisstopo:routepoint_id>
				</extensions>
			</trkpt>
			<trkpt lat="46.8090039082" lon="8.4368142747">
				<ele>1053.3</ele>
				<extensions>
					<swisstopo:routepoint_id>1580346584</swisstopo:routepoint_id>
				</extensions>
			</trkpt>
			<trkpt lat="46.8090449337" lon="8.4366957897">
				<ele>1053.1</ele>
				<extensions>
					<swisstopo:routepoint_id>314288251</swisstopo:routepoint_id>
				</extensions>
			</trkpt>
			<trkpt lat="46.8090873812" lon="8.4366327806">
				<ele>1053.1</ele>
				<extensions>
					<swisstopo:routepoint_id>1242740539</swisstopo:routepoint_id>
				</extensions>
			</trkpt>
			<trkpt lat="46.8091184005" lon="8.4365695856">
				<ele>1052.9</ele>
				<extensions>
					<swisstopo:routepoint_id>1386668369</swisstopo:routepoint_id>
				</extensions>
			</trkpt>
			<trkpt lat="46.8092096342" lon="8.4363715945">
				<ele>1052.6</ele>
				<extensions>
					<swisstopo:routepoint_id>1485445592</swisstopo:routepoint_id>
				</extensions>
			</trkpt>
			<trkpt lat="46.8092729324" lon="8.4362306966">
				<ele>1051.9</ele>
				<extensions>
					<swisstopo:routepoint_id>2051742153</swisstopo:routepoint_id>
				</extensions>
			</trkpt>
			<trkpt lat="46.8093727489" lon="8.4360085187">
				<ele>1051.7</ele>
				<extensions>
					<swisstopo:routepoint_id>371430905</swisstopo:routepoint_id>
				</extensions>
			</trkpt>
			<trkpt lat="46.8095088249" lon="8.4356893316">
				<ele>1051.6</ele>
				<extensions>
					<swisstopo:routepoint_id>805120836</swisstopo:routepoint_id>
				</extensions>
			</trkpt>
			<trkpt lat="46.8096314298" lon="8.4353865208">
				<ele>1051.6</ele>
				<extensions>
					<swisstopo:routepoint_id>1917412074</swisstopo:routepoint_id>
				</extensions>
			</trkpt>
			<trkpt lat="46.8097326008" lon="8.4351387885">
				<ele>1051.6</ele>
				<extensions>
					<swisstopo:routepoint_id>1019232878</swisstopo:routepoint_id>
				</extensions>
			</trkpt>
			<trkpt lat="46.8097792133" lon="8.4350342666">
				<ele>1051.8</ele>
				<extensions>
					<swisstopo:routepoint_id>1992044344</swisstopo:routepoint_id>
				</extensions>
			</trkpt>
			<trkpt lat="46.8098178563" lon="8.4349711980">
				<ele>1052.2</ele>
				<extensions>
					<swisstopo:routepoint_id>1129377790</swisstopo:routepoint_id>
				</extensions>
			</trkpt>
			<trkpt lat="46.8098545514" lon="8.4349108580">
				<ele>1052.7</ele>
				<extensions>
					<swisstopo:routepoint_id>234147642</swisstopo:routepoint_id>
				</extensions>
			</trkpt>
			<trkpt lat="46.8099010430" lon="8.4348201960">
				<ele>1053.4</ele>
				<extensions>
					<swisstopo:routepoint_id>1167988467</swisstopo:routepoint_id>
				</extensions>
			</trkpt>
			<trkpt lat="46.8099899172" lon="8.4346748543">
				<ele>1051.5</ele>
				<extensions>
					<swisstopo:routepoint_id>647368367</swisstopo:routepoint_id>
				</extensions>
			</trkpt>
			<trkpt lat="46.8100924039" lon="8.4344937052">
				<ele>1049.9</ele>
				<extensions>
					<swisstopo:routepoint_id>1123164671</swisstopo:routepoint_id>
				</extensions>
			</trkpt>
			<trkpt lat="46.8102082574" lon="8.4343100204">
				<ele>1048.8</ele>
				<extensions>
					<swisstopo:routepoint_id>758656130</swisstopo:routepoint_id>
				</extensions>
			</trkpt>
			<trkpt lat="46.8102815044" lon="8.4342087537">
				<ele>1048.4</ele>
				<extensions>
					<swisstopo:routepoint_id>680565036</swisstopo:routepoint_id>
				</extensions>
			</trkpt>
			<trkpt lat="46.8104372603" lon="8.4340341445">
				<ele>1047.6</ele>
				<extensions>
					<swisstopo:routepoint_id>1647036638</swisstopo:routepoint_id>
				</extensions>
			</trkpt>
			<trkpt lat="46.8105698400" lon="8.4338979154">
				<ele>1047.1</ele>
				<extensions>
					<swisstopo:routepoint_id>376389979</swisstopo:routepoint_id>
				</extensions>
			</trkpt>
			<trkpt lat="46.8106793221" lon="8.4337890126">
				<ele>1046.7</ele>
				<extensions>
					<swisstopo:routepoint_id>1664523464</swisstopo:routepoint_id>
				</extensions>
			</trkpt>
			<trkpt lat="46.8107485632" lon="8.4337098581">
				<ele>1046.5</ele>
				<extensions>
					<swisstopo:routepoint_id>1252914957</swisstopo:routepoint_id>
				</extensions>
			</trkpt>
			<trkpt lat="46.8108522874" lon="8.4336063888">
				<ele>1046.3</ele>
				<extensions>
					<swisstopo:routepoint_id>1302338683</swisstopo:routepoint_id>
				</extensions>
			</trkpt>
			<trkpt lat="46.8110446997" lon="8.4333797344">
				<ele>1046.1</ele>
				<extensions>
					<swisstopo:routepoint_id>1754658641</swisstopo:routepoint_id>
				</extensions>
			</trkpt>
			<trkpt lat="46.8111927578" lon="8.4332132955">
				<ele>1046.1</ele>
				<extensions>
					<swisstopo:routepoint_id>1676999467</swisstopo:routepoint_id>
				</extensions>
			</trkpt>
			<trkpt lat="46.8113560643" lon="8.4330471245">
				<ele>1046.0</ele>
				<extensions>
					<swisstopo:routepoint_id>185754194</swisstopo:routepoint_id>
				</extensions>
			</trkpt>
			<trkpt lat="46.8114368773" lon="8.4329515598">
				<ele>1045.8</ele>
				<extensions>
					<swisstopo:routepoint_id>573840353</swisstopo:routepoint_id>
				</extensions>
			</trkpt>
			<trkpt lat="46.8115064074" lon="8.4328391134">
				<ele>1045.6</ele>
				<extensions>
					<swisstopo:routepoint_id>75803632</swisstopo:routepoint_id>
				</extensions>
			</trkpt>
			<trkpt lat="46.8115489797" lon="8.4327594769">
				<ele>1045.4</ele>
				<extensions>
					<swisstopo:routepoint_id>1382510196</swisstopo:routepoint_id>
				</extensions>
			</trkpt>
			<trkpt lat="46.8115744389" lon="8.4327050138">
				<ele>1045.3</ele>
				<extensions>
					<swisstopo:routepoint_id>955697787</swisstopo:routepoint_id>
				</extensions>
			</trkpt>
			<trkpt lat="46.8115851933" lon="8.4327139776">
				<ele>1045.3</ele>
				<extensions>
					<swisstopo:routepoint_id>652722209</swisstopo:routepoint_id>
				</extensions>
			</trkpt>
			<trkpt lat="46.8115950233" lon="8.4327160785">
				<ele>1045.4</ele>
				<extensions>
					<swisstopo:routepoint_id>1325685462</swisstopo:routepoint_id>
				</extensions>
			</trkpt>
			<trkpt lat="46.8116094977" lon="8.4327134794">
				<ele>1045.4</ele>
				<extensions>
					<swisstopo:routepoint_id>915573631</swisstopo:routepoint_id>
				</extensions>
			</trkpt>
			<trkpt lat="46.8116349599" lon="8.4326909936">
				<ele>1045.4</ele>
				<extensions>
					<swisstopo:routepoint_id>1270119773</swisstopo:routepoint_id>
				</extensions>
			</trkpt>
			<trkpt lat="46.8116804627" lon="8.4326309759">
				<ele>1045.4</ele>
				<extensions>
					<swisstopo:routepoint_id>572627140</swisstopo:routepoint_id>
				</extensions>
			</trkpt>
			<trkpt lat="46.8117070956" lon="8.4325920559">
				<ele>1045.3</ele>
				<extensions>
					<swisstopo:routepoint_id>179683146</swisstopo:routepoint_id>
				</extensions>
			</trkpt>
			<trkpt lat="46.8118068559" lon="8.4324240175">
				<ele>1045.3</ele>
				<extensions>
					<swisstopo:routepoint_id>320338025</swisstopo:routepoint_id>
				</extensions>
			</trkpt>
			<trkpt lat="46.8119436085" lon="8.4322178380">
				<ele>1045.3</ele>
				<extensions>
					<swisstopo:routepoint_id>1235202282</swisstopo:routepoint_id>
				</extensions>
			</trkpt>
			<trkpt lat="46.8120381048" lon="8.4320812434">
				<ele>1045.3</ele>
				<extensions>
					<swisstopo:routepoint_id>52077173</swisstopo:routepoint_id>
				</extensions>
			</trkpt>
			<trkpt lat="46.8121207249" lon="8.4319687034">
				<ele>1045.5</ele>
				<extensions>
					<swisstopo:routepoint_id>1148300566</swisstopo:routepoint_id>
				</extensions>
			</trkpt>
			<trkpt lat="46.8121560608" lon="8.4319351897">
				<ele>1045.4</ele>
				<extensions>
					<swisstopo:routepoint_id>1556345518</swisstopo:routepoint_id>
				</extensions>
			</trkpt>
			<trkpt lat="46.8121771353" lon="8.4319131214">
				<ele>1045.4</ele>
				<extensions>
					<swisstopo:routepoint_id>2063501503</swisstopo:routepoint_id>
				</extensions>
			</trkpt>
			<trkpt lat="46.8122270790" lon="8.4318080780">
				<ele>1045.1</ele>
				<extensions>
					<swisstopo:routepoint_id>309589391</swisstopo:routepoint_id>
				</extensions>
			</trkpt>
			<trkpt lat="46.8123115996" lon="8.4316688795">
				<ele>1045.0</ele>
				<extensions>
					<swisstopo:routepoint_id>1360547121</swisstopo:routepoint_id>
				</extensions>
			</trkpt>
			<trkpt lat="46.8124448620" lon="8.4314820436">
				<ele>1045.5</ele>
				<extensions>
					<swisstopo:routepoint_id>1620372504</swisstopo:routepoint_id>
				</extensions>
			</trkpt>
			<trkpt lat="46.8125264364" lon="8.4313694570">
				<ele>1046.1</ele>
				<extensions>
					<swisstopo:routepoint_id>201083605</swisstopo:routepoint_id>
				</extensions>
			</trkpt>
			<trkpt lat="46.8125645827" lon="8.4313168002">
				<ele>1046.2</ele>
				<extensions>
					<swisstopo:routepoint_id>1431710320</swisstopo:routepoint_id>
				</extensions>
			</trkpt>
			<trkpt lat="46.8125851584" lon="8.4312712284">
				<ele>1046.2</ele>
				<extensions>
					<swisstopo:routepoint_id>841088182</swisstopo:routepoint_id>
				</extensions>
			</trkpt>
			<trkpt lat="46.8126185543" lon="8.4312425663">
				<ele>1046.3</ele>
				<extensions>
					<swisstopo:routepoint_id>1731120934</swisstopo:routepoint_id>
				</extensions>
			</trkpt>
			<trkpt lat="46.8127415918" lon="8.4310798015">
				<ele>1047.5</ele>
				<extensions>
					<swisstopo:routepoint_id>1582701468</swisstopo:routepoint_id>
				</extensions>
			</trkpt>
			<trkpt lat="46.8128479535" lon="8.4309191598">
				<ele>1049.8</ele>
				<extensions>
					<swisstopo:routepoint_id>471704935</swisstopo:routepoint_id>
				</extensions>
			</trkpt>
			<trkpt lat="46.8129476060" lon="8.4307632438">
				<ele>1048.6</ele>
				<extensions>
					<swisstopo:routepoint_id>1398633171</swisstopo:routepoint_id>
				</extensions>
			</trkpt>
			<trkpt lat="46.8129921066" lon="8.4306960770">
				<ele>1048.4</ele>
				<extensions>
					<swisstopo:routepoint_id>1265932000</swisstopo:routepoint_id>
				</extensions>
			</trkpt>
			<trkpt lat="46.8131181782" lon="8.4304994427">
				<ele>1046.3</ele>
				<extensions>
					<swisstopo:routepoint_id>428882076</swisstopo:routepoint_id>
				</extensions>
			</trkpt>
			<trkpt lat="46.8132651218" lon="8.4302715975">
				<ele>1045.6</ele>
				<extensions>
					<swisstopo:routepoint_id>592126382</swisstopo:routepoint_id>
				</extensions>
			</trkpt>
			<trkpt lat="46.8133462725" lon="8.4301429017">
				<ele>1044.7</ele>
				<extensions>
					<swisstopo:routepoint_id>1195736544</swisstopo:routepoint_id>
				</extensions>
			</trkpt>
			<trkpt lat="46.8134525435" lon="8.4299763557">
				<ele>1044.0</ele>
				<extensions>
					<swisstopo:routepoint_id>1634801066</swisstopo:routepoint_id>
				</extensions>
			</trkpt>
			<trkpt lat="46.8134791544" lon="8.4299307530">
				<ele>1044.0</ele>
				<extensions>
					<swisstopo:routepoint_id>767119601</swisstopo:routepoint_id>
				</extensions>
			</trkpt>
			<trkpt lat="46.8134882052" lon="8.4299092553">
				<ele>1043.9</ele>
				<extensions>
					<swisstopo:routepoint_id>748285319</swisstopo:routepoint_id>
				</extensions>
			</trkpt>
			<trkpt lat="46.8136207374" lon="8.4297211818">
				<ele>1043.2</ele>
				<extensions>
					<swisstopo:routepoint_id>1310613914</swisstopo:routepoint_id>
				</extensions>
			</trkpt>
			<trkpt lat="46.8137343360" lon="8.4295737462">
				<ele>1042.4</ele>
				<extensions>
					<swisstopo:routepoint_id>858585901</swisstopo:routepoint_id>
				</extensions>
			</trkpt>
			<trkpt lat="46.8138337037" lon="8.4294544946">
				<ele>1040.6</ele>
				<extensions>
					<swisstopo:routepoint_id>1252483685</swisstopo:routepoint_id>
				</extensions>
			</trkpt>
			<trkpt lat="46.8139919019" lon="8.4292729567">
				<ele>1038.8</ele>
				<extensions>
					<swisstopo:routepoint_id>1106717936</swisstopo:routepoint_id>
				</extensions>
			</trkpt>
			<trkpt lat="46.8140727662" lon="8.4291700886">
				<ele>1038.1</ele>
				<extensions>
					<swisstopo:routepoint_id>659886492</swisstopo:routepoint_id>
				</extensions>
			</trkpt>
			<trkpt lat="46.8141434327" lon="8.4290913078">
				<ele>1037.8</ele>
				<extensions>
					<swisstopo:routepoint_id>55620591</swisstopo:routepoint_id>
				</extensions>
			</trkpt>
			<trkpt lat="46.8142526037" lon="8.4289913913">
				<ele>1037.2</ele>
				<extensions>
					<swisstopo:routepoint_id>984112255</swisstopo:routepoint_id>
				</extensions>
			</trkpt>
			<trkpt lat="46.8143581972" lon="8.4289180767">
				<ele>1036.7</ele>
				<extensions>
					<swisstopo:routepoint_id>1117179368</swisstopo:routepoint_id>
				</extensions>
			</trkpt>
			<trkpt lat="46.8144554385" lon="8.4288494966">
				<ele>1036.5</ele>
				<extensions>
					<swisstopo:routepoint_id>303655520</swisstopo:routepoint_id>
				</extensions>
			</trkpt>
			<trkpt lat="46.8145157216" lon="8.4288141989">
				<ele>1036.6</ele>
				<extensions>
					<swisstopo:routepoint_id>285335553</swisstopo:routepoint_id>
				</extensions>
			</trkpt>
			<trkpt lat="46.8145625445" lon="8.4287932288">
				<ele>1036.5</ele>
				<extensions>
					<swisstopo:routepoint_id>492071450</swisstopo:routepoint_id>
				</extensions>
			</trkpt>
			<trkpt lat="46.8146343544" lon="8.4287751241">
				<ele>1035.8</ele>
				<extensions>
					<swisstopo:routepoint_id>363671716</swisstopo:routepoint_id>
				</extensions>
			</trkpt>
			<trkpt lat="46.8146601566" lon="8.4287650159">
				<ele>1035.6</ele>
				<extensions>
					<swisstopo:routepoint_id>1452291474</swisstopo:routepoint_id>
				</extensions>
			</trkpt>
			<trkpt lat="46.8147112584" lon="8.4287449819">
				<ele>1035.4</ele>
				<extensions>
					<swisstopo:routepoint_id>1978015062</swisstopo:routepoint_id>
				</extensions>
			</trkpt>
			<trkpt lat="46.8148282941" lon="8.4286985962">
				<ele>1034.8</ele>
				<extensions>
					<swisstopo:routepoint_id>1235939778</swisstopo:routepoint_id>
				</extensions>
			</trkpt>
			<trkpt lat="46.8149154045" lon="8.4286443786">
				<ele>1034.2</ele>
				<extensions>
					<swisstopo:routepoint_id>336883610</swisstopo:routepoint_id>
				</extensions>
			</trkpt>
			<trkpt lat="46.8150025271" lon="8.4285877298">
				<ele>1033.8</ele>
				<extensions>
					<swisstopo:routepoint_id>1855030908</swisstopo:routepoint_id>
				</extensions>
			</trkpt>
			<trkpt lat="46.8151534054" lon="8.4284812833">
				<ele>1033.3</ele>
				<extensions>
					<swisstopo:routepoint_id>1026512237</swisstopo:routepoint_id>
				</extensions>
			</trkpt>
			<trkpt lat="46.8152053488" lon="8.4284482756">
				<ele>1033.3</ele>
				<extensions>
					<swisstopo:routepoint_id>1573970969</swisstopo:routepoint_id>
				</extensions>
			</trkpt>
			<trkpt lat="46.8152705249" lon="8.4284251982">
				<ele>1033.5</ele>
				<extensions>
					<swisstopo:routepoint_id>325148591</swisstopo:routepoint_id>
				</extensions>
			</trkpt>
			<trkpt lat="46.8153255873" lon="8.4284165105">
				<ele>1033.7</ele>
				<extensions>
					<swisstopo:routepoint_id>1889273419</swisstopo:routepoint_id>
				</extensions>
			</trkpt>
			<trkpt lat="46.8153840000" lon="8.4284054530">
				<ele>1034.1</ele>
				<extensions>
					<swisstopo:routepoint_id>1865217354</swisstopo:routepoint_id>
				</extensions>
			</trkpt>
			<trkpt lat="46.8154841535" lon="8.4283830186">
				<ele>1034.0</ele>
				<extensions>
					<swisstopo:routepoint_id>1720065603</swisstopo:routepoint_id>
				</extensions>
			</trkpt>
			<trkpt lat="46.8155775823" lon="8.4283701733">
				<ele>1034.3</ele>
				<extensions>
					<swisstopo:routepoint_id>1507570187</swisstopo:routepoint_id>
				</extensions>
			</trkpt>
			<trkpt lat="46.8156559030" lon="8.4283691817">
				<ele>1034.6</ele>
				<extensions>
					<swisstopo:routepoint_id>250014017</swisstopo:routepoint_id>
				</extensions>
			</trkpt>
			<trkpt lat="46.8157574521" lon="8.4283783557">
				<ele>1034.7</ele>
				<extensions>
					<swisstopo:routepoint_id>456931727</swisstopo:routepoint_id>
				</extensions>
			</trkpt>
			<trkpt lat="46.8158874557" lon="8.4283734386">
				<ele>1034.1</ele>
				<extensions>
					<swisstopo:routepoint_id>1500850827</swisstopo:routepoint_id>
				</extensions>
			</trkpt>
			<trkpt lat="46.8159841505" lon="8.4283679475">
				<ele>1034.0</ele>
				<extensions>
					<swisstopo:routepoint_id>83269632</swisstopo:routepoint_id>
				</extensions>
			</trkpt>
			<trkpt lat="46.8161074030" lon="8.4283726320">
				<ele>1033.7</ele>
				<extensions>
					<swisstopo:routepoint_id>1615568900</swisstopo:routepoint_id>
				</extensions>
			</trkpt>
			<trkpt lat="46.8161607667" lon="8.4283663316">
				<ele>1033.3</ele>
				<extensions>
					<swisstopo:routepoint_id>826405207</swisstopo:routepoint_id>
				</extensions>
			</trkpt>
			<trkpt lat="46.8162008773" lon="8.4283525059">
				<ele>1033.2</ele>
				<extensions>
					<swisstopo:routepoint_id>1389326834</swisstopo:routepoint_id>
				</extensions>
			</trkpt>
			<trkpt lat="46.8162293016" lon="8.4283408969">
				<ele>1033.2</ele>
				<extensions>
					<swisstopo:routepoint_id>683413570</swisstopo:routepoint_id>
				</extensions>
			</trkpt>
			<trkpt lat="46.8163030864" lon="8.4282864451">
				<ele>1033.0</ele>
				<extensions>
					<swisstopo:routepoint_id>1617137886</swisstopo:routepoint_id>
				</extensions>
			</trkpt>
			<trkpt lat="46.8163804317" lon="8.4282053385">
				<ele>1032.9</ele>
				<extensions>
					<swisstopo:routepoint_id>1678013470</swisstopo:routepoint_id>
				</extensions>
			</trkpt>
			<trkpt lat="46.8165047135" lon="8.4280911177">
				<ele>1032.5</ele>
				<extensions>
					<swisstopo:routepoint_id>1603780881</swisstopo:routepoint_id>
				</extensions>
			</trkpt>
			<trkpt lat="46.8165814253" lon="8.4280090902">
				<ele>1032.4</ele>
				<extensions>
					<swisstopo:routepoint_id>1856511792</swisstopo:routepoint_id>
				</extensions>
			</trkpt>
			<trkpt lat="46.8166140219" lon="8.4279742156">
				<ele>1032.4</ele>
				<extensions>
					<swisstopo:routepoint_id>2047164397</swisstopo:routepoint_id>
				</extensions>
			</trkpt>
			<trkpt lat="46.8167016868" lon="8.4278568895">
				<ele>1032.7</ele>
				<extensions>
					<swisstopo:routepoint_id>2110295686</swisstopo:routepoint_id>
				</extensions>
			</trkpt>
			<trkpt lat="46.8168787304" lon="8.4276150248">
				<ele>1032.4</ele>
				<extensions>
					<swisstopo:routepoint_id>255671898</swisstopo:routepoint_id>
				</extensions>
			</trkpt>
			<trkpt lat="46.8169629433" lon="8.4275097660">
				<ele>1032.4</ele>
				<extensions>
					<swisstopo:routepoint_id>170975712</swisstopo:routepoint_id>
				</extensions>
			</trkpt>
			<trkpt lat="46.8170033057" lon="8.4274668176">
				<ele>1032.2</ele>
				<extensions>
					<swisstopo:routepoint_id>438527688</swisstopo:routepoint_id>
				</extensions>
			</trkpt>
			<trkpt lat="46.8170988597" lon="8.4273981877">
				<ele>1031.3</ele>
				<extensions>
					<swisstopo:routepoint_id>1163145247</swisstopo:routepoint_id>
				</extensions>
			</trkpt>
			<trkpt lat="46.8171943980" lon="8.4273344202">
				<ele>1030.1</ele>
				<extensions>
					<swisstopo:routepoint_id>596003265</swisstopo:routepoint_id>
				</extensions>
			</trkpt>
			<trkpt lat="46.8172447685" lon="8.4272892366">
				<ele>1029.3</ele>
				<extensions>
					<swisstopo:routepoint_id>34406444</swisstopo:routepoint_id>
				</extensions>
			</trkpt>
			<trkpt lat="46.8173027480" lon="8.4272307298">
				<ele>1028.2</ele>
				<extensions>
					<swisstopo:routepoint_id>1254606791</swisstopo:routepoint_id>
				</extensions>
			</trkpt>
			<trkpt lat="46.8173321720" lon="8.4272010429">
				<ele>1027.6</ele>
				<extensions>
					<swisstopo:routepoint_id>2042400977</swisstopo:routepoint_id>
				</extensions>
			</trkpt>
			<trkpt lat="46.8174499115" lon="8.4270721471">
				<ele>1026.5</ele>
				<extensions>
					<swisstopo:routepoint_id>1961439661</swisstopo:routepoint_id>
				</extensions>
			</trkpt>
			<trkpt lat="46.8175474667" lon="8.4269671442">
				<ele>1026.1</ele>
				<extensions>
					<swisstopo:routepoint_id>1886559767</swisstopo:routepoint_id>
				</extensions>
			</trkpt>
			<trkpt lat="46.8176313433" lon="8.4269007299">
				<ele>1025.9</ele>
				<extensions>
					<swisstopo:routepoint_id>270096954</swisstopo:routepoint_id>
				</extensions>
			</trkpt>
			<trkpt lat="46.8177094339" lon="8.4268196585">
				<ele>1025.8</ele>
				<extensions>
					<swisstopo:routepoint_id>338870514</swisstopo:routepoint_id>
				</extensions>
			</trkpt>
			<trkpt lat="46.8177457712" lon="8.4267717464">
				<ele>1025.7</ele>
				<extensions>
					<swisstopo:routepoint_id>1707964109</swisstopo:routepoint_id>
				</extensions>
			</trkpt>
			<trkpt lat="46.8178029255" lon="8.4267121228">
				<ele>1025.3</ele>
				<extensions>
					<swisstopo:routepoint_id>224854626</swisstopo:routepoint_id>
				</extensions>
			</trkpt>
			<trkpt lat="46.8178986555" lon="8.4266240929">
				<ele>1025.1</ele>
				<extensions>
					<swisstopo:routepoint_id>423581433</swisstopo:routepoint_id>
				</extensions>
			</trkpt>
			<trkpt lat="46.8179693204" lon="8.4265452903">
				<ele>1024.8</ele>
				<extensions>
					<swisstopo:routepoint_id>348590407</swisstopo:routepoint_id>
				</extensions>
			</trkpt>
			<trkpt lat="46.8180081601" lon="8.4264853174">
				<ele>1024.5</ele>
				<extensions>
					<swisstopo:routepoint_id>660480250</swisstopo:routepoint_id>
				</extensions>
			</trkpt>
			<trkpt lat="46.8180318799" lon="8.4264396305">
				<ele>1024.3</ele>
				<extensions>
					<swisstopo:routepoint_id>1720505015</swisstopo:routepoint_id>
				</extensions>
			</trkpt>
			<trkpt lat="46.8180405513" lon="8.4264009748">
				<ele>1024.2</ele>
				<extensions>
					<swisstopo:routepoint_id>1221230542</swisstopo:routepoint_id>
				</extensions>
			</trkpt>
			<trkpt lat="46.8180410125" lon="8.4263475921">
				<ele>1024.1</ele>
				<extensions>
					<swisstopo:routepoint_id>1920375615</swisstopo:routepoint_id>
				</extensions>
			</trkpt>
			<trkpt lat="46.8180331799" lon="8.4262891941">
				<ele>1024.1</ele>
				<extensions>
					<swisstopo:routepoint_id>1348376737</swisstopo:routepoint_id>
				</extensions>
			</trkpt>
			<trkpt lat="46.8180170410" lon="8.4262282252">
				<ele>1024.0</ele>
				<extensions>
					<swisstopo:routepoint_id>1535658169</swisstopo:routepoint_id>
				</extensions>
			</trkpt>
			<trkpt lat="46.8179879754" lon="8.4261208842">
				<ele>1023.9</ele>
				<extensions>
					<swisstopo:routepoint_id>1151710940</swisstopo:routepoint_id>
				</extensions>
			</trkpt>
			<trkpt lat="46.8179538032" lon="8.4260280260">
				<ele>1023.9</ele>
				<extensions>
					<swisstopo:routepoint_id>462224077</swisstopo:routepoint_id>
				</extensions>
			</trkpt>
			<trkpt lat="46.8179193950" lon="8.4259594403">
				<ele>1023.9</ele>
				<extensions>
					<swisstopo:routepoint_id>1600130894</swisstopo:routepoint_id>
				</extensions>
			</trkpt>
			<trkpt lat="46.8178274005" lon="8.4258072808">
				<ele>1023.7</ele>
				<extensions>
					<swisstopo:routepoint_id>1908131935</swisstopo:routepoint_id>
				</extensions>
			</trkpt>
			<trkpt lat="46.8177979869" lon="8.4257412187">
				<ele>1023.7</ele>
				<extensions>
					<swisstopo:routepoint_id>22090517</swisstopo:routepoint_id>
				</extensions>
			</trkpt>
			<trkpt lat="46.8177882422" lon="8.4257119131">
				<ele>1023.7</ele>
				<extensions>
					<swisstopo:routepoint_id>18656197</swisstopo:routepoint_id>
				</extensions>
			</trkpt>
			<trkpt lat="46.8177853742" lon="8.4256584568">
				<ele>1023.7</ele>
				<extensions>
					<swisstopo:routepoint_id>1930142597</swisstopo:routepoint_id>
				</extensions>
			</trkpt>
			<trkpt lat="46.8177941291" lon="8.4256100767">
				<ele>1023.6</ele>
				<extensions>
					<swisstopo:routepoint_id>25413929</swisstopo:routepoint_id>
				</extensions>
			</trkpt>
			<trkpt lat="46.8178180494" lon="8.4255401292">
				<ele>1023.6</ele>
				<extensions>
					<swisstopo:routepoint_id>1822557991</swisstopo:routepoint_id>
				</extensions>
			</trkpt>
			<trkpt lat="46.8178977739" lon="8.4253765419">
				<ele>1023.4</ele>
				<extensions>
					<swisstopo:routepoint_id>354934530</swisstopo:routepoint_id>
				</extensions>
			</trkpt>
			<trkpt lat="46.8179907813" lon="8.4252180606">
				<ele>1023.3</ele>
				<extensions>
					<swisstopo:routepoint_id>590460931</swisstopo:routepoint_id>
				</extensions>
			</trkpt>
			<trkpt lat="46.8180384382" lon="8.4251024257">
				<ele>1023.0</ele>
				<extensions>
					<swisstopo:routepoint_id>615774032</swisstopo:routepoint_id>
				</extensions>
			</trkpt>
			<trkpt lat="46.8181109056" lon="8.4249123284">
				<ele>1022.7</ele>
				<extensions>
					<swisstopo:routepoint_id>670973547</swisstopo:routepoint_id>
				</extensions>
			</trkpt>
			<trkpt lat="46.8181862712" lon="8.4246876920">
				<ele>1022.5</ele>
				<extensions>
					<swisstopo:routepoint_id>353460507</swisstopo:routepoint_id>
				</extensions>
			</trkpt>
			<trkpt lat="46.8182090660" lon="8.4246371241">
				<ele>1022.5</ele>
				<extensions>
					<swisstopo:routepoint_id>407745212</swisstopo:routepoint_id>
				</extensions>
			</trkpt>
			<trkpt lat="46.8182498997" lon="8.4245383712">
				<ele>1022.4</ele>
				<extensions>
					<swisstopo:routepoint_id>990138545</swisstopo:routepoint_id>
				</extensions>
			</trkpt>
			<trkpt lat="46.8182994880" lon="8.4243912245">
				<ele>1022.3</ele>
				<extensions>
					<swisstopo:routepoint_id>1586235029</swisstopo:routepoint_id>
				</extensions>
			</trkpt>
			<trkpt lat="46.8183972042" lon="8.4240726392">
				<ele>1022.1</ele>
				<extensions>
					<swisstopo:routepoint_id>1874654538</swisstopo:routepoint_id>
				</extensions>
			</trkpt>
			<trkpt lat="46.8184948445" lon="8.4237637521">
				<ele>1022.1</ele>
				<extensions>
					<swisstopo:routepoint_id>795116196</swisstopo:routepoint_id>
				</extensions>
			</trkpt>
			<trkpt lat="46.8185770419" lon="8.4235055671">
				<ele>1022.3</ele>
				<extensions>
					<swisstopo:routepoint_id>1132373130</swisstopo:routepoint_id>
				</extensions>
			</trkpt>
			<trkpt lat="46.8186490129" lon="8.4232738773">
				<ele>1022.6</ele>
				<extensions>
					<swisstopo:routepoint_id>1135076433</swisstopo:routepoint_id>
				</extensions>
			</trkpt>
			<trkpt lat="46.8186783775" lon="8.4231530543">
				<ele>1022.7</ele>
				<extensions>
					<swisstopo:routepoint_id>1062501434</swisstopo:routepoint_id>
				</extensions>
			</trkpt>
			<trkpt lat="46.8187027316" lon="8.4230345712">
				<ele>1022.6</ele>
				<extensions>
					<swisstopo:routepoint_id>2129530848</swisstopo:routepoint_id>
				</extensions>
			</trkpt>
			<trkpt lat="46.8187255753" lon="8.4228966335">
				<ele>1022.7</ele>
				<extensions>
					<swisstopo:routepoint_id>2086279231</swisstopo:routepoint_id>
				</extensions>
			</trkpt>
			<trkpt lat="46.8187417186" lon="8.4227634363">
				<ele>1022.8</ele>
				<extensions>
					<swisstopo:routepoint_id>931079439</swisstopo:routepoint_id>
				</extensions>
			</trkpt>
			<trkpt lat="46.8187763332" lon="8.4224194281">
				<ele>1022.9</ele>
				<extensions>
					<swisstopo:routepoint_id>741139777</swisstopo:routepoint_id>
				</extensions>
			</trkpt>
			<trkpt lat="46.8188071465" lon="8.4221311607">
				<ele>1023.0</ele>
				<extensions>
					<swisstopo:routepoint_id>2018732390</swisstopo:routepoint_id>
				</extensions>
			</trkpt>
			<trkpt lat="46.8188327434" lon="8.4218670748">
				<ele>1022.8</ele>
				<extensions>
					<swisstopo:routepoint_id>2018425086</swisstopo:routepoint_id>
				</extensions>
			</trkpt>
			<trkpt lat="46.8188575049" lon="8.4217000566">
				<ele>1022.7</ele>
				<extensions>
					<swisstopo:routepoint_id>2056501472</swisstopo:routepoint_id>
				</extensions>
			</trkpt>
			<trkpt lat="46.8188820785" lon="8.4215548677">
				<ele>1022.6</ele>
				<extensions>
					<swisstopo:routepoint_id>72953066</swisstopo:routepoint_id>
				</extensions>
			</trkpt>
			<trkpt lat="46.8189219587" lon="8.4213735744">
				<ele>1022.6</ele>
				<extensions>
					<swisstopo:routepoint_id>1460962752</swisstopo:routepoint_id>
				</extensions>
			</trkpt>
			<trkpt lat="46.8189529276" lon="8.4212600609">
				<ele>1022.5</ele>
				<extensions>
					<swisstopo:routepoint_id>1252647299</swisstopo:routepoint_id>
				</extensions>
			</trkpt>
			<trkpt lat="46.8189990069" lon="8.4211322595">
				<ele>1022.5</ele>
				<extensions>
					<swisstopo:routepoint_id>1297738833</swisstopo:routepoint_id>
				</extensions>
			</trkpt>
			<trkpt lat="46.8190587538" lon="8.4209658660">
				<ele>1022.6</ele>
				<extensions>
					<swisstopo:routepoint_id>2136061276</swisstopo:routepoint_id>
				</extensions>
			</trkpt>
			<trkpt lat="46.8190979242" lon="8.4208670784">
				<ele>1022.6</ele>
				<extensions>
					<swisstopo:routepoint_id>2134322331</swisstopo:routepoint_id>
				</extensions>
			</trkpt>
			<trkpt lat="46.8191573874" lon="8.4207346701">
				<ele>1022.7</ele>
				<extensions>
					<swisstopo:routepoint_id>765616044</swisstopo:routepoint_id>
				</extensions>
			</trkpt>
			<trkpt lat="46.8192334873" lon="8.4206025650">
				<ele>1022.8</ele>
				<extensions>
					<swisstopo:routepoint_id>1516457520</swisstopo:routepoint_id>
				</extensions>
			</trkpt>
			<trkpt lat="46.8193983870" lon="8.4203151906">
				<ele>1023.1</ele>
				<extensions>
					<swisstopo:routepoint_id>2102342173</swisstopo:routepoint_id>
				</extensions>
			</trkpt>
			<trkpt lat="46.8194866918" lon="8.4201797107">
				<ele>1023.1</ele>
				<extensions>
					<swisstopo:routepoint_id>1944449396</swisstopo:routepoint_id>
				</extensions>
			</trkpt>
			<trkpt lat="46.8195056226" lon="8.4201512351">
				<ele>1023.1</ele>
				<extensions>
					<swisstopo:routepoint_id>1171667877</swisstopo:routepoint_id>
				</extensions>
			</trkpt>
			<trkpt lat="46.8195496238" lon="8.4200719229">
				<ele>1023.1</ele>
				<extensions>
					<swisstopo:routepoint_id>159019535</swisstopo:routepoint_id>
				</extensions>
			</trkpt>
			<trkpt lat="46.8196005002" lon="8.4199684968">
				<ele>1023.1</ele>
				<extensions>
					<swisstopo:routepoint_id>2147109789</swisstopo:routepoint_id>
				</extensions>
			</trkpt>
			<trkpt lat="46.8196294655" lon="8.4198937733">
				<ele>1023.0</ele>
				<extensions>
					<swisstopo:routepoint_id>1772086055</swisstopo:routepoint_id>
				</extensions>
			</trkpt>
			<trkpt lat="46.8196860688" lon="8.4197054862">
				<ele>1022.8</ele>
				<extensions>
					<swisstopo:routepoint_id>1250749213</swisstopo:routepoint_id>
				</extensions>
			</trkpt>
			<trkpt lat="46.8197494253" lon="8.4195051894">
				<ele>1021.9</ele>
				<extensions>
					<swisstopo:routepoint_id>2002663292</swisstopo:routepoint_id>
				</extensions>
			</trkpt>
			<trkpt lat="46.8198149678" lon="8.4192466757">
				<ele>1020.9</ele>
				<extensions>
					<swisstopo:routepoint_id>441958774</swisstopo:routepoint_id>
				</extensions>
			</trkpt>
			<trkpt lat="46.8198406779" lon="8.4191621916">
				<ele>1020.8</ele>
				<extensions>
					<swisstopo:routepoint_id>1637056134</swisstopo:routepoint_id>
				</extensions>
			</trkpt>
			<trkpt lat="46.8198696217" lon="8.4190898987">
				<ele>1020.8</ele>
				<extensions>
					<swisstopo:routepoint_id>2092127495</swisstopo:routepoint_id>
				</extensions>
			</trkpt>
			<trkpt lat="46.8198849192" lon="8.4190537800">
				<ele>1020.8</ele>
				<extensions>
					<swisstopo:routepoint_id>1046203412</swisstopo:routepoint_id>
				</extensions>
			</trkpt>
			<trkpt lat="46.8199067974" lon="8.4190299008">
				<ele>1020.8</ele>
				<extensions>
					<swisstopo:routepoint_id>899585356</swisstopo:routepoint_id>
				</extensions>
			</trkpt>
			<trkpt lat="46.8199304298" lon="8.4190176101">
				<ele>1020.8</ele>
				<extensions>
					<swisstopo:routepoint_id>835690048</swisstopo:routepoint_id>
				</extensions>
			</trkpt>
			<trkpt lat="46.8199213035" lon="8.4189702963">
				<ele>1020.7</ele>
				<extensions>
					<swisstopo:routepoint_id>591639494</swisstopo:routepoint_id>
				</extensions>
			</trkpt>
			<trkpt lat="46.8199197155" lon="8.4189342028">
				<ele>1020.7</ele>
				<extensions>
					<swisstopo:routepoint_id>299918829</swisstopo:routepoint_id>
				</extensions>
			</trkpt>
			<trkpt lat="46.8199219457" lon="8.4188954145">
				<ele>1020.7</ele>
				<extensions>
					<swisstopo:routepoint_id>1343424941</swisstopo:routepoint_id>
				</extensions>
			</trkpt>
			<trkpt lat="46.8199289170" lon="8.4188661958">
				<ele>1020.7</ele>
				<extensions>
					<swisstopo:routepoint_id>104981704</swisstopo:routepoint_id>
				</extensions>
			</trkpt>
			<trkpt lat="46.8199581704" lon="8.4187618878">
				<ele>1020.6</ele>
				<extensions>
					<swisstopo:routepoint_id>1727755034</swisstopo:routepoint_id>
				</extensions>
			</trkpt>
			<trkpt lat="46.8199654535" lon="8.4187075780">
				<ele>1020.7</ele>
				<extensions>
					<swisstopo:routepoint_id>2112959918</swisstopo:routepoint_id>
				</extensions>
			</trkpt>
			<trkpt lat="46.8199620305" lon="8.4186631325">
				<ele>1020.7</ele>
				<extensions>
					<swisstopo:routepoint_id>38713216</swisstopo:routepoint_id>
				</extensions>
			</trkpt>
			<trkpt lat="46.8200101295" lon="8.4186385914">
				<ele>1020.8</ele>
				<extensions>
					<swisstopo:routepoint_id>1239274267</swisstopo:routepoint_id>
				</extensions>
			</trkpt>
			<trkpt lat="46.8200353103" lon="8.4186147594">
				<ele>1020.8</ele>
				<extensions>
					<swisstopo:routepoint_id>2100153537</swisstopo:routepoint_id>
				</extensions>
			</trkpt>
			<trkpt lat="46.8200589732" lon="8.4185763738">
				<ele>1021.0</ele>
				<extensions>
					<swisstopo:routepoint_id>1095013240</swisstopo:routepoint_id>
				</extensions>
			</trkpt>
			<trkpt lat="46.8200827938" lon="8.4185185512">
				<ele>1021.4</ele>
				<extensions>
					<swisstopo:routepoint_id>151348584</swisstopo:routepoint_id>
				</extensions>
			</trkpt>
			<trkpt lat="46.8201133337" lon="8.4184332327">
				<ele>1022.0</ele>
				<extensions>
					<swisstopo:routepoint_id>795780300</swisstopo:routepoint_id>
				</extensions>
			</trkpt>
			<trkpt lat="46.8200840419" lon="8.4183729458">
				<ele>1021.8</ele>
				<extensions>
					<swisstopo:routepoint_id>330085443</swisstopo:routepoint_id>
				</extensions>
			</trkpt>
			<trkpt lat="46.8200780198" lon="8.4182975970">
				<ele>1021.6</ele>
				<extensions>
					<swisstopo:routepoint_id>1597184249</swisstopo:routepoint_id>
				</extensions>
			</trkpt>
			<trkpt lat="46.8200594506" lon="8.4181321911">
				<ele>1021.5</ele>
				<extensions>
					<swisstopo:routepoint_id>160705904</swisstopo:routepoint_id>
				</extensions>
			</trkpt>
			<trkpt lat="46.8200359074" lon="8.4177676962">
				<ele>1021.2</ele>
				<extensions>
					<swisstopo:routepoint_id>71306990</swisstopo:routepoint_id>
				</extensions>
			</trkpt>
			<trkpt lat="46.8200189035" lon="8.4176144770">
				<ele>1021.0</ele>
				<extensions>
					<swisstopo:routepoint_id>1580558340</swisstopo:routepoint_id>
				</extensions>
			</trkpt>
			<trkpt lat="46.8199917430" lon="8.4174780562">
				<ele>1021.0</ele>
				<extensions>
					<swisstopo:routepoint_id>749994769</swisstopo:routepoint_id>
				</extensions>
			</trkpt>
			<trkpt lat="46.8199369642" lon="8.4172586123">
				<ele>1021.2</ele>
				<extensions>
					<swisstopo:routepoint_id>547552652</swisstopo:routepoint_id>
				</extensions>
			</trkpt>
			<trkpt lat="46.8199130037" lon="8.4171392474">
				<ele>1020.9</ele>
				<extensions>
					<swisstopo:routepoint_id>91773714</swisstopo:routepoint_id>
				</extensions>
			</trkpt>
			<trkpt lat="46.8199036131" lon="8.4170686897">
				<ele>1020.8</ele>
				<extensions>
					<swisstopo:routepoint_id>691769396</swisstopo:routepoint_id>
				</extensions>
			</trkpt>
			<trkpt lat="46.8198994131" lon="8.4169739552">
				<ele>1020.7</ele>
				<extensions>
					<swisstopo:routepoint_id>887809136</swisstopo:routepoint_id>
				</extensions>
			</trkpt>
			<trkpt lat="46.8199070841" lon="8.4168575919">
				<ele>1020.6</ele>
				<extensions>
					<swisstopo:routepoint_id>260710088</swisstopo:routepoint_id>
				</extensions>
			</trkpt>
			<trkpt lat="46.8199147786" lon="8.4167363643">
				<ele>1020.4</ele>
				<extensions>
					<swisstopo:routepoint_id>154493273</swisstopo:routepoint_id>
				</extensions>
			</trkpt>
			<trkpt lat="46.8199144850" lon="8.4165761626">
				<ele>1020.5</ele>
				<extensions>
					<swisstopo:routepoint_id>347424438</swisstopo:routepoint_id>
				</extensions>
			</trkpt>
			<trkpt lat="46.8199164780" lon="8.4163431919">
				<ele>1020.3</ele>
				<extensions>
					<swisstopo:routepoint_id>1782967468</swisstopo:routepoint_id>
				</extensions>
			</trkpt>
			<trkpt lat="46.8199259486" lon="8.4162098751">
				<ele>1020.7</ele>
				<extensions>
					<swisstopo:routepoint_id>535603435</swisstopo:routepoint_id>
				</extensions>
			</trkpt>
			<trkpt lat="46.8199381870" lon="8.4161421469">
				<ele>1020.8</ele>
				<extensions>
					<swisstopo:routepoint_id>264394554</swisstopo:routepoint_id>
				</extensions>
			</trkpt>
			<trkpt lat="46.8199571200" lon="8.4160721036">
				<ele>1021.0</ele>
				<extensions>
					<swisstopo:routepoint_id>120250283</swisstopo:routepoint_id>
				</extensions>
			</trkpt>
			<trkpt lat="46.8199915274" lon="8.4159440755">
				<ele>1021.5</ele>
				<extensions>
					<swisstopo:routepoint_id>1688785126</swisstopo:routepoint_id>
				</extensions>
			</trkpt>
			<trkpt lat="46.8200134630" lon="8.4158447970">
				<ele>1021.3</ele>
				<extensions>
					<swisstopo:routepoint_id>1342613165</swisstopo:routepoint_id>
				</extensions>
			</trkpt>
			<trkpt lat="46.8200432537" lon="8.4157411385">
				<ele>1021.3</ele>
				<extensions>
					<swisstopo:routepoint_id>698871344</swisstopo:routepoint_id>
				</extensions>
			</trkpt>
			<trkpt lat="46.8200658259" lon="8.4156347429">
				<ele>1021.5</ele>
				<extensions>
					<swisstopo:routepoint_id>401249332</swisstopo:routepoint_id>
				</extensions>
			</trkpt>
			<trkpt lat="46.8200816912" lon="8.4155330855">
				<ele>1021.9</ele>
				<extensions>
					<swisstopo:routepoint_id>1452421483</swisstopo:routepoint_id>
				</extensions>
			</trkpt>
			<trkpt lat="46.8200982407" lon="8.4153513557">
				<ele>1022.7</ele>
				<extensions>
					<swisstopo:routepoint_id>1953227075</swisstopo:routepoint_id>
				</extensions>
			</trkpt>
			<trkpt lat="46.8201292722" lon="8.4150339628">
				<ele>1023.8</ele>
				<extensions>
					<swisstopo:routepoint_id>292333452</swisstopo:routepoint_id>
				</extensions>
			</trkpt>
			<trkpt lat="46.8201653749" lon="8.4147093747">
				<ele>1025.1</ele>
				<extensions>
					<swisstopo:routepoint_id>1743482281</swisstopo:routepoint_id>
				</extensions>
			</trkpt>
			<trkpt lat="46.8202242782" lon="8.4142492729">
				<ele>1026.9</ele>
				<extensions>
					<swisstopo:routepoint_id>329886284</swisstopo:routepoint_id>
				</extensions>
			</trkpt>
			<trkpt lat="46.8202726364" lon="8.4138545175">
				<ele>1027.7</ele>
				<extensions>
					<swisstopo:routepoint_id>1896173452</swisstopo:routepoint_id>
				</extensions>
			</trkpt>
			<trkpt lat="46.8202958897" lon="8.4136680464">
				<ele>1028.0</ele>
				<extensions>
					<swisstopo:routepoint_id>475301235</swisstopo:routepoint_id>
				</extensions>
			</trkpt>
			<trkpt lat="46.8203081886" lon="8.4135930320">
				<ele>1028.2</ele>
				<extensions>
					<swisstopo:routepoint_id>1636419252</swisstopo:routepoint_id>
				</extensions>
			</trkpt>
			<trkpt lat="46.8203339511" lon="8.4135036894">
				<ele>1028.3</ele>
				<extensions>
					<swisstopo:routepoint_id>832028467</swisstopo:routepoint_id>
				</extensions>
			</trkpt>
			<trkpt lat="46.8203680448" lon="8.4134120723">
				<ele>1028.5</ele>
				<extensions>
					<swisstopo:routepoint_id>911838837</swisstopo:routepoint_id>
				</extensions>
			</trkpt>
			<trkpt lat="46.8204462114" lon="8.4132338809">
				<ele>1029.1</ele>
				<extensions>
					<swisstopo:routepoint_id>1221821293</swisstopo:routepoint_id>
				</extensions>
			</trkpt>
			<trkpt lat="46.8205480735" lon="8.4130124124">
				<ele>1029.8</ele>
				<extensions>
					<swisstopo:routepoint_id>1243305629</swisstopo:routepoint_id>
				</extensions>
			</trkpt>
			<trkpt lat="46.8205974597" lon="8.4128871030">
				<ele>1030.2</ele>
				<extensions>
					<swisstopo:routepoint_id>1132527570</swisstopo:routepoint_id>
				</extensions>
			</trkpt>
			<trkpt lat="46.8206248972" lon="8.4127953518">
				<ele>1030.3</ele>
				<extensions>
					<swisstopo:routepoint_id>116468741</swisstopo:routepoint_id>
				</extensions>
			</trkpt>
			<trkpt lat="46.8206405118" lon="8.4127228221">
				<ele>1030.4</ele>
				<extensions>
					<swisstopo:routepoint_id>897485667</swisstopo:routepoint_id>
				</extensions>
			</trkpt>
			<trkpt lat="46.8206405882" lon="8.4126357388">
				<ele>1030.6</ele>
				<extensions>
					<swisstopo:routepoint_id>1745818204</swisstopo:routepoint_id>
				</extensions>
			</trkpt>
			<trkpt lat="46.8206577428" lon="8.4125777963">
				<ele>1030.9</ele>
				<extensions>
					<swisstopo:routepoint_id>597954531</swisstopo:routepoint_id>
				</extensions>
			</trkpt>
			<trkpt lat="46.8206889836" lon="8.4124302988">
				<ele>1031.2</ele>
				<extensions>
					<swisstopo:routepoint_id>459891212</swisstopo:routepoint_id>
				</extensions>
			</trkpt>
			<trkpt lat="46.8207301848" lon="8.4122878430">
				<ele>1031.1</ele>
				<extensions>
					<swisstopo:routepoint_id>303616412</swisstopo:routepoint_id>
				</extensions>
			</trkpt>
			<trkpt lat="46.8208212557" lon="8.4119642435">
				<ele>1031.0</ele>
				<extensions>
					<swisstopo:routepoint_id>1743994045</swisstopo:routepoint_id>
				</extensions>
			</trkpt>
			<trkpt lat="46.8209706089" lon="8.4114475146">
				<ele>1031.0</ele>
				<extensions>
					<swisstopo:routepoint_id>1730408017</swisstopo:routepoint_id>
				</extensions>
			</trkpt>
			<trkpt lat="46.8210185893" lon="8.4112906066">
				<ele>1031.1</ele>
				<extensions>
					<swisstopo:routepoint_id>334357567</swisstopo:routepoint_id>
				</extensions>
			</trkpt>
			<trkpt lat="46.8210492178" lon="8.4112159220">
				<ele>1031.1</ele>
				<extensions>
					<swisstopo:routepoint_id>2037746389</swisstopo:routepoint_id>
				</extensions>
			</trkpt>
			<trkpt lat="46.8210848474" lon="8.4111413284">
				<ele>1031.1</ele>
				<extensions>
					<swisstopo:routepoint_id>632470656</swisstopo:routepoint_id>
				</extensions>
			</trkpt>
			<trkpt lat="46.8210938964" lon="8.4111243125">
				<ele>1031.1</ele>
				<extensions>
					<swisstopo:routepoint_id>1651250291</swisstopo:routepoint_id>
				</extensions>
			</trkpt>
			<trkpt lat="46.8211475001" lon="8.4110235154">
				<ele>1031.0</ele>
				<extensions>
					<swisstopo:routepoint_id>1549338470</swisstopo:routepoint_id>
				</extensions>
			</trkpt>
			<trkpt lat="46.8211645014" lon="8.4109866430">
				<ele>1030.9</ele>
				<extensions>
					<swisstopo:routepoint_id>434648731</swisstopo:routepoint_id>
				</extensions>
			</trkpt>
			<trkpt lat="46.8211763522" lon="8.4109609342">
				<ele>1030.9</ele>
				<extensions>
					<swisstopo:routepoint_id>1232653620</swisstopo:routepoint_id>
				</extensions>
			</trkpt>
			<trkpt lat="46.8213038047" lon="8.4106695448">
				<ele>1030.9</ele>
				<extensions>
					<swisstopo:routepoint_id>728763723</swisstopo:routepoint_id>
				</extensions>
			</trkpt>
			<trkpt lat="46.8213885403" lon="8.4105011629">
				<ele>1031.0</ele>
				<extensions>
					<swisstopo:routepoint_id>160782007</swisstopo:routepoint_id>
				</extensions>
			</trkpt>
			<trkpt lat="46.8214843390" lon="8.4103605548">
				<ele>1031.0</ele>
				<extensions>
					<swisstopo:routepoint_id>1292307395</swisstopo:routepoint_id>
				</extensions>
			</trkpt>
			<trkpt lat="46.8215025525" lon="8.4103302957">
				<ele>1031.1</ele>
				<extensions>
					<swisstopo:routepoint_id>1437269493</swisstopo:routepoint_id>
				</extensions>
			</trkpt>
			<trkpt lat="46.8215107669" lon="8.4103016119">
				<ele>1031.0</ele>
				<extensions>
					<swisstopo:routepoint_id>208228008</swisstopo:routepoint_id>
				</extensions>
			</trkpt>
			<trkpt lat="46.8215303007" lon="8.4102800650">
				<ele>1031.1</ele>
				<extensions>
					<swisstopo:routepoint_id>1549773153</swisstopo:routepoint_id>
				</extensions>
			</trkpt>
			<trkpt lat="46.8215097725" lon="8.4102524484">
				<ele>1031.0</ele>
				<extensions>
					<swisstopo:routepoint_id>443081786</swisstopo:routepoint_id>
				</extensions>
			</trkpt>
			<trkpt lat="46.8215046514" lon="8.4102262627">
				<ele>1030.9</ele>
				<extensions>
					<swisstopo:routepoint_id>1925695789</swisstopo:routepoint_id>
				</extensions>
			</trkpt>
			<trkpt lat="46.8215761123" lon="8.4098954078">
				<ele>1028.9</ele>
				<extensions>
					<swisstopo:routepoint_id>698267171</swisstopo:routepoint_id>
				</extensions>
			</trkpt>
			<trkpt lat="46.8216373575" lon="8.4096000152">
				<ele>1027.2</ele>
				<extensions>
					<swisstopo:routepoint_id>798751624</swisstopo:routepoint_id>
				</extensions>
			</trkpt>
			<trkpt lat="46.8215480328" lon="8.4095557977">
				<ele>1026.4</ele>
				<extensions>
					<swisstopo:routepoint_id>147753308</swisstopo:routepoint_id>
				</extensions>
			</trkpt>
			<trkpt lat="46.8215540266" lon="8.4094538410">
				<ele>1026.0</ele>
				<extensions>
					<swisstopo:routepoint_id>1057715082</swisstopo:routepoint_id>
				</extensions>
			</trkpt>
			<trkpt lat="46.8212776910" lon="8.4092411101">
				<ele>1020.1</ele>
				<extensions>
					<swisstopo:routepoint_id>2105892527</swisstopo:routepoint_id>
				</extensions>
			</trkpt>
			<trkpt lat="46.8212114118" lon="8.4091865770">
				<ele>1018.0</ele>
				<extensions>
					<swisstopo:routepoint_id>819790176</swisstopo:routepoint_id>
				</extensions>
			</trkpt>
			<trkpt lat="46.8211755382" lon="8.4091300876">
				<ele>1017.8</ele>
				<extensions>
					<swisstopo:routepoint_id>644664413</swisstopo:routepoint_id>
				</extensions>
			</trkpt>
			<trkpt lat="46.8211544362" lon="8.4090915709">
				<ele>1017.6</ele>
				<extensions>
					<swisstopo:routepoint_id>1773529939</swisstopo:routepoint_id>
				</extensions>
			</trkpt>
			<trkpt lat="46.8211405295" lon="8.4090479679">
				<ele>1017.2</ele>
				<extensions>
					<swisstopo:routepoint_id>1143292064</swisstopo:routepoint_id>
				</extensions>
			</trkpt>
			<trkpt lat="46.8211184024" lon="8.4089903635">
				<ele>1016.4</ele>
				<extensions>
					<swisstopo:routepoint_id>508349690</swisstopo:routepoint_id>
				</extensions>
			</trkpt>
			<trkpt lat="46.8210926104" lon="8.4089448162">
				<ele>1015.7</ele>
				<extensions>
					<swisstopo:routepoint_id>1347653857</swisstopo:routepoint_id>
				</extensions>
			</trkpt>
			<trkpt lat="46.8210348859" lon="8.4088744224">
				<ele>1014.6</ele>
				<extensions>
					<swisstopo:routepoint_id>817061825</swisstopo:routepoint_id>
				</extensions>
			</trkpt>
			<trkpt lat="46.8210043504" lon="8.4088270604">
				<ele>1013.9</ele>
				<extensions>
					<swisstopo:routepoint_id>757743505</swisstopo:routepoint_id>
				</extensions>
			</trkpt>
			<trkpt lat="46.8209848647" lon="8.4087899616">
				<ele>1013.4</ele>
				<extensions>
					<swisstopo:routepoint_id>10650258</swisstopo:routepoint_id>
				</extensions>
			</trkpt>
			<trkpt lat="46.8209741146" lon="8.4087432963">
				<ele>1013.0</ele>
				<extensions>
					<swisstopo:routepoint_id>872563603</swisstopo:routepoint_id>
				</extensions>
			</trkpt>
			<trkpt lat="46.8209697684" lon="8.4086946761">
				<ele>1012.7</ele>
				<extensions>
					<swisstopo:routepoint_id>1735850414</swisstopo:routepoint_id>
				</extensions>
			</trkpt>
			<trkpt lat="46.8209692722" lon="8.4086131917">
				<ele>1012.1</ele>
				<extensions>
					<swisstopo:routepoint_id>242872302</swisstopo:routepoint_id>
				</extensions>
			</trkpt>
			<trkpt lat="46.8209703019" lon="8.4084918415">
				<ele>1011.1</ele>
				<extensions>
					<swisstopo:routepoint_id>308458880</swisstopo:routepoint_id>
				</extensions>
			</trkpt>
			<trkpt lat="46.8209686831" lon="8.4084016613">
				<ele>1010.4</ele>
				<extensions>
					<swisstopo:routepoint_id>1931693118</swisstopo:routepoint_id>
				</extensions>
			</trkpt>
			<trkpt lat="46.8209526131" lon="8.4083320186">
				<ele>1010.0</ele>
				<extensions>
					<swisstopo:routepoint_id>1263280480</swisstopo:routepoint_id>
				</extensions>
			</trkpt>
			<trkpt lat="46.8209328545" lon="8.4082761875">
				<ele>1009.7</ele>
				<extensions>
					<swisstopo:routepoint_id>54634307</swisstopo:routepoint_id>
				</extensions>
			</trkpt>
			<trkpt lat="46.8209030545" lon="8.4082205299">
				<ele>1009.5</ele>
				<extensions>
					<swisstopo:routepoint_id>1334466225</swisstopo:routepoint_id>
				</extensions>
			</trkpt>
			<trkpt lat="46.8209201452" lon="8.4081698580">
				<ele>1009.6</ele>
				<extensions>
					<swisstopo:routepoint_id>1247656619</swisstopo:routepoint_id>
				</extensions>
			</trkpt>
			<trkpt lat="46.8210518239" lon="8.4077717445">
				<ele>1009.7</ele>
				<extensions>
					<swisstopo:routepoint_id>965272751</swisstopo:routepoint_id>
				</extensions>
			</trkpt>
			<trkpt lat="46.8211133143" lon="8.4075932426">
				<ele>1009.6</ele>
				<extensions>
					<swisstopo:routepoint_id>1626737644</swisstopo:routepoint_id>
				</extensions>
			</trkpt>
			<trkpt lat="46.8212390557" lon="8.4072575055">
				<ele>1008.1</ele>
				<extensions>
					<swisstopo:routepoint_id>1543852214</swisstopo:routepoint_id>
				</extensions>
			</trkpt>
			<trkpt lat="46.8212713420" lon="8.4071620502">
				<ele>1007.4</ele>
				<extensions>
					<swisstopo:routepoint_id>1375442246</swisstopo:routepoint_id>
				</extensions>
			</trkpt>
			<trkpt lat="46.8212973987" lon="8.4070363009">
				<ele>1006.6</ele>
				<extensions>
					<swisstopo:routepoint_id>824346549</swisstopo:routepoint_id>
				</extensions>
			</trkpt>
			<trkpt lat="46.8213143700" lon="8.4069422997">
				<ele>1006.0</ele>
				<extensions>
					<swisstopo:routepoint_id>1974272278</swisstopo:routepoint_id>
				</extensions>
			</trkpt>
			<trkpt lat="46.8213308809" lon="8.4067178392">
				<ele>1005.2</ele>
				<extensions>
					<swisstopo:routepoint_id>220270637</swisstopo:routepoint_id>
				</extensions>
			</trkpt>
			<trkpt lat="46.8213383385" lon="8.4065393864">
				<ele>1004.7</ele>
				<extensions>
					<swisstopo:routepoint_id>582403209</swisstopo:routepoint_id>
				</extensions>
			</trkpt>
			<trkpt lat="46.8213472561" lon="8.4063297684">
				<ele>1004.4</ele>
				<extensions>
					<swisstopo:routepoint_id>5017806</swisstopo:routepoint_id>
				</extensions>
			</trkpt>
			<trkpt lat="46.8213441645" lon="8.4062114499">
				<ele>1004.3</ele>
				<extensions>
					<swisstopo:routepoint_id>572040775</swisstopo:routepoint_id>
				</extensions>
			</trkpt>
			<trkpt lat="46.8213418605" lon="8.4061233534">
				<ele>1004.2</ele>
				<extensions>
					<swisstopo:routepoint_id>912590007</swisstopo:routepoint_id>
				</extensions>
			</trkpt>
			<trkpt lat="46.8213309289" lon="8.4059831915">
				<ele>1004.1</ele>
				<extensions>
					<swisstopo:routepoint_id>38514022</swisstopo:routepoint_id>
				</extensions>
			</trkpt>
			<trkpt lat="46.8213066232" lon="8.4056459463">
				<ele>1003.8</ele>
				<extensions>
					<swisstopo:routepoint_id>1661692351</swisstopo:routepoint_id>
				</extensions>
			</trkpt>
			<trkpt lat="46.8212925183" lon="8.4053701363">
				<ele>1003.4</ele>
				<extensions>
					<swisstopo:routepoint_id>160581969</swisstopo:routepoint_id>
				</extensions>
			</trkpt>
			<trkpt lat="46.8212923347" lon="8.4053665451">
				<ele>1003.4</ele>
				<extensions>
					<swisstopo:routepoint_id>555973546</swisstopo:routepoint_id>
				</extensions>
			</trkpt>
			<trkpt lat="46.8212766694" lon="8.4049657895">
				<ele>1003.0</ele>
				<extensions>
					<swisstopo:routepoint_id>1764452767</swisstopo:routepoint_id>
				</extensions>
			</trkpt>
			<trkpt lat="46.8212696534" lon="8.4048113610">
				<ele>1002.9</ele>
				<extensions>
					<swisstopo:routepoint_id>161993588</swisstopo:routepoint_id>
				</extensions>
			</trkpt>
			<trkpt lat="46.8212597208" lon="8.4047093015">
				<ele>1002.8</ele>
				<extensions>
					<swisstopo:routepoint_id>1667066171</swisstopo:routepoint_id>
				</extensions>
			</trkpt>
			<trkpt lat="46.8212433417" lon="8.4046195503">
				<ele>1002.7</ele>
				<extensions>
					<swisstopo:routepoint_id>1635851295</swisstopo:routepoint_id>
				</extensions>
			</trkpt>
			<trkpt lat="46.8212266462" lon="8.4045672356">
				<ele>1002.6</ele>
				<extensions>
					<swisstopo:routepoint_id>397982979</swisstopo:routepoint_id>
				</extensions>
			</trkpt>
			<trkpt lat="46.8212042566" lon="8.4045127479">
				<ele>1002.6</ele>
				<extensions>
					<swisstopo:routepoint_id>107097595</swisstopo:routepoint_id>
				</extensions>
			</trkpt>
			<trkpt lat="46.8211734092" lon="8.4044456194">
				<ele>1002.5</ele>
				<extensions>
					<swisstopo:routepoint_id>1724049738</swisstopo:routepoint_id>
				</extensions>
			</trkpt>
			<trkpt lat="46.8211185488" lon="8.4043468428">
				<ele>1002.4</ele>
				<extensions>
					<swisstopo:routepoint_id>1977009046</swisstopo:routepoint_id>
				</extensions>
			</trkpt>
			<trkpt lat="46.8210875870" lon="8.4042922017">
				<ele>1002.4</ele>
				<extensions>
					<swisstopo:routepoint_id>857220046</swisstopo:routepoint_id>
				</extensions>
			</trkpt>
			<trkpt lat="46.8210664165" lon="8.4042626890">
				<ele>1002.3</ele>
				<extensions>
					<swisstopo:routepoint_id>1494997078</swisstopo:routepoint_id>
				</extensions>
			</trkpt>
			<trkpt lat="46.8210124850" lon="8.4042221958">
				<ele>1002.1</ele>
				<extensions>
					<swisstopo:routepoint_id>1210995271</swisstopo:routepoint_id>
				</extensions>
			</trkpt>
			<trkpt lat="46.8210137372" lon="8.4041943041">
				<ele>1002.1</ele>
				<extensions>
					<swisstopo:routepoint_id>1611419484</swisstopo:routepoint_id>
				</extensions>
			</trkpt>
			<trkpt lat="46.8210102984" lon="8.4041498546">
				<ele>1002.1</ele>
				<extensions>
					<swisstopo:routepoint_id>768012622</swisstopo:routepoint_id>
				</extensions>
			</trkpt>
			<trkpt lat="46.8210011711" lon="8.4041025381">
				<ele>1002.0</ele>
				<extensions>
					<swisstopo:routepoint_id>483156047</swisstopo:routepoint_id>
				</extensions>
			</trkpt>
			<trkpt lat="46.8209769185" lon="8.4040438500">
				<ele>1001.9</ele>
				<extensions>
					<swisstopo:routepoint_id>864542007</swisstopo:routepoint_id>
				</extensions>
			</trkpt>
			<trkpt lat="46.8208008630" lon="8.4036967190">
				<ele>1001.6</ele>
				<extensions>
					<swisstopo:routepoint_id>304151581</swisstopo:routepoint_id>
				</extensions>
			</trkpt>
			<trkpt lat="46.8207767516" lon="8.4036479020">
				<ele>1001.5</ele>
				<extensions>
					<swisstopo:routepoint_id>983104857</swisstopo:routepoint_id>
				</extensions>
			</trkpt>
			<trkpt lat="46.8206529489" lon="8.4033972600">
				<ele>1001.3</ele>
				<extensions>
					<swisstopo:routepoint_id>949029818</swisstopo:routepoint_id>
				</extensions>
			</trkpt>
			<trkpt lat="46.8205254624" lon="8.4031619649">
				<ele>1000.9</ele>
				<extensions>
					<swisstopo:routepoint_id>133068335</swisstopo:routepoint_id>
				</extensions>
			</trkpt>
			<trkpt lat="46.8204864181" lon="8.4030887931">
				<ele>1000.8</ele>
				<extensions>
					<swisstopo:routepoint_id>1380852552</swisstopo:routepoint_id>
				</extensions>
			</trkpt>
			<trkpt lat="46.8204083938" lon="8.4029425708">
				<ele>1000.6</ele>
				<extensions>
					<swisstopo:routepoint_id>70360144</swisstopo:routepoint_id>
				</extensions>
			</trkpt>
			<trkpt lat="46.8203400441" lon="8.4028068089">
				<ele>1000.4</ele>
				<extensions>
					<swisstopo:routepoint_id>1149196066</swisstopo:routepoint_id>
				</extensions>
			</trkpt>
			<trkpt lat="46.8202847843" lon="8.4026976363">
				<ele>1000.4</ele>
				<extensions>
					<swisstopo:routepoint_id>1261572871</swisstopo:routepoint_id>
				</extensions>
			</trkpt>
			<trkpt lat="46.8200472208" lon="8.4028601047">
				<ele>1000.1</ele>
				<extensions>
					<swisstopo:routepoint_id>338290640</swisstopo:routepoint_id>
				</extensions>
			</trkpt>
			<trkpt lat="46.8199673669" lon="8.4027806467">
				<ele>999.9</ele>
				<extensions>
					<swisstopo:routepoint_id>2129359985</swisstopo:routepoint_id>
				</extensions>
			</trkpt>
			<trkpt lat="46.8199504858" lon="8.4027939605">
				<ele>1000.0</ele>
				<extensions>
					<swisstopo:routepoint_id>339492231</swisstopo:routepoint_id>
				</extensions>
			</trkpt>
			<trkpt lat="46.8199282638" lon="8.4027930646">
				<ele>1000.0</ele>
				<extensions>
					<swisstopo:routepoint_id>1533809317</swisstopo:routepoint_id>
				</extensions>
			</trkpt>
			<trkpt lat="46.8199098181" lon="8.4027839145">
				<ele>1000.0</ele>
				<extensions>
					<swisstopo:routepoint_id>1686313768</swisstopo:routepoint_id>
				</extensions>
			</trkpt>
			<trkpt lat="46.8198958812" lon="8.4027596172">
				<ele>1000.0</ele>
				<extensions>
					<swisstopo:routepoint_id>1643263284</swisstopo:routepoint_id>
				</extensions>
			</trkpt>
			<trkpt lat="46.8198883806" lon="8.4027305468">
				<ele>1000.0</ele>
				<extensions>
					<swisstopo:routepoint_id>99633071</swisstopo:routepoint_id>
				</extensions>
			</trkpt>
			<trkpt lat="46.8198877000" lon="8.4027013891">
				<ele>999.8</ele>
				<extensions>
					<swisstopo:routepoint_id>458072738</swisstopo:routepoint_id>
				</extensions>
			</trkpt>
			<trkpt lat="46.8198094340" lon="8.4026235066">
				<ele>999.6</ele>
				<extensions>
					<swisstopo:routepoint_id>408262529</swisstopo:routepoint_id>
				</extensions>
			</trkpt>
			<trkpt lat="46.8198348922" lon="8.4025880497">
				<ele>999.6</ele>
				<extensions>
					<swisstopo:routepoint_id>233082551</swisstopo:routepoint_id>
				</extensions>
			</trkpt>
		</trkseg>
	</trk>
</gpx>
