year,month,source,category,subCategory,amount
2018,Jan,Budget,Groceries,Groceries,264.28
2018,Jan,Budget,Health,Drugs and pharmaceuticals,0.00
2018,Jan,Budget,Health,Health Insurance,0.00
2018,Jan,Budget,Health,Medical Services,0.00
2018,Jan,Budget,Housing,Rent and mortgage interest,2804.26
2018,Jan,Budget,Other expenses,Other expenses,0.00
2018,Jan,Budget,Recreation,Bars & restaurants,396.42
2018,Jan,Budget,Recreation,Fitness centre,1129.80
2018,Jan,Budget,Recreation,Going out,0.00
2018,Jan,Budget,Recreation,Personal Care,0.00
2018,Jan,Budget,Recreation,Races,0.00
2018,Jan,Budget,Recreation,Training & further education,0.00
2018,Jan,Budget,Shopping,Books & literature,0.00
2018,Jan,Budget,Shopping,"Clothing, shoes & accessories",264.28
2018,Jan,Budget,Shopping,Electronics & Appliances,0.00
2018,Jan,Budget,Shopping,Furniture,0.00
2018,Jan,Budget,Shopping,Gifts,720.16
2018,Jan,Budget,Shopping,Household Articles,0.00
2018,Jan,Budget,Shopping,Sport and recreation equipment,0.00
2018,Jan,Budget,Transportation,Car Insurance,0.00
2018,Jan,Budget,Transportation,Fuel,0.00
2018,Jan,Budget,Transportation,Leasing Costs,0.00
2018,Jan,Budget,Transportation,Parking Charges,0.00
2018,Jan,Budget,Transportation,Public Transport,132.14
2018,Jan,Budget,Transportation,Service & Maintenance,0.00
2018,Jan,Budget,Transportation,Taxes and Fines,0.00
2018,Jan,Budget,Transportation,Vehicle purchase costs,0.00
2018,Jan,Budget,Utilities & Bills,Banking services & charges,0.00
2018,Jan,Budget,Utilities & Bills,Broadband,44.91
2018,Jan,Budget,Utilities & Bills,Energy,125.53
2018,Jan,Budget,Utilities & Bills,Maintenance and repairs,0.00
2018,Jan,Budget,Utilities & Bills,Misc. Fees,0.00
2018,Jan,Budget,Utilities & Bills,Moving,0.00
2018,Jan,Budget,Utilities & Bills,Postal Charges,0.00
2018,Jan,Budget,Utilities & Bills,Telephone & Mobile,39.64
2018,Jan,Budget,Utilities & Bills,TV & Multimedia,44.93
2018,Jan,Budget,Vacation & Travel,Vacation & Travel,1321.40
2018,Jan,Actuals,Groceries,Groceries,425.35
2018,Jan,Actuals,Housing,Rent and mortgage interest,2804.26
2018,Jan,Actuals,Other expenses,Cash Withdrawls,39.64
2018,Jan,Actuals,Recreation,Bars & restaurants,463.53
2018,Jan,Actuals,Recreation,Fitness centre,81.73
2018,Jan,Actuals,Recreation,Lunch - Work,28.21
2018,Jan,Actuals,Shopping,Books & literature,18.50
2018,Jan,Actuals,Shopping,"Clothing, shoes & accessories",262.92
2018,Jan,Actuals,Shopping,Electronics & Appliances,1848.64
2018,Jan,Actuals,Shopping,Furniture,445.97
2018,Jan,Actuals,Shopping,Household Articles,383.13
2018,Jan,Actuals,Transportation,Public Transport,383.73
2018,Jan,Actuals,Utilities & Bills,Broadband,39.63
2018,Jan,Actuals,Utilities & Bills,Energy,84.49
2018,Jan,Actuals,Utilities & Bills,Misc. Fees,44.45
2018,Jan,Actuals,Vacation & Travel,Flights & Rail,179.84
2018,Feb,Budget,Groceries,Groceries,259.88
2018,Feb,Budget,Health,Drugs and pharmaceuticals,0.00
2018,Feb,Budget,Health,Medical Services,0.00
2018,Feb,Budget,Housing,Rent and mortgage interest,2757.33
2018,Feb,Budget,Other expenses,Other expenses,0.00
2018,Feb,Budget,Recreation,Bars & restaurants,389.82
2018,Feb,Budget,Recreation,Going out,0.00
2018,Feb,Budget,Recreation,Personal Care,0.00
2018,Feb,Budget,Recreation,Races,0.00
2018,Feb,Budget,Shopping,Books & literature,0.00
2018,Feb,Budget,Shopping,"Clothing, shoes & accessories",259.88
2018,Feb,Budget,Shopping,Electronics & Appliances,0.00
2018,Feb,Budget,Shopping,Furniture,0.00
2018,Feb,Budget,Shopping,Gifts,708.17
2018,Feb,Budget,Shopping,Household Articles,0.00
2018,Feb,Budget,Shopping,Sport and recreation equipment,0.00
2018,Feb,Budget,Transportation,Fuel,0.00
2018,Feb,Budget,Transportation,Leasing Costs,0.00
2018,Feb,Budget,Transportation,Parking Charges,0.00
2018,Feb,Budget,Transportation,Public Transport,129.94
2018,Feb,Budget,Transportation,Taxes and Fines,0.00
2018,Feb,Budget,Utilities & Bills,Banking services & charges,0.00
2018,Feb,Budget,Utilities & Bills,Broadband,44.17
2018,Feb,Budget,Utilities & Bills,Energy,123.44
2018,Feb,Budget,Utilities & Bills,Maintenance and repairs,0.00
2018,Feb,Budget,Utilities & Bills,Misc. Fees,0.00
2018,Feb,Budget,Utilities & Bills,Moving,0.00
2018,Feb,Budget,Utilities & Bills,Postal Charges,0.00
2018,Feb,Budget,Utilities & Bills,Telephone & Mobile,38.98
2018,Feb,Budget,Utilities & Bills,TV & Multimedia,44.18
2018,Feb,Budget,Vacation & Travel,Vacation & Travel,1299.40
2018,Feb,Actuals,Groceries,Groceries,293.12
2018,Feb,Actuals,Housing,Rent and mortgage interest,2757.33
2018,Feb,Actuals,Other expenses,Cash Withdrawls,38.98
2018,Feb,Actuals,Recreation,Bars & restaurants,608.57
2018,Feb,Actuals,Recreation,Fitness centre,42.23
2018,Feb,Actuals,Recreation,Going out,119.22
2018,Feb,Actuals,Recreation,Lunch - Work,75.88
2018,Feb,Actuals,Shopping,"Clothing, shoes & accessories",242.35
2018,Feb,Actuals,Shopping,Furniture,48.03
2018,Feb,Actuals,Shopping,Household Articles,163.59
2018,Feb,Actuals,Transportation,Public Transport,273.46
2018,Feb,Actuals,Utilities & Bills,Banking services & charges,9.25
2018,Feb,Actuals,Utilities & Bills,Broadband,38.97
2018,Feb,Actuals,Utilities & Bills,Energy,268.33
2018,Feb,Actuals,Vacation & Travel,Accomodation,151.35
2018,Feb,Actuals,Vacation & Travel,Eat & Drink,2.48
2018,Feb,Actuals,Vacation & Travel,Flights & Rail,526.71
2018,Mar,Budget,Groceries,Groceries,267.24
2018,Mar,Budget,Health,Drugs and pharmaceuticals,0.00
2018,Mar,Budget,Health,Medical Services,0.00
2018,Mar,Budget,Housing,Rent and mortgage interest,2835.42
2018,Mar,Budget,Other expenses,Other expenses,0.00
2018,Mar,Budget,Recreation,Bars & restaurants,400.86
2018,Mar,Budget,Recreation,Going out,0.00
2018,Mar,Budget,Recreation,Personal Care,0.00
2018,Mar,Budget,Recreation,Races,0.00
2018,Mar,Budget,Shopping,Books & literature,0.00
2018,Mar,Budget,Shopping,"Clothing, shoes & accessories",267.24
2018,Mar,Budget,Shopping,Electronics & Appliances,0.00
2018,Mar,Budget,Shopping,Furniture,0.00
2018,Mar,Budget,Shopping,Gifts,728.23
2018,Mar,Budget,Shopping,Household Articles,0.00
2018,Mar,Budget,Shopping,Sport and recreation equipment,0.00
2018,Mar,Budget,Transportation,Fuel,0.00
2018,Mar,Budget,Transportation,Leasing Costs,0.00
2018,Mar,Budget,Transportation,Parking Charges,0.00
2018,Mar,Budget,Transportation,Public Transport,133.62
2018,Mar,Budget,Transportation,Taxes and Fines,0.00
2018,Mar,Budget,Utilities & Bills,Banking services & charges,0.00
2018,Mar,Budget,Utilities & Bills,Broadband,45.42
2018,Mar,Budget,Utilities & Bills,Energy,126.94
2018,Mar,Budget,Utilities & Bills,Maintenance and repairs,0.00
2018,Mar,Budget,Utilities & Bills,Misc. Fees,0.00
2018,Mar,Budget,Utilities & Bills,Moving,0.00
2018,Mar,Budget,Utilities & Bills,Postal Charges,0.00
2018,Mar,Budget,Utilities & Bills,Telephone & Mobile,40.09
2018,Mar,Budget,Utilities & Bills,TV & Multimedia,45.43
2018,Mar,Budget,Vacation & Travel,Vacation & Travel,1336.20
2018,Mar,Actuals,Groceries,Groceries,387.02
2018,Mar,Actuals,Housing,Rent and mortgage interest,2835.42
2018,Mar,Actuals,Recreation,Bars & restaurants,1000.88
2018,Mar,Actuals,Recreation,Fitness centre,80.83
2018,Mar,Actuals,Recreation,Lunch - Work,27.51
2018,Mar,Actuals,Recreation,Personal Care,22.72
2018,Mar,Actuals,Shopping,"Clothing, shoes & accessories",76.11
2018,Mar,Actuals,Shopping,Electronics & Appliances,80.11
2018,Mar,Actuals,Shopping,Furniture,1932.20
2018,Mar,Actuals,Shopping,Household Articles,176.74
2018,Mar,Actuals,Transportation,Public Transport,402.33
2018,Mar,Actuals,Transportation,Service & Maintenance,66.81
2018,Mar,Actuals,Utilities & Bills,Broadband,41.07
2018,Mar,Actuals,Utilities & Bills,Energy,85.44
2018,Mar,Actuals,Utilities & Bills,Telephone & Mobile,20.04
2018,Mar,Actuals,Vacation & Travel,Local transport,63.49
2018,Apr,Budget,Groceries,Groceries,272.76
2018,Apr,Budget,Health,Drugs and pharmaceuticals,0.00
2018,Apr,Budget,Health,Medical Services,0.00
2018,Apr,Budget,Housing,Rent and mortgage interest,2893.98
2018,Apr,Budget,Other expenses,Other expenses,0.00
2018,Apr,Budget,Recreation,Bars & restaurants,409.14
2018,Apr,Budget,Recreation,Going out,0.00
2018,Apr,Budget,Recreation,Personal Care,0.00
2018,Apr,Budget,Recreation,Races,0.00
2018,Apr,Budget,Shopping,Books & literature,0.00
2018,Apr,Budget,Shopping,"Clothing, shoes & accessories",272.76
2018,Apr,Budget,Shopping,Electronics & Appliances,0.00
2018,Apr,Budget,Shopping,Furniture,0.00
2018,Apr,Budget,Shopping,Gifts,743.27
2018,Apr,Budget,Shopping,Household Articles,0.00
2018,Apr,Budget,Shopping,Sport and recreation equipment,0.00
2018,Apr,Budget,Transportation,Fuel,0.00
2018,Apr,Budget,Transportation,Leasing Costs,0.00
2018,Apr,Budget,Transportation,Parking Charges,0.00
2018,Apr,Budget,Transportation,Public Transport,136.38
2018,Apr,Budget,Transportation,Taxes and Fines,0.00
2018,Apr,Budget,Utilities & Bills,Banking services & charges,0.00
2018,Apr,Budget,Utilities & Bills,Broadband,46.36
2018,Apr,Budget,Utilities & Bills,Energy,129.56
2018,Apr,Budget,Utilities & Bills,Maintenance and repairs,0.00
2018,Apr,Budget,Utilities & Bills,Misc. Fees,0.00
2018,Apr,Budget,Utilities & Bills,Moving,0.00
2018,Apr,Budget,Utilities & Bills,Postal Charges,0.00
2018,Apr,Budget,Utilities & Bills,Telephone & Mobile,40.91
2018,Apr,Budget,Utilities & Bills,TV & Multimedia,46.37
2018,Apr,Budget,Vacation & Travel,Vacation & Travel,1363.80
2018,Apr,Actuals,Groceries,Groceries,380.06
2018,Apr,Actuals,Housing,Rent and mortgage interest,2853.00
2018,Apr,Actuals,Recreation,Bars & restaurants,351.78
2018,Apr,Actuals,Recreation,Fitness centre,311.60
2018,Apr,Actuals,Recreation,Lunch - Work,75.16
2018,Apr,Actuals,Recreation,Personal Care,25.91
2018,Apr,Actuals,Shopping,"Clothing, shoes & accessories",54.52
2018,Apr,Actuals,Shopping,Gifts,13.64
2018,Apr,Actuals,Shopping,Household Articles,38.83
2018,Apr,Actuals,Transportation,Public Transport,160.52
2018,Apr,Actuals,Utilities & Bills,Broadband,40.90
2018,Apr,Actuals,Utilities & Bills,Energy,87.20
2018,Apr,Actuals,Utilities & Bills,Telephone & Mobile,27.28
2018,Apr,Actuals,Vacation & Travel,Accomodation,204.93
2018,Apr,Actuals,Vacation & Travel,Admission & Tickets,131.88
2018,Apr,Actuals,Vacation & Travel,Eat & Drink,637.39
2018,Apr,Actuals,Vacation & Travel,Flights & Rail,812.54
2018,Apr,Actuals,Vacation & Travel,Local transport,59.99
2018,May,Budget,Groceries,Groceries,262.16
2018,May,Budget,Health,Drugs and pharmaceuticals,0.00
2018,May,Budget,Health,Medical Services,0.00
2018,May,Budget,Housing,Rent and mortgage interest,2742.13
2018,May,Budget,Other expenses,Other expenses,0.00
2018,May,Budget,Recreation,Bars & restaurants,393.24
2018,May,Budget,Recreation,Going out,0.00
2018,May,Budget,Recreation,Personal Care,0.00
2018,May,Budget,Recreation,Races,0.00
2018,May,Budget,Shopping,Books & literature,0.00
2018,May,Budget,Shopping,"Clothing, shoes & accessories",262.16
2018,May,Budget,Shopping,Electronics & Appliances,0.00
2018,May,Budget,Shopping,Furniture,0.00
2018,May,Budget,Shopping,Gifts,714.39
2018,May,Budget,Shopping,Household Articles,0.00
2018,May,Budget,Shopping,Sport and recreation equipment,0.00
2018,May,Budget,Transportation,Fuel,0.00
2018,May,Budget,Transportation,Leasing Costs,0.00
2018,May,Budget,Transportation,Parking Charges,0.00
2018,May,Budget,Transportation,Public Transport,131.08
2018,May,Budget,Transportation,Taxes and Fines,0.00
2018,May,Budget,Utilities & Bills,Banking services & charges,0.00
2018,May,Budget,Utilities & Bills,Broadband,44.55
2018,May,Budget,Utilities & Bills,Energy,124.53
2018,May,Budget,Utilities & Bills,Maintenance and repairs,0.00
2018,May,Budget,Utilities & Bills,Misc. Fees,0.00
2018,May,Budget,Utilities & Bills,Moving,0.00
2018,May,Budget,Utilities & Bills,Postal Charges,0.00
2018,May,Budget,Utilities & Bills,Telephone & Mobile,39.32
2018,May,Budget,Utilities & Bills,TV & Multimedia,44.57
2018,May,Budget,Vacation & Travel,Vacation & Travel,1310.80
2018,May,Actuals,Groceries,Groceries,173.55
2018,May,Actuals,Housing,Rent and mortgage interest,2746.13
2018,May,Actuals,Recreation,Bars & restaurants,220.75
2018,May,Actuals,Recreation,Fitness centre,89.76
2018,May,Actuals,Recreation,Lunch - Work,22.28
2018,May,Actuals,Shopping,"Clothing, shoes & accessories",285.74
2018,May,Actuals,Shopping,Furniture,431.25
2018,May,Actuals,Shopping,Gifts,301.35
2018,May,Actuals,Shopping,Household Articles,136.26
2018,May,Actuals,Transportation,Leasing Costs,181.87
2018,May,Actuals,Transportation,Public Transport,142.77
2018,May,Actuals,Transportation,Taxes and Fines,90.35
2018,May,Actuals,Utilities & Bills,Broadband,39.31
2018,May,Actuals,Utilities & Bills,Energy,83.81
2018,May,Actuals,Utilities & Bills,Telephone & Mobile,19.66
2018,May,Actuals,Vacation & Travel,Eat & Drink,12.95
2018,May,Actuals,Vacation & Travel,Flights & Rail,443.72
2018,May,Actuals,Vacation & Travel,Local transport,90.38
2018,Jun,Budget,Groceries,Groceries,261.56
2018,Jun,Budget,Health,Drugs and pharmaceuticals,0.00
2018,Jun,Budget,Health,Medical Services,0.00
2018,Jun,Budget,Housing,Rent and mortgage interest,2739.84
2018,Jun,Budget,Other expenses,Other expenses,0.00
2018,Jun,Budget,Recreation,Bars & restaurants,392.34
2018,Jun,Budget,Recreation,Going out,0.00
2018,Jun,Budget,Recreation,Personal Care,0.00
2018,Jun,Budget,Recreation,Races,0.00
2018,Jun,Budget,Shopping,Books & literature,0.00
2018,Jun,Budget,Shopping,"Clothing, shoes & accessories",261.56
2018,Jun,Budget,Shopping,Electronics & Appliances,0.00
2018,Jun,Budget,Shopping,Furniture,0.00
2018,Jun,Budget,Shopping,Gifts,712.75
2018,Jun,Budget,Shopping,Household Articles,0.00
2018,Jun,Budget,Shopping,Sport and recreation equipment,0.00
2018,Jun,Budget,Transportation,Fuel,0.00
2018,Jun,Budget,Transportation,Leasing Costs,0.00
2018,Jun,Budget,Transportation,Parking Charges,0.00
2018,Jun,Budget,Transportation,Public Transport,130.78
2018,Jun,Budget,Transportation,Taxes and Fines,0.00
2018,Jun,Budget,Utilities & Bills,Banking services & charges,0.00
2018,Jun,Budget,Utilities & Bills,Broadband,44.45
2018,Jun,Budget,Utilities & Bills,Energy,124.24
2018,Jun,Budget,Utilities & Bills,Maintenance and repairs,0.00
2018,Jun,Budget,Utilities & Bills,Misc. Fees,0.00
2018,Jun,Budget,Utilities & Bills,Moving,0.00
2018,Jun,Budget,Utilities & Bills,Postal Charges,0.00
2018,Jun,Budget,Utilities & Bills,Telephone & Mobile,39.23
2018,Jun,Budget,Utilities & Bills,TV & Multimedia,44.47
2018,Jun,Budget,Vacation & Travel,Vacation & Travel,1307.80
2018,Jun,Actuals,Groceries,Groceries,539.06
2018,Jun,Actuals,Housing,Rent and mortgage interest,2739.84
2018,Jun,Actuals,Other expenses,Cash Withdrawls,26.16
2018,Jun,Actuals,Recreation,Bars & restaurants,740.92
2018,Jun,Actuals,Recreation,Fitness centre,115.71
2018,Jun,Actuals,Recreation,Lunch - Work,61.45
2018,Jun,Actuals,Shopping,"Clothing, shoes & accessories",29.82
2018,Jun,Actuals,Shopping,Gifts,36.87
2018,Jun,Actuals,Transportation,Leasing Costs,8.98
2018,Jun,Actuals,Transportation,Public Transport,540.15
2018,Jun,Actuals,Utilities & Bills,Broadband,39.22
2018,Jun,Actuals,Utilities & Bills,Energy,83.62
2018,Jun,Actuals,Utilities & Bills,Telephone & Mobile,6.54
2018,Jun,Actuals,Vacation & Travel,Admission & Tickets,460.57
2018,Jun,Actuals,Vacation & Travel,Flights & Rail,1500.41
2018,Jun,Actuals,Vacation & Travel,Local transport,31.82
2018,Jul,Budget,Groceries,Groceries,259.88
2018,Jul,Budget,Health,Drugs and pharmaceuticals,0.00
2018,Jul,Budget,Health,Medical Services,0.00
2018,Jul,Budget,Housing,Rent and mortgage interest,2722.24
2018,Jul,Budget,Other expenses,Other expenses,0.00
2018,Jul,Budget,Recreation,Bars & restaurants,389.82
2018,Jul,Budget,Recreation,Going out,0.00
2018,Jul,Budget,Recreation,Personal Care,0.00
2018,Jul,Budget,Recreation,Races,0.00
2018,Jul,Budget,Shopping,Books & literature,0.00
2018,Jul,Budget,Shopping,"Clothing, shoes & accessories",259.88
2018,Jul,Budget,Shopping,Electronics & Appliances,0.00
2018,Jul,Budget,Shopping,Furniture,0.00
2018,Jul,Budget,Shopping,Gifts,708.17
2018,Jul,Budget,Shopping,Household Articles,0.00
2018,Jul,Budget,Shopping,Sport and recreation equipment,0.00
2018,Jul,Budget,Transportation,Fuel,0.00
2018,Jul,Budget,Transportation,Leasing Costs,0.00
2018,Jul,Budget,Transportation,Parking Charges,0.00
2018,Jul,Budget,Transportation,Public Transport,129.94
2018,Jul,Budget,Transportation,Taxes and Fines,0.00
2018,Jul,Budget,Utilities & Bills,Banking services & charges,0.00
2018,Jul,Budget,Utilities & Bills,Broadband,44.17
2018,Jul,Budget,Utilities & Bills,Energy,123.44
2018,Jul,Budget,Utilities & Bills,Maintenance and repairs,0.00
2018,Jul,Budget,Utilities & Bills,Misc. Fees,0.00
2018,Jul,Budget,Utilities & Bills,Moving,0.00
2018,Jul,Budget,Utilities & Bills,Postal Charges,0.00
2018,Jul,Budget,Utilities & Bills,Telephone & Mobile,38.98
2018,Jul,Budget,Utilities & Bills,TV & Multimedia,44.18
2018,Jul,Budget,Vacation & Travel,Vacation & Travel,1299.40
2018,Jul,Actuals,Groceries,Groceries,521.50
2018,Jul,Actuals,Housing,Rent and mortgage interest,2722.24
2018,Jul,Actuals,Recreation,Bars & restaurants,996.22
2018,Jul,Actuals,Recreation,Fitness centre,88.98
2018,Jul,Actuals,Recreation,Going out,70.17
2018,Jul,Actuals,Recreation,Lunch - Work,31.84
2018,Jul,Actuals,Recreation,Personal Care,24.69
2018,Jul,Actuals,Recreation,Races,132.23
2018,Jul,Actuals,Shopping,"Clothing, shoes & accessories",665.58
2018,Jul,Actuals,Shopping,Gifts,60.99
2018,Jul,Actuals,Shopping,Household Articles,105.78
2018,Jul,Actuals,Transportation,Public Transport,450.37
2018,Jul,Actuals,Utilities & Bills,Broadband,38.97
2018,Jul,Actuals,Utilities & Bills,Energy,83.08
2018,Jul,Actuals,Utilities & Bills,Telephone & Mobile,20.71
2018,Jul,Actuals,Utilities & Bills,TV & Multimedia,12.20
2018,Aug,Budget,Groceries,Groceries,251.06
2018,Aug,Budget,Health,Drugs and pharmaceuticals,0.00
2018,Aug,Budget,Health,Medical Services,0.00
2018,Aug,Budget,Housing,Rent and mortgage interest,2629.85
2018,Aug,Budget,Other expenses,Other expenses,0.00
2018,Aug,Budget,Recreation,Bars & restaurants,376.59
2018,Aug,Budget,Recreation,Going out,0.00
2018,Aug,Budget,Recreation,Personal Care,0.00
2018,Aug,Budget,Recreation,Races,0.00
2018,Aug,Budget,Shopping,Books & literature,0.00
2018,Aug,Budget,Shopping,"Clothing, shoes & accessories",251.06
2018,Aug,Budget,Shopping,Electronics & Appliances,0.00
2018,Aug,Budget,Shopping,Furniture,0.00
2018,Aug,Budget,Shopping,Gifts,684.14
2018,Aug,Budget,Shopping,Household Articles,0.00
2018,Aug,Budget,Shopping,Sport and recreation equipment,0.00
2018,Aug,Budget,Transportation,Fuel,0.00
2018,Aug,Budget,Transportation,Leasing Costs,0.00
2018,Aug,Budget,Transportation,Parking Charges,0.00
2018,Aug,Budget,Transportation,Public Transport,125.53
2018,Aug,Budget,Transportation,Taxes and Fines,0.00
2018,Aug,Budget,Utilities & Bills,Banking services & charges,0.00
2018,Aug,Budget,Utilities & Bills,Broadband,42.67
2018,Aug,Budget,Utilities & Bills,Energy,119.25
2018,Aug,Budget,Utilities & Bills,Maintenance and repairs,0.00
2018,Aug,Budget,Utilities & Bills,Misc. Fees,0.00
2018,Aug,Budget,Utilities & Bills,Moving,0.00
2018,Aug,Budget,Utilities & Bills,Postal Charges,0.00
2018,Aug,Budget,Utilities & Bills,Telephone & Mobile,37.66
2018,Aug,Budget,Utilities & Bills,TV & Multimedia,42.68
2018,Aug,Budget,Vacation & Travel,Vacation & Travel,1255.30
2018,Aug,Actuals,Groceries,Groceries,518.18
2018,Aug,Actuals,Housing,Rent and mortgage interest,2410.18
2018,Aug,Actuals,Recreation,Bars & restaurants,593.22
2018,Aug,Actuals,Recreation,Fitness centre,85.96
2018,Aug,Actuals,Recreation,Going out,50.21
2018,Aug,Actuals,Recreation,Lunch - Work,135.08
2018,Aug,Actuals,Shopping,"Clothing, shoes & accessories",213.59
2018,Aug,Actuals,Shopping,Household Articles,16.58
2018,Aug,Actuals,Transportation,Leasing Costs,182.07
2018,Aug,Actuals,Transportation,Parking Charges,20.21
2018,Aug,Actuals,Transportation,Public Transport,329.73
2018,Aug,Actuals,Utilities & Bills,Broadband,37.65
2018,Aug,Actuals,Utilities & Bills,Energy,80.26
2018,Aug,Actuals,Utilities & Bills,Telephone & Mobile,41.81
2018,Aug,Actuals,Vacation & Travel,Accomodation,474.03
2018,Aug,Actuals,Vacation & Travel,Eat & Drink,691.82
2018,Aug,Actuals,Vacation & Travel,Flights & Rail,391.40
2018,Aug,Actuals,Vacation & Travel,Local transport,515.00
2018,Sep,Budget,Groceries,Groceries,255.84
2018,Sep,Budget,Health,Drugs and pharmaceuticals,0.00
2018,Sep,Budget,Health,Medical Services,0.00
2018,Sep,Budget,Housing,Rent and mortgage interest,2679.92
2018,Sep,Budget,Other expenses,Other expenses,0.00
2018,Sep,Budget,Recreation,Bars & restaurants,383.76
2018,Sep,Budget,Recreation,Going out,0.00
2018,Sep,Budget,Recreation,Personal Care,0.00
2018,Sep,Budget,Recreation,Races,0.00
2018,Sep,Budget,Shopping,Books & literature,0.00
2018,Sep,Budget,Shopping,"Clothing, shoes & accessories",255.84
2018,Sep,Budget,Shopping,Electronics & Appliances,0.00
2018,Sep,Budget,Shopping,Furniture,0.00
2018,Sep,Budget,Shopping,Gifts,697.16
2018,Sep,Budget,Shopping,Household Articles,0.00
2018,Sep,Budget,Shopping,Sport and recreation equipment,0.00
2018,Sep,Budget,Transportation,Fuel,0.00
2018,Sep,Budget,Transportation,Leasing Costs,0.00
2018,Sep,Budget,Transportation,Parking Charges,0.00
2018,Sep,Budget,Transportation,Public Transport,127.92
2018,Sep,Budget,Transportation,Taxes and Fines,0.00
2018,Sep,Budget,Utilities & Bills,Banking services & charges,0.00
2018,Sep,Budget,Utilities & Bills,Broadband,43.48
2018,Sep,Budget,Utilities & Bills,Energy,121.52
2018,Sep,Budget,Utilities & Bills,Maintenance and repairs,0.00
2018,Sep,Budget,Utilities & Bills,Misc. Fees,0.00
2018,Sep,Budget,Utilities & Bills,Moving,0.00
2018,Sep,Budget,Utilities & Bills,Postal Charges,0.00
2018,Sep,Budget,Utilities & Bills,Telephone & Mobile,38.38
2018,Sep,Budget,Utilities & Bills,TV & Multimedia,43.49
2018,Sep,Budget,Vacation & Travel,Vacation & Travel,1279.20
2018,Sep,Actuals,Groceries,Groceries,398.30
2018,Sep,Actuals,Housing,Rent and mortgage interest,2903.78
2018,Sep,Actuals,Other expenses,Cash Withdrawls,25.58
2018,Sep,Actuals,Other expenses,Family Maintenance,1683.12
2018,Sep,Actuals,Recreation,Bars & restaurants,835.61
2018,Sep,Actuals,Recreation,Fitness centre,89.71
2018,Sep,Actuals,Recreation,Going out,74.07
2018,Sep,Actuals,Recreation,Lunch - Work,56.36
2018,Sep,Actuals,Shopping,"Clothing, shoes & accessories",149.47
2018,Sep,Actuals,Shopping,Furniture,28.14
2018,Sep,Actuals,Shopping,Gifts,51.17
2018,Sep,Actuals,Shopping,Household Articles,71.75
2018,Sep,Actuals,Transportation,Public Transport,343.50
2018,Sep,Actuals,Utilities & Bills,Banking services & charges,4.72
2018,Sep,Actuals,Utilities & Bills,Broadband,38.36
2018,Sep,Actuals,Utilities & Bills,Energy,81.79
2018,Sep,Actuals,Utilities & Bills,Postal Charges,21.49
2018,Sep,Actuals,Utilities & Bills,Telephone & Mobile,44.53
2018,Sep,Actuals,Vacation & Travel,Admission & Tickets,69.08
2018,Sep,Actuals,Vacation & Travel,Eat & Drink,79.94
2018,Sep,Actuals,Vacation & Travel,Local transport,113.03
2018,Oct,Budget,Groceries,Groceries,257.44
2018,Oct,Budget,Health,Drugs and pharmaceuticals,0.00
2018,Oct,Budget,Health,Medical Services,0.00
2018,Oct,Budget,Housing,Rent and mortgage interest,2696.68
2018,Oct,Budget,Other expenses,Other expenses,0.00
2018,Oct,Budget,Recreation,Bars & restaurants,386.16
2018,Oct,Budget,Recreation,Going out,0.00
2018,Oct,Budget,Recreation,Personal Care,0.00
2018,Oct,Budget,Recreation,Races,0.00
2018,Oct,Budget,Shopping,Books & literature,0.00
2018,Oct,Budget,Shopping,"Clothing, shoes & accessories",257.44
2018,Oct,Budget,Shopping,Electronics & Appliances,0.00
2018,Oct,Budget,Shopping,Furniture,0.00
2018,Oct,Budget,Shopping,Gifts,701.52
2018,Oct,Budget,Shopping,Household Articles,0.00
2018,Oct,Budget,Shopping,Sport and recreation equipment,0.00
2018,Oct,Budget,Transportation,Fuel,0.00
2018,Oct,Budget,Transportation,Leasing Costs,0.00
2018,Oct,Budget,Transportation,Parking Charges,0.00
2018,Oct,Budget,Transportation,Public Transport,128.72
2018,Oct,Budget,Transportation,Taxes and Fines,0.00
2018,Oct,Budget,Utilities & Bills,Banking services & charges,0.00
2018,Oct,Budget,Utilities & Bills,Broadband,43.75
2018,Oct,Budget,Utilities & Bills,Energy,122.28
2018,Oct,Budget,Utilities & Bills,Maintenance and repairs,0.00
2018,Oct,Budget,Utilities & Bills,Misc. Fees,0.00
2018,Oct,Budget,Utilities & Bills,Moving,0.00
2018,Oct,Budget,Utilities & Bills,Postal Charges,0.00
2018,Oct,Budget,Utilities & Bills,Telephone & Mobile,38.62
2018,Oct,Budget,Utilities & Bills,TV & Multimedia,43.76
2018,Oct,Budget,Vacation & Travel,Vacation & Travel,1287.20
2018,Oct,Actuals,Groceries,Groceries,276.44
2018,Oct,Actuals,Housing,Rent and mortgage interest,2696.68
2018,Oct,Actuals,Other expenses,Cash Withdrawls,38.62
2018,Oct,Actuals,Recreation,Bars & restaurants,474.76
2018,Oct,Actuals,Recreation,Fitness centre,46.31
2018,Oct,Actuals,Recreation,Lunch - Work,129.22
2018,Oct,Actuals,Recreation,Personal Care,46.11
2018,Oct,Actuals,Shopping,"Clothing, shoes & accessories",252.25
2018,Oct,Actuals,Shopping,Gifts,142.88
2018,Oct,Actuals,Shopping,Household Articles,6.81
2018,Oct,Actuals,Transportation,Public Transport,343.29
2018,Oct,Actuals,Transportation,Taxes and Fines,11.31
2018,Oct,Actuals,Utilities & Bills,Banking services & charges,1.57
2018,Oct,Actuals,Utilities & Bills,Broadband,43.97
2018,Oct,Actuals,Utilities & Bills,Energy,272.37
2018,Oct,Actuals,Utilities & Bills,Telephone & Mobile,39.89
2018,Oct,Actuals,Vacation & Travel,Eat & Drink,134.95
2018,Oct,Actuals,Vacation & Travel,Flights & Rail,505.71
2018,Oct,Actuals,Vacation & Travel,Local transport,93.54
2018,Oct,Actuals,Vacation & Travel,Miscellaneous,9.24
2018,Nov,Budget,Groceries,Groceries,254.76
2018,Nov,Budget,Health,Drugs and pharmaceuticals,0.00
2018,Nov,Budget,Health,Medical Services,0.00
2018,Nov,Budget,Housing,Rent and mortgage interest,2668.61
2018,Nov,Budget,Other expenses,Other expenses,0.00
2018,Nov,Budget,Recreation,Bars & restaurants,382.14
2018,Nov,Budget,Recreation,Going out,0.00
2018,Nov,Budget,Recreation,Personal Care,0.00
2018,Nov,Budget,Recreation,Races,0.00
2018,Nov,Budget,Shopping,Books & literature,0.00
2018,Nov,Budget,Shopping,"Clothing, shoes & accessories",254.76
2018,Nov,Budget,Shopping,Electronics & Appliances,0.00
2018,Nov,Budget,Shopping,Furniture,0.00
2018,Nov,Budget,Shopping,Gifts,694.22
2018,Nov,Budget,Shopping,Household Articles,0.00
2018,Nov,Budget,Shopping,Sport and recreation equipment,0.00
2018,Nov,Budget,Transportation,Fuel,0.00
2018,Nov,Budget,Transportation,Leasing Costs,0.00
2018,Nov,Budget,Transportation,Parking Charges,0.00
2018,Nov,Budget,Transportation,Public Transport,127.38
2018,Nov,Budget,Transportation,Taxes and Fines,0.00
2018,Nov,Budget,Utilities & Bills,Banking services & charges,0.00
2018,Nov,Budget,Utilities & Bills,Broadband,43.30
2018,Nov,Budget,Utilities & Bills,Energy,121.01
2018,Nov,Budget,Utilities & Bills,Maintenance and repairs,0.00
2018,Nov,Budget,Utilities & Bills,Misc. Fees,0.00
2018,Nov,Budget,Utilities & Bills,Moving,0.00
2018,Nov,Budget,Utilities & Bills,Postal Charges,0.00
2018,Nov,Budget,Utilities & Bills,Telephone & Mobile,38.21
2018,Nov,Budget,Utilities & Bills,TV & Multimedia,43.31
2018,Nov,Budget,Vacation & Travel,Vacation & Travel,1273.80
2018,Nov,Actuals,Groceries,Groceries,369.39
2018,Nov,Actuals,Housing,Rent and mortgage interest,2668.61
2018,Nov,Actuals,Recreation,Bars & restaurants,670.77
2018,Nov,Actuals,Recreation,Fitness centre,45.83
2018,Nov,Actuals,Recreation,Lunch - Work,315.19
2018,Nov,Actuals,Recreation,Races,15.92
2018,Nov,Actuals,Shopping,"Clothing, shoes & accessories",789.21
2018,Nov,Actuals,Shopping,Furniture,11.46
2018,Nov,Actuals,Shopping,Gifts,60.00
2018,Nov,Actuals,Shopping,Household Articles,261.56
2018,Nov,Actuals,Transportation,Public Transport,542.33
2018,Nov,Actuals,Utilities & Bills,Banking services & charges,-1.27
2018,Nov,Actuals,Utilities & Bills,Broadband,44.56
2018,Nov,Actuals,Utilities & Bills,Energy,119.74
2018,Nov,Actuals,Utilities & Bills,Telephone & Mobile,36.63
2018,Dec,Budget,Groceries,Groceries,250.40
2018,Dec,Budget,Health,Drugs and pharmaceuticals,0.00
2018,Dec,Budget,Health,Medical Services,0.00
2018,Dec,Budget,Housing,Rent and mortgage interest,2622.94
2018,Dec,Budget,Other expenses,Other expenses,0.00
2018,Dec,Budget,Recreation,Bars & restaurants,375.60
2018,Dec,Budget,Recreation,Going out,0.00
2018,Dec,Budget,Recreation,Personal Care,0.00
2018,Dec,Budget,Recreation,Races,0.00
2018,Dec,Budget,Shopping,Books & literature,0.00
2018,Dec,Budget,Shopping,"Clothing, shoes & accessories",250.40
2018,Dec,Budget,Shopping,Electronics & Appliances,0.00
2018,Dec,Budget,Shopping,Furniture,0.00
2018,Dec,Budget,Shopping,Gifts,682.34
2018,Dec,Budget,Shopping,Household Articles,0.00
2018,Dec,Budget,Shopping,Sport and recreation equipment,0.00
2018,Dec,Budget,Transportation,Fuel,0.00
2018,Dec,Budget,Transportation,Leasing Costs,0.00
2018,Dec,Budget,Transportation,Parking Charges,0.00
2018,Dec,Budget,Transportation,Public Transport,125.20
2018,Dec,Budget,Transportation,Taxes and Fines,0.00
2018,Dec,Budget,Utilities & Bills,Banking services & charges,0.00
2018,Dec,Budget,Utilities & Bills,Broadband,42.56
2018,Dec,Budget,Utilities & Bills,Energy,118.94
2018,Dec,Budget,Utilities & Bills,Maintenance and repairs,0.00
2018,Dec,Budget,Utilities & Bills,Misc. Fees,0.00
2018,Dec,Budget,Utilities & Bills,Moving,0.00
2018,Dec,Budget,Utilities & Bills,Postal Charges,0.00
2018,Dec,Budget,Utilities & Bills,Telephone & Mobile,37.56
2018,Dec,Budget,Utilities & Bills,TV & Multimedia,42.57
2018,Dec,Budget,Vacation & Travel,Vacation & Travel,1252.00
2018,Dec,Actuals,Groceries,Groceries,203.20
2018,Dec,Actuals,Housing,Rent and mortgage interest,2403.84
2018,Dec,Actuals,Other expenses,Cash Withdrawls,50.08
2018,Dec,Actuals,Other expenses,Family Maintenance,1710.21
2018,Dec,Actuals,Recreation,Bars & restaurants,93.61
2018,Dec,Actuals,Recreation,Fitness centre,45.05
2018,Dec,Actuals,Recreation,Lunch - Work,190.13
2018,Dec,Actuals,Recreation,Personal Care,30.66
2018,Dec,Actuals,Shopping,Books & literature,12.85
2018,Dec,Actuals,Shopping,"Clothing, shoes & accessories",65.73
2018,Dec,Actuals,Shopping,Electronics & Appliances,75.06
2018,Dec,Actuals,Shopping,Gifts,1005.97
2018,Dec,Actuals,Shopping,Household Articles,137.09
2018,Dec,Actuals,Transportation,Public Transport,209.33
2018,Dec,Actuals,Utilities & Bills,Broadband,43.79
2018,Dec,Actuals,Utilities & Bills,Energy,117.69
2018,Dec,Actuals,Utilities & Bills,Telephone & Mobile,30.06
2018,Dec,Actuals,Vacation & Travel,Eat & Drink,235.79
2018,Dec,Actuals,Vacation & Travel,Flights & Rail,3255.81
2018,Dec,Actuals,Vacation & Travel,Local transport,123.72
2019,Jan,Budget,Groceries,Groceries,260.62
2019,Jan,Budget,Health,Drugs and pharmaceuticals,0.00
2019,Jan,Budget,Health,Health Insurance,0.00
2019,Jan,Budget,Health,Medical Services,0.00
2019,Jan,Budget,Housing,Rent and mortgage interest,2988.48
2019,Jan,Budget,Other expenses,Other expenses,0.00
2019,Jan,Budget,Recreation,Bars & restaurants,390.93
2019,Jan,Budget,Recreation,Fitness centre,1114.15
2019,Jan,Budget,Recreation,Going out,0.00
2019,Jan,Budget,Recreation,Personal Care,0.00
2019,Jan,Budget,Recreation,Races,0.00
2019,Jan,Budget,Shopping,Books & literature,0.00
2019,Jan,Budget,Shopping,"Clothing, shoes & accessories",260.62
2019,Jan,Budget,Shopping,Electronics & Appliances,0.00
2019,Jan,Budget,Shopping,Furniture,0.00
2019,Jan,Budget,Shopping,Gifts,710.19
2019,Jan,Budget,Shopping,Household Articles,0.00
2019,Jan,Budget,Shopping,Sport and recreation equipment,0.00
2019,Jan,Budget,Transportation,Car Insurance,0.00
2019,Jan,Budget,Transportation,Fuel,0.00
2019,Jan,Budget,Transportation,Leasing Costs,0.00
2019,Jan,Budget,Transportation,Parking Charges,0.00
2019,Jan,Budget,Transportation,Public Transport,130.31
2019,Jan,Budget,Transportation,Service & Maintenance,0.00
2019,Jan,Budget,Transportation,Taxes and Fines,0.00
2019,Jan,Budget,Transportation,Vehicle purchase costs,0.00
2019,Jan,Budget,Utilities & Bills,Broadband,44.29
2019,Jan,Budget,Utilities & Bills,Energy,123.79
2019,Jan,Budget,Utilities & Bills,Maintenance and repairs,0.00
2019,Jan,Budget,Utilities & Bills,Misc. Fees,0.00
2019,Jan,Budget,Utilities & Bills,Moving,0.00
2019,Jan,Budget,Utilities & Bills,Postal Charges,0.00
2019,Jan,Budget,Utilities & Bills,Telephone & Mobile,39.09
2019,Jan,Budget,Utilities & Bills,TV & Multimedia,44.31
2019,Jan,Budget,Vacation & Travel,Vacation & Travel,1303.10
2019,Jan,Actuals,Groceries,Groceries,272.11
2019,Jan,Actuals,Housing,Rent and mortgage interest,2988.48
2019,Jan,Actuals,Recreation,Bars & restaurants,493.94
2019,Jan,Actuals,Recreation,Fitness centre,23.44
2019,Jan,Actuals,Recreation,Lunch - Work,120.39
2019,Jan,Actuals,Shopping,"Clothing, shoes & accessories",476.71
2019,Jan,Actuals,Shopping,Gifts,25.10
2019,Jan,Actuals,Shopping,Household Articles,-57.91
2019,Jan,Actuals,Transportation,Public Transport,197.55
2019,Jan,Actuals,Utilities & Bills,Broadband,45.58
2019,Jan,Actuals,Utilities & Bills,Energy,122.49
2019,Jan,Actuals,Utilities & Bills,Misc. Fees,44.31
2019,Jan,Actuals,Utilities & Bills,Telephone & Mobile,115.47
2019,Feb,Budget,Groceries,Groceries,264.72
2019,Feb,Budget,Health,Drugs and pharmaceuticals,0.00
2019,Feb,Budget,Health,Medical Services,0.00
2019,Feb,Budget,Housing,Rent and mortgage interest,2737.87
2019,Feb,Budget,Other expenses,Other expenses,0.00
2019,Feb,Budget,Recreation,Bars & restaurants,397.08
2019,Feb,Budget,Recreation,Going out,0.00
2019,Feb,Budget,Recreation,Personal Care,0.00
2019,Feb,Budget,Recreation,Races,0.00
2019,Feb,Budget,Shopping,Books & literature,0.00
2019,Feb,Budget,Shopping,"Clothing, shoes & accessories",264.72
2019,Feb,Budget,Shopping,Electronics & Appliances,0.00
2019,Feb,Budget,Shopping,Furniture,0.00
2019,Feb,Budget,Shopping,Gifts,721.36
2019,Feb,Budget,Shopping,Household Articles,0.00
2019,Feb,Budget,Shopping,Sport and recreation equipment,0.00
2019,Feb,Budget,Transportation,Fuel,0.00
2019,Feb,Budget,Transportation,Leasing Costs,0.00
2019,Feb,Budget,Transportation,Parking Charges,0.00
2019,Feb,Budget,Transportation,Public Transport,132.36
2019,Feb,Budget,Transportation,Taxes and Fines,0.00
2019,Feb,Budget,Utilities & Bills,Broadband,44.99
2019,Feb,Budget,Utilities & Bills,Energy,125.74
2019,Feb,Budget,Utilities & Bills,Maintenance and repairs,0.00
2019,Feb,Budget,Utilities & Bills,Misc. Fees,0.00
2019,Feb,Budget,Utilities & Bills,Moving,0.00
2019,Feb,Budget,Utilities & Bills,Postal Charges,0.00
2019,Feb,Budget,Utilities & Bills,Telephone & Mobile,39.71
2019,Feb,Budget,Utilities & Bills,TV & Multimedia,45.00
2019,Feb,Budget,Vacation & Travel,Vacation & Travel,1323.60
2019,Feb,Actuals,Groceries,Groceries,326.40
2019,Feb,Actuals,Health,Medical Services,59.56
2019,Feb,Actuals,Housing,Rent and mortgage interest,2737.87
2019,Feb,Actuals,Other expenses,Cash Withdrawls,39.71
2019,Feb,Actuals,Recreation,Bars & restaurants,645.03
2019,Feb,Actuals,Recreation,Lunch - Work,120.26
2019,Feb,Actuals,Transportation,Public Transport,280.47
2019,Feb,Actuals,Utilities & Bills,Broadband,46.30
2019,Feb,Actuals,Utilities & Bills,Energy,260.71
2019,Feb,Actuals,Utilities & Bills,Telephone & Mobile,36.15
2019,Mar,Budget,Groceries,Groceries,259.36
2019,Mar,Budget,Health,Drugs and pharmaceuticals,0.00
2019,Mar,Budget,Health,Medical Services,0.00
2019,Mar,Budget,Housing,Rent and mortgage interest,2680.49
2019,Mar,Budget,Other expenses,Other expenses,0.00
2019,Mar,Budget,Recreation,Bars & restaurants,389.04
2019,Mar,Budget,Recreation,Going out,0.00
2019,Mar,Budget,Recreation,Personal Care,0.00
2019,Mar,Budget,Recreation,Races,0.00
2019,Mar,Budget,Shopping,Books & literature,0.00
2019,Mar,Budget,Shopping,"Clothing, shoes & accessories",259.36
2019,Mar,Budget,Shopping,Electronics & Appliances,0.00
2019,Mar,Budget,Shopping,Furniture,0.00
2019,Mar,Budget,Shopping,Gifts,706.76
2019,Mar,Budget,Shopping,Household Articles,0.00
2019,Mar,Budget,Shopping,Sport and recreation equipment,0.00
2019,Mar,Budget,Transportation,Fuel,0.00
2019,Mar,Budget,Transportation,Leasing Costs,0.00
2019,Mar,Budget,Transportation,Parking Charges,0.00
2019,Mar,Budget,Transportation,Public Transport,129.68
2019,Mar,Budget,Transportation,Taxes and Fines,0.00
2019,Mar,Budget,Utilities & Bills,Broadband,44.08
2019,Mar,Budget,Utilities & Bills,Energy,123.20
2019,Mar,Budget,Utilities & Bills,Maintenance and repairs,0.00
2019,Mar,Budget,Utilities & Bills,Misc. Fees,0.00
2019,Mar,Budget,Utilities & Bills,Moving,0.00
2019,Mar,Budget,Utilities & Bills,Postal Charges,0.00
2019,Mar,Budget,Utilities & Bills,Telephone & Mobile,38.90
2019,Mar,Budget,Utilities & Bills,TV & Multimedia,44.09
2019,Mar,Budget,Vacation & Travel,Vacation & Travel,1296.80
2019,Mar,Actuals,Groceries,Groceries,306.33
2019,Mar,Actuals,Housing,Rent and mortgage interest,2680.49
2019,Mar,Actuals,Other expenses,Cash Withdrawls,25.94
2019,Mar,Actuals,Recreation,Bars & restaurants,674.15
2019,Mar,Actuals,Recreation,Lunch - Work,161.24
2019,Mar,Actuals,Recreation,Personal Care,71.32
2019,Mar,Actuals,Shopping,"Clothing, shoes & accessories",318.56
2019,Mar,Actuals,Shopping,Household Articles,111.41
2019,Mar,Actuals,Transportation,Public Transport,461.93
2019,Mar,Actuals,Utilities & Bills,Broadband,45.36
2019,Mar,Actuals,Utilities & Bills,Energy,121.90
2019,Mar,Actuals,Utilities & Bills,Telephone & Mobile,29.97
2019,Apr,Budget,Groceries,Groceries,265.58
2019,Apr,Budget,Health,Drugs and pharmaceuticals,0.00
2019,Apr,Budget,Health,Medical Services,0.00
2019,Apr,Budget,Housing,Rent and mortgage interest,2987.19
2019,Apr,Budget,Other expenses,Other expenses,0.00
2019,Apr,Budget,Recreation,Bars & restaurants,398.37
2019,Apr,Budget,Recreation,Going out,0.00
2019,Apr,Budget,Recreation,Personal Care,0.00
2019,Apr,Budget,Recreation,Races,0.00
2019,Apr,Budget,Shopping,Books & literature,0.00
2019,Apr,Budget,Shopping,"Clothing, shoes & accessories",265.58
2019,Apr,Budget,Shopping,Electronics & Appliances,0.00
2019,Apr,Budget,Shopping,Furniture,0.00
2019,Apr,Budget,Shopping,Gifts,723.71
2019,Apr,Budget,Shopping,Household Articles,0.00
2019,Apr,Budget,Shopping,Sport and recreation equipment,0.00
2019,Apr,Budget,Transportation,Fuel,0.00
2019,Apr,Budget,Transportation,Leasing Costs,0.00
2019,Apr,Budget,Transportation,Parking Charges,0.00
2019,Apr,Budget,Transportation,Public Transport,132.79
2019,Apr,Budget,Transportation,Taxes and Fines,0.00
2019,Apr,Budget,Utilities & Bills,Broadband,45.14
2019,Apr,Budget,Utilities & Bills,Energy,126.15
2019,Apr,Budget,Utilities & Bills,Maintenance and repairs,0.00
2019,Apr,Budget,Utilities & Bills,Misc. Fees,0.00
2019,Apr,Budget,Utilities & Bills,Moving,0.00
2019,Apr,Budget,Utilities & Bills,Postal Charges,0.00
2019,Apr,Budget,Utilities & Bills,Telephone & Mobile,39.84
2019,Apr,Budget,Utilities & Bills,TV & Multimedia,45.15
2019,Apr,Budget,Vacation & Travel,Vacation & Travel,1327.90
2019,Apr,Actuals,Groceries,Groceries,128.67
2019,Apr,Actuals,Housing,Rent and mortgage interest,2987.19
2019,Apr,Actuals,Other expenses,Family Maintenance,1800.55
2019,Apr,Actuals,Recreation,Bars & restaurants,1110.40
2019,Apr,Actuals,Recreation,Lunch - Work,124.11
2019,Apr,Actuals,Recreation,Personal Care,33.20
2019,Apr,Actuals,Shopping,Books & literature,11.33
2019,Apr,Actuals,Shopping,"Clothing, shoes & accessories",282.83
2019,Apr,Actuals,Shopping,Electronics & Appliances,3386.61
2019,Apr,Actuals,Shopping,Gifts,45.81
2019,Apr,Actuals,Shopping,Household Articles,79.67
2019,Apr,Actuals,Transportation,Public Transport,180.06
2019,Apr,Actuals,Transportation,Vehicle purchase costs,11.49
2019,Apr,Actuals,Utilities & Bills,Broadband,46.45
2019,Apr,Actuals,Utilities & Bills,Energy,99.59
2019,Apr,Actuals,Utilities & Bills,Postal Charges,11.39
2019,Apr,Actuals,Utilities & Bills,Telephone & Mobile,29.94
2019,Apr,Actuals,Vacation & Travel,Accomodation,943.05
2019,Apr,Actuals,Vacation & Travel,Eat & Drink,713.60
2019,Apr,Actuals,Vacation & Travel,Flights & Rail,2087.62
2019,Apr,Actuals,Vacation & Travel,Local transport,289.03
2019,May,Budget,Groceries,Groceries,252.84
2019,May,Budget,Health,Drugs and pharmaceuticals,0.00
2019,May,Budget,Health,Medical Services,0.00
2019,May,Budget,Housing,Rent and mortgage interest,2657.35
2019,May,Budget,Other expenses,Other expenses,0.00
2019,May,Budget,Recreation,Bars & restaurants,379.26
2019,May,Budget,Recreation,Going out,0.00
2019,May,Budget,Recreation,Personal Care,0.00
2019,May,Budget,Recreation,Races,0.00
2019,May,Budget,Shopping,Books & literature,0.00
2019,May,Budget,Shopping,"Clothing, shoes & accessories",252.84
2019,May,Budget,Shopping,Electronics & Appliances,0.00
2019,May,Budget,Shopping,Furniture,0.00
2019,May,Budget,Shopping,Gifts,688.99
2019,May,Budget,Shopping,Household Articles,0.00
2019,May,Budget,Shopping,Sport and recreation equipment,0.00
2019,May,Budget,Transportation,Fuel,0.00
2019,May,Budget,Transportation,Leasing Costs,0.00
2019,May,Budget,Transportation,Parking Charges,0.00
2019,May,Budget,Transportation,Public Transport,126.42
2019,May,Budget,Transportation,Taxes and Fines,0.00
2019,May,Budget,Utilities & Bills,Broadband,42.97
2019,May,Budget,Utilities & Bills,Energy,120.10
2019,May,Budget,Utilities & Bills,Maintenance and repairs,0.00
2019,May,Budget,Utilities & Bills,Misc. Fees,0.00
2019,May,Budget,Utilities & Bills,Moving,0.00
2019,May,Budget,Utilities & Bills,Postal Charges,0.00
2019,May,Budget,Utilities & Bills,Telephone & Mobile,37.93
2019,May,Budget,Utilities & Bills,TV & Multimedia,42.98
2019,May,Budget,Vacation & Travel,Vacation & Travel,1264.20
2019,May,Actuals,Groceries,Groceries,428.06
2019,May,Actuals,Health,Medical Services,132.74
2019,May,Actuals,Housing,Rent and mortgage interest,2657.35
2019,May,Actuals,Recreation,Bars & restaurants,871.96
2019,May,Actuals,Recreation,Lunch - Work,43.43
2019,May,Actuals,Recreation,Personal Care,60.81
2019,May,Actuals,Shopping,"Clothing, shoes & accessories",206.01
2019,May,Actuals,Shopping,Household Articles,234.02
2019,May,Actuals,Transportation,Leasing Costs,47.43
2019,May,Actuals,Transportation,Public Transport,451.48
2019,May,Actuals,Utilities & Bills,Broadband,44.22
2019,May,Actuals,Utilities & Bills,Energy,94.82
2019,May,Actuals,Utilities & Bills,Telephone & Mobile,38.37
2019,May,Actuals,Vacation & Travel,Admission & Tickets,256.05
2019,May,Actuals,Vacation & Travel,Eat & Drink,260.74
2019,May,Actuals,Vacation & Travel,Flights & Rail,200.68
2019,May,Actuals,Vacation & Travel,Local transport,9.18
2019,Jun,Budget,Groceries,Groceries,247.76
2019,Jun,Budget,Health,Drugs and pharmaceuticals,0.00
2019,Jun,Budget,Health,Medical Services,0.00
2019,Jun,Budget,Housing,Rent and mortgage interest,2603.96
2019,Jun,Budget,Other expenses,Other expenses,0.00
2019,Jun,Budget,Recreation,Bars & restaurants,371.64
2019,Jun,Budget,Recreation,Going out,0.00
2019,Jun,Budget,Recreation,Personal Care,0.00
2019,Jun,Budget,Recreation,Races,0.00
2019,Jun,Budget,Shopping,Books & literature,0.00
2019,Jun,Budget,Shopping,"Clothing, shoes & accessories",247.76
2019,Jun,Budget,Shopping,Electronics & Appliances,0.00
2019,Jun,Budget,Shopping,Furniture,0.00
2019,Jun,Budget,Shopping,Gifts,675.15
2019,Jun,Budget,Shopping,Household Articles,0.00
2019,Jun,Budget,Shopping,Sport and recreation equipment,0.00
2019,Jun,Budget,Transportation,Fuel,0.00
2019,Jun,Budget,Transportation,Leasing Costs,0.00
2019,Jun,Budget,Transportation,Parking Charges,0.00
2019,Jun,Budget,Transportation,Public Transport,123.88
2019,Jun,Budget,Transportation,Taxes and Fines,0.00
2019,Jun,Budget,Utilities & Bills,Broadband,42.11
2019,Jun,Budget,Utilities & Bills,Energy,117.69
2019,Jun,Budget,Utilities & Bills,Maintenance and repairs,0.00
2019,Jun,Budget,Utilities & Bills,Misc. Fees,0.00
2019,Jun,Budget,Utilities & Bills,Moving,0.00
2019,Jun,Budget,Utilities & Bills,Postal Charges,0.00
2019,Jun,Budget,Utilities & Bills,Telephone & Mobile,37.16
2019,Jun,Budget,Utilities & Bills,TV & Multimedia,42.12
2019,Jun,Budget,Vacation & Travel,Vacation & Travel,1238.80
2019,Jun,Actuals,Groceries,Groceries,496.86
2019,Jun,Actuals,Housing,Rent and mortgage interest,2603.96
2019,Jun,Actuals,Recreation,Bars & restaurants,1129.45
2019,Jun,Actuals,Recreation,Lunch - Work,72.63
2019,Jun,Actuals,Recreation,Personal Care,49.55
2019,Jun,Actuals,Shopping,"Clothing, shoes & accessories",166.49
2019,Jun,Actuals,Shopping,Electronics & Appliances,106.39
2019,Jun,Actuals,Shopping,Gifts,3.08
2019,Jun,Actuals,Shopping,Household Articles,155.98
2019,Jun,Actuals,Transportation,Public Transport,525.90
2019,Jun,Actuals,Utilities & Bills,Broadband,58.20
2019,Jun,Actuals,Utilities & Bills,Energy,92.91
2019,Jun,Actuals,Utilities & Bills,Telephone & Mobile,29.12
2019,Jun,Actuals,Vacation & Travel,Flights & Rail,153.59
2019,Jul,Budget,Groceries,Groceries,241.64
2019,Jul,Budget,Health,Drugs and pharmaceuticals,0.00
2019,Jul,Budget,Health,Medical Services,0.00
2019,Jul,Budget,Housing,Rent and mortgage interest,2539.64
2019,Jul,Budget,Other expenses,Other expenses,0.00
2019,Jul,Budget,Recreation,Bars & restaurants,362.46
2019,Jul,Budget,Recreation,Going out,0.00
2019,Jul,Budget,Recreation,Personal Care,0.00
2019,Jul,Budget,Recreation,Races,0.00
2019,Jul,Budget,Shopping,Books & literature,0.00
2019,Jul,Budget,Shopping,"Clothing, shoes & accessories",241.64
2019,Jul,Budget,Shopping,Electronics & Appliances,0.00
2019,Jul,Budget,Shopping,Furniture,0.00
2019,Jul,Budget,Shopping,Gifts,658.47
2019,Jul,Budget,Shopping,Household Articles,0.00
2019,Jul,Budget,Shopping,Sport and recreation equipment,0.00
2019,Jul,Budget,Transportation,Fuel,0.00
2019,Jul,Budget,Transportation,Leasing Costs,0.00
2019,Jul,Budget,Transportation,Parking Charges,0.00
2019,Jul,Budget,Transportation,Public Transport,120.82
2019,Jul,Budget,Transportation,Taxes and Fines,0.00
2019,Jul,Budget,Utilities & Bills,Broadband,41.07
2019,Jul,Budget,Utilities & Bills,Energy,114.78
2019,Jul,Budget,Utilities & Bills,Maintenance and repairs,0.00
2019,Jul,Budget,Utilities & Bills,Misc. Fees,0.00
2019,Jul,Budget,Utilities & Bills,Moving,0.00
2019,Jul,Budget,Utilities & Bills,Postal Charges,0.00
2019,Jul,Budget,Utilities & Bills,Telephone & Mobile,36.25
2019,Jul,Budget,Utilities & Bills,TV & Multimedia,41.08
2019,Jul,Budget,Vacation & Travel,Vacation & Travel,1208.20
2019,Jul,Actuals,Groceries,Groceries,369.64
2019,Jul,Actuals,Housing,Rent and mortgage interest,2539.64
2019,Jul,Actuals,Other expenses,Family Maintenance,1212.74
2019,Jul,Actuals,Recreation,Bars & restaurants,258.25
2019,Jul,Actuals,Recreation,Lunch - Work,42.26
2019,Jul,Actuals,Shopping,Books & literature,12.63
2019,Jul,Actuals,Shopping,"Clothing, shoes & accessories",13.08
2019,Jul,Actuals,Shopping,Household Articles,-506.25
2019,Jul,Actuals,Transportation,Public Transport,330.74
2019,Jul,Actuals,Utilities & Bills,Broadband,56.76
2019,Jul,Actuals,Utilities & Bills,Energy,90.62
2019,Jul,Actuals,Utilities & Bills,Misc. Fees,-41.08
2019,Jul,Actuals,Utilities & Bills,Postal Charges,6.16
2019,Jul,Actuals,Utilities & Bills,Telephone & Mobile,27.24
2019,Jul,Actuals,Vacation & Travel,Admission & Tickets,277.84
2019,Jul,Actuals,Vacation & Travel,Eat & Drink,272.49
2019,Jul,Actuals,Vacation & Travel,Flights & Rail,349.24
2019,Jul,Actuals,Vacation & Travel,Local transport,327.11
2019,Aug,Budget,Groceries,Groceries,240.66
2019,Aug,Budget,Health,Drugs and pharmaceuticals,0.00
2019,Aug,Budget,Health,Medical Services,0.00
2019,Aug,Budget,Housing,Rent and mortgage interest,2529.34
2019,Aug,Budget,Other expenses,Other expenses,0.00
2019,Aug,Budget,Recreation,Bars & restaurants,360.99
2019,Aug,Budget,Recreation,Going out,0.00
2019,Aug,Budget,Recreation,Personal Care,0.00
2019,Aug,Budget,Recreation,Races,0.00
2019,Aug,Budget,Shopping,Books & literature,0.00
2019,Aug,Budget,Shopping,"Clothing, shoes & accessories",240.66
2019,Aug,Budget,Shopping,Electronics & Appliances,0.00
2019,Aug,Budget,Shopping,Furniture,0.00
2019,Aug,Budget,Shopping,Gifts,655.80
2019,Aug,Budget,Shopping,Household Articles,0.00
2019,Aug,Budget,Shopping,Sport and recreation equipment,0.00
2019,Aug,Budget,Transportation,Fuel,0.00
2019,Aug,Budget,Transportation,Leasing Costs,0.00
2019,Aug,Budget,Transportation,Parking Charges,0.00
2019,Aug,Budget,Transportation,Public Transport,120.33
2019,Aug,Budget,Transportation,Taxes and Fines,0.00
2019,Aug,Budget,Utilities & Bills,Broadband,40.90
2019,Aug,Budget,Utilities & Bills,Energy,114.31
2019,Aug,Budget,Utilities & Bills,Maintenance and repairs,0.00
2019,Aug,Budget,Utilities & Bills,Misc. Fees,0.00
2019,Aug,Budget,Utilities & Bills,Moving,0.00
2019,Aug,Budget,Utilities & Bills,Postal Charges,0.00
2019,Aug,Budget,Utilities & Bills,Telephone & Mobile,36.10
2019,Aug,Budget,Utilities & Bills,TV & Multimedia,40.91
2019,Aug,Budget,Vacation & Travel,Vacation & Travel,1203.30
2019,Aug,Actuals,Groceries,Groceries,426.61
2019,Aug,Actuals,Housing,Rent and mortgage interest,2529.34
2019,Aug,Actuals,Recreation,Bars & restaurants,551.34
2019,Aug,Actuals,Recreation,Lunch - Work,80.06
2019,Aug,Actuals,Recreation,Personal Care,63.77
2019,Aug,Actuals,Shopping,"Clothing, shoes & accessories",72.61
2019,Aug,Actuals,Shopping,Gifts,391.29
2019,Aug,Actuals,Shopping,Household Articles,153.32
2019,Aug,Actuals,Transportation,Public Transport,163.65
2019,Aug,Actuals,Transportation,Service & Maintenance,174.48
2019,Aug,Actuals,Utilities & Bills,Broadband,56.53
2019,Aug,Actuals,Utilities & Bills,Energy,216.74
2019,Aug,Actuals,Utilities & Bills,Postal Charges,4.93
2019,Aug,Actuals,Utilities & Bills,Telephone & Mobile,27.13
2019,Aug,Actuals,Vacation & Travel,Flights & Rail,2301.65
2019,Sep,Budget,Groceries,Groceries,245.26
2019,Sep,Budget,Health,Drugs and pharmaceuticals,0.00
2019,Sep,Budget,Health,Medical Services,0.00
2019,Sep,Budget,Housing,Rent and mortgage interest,2577.68
2019,Sep,Budget,Other expenses,Other expenses,0.00
2019,Sep,Budget,Recreation,Bars & restaurants,367.89
2019,Sep,Budget,Recreation,Going out,0.00
2019,Sep,Budget,Recreation,Personal Care,0.00
2019,Sep,Budget,Recreation,Races,0.00
2019,Sep,Budget,Shopping,Books & literature,0.00
2019,Sep,Budget,Shopping,"Clothing, shoes & accessories",245.26
2019,Sep,Budget,Shopping,Electronics & Appliances,0.00
2019,Sep,Budget,Shopping,Furniture,0.00
2019,Sep,Budget,Shopping,Gifts,668.33
2019,Sep,Budget,Shopping,Household Articles,0.00
2019,Sep,Budget,Shopping,Sport and recreation equipment,0.00
2019,Sep,Budget,Transportation,Fuel,0.00
2019,Sep,Budget,Transportation,Leasing Costs,0.00
2019,Sep,Budget,Transportation,Parking Charges,0.00
2019,Sep,Budget,Transportation,Public Transport,122.63
2019,Sep,Budget,Transportation,Taxes and Fines,0.00
2019,Sep,Budget,Utilities & Bills,Broadband,41.68
2019,Sep,Budget,Utilities & Bills,Energy,116.50
2019,Sep,Budget,Utilities & Bills,Maintenance and repairs,0.00
2019,Sep,Budget,Utilities & Bills,Misc. Fees,0.00
2019,Sep,Budget,Utilities & Bills,Moving,0.00
2019,Sep,Budget,Utilities & Bills,Postal Charges,0.00
2019,Sep,Budget,Utilities & Bills,Telephone & Mobile,36.79
2019,Sep,Budget,Utilities & Bills,TV & Multimedia,41.69
2019,Sep,Budget,Vacation & Travel,Vacation & Travel,1226.30
2019,Sep,Actuals,Groceries,Groceries,411.68
2019,Sep,Actuals,Housing,Rent and mortgage interest,2577.68
2019,Sep,Actuals,Other expenses,Family Maintenance,1232.06
2019,Sep,Actuals,Recreation,Bars & restaurants,477.18
2019,Sep,Actuals,Recreation,Lunch - Work,49.76
2019,Sep,Actuals,Recreation,Personal Care,112.82
2019,Sep,Actuals,Shopping,"Clothing, shoes & accessories",671.66
2019,Sep,Actuals,Shopping,Gifts,6.13
2019,Sep,Actuals,Shopping,Household Articles,132.93
2019,Sep,Actuals,Transportation,Parking Charges,9.20
2019,Sep,Actuals,Transportation,Public Transport,160.90
2019,Sep,Actuals,Utilities & Bills,Broadband,57.61
2019,Sep,Actuals,Utilities & Bills,Energy,72.35
2019,Sep,Actuals,Utilities & Bills,Misc. Fees,41.69
2019,Sep,Actuals,Utilities & Bills,Telephone & Mobile,35.69
2019,Sep,Actuals,Vacation & Travel,Flights & Rail,324.56
2019,Sep,Actuals,Vacation & Travel,Local transport,10.62
2019,Oct,Budget,Groceries,Groceries,255.26
2019,Oct,Budget,Health,Drugs and pharmaceuticals,0.00
2019,Oct,Budget,Health,Medical Services,0.00
2019,Oct,Budget,Housing,Rent and mortgage interest,2682.78
2019,Oct,Budget,Other expenses,Other expenses,0.00
2019,Oct,Budget,Recreation,Bars & restaurants,382.89
2019,Oct,Budget,Recreation,Going out,0.00
2019,Oct,Budget,Recreation,Personal Care,0.00
2019,Oct,Budget,Recreation,Races,0.00
2019,Oct,Budget,Shopping,Books & literature,0.00
2019,Oct,Budget,Shopping,"Clothing, shoes & accessories",255.26
2019,Oct,Budget,Shopping,Electronics & Appliances,0.00
2019,Oct,Budget,Shopping,Furniture,0.00
2019,Oct,Budget,Shopping,Gifts,695.58
2019,Oct,Budget,Shopping,Household Articles,0.00
2019,Oct,Budget,Shopping,Sport and recreation equipment,0.00
2019,Oct,Budget,Transportation,Fuel,0.00
2019,Oct,Budget,Transportation,Leasing Costs,0.00
2019,Oct,Budget,Transportation,Parking Charges,0.00
2019,Oct,Budget,Transportation,Public Transport,127.63
2019,Oct,Budget,Transportation,Taxes and Fines,0.00
2019,Oct,Budget,Utilities & Bills,Broadband,43.38
2019,Oct,Budget,Utilities & Bills,Energy,121.25
2019,Oct,Budget,Utilities & Bills,Maintenance and repairs,0.00
2019,Oct,Budget,Utilities & Bills,Misc. Fees,0.00
2019,Oct,Budget,Utilities & Bills,Moving,0.00
2019,Oct,Budget,Utilities & Bills,Postal Charges,0.00
2019,Oct,Budget,Utilities & Bills,Telephone & Mobile,38.29
2019,Oct,Budget,Utilities & Bills,TV & Multimedia,43.39
2019,Oct,Budget,Vacation & Travel,Vacation & Travel,1276.30
2019,Oct,Actuals,Groceries,Groceries,382.57
2019,Oct,Actuals,Housing,Rent and mortgage interest,2682.78
2019,Oct,Actuals,Other expenses,Cash Withdrawls,51.05
2019,Oct,Actuals,Recreation,Bars & restaurants,844.74
2019,Oct,Actuals,Recreation,Lunch - Work,67.69
2019,Oct,Actuals,Recreation,Personal Care,269.17
2019,Oct,Actuals,Shopping,"Clothing, shoes & accessories",283.58
2019,Oct,Actuals,Shopping,Gifts,97.99
2019,Oct,Actuals,Shopping,Household Articles,58.01
2019,Oct,Actuals,Transportation,Public Transport,229.84
2019,Oct,Actuals,Transportation,Taxes and Fines,82.96
2019,Oct,Actuals,Utilities & Bills,Broadband,95.06
2019,Oct,Actuals,Utilities & Bills,Energy,75.30
2019,Oct,Actuals,Utilities & Bills,Telephone & Mobile,54.42
2019,Oct,Actuals,Vacation & Travel,Eat & Drink,26.24
2019,Oct,Actuals,Vacation & Travel,Flights & Rail,125.10
2019,Oct,Actuals,Vacation & Travel,Local transport,86.34
2019,Nov,Budget,Groceries,Groceries,258.60
2019,Nov,Budget,Health,Drugs and pharmaceuticals,0.00
2019,Nov,Budget,Health,Medical Services,0.00
2019,Nov,Budget,Housing,Rent and mortgage interest,2717.89
2019,Nov,Budget,Other expenses,Other expenses,0.00
2019,Nov,Budget,Recreation,Bars & restaurants,387.90
2019,Nov,Budget,Recreation,Going out,0.00
2019,Nov,Budget,Recreation,Personal Care,0.00
2019,Nov,Budget,Recreation,Races,0.00
2019,Nov,Budget,Shopping,Books & literature,0.00
2019,Nov,Budget,Shopping,"Clothing, shoes & accessories",258.60
2019,Nov,Budget,Shopping,Electronics & Appliances,0.00
2019,Nov,Budget,Shopping,Furniture,0.00
2019,Nov,Budget,Shopping,Gifts,704.69
2019,Nov,Budget,Shopping,Household Articles,0.00
2019,Nov,Budget,Shopping,Sport and recreation equipment,0.00
2019,Nov,Budget,Transportation,Fuel,0.00
2019,Nov,Budget,Transportation,Leasing Costs,0.00
2019,Nov,Budget,Transportation,Parking Charges,0.00
2019,Nov,Budget,Transportation,Public Transport,129.30
2019,Nov,Budget,Transportation,Taxes and Fines,0.00
2019,Nov,Budget,Utilities & Bills,Broadband,43.95
2019,Nov,Budget,Utilities & Bills,Energy,122.84
2019,Nov,Budget,Utilities & Bills,Maintenance and repairs,0.00
2019,Nov,Budget,Utilities & Bills,Misc. Fees,0.00
2019,Nov,Budget,Utilities & Bills,Moving,0.00
2019,Nov,Budget,Utilities & Bills,Postal Charges,0.00
2019,Nov,Budget,Utilities & Bills,Telephone & Mobile,38.79
2019,Nov,Budget,Utilities & Bills,TV & Multimedia,43.96
2019,Nov,Budget,Vacation & Travel,Vacation & Travel,1293.00
2019,Nov,Actuals,Groceries,Groceries,382.07
2019,Nov,Actuals,Housing,Rent and mortgage interest,2717.89
2019,Nov,Actuals,Other expenses,Cash Withdrawls,181.02
2019,Nov,Actuals,Recreation,Bars & restaurants,592.74
2019,Nov,Actuals,Recreation,Lunch - Work,35.26
2019,Nov,Actuals,Recreation,Personal Care,0.17
2019,Nov,Actuals,Recreation,Races,120.59
2019,Nov,Actuals,Shopping,"Clothing, shoes & accessories",453.70
2019,Nov,Actuals,Shopping,Household Articles,21.94
2019,Nov,Actuals,Transportation,Public Transport,293.45
2019,Nov,Actuals,Utilities & Bills,Broadband,3.22
2019,Nov,Actuals,Utilities & Bills,Energy,76.29
2019,Nov,Actuals,Utilities & Bills,Telephone & Mobile,74.22
2019,Dec,Budget,Groceries,Groceries,256.80
2019,Dec,Budget,Health,Drugs and pharmaceuticals,0.00
2019,Dec,Budget,Health,Medical Services,0.00
2019,Dec,Budget,Housing,Rent and mortgage interest,2758.01
2019,Dec,Budget,Other expenses,Other expenses,0.00
2019,Dec,Budget,Recreation,Bars & restaurants,385.20
2019,Dec,Budget,Recreation,Going out,0.00
2019,Dec,Budget,Recreation,Personal Care,0.00
2019,Dec,Budget,Recreation,Races,0.00
2019,Dec,Budget,Shopping,Books & literature,0.00
2019,Dec,Budget,Shopping,"Clothing, shoes & accessories",256.80
2019,Dec,Budget,Shopping,Electronics & Appliances,0.00
2019,Dec,Budget,Shopping,Furniture,0.00
2019,Dec,Budget,Shopping,Gifts,699.78
2019,Dec,Budget,Shopping,Household Articles,0.00
2019,Dec,Budget,Shopping,Sport and recreation equipment,0.00
2019,Dec,Budget,Transportation,Fuel,0.00
2019,Dec,Budget,Transportation,Leasing Costs,0.00
2019,Dec,Budget,Transportation,Parking Charges,0.00
2019,Dec,Budget,Transportation,Public Transport,128.40
2019,Dec,Budget,Transportation,Taxes and Fines,0.00
2019,Dec,Budget,Utilities & Bills,Broadband,43.64
2019,Dec,Budget,Utilities & Bills,Energy,121.98
2019,Dec,Budget,Utilities & Bills,Maintenance and repairs,0.00
2019,Dec,Budget,Utilities & Bills,Misc. Fees,0.00
2019,Dec,Budget,Utilities & Bills,Moving,0.00
2019,Dec,Budget,Utilities & Bills,Postal Charges,0.00
2019,Dec,Budget,Utilities & Bills,Telephone & Mobile,38.52
2019,Dec,Budget,Utilities & Bills,TV & Multimedia,43.66
2019,Dec,Budget,Vacation & Travel,Vacation & Travel,1284.00
2019,Dec,Actuals,Groceries,Groceries,125.75
2019,Dec,Actuals,Housing,Rent and mortgage interest,2758.01
2019,Dec,Actuals,Recreation,Bars & restaurants,488.43
2019,Dec,Actuals,Recreation,Lunch - Work,71.79
2019,Dec,Actuals,Shopping,Gifts,356.96
2019,Dec,Actuals,Shopping,Household Articles,108.83
2019,Dec,Actuals,Transportation,Public Transport,216.52
2019,Dec,Actuals,Utilities & Bills,Broadband,38.51
2019,Dec,Actuals,Utilities & Bills,Energy,75.76
2019,Dec,Actuals,Utilities & Bills,Telephone & Mobile,56.12
2019,Dec,Actuals,Vacation & Travel,Eat & Drink,27.84
2019,Dec,Actuals,Vacation & Travel,Flights & Rail,1643.52
2019,Dec,Actuals,Vacation & Travel,Local transport,84.32
2020,Jan,Budget,Groceries,Groceries,254.22
2020,Jan,Budget,Health,Drugs and pharmaceuticals,0.00
2020,Jan,Budget,Health,Health Insurance,0.00
2020,Jan,Budget,Health,Medical Services,0.00
2020,Jan,Budget,Housing,Rent and mortgage interest,2671.85
2020,Jan,Budget,Other expenses,Other expenses,12.71
2020,Jan,Budget,Recreation,Bars & restaurants,381.33
2020,Jan,Budget,Recreation,Going out,0.00
2020,Jan,Budget,Recreation,Personal Care,0.00
2020,Jan,Budget,Recreation,Races,0.00
2020,Jan,Budget,Shopping,Books & literature,0.00
2020,Jan,Budget,Shopping,"Clothing, shoes & accessories",254.22
2020,Jan,Budget,Shopping,Electronics & Appliances,0.00
2020,Jan,Budget,Shopping,Furniture,0.00
2020,Jan,Budget,Shopping,Gifts,692.75
2020,Jan,Budget,Shopping,Household Articles,0.00
2020,Jan,Budget,Shopping,Sport and recreation equipment,0.00
2020,Jan,Budget,Transportation,Car Insurance,0.00
2020,Jan,Budget,Transportation,Fuel,0.00
2020,Jan,Budget,Transportation,Leasing Costs,0.00
2020,Jan,Budget,Transportation,Parking Charges,0.00
2020,Jan,Budget,Transportation,Public Transport,413.11
2020,Jan,Budget,Transportation,Service & Maintenance,0.00
2020,Jan,Budget,Transportation,Taxes and Fines,0.00
2020,Jan,Budget,Transportation,Vehicle purchase costs,0.00
2020,Jan,Budget,Utilities & Bills,Broadband,39.40
2020,Jan,Budget,Utilities & Bills,Energy,120.75
2020,Jan,Budget,Utilities & Bills,Maintenance and repairs,0.00
2020,Jan,Budget,Utilities & Bills,Misc. Fees,0.00
2020,Jan,Budget,Utilities & Bills,Telephone & Mobile,25.42
2020,Jan,Budget,Utilities & Bills,TV & Multimedia,43.22
2020,Jan,Budget,Vacation & Travel,Vacation & Travel,1271.10
2020,Jan,Actuals,Groceries,Groceries,549.33
2020,Jan,Actuals,Housing,Rent and mortgage interest,2671.85
2020,Jan,Actuals,Recreation,Bars & restaurants,1520.85
2020,Jan,Actuals,Recreation,Lunch - Work,66.45
2020,Jan,Actuals,Shopping,"Clothing, shoes & accessories",165.23
2020,Jan,Actuals,Shopping,Electronics & Appliances,64.79
2020,Jan,Actuals,Shopping,Gifts,-38.12
2020,Jan,Actuals,Shopping,Household Articles,235.79
2020,Jan,Actuals,Transportation,Parking Charges,4.07
2020,Jan,Actuals,Transportation,Public Transport,350.85
2020,Jan,Actuals,Utilities & Bills,Broadband,38.12
2020,Jan,Actuals,Utilities & Bills,Energy,74.99
2020,Jan,Actuals,Utilities & Bills,Postal Charges,20.72
2020,Jan,Actuals,Utilities & Bills,Telephone & Mobile,74.40
2020,Jan,Actuals,Vacation & Travel,Flights & Rail,38.11
2020,Feb,Budget,Groceries,Groceries,247.48
2020,Feb,Budget,Health,Drugs and pharmaceuticals,0.00
2020,Feb,Budget,Health,Medical Services,0.00
2020,Feb,Budget,Housing,Rent and mortgage interest,2492.12
2020,Feb,Budget,Other expenses,Other expenses,12.37
2020,Feb,Budget,Recreation,Bars & restaurants,371.22
2020,Feb,Budget,Recreation,Going out,0.00
2020,Feb,Budget,Recreation,Personal Care,0.00
2020,Feb,Budget,Recreation,Races,0.00
2020,Feb,Budget,Shopping,Books & literature,0.00
2020,Feb,Budget,Shopping,"Clothing, shoes & accessories",247.48
2020,Feb,Budget,Shopping,Electronics & Appliances,0.00
2020,Feb,Budget,Shopping,Furniture,0.00
2020,Feb,Budget,Shopping,Gifts,674.38
2020,Feb,Budget,Shopping,Household Articles,0.00
2020,Feb,Budget,Shopping,Sport and recreation equipment,0.00
2020,Feb,Budget,Transportation,Fuel,0.00
2020,Feb,Budget,Transportation,Leasing Costs,0.00
2020,Feb,Budget,Transportation,Parking Charges,0.00
2020,Feb,Budget,Transportation,Public Transport,402.16
2020,Feb,Budget,Transportation,Taxes and Fines,0.00
2020,Feb,Budget,Utilities & Bills,Broadband,38.36
2020,Feb,Budget,Utilities & Bills,Energy,117.55
2020,Feb,Budget,Utilities & Bills,Maintenance and repairs,0.00
2020,Feb,Budget,Utilities & Bills,Misc. Fees,0.00
2020,Feb,Budget,Utilities & Bills,Telephone & Mobile,24.75
2020,Feb,Budget,Utilities & Bills,TV & Multimedia,42.07
2020,Feb,Budget,Vacation & Travel,Vacation & Travel,1237.40
2020,Feb,Actuals,Groceries,Groceries,314.65
2020,Feb,Actuals,Housing,Rent and mortgage interest,2492.12
2020,Feb,Actuals,Other expenses,Cash Withdrawls,24.75
2020,Feb,Actuals,Recreation,Bars & restaurants,747.95
2020,Feb,Actuals,Recreation,Lunch - Work,200.64
2020,Feb,Actuals,Recreation,Races,-15.65
2020,Feb,Actuals,Shopping,"Clothing, shoes & accessories",172.73
2020,Feb,Actuals,Transportation,Public Transport,376.00
2020,Feb,Actuals,Utilities & Bills,Broadband,-91.58
2020,Feb,Actuals,Utilities & Bills,Energy,123.54
2020,Feb,Actuals,Utilities & Bills,Postal Charges,0.87
2020,Feb,Actuals,Utilities & Bills,Telephone & Mobile,87.66
2020,Mar,Budget,Groceries,Groceries,238.62
2020,Mar,Budget,Health,Drugs and pharmaceuticals,0.00
2020,Mar,Budget,Health,Medical Services,0.00
2020,Mar,Budget,Housing,Rent and mortgage interest,2628.40
2020,Mar,Budget,Other expenses,Other expenses,11.93
2020,Mar,Budget,Recreation,Bars & restaurants,357.93
2020,Mar,Budget,Recreation,Going out,0.00
2020,Mar,Budget,Recreation,Personal Care,0.00
2020,Mar,Budget,Recreation,Races,0.00
2020,Mar,Budget,Shopping,Books & literature,0.00
2020,Mar,Budget,Shopping,"Clothing, shoes & accessories",238.62
2020,Mar,Budget,Shopping,Electronics & Appliances,0.00
2020,Mar,Budget,Shopping,Furniture,0.00
2020,Mar,Budget,Shopping,Gifts,650.24
2020,Mar,Budget,Shopping,Household Articles,0.00
2020,Mar,Budget,Shopping,Sport and recreation equipment,0.00
2020,Mar,Budget,Transportation,Fuel,0.00
2020,Mar,Budget,Transportation,Leasing Costs,0.00
2020,Mar,Budget,Transportation,Parking Charges,0.00
2020,Mar,Budget,Transportation,Public Transport,387.76
2020,Mar,Budget,Transportation,Taxes and Fines,0.00
2020,Mar,Budget,Utilities & Bills,Broadband,36.99
2020,Mar,Budget,Utilities & Bills,Energy,113.34
2020,Mar,Budget,Utilities & Bills,Maintenance and repairs,0.00
2020,Mar,Budget,Utilities & Bills,Misc. Fees,0.00
2020,Mar,Budget,Utilities & Bills,Telephone & Mobile,23.86
2020,Mar,Budget,Utilities & Bills,TV & Multimedia,40.57
2020,Mar,Budget,Vacation & Travel,Vacation & Travel,1193.10
2020,Mar,Actuals,Groceries,Groceries,558.05
2020,Mar,Actuals,Housing,Rent and mortgage interest,2402.90
2020,Mar,Actuals,Other expenses,Cash Withdrawls,71.59
2020,Mar,Actuals,Recreation,Bars & restaurants,245.30
2020,Mar,Actuals,Recreation,Lunch - Work,56.18
2020,Mar,Actuals,Shopping,"Clothing, shoes & accessories",166.14
2020,Mar,Actuals,Shopping,Gifts,136.73
2020,Mar,Actuals,Shopping,Household Articles,198.09
2020,Mar,Actuals,Transportation,Public Transport,143.24
2020,Mar,Actuals,Utilities & Bills,Broadband,35.78
2020,Mar,Actuals,Utilities & Bills,Energy,66.81
2020,Mar,Actuals,Utilities & Bills,Postal Charges,9.72
2020,Mar,Actuals,Utilities & Bills,Telephone & Mobile,53.32
2020,Mar,Actuals,Vacation & Travel,Flights & Rail,2710.93
2020,Mar,Actuals,Vacation & Travel,Local transport,9.06
2020,Apr,Budget,Groceries,Groceries,243.08
2020,Apr,Budget,Health,Drugs and pharmaceuticals,0.00
2020,Apr,Budget,Health,Medical Services,0.00
2020,Apr,Budget,Housing,Rent and mortgage interest,2679.58
2020,Apr,Budget,Other expenses,Other expenses,12.15
2020,Apr,Budget,Recreation,Bars & restaurants,364.62
2020,Apr,Budget,Recreation,Going out,0.00
2020,Apr,Budget,Recreation,Personal Care,0.00
2020,Apr,Budget,Recreation,Races,0.00
2020,Apr,Budget,Shopping,Books & literature,0.00
2020,Apr,Budget,Shopping,"Clothing, shoes & accessories",243.08
2020,Apr,Budget,Shopping,Electronics & Appliances,0.00
2020,Apr,Budget,Shopping,Furniture,0.00
2020,Apr,Budget,Shopping,Gifts,662.39
2020,Apr,Budget,Shopping,Household Articles,0.00
2020,Apr,Budget,Shopping,Sport and recreation equipment,0.00
2020,Apr,Budget,Transportation,Fuel,0.00
2020,Apr,Budget,Transportation,Leasing Costs,0.00
2020,Apr,Budget,Transportation,Parking Charges,0.00
2020,Apr,Budget,Transportation,Public Transport,395.01
2020,Apr,Budget,Transportation,Taxes and Fines,0.00
2020,Apr,Budget,Utilities & Bills,Broadband,37.68
2020,Apr,Budget,Utilities & Bills,Energy,115.46
2020,Apr,Budget,Utilities & Bills,Maintenance and repairs,0.00
2020,Apr,Budget,Utilities & Bills,Misc. Fees,0.00
2020,Apr,Budget,Utilities & Bills,Telephone & Mobile,24.31
2020,Apr,Budget,Utilities & Bills,TV & Multimedia,41.32
2020,Apr,Budget,Vacation & Travel,Vacation & Travel,1215.40
2020,Apr,Actuals,Groceries,Groceries,510.89
2020,Apr,Actuals,Housing,Rent and mortgage interest,2679.58
2020,Apr,Actuals,Recreation,Bars & restaurants,56.66
2020,Apr,Actuals,Shopping,Gifts,18.23
2020,Apr,Actuals,Shopping,Household Articles,94.50
2020,Apr,Actuals,Utilities & Bills,Broadband,36.45
2020,Apr,Actuals,Utilities & Bills,Energy,68.06
2020,Apr,Actuals,Utilities & Bills,Telephone & Mobile,65.73
2020,May,Budget,Groceries,Groceries,237.30
2020,May,Budget,Health,Drugs and pharmaceuticals,0.00
2020,May,Budget,Health,Medical Services,0.00
2020,May,Budget,Housing,Rent and mortgage interest,2613.86
2020,May,Budget,Other expenses,Other expenses,11.87
2020,May,Budget,Recreation,Bars & restaurants,355.95
2020,May,Budget,Recreation,Going out,0.00
2020,May,Budget,Recreation,Personal Care,0.00
2020,May,Budget,Recreation,Races,0.00
2020,May,Budget,Shopping,Books & literature,0.00
2020,May,Budget,Shopping,"Clothing, shoes & accessories",237.30
2020,May,Budget,Shopping,Electronics & Appliances,0.00
2020,May,Budget,Shopping,Furniture,0.00
2020,May,Budget,Shopping,Gifts,646.64
2020,May,Budget,Shopping,Household Articles,0.00
2020,May,Budget,Shopping,Sport and recreation equipment,0.00
2020,May,Budget,Transportation,Fuel,0.00
2020,May,Budget,Transportation,Leasing Costs,0.00
2020,May,Budget,Transportation,Parking Charges,0.00
2020,May,Budget,Transportation,Public Transport,385.61
2020,May,Budget,Transportation,Taxes and Fines,0.00
2020,May,Budget,Utilities & Bills,Broadband,36.78
2020,May,Budget,Utilities & Bills,Energy,112.72
2020,May,Budget,Utilities & Bills,Maintenance and repairs,0.00
2020,May,Budget,Utilities & Bills,Misc. Fees,0.00
2020,May,Budget,Utilities & Bills,Telephone & Mobile,23.73
2020,May,Budget,Utilities & Bills,TV & Multimedia,40.34
2020,May,Budget,Vacation & Travel,Vacation & Travel,1186.50
2020,May,Actuals,Groceries,Groceries,560.70
2020,May,Actuals,Housing,Rent and mortgage interest,2613.86
2020,May,Actuals,Recreation,Bars & restaurants,49.63
2020,May,Actuals,Recreation,Lunch - Work,10.44
2020,May,Actuals,Shopping,Gifts,11.87
2020,May,Actuals,Shopping,Household Articles,123.04
2020,May,Actuals,Utilities & Bills,Broadband,35.58
2020,May,Actuals,Utilities & Bills,Energy,66.44
2020,May,Actuals,Utilities & Bills,Telephone & Mobile,54.08
2020,Jun,Budget,Groceries,Groceries,234.86
2020,Jun,Budget,Health,Drugs and pharmaceuticals,0.00
2020,Jun,Budget,Health,Medical Services,0.00
2020,Jun,Budget,Housing,Rent and mortgage interest,2586.98
2020,Jun,Budget,Other expenses,Other expenses,11.74
2020,Jun,Budget,Recreation,Bars & restaurants,352.29
2020,Jun,Budget,Recreation,Going out,0.00
2020,Jun,Budget,Recreation,Personal Care,0.00
2020,Jun,Budget,Recreation,Races,0.00
2020,Jun,Budget,Shopping,Books & literature,0.00
2020,Jun,Budget,Shopping,"Clothing, shoes & accessories",234.86
2020,Jun,Budget,Shopping,Electronics & Appliances,0.00
2020,Jun,Budget,Shopping,Furniture,0.00
2020,Jun,Budget,Shopping,Gifts,639.99
2020,Jun,Budget,Shopping,Household Articles,0.00
2020,Jun,Budget,Shopping,Sport and recreation equipment,0.00
2020,Jun,Budget,Transportation,Fuel,0.00
2020,Jun,Budget,Transportation,Leasing Costs,0.00
2020,Jun,Budget,Transportation,Parking Charges,0.00
2020,Jun,Budget,Transportation,Public Transport,381.65
2020,Jun,Budget,Transportation,Taxes and Fines,0.00
2020,Jun,Budget,Utilities & Bills,Broadband,36.40
2020,Jun,Budget,Utilities & Bills,Energy,111.56
2020,Jun,Budget,Utilities & Bills,Maintenance and repairs,0.00
2020,Jun,Budget,Utilities & Bills,Misc. Fees,0.00
2020,Jun,Budget,Utilities & Bills,Telephone & Mobile,23.49
2020,Jun,Budget,Utilities & Bills,TV & Multimedia,39.93
2020,Jun,Budget,Vacation & Travel,Vacation & Travel,1174.30
2020,Jun,Actuals,Groceries,Groceries,334.39
2020,Jun,Actuals,Housing,Rent and mortgage interest,2586.98
2020,Jun,Actuals,Recreation,Bars & restaurants,26.37
2020,Jun,Actuals,Utilities & Bills,Broadband,35.22
2020,Jun,Actuals,Utilities & Bills,Energy,65.76
2020,Jun,Actuals,Utilities & Bills,Telephone & Mobile,55.58
2020,Jul,Budget,Groceries,Groceries,238.82
2020,Jul,Budget,Health,Drugs and pharmaceuticals,0.00
2020,Jul,Budget,Health,Medical Services,0.00
2020,Jul,Budget,Housing,Rent and mortgage interest,2630.60
2020,Jul,Budget,Other expenses,Other expenses,11.94
2020,Jul,Budget,Recreation,Bars & restaurants,358.23
2020,Jul,Budget,Recreation,Going out,0.00
2020,Jul,Budget,Recreation,Personal Care,0.00
2020,Jul,Budget,Recreation,Races,0.00
2020,Jul,Budget,Shopping,Books & literature,0.00
2020,Jul,Budget,Shopping,"Clothing, shoes & accessories",238.82
2020,Jul,Budget,Shopping,Electronics & Appliances,0.00
2020,Jul,Budget,Shopping,Furniture,0.00
2020,Jul,Budget,Shopping,Gifts,650.78
2020,Jul,Budget,Shopping,Household Articles,0.00
2020,Jul,Budget,Shopping,Sport and recreation equipment,0.00
2020,Jul,Budget,Transportation,Fuel,0.00
2020,Jul,Budget,Transportation,Leasing Costs,0.00
2020,Jul,Budget,Transportation,Parking Charges,0.00
2020,Jul,Budget,Transportation,Public Transport,388.08
2020,Jul,Budget,Transportation,Taxes and Fines,0.00
2020,Jul,Budget,Utilities & Bills,Broadband,37.02
2020,Jul,Budget,Utilities & Bills,Energy,113.44
2020,Jul,Budget,Utilities & Bills,Maintenance and repairs,0.00
2020,Jul,Budget,Utilities & Bills,Misc. Fees,0.00
2020,Jul,Budget,Utilities & Bills,Telephone & Mobile,23.88
2020,Jul,Budget,Utilities & Bills,TV & Multimedia,40.60
2020,Jul,Budget,Vacation & Travel,Vacation & Travel,1194.10
2020,Jul,Actuals,Groceries,Groceries,644.13
2020,Jul,Actuals,Housing,Rent and mortgage interest,2630.60
2020,Jul,Actuals,Recreation,Bars & restaurants,52.64
2020,Jul,Actuals,Shopping,"Clothing, shoes & accessories",53.70
2020,Jul,Actuals,Shopping,Electronics & Appliances,298.53
2020,Jul,Actuals,Shopping,Household Articles,15.05
2020,Jul,Actuals,Utilities & Bills,Broadband,35.81
2020,Jul,Actuals,Utilities & Bills,Energy,66.87
2020,Jul,Actuals,Utilities & Bills,Postal Charges,31.81
2020,Jul,Actuals,Utilities & Bills,Telephone & Mobile,53.29
2020,Aug,Budget,Groceries,Groceries,241.58
2020,Aug,Budget,Health,Drugs and pharmaceuticals,0.00
2020,Aug,Budget,Health,Medical Services,0.00
2020,Aug,Budget,Housing,Rent and mortgage interest,2672.12
2020,Aug,Budget,Other expenses,Other expenses,12.08
2020,Aug,Budget,Recreation,Bars & restaurants,362.37
2020,Aug,Budget,Recreation,Going out,0.00
2020,Aug,Budget,Recreation,Personal Care,0.00
2020,Aug,Budget,Recreation,Races,0.00
2020,Aug,Budget,Shopping,Books & literature,0.00
2020,Aug,Budget,Shopping,"Clothing, shoes & accessories",241.58
2020,Aug,Budget,Shopping,Electronics & Appliances,0.00
2020,Aug,Budget,Shopping,Furniture,0.00
2020,Aug,Budget,Shopping,Gifts,658.31
2020,Aug,Budget,Shopping,Household Articles,0.00
2020,Aug,Budget,Shopping,Sport and recreation equipment,0.00
2020,Aug,Budget,Transportation,Fuel,0.00
2020,Aug,Budget,Transportation,Leasing Costs,0.00
2020,Aug,Budget,Transportation,Parking Charges,0.00
2020,Aug,Budget,Transportation,Public Transport,392.57
2020,Aug,Budget,Transportation,Taxes and Fines,0.00
2020,Aug,Budget,Utilities & Bills,Broadband,37.44
2020,Aug,Budget,Utilities & Bills,Energy,114.75
2020,Aug,Budget,Utilities & Bills,Maintenance and repairs,0.00
2020,Aug,Budget,Utilities & Bills,Misc. Fees,0.00
2020,Aug,Budget,Utilities & Bills,Telephone & Mobile,24.16
2020,Aug,Budget,Utilities & Bills,TV & Multimedia,41.07
2020,Aug,Budget,Vacation & Travel,Vacation & Travel,1207.90
2020,Aug,Actuals,Groceries,Groceries,469.46
2020,Aug,Actuals,Housing,Rent and mortgage interest,3878.81
2020,Aug,Actuals,Recreation,Bars & restaurants,266.32
2020,Aug,Actuals,Recreation,Lunch - Work,12.14
2020,Aug,Actuals,Recreation,Personal Care,182.38
2020,Aug,Actuals,Shopping,"Clothing, shoes & accessories",34.43
2020,Aug,Actuals,Shopping,Electronics & Appliances,30.19
2020,Aug,Actuals,Shopping,Household Articles,279.00
2020,Aug,Actuals,Transportation,Parking Charges,7.25
2020,Aug,Actuals,Transportation,Public Transport,21.02
2020,Aug,Actuals,Transportation,Service & Maintenance,88.16
2020,Aug,Actuals,Transportation,Taxes and Fines,96.63
2020,Aug,Actuals,Utilities & Bills,Broadband,36.22
2020,Aug,Actuals,Utilities & Bills,Energy,67.64
2020,Aug,Actuals,Utilities & Bills,Telephone & Mobile,54.13
2020,Sep,Budget,Groceries,Groceries,237.90
2020,Sep,Budget,Health,Drugs and pharmaceuticals,0.00
2020,Sep,Budget,Health,Medical Services,0.00
2020,Sep,Budget,Housing,Rent and mortgage interest,2631.41
2020,Sep,Budget,Other expenses,Other expenses,11.90
2020,Sep,Budget,Recreation,Bars & restaurants,356.85
2020,Sep,Budget,Recreation,Going out,0.00
2020,Sep,Budget,Recreation,Personal Care,0.00
2020,Sep,Budget,Recreation,Races,0.00
2020,Sep,Budget,Shopping,Books & literature,0.00
2020,Sep,Budget,Shopping,"Clothing, shoes & accessories",237.90
2020,Sep,Budget,Shopping,Electronics & Appliances,0.00
2020,Sep,Budget,Shopping,Furniture,0.00
2020,Sep,Budget,Shopping,Gifts,648.28
2020,Sep,Budget,Shopping,Household Articles,0.00
2020,Sep,Budget,Shopping,Sport and recreation equipment,0.00
2020,Sep,Budget,Transportation,Fuel,0.00
2020,Sep,Budget,Transportation,Leasing Costs,0.00
2020,Sep,Budget,Transportation,Parking Charges,0.00
2020,Sep,Budget,Transportation,Public Transport,386.59
2020,Sep,Budget,Transportation,Taxes and Fines,0.00
2020,Sep,Budget,Utilities & Bills,Broadband,36.87
2020,Sep,Budget,Utilities & Bills,Energy,113.00
2020,Sep,Budget,Utilities & Bills,Maintenance and repairs,0.00
2020,Sep,Budget,Utilities & Bills,Misc. Fees,0.00
2020,Sep,Budget,Utilities & Bills,Telephone & Mobile,23.79
2020,Sep,Budget,Utilities & Bills,TV & Multimedia,40.44
2020,Sep,Budget,Vacation & Travel,Vacation & Travel,1189.50
2020,Sep,Actuals,Groceries,Groceries,569.77
2020,Sep,Actuals,Housing,Rent and mortgage interest,2278.13
2020,Sep,Actuals,Recreation,Bars & restaurants,517.33
2020,Sep,Actuals,Recreation,Lunch - Work,23.55
2020,Sep,Actuals,Shopping,"Clothing, shoes & accessories",52.29
2020,Sep,Actuals,Shopping,Household Articles,-475.80
2020,Sep,Actuals,Shopping,Sport and recreation equipment,35.67
2020,Sep,Actuals,Transportation,Parking Charges,19.51
2020,Sep,Actuals,Transportation,Public Transport,37.23
2020,Sep,Actuals,Utilities & Bills,Broadband,35.67
2020,Sep,Actuals,Utilities & Bills,Energy,66.61
2020,Sep,Actuals,Utilities & Bills,Postal Charges,21.29
2020,Sep,Actuals,Utilities & Bills,Telephone & Mobile,54.24
2020,Sep,Actuals,Vacation & Travel,Accomodation,485.54
2020,Oct,Budget,Groceries,Groceries,237.26
2020,Oct,Budget,Health,Drugs and pharmaceuticals,0.00
2020,Oct,Budget,Health,Medical Services,0.00
2020,Oct,Budget,Housing,Rent and mortgage interest,-1492.61
2020,Oct,Budget,Other expenses,Other expenses,11.86
2020,Oct,Budget,Recreation,Bars & restaurants,355.89
2020,Oct,Budget,Recreation,Going out,0.00
2020,Oct,Budget,Recreation,Personal Care,0.00
2020,Oct,Budget,Recreation,Races,0.00
2020,Oct,Budget,Shopping,Books & literature,0.00
2020,Oct,Budget,Shopping,"Clothing, shoes & accessories",237.26
2020,Oct,Budget,Shopping,Electronics & Appliances,0.00
2020,Oct,Budget,Shopping,Furniture,0.00
2020,Oct,Budget,Shopping,Gifts,646.53
2020,Oct,Budget,Shopping,Household Articles,0.00
2020,Oct,Budget,Shopping,Sport and recreation equipment,0.00
2020,Oct,Budget,Transportation,Fuel,0.00
2020,Oct,Budget,Transportation,Leasing Costs,0.00
2020,Oct,Budget,Transportation,Parking Charges,0.00
2020,Oct,Budget,Transportation,Public Transport,385.55
2020,Oct,Budget,Transportation,Taxes and Fines,0.00
2020,Oct,Budget,Utilities & Bills,Broadband,36.78
2020,Oct,Budget,Utilities & Bills,Energy,112.70
2020,Oct,Budget,Utilities & Bills,Maintenance and repairs,0.00
2020,Oct,Budget,Utilities & Bills,Misc. Fees,0.00
2020,Oct,Budget,Utilities & Bills,Telephone & Mobile,23.73
2020,Oct,Budget,Utilities & Bills,TV & Multimedia,40.33
2020,Oct,Budget,Vacation & Travel,Vacation & Travel,1186.30
2020,Oct,Actuals,Groceries,Groceries,512.45
2020,Oct,Actuals,Housing,Rent and mortgage interest,-2269.88
2020,Oct,Actuals,Recreation,Bars & restaurants,235.84
2020,Oct,Actuals,Shopping,"Clothing, shoes & accessories",42.66
2020,Oct,Actuals,Shopping,Household Articles,23.70
2020,Oct,Actuals,Transportation,Fuel,23.73
2020,Oct,Actuals,Transportation,Leasing Costs,0.00
2020,Oct,Actuals,Transportation,Parking Charges,0.83
2020,Oct,Actuals,Utilities & Bills,Broadband,35.58
2020,Oct,Actuals,Utilities & Bills,Energy,100.35
2020,Oct,Actuals,Utilities & Bills,Maintenance and repairs,723.87
2020,Oct,Actuals,Utilities & Bills,Telephone & Mobile,52.73
2020,Nov,Budget,Groceries,Groceries,242.18
2020,Nov,Budget,Health,Drugs and pharmaceuticals,0.00
2020,Nov,Budget,Health,Medical Services,0.00
2020,Nov,Budget,Housing,Rent and mortgage interest,2551.37
2020,Nov,Budget,Other expenses,Other expenses,12.11
2020,Nov,Budget,Recreation,Bars & restaurants,363.27
2020,Nov,Budget,Recreation,Going out,0.00
2020,Nov,Budget,Recreation,Personal Care,0.00
2020,Nov,Budget,Recreation,Races,0.00
2020,Nov,Budget,Shopping,Books & literature,0.00
2020,Nov,Budget,Shopping,"Clothing, shoes & accessories",242.18
2020,Nov,Budget,Shopping,Electronics & Appliances,0.00
2020,Nov,Budget,Shopping,Furniture,0.00
2020,Nov,Budget,Shopping,Gifts,659.94
2020,Nov,Budget,Shopping,Household Articles,0.00
2020,Nov,Budget,Shopping,Sport and recreation equipment,0.00
2020,Nov,Budget,Transportation,Fuel,0.00
2020,Nov,Budget,Transportation,Leasing Costs,0.00
2020,Nov,Budget,Transportation,Parking Charges,0.00
2020,Nov,Budget,Transportation,Public Transport,393.54
2020,Nov,Budget,Transportation,Taxes and Fines,0.00
2020,Nov,Budget,Utilities & Bills,Broadband,37.54
2020,Nov,Budget,Utilities & Bills,Energy,115.04
2020,Nov,Budget,Utilities & Bills,Maintenance and repairs,0.00
2020,Nov,Budget,Utilities & Bills,Misc. Fees,0.00
2020,Nov,Budget,Utilities & Bills,Telephone & Mobile,24.22
2020,Nov,Budget,Utilities & Bills,TV & Multimedia,41.17
2020,Nov,Budget,Vacation & Travel,Vacation & Travel,1210.90
2020,Nov,Actuals,Groceries,Groceries,734.67
2020,Nov,Actuals,Housing,Rent and mortgage interest,2723.56
2020,Nov,Actuals,Recreation,Bars & restaurants,145.49
2020,Nov,Actuals,Shopping,"Clothing, shoes & accessories",36.29
2020,Nov,Actuals,Shopping,Electronics & Appliances,278.49
2020,Nov,Actuals,Shopping,Furniture,-726.54
2020,Nov,Actuals,Shopping,Household Articles,1911.81
2020,Nov,Actuals,Transportation,Parking Charges,0.73
2020,Nov,Actuals,Utilities & Bills,Broadband,3.02
2020,Nov,Actuals,Utilities & Bills,Energy,170.36
2020,Nov,Actuals,Utilities & Bills,Maintenance and repairs,96.76
2020,Nov,Actuals,Utilities & Bills,Telephone & Mobile,54.12
2020,Dec,Budget,Groceries,Groceries,242.04
2020,Dec,Budget,Health,Drugs and pharmaceuticals,0.00
2020,Dec,Budget,Health,Medical Services,0.00
2020,Dec,Budget,Housing,Rent and mortgage interest,3537.29
2020,Dec,Budget,Other expenses,Other expenses,12.10
2020,Dec,Budget,Recreation,Bars & restaurants,363.06
2020,Dec,Budget,Recreation,Going out,0.00
2020,Dec,Budget,Recreation,Personal Care,0.00
2020,Dec,Budget,Recreation,Races,0.00
2020,Dec,Budget,Shopping,Books & literature,0.00
2020,Dec,Budget,Shopping,"Clothing, shoes & accessories",242.04
2020,Dec,Budget,Shopping,Electronics & Appliances,0.00
2020,Dec,Budget,Shopping,Furniture,0.00
2020,Dec,Budget,Shopping,Gifts,659.56
2020,Dec,Budget,Shopping,Household Articles,0.00
2020,Dec,Budget,Shopping,Sport and recreation equipment,0.00
2020,Dec,Budget,Transportation,Fuel,0.00
2020,Dec,Budget,Transportation,Leasing Costs,0.00
2020,Dec,Budget,Transportation,Parking Charges,0.00
2020,Dec,Budget,Transportation,Public Transport,393.32
2020,Dec,Budget,Transportation,Taxes and Fines,0.00
2020,Dec,Budget,Utilities & Bills,Broadband,37.52
2020,Dec,Budget,Utilities & Bills,Energy,114.97
2020,Dec,Budget,Utilities & Bills,Maintenance and repairs,0.00
2020,Dec,Budget,Utilities & Bills,Misc. Fees,0.00
2020,Dec,Budget,Utilities & Bills,Telephone & Mobile,24.20
2020,Dec,Budget,Utilities & Bills,TV & Multimedia,41.15
2020,Dec,Budget,Vacation & Travel,Vacation & Travel,1210.20
2020,Dec,Actuals,Groceries,Groceries,753.00
2020,Dec,Actuals,Housing,Rent and mortgage interest,3537.29
2020,Dec,Actuals,Recreation,Bars & restaurants,147.43
2020,Dec,Actuals,Shopping,"Clothing, shoes & accessories",131.00
2020,Dec,Actuals,Shopping,Gifts,566.36
2020,Dec,Actuals,Shopping,Household Articles,73.46
2020,Dec,Actuals,Transportation,Leasing Costs,47.03
2020,Dec,Actuals,Utilities & Bills,Broadband,3.01
2020,Dec,Actuals,Utilities & Bills,Energy,118.60
2020,Dec,Actuals,Utilities & Bills,Maintenance and repairs,132.57
2020,Dec,Actuals,Utilities & Bills,Postal Charges,16.88
2020,Dec,Actuals,Utilities & Bills,Telephone & Mobile,53.79
2021,Jan,Budget,Groceries,Groceries,243.92
2021,Jan,Budget,Health,Drugs and pharmaceuticals,0.00
2021,Jan,Budget,Health,Health Insurance,0.00
2021,Jan,Budget,Health,Medical Services,0.00
2021,Jan,Budget,Housing,Rent and mortgage interest,3800.69
2021,Jan,Budget,Other expenses,Other expenses,12.20
2021,Jan,Budget,Recreation,Bars & restaurants,365.88
2021,Jan,Budget,Recreation,Fitness centre,1036.66
2021,Jan,Budget,Recreation,Going out,0.00
2021,Jan,Budget,Recreation,Personal Care,0.00
2021,Jan,Budget,Recreation,Races,0.00
2021,Jan,Budget,Shopping,Books & literature,0.00
2021,Jan,Budget,Shopping,"Clothing, shoes & accessories",243.92
2021,Jan,Budget,Shopping,Electronics & Appliances,0.00
2021,Jan,Budget,Shopping,Furniture,0.00
2021,Jan,Budget,Shopping,Gifts,664.68
2021,Jan,Budget,Shopping,Household Articles,0.00
2021,Jan,Budget,Shopping,Sport and recreation equipment,0.00
2021,Jan,Budget,Transportation,Car Insurance,0.00
2021,Jan,Budget,Transportation,Fuel,0.00
2021,Jan,Budget,Transportation,Leasing Costs,0.00
2021,Jan,Budget,Transportation,Parking Charges,0.00
2021,Jan,Budget,Transportation,Public Transport,396.37
2021,Jan,Budget,Transportation,Service & Maintenance,0.00
2021,Jan,Budget,Transportation,Taxes and Fines,0.00
2021,Jan,Budget,Transportation,Vehicle purchase costs,0.00
2021,Jan,Budget,Utilities & Bills,Broadband,41.45
2021,Jan,Budget,Utilities & Bills,Energy,115.86
2021,Jan,Budget,Utilities & Bills,Maintenance and repairs,0.00
2021,Jan,Budget,Utilities & Bills,Misc. Fees,0.00
2021,Jan,Budget,Utilities & Bills,Telephone & Mobile,24.39
2021,Jan,Budget,Utilities & Bills,TV & Multimedia,41.47
2021,Jan,Budget,Vacation & Travel,Vacation & Travel,1219.60
2021,Jan,Actuals,Groceries,Groceries,416.32
2021,Jan,Actuals,Housing,Rent and mortgage interest,3564.82
2021,Jan,Actuals,Recreation,Bars & restaurants,64.82
2021,Jan,Actuals,Shopping,"Clothing, shoes & accessories",23.64
2021,Jan,Actuals,Shopping,Electronics & Appliances,-191.03
2021,Jan,Actuals,Shopping,Gifts,54.03
2021,Jan,Actuals,Shopping,Household Articles,530.33
2021,Jan,Actuals,Transportation,Parking Charges,0.62
2021,Jan,Actuals,Utilities & Bills,Broadband,3.04
2021,Jan,Actuals,Utilities & Bills,Energy,214.36
2021,Jan,Actuals,Utilities & Bills,Maintenance and repairs,39.03
2021,Jan,Actuals,Utilities & Bills,Misc. Fees,-0.45
2021,Jan,Actuals,Utilities & Bills,Postal Charges,44.93
2021,Jan,Actuals,Utilities & Bills,Telephone & Mobile,37.04
2021,Feb,Budget,Groceries,Groceries,253.06
2021,Feb,Budget,Health,Drugs and pharmaceuticals,0.00
2021,Feb,Budget,Health,Medical Services,0.00
2021,Feb,Budget,Housing,Rent and mortgage interest,3698.40
2021,Feb,Budget,Other expenses,Other expenses,12.65
2021,Feb,Budget,Recreation,Bars & restaurants,379.59
2021,Feb,Budget,Recreation,Going out,0.00
2021,Feb,Budget,Recreation,Personal Care,0.00
2021,Feb,Budget,Recreation,Races,0.00
2021,Feb,Budget,Shopping,Books & literature,0.00
2021,Feb,Budget,Shopping,"Clothing, shoes & accessories",253.06
2021,Feb,Budget,Shopping,Electronics & Appliances,0.00
2021,Feb,Budget,Shopping,Furniture,0.00
2021,Feb,Budget,Shopping,Gifts,689.59
2021,Feb,Budget,Shopping,Household Articles,0.00
2021,Feb,Budget,Shopping,Sport and recreation equipment,0.00
2021,Feb,Budget,Transportation,Fuel,0.00
2021,Feb,Budget,Transportation,Leasing Costs,0.00
2021,Feb,Budget,Transportation,Parking Charges,0.00
2021,Feb,Budget,Transportation,Public Transport,411.22
2021,Feb,Budget,Transportation,Taxes and Fines,0.00
2021,Feb,Budget,Utilities & Bills,Broadband,43.01
2021,Feb,Budget,Utilities & Bills,Energy,120.20
2021,Feb,Budget,Utilities & Bills,Maintenance and repairs,0.00
2021,Feb,Budget,Utilities & Bills,Misc. Fees,0.00
2021,Feb,Budget,Utilities & Bills,Telephone & Mobile,25.31
2021,Feb,Budget,Utilities & Bills,TV & Multimedia,43.02
2021,Feb,Budget,Vacation & Travel,Vacation & Travel,1265.30
2021,Feb,Actuals,Groceries,Groceries,466.01
2021,Feb,Actuals,Housing,Rent and mortgage interest,3698.40
2021,Feb,Actuals,Recreation,Bars & restaurants,412.73
2021,Feb,Actuals,Shopping,Electronics & Appliances,4.64
2021,Feb,Actuals,Utilities & Bills,Broadband,3.15
2021,Feb,Actuals,Utilities & Bills,Energy,124.00
2021,Feb,Actuals,Utilities & Bills,Maintenance and repairs,12.63
2021,Feb,Actuals,Utilities & Bills,Postal Charges,45.30
2021,Feb,Actuals,Utilities & Bills,Telephone & Mobile,36.68
2021,Mar,Budget,Groceries,Groceries,259.98
2021,Mar,Budget,Health,Drugs and pharmaceuticals,0.00
2021,Mar,Budget,Health,Medical Services,0.00
2021,Mar,Budget,Housing,Rent and mortgage interest,3799.53
2021,Mar,Budget,Other expenses,Other expenses,13.00
2021,Mar,Budget,Recreation,Bars & restaurants,389.97
2021,Mar,Budget,Recreation,Going out,0.00
2021,Mar,Budget,Recreation,Personal Care,0.00
2021,Mar,Budget,Recreation,Races,0.00
2021,Mar,Budget,Shopping,Books & literature,0.00
2021,Mar,Budget,Shopping,"Clothing, shoes & accessories",259.98
2021,Mar,Budget,Shopping,Electronics & Appliances,0.00
2021,Mar,Budget,Shopping,Furniture,0.00
2021,Mar,Budget,Shopping,Gifts,708.45
2021,Mar,Budget,Shopping,Household Articles,0.00
2021,Mar,Budget,Shopping,Sport and recreation equipment,0.00
2021,Mar,Budget,Transportation,Fuel,0.00
2021,Mar,Budget,Transportation,Leasing Costs,0.00
2021,Mar,Budget,Transportation,Parking Charges,0.00
2021,Mar,Budget,Transportation,Public Transport,422.47
2021,Mar,Budget,Transportation,Taxes and Fines,0.00
2021,Mar,Budget,Utilities & Bills,Broadband,44.18
2021,Mar,Budget,Utilities & Bills,Energy,123.49
2021,Mar,Budget,Utilities & Bills,Maintenance and repairs,0.00
2021,Mar,Budget,Utilities & Bills,Misc. Fees,0.00
2021,Mar,Budget,Utilities & Bills,Telephone & Mobile,26.00
2021,Mar,Budget,Utilities & Bills,TV & Multimedia,44.20
2021,Mar,Budget,Vacation & Travel,Vacation & Travel,1299.90
2021,Mar,Actuals,Groceries,Groceries,517.54
2021,Mar,Actuals,Housing,Rent and mortgage interest,3799.53
2021,Mar,Actuals,Recreation,Bars & restaurants,141.08
2021,Mar,Actuals,Shopping,"Clothing, shoes & accessories",79.28
2021,Mar,Actuals,Utilities & Bills,Broadband,3.24
2021,Mar,Actuals,Utilities & Bills,Energy,127.39
2021,Mar,Actuals,Utilities & Bills,Maintenance and repairs,38.48
2021,Mar,Actuals,Utilities & Bills,Postal Charges,2.38
2021,Mar,Actuals,Utilities & Bills,Telephone & Mobile,29.88
2021,Apr,Budget,Groceries,Groceries,252.32
2021,Apr,Budget,Health,Drugs and pharmaceuticals,0.00
2021,Apr,Budget,Health,Medical Services,0.00
2021,Apr,Budget,Housing,Rent and mortgage interest,3602.18
2021,Apr,Budget,Other expenses,Other expenses,12.62
2021,Apr,Budget,Recreation,Bars & restaurants,378.48
2021,Apr,Budget,Recreation,Going out,0.00
2021,Apr,Budget,Recreation,Personal Care,0.00
2021,Apr,Budget,Recreation,Races,0.00
2021,Apr,Budget,Shopping,Books & literature,0.00
2021,Apr,Budget,Shopping,"Clothing, shoes & accessories",252.32
2021,Apr,Budget,Shopping,Electronics & Appliances,0.00
2021,Apr,Budget,Shopping,Furniture,0.00
2021,Apr,Budget,Shopping,Gifts,687.57
2021,Apr,Budget,Shopping,Household Articles,0.00
2021,Apr,Budget,Shopping,Sport and recreation equipment,0.00
2021,Apr,Budget,Transportation,Fuel,0.00
2021,Apr,Budget,Transportation,Leasing Costs,0.00
2021,Apr,Budget,Transportation,Parking Charges,0.00
2021,Apr,Budget,Transportation,Public Transport,410.02
2021,Apr,Budget,Transportation,Taxes and Fines,0.00
2021,Apr,Budget,Utilities & Bills,Broadband,42.88
2021,Apr,Budget,Utilities & Bills,Energy,119.85
2021,Apr,Budget,Utilities & Bills,Maintenance and repairs,0.00
2021,Apr,Budget,Utilities & Bills,Misc. Fees,0.00
2021,Apr,Budget,Utilities & Bills,Telephone & Mobile,25.23
2021,Apr,Budget,Utilities & Bills,TV & Multimedia,42.89
2021,Apr,Budget,Vacation & Travel,Vacation & Travel,1261.60
2021,Apr,Actuals,Groceries,Groceries,471.25
2021,Apr,Actuals,Housing,Rent and mortgage interest,3602.18
2021,Apr,Actuals,Recreation,Bars & restaurants,206.83
2021,Apr,Actuals,Shopping,"Clothing, shoes & accessories",-71.91
2021,Apr,Actuals,Shopping,Electronics & Appliances,-1095.89
2021,Apr,Actuals,Utilities & Bills,Broadband,3.14
2021,Apr,Actuals,Utilities & Bills,Energy,123.64
2021,Apr,Actuals,Utilities & Bills,Maintenance and repairs,122.51
2021,Apr,Actuals,Utilities & Bills,Postal Charges,31.49
2021,Apr,Actuals,Utilities & Bills,Telephone & Mobile,19.29
2021,May,Budget,Groceries,Groceries,255.54
2021,May,Budget,Health,Drugs and pharmaceuticals,0.00
2021,May,Budget,Health,Medical Services,0.00
2021,May,Budget,Housing,Rent and mortgage interest,3654.15
2021,May,Budget,Other expenses,Other expenses,12.78
2021,May,Budget,Recreation,Bars & restaurants,383.31
2021,May,Budget,Recreation,Going out,0.00
2021,May,Budget,Recreation,Personal Care,0.00
2021,May,Budget,Recreation,Races,0.00
2021,May,Budget,Shopping,Books & literature,0.00
2021,May,Budget,Shopping,"Clothing, shoes & accessories",255.54
2021,May,Budget,Shopping,Electronics & Appliances,0.00
2021,May,Budget,Shopping,Furniture,0.00
2021,May,Budget,Shopping,Gifts,696.35
2021,May,Budget,Shopping,Household Articles,0.00
2021,May,Budget,Shopping,Sport and recreation equipment,0.00
2021,May,Budget,Transportation,Fuel,0.00
2021,May,Budget,Transportation,Leasing Costs,0.00
2021,May,Budget,Transportation,Parking Charges,0.00
2021,May,Budget,Transportation,Public Transport,415.25
2021,May,Budget,Transportation,Taxes and Fines,0.00
2021,May,Budget,Utilities & Bills,Broadband,43.43
2021,May,Budget,Utilities & Bills,Energy,121.38
2021,May,Budget,Utilities & Bills,Maintenance and repairs,0.00
2021,May,Budget,Utilities & Bills,Misc. Fees,0.00
2021,May,Budget,Utilities & Bills,Telephone & Mobile,25.55
2021,May,Budget,Utilities & Bills,TV & Multimedia,43.44
2021,May,Budget,Vacation & Travel,Vacation & Travel,1277.70
2021,May,Actuals,Groceries,Groceries,419.60
2021,May,Actuals,Housing,Rent and mortgage interest,3654.15
2021,May,Actuals,Recreation,Bars & restaurants,313.71
2021,May,Actuals,Shopping,Furniture,636.29
2021,May,Actuals,Shopping,Household Articles,6.38
2021,May,Actuals,Utilities & Bills,Broadband,3.18
2021,May,Actuals,Utilities & Bills,Energy,125.21
2021,May,Actuals,Utilities & Bills,Postal Charges,4.15
2021,May,Actuals,Utilities & Bills,Telephone & Mobile,15.33
2021,Jun,Budget,Groceries,Groceries,255.78
2021,Jun,Budget,Health,Drugs and pharmaceuticals,0.00
2021,Jun,Budget,Health,Medical Services,0.00
2021,Jun,Budget,Housing,Rent and mortgage interest,3657.58
2021,Jun,Budget,Other expenses,Other expenses,12.79
2021,Jun,Budget,Recreation,Bars & restaurants,383.67
2021,Jun,Budget,Recreation,Going out,0.00
2021,Jun,Budget,Recreation,Personal Care,0.00
2021,Jun,Budget,Recreation,Races,0.00
2021,Jun,Budget,Shopping,Books & literature,0.00
2021,Jun,Budget,Shopping,"Clothing, shoes & accessories",255.78
2021,Jun,Budget,Shopping,Electronics & Appliances,0.00
2021,Jun,Budget,Shopping,Furniture,0.00
2021,Jun,Budget,Shopping,Gifts,697.00
2021,Jun,Budget,Shopping,Household Articles,0.00
2021,Jun,Budget,Shopping,Sport and recreation equipment,0.00
2021,Jun,Budget,Transportation,Fuel,0.00
2021,Jun,Budget,Transportation,Leasing Costs,0.00
2021,Jun,Budget,Transportation,Parking Charges,0.00
2021,Jun,Budget,Transportation,Public Transport,415.64
2021,Jun,Budget,Transportation,Taxes and Fines,0.00
2021,Jun,Budget,Utilities & Bills,Broadband,43.47
2021,Jun,Budget,Utilities & Bills,Energy,121.50
2021,Jun,Budget,Utilities & Bills,Maintenance and repairs,0.00
2021,Jun,Budget,Utilities & Bills,Misc. Fees,0.00
2021,Jun,Budget,Utilities & Bills,Telephone & Mobile,25.58
2021,Jun,Budget,Utilities & Bills,TV & Multimedia,43.48
2021,Jun,Budget,Vacation & Travel,Vacation & Travel,1278.90
2021,Jun,Actuals,Groceries,Groceries,477.69
2021,Jun,Actuals,Housing,Rent and mortgage interest,3657.58
2021,Jun,Actuals,Recreation,Bars & restaurants,341.66
2021,Jun,Actuals,Shopping,Books & literature,1.27
2021,Jun,Actuals,Shopping,"Clothing, shoes & accessories",74.19
2021,Jun,Actuals,Shopping,Gifts,28.26
2021,Jun,Actuals,Shopping,Household Articles,92.32
2021,Jun,Actuals,Utilities & Bills,Broadband,21.97
2021,Jun,Actuals,Utilities & Bills,Energy,283.79
2021,Jun,Actuals,Utilities & Bills,Maintenance and repairs,13.10
2021,Jun,Actuals,Utilities & Bills,Postal Charges,2.17
2021,Jun,Actuals,Utilities & Bills,Telephone & Mobile,15.35
2021,Jun,Actuals,Utilities & Bills,TV & Multimedia,12.78
2021,Jul,Budget,Groceries,Groceries,251.72
2021,Jul,Budget,Health,Drugs and pharmaceuticals,0.00
2021,Jul,Budget,Health,Medical Services,0.00
2021,Jul,Budget,Housing,Rent and mortgage interest,3599.52
2021,Jul,Budget,Other expenses,Other expenses,12.59
2021,Jul,Budget,Recreation,Bars & restaurants,377.58
2021,Jul,Budget,Recreation,Going out,0.00
2021,Jul,Budget,Recreation,Personal Care,0.00
2021,Jul,Budget,Recreation,Races,0.00
2021,Jul,Budget,Shopping,Books & literature,0.00
2021,Jul,Budget,Shopping,"Clothing, shoes & accessories",251.72
2021,Jul,Budget,Shopping,Electronics & Appliances,0.00
2021,Jul,Budget,Shopping,Furniture,0.00
2021,Jul,Budget,Shopping,Gifts,685.94
2021,Jul,Budget,Shopping,Household Articles,0.00
2021,Jul,Budget,Shopping,Sport and recreation equipment,0.00
2021,Jul,Budget,Transportation,Fuel,0.00
2021,Jul,Budget,Transportation,Leasing Costs,0.00
2021,Jul,Budget,Transportation,Parking Charges,0.00
2021,Jul,Budget,Transportation,Public Transport,409.05
2021,Jul,Budget,Transportation,Taxes and Fines,0.00
2021,Jul,Budget,Utilities & Bills,Broadband,42.78
2021,Jul,Budget,Utilities & Bills,Energy,119.57
2021,Jul,Budget,Utilities & Bills,Maintenance and repairs,0.00
2021,Jul,Budget,Utilities & Bills,Misc. Fees,0.00
2021,Jul,Budget,Utilities & Bills,Telephone & Mobile,25.17
2021,Jul,Budget,Utilities & Bills,TV & Multimedia,42.79
2021,Jul,Budget,Vacation & Travel,Vacation & Travel,1258.60
2021,Jul,Actuals,Groceries,Groceries,507.72
2021,Jul,Actuals,Housing,Rent and mortgage interest,3599.52
2021,Jul,Actuals,Recreation,Bars & restaurants,320.10
2021,Jul,Actuals,Shopping,"Clothing, shoes & accessories",262.44
2021,Jul,Actuals,Shopping,Furniture,1063.52
2021,Jul,Actuals,Shopping,Household Articles,230.65
2021,Jul,Actuals,Transportation,Parking Charges,5.16
2021,Jul,Actuals,Utilities & Bills,Broadband,37.44
2021,Jul,Actuals,Utilities & Bills,Energy,123.34
2021,Jul,Actuals,Utilities & Bills,Maintenance and repairs,36.12
2021,Jul,Actuals,Utilities & Bills,Misc. Fees,98.10
2021,Jul,Actuals,Utilities & Bills,Postal Charges,30.84
2021,Jul,Actuals,Utilities & Bills,Telephone & Mobile,15.10
2021,Jul,Actuals,Utilities & Bills,TV & Multimedia,12.57
2021,Aug,Budget,Groceries,Groceries,251.70
2021,Aug,Budget,Health,Drugs and pharmaceuticals,0.00
2021,Aug,Budget,Health,Medical Services,0.00
2021,Aug,Budget,Housing,Rent and mortgage interest,3599.23
2021,Aug,Budget,Other expenses,Other expenses,12.59
2021,Aug,Budget,Recreation,Bars & restaurants,377.55
2021,Aug,Budget,Recreation,Going out,0.00
2021,Aug,Budget,Recreation,Personal Care,0.00
2021,Aug,Budget,Recreation,Races,0.00
2021,Aug,Budget,Shopping,Books & literature,0.00
2021,Aug,Budget,Shopping,"Clothing, shoes & accessories",251.70
2021,Aug,Budget,Shopping,Electronics & Appliances,0.00
2021,Aug,Budget,Shopping,Furniture,0.00
2021,Aug,Budget,Shopping,Gifts,685.88
2021,Aug,Budget,Shopping,Household Articles,0.00
2021,Aug,Budget,Shopping,Sport and recreation equipment,0.00
2021,Aug,Budget,Transportation,Fuel,0.00
2021,Aug,Budget,Transportation,Leasing Costs,0.00
2021,Aug,Budget,Transportation,Parking Charges,0.00
2021,Aug,Budget,Transportation,Public Transport,409.01
2021,Aug,Budget,Transportation,Taxes and Fines,0.00
2021,Aug,Budget,Utilities & Bills,Broadband,42.78
2021,Aug,Budget,Utilities & Bills,Energy,119.56
2021,Aug,Budget,Utilities & Bills,Maintenance and repairs,0.00
2021,Aug,Budget,Utilities & Bills,Misc. Fees,0.00
2021,Aug,Budget,Utilities & Bills,Telephone & Mobile,25.17
2021,Aug,Budget,Utilities & Bills,TV & Multimedia,42.79
2021,Aug,Budget,Vacation & Travel,Vacation & Travel,1258.50
2021,Aug,Actuals,Groceries,Groceries,410.31
2021,Aug,Actuals,Health,Medical Services,1214.45
2021,Aug,Actuals,Housing,Rent and mortgage interest,3599.23
2021,Aug,Actuals,Recreation,Bars & restaurants,538.60
2021,Aug,Actuals,Recreation,Personal Care,44.05
2021,Aug,Actuals,Recreation,Races,50.28
2021,Aug,Actuals,Shopping,"Clothing, shoes & accessories",176.19
2021,Aug,Actuals,Shopping,Furniture,-125.85
2021,Aug,Actuals,Shopping,Household Articles,5.66
2021,Aug,Actuals,Transportation,Parking Charges,8.08
2021,Aug,Actuals,Transportation,Public Transport,210.67
2021,Aug,Actuals,Utilities & Bills,Broadband,37.19
2021,Aug,Actuals,Utilities & Bills,Energy,123.33
2021,Aug,Actuals,Utilities & Bills,Maintenance and repairs,22.75
2021,Aug,Actuals,Utilities & Bills,Telephone & Mobile,15.10
2021,Aug,Actuals,Utilities & Bills,TV & Multimedia,12.57
2021,Sep,Budget,Groceries,Groceries,250.98
2021,Sep,Budget,Health,Drugs and pharmaceuticals,0.00
2021,Sep,Budget,Health,Medical Services,0.00
2021,Sep,Budget,Housing,Rent and mortgage interest,3588.94
2021,Sep,Budget,Other expenses,Other expenses,12.55
2021,Sep,Budget,Recreation,Bars & restaurants,376.47
2021,Sep,Budget,Recreation,Going out,0.00
2021,Sep,Budget,Recreation,Personal Care,0.00
2021,Sep,Budget,Recreation,Races,0.00
2021,Sep,Budget,Shopping,Books & literature,0.00
2021,Sep,Budget,Shopping,"Clothing, shoes & accessories",250.98
2021,Sep,Budget,Shopping,Electronics & Appliances,0.00
2021,Sep,Budget,Shopping,Furniture,0.00
2021,Sep,Budget,Shopping,Gifts,683.92
2021,Sep,Budget,Shopping,Household Articles,0.00
2021,Sep,Budget,Shopping,Sport and recreation equipment,0.00
2021,Sep,Budget,Transportation,Fuel,0.00
2021,Sep,Budget,Transportation,Leasing Costs,0.00
2021,Sep,Budget,Transportation,Parking Charges,0.00
2021,Sep,Budget,Transportation,Public Transport,407.84
2021,Sep,Budget,Transportation,Taxes and Fines,0.00
2021,Sep,Budget,Utilities & Bills,Broadband,42.65
2021,Sep,Budget,Utilities & Bills,Energy,119.22
2021,Sep,Budget,Utilities & Bills,Maintenance and repairs,0.00
2021,Sep,Budget,Utilities & Bills,Misc. Fees,0.00
2021,Sep,Budget,Utilities & Bills,Telephone & Mobile,25.10
2021,Sep,Budget,Utilities & Bills,TV & Multimedia,42.67
2021,Sep,Budget,Vacation & Travel,Vacation & Travel,1254.90
2021,Sep,Actuals,Groceries,Groceries,275.27
2021,Sep,Actuals,Health,Medical Services,135.53
2021,Sep,Actuals,Housing,Rent and mortgage interest,3588.94
2021,Sep,Actuals,Recreation,Bars & restaurants,654.20
2021,Sep,Actuals,Recreation,Lunch - Work,15.05
2021,Sep,Actuals,Shopping,"Clothing, shoes & accessories",154.24
2021,Sep,Actuals,Shopping,Electronics & Appliances,493.65
2021,Sep,Actuals,Shopping,Gifts,29.80
2021,Sep,Actuals,Shopping,Household Articles,131.26
2021,Sep,Actuals,Transportation,Public Transport,102.78
2021,Sep,Actuals,Utilities & Bills,Broadband,3.12
2021,Sep,Actuals,Utilities & Bills,Energy,122.98
2021,Sep,Actuals,Utilities & Bills,Telephone & Mobile,15.06
2021,Sep,Actuals,Utilities & Bills,TV & Multimedia,12.54
2021,Oct,Budget,Groceries,Groceries,250.70
2021,Oct,Budget,Health,Drugs and pharmaceuticals,0.00
2021,Oct,Budget,Health,Medical Services,0.00
2021,Oct,Budget,Housing,Rent and mortgage interest,3584.93
2021,Oct,Budget,Other expenses,Other expenses,12.54
2021,Oct,Budget,Recreation,Bars & restaurants,376.05
2021,Oct,Budget,Recreation,Going out,0.00
2021,Oct,Budget,Recreation,Personal Care,0.00
2021,Oct,Budget,Recreation,Races,0.00
2021,Oct,Budget,Shopping,Books & literature,0.00
2021,Oct,Budget,Shopping,"Clothing, shoes & accessories",250.70
2021,Oct,Budget,Shopping,Electronics & Appliances,0.00
2021,Oct,Budget,Shopping,Furniture,0.00
2021,Oct,Budget,Shopping,Gifts,683.16
2021,Oct,Budget,Shopping,Household Articles,0.00
2021,Oct,Budget,Shopping,Sport and recreation equipment,0.00
2021,Oct,Budget,Transportation,Fuel,0.00
2021,Oct,Budget,Transportation,Leasing Costs,0.00
2021,Oct,Budget,Transportation,Parking Charges,0.00
2021,Oct,Budget,Transportation,Public Transport,407.39
2021,Oct,Budget,Transportation,Taxes and Fines,0.00
2021,Oct,Budget,Utilities & Bills,Broadband,42.61
2021,Oct,Budget,Utilities & Bills,Energy,119.08
2021,Oct,Budget,Utilities & Bills,Maintenance and repairs,0.00
2021,Oct,Budget,Utilities & Bills,Misc. Fees,0.00
2021,Oct,Budget,Utilities & Bills,Telephone & Mobile,25.07
2021,Oct,Budget,Utilities & Bills,TV & Multimedia,42.62
2021,Oct,Budget,Vacation & Travel,Vacation & Travel,1253.50
2021,Oct,Actuals,Groceries,Groceries,320.65
2021,Oct,Actuals,Health,Medical Services,-1043.86
2021,Oct,Actuals,Housing,Rent and mortgage interest,3827.36
2021,Oct,Actuals,Recreation,Bars & restaurants,206.06
2021,Oct,Actuals,Recreation,Lunch - Work,8.76
2021,Oct,Actuals,Recreation,Races,61.42
2021,Oct,Actuals,Shopping,"Clothing, shoes & accessories",85.30
2021,Oct,Actuals,Shopping,Gifts,459.61
2021,Oct,Actuals,Shopping,Household Articles,40.24
2021,Oct,Actuals,Transportation,Public Transport,57.01
2021,Oct,Actuals,Transportation,Taxes and Fines,75.21
2021,Oct,Actuals,Utilities & Bills,Banking services & charges,7.14
2021,Oct,Actuals,Utilities & Bills,Broadband,3.12
2021,Oct,Actuals,Utilities & Bills,Energy,122.84
2021,Oct,Actuals,Utilities & Bills,Telephone & Mobile,15.04
2021,Oct,Actuals,Utilities & Bills,TV & Multimedia,12.52
2021,Oct,Actuals,Vacation & Travel,Accomodation,389.80
2021,Oct,Actuals,Vacation & Travel,Eat & Drink,43.50
2021,Oct,Actuals,Vacation & Travel,Flights & Rail,835.22
2021,Oct,Actuals,Vacation & Travel,Local transport,18.93
2021,Oct,Actuals,Vacation & Travel,Miscellaneous,108.63
2021,Nov,Budget,Groceries,Groceries,244.26
2021,Nov,Budget,Health,Drugs and pharmaceuticals,0.00
2021,Nov,Budget,Health,Medical Services,0.00
2021,Nov,Budget,Housing,Rent and mortgage interest,3492.84
2021,Nov,Budget,Other expenses,Other expenses,12.21
2021,Nov,Budget,Recreation,Bars & restaurants,366.39
2021,Nov,Budget,Recreation,Going out,0.00
2021,Nov,Budget,Recreation,Personal Care,0.00
2021,Nov,Budget,Recreation,Races,0.00
2021,Nov,Budget,Shopping,Books & literature,0.00
2021,Nov,Budget,Shopping,"Clothing, shoes & accessories",244.26
2021,Nov,Budget,Shopping,Electronics & Appliances,0.00
2021,Nov,Budget,Shopping,Furniture,0.00
2021,Nov,Budget,Shopping,Gifts,665.61
2021,Nov,Budget,Shopping,Household Articles,0.00
2021,Nov,Budget,Shopping,Sport and recreation equipment,0.00
2021,Nov,Budget,Transportation,Fuel,0.00
2021,Nov,Budget,Transportation,Leasing Costs,0.00
2021,Nov,Budget,Transportation,Parking Charges,0.00
2021,Nov,Budget,Transportation,Public Transport,396.92
2021,Nov,Budget,Transportation,Taxes and Fines,0.00
2021,Nov,Budget,Utilities & Bills,Broadband,41.51
2021,Nov,Budget,Utilities & Bills,Energy,116.02
2021,Nov,Budget,Utilities & Bills,Maintenance and repairs,0.00
2021,Nov,Budget,Utilities & Bills,Misc. Fees,0.00
2021,Nov,Budget,Utilities & Bills,Telephone & Mobile,24.43
2021,Nov,Budget,Utilities & Bills,TV & Multimedia,41.52
2021,Nov,Budget,Vacation & Travel,Vacation & Travel,1221.30
2021,Nov,Actuals,Groceries,Groceries,287.57
2021,Nov,Actuals,Housing,Rent and mortgage interest,3492.84
2021,Nov,Actuals,Recreation,Bars & restaurants,341.68
2021,Nov,Actuals,Recreation,Lunch - Work,9.28
2021,Nov,Actuals,Shopping,Gifts,67.13
2021,Nov,Actuals,Transportation,Parking Charges,6.23
2021,Nov,Actuals,Utilities & Bills,Broadband,3.13
2021,Nov,Actuals,Utilities & Bills,Energy,119.69
2021,Nov,Actuals,Utilities & Bills,Misc. Fees,73.28
2021,Nov,Actuals,Utilities & Bills,Telephone & Mobile,26.87
2021,Nov,Actuals,Utilities & Bills,TV & Multimedia,12.20
2021,Dec,Budget,Groceries,Groceries,246.82
2021,Dec,Budget,Health,Drugs and pharmaceuticals,0.00
2021,Dec,Budget,Health,Medical Services,0.00
2021,Dec,Budget,Housing,Rent and mortgage interest,3529.45
2021,Dec,Budget,Other expenses,Other expenses,12.34
2021,Dec,Budget,Recreation,Bars & restaurants,370.23
2021,Dec,Budget,Recreation,Going out,0.00
2021,Dec,Budget,Recreation,Personal Care,0.00
2021,Dec,Budget,Recreation,Races,0.00
2021,Dec,Budget,Shopping,Books & literature,0.00
2021,Dec,Budget,Shopping,"Clothing, shoes & accessories",246.82
2021,Dec,Budget,Shopping,Electronics & Appliances,0.00
2021,Dec,Budget,Shopping,Furniture,0.00
2021,Dec,Budget,Shopping,Gifts,672.58
2021,Dec,Budget,Shopping,Household Articles,0.00
2021,Dec,Budget,Shopping,Sport and recreation equipment,0.00
2021,Dec,Budget,Transportation,Fuel,0.00
2021,Dec,Budget,Transportation,Leasing Costs,0.00
2021,Dec,Budget,Transportation,Parking Charges,0.00
2021,Dec,Budget,Transportation,Public Transport,401.08
2021,Dec,Budget,Transportation,Taxes and Fines,0.00
2021,Dec,Budget,Utilities & Bills,Broadband,41.95
2021,Dec,Budget,Utilities & Bills,Energy,117.24
2021,Dec,Budget,Utilities & Bills,Maintenance and repairs,0.00
2021,Dec,Budget,Utilities & Bills,Misc. Fees,0.00
2021,Dec,Budget,Utilities & Bills,Telephone & Mobile,24.68
2021,Dec,Budget,Utilities & Bills,TV & Multimedia,41.96
2021,Dec,Budget,Vacation & Travel,Vacation & Travel,1234.10
2021,Dec,Actuals,Groceries,Groceries,328.96
2021,Dec,Actuals,Housing,Rent and mortgage interest,3529.45
2021,Dec,Actuals,Recreation,Bars & restaurants,263.12
2021,Dec,Actuals,Recreation,Races,116.24
2021,Dec,Actuals,Shopping,"Clothing, shoes & accessories",273.72
2021,Dec,Actuals,Shopping,Electronics & Appliances,240.65
2021,Dec,Actuals,Shopping,Furniture,1153.88
2021,Dec,Actuals,Shopping,Gifts,560.94
2021,Dec,Actuals,Shopping,Household Articles,-5.60
2021,Dec,Actuals,Transportation,Parking Charges,4.87
2021,Dec,Actuals,Transportation,Public Transport,13.08
2021,Dec,Actuals,Utilities & Bills,Broadband,30.57
2021,Dec,Actuals,Utilities & Bills,Energy,261.39
2021,Dec,Actuals,Utilities & Bills,Maintenance and repairs,8.02
2021,Dec,Actuals,Utilities & Bills,Misc. Fees,24.68
2021,Dec,Actuals,Utilities & Bills,Moving,189.38
2021,Dec,Actuals,Utilities & Bills,Postal Charges,8.33
2021,Dec,Actuals,Utilities & Bills,Telephone & Mobile,22.21
2021,Dec,Actuals,Utilities & Bills,TV & Multimedia,12.33
2021,Dec,Actuals,Vacation & Travel,Eat & Drink,111.07
2021,Dec,Actuals,Vacation & Travel,Flights & Rail,449.44
2021,Dec,Actuals,Vacation & Travel,Local transport,9.10
2021,Dec,Actuals,Vacation & Travel,Miscellaneous,74.05
2022,Jan,Budget,Groceries,Groceries,685.41
2022,Jan,Budget,Health,Drugs and pharmaceuticals,6.23
2022,Jan,Budget,Health,Health Insurance,6650.00
2022,Jan,Budget,Health,Medical Services,74.77
2022,Jan,Budget,Housing,Rent and mortgage interest,3564.13
2022,Jan,Budget,Other expenses,Other expenses,12.46
2022,Jan,Budget,Recreation,Bars & restaurants,317.78
2022,Jan,Budget,Recreation,Going out,12.46
2022,Jan,Budget,Recreation,Personal Care,12.46
2022,Jan,Budget,Recreation,Races,56.08
2022,Jan,Budget,Shopping,Books & literature,12.46
2022,Jan,Budget,Shopping,"Clothing, shoes & accessories",218.09
2022,Jan,Budget,Shopping,Electronics & Appliances,62.31
2022,Jan,Budget,Shopping,Furniture,62.31
2022,Jan,Budget,Shopping,Gifts,186.93
2022,Jan,Budget,Shopping,Household Articles,31.16
2022,Jan,Budget,Shopping,Sport and recreation equipment,31.16
2022,Jan,Budget,Transportation,Car Insurance,0.00
2022,Jan,Budget,Transportation,Fuel,49.85
2022,Jan,Budget,Transportation,Leasing Costs,0.00
2022,Jan,Budget,Transportation,Parking Charges,0.00
2022,Jan,Budget,Transportation,Public Transport,405.02
2022,Jan,Budget,Transportation,Service & Maintenance,0.00
2022,Jan,Budget,Transportation,Taxes and Fines,0.00
2022,Jan,Budget,Transportation,Vehicle purchase costs,2500.00
2022,Jan,Budget,Utilities & Bills,Banking services & charges,0.00
2022,Jan,Budget,Utilities & Bills,Broadband,103.30
2022,Jan,Budget,Utilities & Bills,Energy,118.39
2022,Jan,Budget,Utilities & Bills,Maintenance and repairs,12.46
2022,Jan,Budget,Utilities & Bills,Misc. Fees,12.46
2022,Jan,Budget,Utilities & Bills,Moving,62.31
2022,Jan,Budget,Utilities & Bills,Postal Charges,6.23
2022,Jan,Budget,Utilities & Bills,Telephone & Mobile,24.92
2022,Jan,Budget,Utilities & Bills,TV & Multimedia,377.37
2022,Jan,Budget,Vacation & Travel,Vacation & Travel,1246.20
2022,Jan,Actuals,Groceries,Groceries,426.35
2022,Jan,Actuals,Health,Drugs and pharmaceuticals,1.25
2022,Jan,Actuals,Housing,Rent and mortgage interest,3564.06
2022,Jan,Actuals,Recreation,Bars & restaurants,242.11
2022,Jan,Actuals,Recreation,Lunch - Work,6.85
2022,Jan,Actuals,Shopping,"Clothing, shoes & accessories",69.23
2022,Jan,Actuals,Shopping,Electronics & Appliances,-11.78
2022,Jan,Actuals,Shopping,Gifts,68.34
2022,Jan,Actuals,Shopping,Household Articles,111.68
2022,Jan,Actuals,Transportation,Parking Charges,0.62
2022,Jan,Actuals,Transportation,Public Transport,51.59
2022,Jan,Actuals,Utilities & Bills,Broadband,30.87
2022,Jan,Actuals,Utilities & Bills,Energy,122.13
2022,Jan,Actuals,Utilities & Bills,Misc. Fees,119.86
2022,Jan,Actuals,Utilities & Bills,Moving,73.04
2022,Jan,Actuals,Utilities & Bills,Telephone & Mobile,21.19
2022,Jan,Actuals,Utilities & Bills,TV & Multimedia,12.45
2022,Feb,Budget,Groceries,Groceries,676.50
2022,Feb,Budget,Health,Drugs and pharmaceuticals,6.15
2022,Feb,Budget,Health,Medical Services,73.80
2022,Feb,Budget,Housing,Rent and mortgage interest,3517.80
2022,Feb,Budget,Other expenses,Other expenses,12.30
2022,Feb,Budget,Recreation,Bars & restaurants,313.65
2022,Feb,Budget,Recreation,Going out,12.30
2022,Feb,Budget,Recreation,Personal Care,12.30
2022,Feb,Budget,Recreation,Races,55.35
2022,Feb,Budget,Shopping,Books & literature,12.30
2022,Feb,Budget,Shopping,"Clothing, shoes & accessories",215.25
2022,Feb,Budget,Shopping,Electronics & Appliances,61.50
2022,Feb,Budget,Shopping,Furniture,61.50
2022,Feb,Budget,Shopping,Gifts,184.50
2022,Feb,Budget,Shopping,Household Articles,30.75
2022,Feb,Budget,Shopping,Sport and recreation equipment,30.75
2022,Feb,Budget,Transportation,Fuel,49.20
2022,Feb,Budget,Transportation,Leasing Costs,0.00
2022,Feb,Budget,Transportation,Parking Charges,0.00
2022,Feb,Budget,Transportation,Public Transport,399.75
2022,Feb,Budget,Transportation,Taxes and Fines,0.00
2022,Feb,Budget,Utilities & Bills,Banking services & charges,0.00
2022,Feb,Budget,Utilities & Bills,Broadband,101.95
2022,Feb,Budget,Utilities & Bills,Energy,116.85
2022,Feb,Budget,Utilities & Bills,Maintenance and repairs,12.30
2022,Feb,Budget,Utilities & Bills,Misc. Fees,12.30
2022,Feb,Budget,Utilities & Bills,Moving,61.50
2022,Feb,Budget,Utilities & Bills,Postal Charges,6.15
2022,Feb,Budget,Utilities & Bills,Telephone & Mobile,24.60
2022,Feb,Budget,Utilities & Bills,TV & Multimedia,41.82
2022,Feb,Budget,Vacation & Travel,Vacation & Travel,1230.00
2022,Feb,Actuals,Groceries,Groceries,344.94
2022,Feb,Actuals,Health,Medical Services,-156.64
2022,Feb,Actuals,Housing,Rent and mortgage interest,5939.50
2022,Feb,Actuals,Recreation,Bars & restaurants,744.99
2022,Feb,Actuals,Recreation,Lunch - Work,21.00
2022,Feb,Actuals,Shopping,"Clothing, shoes & accessories",180.48
2022,Feb,Actuals,Shopping,Electronics & Appliances,-162.94
2022,Feb,Actuals,Shopping,Gifts,181.83
2022,Feb,Actuals,Shopping,Household Articles,294.20
2022,Feb,Actuals,Transportation,Parking Charges,12.67
2022,Feb,Actuals,Transportation,Public Transport,409.13
2022,Feb,Actuals,Utilities & Bills,Broadband,30.47
2022,Feb,Actuals,Utilities & Bills,Energy,120.54
2022,Feb,Actuals,Utilities & Bills,Moving,279.94
2022,Feb,Actuals,Utilities & Bills,Telephone & Mobile,1.43
2022,Feb,Actuals,Utilities & Bills,TV & Multimedia,12.29
2022,Feb,Actuals,Vacation & Travel,Eat & Drink,15.33
2022,Feb,Actuals,Vacation & Travel,Flights & Rail,729.44
2022,Feb,Actuals,Vacation & Travel,Miscellaneous,106.10
2022,Mar,Budget,Groceries,Groceries,550.00
2022,Mar,Budget,Health,Drugs and pharmaceuticals,5.00
2022,Mar,Budget,Health,Medical Services,60.00
2022,Mar,Budget,Housing,Rent and mortgage interest,2136.00
2022,Mar,Budget,Other expenses,Other expenses,10.00
2022,Mar,Budget,Recreation,Bars & restaurants,255.00
2022,Mar,Budget,Recreation,Going out,10.00
2022,Mar,Budget,Recreation,Personal Care,10.00
2022,Mar,Budget,Recreation,Races,45.00
2022,Mar,Budget,Shopping,Books & literature,10.00
2022,Mar,Budget,Shopping,"Clothing, shoes & accessories",175.00
2022,Mar,Budget,Shopping,Electronics & Appliances,50.00
2022,Mar,Budget,Shopping,Furniture,50.00
2022,Mar,Budget,Shopping,Gifts,150.00
2022,Mar,Budget,Shopping,Household Articles,25.00
2022,Mar,Budget,Shopping,Sport and recreation equipment,25.00
2022,Mar,Budget,Transportation,Fuel,40.00
2022,Mar,Budget,Transportation,Leasing Costs,0.00
2022,Mar,Budget,Transportation,Parking Charges,0.00
2022,Mar,Budget,Transportation,Public Transport,325.00
2022,Mar,Budget,Transportation,Taxes and Fines,0.00
2022,Mar,Budget,Utilities & Bills,Banking services & charges,0.00
2022,Mar,Budget,Utilities & Bills,Broadband,82.89
2022,Mar,Budget,Utilities & Bills,Energy,95.00
2022,Mar,Budget,Utilities & Bills,Maintenance and repairs,10.00
2022,Mar,Budget,Utilities & Bills,Misc. Fees,10.00
2022,Mar,Budget,Utilities & Bills,Moving,50.00
2022,Mar,Budget,Utilities & Bills,Postal Charges,5.00
2022,Mar,Budget,Utilities & Bills,Telephone & Mobile,20.00
2022,Mar,Budget,Utilities & Bills,TV & Multimedia,34.00
2022,Mar,Budget,Vacation & Travel,Vacation & Travel,1000.00
2022,Mar,Actuals,Groceries,Groceries,497.40
2022,Mar,Actuals,Health,Medical Services,-114.51
2022,Mar,Actuals,Housing,Rent and mortgage interest,2136.00
2022,Mar,Actuals,Recreation,Bars & restaurants,446.47
2022,Mar,Actuals,Recreation,Lunch - Work,44.59
2022,Mar,Actuals,Shopping,"Clothing, shoes & accessories",380.53
2022,Mar,Actuals,Shopping,Household Articles,19.21
2022,Mar,Actuals,Transportation,Public Transport,329.87
2022,Mar,Actuals,Utilities & Bills,Broadband,34.21
2022,Mar,Actuals,Utilities & Bills,Moving,447.49
2022,Mar,Actuals,Utilities & Bills,Telephone & Mobile,12.72
2022,Mar,Actuals,Utilities & Bills,TV & Multimedia,12.10
2022,Mar,Actuals,Vacation & Travel,Eat & Drink,25.09
2022,Mar,Actuals,Vacation & Travel,Flights & Rail,273.31
2022,Mar,Actuals,Vacation & Travel,Local transport,363.85
2022,Apr,Budget,Groceries,Groceries,550.00
2022,Apr,Budget,Health,Drugs and pharmaceuticals,5.00
2022,Apr,Budget,Health,Medical Services,60.00
2022,Apr,Budget,Housing,Rent and mortgage interest,2136.00
2022,Apr,Budget,Other expenses,Other expenses,10.00
2022,Apr,Budget,Recreation,Bars & restaurants,255.00
2022,Apr,Budget,Recreation,Going out,10.00
2022,Apr,Budget,Recreation,Personal Care,10.00
2022,Apr,Budget,Recreation,Races,45.00
2022,Apr,Budget,Shopping,Books & literature,10.00
2022,Apr,Budget,Shopping,"Clothing, shoes & accessories",175.00
2022,Apr,Budget,Shopping,Electronics & Appliances,50.00
2022,Apr,Budget,Shopping,Furniture,50.00
2022,Apr,Budget,Shopping,Gifts,150.00
2022,Apr,Budget,Shopping,Household Articles,25.00
2022,Apr,Budget,Shopping,Sport and recreation equipment,25.00
2022,Apr,Budget,Transportation,Fuel,40.00
2022,Apr,Budget,Transportation,Leasing Costs,0.00
2022,Apr,Budget,Transportation,Parking Charges,0.00
2022,Apr,Budget,Transportation,Public Transport,325.00
2022,Apr,Budget,Transportation,Taxes and Fines,0.00
2022,Apr,Budget,Utilities & Bills,Banking services & charges,0.00
2022,Apr,Budget,Utilities & Bills,Broadband,82.89
2022,Apr,Budget,Utilities & Bills,Energy,95.00
2022,Apr,Budget,Utilities & Bills,Maintenance and repairs,10.00
2022,Apr,Budget,Utilities & Bills,Misc. Fees,10.00
2022,Apr,Budget,Utilities & Bills,Moving,50.00
2022,Apr,Budget,Utilities & Bills,Postal Charges,5.00
2022,Apr,Budget,Utilities & Bills,Telephone & Mobile,20.00
2022,Apr,Budget,Utilities & Bills,TV & Multimedia,34.00
2022,Apr,Budget,Vacation & Travel,Vacation & Travel,1000.00
2022,Apr,Actuals,Groceries,Groceries,615.24
2022,Apr,Actuals,Health,Drugs and pharmaceuticals,23.40
2022,Apr,Actuals,Housing,Rent and mortgage interest,2136.00
2022,Apr,Actuals,Recreation,Bars & restaurants,738.09
2022,Apr,Actuals,Recreation,Going out,40.00
2022,Apr,Actuals,Recreation,Lunch - Work,36.60
2022,Apr,Actuals,Shopping,"Clothing, shoes & accessories",83.86
2022,Apr,Actuals,Shopping,Electronics & Appliances,87.00
2022,Apr,Actuals,Shopping,Gifts,25.30
2022,Apr,Actuals,Shopping,Household Articles,45.90
2022,Apr,Actuals,Transportation,Public Transport,533.36
2022,Apr,Actuals,Utilities & Bills,Broadband,33.26
2022,Apr,Actuals,Utilities & Bills,Moving,87.97
2022,Apr,Actuals,Utilities & Bills,Telephone & Mobile,25.09
2022,Apr,Actuals,Utilities & Bills,TV & Multimedia,12.22
2022,May,Budget,Groceries,Groceries,550.00
2022,May,Budget,Health,Drugs and pharmaceuticals,5.00
2022,May,Budget,Health,Medical Services,60.00
2022,May,Budget,Housing,Rent and mortgage interest,2136.00
2022,May,Budget,Other expenses,Other expenses,10.00
2022,May,Budget,Recreation,Bars & restaurants,255.00
2022,May,Budget,Recreation,Going out,10.00
2022,May,Budget,Recreation,Personal Care,10.00
2022,May,Budget,Recreation,Races,45.00
2022,May,Budget,Shopping,Books & literature,10.00
2022,May,Budget,Shopping,"Clothing, shoes & accessories",175.00
2022,May,Budget,Shopping,Electronics & Appliances,50.00
2022,May,Budget,Shopping,Furniture,50.00
2022,May,Budget,Shopping,Gifts,150.00
2022,May,Budget,Shopping,Household Articles,25.00
2022,May,Budget,Shopping,Sport and recreation equipment,25.00
2022,May,Budget,Transportation,Fuel,40.00
2022,May,Budget,Transportation,Leasing Costs,0.00
2022,May,Budget,Transportation,Parking Charges,0.00
2022,May,Budget,Transportation,Public Transport,325.00
2022,May,Budget,Transportation,Taxes and Fines,0.00
2022,May,Budget,Utilities & Bills,Banking services & charges,0.00
2022,May,Budget,Utilities & Bills,Broadband,82.89
2022,May,Budget,Utilities & Bills,Energy,95.00
2022,May,Budget,Utilities & Bills,Maintenance and repairs,10.00
2022,May,Budget,Utilities & Bills,Misc. Fees,10.00
2022,May,Budget,Utilities & Bills,Moving,50.00
2022,May,Budget,Utilities & Bills,Postal Charges,5.00
2022,May,Budget,Utilities & Bills,Telephone & Mobile,20.00
2022,May,Budget,Utilities & Bills,TV & Multimedia,34.00
2022,May,Budget,Vacation & Travel,Vacation & Travel,1000.00
2022,May,Actuals,Groceries,Groceries,328.83
2022,May,Actuals,Housing,Rent and mortgage interest,2136.00
2022,May,Actuals,Other expenses,Cash Withdrawls,145.03
2022,May,Actuals,Recreation,Bars & restaurants,268.67
2022,May,Actuals,Recreation,Lunch - Work,85.32
2022,May,Actuals,Shopping,"Clothing, shoes & accessories",1135.87
2022,May,Actuals,Shopping,Electronics & Appliances,-1.00
2022,May,Actuals,Shopping,Gifts,94.12
2022,May,Actuals,Transportation,Public Transport,263.06
2022,May,Actuals,Utilities & Bills,Broadband,91.44
2022,May,Actuals,Utilities & Bills,Misc. Fees,194.26
2022,May,Actuals,Utilities & Bills,Postal Charges,14.32
2022,May,Actuals,Utilities & Bills,Telephone & Mobile,11.48
2022,May,Actuals,Utilities & Bills,TV & Multimedia,13.28
2022,May,Actuals,Vacation & Travel,Accomodation,547.27
2022,May,Actuals,Vacation & Travel,Admission & Tickets,57.35
2022,May,Actuals,Vacation & Travel,Eat & Drink,1017.41
2022,May,Actuals,Vacation & Travel,Flights & Rail,1532.26
2022,May,Actuals,Vacation & Travel,Local transport,426.34
2022,May,Actuals,Vacation & Travel,Miscellaneous,157.99
2022,Jun,Budget,Groceries,Groceries,550.00
2022,Jun,Budget,Health,Drugs and pharmaceuticals,5.00
2022,Jun,Budget,Health,Medical Services,60.00
2022,Jun,Budget,Housing,Rent and mortgage interest,2136.00
2022,Jun,Budget,Other expenses,Other expenses,10.00
2022,Jun,Budget,Recreation,Bars & restaurants,255.00
2022,Jun,Budget,Recreation,Going out,10.00
2022,Jun,Budget,Recreation,Personal Care,10.00
2022,Jun,Budget,Recreation,Races,45.00
2022,Jun,Budget,Shopping,Books & literature,10.00
2022,Jun,Budget,Shopping,"Clothing, shoes & accessories",175.00
2022,Jun,Budget,Shopping,Electronics & Appliances,50.00
2022,Jun,Budget,Shopping,Furniture,50.00
2022,Jun,Budget,Shopping,Gifts,150.00
2022,Jun,Budget,Shopping,Household Articles,25.00
2022,Jun,Budget,Shopping,Sport and recreation equipment,25.00
2022,Jun,Budget,Transportation,Fuel,40.00
2022,Jun,Budget,Transportation,Leasing Costs,0.00
2022,Jun,Budget,Transportation,Parking Charges,0.00
2022,Jun,Budget,Transportation,Public Transport,325.00
2022,Jun,Budget,Transportation,Taxes and Fines,0.00
2022,Jun,Budget,Utilities & Bills,Banking services & charges,0.00
2022,Jun,Budget,Utilities & Bills,Broadband,82.89
2022,Jun,Budget,Utilities & Bills,Energy,95.00
2022,Jun,Budget,Utilities & Bills,Maintenance and repairs,10.00
2022,Jun,Budget,Utilities & Bills,Misc. Fees,10.00
2022,Jun,Budget,Utilities & Bills,Moving,50.00
2022,Jun,Budget,Utilities & Bills,Postal Charges,5.00
2022,Jun,Budget,Utilities & Bills,Telephone & Mobile,20.00
2022,Jun,Budget,Utilities & Bills,TV & Multimedia,34.00
2022,Jun,Budget,Vacation & Travel,Vacation & Travel,1000.00
2022,Jun,Actuals,Groceries,Groceries,524.32
2022,Jun,Actuals,Health,Drugs and pharmaceuticals,2.70
2022,Jun,Actuals,Health,Health Insurance,908.65
2022,Jun,Actuals,Housing,Rent and mortgage interest,2136.00
2022,Jun,Actuals,Recreation,Bars & restaurants,15.74
2022,Jun,Actuals,Recreation,Lunch - Work,40.90
2022,Jun,Actuals,Shopping,Books & literature,9.90
2022,Jun,Actuals,Shopping,Gifts,10.00
2022,Jun,Actuals,Transportation,Public Transport,302.34
2022,Jun,Actuals,Utilities & Bills,Broadband,49.00
2022,Jun,Actuals,Utilities & Bills,Moving,-157.01
2022,Jun,Actuals,Utilities & Bills,Telephone & Mobile,21.51
2022,Jun,Actuals,Utilities & Bills,TV & Multimedia,12.78
2022,Jun,Actuals,Vacation & Travel,Accomodation,164.39
2022,Jun,Actuals,Vacation & Travel,Eat & Drink,886.88
2022,Jun,Actuals,Vacation & Travel,Local transport,897.64
2022,Jul,Budget,Groceries,Groceries,550.00
2022,Jul,Budget,Health,Drugs and pharmaceuticals,5.00
2022,Jul,Budget,Health,Medical Services,60.00
2022,Jul,Budget,Housing,Rent and mortgage interest,2136.00
2022,Jul,Budget,Other expenses,Other expenses,10.00
2022,Jul,Budget,Recreation,Bars & restaurants,255.00
2022,Jul,Budget,Recreation,Going out,10.00
2022,Jul,Budget,Recreation,Personal Care,10.00
2022,Jul,Budget,Recreation,Races,45.00
2022,Jul,Budget,Shopping,Books & literature,10.00
2022,Jul,Budget,Shopping,"Clothing, shoes & accessories",175.00
2022,Jul,Budget,Shopping,Electronics & Appliances,50.00
2022,Jul,Budget,Shopping,Furniture,50.00
2022,Jul,Budget,Shopping,Gifts,150.00
2022,Jul,Budget,Shopping,Household Articles,25.00
2022,Jul,Budget,Shopping,Sport and recreation equipment,25.00
2022,Jul,Budget,Transportation,Fuel,40.00
2022,Jul,Budget,Transportation,Leasing Costs,0.00
2022,Jul,Budget,Transportation,Parking Charges,0.00
2022,Jul,Budget,Transportation,Public Transport,325.00
2022,Jul,Budget,Transportation,Taxes and Fines,0.00
2022,Jul,Budget,Utilities & Bills,Banking services & charges,0.00
2022,Jul,Budget,Utilities & Bills,Broadband,82.89
2022,Jul,Budget,Utilities & Bills,Energy,95.00
2022,Jul,Budget,Utilities & Bills,Maintenance and repairs,10.00
2022,Jul,Budget,Utilities & Bills,Misc. Fees,10.00
2022,Jul,Budget,Utilities & Bills,Moving,50.00
2022,Jul,Budget,Utilities & Bills,Postal Charges,5.00
2022,Jul,Budget,Utilities & Bills,Telephone & Mobile,20.00
2022,Jul,Budget,Utilities & Bills,TV & Multimedia,34.00
2022,Jul,Budget,Vacation & Travel,Vacation & Travel,1000.00
2022,Jul,Actuals,Groceries,Groceries,484.92
2022,Jul,Actuals,Health,Health Insurance,217.45
2022,Jul,Actuals,Housing,Rent and mortgage interest,2136.00
2022,Jul,Actuals,Other expenses,Cash Withdrawls,246.78
2022,Jul,Actuals,Recreation,Bars & restaurants,453.96
2022,Jul,Actuals,Recreation,Lunch - Work,99.97
2022,Jul,Actuals,Shopping,"Clothing, shoes & accessories",178.26
2022,Jul,Actuals,Shopping,Gifts,30.00
2022,Jul,Actuals,Shopping,Household Articles,182.89
2022,Jul,Actuals,Transportation,Parking Charges,20.55
2022,Jul,Actuals,Transportation,Public Transport,975.68
2022,Jul,Actuals,Transportation,Vehicle purchase costs,3537.46
2022,Jul,Actuals,Utilities & Bills,Banking services & charges,2.00
2022,Jul,Actuals,Utilities & Bills,Broadband,89.87
2022,Jul,Actuals,Utilities & Bills,Misc. Fees,18.00
2022,Jul,Actuals,Utilities & Bills,Moving,464.73
2022,Jul,Actuals,Utilities & Bills,Telephone & Mobile,16.78
2022,Jul,Actuals,Utilities & Bills,TV & Multimedia,24.28
2022,Aug,Budget,Groceries,Groceries,550.00
2022,Aug,Budget,Health,Drugs and pharmaceuticals,5.00
2022,Aug,Budget,Health,Medical Services,60.00
2022,Aug,Budget,Housing,Rent and mortgage interest,2136.00
2022,Aug,Budget,Other expenses,Other expenses,10.00
2022,Aug,Budget,Recreation,Bars & restaurants,255.00
2022,Aug,Budget,Recreation,Going out,10.00
2022,Aug,Budget,Recreation,Personal Care,10.00
2022,Aug,Budget,Recreation,Races,45.00
2022,Aug,Budget,Shopping,Books & literature,10.00
2022,Aug,Budget,Shopping,"Clothing, shoes & accessories",175.00
2022,Aug,Budget,Shopping,Electronics & Appliances,50.00
2022,Aug,Budget,Shopping,Furniture,50.00
2022,Aug,Budget,Shopping,Gifts,150.00
2022,Aug,Budget,Shopping,Household Articles,25.00
2022,Aug,Budget,Shopping,Sport and recreation equipment,25.00
2022,Aug,Budget,Transportation,Fuel,40.00
2022,Aug,Budget,Transportation,Leasing Costs,0.00
2022,Aug,Budget,Transportation,Parking Charges,0.00
2022,Aug,Budget,Transportation,Public Transport,325.00
2022,Aug,Budget,Transportation,Taxes and Fines,0.00
2022,Aug,Budget,Utilities & Bills,Banking services & charges,0.00
2022,Aug,Budget,Utilities & Bills,Broadband,82.89
2022,Aug,Budget,Utilities & Bills,Energy,95.00
2022,Aug,Budget,Utilities & Bills,Maintenance and repairs,10.00
2022,Aug,Budget,Utilities & Bills,Misc. Fees,10.00
2022,Aug,Budget,Utilities & Bills,Moving,50.00
2022,Aug,Budget,Utilities & Bills,Postal Charges,5.00
2022,Aug,Budget,Utilities & Bills,Telephone & Mobile,20.00
2022,Aug,Budget,Utilities & Bills,TV & Multimedia,34.00
2022,Aug,Budget,Vacation & Travel,Vacation & Travel,1000.00
2022,Aug,Actuals,Groceries,Groceries,438.04
2022,Aug,Actuals,Health,Medical Services,121.23
2022,Aug,Actuals,Housing,Rent and mortgage interest,2136.00
2022,Aug,Actuals,Recreation,Bars & restaurants,440.17
2022,Aug,Actuals,Recreation,Lunch - Work,21.00
2022,Aug,Actuals,Shopping,"Clothing, shoes & accessories",297.40
2022,Aug,Actuals,Shopping,Gifts,28.35
2022,Aug,Actuals,Shopping,Sport and recreation equipment,287.00
2022,Aug,Actuals,Transportation,Parking Charges,6.49
2022,Aug,Actuals,Transportation,Public Transport,298.10
2022,Aug,Actuals,Transportation,Taxes and Fines,74.25
2022,Aug,Actuals,Utilities & Bills,Banking services & charges,0.30
2022,Aug,Actuals,Utilities & Bills,Broadband,89.29
2022,Aug,Actuals,Utilities & Bills,Energy,83.00
2022,Aug,Actuals,Utilities & Bills,Moving,2958.23
2022,Aug,Actuals,Utilities & Bills,Postal Charges,1.80
2022,Aug,Actuals,Utilities & Bills,Telephone & Mobile,16.47
2022,Aug,Actuals,Utilities & Bills,TV & Multimedia,23.83
2022,Aug,Actuals,Vacation & Travel,Flights & Rail,1548.53
2022,Aug,Actuals,Vacation & Travel,Local transport,119.70
2022,Sep,Budget,Groceries,Groceries,550.00
2022,Sep,Budget,Health,Drugs and pharmaceuticals,5.00
2022,Sep,Budget,Health,Medical Services,60.00
2022,Sep,Budget,Housing,Rent and mortgage interest,2680.00
2022,Sep,Budget,Other expenses,Other expenses,10.00
2022,Sep,Budget,Recreation,Bars & restaurants,255.00
2022,Sep,Budget,Recreation,Going out,10.00
2022,Sep,Budget,Recreation,Personal Care,10.00
2022,Sep,Budget,Recreation,Races,45.00
2022,Sep,Budget,Shopping,Books & literature,10.00
2022,Sep,Budget,Shopping,"Clothing, shoes & accessories",175.00
2022,Sep,Budget,Shopping,Electronics & Appliances,50.00
2022,Sep,Budget,Shopping,Furniture,50.00
2022,Sep,Budget,Shopping,Gifts,150.00
2022,Sep,Budget,Shopping,Household Articles,25.00
2022,Sep,Budget,Shopping,Sport and recreation equipment,25.00
2022,Sep,Budget,Transportation,Fuel,40.00
2022,Sep,Budget,Transportation,Leasing Costs,0.00
2022,Sep,Budget,Transportation,Parking Charges,0.00
2022,Sep,Budget,Transportation,Public Transport,325.00
2022,Sep,Budget,Transportation,Taxes and Fines,0.00
2022,Sep,Budget,Utilities & Bills,Banking services & charges,0.00
2022,Sep,Budget,Utilities & Bills,Broadband,82.89
2022,Sep,Budget,Utilities & Bills,Energy,95.00
2022,Sep,Budget,Utilities & Bills,Maintenance and repairs,10.00
2022,Sep,Budget,Utilities & Bills,Misc. Fees,10.00
2022,Sep,Budget,Utilities & Bills,Moving,50.00
2022,Sep,Budget,Utilities & Bills,Postal Charges,5.00
2022,Sep,Budget,Utilities & Bills,Telephone & Mobile,20.00
2022,Sep,Budget,Utilities & Bills,TV & Multimedia,34.00
2022,Sep,Budget,Vacation & Travel,Vacation & Travel,1000.00
2022,Sep,Actuals,Groceries,Groceries,470.68
2022,Sep,Actuals,Health,Health Insurance,652.35
2022,Sep,Actuals,Housing,Rent and mortgage interest,2136.00
2022,Sep,Actuals,Other expenses,Cash Withdrawls,101.75
2022,Sep,Actuals,Recreation,Bars & restaurants,357.18
2022,Sep,Actuals,Recreation,Lunch - Work,42.40
2022,Sep,Actuals,Shopping,"Clothing, shoes & accessories",42.17
2022,Sep,Actuals,Shopping,Gifts,34.74
2022,Sep,Actuals,Transportation,Parking Charges,8.16
2022,Sep,Actuals,Transportation,Public Transport,213.88
2022,Sep,Actuals,Transportation,Taxes and Fines,29.15
2022,Sep,Actuals,Transportation,Vehicle purchase costs,50.00
2022,Sep,Actuals,Utilities & Bills,Banking services & charges,0.60
2022,Sep,Actuals,Utilities & Bills,Broadband,88.36
2022,Sep,Actuals,Utilities & Bills,Moving,3055.84
2022,Sep,Actuals,Utilities & Bills,Telephone & Mobile,14.87
2022,Sep,Actuals,Utilities & Bills,TV & Multimedia,23.11
2022,Sep,Actuals,Vacation & Travel,Flights & Rail,477.31
2022,Sep,Actuals,Vacation & Travel,Local transport,79.07
2022,Oct,Budget,Groceries,Groceries,550.00
2022,Oct,Budget,Health,Drugs and pharmaceuticals,5.00
2022,Oct,Budget,Health,Medical Services,60.00
2022,Oct,Budget,Housing,Rent and mortgage interest,2680.00
2022,Oct,Budget,Other expenses,Other expenses,10.00
2022,Oct,Budget,Recreation,Bars & restaurants,255.00
2022,Oct,Budget,Recreation,Going out,10.00
2022,Oct,Budget,Recreation,Personal Care,10.00
2022,Oct,Budget,Recreation,Races,45.00
2022,Oct,Budget,Shopping,Books & literature,10.00
2022,Oct,Budget,Shopping,"Clothing, shoes & accessories",175.00
2022,Oct,Budget,Shopping,Electronics & Appliances,50.00
2022,Oct,Budget,Shopping,Furniture,50.00
2022,Oct,Budget,Shopping,Gifts,150.00
2022,Oct,Budget,Shopping,Household Articles,25.00
2022,Oct,Budget,Shopping,Sport and recreation equipment,25.00
2022,Oct,Budget,Transportation,Fuel,40.00
2022,Oct,Budget,Transportation,Leasing Costs,0.00
2022,Oct,Budget,Transportation,Parking Charges,0.00
2022,Oct,Budget,Transportation,Public Transport,325.00
2022,Oct,Budget,Transportation,Taxes and Fines,0.00
2022,Oct,Budget,Utilities & Bills,Banking services & charges,0.00
2022,Oct,Budget,Utilities & Bills,Broadband,82.89
2022,Oct,Budget,Utilities & Bills,Energy,95.00
2022,Oct,Budget,Utilities & Bills,Maintenance and repairs,10.00
2022,Oct,Budget,Utilities & Bills,Misc. Fees,10.00
2022,Oct,Budget,Utilities & Bills,Moving,50.00
2022,Oct,Budget,Utilities & Bills,Postal Charges,5.00
2022,Oct,Budget,Utilities & Bills,Telephone & Mobile,20.00
2022,Oct,Budget,Utilities & Bills,TV & Multimedia,34.00
2022,Oct,Budget,Vacation & Travel,Vacation & Travel,1000.00
2022,Oct,Actuals,Groceries,Groceries,551.25
2022,Oct,Actuals,Health,Health Insurance,1553.25
2022,Oct,Actuals,Housing,Rent and mortgage interest,7296.00
2022,Oct,Actuals,Recreation,Bars & restaurants,163.49
2022,Oct,Actuals,Recreation,Lunch - Work,85.70
2022,Oct,Actuals,Recreation,Races,240.88
2022,Oct,Actuals,Shopping,"Clothing, shoes & accessories",21.25
2022,Oct,Actuals,Shopping,Household Articles,301.37
2022,Oct,Actuals,Transportation,Public Transport,195.20
2022,Oct,Actuals,Utilities & Bills,Banking services & charges,11.48
2022,Oct,Actuals,Utilities & Bills,Broadband,89.62
2022,Oct,Actuals,Utilities & Bills,Energy,69.10
2022,Oct,Actuals,Utilities & Bills,Maintenance and repairs,482.24
2022,Oct,Actuals,Utilities & Bills,Moving,299.43
2022,Oct,Actuals,Utilities & Bills,Postal Charges,2.70
2022,Oct,Actuals,Utilities & Bills,Telephone & Mobile,15.50
2022,Oct,Actuals,Utilities & Bills,TV & Multimedia,28.68
2022,Oct,Actuals,Vacation & Travel,Accomodation,266.35
2022,Oct,Actuals,Vacation & Travel,Eat & Drink,456.60
2022,Oct,Actuals,Vacation & Travel,Flights & Rail,428.00
2022,Oct,Actuals,Vacation & Travel,Local transport,56.28
2022,Nov,Budget,Groceries,Groceries,550.00
2022,Nov,Budget,Health,Drugs and pharmaceuticals,5.00
2022,Nov,Budget,Health,Medical Services,60.00
2022,Nov,Budget,Housing,Rent and mortgage interest,2680.00
2022,Nov,Budget,Other expenses,Other expenses,10.00
2022,Nov,Budget,Recreation,Bars & restaurants,255.00
2022,Nov,Budget,Recreation,Going out,10.00
2022,Nov,Budget,Recreation,Personal Care,10.00
2022,Nov,Budget,Recreation,Races,45.00
2022,Nov,Budget,Shopping,Books & literature,10.00
2022,Nov,Budget,Shopping,"Clothing, shoes & accessories",175.00
2022,Nov,Budget,Shopping,Electronics & Appliances,50.00
2022,Nov,Budget,Shopping,Furniture,50.00
2022,Nov,Budget,Shopping,Gifts,150.00
2022,Nov,Budget,Shopping,Household Articles,25.00
2022,Nov,Budget,Shopping,Sport and recreation equipment,25.00
2022,Nov,Budget,Transportation,Fuel,40.00
2022,Nov,Budget,Transportation,Leasing Costs,0.00
2022,Nov,Budget,Transportation,Parking Charges,0.00
2022,Nov,Budget,Transportation,Public Transport,325.00
2022,Nov,Budget,Transportation,Taxes and Fines,0.00
2022,Nov,Budget,Utilities & Bills,Banking services & charges,0.00
2022,Nov,Budget,Utilities & Bills,Broadband,82.89
2022,Nov,Budget,Utilities & Bills,Energy,95.00
2022,Nov,Budget,Utilities & Bills,Maintenance and repairs,10.00
2022,Nov,Budget,Utilities & Bills,Misc. Fees,10.00
2022,Nov,Budget,Utilities & Bills,Moving,50.00
2022,Nov,Budget,Utilities & Bills,Postal Charges,5.00
2022,Nov,Budget,Utilities & Bills,Telephone & Mobile,20.00
2022,Nov,Budget,Utilities & Bills,TV & Multimedia,34.00
2022,Nov,Budget,Vacation & Travel,Vacation & Travel,1000.00
2022,Nov,Actuals,Groceries,Groceries,404.74
2022,Nov,Actuals,Health,Drugs and pharmaceuticals,2.60
2022,Nov,Actuals,Housing,Rent and mortgage interest,2880.00
2022,Nov,Actuals,Recreation,Bars & restaurants,145.02
2022,Nov,Actuals,Recreation,Lunch - Work,30.60
2022,Nov,Actuals,Recreation,Personal Care,19.68
2022,Nov,Actuals,Shopping,"Clothing, shoes & accessories",884.02
2022,Nov,Actuals,Shopping,Furniture,806.56
2022,Nov,Actuals,Shopping,Gifts,145.99
2022,Nov,Actuals,Shopping,Household Articles,71.65
2022,Nov,Actuals,Transportation,Leasing Costs,351.59
2022,Nov,Actuals,Transportation,Public Transport,125.10
2022,Nov,Actuals,Transportation,Vehicle purchase costs,32.25
2022,Nov,Actuals,Utilities & Bills,Broadband,89.40
2022,Nov,Actuals,Utilities & Bills,Maintenance and repairs,752.47
2022,Nov,Actuals,Utilities & Bills,Telephone & Mobile,15.39
2022,Nov,Actuals,Utilities & Bills,TV & Multimedia,28.48
2022,Nov,Actuals,Vacation & Travel,Admission & Tickets,57.92
2022,Nov,Actuals,Vacation & Travel,Eat & Drink,1213.31
2022,Nov,Actuals,Vacation & Travel,Flights & Rail,838.30
2022,Nov,Actuals,Vacation & Travel,Local transport,142.50
2022,Nov,Actuals,Vacation & Travel,Miscellaneous,-143.90
2022,Nov,Actuals,Vacation & Travel,Roaming Charges,7.73
2022,Dec,Budget,Groceries,Groceries,550.00
2022,Dec,Budget,Health,Drugs and pharmaceuticals,5.00
2022,Dec,Budget,Health,Medical Services,60.00
2022,Dec,Budget,Housing,Rent and mortgage interest,2680.00
2022,Dec,Budget,Other expenses,Other expenses,10.00
2022,Dec,Budget,Recreation,Bars & restaurants,255.00
2022,Dec,Budget,Recreation,Fitness centre,850.00
2022,Dec,Budget,Recreation,Going out,10.00
2022,Dec,Budget,Recreation,Personal Care,10.00
2022,Dec,Budget,Recreation,Races,45.00
2022,Dec,Budget,Recreation,Training & further education,0.00
2022,Dec,Budget,Shopping,Books & literature,10.00
2022,Dec,Budget,Shopping,"Clothing, shoes & accessories",175.00
2022,Dec,Budget,Shopping,Electronics & Appliances,50.00
2022,Dec,Budget,Shopping,Furniture,50.00
2022,Dec,Budget,Shopping,Gifts,150.00
2022,Dec,Budget,Shopping,Household Articles,25.00
2022,Dec,Budget,Shopping,Sport and recreation equipment,25.00
2022,Dec,Budget,Transportation,Fuel,40.00
2022,Dec,Budget,Transportation,Leasing Costs,0.00
2022,Dec,Budget,Transportation,Parking Charges,0.00
2022,Dec,Budget,Transportation,Public Transport,325.00
2022,Dec,Budget,Transportation,Taxes and Fines,0.00
2022,Dec,Budget,Utilities & Bills,Banking services & charges,0.00
2022,Dec,Budget,Utilities & Bills,Broadband,82.89
2022,Dec,Budget,Utilities & Bills,Energy,95.00
2022,Dec,Budget,Utilities & Bills,Maintenance and repairs,10.00
2022,Dec,Budget,Utilities & Bills,Misc. Fees,10.00
2022,Dec,Budget,Utilities & Bills,Moving,50.00
2022,Dec,Budget,Utilities & Bills,Postal Charges,5.00
2022,Dec,Budget,Utilities & Bills,Telephone & Mobile,20.00
2022,Dec,Budget,Utilities & Bills,TV & Multimedia,34.00
2022,Dec,Budget,Vacation & Travel,Vacation & Travel,1000.00
2022,Dec,Actuals,Groceries,Groceries,935.34
2022,Dec,Actuals,Health,Drugs and pharmaceuticals,3.50
2022,Dec,Actuals,Health,Health Insurance,495.00
2022,Dec,Actuals,Housing,Rent and mortgage interest,2680.00
2022,Dec,Actuals,Other expenses,Cash Withdrawls,72.36
2022,Dec,Actuals,Recreation,Bars & restaurants,707.70
2022,Dec,Actuals,Recreation,Fitness centre,790.00
2022,Dec,Actuals,Recreation,Lunch - Work,11.20
2022,Dec,Actuals,Shopping,"Clothing, shoes & accessories",29.95
2022,Dec,Actuals,Shopping,Furniture,96.10
2022,Dec,Actuals,Shopping,Household Articles,28.57
2022,Dec,Actuals,Transportation,Fuel,145.09
2022,Dec,Actuals,Transportation,Parking Charges,40.25
2022,Dec,Actuals,Transportation,Public Transport,417.84
2022,Dec,Actuals,Transportation,Taxes and Fines,40.00
2022,Dec,Actuals,Utilities & Bills,Broadband,83.18
2022,Dec,Actuals,Utilities & Bills,Energy,63.35
2022,Dec,Actuals,Utilities & Bills,Maintenance and repairs,45.04
2022,Dec,Actuals,Utilities & Bills,Telephone & Mobile,15.10
2022,Dec,Actuals,Utilities & Bills,TV & Multimedia,362.93
2022,Dec,Actuals,Vacation & Travel,Eat & Drink,83.69
2022,Dec,Actuals,Vacation & Travel,Flights & Rail,234.15
2022,Dec,Actuals,Vacation & Travel,Local transport,-1.96
2023,Jan,Budget,Groceries,Groceries,550.00
2023,Jan,Budget,Health,Drugs and pharmaceuticals,5.00
2023,Jan,Budget,Health,Health Insurance,6650.00
2023,Jan,Budget,Health,Medical Services,60.00
2023,Jan,Budget,Housing,Rent and mortgage interest,2680.00
2023,Jan,Budget,Other expenses,Other expenses,10.00
2023,Jan,Budget,Recreation,Bars & restaurants,255.00
2023,Jan,Budget,Recreation,Going out,10.00
2023,Jan,Budget,Recreation,Personal Care,10.00
2023,Jan,Budget,Recreation,Races,45.00
2023,Jan,Budget,Shopping,Books & literature,10.00
2023,Jan,Budget,Shopping,"Clothing, shoes & accessories",175.00
2023,Jan,Budget,Shopping,Electronics & Appliances,50.00
2023,Jan,Budget,Shopping,Furniture,50.00
2023,Jan,Budget,Shopping,Gifts,150.00
2023,Jan,Budget,Shopping,Household Articles,25.00
2023,Jan,Budget,Shopping,Sport and recreation equipment,25.00
2023,Jan,Budget,Transportation,Car Insurance,1000.00
2023,Jan,Budget,Transportation,Fuel,40.00
2023,Jan,Budget,Transportation,Leasing Costs,264.70
2023,Jan,Budget,Transportation,Parking Charges,7.50
2023,Jan,Budget,Transportation,Public Transport,325.00
2023,Jan,Budget,Transportation,Taxes and Fines,35.00
2023,Jan,Budget,Transportation,Vehicle purchase costs,2500.00
2023,Jan,Budget,Utilities & Bills,Banking services & charges,15.00
2023,Jan,Budget,Utilities & Bills,Broadband,82.89
2023,Jan,Budget,Utilities & Bills,Energy,75.00
2023,Jan,Budget,Utilities & Bills,Maintenance and repairs,10.00
2023,Jan,Budget,Utilities & Bills,Misc. Fees,10.00
2023,Jan,Budget,Utilities & Bills,Moving,50.00
2023,Jan,Budget,Utilities & Bills,Postal Charges,5.00
2023,Jan,Budget,Utilities & Bills,Telephone & Mobile,20.00
2023,Jan,Budget,Utilities & Bills,TV & Multimedia,369.00
2023,Jan,Budget,Vacation & Travel,Vacation & Travel,1500.00
2023,Jan,Actuals,Groceries,Groceries,518.10
2023,Jan,Actuals,Health,Health Insurance,503.40
2023,Jan,Actuals,Housing,Rent and mortgage interest,2680.00
2023,Jan,Actuals,Other expenses,Cash Withdrawls,75.12
2023,Jan,Actuals,Recreation,Bars & restaurants,73.40
2023,Jan,Actuals,Recreation,Going out,41.00
2023,Jan,Actuals,Recreation,Lunch - Work,10.70
2023,Jan,Actuals,Recreation,Races,186.90
2023,Jan,Actuals,Shopping,"Clothing, shoes & accessories",42.00
2023,Jan,Actuals,Transportation,Leasing Costs,263.70
2023,Jan,Actuals,Transportation,Parking Charges,11.40
2023,Jan,Actuals,Transportation,Public Transport,166.40
2023,Jan,Actuals,Transportation,Vehicle purchase costs,2500.00
2023,Jan,Actuals,Utilities & Bills,Banking services & charges,5.00
2023,Jan,Actuals,Utilities & Bills,Broadband,61.61
2023,Jan,Actuals,Utilities & Bills,Telephone & Mobile,15.24
2023,Jan,Actuals,Utilities & Bills,TV & Multimedia,28.19
2023,Feb,Budget,Groceries,Groceries,550.00
2023,Feb,Budget,Health,Drugs and pharmaceuticals,5.00
2023,Feb,Budget,Health,Medical Services,60.00
2023,Feb,Budget,Housing,Rent and mortgage interest,2680.00
2023,Feb,Budget,Other expenses,Other expenses,10.00
2023,Feb,Budget,Recreation,Bars & restaurants,255.00
2023,Feb,Budget,Recreation,Going out,10.00
2023,Feb,Budget,Recreation,Personal Care,10.00
2023,Feb,Budget,Recreation,Races,45.00
2023,Feb,Budget,Shopping,Books & literature,10.00
2023,Feb,Budget,Shopping,"Clothing, shoes & accessories",175.00
2023,Feb,Budget,Shopping,Electronics & Appliances,50.00
2023,Feb,Budget,Shopping,Furniture,50.00
2023,Feb,Budget,Shopping,Gifts,150.00
2023,Feb,Budget,Shopping,Household Articles,25.00
2023,Feb,Budget,Shopping,Sport and recreation equipment,25.00
2023,Feb,Budget,Transportation,Fuel,40.00
2023,Feb,Budget,Transportation,Leasing Costs,264.70
2023,Feb,Budget,Transportation,Parking Charges,7.50
2023,Feb,Budget,Transportation,Public Transport,325.00
2023,Feb,Budget,Transportation,Taxes and Fines,35.00
2023,Feb,Budget,Utilities & Bills,Banking services & charges,15.00
2023,Feb,Budget,Utilities & Bills,Broadband,82.89
2023,Feb,Budget,Utilities & Bills,Energy,75.00
2023,Feb,Budget,Utilities & Bills,Maintenance and repairs,10.00
2023,Feb,Budget,Utilities & Bills,Misc. Fees,10.00
2023,Feb,Budget,Utilities & Bills,Moving,50.00
2023,Feb,Budget,Utilities & Bills,Postal Charges,5.00
2023,Feb,Budget,Utilities & Bills,Telephone & Mobile,20.00
2023,Feb,Budget,Utilities & Bills,TV & Multimedia,34.00
2023,Feb,Budget,Vacation & Travel,Vacation & Travel,1500.00
2023,Feb,Actuals,Groceries,Groceries,673.90
2023,Feb,Actuals,Health,Health Insurance,503.40
2023,Feb,Actuals,Health,Medical Services,10.00
2023,Feb,Actuals,Housing,Rent and mortgage interest,2680.00
2023,Feb,Actuals,Recreation,Bars & restaurants,145.60
2023,Feb,Actuals,Recreation,Lunch - Work,10.00
2023,Feb,Actuals,Shopping,"Clothing, shoes & accessories",143.81
2023,Feb,Actuals,Shopping,Household Articles,20.40
2023,Feb,Actuals,Transportation,Leasing Costs,263.70
2023,Feb,Actuals,Transportation,Parking Charges,3.40
2023,Feb,Actuals,Transportation,Public Transport,88.80
2023,Feb,Actuals,Transportation,Taxes and Fines,597.10
2023,Feb,Actuals,Utilities & Bills,Broadband,120.42
2023,Feb,Actuals,Utilities & Bills,Energy,134.25
2023,Feb,Actuals,Utilities & Bills,Postal Charges,1.20
2023,Feb,Actuals,Utilities & Bills,Telephone & Mobile,15.29
2023,Feb,Actuals,Utilities & Bills,TV & Multimedia,28.29
2023,Feb,Actuals,Vacation & Travel,Eat & Drink,270.50
2023,Feb,Actuals,Vacation & Travel,Local transport,108.85
2023,Mar,Budget,Groceries,Groceries,550.00
2023,Mar,Budget,Health,Drugs and pharmaceuticals,5.00
2023,Mar,Budget,Health,Medical Services,60.00
2023,Mar,Budget,Housing,Rent and mortgage interest,2680.00
2023,Mar,Budget,Other expenses,Other expenses,10.00
2023,Mar,Budget,Recreation,Bars & restaurants,255.00
2023,Mar,Budget,Recreation,Going out,10.00
2023,Mar,Budget,Recreation,Personal Care,10.00
2023,Mar,Budget,Recreation,Races,45.00
2023,Mar,Budget,Shopping,Books & literature,10.00
2023,Mar,Budget,Shopping,"Clothing, shoes & accessories",175.00
2023,Mar,Budget,Shopping,Electronics & Appliances,50.00
2023,Mar,Budget,Shopping,Furniture,50.00
2023,Mar,Budget,Shopping,Gifts,150.00
2023,Mar,Budget,Shopping,Household Articles,25.00
2023,Mar,Budget,Shopping,Sport and recreation equipment,25.00
2023,Mar,Budget,Transportation,Fuel,40.00
2023,Mar,Budget,Transportation,Leasing Costs,264.70
2023,Mar,Budget,Transportation,Parking Charges,7.50
2023,Mar,Budget,Transportation,Public Transport,325.00
2023,Mar,Budget,Transportation,Taxes and Fines,35.00
2023,Mar,Budget,Utilities & Bills,Banking services & charges,15.00
2023,Mar,Budget,Utilities & Bills,Broadband,82.89
2023,Mar,Budget,Utilities & Bills,Energy,75.00
2023,Mar,Budget,Utilities & Bills,Maintenance and repairs,10.00
2023,Mar,Budget,Utilities & Bills,Misc. Fees,10.00
2023,Mar,Budget,Utilities & Bills,Moving,50.00
2023,Mar,Budget,Utilities & Bills,Postal Charges,5.00
2023,Mar,Budget,Utilities & Bills,Telephone & Mobile,20.00
2023,Mar,Budget,Utilities & Bills,TV & Multimedia,34.00
2023,Mar,Budget,Vacation & Travel,Vacation & Travel,1500.00
2023,Mar,Actuals,Groceries,Groceries,360.56
2023,Mar,Actuals,Health,Drugs and pharmaceuticals,3.50
2023,Mar,Actuals,Health,Health Insurance,503.40
2023,Mar,Actuals,Housing,Rent and mortgage interest,2680.00
2023,Mar,Actuals,Recreation,Bars & restaurants,292.50
2023,Mar,Actuals,Shopping,"Clothing, shoes & accessories",601.77
2023,Mar,Actuals,Shopping,Gifts,49.58
2023,Mar,Actuals,Shopping,Household Articles,25.11
2023,Mar,Actuals,Transportation,Car Insurance,1083.40
2023,Mar,Actuals,Transportation,Fuel,82.36
2023,Mar,Actuals,Transportation,Leasing Costs,263.70
2023,Mar,Actuals,Transportation,Parking Charges,8.60
2023,Mar,Actuals,Transportation,Public Transport,75.80
2023,Mar,Actuals,Utilities & Bills,Broadband,64.36
2023,Mar,Actuals,Utilities & Bills,Telephone & Mobile,15.23
2023,Mar,Actuals,Utilities & Bills,TV & Multimedia,28.18
2023,Mar,Actuals,Vacation & Travel,Eat & Drink,8.74
2023,Mar,Actuals,Vacation & Travel,Flights & Rail,1691.99
2023,Mar,Actuals,Vacation & Travel,Local transport,8.95
2023,Mar,Actuals,Vacation & Travel,Roaming Charges,1.51
2023,Apr,Budget,Groceries,Groceries,550.00
2023,Apr,Budget,Health,Drugs and pharmaceuticals,5.00
2023,Apr,Budget,Health,Medical Services,60.00
2023,Apr,Budget,Housing,Rent and mortgage interest,2680.00
2023,Apr,Budget,Other expenses,Other expenses,10.00
2023,Apr,Budget,Recreation,Bars & restaurants,255.00
2023,Apr,Budget,Recreation,Fitness centre,850.00
2023,Apr,Budget,Recreation,Going out,10.00
2023,Apr,Budget,Recreation,Personal Care,10.00
2023,Apr,Budget,Recreation,Races,45.00
2023,Apr,Budget,Recreation,Training & further education,1920.00
2023,Apr,Budget,Shopping,Books & literature,10.00
2023,Apr,Budget,Shopping,"Clothing, shoes & accessories",175.00
2023,Apr,Budget,Shopping,Electronics & Appliances,50.00
2023,Apr,Budget,Shopping,Furniture,50.00
2023,Apr,Budget,Shopping,Gifts,150.00
2023,Apr,Budget,Shopping,Household Articles,25.00
2023,Apr,Budget,Shopping,Sport and recreation equipment,25.00
2023,Apr,Budget,Transportation,Fuel,40.00
2023,Apr,Budget,Transportation,Leasing Costs,264.70
2023,Apr,Budget,Transportation,Parking Charges,7.50
2023,Apr,Budget,Transportation,Public Transport,325.00
2023,Apr,Budget,Transportation,Taxes and Fines,35.00
2023,Apr,Budget,Utilities & Bills,Banking services & charges,15.00
2023,Apr,Budget,Utilities & Bills,Broadband,82.89
2023,Apr,Budget,Utilities & Bills,Energy,75.00
2023,Apr,Budget,Utilities & Bills,Maintenance and repairs,10.00
2023,Apr,Budget,Utilities & Bills,Misc. Fees,10.00
2023,Apr,Budget,Utilities & Bills,Moving,50.00
2023,Apr,Budget,Utilities & Bills,Postal Charges,5.00
2023,Apr,Budget,Utilities & Bills,Telephone & Mobile,20.00
2023,Apr,Budget,Utilities & Bills,TV & Multimedia,34.00
2023,Apr,Budget,Vacation & Travel,Vacation & Travel,1500.00
2023,Apr,Actuals,Groceries,Groceries,307.24
2023,Apr,Actuals,Health,Health Insurance,503.40
2023,Apr,Actuals,Housing,Rent and mortgage interest,2680.00
2023,Apr,Actuals,Recreation,Bars & restaurants,30.90
2023,Apr,Actuals,Recreation,Fitness centre,32.90
2023,Apr,Actuals,Recreation,Lunch - Work,40.40
2023,Apr,Actuals,Recreation,Personal Care,32.00
2023,Apr,Actuals,Shopping,"Clothing, shoes & accessories",630.91
2023,Apr,Actuals,Shopping,Gifts,60.00
2023,Apr,Actuals,Transportation,Leasing Costs,263.70
2023,Apr,Actuals,Transportation,Public Transport,259.10
2023,Apr,Actuals,Utilities & Bills,Broadband,82.70
2023,Apr,Actuals,Utilities & Bills,Telephone & Mobile,15.16
2023,Apr,Actuals,Utilities & Bills,TV & Multimedia,28.06
2023,Apr,Actuals,Vacation & Travel,Accomodation,763.27
2023,Apr,Actuals,Vacation & Travel,Eat & Drink,1259.04
2023,Apr,Actuals,Vacation & Travel,Flights & Rail,704.00
2023,Apr,Actuals,Vacation & Travel,Local transport,183.54
2023,Apr,Actuals,Vacation & Travel,Roaming Charges,9.00
2023,May,Budget,Groceries,Groceries,550.00
2023,May,Budget,Health,Drugs and pharmaceuticals,5.00
2023,May,Budget,Health,Medical Services,60.00
2023,May,Budget,Housing,Rent and mortgage interest,2680.00
2023,May,Budget,Other expenses,Other expenses,10.00
2023,May,Budget,Recreation,Bars & restaurants,255.00
2023,May,Budget,Recreation,Going out,10.00
2023,May,Budget,Recreation,Personal Care,10.00
2023,May,Budget,Recreation,Races,45.00
2023,May,Budget,Shopping,Books & literature,10.00
2023,May,Budget,Shopping,"Clothing, shoes & accessories",175.00
2023,May,Budget,Shopping,Electronics & Appliances,50.00
2023,May,Budget,Shopping,Furniture,50.00
2023,May,Budget,Shopping,Gifts,150.00
2023,May,Budget,Shopping,Household Articles,25.00
2023,May,Budget,Shopping,Sport and recreation equipment,25.00
2023,May,Budget,Transportation,Fuel,40.00
2023,May,Budget,Transportation,Leasing Costs,264.70
2023,May,Budget,Transportation,Parking Charges,7.50
2023,May,Budget,Transportation,Public Transport,325.00
2023,May,Budget,Transportation,Taxes and Fines,35.00
2023,May,Budget,Utilities & Bills,Banking services & charges,15.00
2023,May,Budget,Utilities & Bills,Broadband,82.89
2023,May,Budget,Utilities & Bills,Energy,75.00
2023,May,Budget,Utilities & Bills,Maintenance and repairs,10.00
2023,May,Budget,Utilities & Bills,Misc. Fees,10.00
2023,May,Budget,Utilities & Bills,Moving,50.00
2023,May,Budget,Utilities & Bills,Postal Charges,5.00
2023,May,Budget,Utilities & Bills,Telephone & Mobile,20.00
2023,May,Budget,Utilities & Bills,TV & Multimedia,34.00
2023,May,Budget,Vacation & Travel,Vacation & Travel,1500.00
2023,May,Actuals,Groceries,Groceries,887.74
2023,May,Actuals,Health,Health Insurance,503.40
2023,May,Actuals,Housing,Rent and mortgage interest,2680.00
2023,May,Actuals,Recreation,Bars & restaurants,242.90
2023,May,Actuals,Recreation,Going out,15.00
2023,May,Actuals,Recreation,Lunch - Work,10.30
2023,May,Actuals,Recreation,Training & further education,26.00
2023,May,Actuals,Shopping,"Clothing, shoes & accessories",189.87
2023,May,Actuals,Shopping,Electronics & Appliances,-517.96
2023,May,Actuals,Shopping,Household Articles,288.20
2023,May,Actuals,Transportation,Fuel,81.45
2023,May,Actuals,Transportation,Leasing Costs,263.70
2023,May,Actuals,Transportation,Public Transport,331.80
2023,May,Actuals,Transportation,Vehicle purchase costs,1100.00
2023,May,Actuals,Utilities & Bills,Banking services & charges,8.14
2023,May,Actuals,Utilities & Bills,Broadband,2.82
2023,May,Actuals,Utilities & Bills,Postal Charges,7.00
2023,May,Actuals,Utilities & Bills,Telephone & Mobile,10.19
2023,May,Actuals,Utilities & Bills,TV & Multimedia,28.29
2023,May,Actuals,Vacation & Travel,Accomodation,377.55
2023,May,Actuals,Vacation & Travel,Eat & Drink,1067.22
2023,May,Actuals,Vacation & Travel,Flights & Rail,124.58
2023,May,Actuals,Vacation & Travel,Local transport,475.58
2023,Jun,Budget,Groceries,Groceries,550.00
2023,Jun,Budget,Health,Drugs and pharmaceuticals,5.00
2023,Jun,Budget,Health,Medical Services,60.00
2023,Jun,Budget,Housing,Rent and mortgage interest,2680.00
2023,Jun,Budget,Other expenses,Other expenses,10.00
2023,Jun,Budget,Recreation,Bars & restaurants,255.00
2023,Jun,Budget,Recreation,Going out,10.00
2023,Jun,Budget,Recreation,Personal Care,10.00
2023,Jun,Budget,Recreation,Races,45.00
2023,Jun,Budget,Shopping,Books & literature,10.00
2023,Jun,Budget,Shopping,"Clothing, shoes & accessories",175.00
2023,Jun,Budget,Shopping,Electronics & Appliances,50.00
2023,Jun,Budget,Shopping,Furniture,50.00
2023,Jun,Budget,Shopping,Gifts,150.00
2023,Jun,Budget,Shopping,Household Articles,25.00
2023,Jun,Budget,Shopping,Sport and recreation equipment,25.00
2023,Jun,Budget,Transportation,Fuel,40.00
2023,Jun,Budget,Transportation,Leasing Costs,264.70
2023,Jun,Budget,Transportation,Parking Charges,7.50
2023,Jun,Budget,Transportation,Public Transport,325.00
2023,Jun,Budget,Transportation,Taxes and Fines,35.00
2023,Jun,Budget,Utilities & Bills,Banking services & charges,15.00
2023,Jun,Budget,Utilities & Bills,Broadband,82.89
2023,Jun,Budget,Utilities & Bills,Energy,75.00
2023,Jun,Budget,Utilities & Bills,Maintenance and repairs,10.00
2023,Jun,Budget,Utilities & Bills,Misc. Fees,10.00
2023,Jun,Budget,Utilities & Bills,Moving,50.00
2023,Jun,Budget,Utilities & Bills,Postal Charges,5.00
2023,Jun,Budget,Utilities & Bills,Telephone & Mobile,20.00
2023,Jun,Budget,Utilities & Bills,TV & Multimedia,34.00
2023,Jun,Budget,Vacation & Travel,Vacation & Travel,1500.00
2023,Jun,Actuals,Groceries,Groceries,500.55
2023,Jun,Actuals,Health,Health Insurance,1094.45
2023,Jun,Actuals,Housing,Rent and mortgage interest,2680.00
2023,Jun,Actuals,Other expenses,Cash Withdrawls,98.22
2023,Jun,Actuals,Recreation,Bars & restaurants,279.70
2023,Jun,Actuals,Recreation,Lunch - Work,47.50
2023,Jun,Actuals,Shopping,Furniture,216.00
2023,Jun,Actuals,Shopping,Gifts,580.97
2023,Jun,Actuals,Shopping,Household Articles,16.40
2023,Jun,Actuals,Transportation,Fuel,78.20
2023,Jun,Actuals,Transportation,Leasing Costs,311.50
2023,Jun,Actuals,Transportation,Parking Charges,1.40
2023,Jun,Actuals,Transportation,Public Transport,745.20
2023,Jun,Actuals,Transportation,Taxes and Fines,125.00
2023,Jun,Actuals,Utilities & Bills,Broadband,82.73
2023,Jun,Actuals,Utilities & Bills,Energy,217.95
2023,Jun,Actuals,Utilities & Bills,Postal Charges,0.60
2023,Jun,Actuals,Utilities & Bills,Telephone & Mobile,75.87
2023,Jun,Actuals,Utilities & Bills,TV & Multimedia,28.41
2023,Jun,Actuals,Vacation & Travel,Accomodation,131.30
2023,Jun,Actuals,Vacation & Travel,Eat & Drink,490.60
2023,Jun,Actuals,Vacation & Travel,Flights & Rail,205.77
2023,Jun,Actuals,Vacation & Travel,Local transport,270.46
2023,Jul,Budget,Groceries,Groceries,550.00
2023,Jul,Budget,Health,Drugs and pharmaceuticals,5.00
2023,Jul,Budget,Health,Medical Services,60.00
2023,Jul,Budget,Housing,Rent and mortgage interest,2680.00
2023,Jul,Budget,Other expenses,Other expenses,10.00
2023,Jul,Budget,Recreation,Bars & restaurants,255.00
2023,Jul,Budget,Recreation,Going out,10.00
2023,Jul,Budget,Recreation,Personal Care,10.00
2023,Jul,Budget,Recreation,Races,45.00
2023,Jul,Budget,Shopping,Books & literature,10.00
2023,Jul,Budget,Shopping,"Clothing, shoes & accessories",175.00
2023,Jul,Budget,Shopping,Electronics & Appliances,50.00
2023,Jul,Budget,Shopping,Furniture,50.00
2023,Jul,Budget,Shopping,Gifts,150.00
2023,Jul,Budget,Shopping,Household Articles,25.00
2023,Jul,Budget,Shopping,Sport and recreation equipment,25.00
2023,Jul,Budget,Transportation,Fuel,40.00
2023,Jul,Budget,Transportation,Leasing Costs,264.70
2023,Jul,Budget,Transportation,Parking Charges,7.50
2023,Jul,Budget,Transportation,Public Transport,325.00
2023,Jul,Budget,Transportation,Taxes and Fines,35.00
2023,Jul,Budget,Utilities & Bills,Banking services & charges,15.00
2023,Jul,Budget,Utilities & Bills,Broadband,82.89
2023,Jul,Budget,Utilities & Bills,Energy,75.00
2023,Jul,Budget,Utilities & Bills,Maintenance and repairs,10.00
2023,Jul,Budget,Utilities & Bills,Misc. Fees,10.00
2023,Jul,Budget,Utilities & Bills,Moving,50.00
2023,Jul,Budget,Utilities & Bills,Postal Charges,5.00
2023,Jul,Budget,Utilities & Bills,Telephone & Mobile,20.00
2023,Jul,Budget,Utilities & Bills,TV & Multimedia,34.00
2023,Jul,Budget,Vacation & Travel,Vacation & Travel,1500.00
2023,Jul,Actuals,Groceries,Groceries,596.61
2023,Jul,Actuals,Health,Drugs and pharmaceuticals,5.71
2023,Jul,Actuals,Health,Health Insurance,-87.65
2023,Jul,Actuals,Housing,Rent and mortgage interest,2680.00
2023,Jul,Actuals,Recreation,Bars & restaurants,331.90
2023,Jul,Actuals,Recreation,Races,148.00
2023,Jul,Actuals,Shopping,"Clothing, shoes & accessories",222.17
2023,Jul,Actuals,Shopping,Gifts,188.43
2023,Jul,Actuals,Shopping,Household Articles,20.75
2023,Jul,Actuals,Transportation,Leasing Costs,263.70
2023,Jul,Actuals,Transportation,Public Transport,319.10
2023,Jul,Actuals,Transportation,Service & Maintenance,89.70
2023,Jul,Actuals,Utilities & Bills,Broadband,162.59
2023,Jul,Actuals,Utilities & Bills,TV & Multimedia,27.95
2023,Jul,Actuals,Vacation & Travel,Accomodation,811.65
2023,Jul,Actuals,Vacation & Travel,Eat & Drink,922.70
2023,Jul,Actuals,Vacation & Travel,Flights & Rail,798.64
2023,Jul,Actuals,Vacation & Travel,Local transport,52.37
2023,Jul,Actuals,Vacation & Travel,Roaming Charges,12.79
2023,Aug,Budget,Groceries,Groceries,550.00
2023,Aug,Budget,Health,Drugs and pharmaceuticals,5.00
2023,Aug,Budget,Health,Medical Services,60.00
2023,Aug,Budget,Housing,Rent and mortgage interest,2680.00
2023,Aug,Budget,Other expenses,Other expenses,10.00
2023,Aug,Budget,Recreation,Bars & restaurants,255.00
2023,Aug,Budget,Recreation,Going out,10.00
2023,Aug,Budget,Recreation,Personal Care,10.00
2023,Aug,Budget,Recreation,Races,45.00
2023,Aug,Budget,Shopping,Books & literature,10.00
2023,Aug,Budget,Shopping,"Clothing, shoes & accessories",175.00
2023,Aug,Budget,Shopping,Electronics & Appliances,50.00
2023,Aug,Budget,Shopping,Furniture,50.00
2023,Aug,Budget,Shopping,Gifts,150.00
2023,Aug,Budget,Shopping,Household Articles,25.00
2023,Aug,Budget,Shopping,Sport and recreation equipment,25.00
2023,Aug,Budget,Transportation,Fuel,40.00
2023,Aug,Budget,Transportation,Leasing Costs,264.70
2023,Aug,Budget,Transportation,Parking Charges,7.50
2023,Aug,Budget,Transportation,Public Transport,325.00
2023,Aug,Budget,Transportation,Taxes and Fines,35.00
2023,Aug,Budget,Utilities & Bills,Banking services & charges,15.00
2023,Aug,Budget,Utilities & Bills,Broadband,82.89
2023,Aug,Budget,Utilities & Bills,Energy,75.00
2023,Aug,Budget,Utilities & Bills,Maintenance and repairs,10.00
2023,Aug,Budget,Utilities & Bills,Misc. Fees,10.00
2023,Aug,Budget,Utilities & Bills,Moving,50.00
2023,Aug,Budget,Utilities & Bills,Postal Charges,5.00
2023,Aug,Budget,Utilities & Bills,Telephone & Mobile,20.00
2023,Aug,Budget,Utilities & Bills,TV & Multimedia,34.00
2023,Aug,Budget,Vacation & Travel,Vacation & Travel,1500.00
2023,Aug,Actuals,Groceries,Groceries,739.51
2023,Aug,Actuals,Health,Health Insurance,503.40
2023,Aug,Actuals,Housing,Rent and mortgage interest,2680.00
2023,Aug,Actuals,Recreation,Bars & restaurants,400.37
2023,Aug,Actuals,Recreation,Going out,30.00
2023,Aug,Actuals,Recreation,Lunch - Work,39.10
2023,Aug,Actuals,Recreation,Training & further education,988.00
2023,Aug,Actuals,Shopping,"Clothing, shoes & accessories",136.14
2023,Aug,Actuals,Shopping,Furniture,71.90
2023,Aug,Actuals,Shopping,Household Articles,175.41
2023,Aug,Actuals,Transportation,Leasing Costs,263.70
2023,Aug,Actuals,Transportation,Public Transport,195.00
2023,Aug,Actuals,Utilities & Bills,Broadband,83.25
2023,Aug,Actuals,Utilities & Bills,Energy,212.40
2023,Aug,Actuals,Utilities & Bills,Telephone & Mobile,4.35
2023,Aug,Actuals,Utilities & Bills,TV & Multimedia,27.96
2023,Aug,Actuals,Vacation & Travel,Accomodation,591.29
2023,Aug,Actuals,Vacation & Travel,Eat & Drink,390.18
2023,Aug,Actuals,Vacation & Travel,Flights & Rail,274.41
2023,Aug,Actuals,Vacation & Travel,Local transport,193.17
2023,Aug,Actuals,Vacation & Travel,Roaming Charges,3.99
2023,Sep,Budget,Groceries,Groceries,550.00
2023,Sep,Budget,Health,Drugs and pharmaceuticals,5.00
2023,Sep,Budget,Health,Medical Services,60.00
2023,Sep,Budget,Housing,Rent and mortgage interest,2680.00
2023,Sep,Budget,Other expenses,Other expenses,10.00
2023,Sep,Budget,Recreation,Bars & restaurants,255.00
2023,Sep,Budget,Recreation,Going out,10.00
2023,Sep,Budget,Recreation,Personal Care,10.00
2023,Sep,Budget,Recreation,Races,45.00
2023,Sep,Budget,Shopping,Books & literature,10.00
2023,Sep,Budget,Shopping,"Clothing, shoes & accessories",175.00
2023,Sep,Budget,Shopping,Electronics & Appliances,50.00
2023,Sep,Budget,Shopping,Furniture,50.00
2023,Sep,Budget,Shopping,Gifts,150.00
2023,Sep,Budget,Shopping,Household Articles,25.00
2023,Sep,Budget,Shopping,Sport and recreation equipment,25.00
2023,Sep,Budget,Transportation,Fuel,40.00
2023,Sep,Budget,Transportation,Leasing Costs,264.70
2023,Sep,Budget,Transportation,Parking Charges,7.50
2023,Sep,Budget,Transportation,Public Transport,325.00
2023,Sep,Budget,Transportation,Taxes and Fines,35.00
2023,Sep,Budget,Utilities & Bills,Banking services & charges,15.00
2023,Sep,Budget,Utilities & Bills,Broadband,82.89
2023,Sep,Budget,Utilities & Bills,Energy,75.00
2023,Sep,Budget,Utilities & Bills,Maintenance and repairs,10.00
2023,Sep,Budget,Utilities & Bills,Misc. Fees,10.00
2023,Sep,Budget,Utilities & Bills,Moving,50.00
2023,Sep,Budget,Utilities & Bills,Postal Charges,5.00
2023,Sep,Budget,Utilities & Bills,Telephone & Mobile,20.00
2023,Sep,Budget,Utilities & Bills,TV & Multimedia,34.00
2023,Sep,Budget,Vacation & Travel,Vacation & Travel,1500.00
2023,Sep,Actuals,Groceries,Groceries,587.84
2023,Sep,Actuals,Health,Health Insurance,503.40
2023,Sep,Actuals,Housing,Rent and mortgage interest,2680.00
2023,Sep,Actuals,Other expenses,Cash Withdrawls,120.00
2023,Sep,Actuals,Recreation,Bars & restaurants,710.40
2023,Sep,Actuals,Recreation,Lunch - Work,61.70
2023,Sep,Actuals,Recreation,Personal Care,28.00
2023,Sep,Actuals,Recreation,Races,86.30
2023,Sep,Actuals,Shopping,"Clothing, shoes & accessories",130.80
2023,Sep,Actuals,Shopping,Gifts,10.00
2023,Sep,Actuals,Shopping,Household Articles,59.45
2023,Sep,Actuals,Transportation,Fuel,87.40
2023,Sep,Actuals,Transportation,Leasing Costs,263.70
2023,Sep,Actuals,Transportation,Parking Charges,10.40
2023,Sep,Actuals,Transportation,Public Transport,450.60
2023,Sep,Actuals,Utilities & Bills,Broadband,83.24
2023,Sep,Actuals,Utilities & Bills,Telephone & Mobile,9.95
2023,Sep,Actuals,Utilities & Bills,TV & Multimedia,28.99
2023,Oct,Budget,Groceries,Groceries,550.00
2023,Oct,Budget,Health,Drugs and pharmaceuticals,5.00
2023,Oct,Budget,Health,Medical Services,60.00
2023,Oct,Budget,Housing,Rent and mortgage interest,2680.00
2023,Oct,Budget,Other expenses,Other expenses,10.00
2023,Oct,Budget,Recreation,Bars & restaurants,255.00
2023,Oct,Budget,Recreation,Going out,10.00
2023,Oct,Budget,Recreation,Personal Care,10.00
2023,Oct,Budget,Recreation,Races,45.00
2023,Oct,Budget,Shopping,Books & literature,10.00
2023,Oct,Budget,Shopping,"Clothing, shoes & accessories",175.00
2023,Oct,Budget,Shopping,Electronics & Appliances,50.00
2023,Oct,Budget,Shopping,Furniture,50.00
2023,Oct,Budget,Shopping,Gifts,150.00
2023,Oct,Budget,Shopping,Household Articles,25.00
2023,Oct,Budget,Shopping,Sport and recreation equipment,25.00
2023,Oct,Budget,Transportation,Fuel,40.00
2023,Oct,Budget,Transportation,Leasing Costs,264.70
2023,Oct,Budget,Transportation,Parking Charges,7.50
2023,Oct,Budget,Transportation,Public Transport,325.00
2023,Oct,Budget,Transportation,Service & Maintenance,785.00
2023,Oct,Budget,Transportation,Taxes and Fines,35.00
2023,Oct,Budget,Utilities & Bills,Banking services & charges,15.00
2023,Oct,Budget,Utilities & Bills,Broadband,82.89
2023,Oct,Budget,Utilities & Bills,Energy,75.00
2023,Oct,Budget,Utilities & Bills,Maintenance and repairs,10.00
2023,Oct,Budget,Utilities & Bills,Misc. Fees,10.00
2023,Oct,Budget,Utilities & Bills,Moving,50.00
2023,Oct,Budget,Utilities & Bills,Postal Charges,5.00
2023,Oct,Budget,Utilities & Bills,Telephone & Mobile,20.00
2023,Oct,Budget,Utilities & Bills,TV & Multimedia,34.00
2023,Oct,Budget,Vacation & Travel,Vacation & Travel,1500.00
2023,Oct,Actuals,Groceries,Groceries,580.68
2023,Oct,Actuals,Health,Drugs and pharmaceuticals,3.00
2023,Oct,Actuals,Health,Health Insurance,503.40
2023,Oct,Actuals,Housing,Rent and mortgage interest,2680.00
2023,Oct,Actuals,Recreation,Bars & restaurants,302.06
2023,Oct,Actuals,Recreation,Lunch - Work,9.30
2023,Oct,Actuals,Recreation,Races,153.90
2023,Oct,Actuals,Shopping,"Clothing, shoes & accessories",255.88
2023,Oct,Actuals,Shopping,Household Articles,16.90
2023,Oct,Actuals,Transportation,Leasing Costs,263.70
2023,Oct,Actuals,Transportation,Public Transport,279.68
2023,Oct,Actuals,Utilities & Bills,Broadband,83.21
2023,Oct,Actuals,Utilities & Bills,Telephone & Mobile,10.95
2023,Oct,Actuals,Utilities & Bills,TV & Multimedia,28.74
2023,Oct,Actuals,Vacation & Travel,Accomodation,1181.78
2023,Oct,Actuals,Vacation & Travel,Eat & Drink,1215.56
2023,Oct,Actuals,Vacation & Travel,Flights & Rail,1082.29
2023,Oct,Actuals,Vacation & Travel,Local transport,84.45
2023,Oct,Actuals,Vacation & Travel,Roaming Charges,12.13
2023,Nov,Budget,Groceries,Groceries,550.00
2023,Nov,Budget,Health,Drugs and pharmaceuticals,5.00
2023,Nov,Budget,Health,Medical Services,60.00
2023,Nov,Budget,Housing,Rent and mortgage interest,2680.00
2023,Nov,Budget,Other expenses,Other expenses,10.00
2023,Nov,Budget,Recreation,Bars & restaurants,255.00
2023,Nov,Budget,Recreation,Going out,10.00
2023,Nov,Budget,Recreation,Personal Care,10.00
2023,Nov,Budget,Recreation,Races,45.00
2023,Nov,Budget,Shopping,Books & literature,10.00
2023,Nov,Budget,Shopping,"Clothing, shoes & accessories",175.00
2023,Nov,Budget,Shopping,Electronics & Appliances,50.00
2023,Nov,Budget,Shopping,Furniture,50.00
2023,Nov,Budget,Shopping,Gifts,150.00
2023,Nov,Budget,Shopping,Household Articles,25.00
2023,Nov,Budget,Shopping,Sport and recreation equipment,25.00
2023,Nov,Budget,Transportation,Fuel,40.00
2023,Nov,Budget,Transportation,Leasing Costs,264.70
2023,Nov,Budget,Transportation,Parking Charges,7.50
2023,Nov,Budget,Transportation,Public Transport,325.00
2023,Nov,Budget,Transportation,Taxes and Fines,35.00
2023,Nov,Budget,Utilities & Bills,Banking services & charges,15.00
2023,Nov,Budget,Utilities & Bills,Broadband,82.89
2023,Nov,Budget,Utilities & Bills,Energy,75.00
2023,Nov,Budget,Utilities & Bills,Maintenance and repairs,10.00
2023,Nov,Budget,Utilities & Bills,Misc. Fees,10.00
2023,Nov,Budget,Utilities & Bills,Moving,50.00
2023,Nov,Budget,Utilities & Bills,Postal Charges,5.00
2023,Nov,Budget,Utilities & Bills,Telephone & Mobile,20.00
2023,Nov,Budget,Utilities & Bills,TV & Multimedia,34.00
2023,Nov,Budget,Vacation & Travel,Vacation & Travel,1500.00
2023,Nov,Actuals,Groceries,Groceries,550.70
2023,Nov,Actuals,Health,Health Insurance,503.40
2023,Nov,Actuals,Health,Medical Services,752.35
2023,Nov,Actuals,Housing,Rent and mortgage interest,2680.00
2023,Nov,Actuals,Recreation,Bars & restaurants,387.23
2023,Nov,Actuals,Recreation,Personal Care,28.00
2023,Nov,Actuals,Shopping,"Clothing, shoes & accessories",88.04
2023,Nov,Actuals,Shopping,Electronics & Appliances,365.45
2023,Nov,Actuals,Shopping,Furniture,25.00
2023,Nov,Actuals,Transportation,Leasing Costs,263.70
2023,Nov,Actuals,Transportation,Public Transport,201.20
2023,Nov,Actuals,Utilities & Bills,Broadband,83.20
2023,Nov,Actuals,Utilities & Bills,Energy,203.60
2023,Nov,Actuals,Utilities & Bills,Telephone & Mobile,75.00
2023,Nov,Actuals,Utilities & Bills,TV & Multimedia,28.70
2023,Nov,Actuals,Vacation & Travel,Accomodation,363.67
2023,Nov,Actuals,Vacation & Travel,Admission & Tickets,158.00
2023,Nov,Actuals,Vacation & Travel,Eat & Drink,1713.64
2023,Nov,Actuals,Vacation & Travel,Flights & Rail,295.60
2023,Nov,Actuals,Vacation & Travel,Local transport,108.57
2023,Dec,Budget,Groceries,Groceries,550.00
2023,Dec,Budget,Health,Drugs and pharmaceuticals,5.00
2023,Dec,Budget,Health,Medical Services,60.00
2023,Dec,Budget,Housing,Rent and mortgage interest,2680.00
2023,Dec,Budget,Other expenses,Other expenses,10.00
2023,Dec,Budget,Recreation,Bars & restaurants,255.00
2023,Dec,Budget,Recreation,Going out,10.00
2023,Dec,Budget,Recreation,Personal Care,10.00
2023,Dec,Budget,Recreation,Races,45.00
2023,Dec,Budget,Shopping,Books & literature,10.00
2023,Dec,Budget,Shopping,"Clothing, shoes & accessories",175.00
2023,Dec,Budget,Shopping,Electronics & Appliances,50.00
2023,Dec,Budget,Shopping,Furniture,50.00
2023,Dec,Budget,Shopping,Gifts,150.00
2023,Dec,Budget,Shopping,Household Articles,25.00
2023,Dec,Budget,Shopping,Sport and recreation equipment,25.00
2023,Dec,Budget,Transportation,Fuel,40.00
2023,Dec,Budget,Transportation,Leasing Costs,264.70
2023,Dec,Budget,Transportation,Parking Charges,7.50
2023,Dec,Budget,Transportation,Public Transport,325.00
2023,Dec,Budget,Transportation,Taxes and Fines,35.00
2023,Dec,Budget,Utilities & Bills,Banking services & charges,15.00
2023,Dec,Budget,Utilities & Bills,Broadband,82.89
2023,Dec,Budget,Utilities & Bills,Energy,75.00
2023,Dec,Budget,Utilities & Bills,Maintenance and repairs,10.00
2023,Dec,Budget,Utilities & Bills,Misc. Fees,10.00
2023,Dec,Budget,Utilities & Bills,Moving,50.00
2023,Dec,Budget,Utilities & Bills,Postal Charges,5.00
2023,Dec,Budget,Utilities & Bills,Telephone & Mobile,20.00
2023,Dec,Budget,Utilities & Bills,TV & Multimedia,34.00
2023,Dec,Budget,Vacation & Travel,Vacation & Travel,1500.00
2023,Dec,Actuals,Groceries,Groceries,344.24
2023,Dec,Actuals,Health,Health Insurance,781.65
2023,Dec,Actuals,Health,Medical Services,193.01
2023,Dec,Actuals,Housing,Rent and mortgage interest,2680.00
2023,Dec,Actuals,Other expenses,Cash Withdrawls,155.05
2023,Dec,Actuals,Recreation,Bars & restaurants,71.00
2023,Dec,Actuals,Recreation,Lunch - Work,30.10
2023,Dec,Actuals,Shopping,Books & literature,7.23
2023,Dec,Actuals,Shopping,"Clothing, shoes & accessories",288.83
2023,Dec,Actuals,Shopping,Electronics & Appliances,-21.10
2023,Dec,Actuals,Shopping,Gifts,396.25
2023,Dec,Actuals,Shopping,Household Articles,39.29
2023,Dec,Actuals,Transportation,Leasing Costs,263.70
2023,Dec,Actuals,Transportation,Public Transport,192.70
2023,Dec,Actuals,Utilities & Bills,Broadband,83.10
2023,Dec,Actuals,Utilities & Bills,Postal Charges,5.40
2023,Dec,Actuals,Utilities & Bills,TV & Multimedia,362.84
2023,Dec,Actuals,Vacation & Travel,Accomodation,74.83
2023,Dec,Actuals,Vacation & Travel,Eat & Drink,299.87
2023,Dec,Actuals,Vacation & Travel,Flights & Rail,1852.13
2023,Dec,Actuals,Vacation & Travel,Local transport,61.69
2023,Dec,Actuals,Vacation & Travel,Roaming Charges,8.02
2024,Jan,Budget,Groceries,Groceries,550.00
2024,Jan,Budget,Health,Drugs and pharmaceuticals,5.00
2024,Jan,Budget,Health,Health Insurance,6650.00
2024,Jan,Budget,Health,Medical Services,60.00
2024,Jan,Budget,Housing,Rent and mortgage interest,2680.00
2024,Jan,Budget,Other expenses,Other expenses,10.00
2024,Jan,Budget,Recreation,Bars & restaurants,255.00
2024,Jan,Budget,Recreation,Going out,10.00
2024,Jan,Budget,Recreation,Personal Care,10.00
2024,Jan,Budget,Recreation,Races,45.00
2024,Jan,Budget,Shopping,Books & literature,10.00
2024,Jan,Budget,Shopping,"Clothing, shoes & accessories",175.00
2024,Jan,Budget,Shopping,Electronics & Appliances,50.00
2024,Jan,Budget,Shopping,Furniture,50.00
2024,Jan,Budget,Shopping,Gifts,150.00
2024,Jan,Budget,Shopping,Household Articles,25.00
2024,Jan,Budget,Shopping,Sport and recreation equipment,25.00
2024,Jan,Budget,Transportation,Car Insurance,1000.00
2024,Jan,Budget,Transportation,Fuel,40.00
2024,Jan,Budget,Transportation,Leasing Costs,264.70
2024,Jan,Budget,Transportation,Parking Charges,7.50
2024,Jan,Budget,Transportation,Public Transport,325.00
2024,Jan,Budget,Transportation,Taxes and Fines,35.00
2024,Jan,Budget,Transportation,Vehicle purchase costs,2500.00
2024,Jan,Budget,Utilities & Bills,Banking services & charges,15.00
2024,Jan,Budget,Utilities & Bills,Broadband,89.90
2024,Jan,Budget,Utilities & Bills,Energy,75.00
2024,Jan,Budget,Utilities & Bills,Maintenance and repairs,10.00
2024,Jan,Budget,Utilities & Bills,Misc. Fees,10.00
2024,Jan,Budget,Utilities & Bills,Moving,50.00
2024,Jan,Budget,Utilities & Bills,Postal Charges,5.00
2024,Jan,Budget,Utilities & Bills,Telephone & Mobile,20.00
2024,Jan,Budget,Utilities & Bills,TV & Multimedia,369.00
2024,Jan,Budget,Vacation & Travel,Vacation & Travel,1500.00
2024,Jan,Actuals,Groceries,Groceries,612.75
2024,Jan,Actuals,Health,Health Insurance,577.80
2024,Jan,Actuals,Housing,Rent and mortgage interest,2680.00
2024,Jan,Actuals,Recreation,Bars & restaurants,212.10
2024,Jan,Actuals,Recreation,Lunch - Work,27.50
2024,Jan,Actuals,Shopping,"Clothing, shoes & accessories",217.12
2024,Jan,Actuals,Shopping,Electronics & Appliances,165.35
2024,Jan,Actuals,Shopping,Gifts,15.00
2024,Jan,Actuals,Shopping,Household Articles,42.20
2024,Jan,Actuals,Shopping,Sport and recreation equipment,10.81
2024,Jan,Actuals,Transportation,Car Insurance,1245.30
2024,Jan,Actuals,Transportation,Fuel,83.73
2024,Jan,Actuals,Transportation,Leasing Costs,264.70
2024,Jan,Actuals,Transportation,Parking Charges,4.30
2024,Jan,Actuals,Transportation,Public Transport,111.30
2024,Jan,Actuals,Transportation,Taxes and Fines,400.00
2024,Jan,Actuals,Transportation,Vehicle purchase costs,2500.00
2024,Jan,Actuals,Utilities & Bills,Banking services & charges,0.00
2024,Jan,Actuals,Utilities & Bills,Broadband,83.13
2024,Jan,Actuals,Utilities & Bills,Maintenance and repairs,40.00
2024,Jan,Actuals,Utilities & Bills,Telephone & Mobile,21.90
2024,Jan,Actuals,Utilities & Bills,TV & Multimedia,28.08
2024,Jan,Actuals,Vacation & Travel,Flights & Rail,116.17
2024,Jan,Actuals,Vacation & Travel,Local transport,23.91
2024,Jan,Actuals,Vacation & Travel,Roaming Charges,8.67
2024,Feb,Budget,Groceries,Groceries,550.00
2024,Feb,Budget,Health,Drugs and pharmaceuticals,5.00
2024,Feb,Budget,Health,Medical Services,60.00
2024,Feb,Budget,Housing,Rent and mortgage interest,2680.00
2024,Feb,Budget,Other expenses,Other expenses,10.00
2024,Feb,Budget,Recreation,Bars & restaurants,255.00
2024,Feb,Budget,Recreation,Going out,10.00
2024,Feb,Budget,Recreation,Personal Care,10.00
2024,Feb,Budget,Recreation,Races,45.00
2024,Feb,Budget,Shopping,Books & literature,10.00
2024,Feb,Budget,Shopping,"Clothing, shoes & accessories",175.00
2024,Feb,Budget,Shopping,Electronics & Appliances,50.00
2024,Feb,Budget,Shopping,Furniture,50.00
2024,Feb,Budget,Shopping,Gifts,150.00
2024,Feb,Budget,Shopping,Household Articles,25.00
2024,Feb,Budget,Shopping,Sport and recreation equipment,25.00
2024,Feb,Budget,Transportation,Fuel,40.00
2024,Feb,Budget,Transportation,Leasing Costs,264.70
2024,Feb,Budget,Transportation,Parking Charges,7.50
2024,Feb,Budget,Transportation,Public Transport,325.00
2024,Feb,Budget,Transportation,Taxes and Fines,35.00
2024,Feb,Budget,Utilities & Bills,Banking services & charges,15.00
2024,Feb,Budget,Utilities & Bills,Broadband,89.90
2024,Feb,Budget,Utilities & Bills,Energy,75.00
2024,Feb,Budget,Utilities & Bills,Maintenance and repairs,10.00
2024,Feb,Budget,Utilities & Bills,Misc. Fees,10.00
2024,Feb,Budget,Utilities & Bills,Moving,50.00
2024,Feb,Budget,Utilities & Bills,Postal Charges,5.00
2024,Feb,Budget,Utilities & Bills,Telephone & Mobile,20.00
2024,Feb,Budget,Utilities & Bills,TV & Multimedia,34.00
2024,Feb,Budget,Vacation & Travel,Vacation & Travel,1500.00
2024,Feb,Actuals,Groceries,Groceries,547.25
2024,Feb,Actuals,Health,Health Insurance,299.55
2024,Feb,Actuals,Housing,Rent and mortgage interest,2680.00
2024,Feb,Actuals,Other expenses,Cash Withdrawls,50.00
2024,Feb,Actuals,Recreation,Bars & restaurants,266.51
2024,Feb,Actuals,Recreation,Lunch - Work,42.30
2024,Feb,Actuals,Recreation,Races,40.00
2024,Feb,Actuals,Shopping,Gifts,18.92
2024,Feb,Actuals,Shopping,Household Articles,9.95
2024,Feb,Actuals,Transportation,Fuel,73.52
2024,Feb,Actuals,Transportation,Leasing Costs,264.70
2024,Feb,Actuals,Transportation,Parking Charges,12.94
2024,Feb,Actuals,Transportation,Public Transport,64.80
2024,Feb,Actuals,Transportation,Vehicle purchase costs,623.41
2024,Feb,Actuals,Utilities & Bills,Banking services & charges,0.00
2024,Feb,Actuals,Utilities & Bills,Broadband,83.21
2024,Feb,Actuals,Utilities & Bills,Telephone & Mobile,23.08
2024,Feb,Actuals,Utilities & Bills,TV & Multimedia,28.76
2024,Mar,Budget,Groceries,Groceries,550.00
2024,Mar,Budget,Health,Drugs and pharmaceuticals,5.00
2024,Mar,Budget,Health,Medical Services,60.00
2024,Mar,Budget,Housing,Rent and mortgage interest,2680.00
2024,Mar,Budget,Other expenses,Other expenses,10.00
2024,Mar,Budget,Recreation,Bars & restaurants,255.00
2024,Mar,Budget,Recreation,Going out,10.00
2024,Mar,Budget,Recreation,Personal Care,10.00
2024,Mar,Budget,Recreation,Races,45.00
2024,Mar,Budget,Shopping,Books & literature,10.00
2024,Mar,Budget,Shopping,"Clothing, shoes & accessories",175.00
2024,Mar,Budget,Shopping,Electronics & Appliances,50.00
2024,Mar,Budget,Shopping,Furniture,50.00
2024,Mar,Budget,Shopping,Gifts,150.00
2024,Mar,Budget,Shopping,Household Articles,25.00
2024,Mar,Budget,Shopping,Sport and recreation equipment,25.00
2024,Mar,Budget,Transportation,Fuel,40.00
2024,Mar,Budget,Transportation,Leasing Costs,264.70
2024,Mar,Budget,Transportation,Parking Charges,7.50
2024,Mar,Budget,Transportation,Public Transport,325.00
2024,Mar,Budget,Transportation,Taxes and Fines,35.00
2024,Mar,Budget,Utilities & Bills,Banking services & charges,15.00
2024,Mar,Budget,Utilities & Bills,Broadband,89.90
2024,Mar,Budget,Utilities & Bills,Energy,75.00
2024,Mar,Budget,Utilities & Bills,Maintenance and repairs,10.00
2024,Mar,Budget,Utilities & Bills,Misc. Fees,10.00
2024,Mar,Budget,Utilities & Bills,Moving,50.00
2024,Mar,Budget,Utilities & Bills,Postal Charges,5.00
2024,Mar,Budget,Utilities & Bills,Telephone & Mobile,20.00
2024,Mar,Budget,Utilities & Bills,TV & Multimedia,34.00
2024,Mar,Budget,Vacation & Travel,Vacation & Travel,1500.00
2024,Mar,Actuals,Groceries,Groceries,745.49
2024,Mar,Actuals,Health,Health Insurance,856.05
2024,Mar,Actuals,Housing,Rent and mortgage interest,2680.00
2024,Mar,Actuals,Recreation,Bars & restaurants,660.81
2024,Mar,Actuals,Recreation,Lunch - Work,63.00
2024,Mar,Actuals,Recreation,Personal Care,28.00
2024,Mar,Actuals,Recreation,Training & further education,936.00
2024,Mar,Actuals,Shopping,"Clothing, shoes & accessories",338.75
2024,Mar,Actuals,Shopping,Gifts,216.51
2024,Mar,Actuals,Shopping,Household Articles,27.30
2024,Mar,Actuals,Shopping,Sport and recreation equipment,83.02
2024,Mar,Actuals,Transportation,Fuel,85.25
2024,Mar,Actuals,Transportation,Leasing Costs,264.70
2024,Mar,Actuals,Transportation,Parking Charges,21.54
2024,Mar,Actuals,Transportation,Public Transport,3056.25
2024,Mar,Actuals,Transportation,Vehicle purchase costs,-24.32
2024,Mar,Actuals,Utilities & Bills,Banking services & charges,15.00
2024,Mar,Actuals,Utilities & Bills,Broadband,83.27
2024,Mar,Actuals,Utilities & Bills,Energy,212.55
2024,Mar,Actuals,Utilities & Bills,TV & Multimedia,29.32
2024,Mar,Actuals,Vacation & Travel,Accomodation,101.70
2024,Mar,Actuals,Vacation & Travel,Eat & Drink,439.50
2024,Mar,Actuals,Vacation & Travel,Local transport,37.50
2024,Apr,Budget,Groceries,Groceries,550.00
2024,Apr,Budget,Health,Drugs and pharmaceuticals,5.00
2024,Apr,Budget,Health,Medical Services,60.00
2024,Apr,Budget,Housing,Rent and mortgage interest,2680.00
2024,Apr,Budget,Other expenses,Other expenses,10.00
2024,Apr,Budget,Recreation,Bars & restaurants,255.00
2024,Apr,Budget,Recreation,Fitness centre,850.00
2024,Apr,Budget,Recreation,Going out,10.00
2024,Apr,Budget,Recreation,Personal Care,10.00
2024,Apr,Budget,Recreation,Races,45.00
2024,Apr,Budget,Recreation,Training & further education,1920.00
2024,Apr,Budget,Shopping,Books & literature,10.00
2024,Apr,Budget,Shopping,"Clothing, shoes & accessories",175.00
2024,Apr,Budget,Shopping,Electronics & Appliances,50.00
2024,Apr,Budget,Shopping,Furniture,50.00
2024,Apr,Budget,Shopping,Gifts,150.00
2024,Apr,Budget,Shopping,Household Articles,25.00
2024,Apr,Budget,Shopping,Sport and recreation equipment,25.00
2024,Apr,Budget,Transportation,Fuel,40.00
2024,Apr,Budget,Transportation,Leasing Costs,264.70
2024,Apr,Budget,Transportation,Parking Charges,7.50
2024,Apr,Budget,Transportation,Public Transport,325.00
2024,Apr,Budget,Transportation,Taxes and Fines,35.00
2024,Apr,Budget,Utilities & Bills,Banking services & charges,15.00
2024,Apr,Budget,Utilities & Bills,Broadband,89.90
2024,Apr,Budget,Utilities & Bills,Energy,75.00
2024,Apr,Budget,Utilities & Bills,Maintenance and repairs,10.00
2024,Apr,Budget,Utilities & Bills,Misc. Fees,10.00
2024,Apr,Budget,Utilities & Bills,Moving,50.00
2024,Apr,Budget,Utilities & Bills,Postal Charges,5.00
2024,Apr,Budget,Utilities & Bills,Telephone & Mobile,20.00
2024,Apr,Budget,Utilities & Bills,TV & Multimedia,34.00
2024,Apr,Budget,Vacation & Travel,Vacation & Travel,1500.00
2024,Apr,Actuals,Groceries,Groceries,503.80
2024,Apr,Actuals,Health,Health Insurance,577.80
2024,Apr,Actuals,Housing,Rent and mortgage interest,2680.00
2024,Apr,Actuals,Other expenses,Cash Withdrawls,103.85
2024,Apr,Actuals,Recreation,Bars & restaurants,302.82
2024,Apr,Actuals,Recreation,Fitness centre,822.90
2024,Apr,Actuals,Recreation,Lunch - Work,26.00
2024,Apr,Actuals,Recreation,Races,138.00
2024,Apr,Actuals,Shopping,Gifts,355.19
2024,Apr,Actuals,Shopping,Household Articles,10.60
2024,Apr,Actuals,Transportation,Leasing Costs,264.70
2024,Apr,Actuals,Transportation,Public Transport,174.29
2024,Apr,Actuals,Utilities & Bills,Banking services & charges,15.00
2024,Apr,Actuals,Utilities & Bills,Broadband,83.31
2024,Apr,Actuals,Utilities & Bills,Telephone & Mobile,21.90
2024,Apr,Actuals,Utilities & Bills,TV & Multimedia,29.61
2024,Apr,Actuals,Vacation & Travel,Eat & Drink,82.45
2024,Apr,Actuals,Vacation & Travel,Flights & Rail,296.70
2024,Apr,Actuals,Vacation & Travel,Roaming Charges,8.16
2024,May,Budget,Groceries,Groceries,550.00
2024,May,Budget,Health,Drugs and pharmaceuticals,5.00
2024,May,Budget,Health,Medical Services,60.00
2024,May,Budget,Housing,Rent and mortgage interest,2680.00
2024,May,Budget,Other expenses,Other expenses,10.00
2024,May,Budget,Recreation,Bars & restaurants,255.00
2024,May,Budget,Recreation,Going out,10.00
2024,May,Budget,Recreation,Personal Care,10.00
2024,May,Budget,Recreation,Races,45.00
2024,May,Budget,Shopping,Books & literature,10.00
2024,May,Budget,Shopping,"Clothing, shoes & accessories",175.00
2024,May,Budget,Shopping,Electronics & Appliances,50.00
2024,May,Budget,Shopping,Furniture,50.00
2024,May,Budget,Shopping,Gifts,150.00
2024,May,Budget,Shopping,Household Articles,25.00
2024,May,Budget,Shopping,Sport and recreation equipment,25.00
2024,May,Budget,Transportation,Fuel,40.00
2024,May,Budget,Transportation,Leasing Costs,264.70
2024,May,Budget,Transportation,Parking Charges,7.50
2024,May,Budget,Transportation,Public Transport,325.00
2024,May,Budget,Transportation,Taxes and Fines,35.00
2024,May,Budget,Utilities & Bills,Banking services & charges,15.00
2024,May,Budget,Utilities & Bills,Broadband,89.90
2024,May,Budget,Utilities & Bills,Energy,75.00
2024,May,Budget,Utilities & Bills,Maintenance and repairs,10.00
2024,May,Budget,Utilities & Bills,Misc. Fees,10.00
2024,May,Budget,Utilities & Bills,Moving,50.00
2024,May,Budget,Utilities & Bills,Postal Charges,5.00
2024,May,Budget,Utilities & Bills,Telephone & Mobile,20.00
2024,May,Budget,Utilities & Bills,TV & Multimedia,34.00
2024,May,Budget,Vacation & Travel,Vacation & Travel,1500.00
2024,May,Actuals,Groceries,Groceries,397.92
2024,May,Actuals,Health,Health Insurance,577.80
2024,May,Actuals,Health,Medical Services,93.63
2024,May,Actuals,Housing,Rent and mortgage interest,2680.00
2024,May,Actuals,Recreation,Bars & restaurants,99.50
2024,May,Actuals,Recreation,Lunch - Work,39.00
2024,May,Actuals,Shopping,"Clothing, shoes & accessories",182.06
2024,May,Actuals,Shopping,Electronics & Appliances,69.90
2024,May,Actuals,Shopping,Gifts,389.33
2024,May,Actuals,Shopping,Household Articles,68.55
2024,May,Actuals,Transportation,Leasing Costs,264.70
2024,May,Actuals,Transportation,Parking Charges,2.50
2024,May,Actuals,Utilities & Bills,Banking services & charges,15.00
2024,May,Actuals,Utilities & Bills,Broadband,3.00
2024,May,Actuals,Utilities & Bills,Energy,228.50
2024,May,Actuals,Utilities & Bills,Telephone & Mobile,17.73
2024,May,Actuals,Utilities & Bills,TV & Multimedia,32.15
2024,May,Actuals,Vacation & Travel,Accomodation,304.23
2024,May,Actuals,Vacation & Travel,Eat & Drink,506.04
2024,May,Actuals,Vacation & Travel,Flights & Rail,1239.43
2024,May,Actuals,Vacation & Travel,Local transport,138.51
2024,May,Actuals,Vacation & Travel,Roaming Charges,15.65
2024,Jun,Budget,Groceries,Groceries,550.00
2024,Jun,Budget,Health,Drugs and pharmaceuticals,5.00
2024,Jun,Budget,Health,Medical Services,60.00
2024,Jun,Budget,Housing,Rent and mortgage interest,2680.00
2024,Jun,Budget,Other expenses,Other expenses,10.00
2024,Jun,Budget,Recreation,Bars & restaurants,255.00
2024,Jun,Budget,Recreation,Going out,10.00
2024,Jun,Budget,Recreation,Personal Care,10.00
2024,Jun,Budget,Recreation,Races,45.00
2024,Jun,Budget,Shopping,Books & literature,10.00
2024,Jun,Budget,Shopping,"Clothing, shoes & accessories",175.00
2024,Jun,Budget,Shopping,Electronics & Appliances,50.00
2024,Jun,Budget,Shopping,Furniture,50.00
2024,Jun,Budget,Shopping,Gifts,150.00
2024,Jun,Budget,Shopping,Household Articles,25.00
2024,Jun,Budget,Shopping,Sport and recreation equipment,25.00
2024,Jun,Budget,Transportation,Fuel,40.00
2024,Jun,Budget,Transportation,Leasing Costs,264.70
2024,Jun,Budget,Transportation,Parking Charges,7.50
2024,Jun,Budget,Transportation,Public Transport,325.00
2024,Jun,Budget,Transportation,Taxes and Fines,35.00
2024,Jun,Budget,Utilities & Bills,Banking services & charges,15.00
2024,Jun,Budget,Utilities & Bills,Broadband,154.90
2024,Jun,Budget,Utilities & Bills,Energy,75.00
2024,Jun,Budget,Utilities & Bills,Maintenance and repairs,10.00
2024,Jun,Budget,Utilities & Bills,Misc. Fees,10.00
2024,Jun,Budget,Utilities & Bills,Moving,50.00
2024,Jun,Budget,Utilities & Bills,Postal Charges,5.00
2024,Jun,Budget,Utilities & Bills,Telephone & Mobile,20.00
2024,Jun,Budget,Utilities & Bills,TV & Multimedia,34.00
2024,Jun,Budget,Vacation & Travel,Vacation & Travel,1500.00
2024,Jun,Actuals,Groceries,Groceries,698.70
2024,Jun,Actuals,Health,Health Insurance,577.80
2024,Jun,Actuals,Housing,Rent and mortgage interest,2680.00
2024,Jun,Actuals,Recreation,Bars & restaurants,218.81
2024,Jun,Actuals,Recreation,Lunch - Work,40.50
2024,Jun,Actuals,Recreation,Personal Care,30.00
2024,Jun,Actuals,Recreation,Races,201.68
2024,Jun,Actuals,Shopping,"Clothing, shoes & accessories",171.67
2024,Jun,Actuals,Shopping,Gifts,39.44
2024,Jun,Actuals,Shopping,Household Articles,62.99
2024,Jun,Actuals,Transportation,Leasing Costs,264.70
2024,Jun,Actuals,Transportation,Public Transport,236.00
2024,Jun,Actuals,Utilities & Bills,Banking services & charges,15.00
2024,Jun,Actuals,Utilities & Bills,Broadband,172.40
2024,Jun,Actuals,Utilities & Bills,Telephone & Mobile,16.63
2024,Jun,Actuals,Utilities & Bills,TV & Multimedia,31.80
2024,Jun,Actuals,Vacation & Travel,Eat & Drink,60.36
2024,Jun,Actuals,Vacation & Travel,Flights & Rail,265.85
2024,Jun,Actuals,Vacation & Travel,Local transport,146.75
2024,Jul,Budget,Groceries,Groceries,550.00
2024,Jul,Budget,Health,Drugs and pharmaceuticals,5.00
2024,Jul,Budget,Health,Medical Services,60.00
2024,Jul,Budget,Housing,Rent and mortgage interest,2680.00
2024,Jul,Budget,Other expenses,Other expenses,10.00
2024,Jul,Budget,Recreation,Bars & restaurants,255.00
2024,Jul,Budget,Recreation,Going out,10.00
2024,Jul,Budget,Recreation,Personal Care,10.00
2024,Jul,Budget,Recreation,Races,45.00
2024,Jul,Budget,Shopping,Books & literature,10.00
2024,Jul,Budget,Shopping,"Clothing, shoes & accessories",175.00
2024,Jul,Budget,Shopping,Electronics & Appliances,50.00
2024,Jul,Budget,Shopping,Furniture,50.00
2024,Jul,Budget,Shopping,Gifts,150.00
2024,Jul,Budget,Shopping,Household Articles,25.00
2024,Jul,Budget,Shopping,Sport and recreation equipment,25.00
2024,Jul,Budget,Transportation,Fuel,40.00
2024,Jul,Budget,Transportation,Leasing Costs,264.70
2024,Jul,Budget,Transportation,Parking Charges,7.50
2024,Jul,Budget,Transportation,Public Transport,325.00
2024,Jul,Budget,Transportation,Taxes and Fines,35.00
2024,Jul,Budget,Utilities & Bills,Banking services & charges,15.00
2024,Jul,Budget,Utilities & Bills,Broadband,89.90
2024,Jul,Budget,Utilities & Bills,Energy,75.00
2024,Jul,Budget,Utilities & Bills,Maintenance and repairs,10.00
2024,Jul,Budget,Utilities & Bills,Misc. Fees,10.00
2024,Jul,Budget,Utilities & Bills,Moving,50.00
2024,Jul,Budget,Utilities & Bills,Postal Charges,5.00
2024,Jul,Budget,Utilities & Bills,Telephone & Mobile,20.00
2024,Jul,Budget,Utilities & Bills,TV & Multimedia,34.00
2024,Jul,Budget,Vacation & Travel,Vacation & Travel,1500.00
2024,Jul,Actuals,Groceries,Groceries,708.62
2024,Jul,Actuals,Health,Health Insurance,577.80
2024,Jul,Actuals,Housing,Rent and mortgage interest,2680.00
2024,Jul,Actuals,Recreation,Bars & restaurants,260.00
2024,Jul,Actuals,Recreation,Lunch - Work,23.30
2024,Jul,Actuals,Shopping,"Clothing, shoes & accessories",337.40
2024,Jul,Actuals,Transportation,Leasing Costs,264.70
2024,Jul,Actuals,Transportation,Public Transport,26.00
2024,Jul,Actuals,Utilities & Bills,Banking services & charges,15.00
2024,Jul,Actuals,Utilities & Bills,Broadband,154.93
2024,Jul,Actuals,Utilities & Bills,Telephone & Mobile,24.44
2024,Jul,Actuals,Utilities & Bills,TV & Multimedia,32.10
2024,Jul,Actuals,Vacation & Travel,Accomodation,615.24
2024,Jul,Actuals,Vacation & Travel,Eat & Drink,866.23
2024,Jul,Actuals,Vacation & Travel,Flights & Rail,100.00
2024,Jul,Actuals,Vacation & Travel,Local transport,175.54
2024,Aug,Budget,Groceries,Groceries,550.00
2024,Aug,Budget,Health,Drugs and pharmaceuticals,5.00
2024,Aug,Budget,Health,Medical Services,60.00
2024,Aug,Budget,Housing,Rent and mortgage interest,2680.00
2024,Aug,Budget,Other expenses,Other expenses,10.00
2024,Aug,Budget,Recreation,Bars & restaurants,255.00
2024,Aug,Budget,Recreation,Going out,10.00
2024,Aug,Budget,Recreation,Personal Care,10.00
2024,Aug,Budget,Recreation,Races,45.00
2024,Aug,Budget,Shopping,Books & literature,10.00
2024,Aug,Budget,Shopping,"Clothing, shoes & accessories",175.00
2024,Aug,Budget,Shopping,Electronics & Appliances,50.00
2024,Aug,Budget,Shopping,Furniture,50.00
2024,Aug,Budget,Shopping,Gifts,150.00
2024,Aug,Budget,Shopping,Household Articles,25.00
2024,Aug,Budget,Shopping,Sport and recreation equipment,25.00
2024,Aug,Budget,Transportation,Fuel,40.00
2024,Aug,Budget,Transportation,Leasing Costs,264.70
2024,Aug,Budget,Transportation,Parking Charges,7.50
2024,Aug,Budget,Transportation,Public Transport,325.00
2024,Aug,Budget,Transportation,Taxes and Fines,35.00
2024,Aug,Budget,Utilities & Bills,Banking services & charges,15.00
2024,Aug,Budget,Utilities & Bills,Broadband,89.90
2024,Aug,Budget,Utilities & Bills,Energy,75.00
2024,Aug,Budget,Utilities & Bills,Maintenance and repairs,10.00
2024,Aug,Budget,Utilities & Bills,Misc. Fees,10.00
2024,Aug,Budget,Utilities & Bills,Moving,50.00
2024,Aug,Budget,Utilities & Bills,Postal Charges,5.00
2024,Aug,Budget,Utilities & Bills,Telephone & Mobile,20.00
2024,Aug,Budget,Utilities & Bills,TV & Multimedia,34.00
2024,Aug,Budget,Vacation & Travel,Vacation & Travel,1500.00
2024,Aug,Actuals,Groceries,Groceries,734.15
2024,Aug,Actuals,Health,Health Insurance,577.80
2024,Aug,Actuals,Housing,Rent and mortgage interest,2680.00
2024,Aug,Actuals,Recreation,Bars & restaurants,264.20
2024,Aug,Actuals,Recreation,Lunch - Work,69.60
2024,Aug,Actuals,Recreation,Personal Care,30.00
2024,Aug,Actuals,Recreation,Races,119.00
2024,Aug,Actuals,Shopping,"Clothing, shoes & accessories",6.40
2024,Aug,Actuals,Shopping,Electronics & Appliances,500.00
2024,Aug,Actuals,Shopping,Gifts,150.00
2024,Aug,Actuals,Shopping,Household Articles,32.50
2024,Aug,Actuals,Shopping,Sport and recreation equipment,134.55
2024,Aug,Actuals,Transportation,Fuel,85.46
2024,Aug,Actuals,Transportation,Leasing Costs,264.70
2024,Aug,Actuals,Transportation,Parking Charges,9.20
2024,Aug,Actuals,Transportation,Public Transport,39.50
2024,Aug,Actuals,Utilities & Bills,Banking services & charges,15.00
2024,Aug,Actuals,Utilities & Bills,Broadband,89.90
2024,Aug,Actuals,Utilities & Bills,Energy,207.60
2024,Aug,Actuals,Utilities & Bills,Telephone & Mobile,10.95
2024,Aug,Actuals,Utilities & Bills,TV & Multimedia,31.04
2024,Aug,Actuals,Vacation & Travel,Accomodation,275.62
2024,Aug,Actuals,Vacation & Travel,Admission & Tickets,68.00
2024,Aug,Actuals,Vacation & Travel,Eat & Drink,1101.59
2024,Aug,Actuals,Vacation & Travel,Local transport,132.79
2024,Sep,Budget,Groceries,Groceries,550.00
2024,Sep,Budget,Health,Drugs and pharmaceuticals,5.00
2024,Sep,Budget,Health,Medical Services,60.00
2024,Sep,Budget,Housing,Rent and mortgage interest,2680.00
2024,Sep,Budget,Other expenses,Other expenses,10.00
2024,Sep,Budget,Recreation,Bars & restaurants,255.00
2024,Sep,Budget,Recreation,Going out,10.00
2024,Sep,Budget,Recreation,Personal Care,10.00
2024,Sep,Budget,Recreation,Races,45.00
2024,Sep,Budget,Shopping,Books & literature,10.00
2024,Sep,Budget,Shopping,"Clothing, shoes & accessories",175.00
2024,Sep,Budget,Shopping,Electronics & Appliances,50.00
2024,Sep,Budget,Shopping,Furniture,50.00
2024,Sep,Budget,Shopping,Gifts,150.00
2024,Sep,Budget,Shopping,Household Articles,25.00
2024,Sep,Budget,Shopping,Sport and recreation equipment,25.00
2024,Sep,Budget,Transportation,Fuel,40.00
2024,Sep,Budget,Transportation,Leasing Costs,264.70
2024,Sep,Budget,Transportation,Parking Charges,7.50
2024,Sep,Budget,Transportation,Public Transport,325.00
2024,Sep,Budget,Transportation,Taxes and Fines,35.00
2024,Sep,Budget,Utilities & Bills,Banking services & charges,15.00
2024,Sep,Budget,Utilities & Bills,Broadband,89.90
2024,Sep,Budget,Utilities & Bills,Energy,75.00
2024,Sep,Budget,Utilities & Bills,Maintenance and repairs,10.00
2024,Sep,Budget,Utilities & Bills,Misc. Fees,10.00
2024,Sep,Budget,Utilities & Bills,Moving,50.00
2024,Sep,Budget,Utilities & Bills,Postal Charges,5.00
2024,Sep,Budget,Utilities & Bills,Telephone & Mobile,20.00
2024,Sep,Budget,Utilities & Bills,TV & Multimedia,34.00
2024,Sep,Budget,Vacation & Travel,Vacation & Travel,1500.00
2024,Sep,Actuals,Groceries,Groceries,418.09
2024,Sep,Actuals,Health,Drugs and pharmaceuticals,2.82
2024,Sep,Actuals,Health,Health Insurance,577.80
2024,Sep,Actuals,Housing,Rent and mortgage interest,2680.00
2024,Sep,Actuals,Recreation,Bars & restaurants,414.60
2024,Sep,Actuals,Recreation,Lunch - Work,28.80
2024,Sep,Actuals,Recreation,Training & further education,988.00
2024,Sep,Actuals,Shopping,"Clothing, shoes & accessories",373.50
2024,Sep,Actuals,Shopping,Sport and recreation equipment,-50.00
2024,Sep,Actuals,Transportation,Leasing Costs,264.70
2024,Sep,Actuals,Transportation,Public Transport,78.00
2024,Sep,Actuals,Utilities & Bills,Banking services & charges,15.00
2024,Sep,Actuals,Utilities & Bills,Broadband,10.00
2024,Sep,Actuals,Utilities & Bills,Telephone & Mobile,11.45
2024,Sep,Actuals,Utilities & Bills,TV & Multimedia,42.23
2024,Sep,Actuals,Vacation & Travel,Accomodation,487.43
2024,Sep,Actuals,Vacation & Travel,Admission & Tickets,245.51
2024,Sep,Actuals,Vacation & Travel,Eat & Drink,841.31
2024,Sep,Actuals,Vacation & Travel,Flights & Rail,323.91
2024,Sep,Actuals,Vacation & Travel,Local transport,56.74
2024,Sep,Actuals,Vacation & Travel,Roaming Charges,8.94
2024,Oct,Budget,Groceries,Groceries,550.00
2024,Oct,Budget,Health,Drugs and pharmaceuticals,5.00
2024,Oct,Budget,Health,Medical Services,60.00
2024,Oct,Budget,Housing,Rent and mortgage interest,2680.00
2024,Oct,Budget,Other expenses,Other expenses,10.00
2024,Oct,Budget,Recreation,Bars & restaurants,255.00
2024,Oct,Budget,Recreation,Going out,10.00
2024,Oct,Budget,Recreation,Personal Care,10.00
2024,Oct,Budget,Recreation,Races,45.00
2024,Oct,Budget,Shopping,Books & literature,10.00
2024,Oct,Budget,Shopping,"Clothing, shoes & accessories",175.00
2024,Oct,Budget,Shopping,Electronics & Appliances,50.00
2024,Oct,Budget,Shopping,Furniture,50.00
2024,Oct,Budget,Shopping,Gifts,150.00
2024,Oct,Budget,Shopping,Household Articles,25.00
2024,Oct,Budget,Shopping,Sport and recreation equipment,25.00
2024,Oct,Budget,Transportation,Fuel,40.00
2024,Oct,Budget,Transportation,Leasing Costs,264.70
2024,Oct,Budget,Transportation,Parking Charges,7.50
2024,Oct,Budget,Transportation,Public Transport,325.00
2024,Oct,Budget,Transportation,Service & Maintenance,785.00
2024,Oct,Budget,Transportation,Taxes and Fines,35.00
2024,Oct,Budget,Utilities & Bills,Banking services & charges,15.00
2024,Oct,Budget,Utilities & Bills,Broadband,89.90
2024,Oct,Budget,Utilities & Bills,Energy,75.00
2024,Oct,Budget,Utilities & Bills,Maintenance and repairs,10.00
2024,Oct,Budget,Utilities & Bills,Misc. Fees,10.00
2024,Oct,Budget,Utilities & Bills,Moving,50.00
2024,Oct,Budget,Utilities & Bills,Postal Charges,5.00
2024,Oct,Budget,Utilities & Bills,Telephone & Mobile,20.00
2024,Oct,Budget,Utilities & Bills,TV & Multimedia,34.00
2024,Oct,Budget,Vacation & Travel,Vacation & Travel,1500.00
2024,Oct,Actuals,Groceries,Groceries,553.13
2024,Oct,Actuals,Health,Health Insurance,877.35
2024,Oct,Actuals,Housing,Rent and mortgage interest,2680.00
2024,Oct,Actuals,Recreation,Bars & restaurants,46.00
2024,Oct,Actuals,Recreation,Lunch - Work,7.80
2024,Oct,Actuals,Recreation,Personal Care,28.00
2024,Oct,Actuals,Shopping,"Clothing, shoes & accessories",100.00
2024,Oct,Actuals,Shopping,Gifts,428.76
2024,Oct,Actuals,Shopping,Household Articles,4.90
2024,Oct,Actuals,Transportation,Leasing Costs,264.70
2024,Oct,Actuals,Transportation,Public Transport,78.00
2024,Oct,Actuals,Utilities & Bills,Banking services & charges,15.00
2024,Oct,Actuals,Utilities & Bills,Broadband,169.80
2024,Oct,Actuals,Utilities & Bills,Energy,223.60
2024,Oct,Actuals,Utilities & Bills,Telephone & Mobile,10.95
2024,Oct,Actuals,Utilities & Bills,TV & Multimedia,42.34
2024,Oct,Actuals,Vacation & Travel,Accomodation,122.28
2024,Oct,Actuals,Vacation & Travel,Eat & Drink,624.67
2024,Oct,Actuals,Vacation & Travel,Flights & Rail,1390.68
2024,Oct,Actuals,Vacation & Travel,Local transport,141.14
2024,Oct,Actuals,Vacation & Travel,Roaming Charges,16.90
2024,Nov,Budget,Groceries,Groceries,550.00
2024,Nov,Budget,Health,Drugs and pharmaceuticals,5.00
2024,Nov,Budget,Health,Medical Services,60.00
2024,Nov,Budget,Housing,Rent and mortgage interest,2680.00
2024,Nov,Budget,Other expenses,Other expenses,10.00
2024,Nov,Budget,Recreation,Bars & restaurants,255.00
2024,Nov,Budget,Recreation,Going out,10.00
2024,Nov,Budget,Recreation,Personal Care,10.00
2024,Nov,Budget,Recreation,Races,45.00
2024,Nov,Budget,Shopping,Books & literature,10.00
2024,Nov,Budget,Shopping,"Clothing, shoes & accessories",175.00
2024,Nov,Budget,Shopping,Electronics & Appliances,50.00
2024,Nov,Budget,Shopping,Furniture,50.00
2024,Nov,Budget,Shopping,Gifts,150.00
2024,Nov,Budget,Shopping,Household Articles,25.00
2024,Nov,Budget,Shopping,Sport and recreation equipment,25.00
2024,Nov,Budget,Transportation,Fuel,40.00
2024,Nov,Budget,Transportation,Leasing Costs,264.70
2024,Nov,Budget,Transportation,Parking Charges,7.50
2024,Nov,Budget,Transportation,Public Transport,325.00
2024,Nov,Budget,Transportation,Taxes and Fines,35.00
2024,Nov,Budget,Utilities & Bills,Banking services & charges,15.00
2024,Nov,Budget,Utilities & Bills,Broadband,89.90
2024,Nov,Budget,Utilities & Bills,Energy,75.00
2024,Nov,Budget,Utilities & Bills,Maintenance and repairs,10.00
2024,Nov,Budget,Utilities & Bills,Misc. Fees,10.00
2024,Nov,Budget,Utilities & Bills,Moving,50.00
2024,Nov,Budget,Utilities & Bills,Postal Charges,5.00
2024,Nov,Budget,Utilities & Bills,Telephone & Mobile,20.00
2024,Nov,Budget,Utilities & Bills,TV & Multimedia,34.00
2024,Nov,Budget,Vacation & Travel,Vacation & Travel,1500.00
2024,Nov,Actuals,Groceries,Groceries,369.62
2024,Nov,Actuals,Health,Drugs and pharmaceuticals,29.72
2024,Nov,Actuals,Health,Health Insurance,584.60
2024,Nov,Actuals,Health,Medical Services,656.01
2024,Nov,Actuals,Housing,Rent and mortgage interest,2680.00
2024,Nov,Actuals,Recreation,Bars & restaurants,305.69
2024,Nov,Actuals,Recreation,Lunch - Work,34.50
2024,Nov,Actuals,Shopping,"Clothing, shoes & accessories",303.06
2024,Nov,Actuals,Shopping,Gifts,70.80
2024,Nov,Actuals,Shopping,Sport and recreation equipment,641.51
2024,Nov,Actuals,Transportation,Leasing Costs,264.70
2024,Nov,Actuals,Transportation,Parking Charges,6.54
2024,Nov,Actuals,Transportation,Public Transport,39.00
2024,Nov,Actuals,Utilities & Bills,Banking services & charges,15.00
2024,Nov,Actuals,Utilities & Bills,Broadband,89.90
2024,Nov,Actuals,Utilities & Bills,Telephone & Mobile,10.95
2024,Nov,Actuals,Utilities & Bills,TV & Multimedia,31.38
2024,Nov,Actuals,Vacation & Travel,Eat & Drink,319.15
2024,Nov,Actuals,Vacation & Travel,Flights & Rail,1598.16
2024,Nov,Actuals,Vacation & Travel,Local transport,8.37
2024,Nov,Actuals,Vacation & Travel,Roaming Charges,9.58
2024,Dec,Budget,Groceries,Groceries,550.00
2024,Dec,Budget,Health,Drugs and pharmaceuticals,5.00
2024,Dec,Budget,Health,Medical Services,60.00
2024,Dec,Budget,Housing,Rent and mortgage interest,2680.00
2024,Dec,Budget,Other expenses,Other expenses,10.00
2024,Dec,Budget,Recreation,Bars & restaurants,255.00
2024,Dec,Budget,Recreation,Going out,10.00
2024,Dec,Budget,Recreation,Personal Care,10.00
2024,Dec,Budget,Recreation,Races,45.00
2024,Dec,Budget,Shopping,Books & literature,10.00
2024,Dec,Budget,Shopping,"Clothing, shoes & accessories",175.00
2024,Dec,Budget,Shopping,Electronics & Appliances,50.00
2024,Dec,Budget,Shopping,Furniture,50.00
2024,Dec,Budget,Shopping,Gifts,150.00
2024,Dec,Budget,Shopping,Household Articles,25.00
2024,Dec,Budget,Shopping,Sport and recreation equipment,25.00
2024,Dec,Budget,Transportation,Fuel,40.00
2024,Dec,Budget,Transportation,Leasing Costs,264.70
2024,Dec,Budget,Transportation,Parking Charges,7.50
2024,Dec,Budget,Transportation,Public Transport,325.00
2024,Dec,Budget,Transportation,Taxes and Fines,35.00
2024,Dec,Budget,Utilities & Bills,Banking services & charges,15.00
2024,Dec,Budget,Utilities & Bills,Broadband,89.90
2024,Dec,Budget,Utilities & Bills,Energy,75.00
2024,Dec,Budget,Utilities & Bills,Maintenance and repairs,10.00
2024,Dec,Budget,Utilities & Bills,Misc. Fees,10.00
2024,Dec,Budget,Utilities & Bills,Moving,50.00
2024,Dec,Budget,Utilities & Bills,Postal Charges,5.00
2024,Dec,Budget,Utilities & Bills,Telephone & Mobile,20.00
2024,Dec,Budget,Utilities & Bills,TV & Multimedia,34.00
2024,Dec,Budget,Vacation & Travel,Vacation & Travel,1500.00
2024,Dec,Actuals,Groceries,Groceries,263.89
2024,Dec,Actuals,Housing,Rent and mortgage interest,2680.00
2024,Dec,Actuals,Recreation,Bars & restaurants,10.00
2024,Dec,Actuals,Recreation,Personal Care,40.00
2024,Dec,Actuals,Shopping,"Clothing, shoes & accessories",65.37
2024,Dec,Actuals,Shopping,Household Articles,3.72
2024,Dec,Actuals,Shopping,Sport and recreation equipment,433.01
2024,Dec,Actuals,Transportation,Fuel,75.07
2024,Dec,Actuals,Transportation,Leasing Costs,264.70
2024,Dec,Actuals,Transportation,Parking Charges,6.00
2024,Dec,Actuals,Transportation,Taxes and Fines,18.78
2024,Dec,Actuals,Utilities & Bills,Banking services & charges,15.00
2024,Dec,Actuals,Utilities & Bills,Broadband,10.00
2024,Dec,Actuals,Utilities & Bills,Telephone & Mobile,10.95
2024,Dec,Actuals,Utilities & Bills,TV & Multimedia,701.56
2024,Dec,Actuals,Vacation & Travel,Accomodation,1271.86
2024,Dec,Actuals,Vacation & Travel,Admission & Tickets,77.97
2024,Dec,Actuals,Vacation & Travel,Eat & Drink,2050.55
2024,Dec,Actuals,Vacation & Travel,Flights & Rail,1115.29
2024,Dec,Actuals,Vacation & Travel,Local transport,326.75
2024,Dec,Actuals,Vacation & Travel,Roaming Charges,10.80
2025,Jan,Budget,Groceries,Groceries,550.00
2025,Jan,Budget,Health,Drugs and pharmaceuticals,5.00
2025,Jan,Budget,Health,Health Insurance,6650.00
2025,Jan,Budget,Health,Medical Services,60.00
2025,Jan,Budget,Housing,Rent and mortgage interest,2680.00
2025,Jan,Budget,Other expenses,Other expenses,10.00
2025,Jan,Budget,Recreation,Bars & restaurants,255.00
2025,Jan,Budget,Recreation,Fitness centre,850.00
2025,Jan,Budget,Recreation,Going out,10.00
2025,Jan,Budget,Recreation,Lunch - Work,0.00
2025,Jan,Budget,Recreation,Personal Care,10.00
2025,Jan,Budget,Recreation,Races,45.00
2025,Jan,Budget,Recreation,Training & further education,1920.00
2025,Jan,Budget,Shopping,Books & literature,10.00
2025,Jan,Budget,Shopping,"Clothing, shoes & accessories",175.00
2025,Jan,Budget,Shopping,Electronics & Appliances,50.00
2025,Jan,Budget,Shopping,Furniture,50.00
2025,Jan,Budget,Shopping,Gifts,150.00
2025,Jan,Budget,Shopping,Household Articles,25.00
2025,Jan,Budget,Shopping,Sport and recreation equipment,25.00
2025,Jan,Budget,Transportation,Car Insurance,1000.00
2025,Jan,Budget,Transportation,Fuel,40.00
2025,Jan,Budget,Transportation,Leasing Costs,264.70
2025,Jan,Budget,Transportation,Parking Charges,7.50
2025,Jan,Budget,Transportation,Public Transport,325.00
2025,Jan,Budget,Transportation,Taxes and Fines,35.00
2025,Jan,Budget,Transportation,Vehicle purchase costs,2500.00
2025,Jan,Budget,Utilities & Bills,Banking services & charges,15.00
2025,Jan,Budget,Utilities & Bills,Broadband,89.90
2025,Jan,Budget,Utilities & Bills,Energy,75.00
2025,Jan,Budget,Utilities & Bills,Maintenance and repairs,10.00
2025,Jan,Budget,Utilities & Bills,Misc. Fees,10.00
2025,Jan,Budget,Utilities & Bills,Moving,50.00
2025,Jan,Budget,Utilities & Bills,Postal Charges,5.00
2025,Jan,Budget,Utilities & Bills,Telephone & Mobile,20.00
2025,Jan,Budget,Utilities & Bills,TV & Multimedia,369.00
2025,Jan,Budget,Vacation & Travel,Vacation & Travel,1500.00
2025,Jan,Actuals,Groceries,Groceries,340.05
2025,Jan,Actuals,Health,Drugs and pharmaceuticals,16.82
2025,Jan,Actuals,Health,Health Insurance,6628.95
2025,Jan,Actuals,Housing,Rent and mortgage interest,2680.00
2025,Jan,Actuals,Recreation,Bars & restaurants,80.30
2025,Jan,Actuals,Shopping,"Clothing, shoes & accessories",107.81
2025,Jan,Actuals,Transportation,Car Insurance,990.50
2025,Jan,Actuals,Transportation,Leasing Costs,264.70
2025,Jan,Actuals,Transportation,Public Transport,32.00
2025,Jan,Actuals,Transportation,Taxes and Fines,40.00
2025,Jan,Actuals,Transportation,Vehicle purchase costs,2500.00
2025,Jan,Actuals,Utilities & Bills,Banking services & charges,20.00
2025,Jan,Actuals,Utilities & Bills,Broadband,169.80
2025,Jan,Actuals,Utilities & Bills,Telephone & Mobile,10.95
2025,Jan,Actuals,Utilities & Bills,TV & Multimedia,31.44
2025,Jan,Actuals,Vacation & Travel,Accomodation,524.83
2025,Jan,Actuals,Vacation & Travel,Admission & Tickets,122.99
2025,Jan,Actuals,Vacation & Travel,Eat & Drink,1104.66
2025,Jan,Actuals,Vacation & Travel,Flights & Rail,282.04
2025,Jan,Actuals,Vacation & Travel,Local transport,36.56
2025,Jan,Actuals,Vacation & Travel,Roaming Charges,8.04
2025,Feb,Budget,Groceries,Groceries,550.00
2025,Feb,Budget,Health,Drugs and pharmaceuticals,5.00
2025,Feb,Budget,Health,Medical Services,60.00
2025,Feb,Budget,Housing,Rent and mortgage interest,2680.00
2025,Feb,Budget,Other expenses,Other expenses,10.00
2025,Feb,Budget,Recreation,Bars & restaurants,255.00
2025,Feb,Budget,Recreation,Going out,10.00
2025,Feb,Budget,Recreation,Personal Care,10.00
2025,Feb,Budget,Recreation,Races,45.00
2025,Feb,Budget,Recreation,Training & further education,0.00
2025,Feb,Budget,Shopping,Books & literature,10.00
2025,Feb,Budget,Shopping,"Clothing, shoes & accessories",175.00
2025,Feb,Budget,Shopping,Electronics & Appliances,50.00
2025,Feb,Budget,Shopping,Furniture,50.00
2025,Feb,Budget,Shopping,Gifts,150.00
2025,Feb,Budget,Shopping,Household Articles,25.00
2025,Feb,Budget,Shopping,Sport and recreation equipment,25.00
2025,Feb,Budget,Transportation,Fuel,40.00
2025,Feb,Budget,Transportation,Leasing Costs,264.70
2025,Feb,Budget,Transportation,Parking Charges,7.50
2025,Feb,Budget,Transportation,Public Transport,325.00
2025,Feb,Budget,Transportation,Taxes and Fines,35.00
2025,Feb,Budget,Utilities & Bills,Banking services & charges,15.00
2025,Feb,Budget,Utilities & Bills,Broadband,89.90
2025,Feb,Budget,Utilities & Bills,Energy,75.00
2025,Feb,Budget,Utilities & Bills,Maintenance and repairs,10.00
2025,Feb,Budget,Utilities & Bills,Misc. Fees,10.00
2025,Feb,Budget,Utilities & Bills,Moving,50.00
2025,Feb,Budget,Utilities & Bills,Postal Charges,5.00
2025,Feb,Budget,Utilities & Bills,Telephone & Mobile,20.00
2025,Feb,Budget,Utilities & Bills,TV & Multimedia,34.00
2025,Feb,Budget,Vacation & Travel,Vacation & Travel,1500.00
2025,Feb,Actuals,Groceries,Groceries,442.40
2025,Feb,Actuals,Housing,Rent and mortgage interest,2680.00
2025,Feb,Actuals,Recreation,Bars & restaurants,129.40
2025,Feb,Actuals,Shopping,"Clothing, shoes & accessories",-66.90
2025,Feb,Actuals,Shopping,Electronics & Appliances,-153.00
2025,Feb,Actuals,Shopping,Gifts,8.55
2025,Feb,Actuals,Shopping,Household Articles,52.85
2025,Feb,Actuals,Shopping,Sport and recreation equipment,75.50
2025,Feb,Actuals,Transportation,Leasing Costs,264.70
2025,Feb,Actuals,Transportation,Service & Maintenance,785.00
2025,Feb,Actuals,Transportation,Taxes and Fines,360.00
2025,Feb,Actuals,Utilities & Bills,Banking services & charges,15.00
2025,Feb,Actuals,Utilities & Bills,Broadband,89.90
2025,Feb,Actuals,Utilities & Bills,Misc. Fees,18.20
2025,Feb,Actuals,Utilities & Bills,Postal Charges,1.52
2025,Feb,Actuals,Utilities & Bills,Telephone & Mobile,10.95
2025,Feb,Actuals,Utilities & Bills,TV & Multimedia,31.69
2025,Feb,Actuals,Vacation & Travel,Accomodation,356.23
2025,Feb,Actuals,Vacation & Travel,Eat & Drink,541.55
2025,Feb,Actuals,Vacation & Travel,Flights & Rail,136.59
2025,Feb,Actuals,Vacation & Travel,Local transport,34.91
2025,Mar,Budget,Groceries,Groceries,550.00
2025,Mar,Budget,Health,Drugs and pharmaceuticals,5.00
2025,Mar,Budget,Health,Medical Services,60.00
2025,Mar,Budget,Housing,Rent and mortgage interest,2680.00
2025,Mar,Budget,Other expenses,Other expenses,10.00
2025,Mar,Budget,Recreation,Bars & restaurants,255.00
2025,Mar,Budget,Recreation,Going out,10.00
2025,Mar,Budget,Recreation,Personal Care,10.00
2025,Mar,Budget,Recreation,Races,45.00
2025,Mar,Budget,Recreation,Training & further education,0.00
2025,Mar,Budget,Shopping,Books & literature,10.00
2025,Mar,Budget,Shopping,"Clothing, shoes & accessories",175.00
2025,Mar,Budget,Shopping,Electronics & Appliances,50.00
2025,Mar,Budget,Shopping,Furniture,50.00
2025,Mar,Budget,Shopping,Gifts,150.00
2025,Mar,Budget,Shopping,Household Articles,25.00
2025,Mar,Budget,Shopping,Sport and recreation equipment,25.00
2025,Mar,Budget,Transportation,Fuel,40.00
2025,Mar,Budget,Transportation,Leasing Costs,264.70
2025,Mar,Budget,Transportation,Parking Charges,7.50
2025,Mar,Budget,Transportation,Public Transport,325.00
2025,Mar,Budget,Transportation,Taxes and Fines,35.00
2025,Mar,Budget,Utilities & Bills,Banking services & charges,15.00
2025,Mar,Budget,Utilities & Bills,Broadband,89.90
2025,Mar,Budget,Utilities & Bills,Energy,75.00
2025,Mar,Budget,Utilities & Bills,Maintenance and repairs,10.00
2025,Mar,Budget,Utilities & Bills,Misc. Fees,10.00
2025,Mar,Budget,Utilities & Bills,Moving,50.00
2025,Mar,Budget,Utilities & Bills,Postal Charges,5.00
2025,Mar,Budget,Utilities & Bills,Telephone & Mobile,20.00
2025,Mar,Budget,Utilities & Bills,TV & Multimedia,34.00
2025,Mar,Budget,Vacation & Travel,Vacation & Travel,1500.00
2025,Mar,Actuals,Groceries,Groceries,532.42
2025,Mar,Actuals,Housing,Rent and mortgage interest,2680.00
2025,Mar,Actuals,Recreation,Bars & restaurants,761.15
2025,Mar,Actuals,Recreation,Going out,30.00
2025,Mar,Actuals,Recreation,Training & further education,1596.00
2025,Mar,Actuals,Shopping,Books & literature,4.50
2025,Mar,Actuals,Shopping,Electronics & Appliances,256.90
2025,Mar,Actuals,Shopping,Gifts,218.25
2025,Mar,Actuals,Shopping,Household Articles,43.25
2025,Mar,Actuals,Shopping,Sport and recreation equipment,-15.89
2025,Mar,Actuals,Transportation,Leasing Costs,264.70
2025,Mar,Actuals,Transportation,Public Transport,37.10
2025,Mar,Actuals,Utilities & Bills,Banking services & charges,15.00
2025,Mar,Actuals,Utilities & Bills,Broadband,89.90
2025,Mar,Actuals,Utilities & Bills,Energy,201.20
2025,Mar,Actuals,Utilities & Bills,Maintenance and repairs,15.00
2025,Mar,Actuals,Utilities & Bills,Postal Charges,3.44
2025,Mar,Actuals,Utilities & Bills,Telephone & Mobile,17.65
2025,Mar,Actuals,Utilities & Bills,TV & Multimedia,34.19
2025,Apr,Budget,Groceries,Groceries,550.00
2025,Apr,Budget,Health,Drugs and pharmaceuticals,5.00
2025,Apr,Budget,Health,Medical Services,60.00
2025,Apr,Budget,Housing,Rent and mortgage interest,2680.00
2025,Apr,Budget,Other expenses,Other expenses,10.00
2025,Apr,Budget,Recreation,Bars & restaurants,255.00
2025,Apr,Budget,Recreation,Going out,10.00
2025,Apr,Budget,Recreation,Personal Care,10.00
2025,Apr,Budget,Recreation,Races,45.00
2025,Apr,Budget,Recreation,Training & further education,0.00
2025,Apr,Budget,Shopping,Books & literature,10.00
2025,Apr,Budget,Shopping,"Clothing, shoes & accessories",175.00
2025,Apr,Budget,Shopping,Electronics & Appliances,50.00
2025,Apr,Budget,Shopping,Furniture,50.00
2025,Apr,Budget,Shopping,Gifts,150.00
2025,Apr,Budget,Shopping,Household Articles,25.00
2025,Apr,Budget,Shopping,Sport and recreation equipment,25.00
2025,Apr,Budget,Transportation,Fuel,40.00
2025,Apr,Budget,Transportation,Leasing Costs,264.70
2025,Apr,Budget,Transportation,Parking Charges,7.50
2025,Apr,Budget,Transportation,Public Transport,325.00
2025,Apr,Budget,Transportation,Taxes and Fines,35.00
2025,Apr,Budget,Utilities & Bills,Banking services & charges,15.00
2025,Apr,Budget,Utilities & Bills,Broadband,89.90
2025,Apr,Budget,Utilities & Bills,Energy,75.00
2025,Apr,Budget,Utilities & Bills,Maintenance and repairs,10.00
2025,Apr,Budget,Utilities & Bills,Misc. Fees,10.00
2025,Apr,Budget,Utilities & Bills,Moving,50.00
2025,Apr,Budget,Utilities & Bills,Postal Charges,5.00
2025,Apr,Budget,Utilities & Bills,Telephone & Mobile,20.00
2025,Apr,Budget,Utilities & Bills,TV & Multimedia,34.00
2025,Apr,Budget,Vacation & Travel,Vacation & Travel,1500.00
2025,Apr,Actuals,Groceries,Groceries,356.05
2025,Apr,Actuals,Housing,Rent and mortgage interest,2680.00
2025,Apr,Actuals,Recreation,Bars & restaurants,205.39
2025,Apr,Actuals,Shopping,Electronics & Appliances,-56.40
2025,Apr,Actuals,Shopping,Furniture,-435.00
2025,Apr,Actuals,Shopping,Gifts,289.36
2025,Apr,Actuals,Shopping,Household Articles,144.80
2025,Apr,Actuals,Shopping,Sport and recreation equipment,-460.00
2025,Apr,Actuals,Transportation,Leasing Costs,264.70
2025,Apr,Actuals,Transportation,Parking Charges,1.50
2025,Apr,Actuals,Transportation,Public Transport,179.70
2025,Apr,Actuals,Utilities & Bills,Banking services & charges,15.00
2025,Apr,Actuals,Utilities & Bills,Broadband,89.90
2025,Apr,Actuals,Utilities & Bills,Moving,79.85
2025,Apr,Actuals,Utilities & Bills,Postal Charges,3.31
2025,Apr,Actuals,Utilities & Bills,Telephone & Mobile,31.95
2025,Apr,Actuals,Utilities & Bills,TV & Multimedia,32.90
2025,Apr,Actuals,Vacation & Travel,Eat & Drink,328.28
2025,Apr,Actuals,Vacation & Travel,Flights & Rail,312.99
2025,Apr,Actuals,Vacation & Travel,Local transport,150.90
2025,Apr,Actuals,Vacation & Travel,Roaming Charges,4.66
2025,May,Budget,Groceries,Groceries,550.00
2025,May,Budget,Health,Drugs and pharmaceuticals,5.00
2025,May,Budget,Health,Medical Services,60.00
2025,May,Budget,Housing,Rent and mortgage interest,3020.00
2025,May,Budget,Other expenses,Other expenses,10.00
2025,May,Budget,Recreation,Bars & restaurants,255.00
2025,May,Budget,Recreation,Going out,10.00
2025,May,Budget,Recreation,Personal Care,10.00
2025,May,Budget,Recreation,Races,45.00
2025,May,Budget,Recreation,Training & further education,0.00
2025,May,Budget,Shopping,Books & literature,10.00
2025,May,Budget,Shopping,"Clothing, shoes & accessories",175.00
2025,May,Budget,Shopping,Electronics & Appliances,50.00
2025,May,Budget,Shopping,Furniture,50.00
2025,May,Budget,Shopping,Gifts,150.00
2025,May,Budget,Shopping,Household Articles,25.00
2025,May,Budget,Shopping,Sport and recreation equipment,25.00
2025,May,Budget,Transportation,Fuel,40.00
2025,May,Budget,Transportation,Leasing Costs,264.70
2025,May,Budget,Transportation,Parking Charges,7.50
2025,May,Budget,Transportation,Public Transport,325.00
2025,May,Budget,Transportation,Taxes and Fines,35.00
2025,May,Budget,Utilities & Bills,Banking services & charges,15.00
2025,May,Budget,Utilities & Bills,Broadband,89.90
2025,May,Budget,Utilities & Bills,Energy,75.00
2025,May,Budget,Utilities & Bills,Maintenance and repairs,10.00
2025,May,Budget,Utilities & Bills,Misc. Fees,10.00
2025,May,Budget,Utilities & Bills,Moving,50.00
2025,May,Budget,Utilities & Bills,Postal Charges,5.00
2025,May,Budget,Utilities & Bills,Telephone & Mobile,20.00
2025,May,Budget,Utilities & Bills,TV & Multimedia,34.00
2025,May,Budget,Vacation & Travel,Vacation & Travel,1500.00
2025,May,Actuals,Groceries,Groceries,416.61
2025,May,Actuals,Housing,Rent and mortgage interest,3020.00
2025,May,Actuals,Recreation,Bars & restaurants,151.50
2025,May,Actuals,Recreation,Personal Care,38.00
2025,May,Actuals,Shopping,Books & literature,24.29
2025,May,Actuals,Shopping,"Clothing, shoes & accessories",-85.70
2025,May,Actuals,Shopping,Electronics & Appliances,-210.00
2025,May,Actuals,Shopping,Furniture,884.00
2025,May,Actuals,Shopping,Household Articles,34.92
2025,May,Actuals,Transportation,Leasing Costs,264.70
2025,May,Actuals,Transportation,Parking Charges,4.60
2025,May,Actuals,Transportation,Public Transport,123.20
2025,May,Actuals,Utilities & Bills,Banking services & charges,15.02
2025,May,Actuals,Utilities & Bills,Broadband,89.90
2025,May,Actuals,Utilities & Bills,Energy,211.40
2025,May,Actuals,Utilities & Bills,Moving,575.54
2025,May,Actuals,Utilities & Bills,Telephone & Mobile,23.93
2025,May,Actuals,Utilities & Bills,TV & Multimedia,33.23
2025,May,Actuals,Vacation & Travel,Accomodation,1182.41
2025,May,Actuals,Vacation & Travel,Admission & Tickets,115.61
2025,May,Actuals,Vacation & Travel,Eat & Drink,1616.50
2025,May,Actuals,Vacation & Travel,Flights & Rail,424.09
2025,May,Actuals,Vacation & Travel,Local transport,585.36
2025,May,Actuals,Vacation & Travel,Roaming Charges,17.01
2025,Jun,Budget,Groceries,Groceries,550.00
2025,Jun,Budget,Health,Drugs and pharmaceuticals,5.00
2025,Jun,Budget,Health,Medical Services,60.00
2025,Jun,Budget,Housing,Rent and mortgage interest,3020.00
2025,Jun,Budget,Other expenses,Other expenses,10.00
2025,Jun,Budget,Recreation,Bars & restaurants,255.00
2025,Jun,Budget,Recreation,Going out,10.00
2025,Jun,Budget,Recreation,Personal Care,10.00
2025,Jun,Budget,Recreation,Races,45.00
2025,Jun,Budget,Recreation,Training & further education,0.00
2025,Jun,Budget,Shopping,Books & literature,10.00
2025,Jun,Budget,Shopping,"Clothing, shoes & accessories",175.00
2025,Jun,Budget,Shopping,Electronics & Appliances,50.00
2025,Jun,Budget,Shopping,Furniture,50.00
2025,Jun,Budget,Shopping,Gifts,150.00
2025,Jun,Budget,Shopping,Household Articles,25.00
2025,Jun,Budget,Shopping,Sport and recreation equipment,25.00
2025,Jun,Budget,Transportation,Fuel,40.00
2025,Jun,Budget,Transportation,Leasing Costs,264.70
2025,Jun,Budget,Transportation,Parking Charges,7.50
2025,Jun,Budget,Transportation,Public Transport,325.00
2025,Jun,Budget,Transportation,Taxes and Fines,35.00
2025,Jun,Budget,Utilities & Bills,Banking services & charges,15.00
2025,Jun,Budget,Utilities & Bills,Broadband,154.90
2025,Jun,Budget,Utilities & Bills,Energy,75.00
2025,Jun,Budget,Utilities & Bills,Maintenance and repairs,10.00
2025,Jun,Budget,Utilities & Bills,Misc. Fees,10.00
2025,Jun,Budget,Utilities & Bills,Moving,50.00
2025,Jun,Budget,Utilities & Bills,Postal Charges,5.00
2025,Jun,Budget,Utilities & Bills,Telephone & Mobile,20.00
2025,Jun,Budget,Utilities & Bills,TV & Multimedia,34.00
2025,Jun,Budget,Vacation & Travel,Vacation & Travel,1500.00
2025,Jun,Actuals,Groceries,Groceries,392.90
2025,Jun,Actuals,Health,Drugs and pharmaceuticals,2.10
2025,Jun,Actuals,Health,Health Insurance,-197.20
2025,Jun,Actuals,Health,Medical Services,114.67
2025,Jun,Actuals,Housing,Rent and mortgage interest,3020.00
2025,Jun,Actuals,Recreation,Bars & restaurants,63.95
2025,Jun,Actuals,Shopping,"Clothing, shoes & accessories",5.68
2025,Jun,Actuals,Shopping,Furniture,196.95
2025,Jun,Actuals,Shopping,Gifts,311.83
2025,Jun,Actuals,Shopping,Household Articles,85.39
2025,Jun,Actuals,Transportation,Leasing Costs,264.70
2025,Jun,Actuals,Transportation,Parking Charges,2.00
2025,Jun,Actuals,Transportation,Public Transport,1997.40
2025,Jun,Actuals,Utilities & Bills,Banking services & charges,-35.16
2025,Jun,Actuals,Utilities & Bills,Broadband,148.65
2025,Jun,Actuals,Utilities & Bills,Moving,288.00
2025,Jun,Actuals,Utilities & Bills,Postal Charges,2.40
2025,Jun,Actuals,Utilities & Bills,Telephone & Mobile,19.80
2025,Jun,Actuals,Utilities & Bills,TV & Multimedia,33.25
2025,Jun,Actuals,Vacation & Travel,Accomodation,97.61
2025,Jun,Actuals,Vacation & Travel,Eat & Drink,75.47
2025,Jun,Actuals,Vacation & Travel,Flights & Rail,1239.26
2025,Jun,Actuals,Vacation & Travel,Local transport,46.81
2025,Jun,Actuals,Vacation & Travel,Miscellaneous,7.58
2025,Jun,Actuals,Vacation & Travel,Roaming Charges,9.42
2025,Jul,Budget,Groceries,Groceries,550.00
2025,Jul,Budget,Health,Drugs and pharmaceuticals,5.00
2025,Jul,Budget,Health,Medical Services,60.00
2025,Jul,Budget,Housing,Rent and mortgage interest,3020.00
2025,Jul,Budget,Other expenses,Other expenses,10.00
2025,Jul,Budget,Recreation,Bars & restaurants,255.00
2025,Jul,Budget,Recreation,Going out,10.00
2025,Jul,Budget,Recreation,Personal Care,10.00
2025,Jul,Budget,Recreation,Races,45.00
2025,Jul,Budget,Recreation,Training & further education,0.00
2025,Jul,Budget,Shopping,Books & literature,10.00
2025,Jul,Budget,Shopping,"Clothing, shoes & accessories",175.00
2025,Jul,Budget,Shopping,Electronics & Appliances,50.00
2025,Jul,Budget,Shopping,Furniture,50.00
2025,Jul,Budget,Shopping,Gifts,150.00
2025,Jul,Budget,Shopping,Household Articles,25.00
2025,Jul,Budget,Shopping,Sport and recreation equipment,25.00
2025,Jul,Budget,Transportation,Fuel,40.00
2025,Jul,Budget,Transportation,Leasing Costs,264.70
2025,Jul,Budget,Transportation,Parking Charges,7.50
2025,Jul,Budget,Transportation,Public Transport,325.00
2025,Jul,Budget,Transportation,Taxes and Fines,35.00
2025,Jul,Budget,Utilities & Bills,Banking services & charges,15.00
2025,Jul,Budget,Utilities & Bills,Broadband,89.90
2025,Jul,Budget,Utilities & Bills,Energy,75.00
2025,Jul,Budget,Utilities & Bills,Maintenance and repairs,10.00
2025,Jul,Budget,Utilities & Bills,Misc. Fees,10.00
2025,Jul,Budget,Utilities & Bills,Moving,50.00
2025,Jul,Budget,Utilities & Bills,Postal Charges,5.00
2025,Jul,Budget,Utilities & Bills,Telephone & Mobile,20.00
2025,Jul,Budget,Utilities & Bills,TV & Multimedia,34.00
2025,Jul,Budget,Vacation & Travel,Vacation & Travel,1500.00
2025,Jul,Actuals,Groceries,Groceries,829.20
2025,Jul,Actuals,Health,Medical Services,-36.00
2025,Jul,Actuals,Housing,Rent and mortgage interest,3020.00
2025,Jul,Actuals,Recreation,Bars & restaurants,39.72
2025,Jul,Actuals,Shopping,"Clothing, shoes & accessories",104.90
2025,Jul,Actuals,Shopping,Electronics & Appliances,-199.00
2025,Jul,Actuals,Shopping,Furniture,2457.30
2025,Jul,Actuals,Shopping,Household Articles,120.05
2025,Jul,Actuals,Shopping,Sport and recreation equipment,-78.70
2025,Jul,Actuals,Transportation,Car Insurance,-8.30
2025,Jul,Actuals,Transportation,Fuel,71.43
2025,Jul,Actuals,Transportation,Leasing Costs,264.70
2025,Jul,Actuals,Transportation,Public Transport,111.29
2025,Jul,Actuals,Utilities & Bills,Banking services & charges,15.01
2025,Jul,Actuals,Utilities & Bills,Broadband,89.90
2025,Jul,Actuals,Utilities & Bills,Energy,82.85
2025,Jul,Actuals,Utilities & Bills,Moving,60.00
2025,Jul,Actuals,Utilities & Bills,Postal Charges,2.00
2025,Jul,Actuals,Utilities & Bills,Telephone & Mobile,63.62
2025,Jul,Actuals,Utilities & Bills,TV & Multimedia,32.29
2025,Jul,Actuals,Vacation & Travel,Eat & Drink,549.00
2025,Jul,Actuals,Vacation & Travel,Local transport,494.04
2025,Aug,Budget,Groceries,Groceries,550.00
2025,Aug,Budget,Health,Drugs and pharmaceuticals,5.00
2025,Aug,Budget,Health,Medical Services,60.00
2025,Aug,Budget,Housing,Rent and mortgage interest,3020.00
2025,Aug,Budget,Other expenses,Other expenses,10.00
2025,Aug,Budget,Recreation,Bars & restaurants,255.00
2025,Aug,Budget,Recreation,Going out,10.00
2025,Aug,Budget,Recreation,Personal Care,10.00
2025,Aug,Budget,Recreation,Races,45.00
2025,Aug,Budget,Recreation,Training & further education,0.00
2025,Aug,Budget,Shopping,Books & literature,10.00
2025,Aug,Budget,Shopping,"Clothing, shoes & accessories",175.00
2025,Aug,Budget,Shopping,Electronics & Appliances,50.00
2025,Aug,Budget,Shopping,Furniture,50.00
2025,Aug,Budget,Shopping,Gifts,150.00
2025,Aug,Budget,Shopping,Household Articles,25.00
2025,Aug,Budget,Shopping,Sport and recreation equipment,25.00
2025,Aug,Budget,Transportation,Fuel,40.00
2025,Aug,Budget,Transportation,Leasing Costs,264.70
2025,Aug,Budget,Transportation,Parking Charges,7.50
2025,Aug,Budget,Transportation,Public Transport,325.00
2025,Aug,Budget,Transportation,Taxes and Fines,35.00
2025,Aug,Budget,Utilities & Bills,Banking services & charges,15.00
2025,Aug,Budget,Utilities & Bills,Broadband,89.90
2025,Aug,Budget,Utilities & Bills,Energy,75.00
2025,Aug,Budget,Utilities & Bills,Maintenance and repairs,10.00
2025,Aug,Budget,Utilities & Bills,Misc. Fees,10.00
2025,Aug,Budget,Utilities & Bills,Moving,50.00
2025,Aug,Budget,Utilities & Bills,Postal Charges,5.00
2025,Aug,Budget,Utilities & Bills,Telephone & Mobile,20.00
2025,Aug,Budget,Utilities & Bills,TV & Multimedia,34.00
2025,Aug,Budget,Vacation & Travel,Vacation & Travel,1500.00
2025,Aug,Actuals,Groceries,Groceries,698.15
2025,Aug,Actuals,Health,Medical Services,35.95
2025,Aug,Actuals,Housing,Rent and mortgage interest,3020.00
2025,Aug,Actuals,Recreation,Bars & restaurants,73.42
2025,Aug,Actuals,Recreation,Personal Care,55.00
2025,Aug,Actuals,Shopping,Electronics & Appliances,-10.00
2025,Aug,Actuals,Shopping,Furniture,-98.20
2025,Aug,Actuals,Shopping,Gifts,260.68
2025,Aug,Actuals,Shopping,Household Articles,121.64
2025,Aug,Actuals,Shopping,Sport and recreation equipment,68.50
2025,Aug,Actuals,Transportation,Leasing Costs,264.70
2025,Aug,Actuals,Transportation,Parking Charges,5.10
2025,Aug,Actuals,Transportation,Public Transport,26.23
2025,Aug,Actuals,Utilities & Bills,Banking services & charges,15.01
2025,Aug,Actuals,Utilities & Bills,Broadband,89.90
2025,Aug,Actuals,Utilities & Bills,Energy,121.10
2025,Aug,Actuals,Utilities & Bills,Telephone & Mobile,13.57
2025,Aug,Actuals,Utilities & Bills,TV & Multimedia,32.49
2025,Aug,Actuals,Vacation & Travel,Admission & Tickets,134.00
2025,Aug,Actuals,Vacation & Travel,Eat & Drink,532.38
2025,Aug,Actuals,Vacation & Travel,Flights & Rail,469.19
2025,Aug,Actuals,Vacation & Travel,Local transport,2.40
2025,Aug,Actuals,Vacation & Travel,Roaming Charges,4.23
2025,Sep,Budget,Groceries,Groceries,550.00
2025,Sep,Budget,Health,Drugs and pharmaceuticals,5.00
2025,Sep,Budget,Health,Medical Services,60.00
2025,Sep,Budget,Housing,Rent and mortgage interest,3020.00
2025,Sep,Budget,Other expenses,Other expenses,10.00
2025,Sep,Budget,Recreation,Bars & restaurants,255.00
2025,Sep,Budget,Recreation,Going out,10.00
2025,Sep,Budget,Recreation,Personal Care,10.00
2025,Sep,Budget,Recreation,Races,45.00
2025,Sep,Budget,Recreation,Training & further education,0.00
2025,Sep,Budget,Shopping,Books & literature,10.00
2025,Sep,Budget,Shopping,"Clothing, shoes & accessories",175.00
2025,Sep,Budget,Shopping,Electronics & Appliances,50.00
2025,Sep,Budget,Shopping,Furniture,50.00
2025,Sep,Budget,Shopping,Gifts,150.00
2025,Sep,Budget,Shopping,Household Articles,25.00
2025,Sep,Budget,Shopping,Sport and recreation equipment,25.00
2025,Sep,Budget,Transportation,Fuel,40.00
2025,Sep,Budget,Transportation,Leasing Costs,264.70
2025,Sep,Budget,Transportation,Parking Charges,7.50
2025,Sep,Budget,Transportation,Public Transport,325.00
2025,Sep,Budget,Transportation,Taxes and Fines,35.00
2025,Sep,Budget,Utilities & Bills,Banking services & charges,15.00
2025,Sep,Budget,Utilities & Bills,Broadband,89.90
2025,Sep,Budget,Utilities & Bills,Energy,75.00
2025,Sep,Budget,Utilities & Bills,Maintenance and repairs,10.00
2025,Sep,Budget,Utilities & Bills,Misc. Fees,10.00
2025,Sep,Budget,Utilities & Bills,Moving,50.00
2025,Sep,Budget,Utilities & Bills,Postal Charges,5.00
2025,Sep,Budget,Utilities & Bills,Telephone & Mobile,20.00
2025,Sep,Budget,Utilities & Bills,TV & Multimedia,34.00
2025,Sep,Budget,Vacation & Travel,Vacation & Travel,1500.00
2025,Sep,Actuals,Groceries,Groceries,672.95
2025,Sep,Actuals,Health,Medical Services,133.36
2025,Sep,Actuals,Housing,Rent and mortgage interest,3020.00
2025,Sep,Actuals,Recreation,Bars & restaurants,142.55
2025,Sep,Actuals,Recreation,Going out,240.63
2025,Sep,Actuals,Recreation,Races,70.13
2025,Sep,Actuals,Recreation,Training & further education,420.00
2025,Sep,Actuals,Shopping,"Clothing, shoes & accessories",117.71
2025,Sep,Actuals,Shopping,Electronics & Appliances,65.00
2025,Sep,Actuals,Shopping,Household Articles,5.45
2025,Sep,Actuals,Shopping,Sport and recreation equipment,20.00
2025,Sep,Actuals,Transportation,Fuel,75.25
2025,Sep,Actuals,Transportation,Leasing Costs,264.70
2025,Sep,Actuals,Transportation,Parking Charges,1.50
2025,Sep,Actuals,Transportation,Public Transport,58.60
2025,Sep,Actuals,Transportation,Taxes and Fines,-184.40
2025,Sep,Actuals,Utilities & Bills,Banking services & charges,14.98
2025,Sep,Actuals,Utilities & Bills,Broadband,89.90
2025,Sep,Actuals,Utilities & Bills,Misc. Fees,20.00
2025,Sep,Actuals,Utilities & Bills,Postal Charges,5.40
2025,Sep,Actuals,Utilities & Bills,Telephone & Mobile,65.70
2025,Sep,Actuals,Utilities & Bills,TV & Multimedia,32.24
2025,Sep,Actuals,Vacation & Travel,Accomodation,-0.18
2025,Sep,Actuals,Vacation & Travel,Eat & Drink,166.29
2025,Sep,Actuals,Vacation & Travel,Flights & Rail,139.97
2025,Sep,Actuals,Vacation & Travel,Local transport,70.13
2025,Oct,Budget,Groceries,Groceries,550.00
2025,Oct,Budget,Health,Drugs and pharmaceuticals,5.00
2025,Oct,Budget,Health,Medical Services,60.00
2025,Oct,Budget,Housing,Rent and mortgage interest,3020.00
2025,Oct,Budget,Other expenses,Other expenses,10.00
2025,Oct,Budget,Recreation,Bars & restaurants,255.00
2025,Oct,Budget,Recreation,Going out,10.00
2025,Oct,Budget,Recreation,Personal Care,10.00
2025,Oct,Budget,Recreation,Races,45.00
2025,Oct,Budget,Recreation,Training & further education,0.00
2025,Oct,Budget,Shopping,Books & literature,10.00
2025,Oct,Budget,Shopping,"Clothing, shoes & accessories",175.00
2025,Oct,Budget,Shopping,Electronics & Appliances,50.00
2025,Oct,Budget,Shopping,Furniture,50.00
2025,Oct,Budget,Shopping,Gifts,150.00
2025,Oct,Budget,Shopping,Household Articles,25.00
2025,Oct,Budget,Shopping,Sport and recreation equipment,25.00
2025,Oct,Budget,Transportation,Fuel,40.00
2025,Oct,Budget,Transportation,Leasing Costs,264.70
2025,Oct,Budget,Transportation,Parking Charges,7.50
2025,Oct,Budget,Transportation,Public Transport,325.00
2025,Oct,Budget,Transportation,Service & Maintenance,785.00
2025,Oct,Budget,Transportation,Taxes and Fines,35.00
2025,Oct,Budget,Utilities & Bills,Banking services & charges,15.00
2025,Oct,Budget,Utilities & Bills,Broadband,89.90
2025,Oct,Budget,Utilities & Bills,Energy,75.00
2025,Oct,Budget,Utilities & Bills,Maintenance and repairs,10.00
2025,Oct,Budget,Utilities & Bills,Misc. Fees,10.00
2025,Oct,Budget,Utilities & Bills,Moving,50.00
2025,Oct,Budget,Utilities & Bills,Postal Charges,5.00
2025,Oct,Budget,Utilities & Bills,Telephone & Mobile,20.00
2025,Oct,Budget,Utilities & Bills,TV & Multimedia,34.00
2025,Oct,Budget,Vacation & Travel,Vacation & Travel,1500.00
2025,Oct,Actuals,Groceries,Groceries,716.35
2025,Oct,Actuals,Health,Drugs and pharmaceuticals,7.89
2025,Oct,Actuals,Health,Medical Services,262.05
2025,Oct,Actuals,Housing,Rent and mortgage interest,3020.00
2025,Oct,Actuals,Recreation,Bars & restaurants,38.70
2025,Oct,Actuals,Recreation,Races,96.54
2025,Oct,Actuals,Shopping,"Clothing, shoes & accessories",9.55
2025,Oct,Actuals,Shopping,Gifts,9.14
2025,Oct,Actuals,Shopping,Household Articles,17.75
2025,Oct,Actuals,Transportation,Leasing Costs,264.70
2025,Oct,Actuals,Transportation,Service & Maintenance,839.75
2025,Oct,Actuals,Utilities & Bills,Banking services & charges,15.02
2025,Oct,Actuals,Utilities & Bills,Broadband,79.90
2025,Oct,Actuals,Utilities & Bills,Telephone & Mobile,19.80
2025,Oct,Actuals,Utilities & Bills,TV & Multimedia,31.94
2025,Oct,Actuals,Vacation & Travel,Accomodation,490.70
2025,Oct,Actuals,Vacation & Travel,Eat & Drink,880.19
2025,Oct,Actuals,Vacation & Travel,Flights & Rail,1045.70
2025,Oct,Actuals,Vacation & Travel,Local transport,362.99
2025,Oct,Actuals,Vacation & Travel,Miscellaneous,32.50
2025,Nov,Budget,Groceries,Groceries,550.00
2025,Nov,Budget,Health,Drugs and pharmaceuticals,5.00
2025,Nov,Budget,Health,Medical Services,60.00
2025,Nov,Budget,Housing,Rent and mortgage interest,3020.00
2025,Nov,Budget,Other expenses,Other expenses,10.00
2025,Nov,Budget,Recreation,Bars & restaurants,255.00
2025,Nov,Budget,Recreation,Going out,10.00
2025,Nov,Budget,Recreation,Personal Care,10.00
2025,Nov,Budget,Recreation,Races,45.00
2025,Nov,Budget,Recreation,Training & further education,0.00
2025,Nov,Budget,Shopping,Books & literature,10.00
2025,Nov,Budget,Shopping,"Clothing, shoes & accessories",175.00
2025,Nov,Budget,Shopping,Electronics & Appliances,50.00
2025,Nov,Budget,Shopping,Furniture,50.00
2025,Nov,Budget,Shopping,Gifts,150.00
2025,Nov,Budget,Shopping,Household Articles,25.00
2025,Nov,Budget,Shopping,Sport and recreation equipment,25.00
2025,Nov,Budget,Transportation,Fuel,40.00
2025,Nov,Budget,Transportation,Leasing Costs,264.70
2025,Nov,Budget,Transportation,Parking Charges,7.50
2025,Nov,Budget,Transportation,Public Transport,325.00
2025,Nov,Budget,Transportation,Taxes and Fines,35.00
2025,Nov,Budget,Utilities & Bills,Banking services & charges,15.00
2025,Nov,Budget,Utilities & Bills,Broadband,89.90
2025,Nov,Budget,Utilities & Bills,Energy,75.00
2025,Nov,Budget,Utilities & Bills,Maintenance and repairs,10.00
2025,Nov,Budget,Utilities & Bills,Misc. Fees,10.00
2025,Nov,Budget,Utilities & Bills,Moving,50.00
2025,Nov,Budget,Utilities & Bills,Postal Charges,5.00
2025,Nov,Budget,Utilities & Bills,Telephone & Mobile,20.00
2025,Nov,Budget,Utilities & Bills,TV & Multimedia,34.00
2025,Nov,Budget,Vacation & Travel,Vacation & Travel,1500.00
2025,Nov,Actuals,Groceries,Groceries,350.33
2025,Nov,Actuals,Housing,Rent and mortgage interest,3020.00
2025,Nov,Actuals,Recreation,Personal Care,55.00
2025,Nov,Actuals,Shopping,"Clothing, shoes & accessories",60.43
2025,Nov,Actuals,Shopping,Electronics & Appliances,43.50
2025,Nov,Actuals,Shopping,Gifts,3517.04
2025,Nov,Actuals,Shopping,Household Articles,101.42
2025,Nov,Actuals,Shopping,Sport and recreation equipment,10.00
2025,Nov,Actuals,Transportation,Fuel,71.56
2025,Nov,Actuals,Transportation,Leasing Costs,264.70
2025,Nov,Actuals,Transportation,Parking Charges,0.60
2025,Nov,Actuals,Utilities & Bills,Banking services & charges,15.00
2025,Nov,Actuals,Utilities & Bills,Broadband,99.90
2025,Nov,Actuals,Utilities & Bills,Energy,225.80
2025,Nov,Actuals,Utilities & Bills,Telephone & Mobile,24.80
2025,Nov,Actuals,Utilities & Bills,TV & Multimedia,31.68
2025,Nov,Actuals,Vacation & Travel,Accomodation,360.44
2025,Nov,Actuals,Vacation & Travel,Admission & Tickets,74.35
2025,Nov,Actuals,Vacation & Travel,Eat & Drink,522.90
2025,Nov,Actuals,Vacation & Travel,Flights & Rail,320.83
2025,Nov,Actuals,Vacation & Travel,Local transport,203.22
2025,Dec,Budget,Groceries,Groceries,550.00
2025,Dec,Budget,Health,Drugs and pharmaceuticals,5.00
2025,Dec,Budget,Health,Medical Services,60.00
2025,Dec,Budget,Housing,Rent and mortgage interest,3020.00
2025,Dec,Budget,Other expenses,Other expenses,10.00
2025,Dec,Budget,Recreation,Bars & restaurants,255.00
2025,Dec,Budget,Recreation,Going out,10.00
2025,Dec,Budget,Recreation,Personal Care,10.00
2025,Dec,Budget,Recreation,Races,45.00
2025,Dec,Budget,Recreation,Training & further education,0.00
2025,Dec,Budget,Shopping,Books & literature,10.00
2025,Dec,Budget,Shopping,"Clothing, shoes & accessories",175.00
2025,Dec,Budget,Shopping,Electronics & Appliances,50.00
2025,Dec,Budget,Shopping,Furniture,50.00
2025,Dec,Budget,Shopping,Gifts,150.00
2025,Dec,Budget,Shopping,Household Articles,25.00
2025,Dec,Budget,Shopping,Sport and recreation equipment,25.00
2025,Dec,Budget,Transportation,Fuel,40.00
2025,Dec,Budget,Transportation,Leasing Costs,264.70
2025,Dec,Budget,Transportation,Parking Charges,7.50
2025,Dec,Budget,Transportation,Public Transport,325.00
2025,Dec,Budget,Transportation,Taxes and Fines,35.00
2025,Dec,Budget,Utilities & Bills,Banking services & charges,15.00
2025,Dec,Budget,Utilities & Bills,Broadband,89.90
2025,Dec,Budget,Utilities & Bills,Energy,75.00
2025,Dec,Budget,Utilities & Bills,Maintenance and repairs,10.00
2025,Dec,Budget,Utilities & Bills,Misc. Fees,10.00
2025,Dec,Budget,Utilities & Bills,Moving,50.00
2025,Dec,Budget,Utilities & Bills,Postal Charges,5.00
2025,Dec,Budget,Utilities & Bills,Telephone & Mobile,20.00
2025,Dec,Budget,Utilities & Bills,TV & Multimedia,34.00
2025,Dec,Budget,Vacation & Travel,Vacation & Travel,1500.00
2025,Dec,Actuals,Groceries,Groceries,223.60
2025,Dec,Actuals,Health,Drugs and pharmaceuticals,1.82
2025,Dec,Actuals,Health,Medical Services,7.51
2025,Dec,Actuals,Housing,Rent and mortgage interest,2880.00
2025,Dec,Actuals,Shopping,"Clothing, shoes & accessories",124.09
2025,Dec,Actuals,Shopping,Electronics & Appliances,-43.13
2025,Dec,Actuals,Shopping,Gifts,921.47
2025,Dec,Actuals,Shopping,Household Articles,26.57
2025,Dec,Actuals,Transportation,Leasing Costs,264.70
2025,Dec,Actuals,Utilities & Bills,Banking services & charges,-14.15
2025,Dec,Actuals,Utilities & Bills,Broadband,89.90
2025,Dec,Actuals,Utilities & Bills,Maintenance and repairs,1.33
2025,Dec,Actuals,Utilities & Bills,Telephone & Mobile,29.88
2025,Dec,Actuals,Utilities & Bills,TV & Multimedia,33.04
2025,Dec,Actuals,Vacation & Travel,Admission & Tickets,0.75
2025,Dec,Actuals,Vacation & Travel,Eat & Drink,30.77
2025,Dec,Actuals,Vacation & Travel,Flights & Rail,458.59
2025,Dec,Actuals,Vacation & Travel,Local transport,5.79
2025,Dec,Actuals,Vacation & Travel,Roaming Charges,9.97
2026,Jan,Budget,Groceries,Groceries,550.00
2026,Jan,Budget,Health,Drugs and pharmaceuticals,5.00
2026,Jan,Budget,Health,Health Insurance,6650.00
2026,Jan,Budget,Health,Medical Services,60.00
2026,Jan,Budget,Housing,Rent and mortgage interest,2880.00
2026,Jan,Budget,Other expenses,Other expenses,10.00
2026,Jan,Budget,Recreation,Bars & restaurants,255.00
2026,Jan,Budget,Recreation,Going out,10.00
2026,Jan,Budget,Recreation,Personal Care,60.00
2026,Jan,Budget,Recreation,Races,25.00
2026,Jan,Budget,Shopping,Books & literature,10.00
2026,Jan,Budget,Shopping,"Clothing, shoes & accessories",175.00
2026,Jan,Budget,Shopping,Electronics & Appliances,50.00
2026,Jan,Budget,Shopping,Furniture,50.00
2026,Jan,Budget,Shopping,Gifts,150.00
2026,Jan,Budget,Shopping,Household Articles,25.00
2026,Jan,Budget,Shopping,Sport and recreation equipment,25.00
2026,Jan,Budget,Transportation,Car Insurance,0.00
2026,Jan,Budget,Transportation,Fuel,0.00
2026,Jan,Budget,Transportation,Leasing Costs,0.00
2026,Jan,Budget,Transportation,Parking Charges,7.50
2026,Jan,Budget,Transportation,Public Transport,50.00
2026,Jan,Budget,Transportation,Service & Maintenance,0.00
2026,Jan,Budget,Transportation,Taxes and Fines,0.00
2026,Jan,Budget,Transportation,Vehicle purchase costs,0.00
2026,Jan,Budget,Utilities & Bills,Banking services & charges,15.00
2026,Jan,Budget,Utilities & Bills,Broadband,89.90
2026,Jan,Budget,Utilities & Bills,Energy,75.00
2026,Jan,Budget,Utilities & Bills,Maintenance and repairs,10.00
2026,Jan,Budget,Utilities & Bills,Misc. Fees,10.00
2026,Jan,Budget,Utilities & Bills,Moving,0.00
2026,Jan,Budget,Utilities & Bills,Postal Charges,5.00
2026,Jan,Budget,Utilities & Bills,Telephone & Mobile,20.00
2026,Jan,Budget,Utilities & Bills,TV & Multimedia,34.00
2026,Jan,Budget,Vacation & Travel,Vacation & Travel,1500.00
2026,Jan,Actuals,Groceries,Groceries,82.45
2026,Jan,Actuals,Groceries,Groceries - Other,15.74
2026,Jan,Actuals,Health,Drugs and pharmaceuticals,16.23
2026,Jan,Actuals,Health,Health Insurance,6589.75
2026,Jan,Actuals,Housing,Rent and mortgage interest,2880.00
2026,Jan,Actuals,Other expenses,Family Maintenance,1858.67
2026,Jan,Actuals,Shopping,"Clothing, shoes & accessories",227.42
2026,Jan,Actuals,Shopping,Gifts,92.93
2026,Jan,Actuals,Shopping,Household Articles,39.58
2026,Jan,Actuals,Utilities & Bills,Banking services & charges,15.01
2026,Jan,Actuals,Utilities & Bills,Broadband,89.90
2026,Jan,Actuals,Utilities & Bills,Telephone & Mobile,38.94
2026,Jan,Actuals,Utilities & Bills,TV & Multimedia,13.88
2026,Jan,Actuals,Vacation & Travel,Accomodation,1340.94
2026,Jan,Actuals,Vacation & Travel,Eat & Drink,1025.23
2026,Jan,Actuals,Vacation & Travel,Flights & Rail,367.24
2026,Jan,Actuals,Vacation & Travel,Local transport,196.43
2026,Feb,Budget,Groceries,Groceries,550.00
2026,Feb,Budget,Health,Drugs and pharmaceuticals,5.00
2026,Feb,Budget,Health,Medical Services,60.00
2026,Feb,Budget,Housing,Rent and mortgage interest,2880.00
2026,Feb,Budget,Other expenses,Other expenses,10.00
2026,Feb,Budget,Recreation,Bars & restaurants,255.00
2026,Feb,Budget,Recreation,Going out,10.00
2026,Feb,Budget,Recreation,Personal Care,60.00
2026,Feb,Budget,Recreation,Races,25.00
2026,Feb,Budget,Shopping,Books & literature,10.00
2026,Feb,Budget,Shopping,"Clothing, shoes & accessories",175.00
2026,Feb,Budget,Shopping,Electronics & Appliances,50.00
2026,Feb,Budget,Shopping,Furniture,50.00
2026,Feb,Budget,Shopping,Gifts,150.00
2026,Feb,Budget,Shopping,Household Articles,25.00
2026,Feb,Budget,Shopping,Sport and recreation equipment,25.00
2026,Feb,Budget,Transportation,Fuel,0.00
2026,Feb,Budget,Transportation,Leasing Costs,0.00
2026,Feb,Budget,Transportation,Parking Charges,7.50
2026,Feb,Budget,Transportation,Public Transport,50.00
2026,Feb,Budget,Transportation,Taxes and Fines,0.00
2026,Feb,Budget,Utilities & Bills,Banking services & charges,15.00
2026,Feb,Budget,Utilities & Bills,Broadband,89.90
2026,Feb,Budget,Utilities & Bills,Energy,75.00
2026,Feb,Budget,Utilities & Bills,Maintenance and repairs,10.00
2026,Feb,Budget,Utilities & Bills,Misc. Fees,10.00
2026,Feb,Budget,Utilities & Bills,Moving,0.00
2026,Feb,Budget,Utilities & Bills,Postal Charges,5.00
2026,Feb,Budget,Utilities & Bills,Telephone & Mobile,20.00
2026,Feb,Budget,Utilities & Bills,TV & Multimedia,34.00
2026,Feb,Budget,Vacation & Travel,Vacation & Travel,1500.00
2026,Feb,Actuals,Groceries,- ,13.67
2026,Feb,Actuals,Groceries,Groceries - Other,42.86
2026,Feb,Actuals,Health,Drugs and pharmaceuticals,20.45
2026,Feb,Actuals,Housing,Rent and mortgage interest,2880.00
2026,Feb,Actuals,Shopping,Books & literature,5.96
2026,Feb,Actuals,Shopping,"Clothing, shoes & accessories",105.30
2026,Feb,Actuals,Shopping,Sport and recreation equipment,36.34
2026,Feb,Actuals,Utilities & Bills,Banking services & charges,15.08
2026,Feb,Actuals,Utilities & Bills,Broadband,89.90
2026,Feb,Actuals,Utilities & Bills,Energy,292.30
2026,Feb,Actuals,Utilities & Bills,Telephone & Mobile,19.90
2026,Feb,Actuals,Utilities & Bills,TV & Multimedia,13.63
2026,Feb,Actuals,Vacation & Travel,Accomodation,1115.18
2026,Feb,Actuals,Vacation & Travel,Admission & Tickets,17.44
2026,Feb,Actuals,Vacation & Travel,Eat & Drink,987.95
2026,Feb,Actuals,Vacation & Travel,Local transport,5.87
2026,Mar,Budget,Groceries,Groceries,550.00
2026,Mar,Budget,Health,Drugs and pharmaceuticals,5.00
2026,Mar,Budget,Health,Medical Services,60.00
2026,Mar,Budget,Housing,Rent and mortgage interest,2880.00
2026,Mar,Budget,Other expenses,Other expenses,10.00
2026,Mar,Budget,Recreation,Bars & restaurants,255.00
2026,Mar,Budget,Recreation,Going out,10.00
2026,Mar,Budget,Recreation,Personal Care,60.00
2026,Mar,Budget,Recreation,Races,25.00
2026,Mar,Budget,Shopping,Books & literature,10.00
2026,Mar,Budget,Shopping,"Clothing, shoes & accessories",175.00
2026,Mar,Budget,Shopping,Electronics & Appliances,50.00
2026,Mar,Budget,Shopping,Furniture,50.00
2026,Mar,Budget,Shopping,Gifts,150.00
2026,Mar,Budget,Shopping,Household Articles,25.00
2026,Mar,Budget,Shopping,Sport and recreation equipment,25.00
2026,Mar,Budget,Transportation,Fuel,0.00
2026,Mar,Budget,Transportation,Leasing Costs,0.00
2026,Mar,Budget,Transportation,Parking Charges,7.50
2026,Mar,Budget,Transportation,Public Transport,50.00
2026,Mar,Budget,Transportation,Taxes and Fines,0.00
2026,Mar,Budget,Utilities & Bills,Banking services & charges,15.00
2026,Mar,Budget,Utilities & Bills,Broadband,89.90
2026,Mar,Budget,Utilities & Bills,Energy,75.00
2026,Mar,Budget,Utilities & Bills,Maintenance and repairs,10.00
2026,Mar,Budget,Utilities & Bills,Misc. Fees,10.00
2026,Mar,Budget,Utilities & Bills,Moving,0.00
2026,Mar,Budget,Utilities & Bills,Postal Charges,5.00
2026,Mar,Budget,Utilities & Bills,Telephone & Mobile,20.00
2026,Mar,Budget,Utilities & Bills,TV & Multimedia,34.00
2026,Mar,Budget,Vacation & Travel,Vacation & Travel,1500.00
2026,Mar,Actuals,Groceries,Groceries,147.45
2026,Mar,Actuals,Health,Drugs and pharmaceuticals,22.38
2026,Mar,Actuals,Housing,Rent and mortgage interest,2880.00
2026,Mar,Actuals,Shopping,"Clothing, shoes & accessories",81.67
2026,Mar,Actuals,Shopping,Household Articles,21.56
2026,Mar,Actuals,Transportation,Taxes and Fines,21.00
2026,Mar,Actuals,Utilities & Bills,Banking services & charges,15.29
2026,Mar,Actuals,Utilities & Bills,Broadband,89.90
2026,Mar,Actuals,Utilities & Bills,Misc. Fees,64.85
2026,Mar,Actuals,Utilities & Bills,Telephone & Mobile,29.80
2026,Mar,Actuals,Utilities & Bills,TV & Multimedia,13.64
2026,Mar,Actuals,Vacation & Travel,Accomodation,1388.71
2026,Mar,Actuals,Vacation & Travel,Admission & Tickets,147.32
2026,Mar,Actuals,Vacation & Travel,Eat & Drink,1688.45
2026,Mar,Actuals,Vacation & Travel,Flights & Rail,726.81
2026,Mar,Actuals,Vacation & Travel,Local transport,32.58
2026,Apr,Budget,Groceries,Groceries,550.00
2026,Apr,Budget,Health,Drugs and pharmaceuticals,5.00
2026,Apr,Budget,Health,Medical Services,60.00
2026,Apr,Budget,Housing,Rent and mortgage interest,2880.00
2026,Apr,Budget,Other expenses,Other expenses,10.00
2026,Apr,Budget,Recreation,Bars & restaurants,255.00
2026,Apr,Budget,Recreation,Going out,10.00
2026,Apr,Budget,Recreation,Personal Care,60.00
2026,Apr,Budget,Recreation,Races,25.00
2026,Apr,Budget,Shopping,Books & literature,10.00
2026,Apr,Budget,Shopping,"Clothing, shoes & accessories",175.00
2026,Apr,Budget,Shopping,Electronics & Appliances,50.00
2026,Apr,Budget,Shopping,Furniture,50.00
2026,Apr,Budget,Shopping,Gifts,150.00
2026,Apr,Budget,Shopping,Household Articles,25.00
2026,Apr,Budget,Shopping,Sport and recreation equipment,25.00
2026,Apr,Budget,Transportation,Fuel,0.00
2026,Apr,Budget,Transportation,Leasing Costs,0.00
2026,Apr,Budget,Transportation,Parking Charges,7.50
2026,Apr,Budget,Transportation,Public Transport,220.00
2026,Apr,Budget,Transportation,Taxes and Fines,0.00
2026,Apr,Budget,Utilities & Bills,Banking services & charges,15.00
2026,Apr,Budget,Utilities & Bills,Broadband,89.90
2026,Apr,Budget,Utilities & Bills,Energy,75.00
2026,Apr,Budget,Utilities & Bills,Maintenance and repairs,10.00
2026,Apr,Budget,Utilities & Bills,Misc. Fees,10.00
2026,Apr,Budget,Utilities & Bills,Moving,0.00
2026,Apr,Budget,Utilities & Bills,Postal Charges,5.00
2026,Apr,Budget,Utilities & Bills,Telephone & Mobile,20.00
2026,Apr,Budget,Utilities & Bills,TV & Multimedia,34.00
2026,Apr,Budget,Vacation & Travel,Vacation & Travel,1500.00
2026,Apr,Actuals,Groceries,Groceries,600.40
2026,Apr,Actuals,Housing,Rent and mortgage interest,2880.00
2026,Apr,Actuals,Recreation,Bars & restaurants,40.00
2026,Apr,Actuals,Recreation,Races,73.00
2026,Apr,Actuals,Transportation,Car Insurance,96.80
2026,Apr,Actuals,Transportation,Public Transport,170.00
2026,Apr,Actuals,Transportation,Service & Maintenance,85.95
2026,Apr,Actuals,Utilities & Bills,Banking services & charges,15.22
2026,Apr,Actuals,Utilities & Bills,Broadband,89.90
2026,Apr,Actuals,Utilities & Bills,Telephone & Mobile,33.37
2026,Apr,Actuals,Utilities & Bills,TV & Multimedia,13.76
2026,Apr,Actuals,Vacation & Travel,Flights & Rail,61.35
2026,May,Budget,Groceries,Groceries,550.00
2026,May,Budget,Health,Drugs and pharmaceuticals,5.00
2026,May,Budget,Health,Medical Services,60.00
2026,May,Budget,Housing,Rent and mortgage interest,2880.00
2026,May,Budget,Other expenses,Other expenses,10.00
2026,May,Budget,Recreation,Bars & restaurants,255.00
2026,May,Budget,Recreation,Going out,10.00
2026,May,Budget,Recreation,Personal Care,60.00
2026,May,Budget,Recreation,Races,25.00
2026,May,Budget,Shopping,Books & literature,10.00
2026,May,Budget,Shopping,"Clothing, shoes & accessories",175.00
2026,May,Budget,Shopping,Electronics & Appliances,50.00
2026,May,Budget,Shopping,Furniture,50.00
2026,May,Budget,Shopping,Gifts,150.00
2026,May,Budget,Shopping,Household Articles,25.00
2026,May,Budget,Shopping,Sport and recreation equipment,25.00
2026,May,Budget,Transportation,Fuel,0.00
2026,May,Budget,Transportation,Leasing Costs,0.00
2026,May,Budget,Transportation,Parking Charges,7.50
2026,May,Budget,Transportation,Public Transport,1550.00
2026,May,Budget,Transportation,Taxes and Fines,0.00
2026,May,Budget,Utilities & Bills,Banking services & charges,15.00
2026,May,Budget,Utilities & Bills,Broadband,89.90
2026,May,Budget,Utilities & Bills,Energy,75.00
2026,May,Budget,Utilities & Bills,Maintenance and repairs,10.00
2026,May,Budget,Utilities & Bills,Misc. Fees,10.00
2026,May,Budget,Utilities & Bills,Moving,0.00
2026,May,Budget,Utilities & Bills,Postal Charges,5.00
2026,May,Budget,Utilities & Bills,Telephone & Mobile,20.00
2026,May,Budget,Utilities & Bills,TV & Multimedia,34.00
2026,May,Budget,Vacation & Travel,Vacation & Travel,1500.00
2026,Jun,Budget,Groceries,Groceries,550.00
2026,Jun,Budget,Health,Drugs and pharmaceuticals,5.00
2026,Jun,Budget,Health,Medical Services,60.00
2026,Jun,Budget,Housing,Rent and mortgage interest,2880.00
2026,Jun,Budget,Other expenses,Other expenses,10.00
2026,Jun,Budget,Recreation,Bars & restaurants,255.00
2026,Jun,Budget,Recreation,Going out,10.00
2026,Jun,Budget,Recreation,Personal Care,60.00
2026,Jun,Budget,Recreation,Races,25.00
2026,Jun,Budget,Shopping,Books & literature,10.00
2026,Jun,Budget,Shopping,"Clothing, shoes & accessories",175.00
2026,Jun,Budget,Shopping,Electronics & Appliances,50.00
2026,Jun,Budget,Shopping,Furniture,50.00
2026,Jun,Budget,Shopping,Gifts,150.00
2026,Jun,Budget,Shopping,Household Articles,25.00
2026,Jun,Budget,Shopping,Sport and recreation equipment,25.00
2026,Jun,Budget,Transportation,Fuel,0.00
2026,Jun,Budget,Transportation,Leasing Costs,0.00
2026,Jun,Budget,Transportation,Parking Charges,7.50
2026,Jun,Budget,Transportation,Public Transport,1720.00
2026,Jun,Budget,Transportation,Taxes and Fines,0.00
2026,Jun,Budget,Utilities & Bills,Banking services & charges,15.00
2026,Jun,Budget,Utilities & Bills,Broadband,154.90
2026,Jun,Budget,Utilities & Bills,Energy,75.00
2026,Jun,Budget,Utilities & Bills,Maintenance and repairs,10.00
2026,Jun,Budget,Utilities & Bills,Misc. Fees,10.00
2026,Jun,Budget,Utilities & Bills,Moving,0.00
2026,Jun,Budget,Utilities & Bills,Postal Charges,5.00
2026,Jun,Budget,Utilities & Bills,Telephone & Mobile,20.00
2026,Jun,Budget,Utilities & Bills,TV & Multimedia,34.00
2026,Jun,Budget,Vacation & Travel,Vacation & Travel,1500.00
2026,Jun,Actuals,Vacation & Travel,Flights & Rail,156.00
2026,Jul,Budget,Groceries,Groceries,550.00
2026,Jul,Budget,Health,Drugs and pharmaceuticals,5.00
2026,Jul,Budget,Health,Medical Services,60.00
2026,Jul,Budget,Housing,Rent and mortgage interest,2880.00
2026,Jul,Budget,Other expenses,Other expenses,10.00
2026,Jul,Budget,Recreation,Bars & restaurants,255.00
2026,Jul,Budget,Recreation,Going out,10.00
2026,Jul,Budget,Recreation,Personal Care,60.00
2026,Jul,Budget,Recreation,Races,25.00
2026,Jul,Budget,Shopping,Books & literature,10.00
2026,Jul,Budget,Shopping,"Clothing, shoes & accessories",175.00
2026,Jul,Budget,Shopping,Electronics & Appliances,50.00
2026,Jul,Budget,Shopping,Furniture,50.00
2026,Jul,Budget,Shopping,Gifts,150.00
2026,Jul,Budget,Shopping,Household Articles,25.00
2026,Jul,Budget,Shopping,Sport and recreation equipment,25.00
2026,Jul,Budget,Transportation,Fuel,0.00
2026,Jul,Budget,Transportation,Leasing Costs,0.00
2026,Jul,Budget,Transportation,Parking Charges,7.50
2026,Jul,Budget,Transportation,Public Transport,50.00
2026,Jul,Budget,Transportation,Taxes and Fines,0.00
2026,Jul,Budget,Utilities & Bills,Banking services & charges,15.00
2026,Jul,Budget,Utilities & Bills,Broadband,89.90
2026,Jul,Budget,Utilities & Bills,Energy,75.00
2026,Jul,Budget,Utilities & Bills,Maintenance and repairs,10.00
2026,Jul,Budget,Utilities & Bills,Misc. Fees,10.00
2026,Jul,Budget,Utilities & Bills,Moving,0.00
2026,Jul,Budget,Utilities & Bills,Postal Charges,5.00
2026,Jul,Budget,Utilities & Bills,Telephone & Mobile,20.00
2026,Jul,Budget,Utilities & Bills,TV & Multimedia,34.00
2026,Jul,Budget,Vacation & Travel,Vacation & Travel,1500.00
2026,Aug,Budget,Groceries,Groceries,550.00
2026,Aug,Budget,Health,Drugs and pharmaceuticals,5.00
2026,Aug,Budget,Health,Medical Services,60.00
2026,Aug,Budget,Housing,Rent and mortgage interest,2880.00
2026,Aug,Budget,Other expenses,Other expenses,10.00
2026,Aug,Budget,Recreation,Bars & restaurants,255.00
2026,Aug,Budget,Recreation,Going out,10.00
2026,Aug,Budget,Recreation,Personal Care,60.00
2026,Aug,Budget,Recreation,Races,25.00
2026,Aug,Budget,Shopping,Books & literature,10.00
2026,Aug,Budget,Shopping,"Clothing, shoes & accessories",175.00
2026,Aug,Budget,Shopping,Electronics & Appliances,50.00
2026,Aug,Budget,Shopping,Furniture,50.00
2026,Aug,Budget,Shopping,Gifts,150.00
2026,Aug,Budget,Shopping,Household Articles,25.00
2026,Aug,Budget,Shopping,Sport and recreation equipment,25.00
2026,Aug,Budget,Transportation,Fuel,0.00
2026,Aug,Budget,Transportation,Leasing Costs,0.00
2026,Aug,Budget,Transportation,Parking Charges,7.50
2026,Aug,Budget,Transportation,Public Transport,50.00
2026,Aug,Budget,Transportation,Taxes and Fines,0.00
2026,Aug,Budget,Utilities & Bills,Banking services & charges,15.00
2026,Aug,Budget,Utilities & Bills,Broadband,89.90
2026,Aug,Budget,Utilities & Bills,Energy,75.00
2026,Aug,Budget,Utilities & Bills,Maintenance and repairs,10.00
2026,Aug,Budget,Utilities & Bills,Misc. Fees,10.00
2026,Aug,Budget,Utilities & Bills,Moving,0.00
2026,Aug,Budget,Utilities & Bills,Postal Charges,5.00
2026,Aug,Budget,Utilities & Bills,Telephone & Mobile,20.00
2026,Aug,Budget,Utilities & Bills,TV & Multimedia,34.00
2026,Aug,Budget,Vacation & Travel,Vacation & Travel,1500.00
2026,Sep,Budget,Groceries,Groceries,550.00
2026,Sep,Budget,Health,Drugs and pharmaceuticals,5.00
2026,Sep,Budget,Health,Medical Services,60.00
2026,Sep,Budget,Housing,Rent and mortgage interest,2880.00
2026,Sep,Budget,Other expenses,Other expenses,10.00
2026,Sep,Budget,Recreation,Bars & restaurants,255.00
2026,Sep,Budget,Recreation,Going out,10.00
2026,Sep,Budget,Recreation,Personal Care,60.00
2026,Sep,Budget,Recreation,Races,25.00
2026,Sep,Budget,Shopping,Books & literature,10.00
2026,Sep,Budget,Shopping,"Clothing, shoes & accessories",175.00
2026,Sep,Budget,Shopping,Electronics & Appliances,50.00
2026,Sep,Budget,Shopping,Furniture,50.00
2026,Sep,Budget,Shopping,Gifts,150.00
2026,Sep,Budget,Shopping,Household Articles,25.00
2026,Sep,Budget,Shopping,Sport and recreation equipment,25.00
2026,Sep,Budget,Transportation,Fuel,0.00
2026,Sep,Budget,Transportation,Leasing Costs,0.00
2026,Sep,Budget,Transportation,Parking Charges,7.50
2026,Sep,Budget,Transportation,Public Transport,50.00
2026,Sep,Budget,Transportation,Taxes and Fines,0.00
2026,Sep,Budget,Utilities & Bills,Banking services & charges,15.00
2026,Sep,Budget,Utilities & Bills,Broadband,89.90
2026,Sep,Budget,Utilities & Bills,Energy,75.00
2026,Sep,Budget,Utilities & Bills,Maintenance and repairs,10.00
2026,Sep,Budget,Utilities & Bills,Misc. Fees,10.00
2026,Sep,Budget,Utilities & Bills,Moving,0.00
2026,Sep,Budget,Utilities & Bills,Postal Charges,5.00
2026,Sep,Budget,Utilities & Bills,Telephone & Mobile,20.00
2026,Sep,Budget,Utilities & Bills,TV & Multimedia,34.00
2026,Sep,Budget,Vacation & Travel,Vacation & Travel,1500.00
2026,Oct,Budget,Groceries,Groceries,550.00
2026,Oct,Budget,Health,Drugs and pharmaceuticals,5.00
2026,Oct,Budget,Health,Medical Services,60.00
2026,Oct,Budget,Housing,Rent and mortgage interest,2880.00
2026,Oct,Budget,Other expenses,Other expenses,10.00
2026,Oct,Budget,Recreation,Bars & restaurants,255.00
2026,Oct,Budget,Recreation,Going out,10.00
2026,Oct,Budget,Recreation,Personal Care,60.00
2026,Oct,Budget,Recreation,Races,25.00
2026,Oct,Budget,Shopping,Books & literature,10.00
2026,Oct,Budget,Shopping,"Clothing, shoes & accessories",175.00
2026,Oct,Budget,Shopping,Electronics & Appliances,50.00
2026,Oct,Budget,Shopping,Furniture,50.00
2026,Oct,Budget,Shopping,Gifts,150.00
2026,Oct,Budget,Shopping,Household Articles,25.00
2026,Oct,Budget,Shopping,Sport and recreation equipment,25.00
2026,Oct,Budget,Transportation,Fuel,0.00
2026,Oct,Budget,Transportation,Leasing Costs,0.00
2026,Oct,Budget,Transportation,Parking Charges,7.50
2026,Oct,Budget,Transportation,Public Transport,50.00
2026,Oct,Budget,Transportation,Taxes and Fines,0.00
2026,Oct,Budget,Utilities & Bills,Banking services & charges,15.00
2026,Oct,Budget,Utilities & Bills,Broadband,89.90
2026,Oct,Budget,Utilities & Bills,Energy,75.00
2026,Oct,Budget,Utilities & Bills,Maintenance and repairs,10.00
2026,Oct,Budget,Utilities & Bills,Misc. Fees,10.00
2026,Oct,Budget,Utilities & Bills,Moving,0.00
2026,Oct,Budget,Utilities & Bills,Postal Charges,5.00
2026,Oct,Budget,Utilities & Bills,Telephone & Mobile,20.00
2026,Oct,Budget,Utilities & Bills,TV & Multimedia,34.00
2026,Oct,Budget,Vacation & Travel,Vacation & Travel,1500.00
2026,Nov,Budget,Groceries,Groceries,550.00
2026,Nov,Budget,Health,Drugs and pharmaceuticals,5.00
2026,Nov,Budget,Health,Medical Services,60.00
2026,Nov,Budget,Housing,Rent and mortgage interest,2880.00
2026,Nov,Budget,Other expenses,Other expenses,10.00
2026,Nov,Budget,Recreation,Bars & restaurants,255.00
2026,Nov,Budget,Recreation,Going out,10.00
2026,Nov,Budget,Recreation,Personal Care,60.00
2026,Nov,Budget,Recreation,Races,25.00
2026,Nov,Budget,Shopping,Books & literature,10.00
2026,Nov,Budget,Shopping,"Clothing, shoes & accessories",175.00
2026,Nov,Budget,Shopping,Electronics & Appliances,50.00
2026,Nov,Budget,Shopping,Furniture,50.00
2026,Nov,Budget,Shopping,Gifts,150.00
2026,Nov,Budget,Shopping,Household Articles,25.00
2026,Nov,Budget,Shopping,Sport and recreation equipment,25.00
2026,Nov,Budget,Transportation,Fuel,0.00
2026,Nov,Budget,Transportation,Leasing Costs,0.00
2026,Nov,Budget,Transportation,Parking Charges,7.50
2026,Nov,Budget,Transportation,Public Transport,50.00
2026,Nov,Budget,Transportation,Taxes and Fines,0.00
2026,Nov,Budget,Utilities & Bills,Banking services & charges,15.00
2026,Nov,Budget,Utilities & Bills,Broadband,89.90
2026,Nov,Budget,Utilities & Bills,Energy,75.00
2026,Nov,Budget,Utilities & Bills,Maintenance and repairs,10.00
2026,Nov,Budget,Utilities & Bills,Misc. Fees,10.00
2026,Nov,Budget,Utilities & Bills,Moving,0.00
2026,Nov,Budget,Utilities & Bills,Postal Charges,5.00
2026,Nov,Budget,Utilities & Bills,Telephone & Mobile,20.00
2026,Nov,Budget,Utilities & Bills,TV & Multimedia,34.00
2026,Nov,Budget,Vacation & Travel,Vacation & Travel,1500.00
2026,Dec,Budget,Groceries,Groceries,550.00
2026,Dec,Budget,Health,Drugs and pharmaceuticals,5.00
2026,Dec,Budget,Health,Medical Services,60.00
2026,Dec,Budget,Housing,Rent and mortgage interest,2880.00
2026,Dec,Budget,Other expenses,Other expenses,10.00
2026,Dec,Budget,Recreation,Bars & restaurants,255.00
2026,Dec,Budget,Recreation,Fitness centre,850.00
2026,Dec,Budget,Recreation,Going out,10.00
2026,Dec,Budget,Recreation,Personal Care,60.00
2026,Dec,Budget,Recreation,Races,25.00
2026,Dec,Budget,Recreation,Training & further education,1920.00
2026,Dec,Budget,Shopping,Books & literature,10.00
2026,Dec,Budget,Shopping,"Clothing, shoes & accessories",175.00
2026,Dec,Budget,Shopping,Electronics & Appliances,50.00
2026,Dec,Budget,Shopping,Furniture,50.00
2026,Dec,Budget,Shopping,Gifts,150.00
2026,Dec,Budget,Shopping,Household Articles,25.00
2026,Dec,Budget,Shopping,Sport and recreation equipment,25.00
2026,Dec,Budget,Transportation,Fuel,0.00
2026,Dec,Budget,Transportation,Leasing Costs,0.00
2026,Dec,Budget,Transportation,Parking Charges,7.50
2026,Dec,Budget,Transportation,Public Transport,50.00
2026,Dec,Budget,Transportation,Taxes and Fines,0.00
2026,Dec,Budget,Utilities & Bills,Banking services & charges,15.00
2026,Dec,Budget,Utilities & Bills,Broadband,89.90
2026,Dec,Budget,Utilities & Bills,Energy,75.00
2026,Dec,Budget,Utilities & Bills,Maintenance and repairs,10.00
2026,Dec,Budget,Utilities & Bills,Misc. Fees,10.00
2026,Dec,Budget,Utilities & Bills,Moving,0.00
2026,Dec,Budget,Utilities & Bills,Postal Charges,5.00
2026,Dec,Budget,Utilities & Bills,Telephone & Mobile,20.00
2026,Dec,Budget,Utilities & Bills,TV & Multimedia,369.00
2026,Dec,Budget,Vacation & Travel,Vacation & Travel,1500.00